time_s,axx_thigh,axy_thigh,axz_thigh,gxx_thigh,gxy_thigh,gxz_thigh,axx_shank,axy_shank,axz_shank,gxx_shank,gxy_shank,gxz_shank
5.0,-0.022968590259552,-10.4388189315796,-1.62971591949463,-32.5960567006049,84.3542296082482,-19.4527766147155,-0.310106933116913,-9.66606140136719,-1.05829238891602,-24.5537480095359,30.7346764725201,-36.0999710655782
5.005,-0.783368051052094,-10.5582580566406,-1.82258141040802,-26.829403116444,88.1776055810812,-20.8528219605955,-0.820939421653748,-9.68159103393555,-1.22512567043304,-25.7435003686077,31.3192552881086,-39.2173616103258
5.01,-1.64207601547241,-10.6176614761353,-2.10608720779419,-21.3472354489506,91.3942695103204,-22.0668385666938,-1.34708607196808,-9.81160068511963,-1.31643772125244,-26.7271620147581,29.8391532949668,-42.6963765206797
5.015,-2.52456402778625,-10.6192245483398,-2.44510793685913,-16.2666453386136,93.6560456728351,-22.9547204701131,-1.83780801296234,-9.99077224731445,-1.40090334415436,-27.5548699515897,26.7871310756708,-46.5011538884028
5.02,-3.33902335166931,-10.5612554550171,-2.79978227615356,-11.7656317840715,94.45202225833,-23.3153544582898,-2.22663140296936,-10.1408205032349,-1.56427955627441,-28.2776303242766,22.6613740905448,-50.6116880894161
5.025,-3.94904494285583,-10.5123338699341,-3.033043384552,-8.16588388862752,92.0292448766998,-23.0613021570166,-2.53133988380432,-10.1628351211548,-1.79930579662323,-29.1291073194198,18.0639600998309,-54.7788992001622
5.03,-4.38015365600586,-10.492977142334,-3.14996242523193,-5.61663018658886,88.996354017269,-22.6576584676364,-2.75778841972351,-10.146240234375,-1.9656947851181,-29.8878013173303,13.224934997417,-58.7321819559143
5.035,-4.63858604431152,-10.4927034378052,-3.15753078460693,-3.81844969889419,84.8669104375385,-22.0213904879565,-2.90665531158447,-10.0977487564087,-2.07556962966919,-30.7572980590512,8.57299646033248,-62.4957937735098
5.04,-4.71529722213745,-10.4915027618408,-3.05694985389709,-2.26737008744494,78.3292241187315,-20.9217129561116,-2.9704442024231,-10.0173120498657,-2.16071891784668,-32.1583030465097,4.91588949001234,-66.1242156568632
5.045,-4.63775062561035,-10.441330909729,-2.85955452919006,-1.16436209132764,69.7482184078236,-19.3345784835811,-3.0534815788269,-9.93692874908447,-2.15743064880371,-33.7345092163681,3.1829097746912,-69.6847932711908
5.05,-4.49563026428223,-10.3877067565918,-2.60589170455933,-0.50845203505959,60.857723165244,-17.6437463715242,-3.14056968688965,-9.85002613067627,-2.19387531280518,-35.2723433834694,3.16281898669102,-73.3870973107962
5.055,-4.30784845352173,-10.3553476333618,-2.30814456939697,-0.3372437385597,52.0323537764005,-15.9274461915997,-3.2299382686615,-9.76039409637451,-2.2847900390625,-36.6844815792749,4.38373451073784,-77.3199270650787
5.06,-4.09265327453613,-10.4015407562256,-1.98300278186798,-0.804548206099048,43.737392972838,-14.2714062094012,-3.32217144966125,-9.68120384216309,-2.43139290809631,-37.7831516582173,5.66253887620828,-81.6863850391979
5.065,-3.88854360580444,-10.5079832077026,-1.74236845970154,-2.01404989707339,36.8506976478218,-12.5384335377126,-3.34799742698669,-9.65227794647217,-2.42409539222717,-39.0744364868487,7.05777534202581,-86.1164115839223
5.07,-3.67631697654724,-10.6806564331055,-1.51775825023651,-3.4219324581392,31.0328620411154,-10.7467681967125,-3.36334776878357,-9.68899345397949,-2.42053294181824,-40.2487235900923,8.69916969109648,-89.7590607513168
5.075,-3.46911120414734,-10.9190263748169,-1.31752169132233,-4.65991705180871,26.2069423641714,-8.89868549316808,-3.36981415748596,-9.8069543838501,-2.44996356964111,-41.3512390655374,10.8080059652636,-92.6644729600785
5.08,-3.34743595123291,-11.2146224975586,-1.249107837677,-4.55318382008304,22.3532932853895,-6.98656763172066,-3.3188943862915,-10.0636224746704,-2.49128985404968,-42.902665309087,14.2872249275189,-95.9175349674046
5.085,-3.32693266868591,-11.4571809768677,-1.36605072021484,-2.44693682794164,19.342820814362,-5.00220216366697,-3.1582567691803,-10.4280824661255,-2.71254849433899,-44.6702328889217,18.5724557307073,-99.4706881661045
5.09,-3.34925413131714,-11.6300821304321,-1.52286028862,0.890504429256366,17.2207869071712,-2.95911542488456,-2.94202089309692,-10.8545923233032,-2.92645692825317,-46.302053874097,23.1811258731734,-103.092232048964
5.095,-3.38377332687378,-11.7419900894165,-1.67224287986755,5.17441300387097,16.1558750382016,-0.830180465311077,-2.69384360313416,-11.3226985931396,-3.04957222938538,-47.7441526946968,27.9011349292999,-106.710155931563
5.1,-3.33521938323975,-11.9253492355347,-1.82598161697388,9.93205896364516,17.1509772512118,1.62413478120317,-2.46805214881897,-11.7790384292603,-2.93121886253357,-49.5663686180807,32.2818884893519,-110.368630647264
5.105,-3.20510721206665,-12.2399406433105,-1.96192836761475,15.3337627338476,19.2180708242663,4.38328798712085,-2.29192543029785,-12.2318639755249,-2.60178589820862,-51.7722670029955,37.0360382460447,-114.14013816354
5.11,-2.99293684959412,-12.642707824707,-2.03138422966003,21.383688168551,21.6241227801665,7.36446364236407,-2.10061883926392,-12.7048082351685,-2.09039735794067,-54.099920340055,41.8298987225719,-117.94321481416
5.115,-2.69450068473816,-13.1100521087646,-2.00551128387451,28.1283309267566,23.9657233635111,10.5262444403012,-1.85509026050568,-13.2037706375122,-1.42487812042236,-56.4138484119774,46.3813967665904,-121.757465654262
5.12,-2.32086896896362,-13.5379953384399,-1.89435338973999,35.7167837927621,25.6063365096955,13.6878502146409,-1.48378074169159,-13.5902757644653,-1.0113445520401,-58.6420507796269,48.7435425589584,-125.958332522143
5.125,-1.99115872383118,-13.8740568161011,-1.87515294551849,43.8742665487105,27.0259196116964,16.5014587045421,-1.29972350597382,-13.9901466369629,-0.631484270095825,-60.7753442536644,52.2780322657512,-130.317004080608
5.13,-1.7382173538208,-14.1256399154663,-1.95535171031952,51.2840245905555,28.1662214011773,18.7600605366401,-1.26619374752045,-14.3766593933105,-0.256167322397232,-62.6359834062243,56.8992187298714,-134.954238074184
5.135,-1.59288895130157,-14.2934675216675,-2.14695835113525,56.8522475189492,28.9637825905597,20.264915135334,-1.36317753791809,-14.7277297973633,0.137513026595116,-64.0658083768856,62.6054866115802,-139.983210737416
5.14,-1.60832798480988,-14.3359699249268,-2.30532670021057,63.5537969061339,29.4455124176261,21.7557183273578,-1.45537626743317,-15.1309642791748,0.643628060817719,-65.8277376355604,63.2039409564675,-146.54823830347
5.145,-1.69522047042847,-14.3047027587891,-2.31994462013245,71.4580947948337,29.2221993827125,23.1972621950876,-1.51837229728699,-15.5333652496338,1.24578773975372,-67.2464976997663,62.7777713032046,-151.790435812212
5.15,-1.84115445613861,-14.2294778823853,-2.25224494934082,79.8697323048929,28.3077190151178,24.5038978738785,-1.47514629364014,-15.9282321929932,2.00646948814392,-68.6163194585691,61.270758364733,-156.393464218423
5.155,-2.03507709503174,-14.1443662643433,-2.17307996749878,87.9540125084117,26.6663340575573,25.5576389684606,-1.22075974941254,-16.3065700531006,3.01636505126953,-70.3031166363737,58.5291340922682,-161.167083429345
5.16,-2.20648622512817,-14.1300420761108,-2.04776549339294,96.267991973718,23.637170773866,25.8244227423467,-0.466501921415329,-16.4207859039307,3.76858997344971,-73.2628561697937,51.5819608572461,-165.366775504689
5.165,-2.3185293674469,-14.2351055145264,-1.92574954032898,106.202584083772,19.2160029844951,25.4174851942392,0.496975034475327,-16.3040580749512,3.97584390640259,-76.1263583378082,41.4596580733276,-167.729255976327
5.17,-2.34211564064026,-14.416651725769,-1.8465793132782,117.273077633933,13.791577736245,24.4573501346849,1.46111214160919,-16.0568790435791,3.74379968643188,-78.7004517303109,30.6531103534518,-167.912195763056
5.175,-2.21669387817383,-14.5963153839111,-1.88449096679688,128.534188103452,7.99530845184291,23.1022286505233,2.06140947341919,-15.8524370193481,3.25668025016785,-80.7327540272807,23.7014018728208,-165.17042122643
5.18,-1.83800399303436,-14.6216611862183,-1.88503360748291,137.613080453908,2.60561108698432,21.3947633202902,2.00947141647339,-15.9832448959351,2.83984112739563,-81.4095301513806,20.7710628886832,-161.332688195961
5.185,-1.27706360816956,-14.4913358688354,-1.73638105392456,145.54739702401,-2.82194601644366,19.3997214127901,1.6094057559967,-16.3710823059082,2.2629029750824,-80.4118307589385,18.5189975476209,-158.441892592023
5.19,-0.619403660297394,-14.2242803573608,-1.48163270950317,153.008845937493,-8.25711814046596,17.2677598256407,0.845680236816406,-16.9845943450928,1.49044382572174,-77.6615526367953,16.5587605765839,-156.865061459856
5.195,-0.0792237892746925,-13.8636646270752,-1.27718842029572,161.531173493242,-13.451003159887,15.4011527952935,-0.47053337097168,-17.7815246582031,0.48541983962059,-72.8881383315485,15.0083691066936,-157.046430303076
5.2,0.495314985513687,-13.1792888641357,-1.07362937927246,171.371235785182,-17.5568919784911,15.1475171355597,-2.03975534439087,-18.6698894500732,0.300968915224075,-67.5907528943133,15.3653848021574,-158.456126706254
5.205,1.00546610355377,-12.3776016235352,-0.857840359210968,180.494497044487,-21.0268141995124,16.5260303100813,-3.08994507789612,-19.2029247283936,0.255589962005615,-62.622671367532,13.6405417631285,-161.144188635247
5.21,1.39533281326294,-11.5325860977173,-0.680231750011444,188.056377059526,-24.0166594992465,19.5274835163098,-3.43907523155212,-19.2598991394043,0.115997165441513,-58.2298898443516,7.66097837593361,-164.873362639048
5.215,1.5028110742569,-10.7830467224121,-0.789168059825897,192.149982636682,-26.8018911144672,24.0897442309129,-3.00972557067871,-18.7241592407227,-0.524975478649139,-54.7072266101067,-8.72404524005367,-168.486177540147
5.22,1.46279966831207,-10.2227201461792,-1.19031167030334,195.136715077702,-30.7198447167375,28.6273479626123,-2.15380907058716,-17.302885055542,-1.73825240135193,-53.3170543026719,-25.3203786872619,-168.279714581916
5.225,1.40137445926666,-9.89220333099365,-1.88533842563629,199.873314663322,-35.6661106193098,32.3049267174223,-1.38404250144958,-15.4593210220337,-3.16097140312195,-53.3404067194442,-38.0939696616825,-166.197954885166
5.23,1.3590749502182,-9.82518100738525,-2.85556650161743,207.086554502368,-41.2654826254133,34.7838721596922,-0.908892333507538,-13.4113645553589,-4.63713455200195,-54.6054294707168,-46.2079782635638,-162.685420821461
5.235,1.31886315345764,-10.1220417022705,-3.87346363067627,214.297157888393,-44.5462922762426,35.8675602186901,-0.964578926563263,-11.7338533401489,-5.86426830291748,-57.361089781926,-55.0170200851964,-156.421112824183
5.24,1.10302329063416,-10.5412082672119,-4.41241502761841,221.192589025358,-45.7387545128677,36.6353008021562,-0.838283121585846,-10.5546770095825,-6.55749225616455,-59.890281510825,-70.0824332242906,-148.949432287323
5.245,0.749211847782135,-10.9850482940674,-4.58841419219971,225.675392441799,-45.5124532701922,37.1290517621619,-0.421017229557037,-9.81732749938965,-6.89689064025879,-62.3261182141483,-91.2259668189821,-141.05124741793
5.25,0.278979510068893,-11.4011373519897,-4.44509363174438,226.541146239855,-44.0869962055051,37.3765778176831,0.343831270933151,-9.51914215087891,-6.96127367019653,-64.6628488726148,-118.130894752174,-133.010830689262
5.255,-0.139524340629578,-11.748722076416,-4.02885627746582,224.44840359892,-40.4730304175301,37.7530885805855,1.14893436431885,-9.70723247528076,-6.81224632263184,-65.6258167531273,-140.711472827479,-122.952926343933
5.26,-0.483551055192947,-12.0814189910889,-3.52327442169189,222.461105418391,-36.7226794122082,38.8779865859408,1.52606403827667,-10.079008102417,-6.24767446517944,-63.0787572493595,-151.993333411696,-110.428948047825
5.265,-0.724471926689148,-12.3994560241699,-3.02287101745605,220.287042545198,-34.7059431163569,40.5553990838259,1.50172400474548,-10.4719486236572,-5.47032880783081,-54.3315149793372,-152.151821121197,-94.7821594518626
5.27,-0.83318829536438,-12.7021207809448,-2.603196144104,217.682172320295,-36.0173326068102,42.6632535182997,1.07242906093597,-10.7579956054688,-4.62857246398926,-36.8633300826917,-140.645493200097,-75.298676014186
5.275,-0.698357820510864,-12.7729911804199,-2.50395941734314,215.273478788733,-43.93780096837,44.6053187710499,1.38365721702576,-10.1725225448608,-4.40055322647095,-16.4188595193619,-116.133037099188,-53.5736952456406
5.28,-0.371390610933304,-12.6632766723633,-2.41925454139709,212.835224198444,-53.9127697417021,46.1657130529797,2.45873212814331,-9.2928466796875,-4.944176197052,-3.01171556545647,-92.4545334355598,-34.2663965376045
5.285,0.107256703078747,-12.4474754333496,-2.26752781867981,210.177802498067,-64.5104332012859,47.4257668416312,4.1901707649231,-7.99328660964966,-6.43358564376831,4.55164233176473,-79.0915893433208,-19.3236331054362
5.29,0.698421597480774,-12.2110300064087,-1.94115829467773,207.046147103238,-73.9797323345107,48.4645703124984,6.49341917037964,-6.08364152908325,-9.1603307723999,7.32126781850562,-88.750487697716,-11.5272035405247
5.295,1.04690027236938,-12.1149969100952,-1.67328238487244,203.242223509161,-78.9147830664659,49.5749473356782,8.47519874572754,-4.95286846160889,-10.38001537323,-2.38348906630727,-116.68150128954,-10.1081864904513
5.3,1.3393839597702,-12.0838003158569,-1.35452520847321,199.339808587252,-80.404420003689,50.7613409492257,10.8559675216675,-3.88055920600891,-11.1540355682373,-17.6121157654779,-137.359953643267,-8.06651573526124
5.305,1.58205711841583,-12.1130723953247,-0.976158440113068,195.53083065319,-78.5668805509021,51.9281353349498,13.1257553100586,-2.95623588562012,-11.6089868545532,-34.8393572014148,-147.891654550942,-4.74246031481514
5.31,1.76174223423004,-12.208854675293,-0.526881694793701,192.128399238905,-73.161345898349,52.8916223098393,14.2307806015015,-2.44092750549316,-11.8394193649292,-48.3277889441798,-144.411577546172,0.512135001126108
5.315,1.87547433376312,-12.3961420059204,-0.16700766980648,188.237978129179,-63.6367495536037,53.3401983986745,13.1173725128174,-3.56754565238953,-9.83506011962891,-51.1385722970855,-104.641428235749,11.6480816671347
5.32,1.98318207263947,-12.5753793716431,0.0827932059764862,184.260280862238,-51.7334407926586,53.3009657920819,11.3082580566406,-5.22631311416626,-7.33619117736816,-44.7308098366705,-50.5658165389503,24.5631070762461
5.325,2.07871222496033,-12.7009286880493,0.222051501274109,180.529576896064,-38.1831924228104,52.7317788077881,9.06208324432373,-7.01937961578369,-5.08543682098389,-30.5351359110128,8.18371922009772,38.6189243409113
5.33,2.12126517295837,-12.6713485717773,0.246868953108788,177.895036329407,-24.3322688804145,51.4519823573407,6.53782939910889,-8.20512580871582,-4.63288307189941,-11.4748065980806,52.0074304161191,53.5541404140468
5.335,2.06935238838196,-12.3724317550659,0.202348873019218,176.642543560167,-15.0886682256708,50.2234703822764,4.02465724945068,-8.53366851806641,-4.90165281295776,6.8816085416319,73.0273922283467,69.8715101525315
5.34,1.96766805648804,-11.9018535614014,0.176339671015739,175.904883129805,-7.04922351829813,48.3715909473271,1.97517740726471,-8.20550727844238,-4.91757345199585,22.9606627346911,80.516025294727,86.4476825888571
5.345,1.82543444633484,-11.2977447509766,0.207856863737106,175.453967701179,0.488423785978997,45.6930912831715,0.515468895435333,-7.25079250335693,-4.55123901367188,36.5546601737205,76.2211750238663,103.244278890077
5.35,1.6409924030304,-10.6403846740723,0.39112451672554,175.092650694086,7.39876229105494,41.9141217852273,-0.21870818734169,-5.60971927642822,-4.17292785644531,48.2677925625104,59.027048052573,121.205586369325
5.355,1.47074246406555,-10.0350513458252,0.589514017105103,174.165206627446,13.6587706842496,38.0509053189656,-0.301202535629272,-4.00842046737671,-4.03768348693848,57.4394183913277,37.2688145080533,140.130251049868
5.36,1.30137813091278,-9.47411060333252,0.720923602581024,172.398414274082,20.4744124051039,34.4647042499666,0.114933885633945,-2.68466949462891,-4.00842571258545,65.7928831802259,16.0632064466374,158.238954011404
5.365,1.12852346897125,-8.95814895629883,0.749059736728668,169.578475052594,28.3229315539468,31.3467024032883,0.945281982421875,-1.75443577766418,-4.03869342803955,73.6338583851305,-2.75469533354548,174.786507955107
5.37,0.953543066978455,-8.50178146362305,0.626099526882172,164.956431399733,37.5669830011756,29.1636714917147,1.81072425842285,-1.42221331596375,-4.10726737976074,78.8731189125288,-18.7134564483858,188.908511460377
5.375,0.757279634475708,-8.12698841094971,0.440180897712708,159.171329474624,46.5288229847305,27.8049026865363,2.88721585273743,-1.56793200969696,-4.05258655548096,84.0898534760445,-32.6511660819232,201.82243208639
5.38,0.550139188766479,-7.84843444824219,0.22381865978241,152.74562410726,54.4992644253527,27.0099591671533,3.90069532394409,-1.95950937271118,-3.99228811264038,89.2870332079664,-42.8378604742419,214.345638571122
5.385,0.342231065034866,-7.67776584625244,-0.0041880761273205,145.951853505901,60.962621210517,26.6712022748882,4.67819023132324,-2.4899480342865,-3.96668791770935,94.4006455753932,-48.0682963972326,226.676056136341
5.39,0.227542862296104,-7.58909225463867,-0.183900862932205,139.372591825616,64.3652711908556,26.7615212813779,4.77279853820801,-3.19222664833069,-3.58955717086792,98.2699409100162,-46.833927534955,235.00194745156
5.395,0.11617137491703,-7.50455760955811,-0.4025037586689,133.45727917417,65.4915762151799,26.9888487599761,4.50325870513916,-3.94002795219421,-3.23225975036621,104.847413080739,-42.0164516793725,244.023042741259
5.4,0.0070462729781866,-7.43503713607788,-0.637365281581879,128.111030563613,64.7359455571122,27.2749004975108,4.14425611495972,-4.79423332214355,-2.92029762268066,113.560521480384,-34.8517471645692,253.452911192406
5.405,-0.100546821951866,-7.39010524749756,-0.871468007564545,123.293192708004,62.2970967403649,27.560960772782,3.908940076828,-5.80981397628784,-2.67674326896667,124.084333519567,-26.1797804093895,263.088641545136
5.41,-0.302707433700562,-7.30144023895264,-0.996802508831024,119.258272116198,57.3139614766529,27.6212081639034,4.30495500564575,-6.78523254394531,-2.72636318206787,137.182286762577,-18.5163986606417,268.885368452213
5.415,-0.499503970146179,-7.14591646194458,-1.07525479793549,115.487570562244,51.146608014644,27.2606851663007,5.09291172027588,-7.66535663604736,-3.03497052192688,151.171046937518,-11.4402108361609,273.096617207632
5.42,-0.670001626014709,-6.93169069290161,-1.10931062698364,111.768860408252,43.6867539503316,26.456794099105,6.14477634429932,-8.32748222351074,-3.67313146591187,166.081991933438,-4.20155671698749,276.508269377297
5.425,-0.785874545574188,-6.66449689865112,-1.09867775440216,107.839445748554,34.6989250969847,25.147040438958,7.31998443603516,-8.60067653656006,-4.75485610961914,182.025497607324,4.15394517583063,280.046198084337
5.43,-0.845587730407715,-6.3018364906311,-1.05771219730377,103.223494624433,23.122244519886,22.993452765349,7.86183261871338,-8.66936492919922,-4.80130767822266,190.51904274591,17.0145288546151,285.614960597675
5.435,-0.898792624473572,-5.88733053207397,-0.987488746643066,99.2035526374761,12.7999350140494,21.102427808719,8.26668357849121,-8.60672569274902,-4.35970211029053,197.761024020982,30.4288786580949,291.336036329504
5.44,-0.933377087116241,-5.43215131759644,-0.901776313781738,95.0632627173436,2.59213555063871,19.2053888705249,8.55663394927979,-8.43266582489014,-3.75700187683105,204.716246633941,43.1172288716738,296.55293481756
5.445,-0.919205129146576,-4.9485936164856,-0.824919402599335,89.2976404917474,-10.0533819063248,16.6763474057876,8.70920848846436,-8.16546821594238,-3.53815793991089,212.530078667084,52.9942800530646,300.166651303631
5.45,-0.936925232410431,-4.460777759552,-0.784242331981659,80.957344307569,-24.2446341382686,13.7676293854676,8.62660121917725,-8.04400825500488,-3.75032091140747,220.140603289393,61.6376078250544,302.655408312643
5.455,-0.950403034687042,-4.00108957290649,-0.720286071300507,71.0391788024693,-37.0678396068202,11.040258864027,8.26884841918945,-8.02653980255127,-4.03967475891113,227.1739359457,68.7945942260956,305.259213028035
5.46,-0.953960478305817,-3.56882619857788,-0.609877228736877,59.6305089261219,-47.7790959424905,8.68846336957249,7.64491701126099,-8.13102626800537,-4.29862689971924,233.325955633022,73.8781264404176,307.960088391912
5.465,-0.943317651748657,-3.15265774726868,-0.403000682592392,46.487500340252,-55.0818659011765,7.10740605785606,6.77123117446899,-8.43599891662598,-4.34007883071899,237.767791574822,75.0836001874115,310.26380191593
5.47,-0.925645112991333,-2.81886720657349,-0.137820482254028,31.6936452772737,-59.3771089079145,6.28144921077299,5.82315540313721,-9.09669399261475,-4.52208662033081,243.194076342073,66.9359563189625,313.680207897257
5.475,-0.910865843296051,-2.55873370170593,0.192020356655121,15.9158946341659,-61.6586652982655,5.61896525751136,4.76503372192383,-10.0282506942749,-4.31767082214355,248.704235832333,52.2141290158766,317.120328295383
5.48,-0.89951229095459,-2.3713755607605,0.591310501098633,-0.687714458612247,-62.1162401613322,4.94153556968527,3.68017959594727,-11.1891918182373,-3.69503545761108,253.684290680729,32.2702156960603,319.696866895608
5.485,-0.884146571159363,-2.26139950752258,1.07604002952576,-18.0466506929268,-60.6412676402571,4.00816588705411,2.99304890632629,-12.4708156585693,-3.03277778625488,256.169304746076,10.6350638679315,318.358395705096
5.49,-0.862157344818115,-2.2062873840332,1.45867717266083,-35.6344117113717,-58.166430556773,2.62923969953115,2.73163962364197,-13.5718479156494,-3.13561344146729,260.146196050695,-11.6617915643462,311.612299824144
5.495,-0.859252691268921,-2.16330647468567,1.87159407138824,-53.2320765041132,-54.8996706050664,1.09139112499958,2.587895154953,-14.2075338363647,-3.357590675354,265.57368293124,-33.2982786944577,301.318794933585
5.5,-0.887845754623413,-2.11460494995117,2.36537170410156,-70.6966516457824,-50.8771638820762,-0.432308819388023,2.46484851837158,-14.2348127365112,-3.48002910614014,271.96165833363,-53.6212948339664,288.27100259984
5.505,-0.971773207187653,-2.03185486793518,2.97306346893311,-87.4837676444346,-46.0144585138098,-1.30580346292927,2.40450048446655,-13.4086112976074,-3.50006461143494,275.140018562003,-71.2068326258365,274.585352559885
5.51,-1.2063924074173,-1.9606146812439,3.56746912002563,-102.837063011761,-40.4292215841936,-1.27606012352798,2.68898868560791,-12.3499383926392,-3.65134835243225,274.084043995563,-89.9312839712387,260.358341726315
5.515,-1.54659676551819,-1.93481528759003,4.02839469909668,-117.098019885506,-33.6037623201811,-0.577825786211734,3.10318684577942,-11.3314628601074,-3.87004327774048,269.755698477012,-111.076538773601,245.390801782933
5.52,-1.96156334877014,-1.97875213623047,4.27091598510742,-130.439633296967,-25.1414550517642,0.645964873949691,3.51606893539429,-10.516884803772,-4.12529516220093,262.644843173625,-135.630590726555,229.537987360846
5.525,-2.21940898895264,-2.16196060180664,4.04172086715698,-143.824044673767,-14.0612438499608,1.38408885004013,3.48316431045532,-10.2222833633423,-4.40076923370361,255.703294599385,-166.778493643861,212.826262990253
5.53,-2.30013012886047,-2.66038155555725,3.96371865272522,-152.868717776481,-5.88749201029629,1.33178646302735,3.34086060523987,-10.1289033889771,-4.83589649200439,249.88976542695,-202.247420116927,195.703702741083
5.535,-2.33178114891052,-3.51941013336182,4.21283578872681,-156.960246976129,-1.04632297553489,0.0715228128115711,3.08054423332214,-10.1536340713501,-5.47227048873901,244.565168516062,-235.914214837864,179.005338220506
5.54,-2.41327834129333,-4.79725646972656,4.94912338256836,-155.307108970554,-0.0809303245060993,-2.80298284998676,2.68813347816467,-10.2375545501709,-6.35531616210938,239.250734926658,-262.794998052339,163.421769855501
5.545,-2.81630992889404,-6.58591985702515,5.94463062286377,-140.422951976559,-8.79369780166217,-6.7023591914882,2.59096312522888,-10.2659730911255,-6.55557060241699,235.034486472766,-270.796400740469,154.174786549571
5.55,-3.36464071273804,-8.5698413848877,6.86332845687866,-118.530160290296,-20.3080665629628,-9.59434538277575,3.12382769584656,-10.169153213501,-6.65092945098877,228.383562447709,-272.795460506748,143.70806806166
5.555,-3.99017024040222,-10.6915473937988,7.64776134490967,-91.169399192276,-31.3764649525966,-10.9910328369051,4.15139961242676,-9.91730213165283,-6.52148914337158,219.057294305894,-269.580135294586,131.617417457066
5.56,-4.61327457427979,-12.8894271850586,8.21541500091553,-59.8557344140031,-37.8843033447306,-10.1643844331686,5.54170703887939,-9.46105861663818,-5.99931049346924,206.54759793534,-261.739269372708,117.270126992212
5.565,-4.84906959533691,-14.7651929855347,8.74918365478516,-30.8406946688171,-33.5515865051114,-7.82051878834041,6.82325839996338,-8.53429412841797,-5.19143104553223,189.547393694962,-247.318581695034,102.335822749331
5.57,-4.48506498336792,-16.0665683746338,9.71154499053955,-4.89197016753895,-28.1022754626203,-7.17505822781139,7.80476570129395,-7.30181789398193,-4.04526567459106,168.770163145458,-226.681383683894,88.1379973140843
5.575,-3.54023671150208,-16.6653137207031,10.9834299087524,18.6674602469676,-26.0511184284467,-8.9232681977646,8.46147441864014,-5.86957263946533,-2.69026303291321,144.4090367158,-200.131536795084,75.1404205311168
5.58,-2.01177048683167,-16.2710361480713,12.3231372833252,40.9496854140432,-35.2864989505242,-14.2959769611667,8.73242378234863,-4.39991474151611,-1.35524582862854,116.377585192231,-167.584292041382,64.2088188777273
5.585,-0.603128254413605,-14.8625497817993,12.6779556274414,55.6352409975418,-57.5328143980384,-19.6715202530743,8.29383945465088,-3.29294466972351,-1.05408453941345,84.7961291871696,-134.01802404465,54.3217443937295
5.59,0.392389416694641,-13.4826545715332,12.5309591293335,61.4869680029097,-79.4750703142712,-22.6137181531584,7.16198015213013,-2.67094206809998,-1.56820833683014,53.6790987249122,-101.778574935706,43.4915334834743
5.595,1.0171914100647,-12.2083196640015,11.8861284255981,58.8978003829088,-96.2470915948578,-22.5108486740688,5.48588228225708,-2.57735109329224,-2.64374303817749,24.3005289913414,-71.051862463758,31.0962393664239
5.6,1.46760249137878,-10.8938455581665,10.5341262817383,48.693306517613,-98.0645639518631,-18.1924052222676,3.64371967315674,-3.14212846755981,-3.67266297340393,-0.935074882046137,-41.6632147860669,15.907080275042
5.605,1.74233520030975,-9.94760131835938,8.42222690582275,37.4617912577682,-82.7069997163053,-11.1981446631074,2.41430401802063,-3.93131399154663,-4.4089469909668,-22.5483327522338,-12.9911931174144,-1.65011959557025
5.61,1.80458807945251,-9.47425937652588,5.93317461013794,27.3584268808709,-60.2271259501225,-4.024264216041,1.69386458396912,-4.54627227783203,-4.98778486251831,-42.2497504508526,13.4027043309449,-20.2202456981621
5.615,1.64084148406982,-9.46793937683105,3.25028514862061,19.5148118078521,-34.4497427205897,2.46192717217911,1.45498311519623,-4.90320348739624,-5.44767999649048,-60.6174439404321,36.8454793832959,-39.2365954230285
5.62,1.22480547428131,-9.7965145111084,0.846286237239838,17.0565669614093,-13.1712018992165,6.70918938065821,1.67347896099091,-5.00967311859131,-5.8331241607666,-78.6388161032407,55.7579726667377,-57.4096934080598
5.625,0.72165858745575,-10.2235050201416,-0.547921895980835,24.3634777222795,-1.92367795661766,8.40316636794105,2.30052661895752,-5.15292596817017,-5.96432733535767,-91.7140384766929,69.2755966380154,-69.5160056364215
5.63,0.373742789030075,-10.5533962249756,-1.25320363044739,35.132399637565,2.41760415366419,8.57082616772371,3.15962672233582,-5.64989900588989,-5.81171655654907,-102.967137134315,83.2762823232476,-79.3572017397643
5.635,0.304240137338638,-10.7030773162842,-1.33375835418701,47.5366481326172,0.443658806200013,7.46802297055981,4.18213033676147,-6.59592533111572,-5.51189422607422,-113.221935342848,99.0653369294317,-88.0356742501284
5.64,0.793359458446503,-10.5696172714233,-0.593036532402039,63.4308535010737,-9.9839692551109,4.69901604282562,5.24620676040649,-7.79366636276245,-6.30995845794678,-120.933498953548,110.800134678269,-94.482273166164
5.645,1.57259547710419,-10.1861534118652,1.02457392215729,78.8901329137513,-25.6756509769401,2.18811449330682,4.59062004089355,-9.65315723419189,-4.86519813537598,-121.52261642984,129.973623150275,-93.0170336646562
5.65,2.5776195526123,-9.55857563018799,2.79267859458923,90.7309693494529,-40.6388332596322,1.52675549354583,2.43782091140747,-11.7615814208984,-1.92719316482544,-112.952586832928,152.584486284361,-84.4213088960869
5.655,3.77622365951538,-8.69045829772949,4.30461931228638,96.8617539786456,-50.9441202265098,3.75233816348352,-1.09927093982697,-13.8950242996216,2.02596974372864,-94.0018854712695,175.654761602399,-68.9123535175757
5.66,4.97400331497192,-7.83433485031128,4.99079370498657,93.4951673971246,-43.5199948817457,10.5698500755099,-4.60417509078979,-15.6958103179932,4.01648283004761,-71.1905562850443,180.156949095705,-50.1081221475732
5.665,6.08401966094971,-6.88410043716431,5.35982227325439,85.0895677742917,-30.3224950466774,17.1795257343951,-7.58012342453003,-16.8358001708984,4.38935804367065,-55.62566848742,158.888750888282,-31.767196169351
5.67,6.9596118927002,-5.94923496246338,5.4146466255188,71.2900311601164,-13.7762670134468,22.1620957999534,-9.9103832244873,-16.9591846466064,4.02946901321411,-47.9403806144567,123.150646660026,-15.9782627990246
5.675,7.46969652175903,-5.11781406402588,5.13837289810181,51.4838042086838,4.39389313646776,24.2883149055581,-11.4625129699707,-15.720531463623,3.59623885154724,-49.1210539445742,81.0509862010899,-4.55998967670413
5.68,7.2018141746521,-5.22698020935059,4.9879002571106,26.9595438333422,21.6342809790096,18.9040699526479,-9.56898784637451,-13.1932172775269,1.95663869380951,-55.0978280532668,44.6134125452164,-10.9894311575447
5.685,6.45513820648193,-6.17682695388794,5.19320440292358,10.3529565646425,39.1955425710222,9.47663048752517,-7.04460525512695,-11.493839263916,-0.0605726167559624,-67.4686427723318,0.572881369582879,-24.911897516402
5.69,5.43590879440308,-7.59887742996216,5.5229287147522,2.36965003583177,58.1980748231977,-1.65561608358311,-3.83246374130249,-10.7405605316162,-1.85583770275116,-83.3905104069269,-42.1574916706386,-41.8466600067951
5.695,4.38228511810303,-9.06649684906006,5.69596576690674,4.55948808468696,80.1604319861578,-11.6858295613564,0.191833883523941,-11.1546220779419,-2.65879392623901,-99.5646237577597,-72.2783936839631,-56.3957928069064
5.7,2.44139194488525,-12.0135555267334,5.62603998184204,9.49022427152079,97.2987563119321,-17.5679039509804,4.37757158279419,-12.5989284515381,-2.05389666557312,-110.445791294318,-64.0858891330454,-63.2358242795132
5.705,-0.143821552395821,-16.257532119751,5.84516334533691,17.6502077304791,103.519542343818,-20.5489775802729,8.10711097717285,-14.0576391220093,-1.29123961925507,-116.749871483132,-47.9132203672221,-66.9398700173569
5.71,-3.19643473625183,-21.0823001861572,6.0244927406311,29.0384365581879,98.9521880156413,-20.1123662753163,11.1478385925293,-15.1663455963135,-0.503324687480927,-119.091984330664,-25.8375776866881,-68.5147067342868
5.715,-6.45600461959839,-25.211332321167,5.48076772689819,43.9414141384409,83.3477261019659,-14.7880494021838,13.0515174865723,-15.3046751022339,0.193038865923882,-118.145238149431,2.01964851775869,-69.1624135732791
5.72,-9.05767440795898,-24.8569679260254,2.38430118560791,43.2546761834366,63.7531086563041,-1.67392344515798,14.0062999725342,-14.3094091415405,0.191092371940613,-117.087842903643,26.2906343796189,-70.2698741056833
5.725,-10.1923160552979,-21.8252658843994,-1.11737847328186,28.4617756393948,45.4347837740454,12.4355649123967,14.4629507064819,-12.9985151290894,-1.10055422782898,-117.135394680644,46.8219234774887,-71.1312565826703
5.73,-9.68312454223633,-17.1304378509521,-4.15844631195068,4.74330341629081,30.2059310383019,24.7043212373361,14.3031282424927,-11.6330585479736,-3.44145894050598,-117.77278793399,65.0399641072587,-71.4394278878321
5.735,-7.16054916381836,-12.9149789810181,-4.95918464660645,-14.1808199717603,21.7070395691432,29.1852617196811,12.9626140594482,-10.6700983047485,-6.01248931884766,-117.113155584707,84.9399251597659,-70.5072641604763
5.74,-4.37385702133179,-10.4051580429077,-4.1825270652771,-26.618643969225,13.933655916265,24.8342280202552,10.5542573928833,-10.3452701568604,-7.24657773971558,-111.924943891165,101.53371948415,-68.3846940834356
5.745,-2.0375030040741,-8.59894275665283,-3.08440732955933,-32.6324103824623,4.00794347901926,15.6484824828761,7.74789047241211,-10.3141717910767,-7.7783465385437,-105.091906532268,111.373822757226,-65.6753834359341
5.75,-0.323007106781006,-7.2115044593811,-1.95937550067902,-31.9927016949881,-8.94336346807643,3.22629364219524,4.75300693511963,-10.4771537780762,-7.81335687637329,-97.7290855503996,112.332098297779,-62.5329295120272
5.755,0.683658182621002,-5.91568088531494,-0.926065802574158,-23.5666729763477,-26.1176734992666,-8.97102317289404,1.87741982936859,-10.7135772705078,-7.67627191543579,-92.156245414127,97.9248865833364,-59.0704197538025
5.76,1.39588916301727,-4.87967300415039,0.231962919235229,-14.521098288663,-42.6711731226424,-17.6527792967016,-0.453746050596237,-10.6335792541504,-8.30618762969971,-88.2944223064559,73.6583651038725,-54.4888893680035
5.765,1.78730320930481,-4.11504983901978,1.10779237747192,-8.7996699483177,-54.0806284707443,-23.2537410293344,-2.0723237991333,-10.4050512313843,-9.05907249450684,-84.4485476904969,47.6596222735287,-48.9701238393899
5.77,1.79370951652527,-3.66950297355652,1.46253931522369,-8.74965759566757,-57.8961189901806,-25.7749397293573,-2.86284828186035,-10.0673589706421,-9.62881946563721,-79.8374528308754,23.1480728802324,-42.7664235257128
5.775,1.05433964729309,-3.8249089717865,0.574713051319122,-21.4730321655366,-48.2432551079171,-24.7992403762318,-2.54220247268677,-9.51083755493164,-9.30689811706543,-72.8691504056558,3.96276519275421,-37.6304866849838
5.78,-0.0525198504328728,-4.79846048355103,-0.802510857582092,-42.8726568729686,-30.7834064571536,-21.4971581012324,-1.20117568969727,-9.08322048187256,-8.87243175506592,-67.6798936931711,-8.72179127762757,-34.9664943426254
5.785,-1.34625422954559,-6.2871880531311,-2.21687531471252,-67.1630942598113,-10.0736035351363,-16.5821215310927,0.510496079921722,-8.90284729003906,-8.40531921386719,-63.6997102373729,-18.5664810227309,-34.1207939799727
5.79,-2.71359753608704,-8.10762691497803,-3.40655493736267,-91.0393387301007,11.1895591153207,-10.4235158338633,2.21807670593262,-9.04362106323242,-7.9470362663269,-60.6225529219313,-27.4274749707379,-34.7839780276243
5.795,-3.64472508430481,-9.32046699523926,-3.91799998283386,-107.082312448869,24.5090239308506,-4.50563460440235,2.9781641960144,-9.4643669128418,-7.51776599884033,-57.1452284833969,-36.7774028878384,-35.7780061933875
5.8,-4.67102718353271,-10.5264797210693,-4.22291946411133,-116.21177551994,29.4610101168528,0.474401407612961,3.2156298160553,-9.87948799133301,-7.02247858047485,-53.0359407919071,-41.3065935340276,-36.4874784330442
5.805,-5.71939086914063,-11.605860710144,-4.42318677902222,-120.410866538637,28.4584510448163,4.76244032568472,3.18629789352417,-10.231822013855,-6.39425373077393,-48.5815953586429,-41.0444064774529,-36.6275314619754
5.81,-6.73297500610352,-12.4555044174194,-4.5934796333313,-120.956134200458,23.0572842982373,8.51179028140635,3.07744956016541,-10.4720249176025,-5.57168769836426,-43.9894235381169,-35.7208545855074,-35.9365622047802
5.815,-7.35642242431641,-12.5720233917236,-4.82510423660278,-119.872770575445,17.2144638595471,11.3883509173403,2.86363887786865,-10.6115789413452,-4.63175868988037,-40.6154022956844,-28.5389004279553,-34.3411495429757
5.82,-7.66563606262207,-12.3510093688965,-5.07678747177124,-117.391349189601,12.8093990949181,13.4724320246343,2.51918458938599,-10.7134895324707,-3.5782458782196,-38.0833350571448,-21.9632689932143,-32.9309408756107
5.825,-7.61487293243408,-11.9023752212524,-5.31128549575806,-112.911113924288,8.37684111133253,14.0964039562608,2.14786291122437,-10.756142616272,-2.58530187606812,-36.1674669949562,-16.3505507974726,-31.7695867355605
5.83,-7.11896944046021,-11.3467073440552,-5.4804835319519,-105.523485695354,2.07372056409674,12.3091372570861,1.8779923915863,-10.7078247070313,-1.87639284133911,-34.6315486959171,-12.2228480622068,-30.9562068280603
5.835,-6.03105020523071,-10.7999868392944,-5.49472332000732,-98.671918033239,-6.55046261453629,8.80181377394343,1.84408462047577,-10.657039642334,-1.46795034408569,-33.9814751963774,-9.58401984429799,-30.0148325906087
5.84,-4.73154497146606,-10.3047590255737,-5.27540159225464,-90.1015947381929,-22.693972875906,2.33524850741653,1.88369977474213,-10.6841087341309,-1.26029026508331,-33.5775753749033,-8.17001786062267,-28.7867543325567
5.845,-3.29989194869995,-9.93714714050293,-4.75393533706665,-80.1426666641266,-45.4555338887439,-6.58755566437133,1.97026574611664,-10.7626371383667,-1.18671977519989,-33.167603515257,-7.37086779848461,-27.2553439583698
5.85,-1.83264946937561,-9.85033512115479,-3.77684712409973,-69.5118460512169,-73.2769058689164,-17.1416489203528,2.07547616958618,-10.8395681381226,-1.14548122882843,-32.3403207577013,-6.12334612629965,-25.3738658986522
5.855,-0.573661625385284,-10.1190614700317,-2.60973381996155,-60.7638968566155,-95.9315163646357,-25.6524915130119,2.29544854164124,-10.8622045516968,-1.13592302799225,-31.390238029058,-3.005991866932,-23.0047362378579
5.86,0.459987461566925,-10.3886289596558,-1.5838280916214,-53.4919822775051,-111.74583584056,-31.7591911876437,2.63091373443604,-10.8476009368896,-1.23322224617004,-30.5093314563285,0.651621231077814,-20.9860191871472
5.865,1.28298723697662,-10.5547037124634,-0.794747292995453,-47.7533461293196,-120.382002159205,-35.1783463201117,3.04884552955627,-10.7949333190918,-1.45007979869843,-29.6932263033495,5.5402554381766,-19.2115923898386
5.87,1.92513298988342,-10.4333467483521,-0.421731173992157,-44.001840822028,-120.813110039238,-34.972446852487,3.46039795875549,-10.6921405792236,-1.80697476863861,-28.8652707721606,14.2647928787373,-17.0901953977878
5.875,2.54902410507202,-10.1418809890747,-0.299306809902191,-43.1030015876327,-113.949159244157,-32.0388225473586,3.66311120986938,-10.5551462173462,-2.30755949020386,-28.062740620157,25.8484223195428,-14.9669576697558
5.88,3.04814338684082,-9.81441783905029,-0.228905111551285,-43.8604593213033,-103.025507930962,-27.75757459823,3.60267090797424,-10.4002904891968,-2.73566651344299,-27.08439969137,38.5163485599561,-13.0318387193915
5.885,3.38861346244812,-9.47407722473145,-0.140440136194229,-45.7824608933666,-89.2698757727713,-22.5871879908748,3.27100920677185,-10.2247505187988,-3.06301355361938,-25.9639464316171,51.2164023026778,-11.4452984733189
5.89,3.51885986328125,-9.094651222229,0.0945868790149689,-47.7705240550822,-75.1763336657728,-17.2871712232618,2.68479204177856,-9.99901580810547,-3.37378120422363,-25.0598803949594,60.8132791243147,-10.76617874056
5.895,3.54311513900757,-8.8926362991333,0.376184731721878,-49.3368332808333,-61.8664055018715,-12.8294764359833,1.98785161972046,-9.81095027923584,-3.5299026966095,-24.2168301457048,66.1816916987288,-10.8465504302972
5.9,3.48820638656616,-8.77880954742432,0.646035730838776,-52.6370679896621,-46.7913925318988,-8.81331239741115,1.26101577281952,-9.65309715270996,-3.54138588905334,-23.2332965656013,68.0882365527003,-11.3675598215067
5.905,3.35002374649048,-8.71288681030273,0.857545137405396,-58.4795605792723,-28.6376239822186,-5.07342951076598,0.550838768482208,-9.51759624481201,-3.42815351486206,-22.1119553812563,66.5572291596745,-12.2146808635067
5.91,3.04169750213623,-8.59591197967529,0.801266610622406,-66.9694447364631,-4.34585684292188,-1.27961427649562,0.0149544393643737,-9.35449981689453,-3.35822033882141,-21.4634425799419,60.5403925764052,-13.238399861592
5.915,2.66846466064453,-8.41158008575439,0.508108496665955,-72.7668888134024,22.8628441804927,1.98459470627771,-0.312568813562393,-9.1798267364502,-3.27963590621948,-21.0416459552951,52.4209164080933,-13.8000241189274
5.92,2.30993556976318,-8.2439079284668,0.0399728342890739,-76.6587306024757,49.9754252323782,4.46430811794236,-0.485464721918106,-9.06502914428711,-3.19951725006104,-20.7975879283249,43.7976693922634,-13.6839510303985
5.925,2.01141571998596,-8.14990997314453,-0.572682201862335,-79.0255345838576,75.0746458094096,5.94175786325204,-0.52680778503418,-9.05157852172852,-3.11889052391052,-20.6699931644399,35.5145657971001,-12.7349039291881
5.93,1.8174055814743,-8.34102821350098,-1.19470059871674,-81.1483846986543,92.3701259577968,5.70306964562995,-0.496096968650818,-9.14728260040283,-2.99014019966125,-19.8434890484496,28.0764624701996,-10.8838603386384
5.935,1.63177382946014,-8.62758827209473,-1.63979732990265,-82.0929862004887,102.215693382208,4.9465903365579,-0.390177756547928,-9.31162166595459,-2.84887027740479,-18.8575546568528,20.6706147116544,-8.91626725386534
5.94,1.40510416030884,-8.92698287963867,-1.92418646812439,-81.4264416997655,106.789058276855,3.71560711367448,-0.287455230951309,-9.5062780380249,-2.67374873161316,-17.9349856377336,14.0884800830499,-7.24592997818673
5.945,1.09555220603943,-9.17424964904785,-2.0509340763092,-78.7055743721884,107.500709346857,2.01552372383024,-0.250529229640961,-9.70261096954346,-2.44572496414185,-17.2569920324141,9.01042824176313,-6.22040226063188
5.95,0.625182449817657,-9.26784992218018,-2.02390122413635,-74.2802674881805,104.389189349701,0.0130949509012922,-0.204575136303902,-9.74306011199951,-2.31187009811401,-16.7149960312061,1.21886593368729,-5.97896489186886
5.955,0.117040105164051,-9.30602741241455,-1.97753429412842,-70.3423629033446,100.608563530883,-1.8037022687518,0.0256315991282463,-9.71115875244141,-2.27875161170959,-16.5832553424949,-6.77512119671635,-6.42182795435014
5.96,-0.400470525026321,-9.30760765075684,-1.92289316654205,-66.8751403145927,96.9683595712111,-3.46170529000642,0.426057189702988,-9.64592742919922,-2.35234308242798,-16.6594221970243,-13.3213627543456,-7.43227290667031
5.965,-0.892382562160492,-9.29343318939209,-1.87323653697968,-63.8938310437739,94.4964594690701,-4.98241724007555,0.992163300514221,-9.59383106231689,-2.54835820198059,-16.7052613040916,-16.2352042703167,-8.90731287586345
5.97,-1.27320563793182,-9.32296276092529,-1.8392745256424,-61.1984813029359,93.0849667261411,-6.75994963902246,1.65836024284363,-9.59453201293945,-3.04069352149963,-16.6930352654772,-13.4413640554208,-10.45431059551
5.975,-1.59207987785339,-9.35275173187256,-1.81112313270569,-58.8701859280945,91.5856514108641,-8.82198246878884,2.18546295166016,-9.64409446716309,-3.33521437644958,-16.2992816900152,-6.22028102477412,-11.5993098475926
5.98,-1.87086570262909,-9.36110019683838,-1.77036452293396,-56.9422045254129,89.7573600342135,-11.1099677746962,2.52999258041382,-9.71881580352783,-3.52694344520569,-15.836794213388,4.34537915656681,-12.3530997696789
5.985,-2.1415901184082,-9.30920600891113,-1.68181490898132,-55.5111227999443,87.2294318903109,-13.5338396941409,2.61552882194519,-9.77684879302979,-3.83711862564087,-15.92503684237,16.6910920766584,-12.7448324629203
5.99,-2.42614984512329,-9.16156101226807,-1.52406978607178,-54.5950373378947,84.1046066846517,-15.4033196728077,2.31819343566895,-9.82412624359131,-4.00709295272827,-16.1243007812159,29.7396340236652,-12.8251315818976
5.995,-2.65904784202576,-9.01029491424561,-1.3799786567688,-54.1995454792888,81.1939284000399,-16.6234356378348,1.82528507709503,-9.83518600463867,-3.97724986076355,-16.3352187303332,40.8347640661631,-12.8290683321804
6.0,-2.85708999633789,-8.86079025268555,-1.25055420398712,-54.3278130168071,78.7835683023208,-17.1187899847481,1.23966646194458,-9.81424617767334,-3.79043698310852,-16.4825971371491,49.4689291393813,-12.7808429277719
6.005,-3.08981442451477,-8.69535827636719,-1.10995018482208,-55.0346385581604,77.4566401315057,-16.6387011106298,0.784036695957184,-9.77992153167725,-3.57871079444885,-16.3780508466183,54.9077951150841,-12.6606401361162
6.01,-3.31676340103149,-8.61907196044922,-0.976251482963562,-56.1894596222695,77.2817463076184,-15.6200603581924,0.238711535930634,-9.72358131408691,-3.35506987571716,-16.3235117860958,57.1744651081391,-12.7700119552956
6.015,-3.50308394432068,-8.63068294525146,-0.88452422618866,-57.4613979400768,77.5217864758093,-14.5736736697992,-0.401823312044144,-9.68630886077881,-3.15522694587708,-16.2857237645127,56.9539729413528,-13.1683041914611
6.02,-3.64021468162537,-8.72830200195313,-0.847030699253082,-58.7060086710149,77.9464056761307,-13.6668072555818,-1.10813665390015,-9.67821407318115,-2.99228930473328,-16.2558041208535,54.6652414372786,-13.8309367013372
6.025,-3.72305512428284,-8.90435886383057,-0.88592928647995,-59.5800474885339,78.2177827522336,-13.1692211443572,-1.73736846446991,-9.70538711547852,-2.89171409606934,-16.2255668733978,51.5782144984863,-14.583842113926
6.03,-3.7567195892334,-9.05222797393799,-0.951397359371185,-59.527625786654,77.8637057456601,-12.9369639767255,-2.14638519287109,-9.74391078948975,-2.81011128425598,-16.1233667528469,45.4631393043847,-15.7212052145166
6.035,-3.75573134422302,-9.13350105285645,-1.00758731365204,-59.0799615280731,77.0886158786471,-12.832098374851,-2.37262153625488,-9.76617240905762,-2.76829862594604,-16.0841324387071,37.1589201794024,-17.0973875869839
6.04,-3.73000240325928,-9.1281566619873,-1.03982377052307,-58.3001520003435,75.7976896349472,-12.810893198799,-2.42334342002869,-9.75988388061523,-2.77642369270325,-16.0808232120542,27.013804563656,-18.6600221709615
6.045,-3.72755217552185,-8.99829006195068,-1.03160297870636,-56.330834292805,72.7753923989191,-12.8709869106641,-2.29942846298218,-9.7067403793335,-2.84847354888916,-15.5103197087978,16.0540864365482,-20.3309852627228
6.05,-3.73139238357544,-8.79123210906982,-1.02597415447235,-54.0652229790714,68.3064952476281,-13.1115043383233,-2.05226564407349,-9.55973720550537,-2.89936780929565,-14.7464552576857,5.58931711387162,-21.6754226234752
6.055,-3.72646045684814,-8.54751396179199,-1.0273654460907,-51.8815192938645,62.9935506394636,-13.4424807913501,-1.77378726005554,-9.34685611724854,-2.98892569541931,-14.0865522621567,-3.47749903524502,-22.5738776597297
6.06,-3.70516276359558,-8.28946781158447,-1.04182600975037,-49.9884025918012,57.1039673106209,-13.8286921304212,-1.51245057582855,-9.08202171325684,-3.15144443511963,-13.6928516206607,-10.5885178362852,-22.9409883747868
6.065,-3.68267798423767,-8.07065105438232,-1.12915694713593,-48.4672579919368,50.5708811242199,-14.4003439592318,-1.29843091964722,-8.8159704208374,-3.39732432365417,-13.5571536910991,-15.6790287963917,-22.8210041491845
6.07,-3.65195751190186,-7.8841347694397,-1.32978892326355,-47.2411195076091,44.0157095211377,-15.0460871188377,-1.08773791790009,-8.58794021606445,-3.57883453369141,-13.5373358972223,-20.1157301434825,-22.7531137763819
6.075,-3.6123206615448,-7.73172378540039,-1.62660539150238,-46.362579595427,37.7404868815668,-15.6394598029825,-0.869387269020081,-8.39855480194092,-3.61827087402344,-13.5042291165416,-23.388309416362,-22.7708500701091
6.08,-3.56267952919006,-7.61694002151489,-2.01187229156494,-45.8947833542674,32.0027489032572,-16.0766038626944,-0.634167313575745,-8.25067710876465,-3.44508910179138,-13.3542116953851,-25.0193312694044,-22.9061492873779
6.085,-3.45757293701172,-7.59549856185913,-2.39856266975403,-46.3899788992825,26.6279842529149,-16.3627239021208,-0.345778286457062,-8.16309642791748,-3.38068461418152,-14.9759086326631,-27.55906368774,-23.8078384182044
6.09,-3.29867768287659,-7.65395545959473,-2.73534035682678,-47.4921357897962,21.1359947733951,-16.5609069635306,0.115221470594406,-8.15151214599609,-3.40960478782654,-16.8459102670277,-29.1074419593725,-25.082160472032
6.095,-3.12066984176636,-7.75870943069458,-2.99386811256409,-49.0884295460037,15.5176280112097,-16.6485246302035,0.655261814594269,-8.23579883575439,-3.42722177505493,-18.4930240457547,-29.1775709266756,-26.4446858812539
6.1,-2.96564722061157,-7.87110424041748,-3.13252329826355,-51.0751232547907,9.7516676912496,-16.5886494843919,1.16286039352417,-8.44830417633057,-3.3012101650238,-19.3080961326217,-27.0439871695983,-27.5448415263408
6.105,-2.70324730873108,-7.94304990768433,-3.17210173606873,-53.3053166225832,4.21356077445379,-16.3713128650021,1.38303303718567,-8.72512722015381,-3.18457555770874,-20.0060509657905,-21.0228936709288,-28.8146624855054
6.11,-2.36341619491577,-7.96539449691772,-3.13562345504761,-55.6747331513228,-0.554860715870594,-16.0283417460191,1.34133303165436,-8.9501314163208,-2.98800182342529,-20.4011278904042,-13.7542234316742,-29.9140429041214
6.115,-1.9556382894516,-7.96016073226929,-3.0185067653656,-58.0872550039142,-4.48298185513318,-15.6408019351545,1.07825398445129,-9.08428859710693,-2.74884128570557,-20.5827921393063,-6.19939985582092,-30.7244175283868
6.12,-1.48758041858673,-7.96713733673096,-2.80115842819214,-60.3762563004606,-7.40558991890401,-15.3542515938103,0.644527435302734,-9.05631446838379,-2.54278612136841,-20.7176508093737,0.127943010151186,-31.026520210471
6.125,-0.972636640071869,-8.17914772033691,-2.50393199920654,-61.7993535347894,-10.1634666264988,-15.3252096294594,0.22966904938221,-8.91739845275879,-2.58982872962952,-21.4886989119454,3.94902669412555,-31.1109959901257
6.13,-0.477082818746567,-8.54927253723145,-2.18865275382996,-62.6124192535878,-12.4491475973349,-15.391219992693,-0.108378753066063,-8.85689735412598,-2.54669713973999,-22.3398326900827,5.80269649241105,-31.1960113547249
6.135,-0.0125489011406898,-9.03188037872314,-1.88780736923218,-62.9476517682412,-13.9993239162664,-15.4785712819883,-0.331672936677933,-8.92974472045898,-2.41362118721008,-23.2435145285996,5.78636380255826,-31.4154414270953
6.14,0.408413171768188,-9.52150821685791,-1.67473471164703,-63.0531167192153,-14.0929470267671,-15.4338437882085,-0.340471684932709,-9.239013671875,-2.30791997909546,-24.3266288517073,3.81746487099323,-32.0916199096428
6.145,0.802230954170227,-9.82748413085938,-1.52514851093292,-63.2989079066874,-12.1525833448939,-14.9800460197528,-0.247349262237549,-9.62711238861084,-2.30207490921021,-25.4874707275698,1.3336093764838,-33.1014019067267
6.15,1.17942762374878,-9.99338531494141,-1.36262822151184,-63.7049626528447,-8.95654317185361,-14.2806303798753,-0.152141287922859,-10.0102319717407,-2.39762282371521,-26.639327489579,-0.452479061698159,-33.9449951560204
6.155,1.52709531784058,-10.0289087295532,-1.17611443996429,-64.2916622421704,-4.61319642345171,-13.3694063049674,-0.0576412342488766,-10.338002204895,-2.56093168258667,-27.7009062262337,-1.46033382485816,-34.5384668779082
6.16,1.77447330951691,-9.93573188781738,-0.990416467189789,-65.1342480385615,1.15003929135983,-12.240697907829,0.122950240969658,-10.4591636657715,-2.63351798057556,-28.3795282089568,-2.52716913913107,-34.9899048160056
6.165,1.93943631649017,-9.72718334197998,-0.852927684783936,-65.3407178269818,8.40659000026252,-11.0874238815669,0.280316770076752,-10.4475593566895,-2.61780190467834,-28.6843595516144,-3.98097661151558,-35.2373796451081
6.17,2.02215623855591,-9.52570819854736,-0.762061595916748,-64.7378785006473,16.8901647702076,-9.96864999457621,0.433847397565842,-10.329439163208,-2.58051228523254,-29.1250945832824,-4.62610206588845,-35.3928005996717
6.175,2.01392936706543,-9.39683532714844,-0.724436223506927,-63.2542657902722,26.5167273015246,-8.92059588625183,0.58780038356781,-10.1263656616211,-2.53511333465576,-29.8388835024946,-4.02565757463169,-35.5250877035165
6.18,1.86521434783936,-9.52631855010986,-0.785703599452972,-60.9968746092046,37.0395557934672,-8.06197195191588,0.723880171775818,-9.96527576446533,-2.41120839118958,-30.4872733604039,-2.17476446168721,-35.9008539757994
6.185,1.5623174905777,-9.87578773498535,-0.950690805912018,-58.017621225326,47.7211930138018,-7.67688930160515,0.8324134349823,-9.95222187042236,-2.20478224754333,-31.1007472912761,1.02869148252274,-36.5701476276635
6.19,1.13325870037079,-10.2993383407593,-1.20370197296143,-53.9676400663994,58.4137243858625,-7.71478404489403,0.910044193267822,-10.0467472076416,-1.92311024665833,-31.8049261343261,5.12999500303791,-37.7040990487636
6.195,0.599219620227814,-10.7104396820068,-1.53195345401764,-48.594094604824,68.9770900505291,-8.16471592627945,0.947066843509674,-10.2322950363159,-1.56845664978027,-32.6176025323417,9.89884375371139,-39.4454865135096
6.2,0.201444283127785,-10.8635520935059,-1.76642203330994,-41.7307004701612,78.284691285343,-8.88714076592347,0.831561505794525,-10.4875793457031,-1.18771195411682,-32.575047038718,14.6117570970639,-42.2739395657982
6.205,-0.205684378743172,-10.9087333679199,-1.97738540172577,-35.2647482131123,85.5706726390491,-9.47317270425785,0.499419897794724,-10.6480379104614,-0.882126808166504,-32.8976197977448,19.019254262811,-45.6615289790169
6.21,-0.623585879802704,-10.9203948974609,-2.12632870674133,-29.3960789235081,90.8782555487151,-10.0214371115767,-0.02000124566257,-10.7325639724731,-0.63282698392868,-33.5883192624677,22.7541195217372,-49.4575329687511
6.215,-1.05404949188232,-10.9557123184204,-2.17880082130432,-24.3203177569142,94.120703442071,-10.6081213329768,-0.714802324771881,-10.7515449523926,-0.42823600769043,-34.672079038452,25.4828979159204,-53.5669879998756
6.22,-1.46313190460205,-11.0997362136841,-2.07849025726318,-19.8932862501409,95.2227544646526,-11.1354674321888,-1.47740542888641,-10.6713838577271,-0.395873814821243,-35.5610008381725,26.4943737999185,-57.662478709242
6.225,-1.88064169883728,-11.2378416061401,-2.03088068962097,-14.9301634406969,95.0824145677764,-11.5550655896965,-2.20090818405151,-10.5810289382935,-0.352445363998413,-36.0589113833826,26.2539374807557,-61.8063886296346
6.23,-2.30199766159058,-11.3560743331909,-2.07015442848206,-9.74927883258739,93.5282323428966,-11.9120300587416,-2.8495192527771,-10.4922943115234,-0.384999752044678,-36.5258572659905,24.819667764492,-66.1161901845884
6.235,-2.72174024581909,-11.4353723526001,-2.24594259262085,-4.7338410429694,90.2360265214371,-12.2582241732392,-3.37250995635986,-10.4201488494873,-0.608751177787781,-37.411825008895,22.1727099139236,-70.7521879139237
6.24,-3.14369034767151,-11.52015209198,-2.39986562728882,-2.34564213434258,86.6229384127704,-12.5617475346708,-3.7112181186676,-10.4555673599243,-0.700478076934814,-38.6434139841804,19.4361433965392,-75.8604659036088
6.245,-3.57213830947876,-11.5635347366333,-2.44134402275085,-0.389982670709983,81.4179722651947,-13.1331201794991,-3.89703321456909,-10.5138969421387,-0.725080907344818,-40.0371687258349,17.0562544802548,-81.0663814474791
6.25,-3.98392081260681,-11.554874420166,-2.31268739700317,1.34773538162615,74.7508402012377,-13.9075799615612,-3.9264805316925,-10.5916557312012,-0.751475393772125,-41.6210212924692,15.2292318112424,-86.3245411083109
6.255,-4.33294486999512,-11.4734544754028,-1.89621436595917,3.02015661205355,66.8472253314549,-14.7511083240578,-3.77321124076843,-10.6932077407837,-0.903595626354218,-43.4872270492026,14.3380116528662,-91.5938749586248
6.26,-4.59356784820557,-11.3939428329468,-1.33955323696136,4.13688250951029,59.1861777998559,-15.229247179168,-3.42518639564514,-10.7768926620483,-1.15386986732483,-44.8679190540694,14.0858316771992,-95.282429827431
6.265,-4.82543897628784,-11.3827972412109,-0.930069446563721,5.33132678165508,52.3455247800347,-15.2944549951742,-2.96246886253357,-10.8818349838257,-1.54482471942902,-46.1766106198005,15.1931667048775,-98.9481103927068
6.27,-5.05336904525757,-11.471363067627,-0.744777798652649,6.94951470924699,46.6655770322925,-14.9314850823013,-2.4461681842804,-11.0339088439941,-2.07703971862793,-47.4948132239509,17.9061161356592,-102.862881126824
6.275,-5.32748651504517,-11.7357234954834,-0.923606336116791,9.80625114800175,43.0316944126977,-14.0743612282619,-2.02007222175598,-11.2984323501587,-2.74957919120789,-48.9101103822475,22.8245848758569,-107.274035858871
6.28,-5.62588167190552,-12.1189365386963,-1.39015352725983,13.5100509990354,42.1355394426462,-12.5778881254532,-1.90019989013672,-11.7457323074341,-3.08567357063293,-49.6745349088716,29.5099825732018,-111.238735275821
6.285,-5.81832981109619,-12.522066116333,-1.84067618846893,17.5666881773081,41.5247600214016,-10.3593820651042,-1.95757496356964,-12.3046178817749,-3.16694688796997,-50.5251222718754,36.1045814432679,-115.138465933386
6.29,-5.83020305633545,-12.9165143966675,-2.18110656738281,21.799817443734,40.4427624342232,-7.31264043581025,-2.13805103302002,-12.9384641647339,-3.01163339614868,-51.6312850683373,41.9038218599589,-119.106245765651
6.295,-5.4434609413147,-13.2677621841431,-2.27620315551758,25.880729114317,37.8111451885306,-3.02474521851533,-2.31792020797729,-13.547550201416,-2.62320327758789,-53.0465856417286,45.4775236827768,-123.381370450189
6.3,-5.00264263153076,-13.5104341506958,-2.27826452255249,29.7444014957058,34.2751733306879,2.21531828299733,-2.48156499862671,-14.0422849655151,-2.06908464431763,-54.2816409380178,48.2879689413186,-127.645225322596
6.305,-4.4657826423645,-13.7575511932373,-2.26125383377075,33.9453059296276,30.2417075691745,7.56648527008742,-2.67776918411255,-14.4530477523804,-1.44573163986206,-55.4914825909859,50.8265521803264,-131.86548992772
6.31,-3.82866024971008,-14.0415697097778,-2.26257252693176,38.8728400384012,25.9094176163783,12.6376360589915,-2.9202926158905,-14.7874841690063,-0.779190599918365,-56.7271491892058,53.1309043270324,-136.082462381665
6.315,-3.19692969322205,-14.3101997375488,-2.38280272483826,46.0331049302439,21.8731258640958,16.5849560595982,-3.17692184448242,-15.0441999435425,-0.0298873037099838,-57.976926958251,54.2187041599107,-140.718057129839
6.32,-2.65579342842102,-14.4874973297119,-2.61925649642944,54.8552470547046,18.0635366281024,19.6623575543027,-3.37512874603271,-15.2123374938965,0.532319128513336,-59.7443750097752,53.6135972107718,-145.96330090295
6.325,-2.19399666786194,-14.6370315551758,-2.86067509651184,64.5576912801532,13.8613455572957,22.1903335095295,-3.55468273162842,-15.4040594100952,1.12355744838715,-61.9378424504006,51.6247007659774,-151.923091746272
6.33,-1.8105309009552,-14.7891845703125,-3.03572249412537,74.783474845092,8.90259236137333,24.3125569544698,-3.72740197181702,-15.6844434738159,1.87331247329712,-64.56635879021,48.3695111547248,-158.677902948604
6.335,-1.51481771469116,-14.9146671295166,-2.91233992576599,85.6517743052538,2.91198968093241,26.1197669522472,-3.74686861038208,-16.1358070373535,3.03005623817444,-68.236950261499,44.4102895494894,-165.964567321227
6.34,-1.22502601146698,-14.8815727233887,-2.48701405525208,93.9058120304041,-1.88242702912537,27.5481627058247,-3.54134178161621,-16.6072616577148,4.41610383987427,-71.6584720545144,40.7868981004597,-171.486338133076
6.345,-0.903095066547394,-14.7401733398438,-1.88062798976898,101.074969828546,-6.16629520957433,29.039365463915,-3.11525368690491,-17.0283088684082,5.73988771438599,-75.392160813356,35.7323600391643,-176.179320130656
6.35,-0.516763925552368,-14.5238542556763,-1.17830896377563,108.310093593692,-10.4540689775681,30.9487175256354,-2.45862746238708,-17.3397579193115,6.76553297042847,-79.9038012884729,27.752694428068,-180.737815703479
6.355,-0.074612207710743,-14.6091957092285,-0.536141455173492,117.431169192462,-14.3411996436613,32.5169289590703,-1.67714023590088,-17.4830894470215,6.36829710006714,-82.6519825425409,18.6851675123909,-183.080051494417
6.36,0.297090709209442,-14.7943067550659,-0.174532100558281,128.94484639711,-17.65978707079,32.8145612823428,-0.943131268024445,-17.6545009613037,5.24515342712402,-82.6607593356244,12.7433571420596,-182.99452386563
6.365,0.550790965557098,-14.8892335891724,-0.0738189667463303,143.115685754945,-20.0863176413692,31.9575706169921,-0.178933009505272,-17.8217086791992,3.4602427482605,-79.8981732125968,8.7606635917414,-181.211202454475
6.37,0.617664158344269,-14.6483783721924,-0.229367569088936,160.480458172462,-21.1457107174894,30.0028353633316,0.715359449386597,-17.9438304901123,1.04324853420258,-74.1108583061966,5.42206242968411,-178.516679166526
6.375,0.70038229227066,-13.6025943756104,-0.451709538698196,178.186330237129,-20.0586536676833,28.0730781114658,1.17289817333221,-18.1751804351807,-0.699231743812561,-68.553003604963,-4.15222396815978,-176.990664641784
6.38,0.88610965013504,-12.2687540054321,-0.777233123779297,192.45827005506,-16.6576190270834,27.3524214370432,1.20911455154419,-18.4438819885254,-0.809440553188324,-63.8404804361669,-7.92199832393387,-176.889523200554
6.385,1.15010333061218,-10.8776416778564,-1.19857847690582,202.94079360071,-11.8494100306573,27.9418633473207,0.941902220249176,-18.4878978729248,0.0016253435751423,-60.2993756911629,-6.87819558148101,-178.277021488929
6.39,1.44454550743103,-9.8060941696167,-1.70805633068085,208.958804976516,-7.22168451418048,30.0460431400211,0.561074674129486,-17.7946529388428,0.38297364115715,-58.6060351921334,-3.6590702228197,-181.403718166421
6.395,1.69225573539734,-9.52681255340576,-2.10205721855164,214.084247231586,-4.68154698024967,33.1410033435344,0.0234461221843958,-16.3526229858398,-0.782952547073364,-59.9071179271291,-3.64395842928105,-182.619136668846
6.4,1.84845101833344,-9.56218814849854,-2.36812019348145,219.533331170287,-1.61791311919952,36.9582902027224,-0.508796453475952,-15.0325679779053,-2.0253210067749,-61.6954800178919,-10.7489162912065,-181.006324100131
6.405,1.90254020690918,-9.83681106567383,-2.54646849632263,224.920601896999,2.6361074547416,41.3313393093906,-1.05358517169952,-13.8285999298096,-3.24387192726135,-63.9816126349869,-26.3165498248772,-176.667774278961
6.41,1.83071517944336,-10.3267278671265,-2.75067234039307,228.676837110291,9.17928930106607,45.9237433563483,-1.72320377826691,-12.4175148010254,-4.67962265014648,-67.7530108682361,-53.5979390020995,-169.987316515933
6.415,1.58021938800812,-10.8205966949463,-3.04244828224182,228.992542114108,13.9444296859071,49.4058830782475,-2.39378237724304,-11.2455568313599,-6.18195533752441,-71.1769163972718,-77.7919409480508,-164.627994923304
6.42,1.26714634895325,-11.2347621917725,-3.37572979927063,227.996085816094,14.6669450255576,51.5110805691343,-2.75315380096436,-10.5378589630127,-7.3125171661377,-74.0103998838841,-104.616928347196,-158.404408513858
6.425,0.942661345005035,-11.5541276931763,-3.75081348419189,226.560257109153,10.6162851165822,52.1548600493538,-2.72153878211975,-10.3413753509521,-7.92773771286011,-76.1817784927337,-133.815317690462,-150.666787731474
6.43,0.729443192481995,-11.7919130325317,-4.21514940261841,226.629692812255,0.647819003505085,51.2096916418183,-2.2388002872467,-10.6501016616821,-7.79597425460815,-77.5995208587532,-158.466686178711,-140.568298402097
6.435,0.549704492092133,-12.0050172805786,-4.65628862380981,227.162297303354,-12.4815619675885,49.8644073376088,-1.82671463489532,-11.100528717041,-7.33584690093994,-74.7289152940019,-171.575513082879,-128.532781084483
6.44,0.411165475845337,-12.2257165908813,-4.94723558425903,227.512918234208,-24.697496170808,48.8512068308454,-1.46246826648712,-11.3727493286133,-6.79914903640747,-66.98016813346,-176.524955023416,-114.550229551497
6.445,0.324223399162292,-12.4563074111938,-5.03445768356323,227.284789915929,-34.9622357196779,48.5166812407711,-1.12035536766052,-11.3176326751709,-6.27041864395142,-54.3184522425496,-173.476627936461,-98.6031175377295
6.45,0.340525180101395,-12.6244926452637,-4.87647390365601,225.12328093043,-46.4066752967086,49.5369544084201,-0.645506620407104,-10.666431427002,-5.75266790390015,-39.3068370884529,-156.459648751481,-81.0655754851571
6.455,0.393340587615967,-12.6429996490479,-4.63227033615112,220.962684857895,-57.3479553281521,51.9340332032981,0.146197706460953,-9.71934700012207,-5.62892770767212,-22.6874415075122,-134.996612567794,-62.7603816415777
6.46,0.457880049943924,-12.5839576721191,-4.27769231796265,215.718110443323,-66.4898015321881,55.248874271667,1.58058369159698,-8.43855667114258,-6.24513292312622,-6.64360206226634,-118.395305035323,-45.9142801292532
6.465,0.522394955158234,-12.4849634170532,-3.79696464538574,209.865075456729,-73.041585361442,59.2460853890661,3.88831853866577,-6.80855512619019,-7.79790258407593,6.90231383321397,-112.921311396719,-32.1227177609339
6.47,0.599186956882477,-12.4151172637939,-3.24595427513123,204.353208419177,-76.8857592602977,63.1316502342921,7.48338222503662,-5.24325847625732,-9.80009078979492,4.66491034697881,-138.069596637653,-27.4902870978926
6.475,0.657071113586426,-12.3857765197754,-2.74366450309753,198.81150711533,-80.0104956734977,66.6378117315023,11.2000102996826,-3.8762423992157,-11.4066572189331,-5.4710421431091,-174.900899963327,-25.1425649575043
6.48,0.699776768684387,-12.4023313522339,-2.26319003105164,193.303751851659,-82.2277731535697,69.6656687415148,14.2339715957642,-2.81956505775452,-12.5706310272217,-20.9106958609803,-206.004433971784,-21.3053237006561
6.485,0.729342997074127,-12.4718780517578,-1.78445339202881,187.882767311203,-83.3323581763334,72.1072291433626,15.9033660888672,-2.18141603469849,-13.2275304794312,-39.9134808301551,-217.171984510052,-12.8833896804232
6.49,0.833116829395294,-12.6136035919189,-1.34327054023743,183.22840320319,-80.3480846034147,73.1947523535795,15.6217975616455,-2.90708446502686,-11.9647979736328,-45.057911011117,-170.211333060331,0.975618137907392
6.495,0.995351612567902,-12.7524137496948,-0.963525712490082,179.327026470035,-74.7974835630797,73.3914754620542,14.8384294509888,-4.31953907012939,-9.68857574462891,-41.9862178470114,-121.945528082869,11.7212355544665
6.5,1.18349361419678,-12.8694677352905,-0.648428618907928,176.408541279202,-67.402321635491,72.6795921656205,13.6370134353638,-5.97857904434204,-7.23867559432983,-31.8005718887302,-70.7575222916655,21.2175694301998
6.505,1.35863530635834,-12.9394187927246,-0.406984835863113,174.837365543667,-58.9275117057984,70.9668334387806,12.0906209945679,-7.35010051727295,-5.65688467025757,-15.3385131304153,-14.39085341138,31.7106080520774
6.51,1.61524641513824,-12.9005346298218,-0.15247206389904,173.615922814394,-50.0943285805444,67.952110882542,9.89781475067139,-7.74340915679932,-5.51584148406982,2.99589940865966,28.5250419741293,44.9196030955189
6.515,1.84822475910187,-12.7545642852783,0.0541184693574905,172.510634282146,-41.6737742585237,63.7949777159163,7.81000423431396,-7.63698101043701,-5.46777057647705,20.785288465177,55.1775773420159,58.8496407190711
6.52,2.02799510955811,-12.5016832351685,0.221972972154617,172.041004135194,-34.138262188775,58.4813091076998,5.9536566734314,-7.07774019241333,-5.26016712188721,37.2638250548646,68.6387634601817,73.6272057808789
6.525,2.10398197174072,-12.1307849884033,0.370839536190033,173.282923771599,-28.3948773515691,51.8458042346945,4.51366329193115,-6.05656766891479,-4.5396785736084,51.0969457091889,73.6367407249602,89.7911626404159
6.53,2.22088193893433,-11.6131210327148,0.524085998535156,175.993238456908,-23.3093404767256,44.8539854681625,3.44944310188293,-4.68137454986572,-3.88871550559998,62.1999714503674,70.6634091150919,107.839131559852
6.535,2.3814742565155,-11.0327949523926,0.671313047409058,178.36522655187,-17.3637905778237,38.2437147290459,2.67200899124146,-3.34012889862061,-3.5600733757019,71.914891016335,58.3190374733986,126.067615548863
6.54,2.56964755058289,-10.4251146316528,0.797896087169647,179.965580855539,-10.8630513135583,32.5337790357528,2.19034767150879,-2.12977194786072,-3.54722833633423,80.7378151974557,37.899845440187,143.845682713058
6.545,2.74003052711487,-9.85972881317139,0.863195180892944,180.120626149699,-5.19537314688644,29.0468991625696,2.08984708786011,-1.20313322544098,-3.76798415184021,89.5428989244642,12.9515191098468,159.916448471559
6.55,2.79911303520203,-9.3306999206543,0.859063744544983,178.15357264987,2.97517021141549,25.6353579834789,2.45641827583313,-0.662098348140717,-4.30954885482788,98.363739897888,-5.68410733294671,174.461636837425
6.555,2.77227568626404,-8.84698390960693,0.833719611167908,174.554308844084,12.760697284815,22.1589078091583,3.07199645042419,-0.450941443443298,-4.76555728912354,106.226585368515,-20.972953035265,188.000082640387
6.56,2.66672825813293,-8.41724300384521,0.802952647209167,169.448523873446,23.7761309725299,18.7125890143612,3.80798816680908,-0.5285964012146,-5.04014301300049,112.922424717554,-33.2656952770222,200.656177285611
6.565,2.49073433876038,-8.07294654846191,0.792230904102325,162.932755631685,35.1123257115943,15.8801864051851,4.28235149383545,-0.759147763252258,-5.0922908782959,118.449673341116,-41.2329162834507,212.491611041679
6.57,2.28532719612122,-7.79772806167603,0.791971027851105,155.969118225669,46.1372858056542,13.8780368320799,4.6626443862915,-1.32324707508087,-5.36100006103516,126.686307744261,-36.5322947192833,224.024904549622
6.575,2.04178953170776,-7.55210828781128,0.804402709007263,148.866172281341,56.5703178005786,12.4634081785483,5.09858083724976,-2.17586636543274,-5.6188759803772,135.171041938818,-27.3407264456368,233.626374673476
6.58,1.75400412082672,-7.32367706298828,0.825746476650238,141.756805959193,66.1464957339358,11.577922817754,5.71226024627686,-3.28146457672119,-5.75064992904663,143.346996941377,-16.4987044307593,240.958145615378
6.585,1.4065443277359,-7.11432790756226,0.816461145877838,134.890471428092,73.6662403119855,11.2751900507188,7.05485868453979,-4.4074068069458,-5.46222543716431,153.465498725022,-5.36649072993642,248.282266745409
6.59,0.992680072784424,-6.92361879348755,0.735433220863342,128.238987327524,77.8149245346079,11.2667317152054,8.37065982818604,-5.2069787979126,-5.22893285751343,161.743728980213,8.16032240709584,254.130602561854
6.595,0.532963752746582,-6.73161935806274,0.614775419235229,121.749460672555,78.7500047527393,11.1048383026295,9.38543605804443,-5.7673134803772,-4.95615530014038,168.462749991294,21.6622079149785,258.232213120717
6.6,0.049441535025835,-6.52994680404663,0.473192989826202,115.399283537032,76.3392485040483,10.5324488133886,9.92576789855957,-6.12369441986084,-4.59179544448853,173.753277918603,33.6368136055748,260.39574384221
6.605,-0.21045458316803,-6.35833740234375,0.381942808628082,109.121144406686,69.9203528352862,9.32918975523304,9.77624702453613,-6.32271003723145,-4.13646078109741,178.857437304218,40.0522395382385,261.495950713716
6.61,-0.521260201931,-6.15311527252197,0.280200660228729,102.696081077103,60.5834569191221,8.0827075524624,9.28189086914063,-6.30533742904663,-4.21216154098511,185.714236891237,42.5344395656479,263.140796869638
6.615,-0.862541496753693,-5.88470411300659,0.152440339326859,95.9294058361821,49.0083933893094,6.65517624470175,8.59881210327148,-6.11390209197998,-4.4460973739624,193.196299315636,42.6782184627712,265.624554180179
6.62,-1.21990060806274,-5.52569389343262,-0.0152886807918549,88.6452413127953,35.5992191616733,4.92581204732907,7.83971071243286,-5.77143478393555,-4.55123949050903,200.444619006259,41.609748065244,269.232888477183
6.625,-1.4943733215332,-5.08128070831299,-0.186788246035576,80.1124020959143,20.9374975232835,2.66857539929149,7.33977174758911,-5.40363550186157,-4.50811100006104,206.438369550133,40.5105793824922,273.958395835591
6.63,-1.73269832134247,-4.64898204803467,-0.354397475719452,70.4258483055697,6.98497022122853,0.478496532907207,7.01456546783447,-5.20815563201904,-4.55432415008545,212.333041369908,40.7078659815735,279.231629723921
6.635,-1.92606341838837,-4.22433233261108,-0.517442762851715,59.6208783593922,-5.71943136378672,-1.52203060346577,6.82609462738037,-5.15573072433472,-4.66572046279907,218.444366790155,41.9127215964475,285.196734454417
6.64,-2.05993914604187,-3.80230808258057,-0.674726843833923,47.6557905374043,-16.4025814710224,-3.16464819672811,6.73713684082031,-5.22059535980225,-4.81695938110352,225.185695199066,43.8396955462265,292.087985515609
6.645,-2.1050488948822,-3.38243865966797,-0.751414656639099,38.8330815072425,-22.1871591791127,-4.10702561821405,6.51434898376465,-5.66043663024902,-4.90792846679688,232.373636017426,50.9946977773138,300.466605891221
6.65,-2.09793591499329,-2.9909782409668,-0.762808859348297,28.7773150111237,-27.0783020399885,-5.15450855196908,5.94122457504272,-6.22947645187378,-4.74817800521851,239.486212528483,58.8497841530436,309.170261309055
6.655,-2.0640504360199,-2.64199447631836,-0.707503437995911,17.3628326437927,-31.2661061710821,-6.36114428489552,4.93508529663086,-6.85647106170654,-4.52673053741455,245.872876534552,65.0995233568212,317.221032604505
6.66,-2.04494905471802,-2.36385011672974,-0.574202358722687,4.66909213029815,-34.6151186758687,-7.76131726993568,3.31648731231689,-7.43840217590332,-4.61528730392456,250.279605304018,65.6833679270739,322.819875270948
6.665,-2.0356342792511,-2.18890500068665,-0.38645213842392,-7.52273193203796,-36.6596504265473,-9.35039407751135,1.60464835166931,-8.12598323822021,-4.1264853477478,255.819134607708,56.3397818406177,326.552109199497
6.67,-2.016357421875,-2.02892827987671,-0.175732627511024,-19.4845933434167,-38.2354945963798,-11.1673507552344,0.544257581233978,-9.02785491943359,-3.51201295852661,258.664728019719,35.261763420445,324.888466362978
6.675,-1.97813272476196,-1.86329853534698,0.0512076616287231,-31.3786779338877,-39.405184982312,-13.1509136760606,0.347690612077713,-10.2721900939941,-2.97294282913208,258.733467043526,3.43315296484165,316.656285243172
6.68,-1.90027689933777,-1.6635969877243,0.287658601999283,-43.5717472250869,-40.009772837074,-15.123806133856,1.44050085544586,-12.223482131958,-2.93681502342224,256.923084422879,-36.6042063659598,299.13051160654
6.685,-1.84421277046204,-1.45074594020844,0.549143552780151,-56.2133413787025,-39.2732154822636,-16.5988998907888,2.97123646736145,-14.1726865768433,-3.24330520629883,260.97969769549,-59.8582820745635,279.732528476893
6.69,-1.86396157741547,-1.24204397201538,0.865760087966919,-69.0698918307821,-37.3139347377104,-17.4223167612743,4.42554616928101,-15.2072896957397,-3.93223738670349,266.459203296754,-69.6198108514273,263.006925161906
6.695,-1.98104500770569,-1.06525504589081,1.25206911563873,-82.0713549913873,-34.2234244024413,-17.4584484619837,5.64657258987427,-15.1548099517822,-4.85660839080811,271.332106137451,-67.9366678248286,250.193162429882
6.7,-2.24187684059143,-1.0326474905014,1.74592387676239,-95.1244407217394,-30.3102655929685,-16.2283262698225,6.41666841506958,-14.122838973999,-5.29058218002319,270.571851441315,-61.0748002374453,242.530837652908
6.705,-2.48818755149841,-1.10917556285858,2.12434840202332,-108.489283606568,-27.211159464629,-14.3092659479706,7.11608266830444,-13.2031984329224,-5.31709957122803,265.598708744359,-54.4367237982175,234.549734286992
6.71,-2.78416752815247,-1.34717774391174,2.47073459625244,-122.736095158541,-25.35106843475,-12.1427990989079,7.64343452453613,-12.3554182052612,-5.11756753921509,259.63915012747,-49.0910830744962,225.605874776427
6.715,-3.13550233840942,-1.78738856315613,2.80139875411987,-138.240925102794,-24.9061072235331,-9.89045457386332,7.92555713653564,-11.5910110473633,-4.75774335861206,253.807234085789,-45.815925405205,215.639085154626
6.72,-3.39873027801514,-2.57138657569885,3.025550365448,-156.223829640197,-25.8067342599437,-7.69210269420771,7.69893789291382,-11.0954065322876,-4.32132244110107,248.388435205868,-47.5736950786753,206.179887871183
6.725,-3.57016444206238,-3.65676069259644,3.29571151733398,-173.485370578598,-27.1713736127137,-6.19111014060264,6.9593448638916,-10.6499433517456,-3.81179022789001,242.34994692293,-52.1634046160055,197.445168753004
6.73,-3.72315740585327,-4.99210739135742,3.74214863777161,-186.561904348371,-29.2670839708433,-5.62045637318453,5.94481801986694,-10.1719675064087,-3.42779803276062,236.64878802272,-57.5692056459363,190.194335552767
6.735,-3.89216470718384,-6.57034254074097,4.43504762649536,-192.898789935769,-32.2210690698875,-6.18474397740936,4.7832612991333,-9.60476589202881,-3.28411626815796,231.571361997516,-63.0084267914759,184.751043614482
6.74,-4.01897048950195,-8.50231647491455,5.22393941879272,-183.601495456412,-35.0549316319987,-8.42318650617201,3.79050755500793,-8.74522399902344,-3.43387937545776,222.844606879909,-72.7272805464055,178.243212052537
6.745,-3.91886210441589,-10.7502098083496,5.81146669387817,-170.10468648663,-35.6607113547709,-10.320440595325,3.03508186340332,-7.87043762207031,-3.2000687122345,211.189804306631,-81.5564475204275,170.632359581149
6.75,-3.74267244338989,-13.3340673446655,6.15307998657227,-148.344660017453,-33.3587770950311,-11.7805104974048,2.60070490837097,-7.12163019180298,-2.64394211769104,197.027284119205,-88.6839138438759,162.039216624086
6.755,-3.60579395294189,-16.2904109954834,6.19826698303223,-114.581115666924,-27.4301660652709,-12.7002227899037,2.57366752624512,-6.61891937255859,-1.79452216625214,180.538073651392,-93.3592056515063,152.499764617896
6.76,-4.03529405593872,-19.0940551757813,6.02588033676147,-70.3980289450802,-22.8980281924547,-13.2881799878104,3.18675708770752,-6.26193761825562,-1.1842428445816,158.110683058791,-94.8896051576961,140.643362181076
6.765,-4.13932418823242,-20.8931121826172,6.3215126991272,-31.5784268161647,-25.3666327283212,-14.6547941190241,3.70358443260193,-5.87198257446289,-0.791080713272095,131.698000028893,-90.5647362054332,127.990587007789
6.77,-3.616055727005,-21.4701690673828,7.3632435798645,2.29849888803069,-36.7939182852515,-17.5719013191922,3.94683814048767,-5.47478246688843,-0.535658180713654,102.686689566994,-80.0630471489718,114.481087546529
6.775,-2.03801465034485,-20.4580707550049,9.55784797668457,31.3812460850156,-60.3289913914041,-23.1285146335441,3.67269897460938,-5.10210609436035,-0.32883957028389,72.6191040103308,-62.5054243402395,99.973130541829
6.78,-0.179897725582123,-18.1265087127686,12.4594163894653,61.5881640856526,-93.9269514658853,-27.7367715495654,2.76430344581604,-4.80134916305542,-0.926994383335114,46.3129753465798,-42.1322746122229,81.3136274652444
6.785,1.07247483730316,-15.4900932312012,14.404953956604,87.2773866484735,-120.40911801021,-28.2019330452527,1.60065639019012,-4.70654392242432,-1.66136538982391,22.8190438848927,-22.6727173272089,59.4619876687302
6.79,1.75461661815643,-12.8231058120728,14.9654302597046,104.358740366381,-134.601431482796,-24.2653552246631,0.355591386556625,-4.81266212463379,-2.38780331611633,2.03128950798192,-5.13414391607186,35.0532104243279
6.795,1.967036485672,-10.5352144241333,13.3572072982788,104.770225112928,-127.214991706777,-15.3099253736442,-0.68998908996582,-5.11721706390381,-2.90274357795715,-15.8663945457035,8.76502381375281,8.92031499472222
6.8,2.08941316604614,-9.315260887146,11.1762533187866,85.6227938126055,-95.9184365523751,-4.28045906227948,-1.13067889213562,-5.2921314239502,-3.27275967597961,-31.2526643587956,18.7955143410743,-15.9895684696482
6.805,2.32666969299316,-8.48211860656738,8.41916847229004,60.5696257860528,-57.5946754213512,5.14260780111398,-1.27381145954132,-5.35091876983643,-3.7091920375824,-45.9010568830201,26.7885244342615,-38.6799384207671
6.81,2.67136812210083,-7.97762727737427,5.36455297470093,34.2275498367,-18.2848006062649,11.9639599870012,-1.13597846031189,-5.3047080039978,-4.20046281814575,-59.2717395795887,32.6694812341826,-57.8841251779981
6.815,3.03712058067322,-7.91014814376831,2.79707193374634,14.9453281682017,10.6660191390237,14.3899552415042,-0.628145635128021,-5.17141199111938,-4.64102506637573,-69.0331522432366,35.3635708051186,-69.9626931779511
6.82,3.19326877593994,-8.33396816253662,1.59095573425293,8.12281954591059,24.2680855927838,13.5840432920878,0.115996696054935,-5.11375188827515,-4.84756135940552,-80.5391386548783,35.5300805717998,-81.870390335438
6.825,3.22287940979004,-8.86497211456299,1.10519754886627,10.0606543502436,28.5126076147453,11.6166858488411,0.722666442394257,-5.33230304718018,-4.91915559768677,-92.952344943027,34.024286822095,-93.3181425542162
6.83,3.18245482444763,-9.32578468322754,1.12050533294678,19.5821933315616,24.6864995662442,9.11419759827585,1.04894638061523,-5.95418548583984,-4.81016302108765,-105.390659006565,31.6950352207698,-103.512828267864
6.835,3.25260424613953,-9.2727575302124,1.25452172756195,34.8958189601887,12.8041321652944,6.92892382333352,0.80167144536972,-7.37204837799072,-4.20849323272705,-114.574920685346,31.6483269721306,-109.042378665177
6.84,3.58730149269104,-8.7290153503418,1.53678250312805,48.9780331984487,-2.51468291299805,6.06504192399713,0.0810495764017105,-9.30784893035889,-3.33929514884949,-116.823350658223,29.9791994937088,-109.44180129765
6.845,3.96561360359192,-7.9910945892334,2.10784268379211,59.6143145475998,-16.1954320787797,6.04171042467919,-1.47604048252106,-11.4122009277344,-1.87716639041901,-109.931826389464,29.9017963749396,-102.530011857623
6.85,4.29415225982666,-7.21509885787964,2.98171710968018,65.9962042514388,-26.4375278430037,6.76512948373426,-4.00363159179688,-13.5449552536011,0.327440917491913,-93.2316860197022,34.7380586658343,-86.9412798696064
6.855,4.42247438430786,-6.88293504714966,3.81179976463318,68.6074538730264,-33.2006787063128,8.5970788535723,-7.36628723144531,-15.5036134719849,3.427818775177,-69.7198936133355,61.8266606310912,-59.5753414881957
6.86,4.41505432128906,-7.02022933959961,4.12855863571167,69.3568895495169,-29.9018783372097,11.063817040248,-9.07354640960693,-17.1516494750977,4.60120534896851,-47.1689858797846,75.4651755355834,-33.0126470135569
6.865,4.33382368087769,-7.29202508926392,4.08155727386475,68.0002568860014,-18.4768979691243,13.4493912352429,-9.09983730316162,-17.857852935791,4.73084115982056,-31.0451119853918,70.3931043786886,-13.2226870114064
6.87,4.2048020362854,-7.52399015426636,3.7277946472168,63.9678976151335,0.462635286189703,15.317588845893,-7.39477634429932,-17.2408008575439,4.2640814781189,-24.6221677219992,43.9554979885095,-3.85666887616864
6.875,3.98178648948669,-7.62572431564331,3.03617143630981,51.43260852576,26.1711794936772,15.6992837223754,-4.97537994384766,-15.3732042312622,3.90628361701965,-28.4744883289875,17.0480531306089,-7.15364771919751
6.88,3.51698327064514,-7.8929500579834,2.19420409202576,33.1643660055904,54.5659680527871,14.1560443143197,-3.15767812728882,-13.8234806060791,3.49448823928833,-36.0784184036522,-4.98365990761767,-17.2264030302162
6.885,2.72582817077637,-8.47015762329102,1.4074159860611,13.1830855745987,83.1460442761538,10.8331026415951,-1.28486609458923,-12.5515823364258,2.44957280158997,-46.7099220354789,-22.9022885229495,-31.0585845335297
6.89,1.52103352546692,-9.49132919311523,0.842765331268311,-5.41658504485659,109.932195219679,5.7370874027912,1.16919195652008,-11.5426473617554,0.271840333938599,-59.9780835926055,-37.0630174932662,-46.4795943962877
6.895,-0.167319253087044,-11.5637216567993,1.09982979297638,-9.97567740545851,127.028308976382,1.31856225629885,3.91276526451111,-11.3026647567749,-0.791263341903687,-67.284371098714,-38.9025206254395,-55.6016262215415
6.9,-1.52872490882874,-13.596941947937,1.48834776878357,-5.23669621825184,135.663252691166,-1.24254876086066,6.15059852600098,-11.5295705795288,-1.27440941333771,-75.1900281950586,-29.7198401354505,-62.7091757133702
6.905,-2.75823926925659,-15.9628009796143,2.01622080802917,6.21264145818746,134.908585089771,-2.38539148743453,7.85714864730835,-12.1155958175659,-1.2386931180954,-82.974387961933,-10.0588059302994,-67.6170491226178
6.91,-4.09078693389893,-19.1540336608887,2.70409631729126,21.6372811396025,122.875567621393,-2.55261543577078,8.95945358276367,-12.9529609680176,-0.720962584018707,-89.7226626732298,20.2033426875136,-69.9233786090885
6.915,-5.50594472885132,-22.2411289215088,3.11679530143738,35.4071030157937,94.522127319971,-1.73547241420308,9.67780494689941,-13.3992872238159,-0.184585243463516,-93.9396419573632,49.2056014412152,-70.2400466695778
6.92,-6.6219539642334,-23.5373859405518,2.98577451705933,44.2336915934041,61.8619180675868,0.980051571008965,10.2271852493286,-13.3032569885254,-0.0660107433795929,-97.8133017828659,71.4273179624336,-70.3250961851228
6.925,-7.32924699783325,-22.79660987854,2.30511546134949,47.218456939943,29.172803454635,5.64311723330334,10.5735101699829,-12.7744159698486,-0.44022735953331,-101.663062776463,86.7120587210607,-70.2991619568443
6.93,-7.41738367080688,-19.5154438018799,1.0340164899826,42.3900186307425,3.29258809860962,12.4556644515768,10.6082019805908,-11.9906892776489,-1.45524871349335,-105.861306851703,94.6143007228204,-70.1940726662745
6.935,-6.34102010726929,-15.4918355941772,-0.223165512084961,32.2567704686791,-10.8371725805668,15.6785745888119,9.99912357330322,-11.454532623291,-3.18998050689697,-108.862594425844,98.2178197364599,-69.8458901129547
6.94,-4.67244815826416,-12.0052251815796,-1.27334296703339,23.1144222457391,-18.8807892528619,15.8382148927353,8.67114067077637,-11.1301822662354,-4.92781543731689,-109.615233461055,100.932218874893,-69.2554885610988
6.945,-2.69692754745483,-9.21756839752197,-2.03693151473999,15.7565736415862,-22.9974296429932,12.5349194053847,6.70556211471558,-10.9940776824951,-6.3257155418396,-107.691531171889,103.079575708432,-68.4077049907494
6.95,-1.00829207897186,-7.19830226898193,-2.32657313346863,10.3647625466229,-27.0515550191987,4.09981379222416,4.30828094482422,-11.0078039169312,-6.61542987823486,-101.986431252528,104.305389758774,-67.2347361140155
6.955,0.126989603042603,-5.51487636566162,-2.27125453948975,7.86579184348019,-34.404677132446,-6.31678562133087,2.78436303138733,-11.0011215209961,-6.57556104660034,-96.2099558563404,100.455417029313,-66.0727570116563
6.96,0.943194150924683,-4.12015676498413,-2.0897204875946,4.98321978730303,-41.6988786188181,-15.0746014510752,1.59920239448547,-10.9729242324829,-6.40834999084473,-90.5090974844542,90.7911979575541,-65.1155196598574
6.965,1.51474952697754,-3.07617163658142,-1.78050899505615,0.281423323876683,-47.5220554334555,-21.0938046948919,0.622826039791107,-10.8865842819214,-6.16444206237793,-85.1698839687419,76.0250802927952,-64.3951600986636
6.97,1.95470988750458,-2.71951341629028,-1.11805462837219,-9.66272923674592,-48.6423020799859,-22.9754757074535,-0.216696336865425,-10.5722751617432,-5.87794160842896,-81.3801330171928,60.2196810439272,-63.8679173060628
6.975,2.18370676040649,-3.00747799873352,-0.55012458562851,-22.9652304236985,-43.3261711885737,-22.6704377515735,-0.855191946029663,-10.0737676620483,-5.93067073822021,-76.9922828905932,36.0169945124463,-62.2625701341105
6.98,2.06268262863159,-3.78489232063293,-0.36421075463295,-37.6331641191384,-32.8484253602477,-20.8707102260318,-1.38213193416595,-9.47489166259766,-6.27174282073975,-71.713858058494,7.95547051973517,-59.1022484353348
6.985,1.50838911533356,-5.01967763900757,-0.659393072128296,-52.758187734214,-17.7748211167914,-17.744918548605,-1.77398860454559,-8.84003353118896,-6.87554025650024,-65.7208793259956,-21.6258747236886,-54.2133902727364
6.99,0.324750751256943,-6.7595682144165,-1.34220457077026,-66.2127485688849,-0.416204780789867,-13.1126330270836,-1.62438499927521,-8.47885322570801,-7.60497045516968,-61.4484389058017,-45.5310108941671,-47.9076366875756
6.995,-1.07661056518555,-8.54804611206055,-2.10150408744812,-76.1848384174818,15.8193174668492,-8.53114618374052,-0.458805531263351,-8.54926109313965,-7.9851245880127,-57.9531305791827,-64.3054592242938,-42.4977887705616
7.0,-2.32542681694031,-10.031099319458,-2.80458784103394,-83.5349210965484,30.0881478411597,-4.54339060947371,1.319748878479,-8.87440299987793,-8.00839424133301,-54.7763959358314,-76.510139837082,-38.2297777280445
7.005,-3.23556518554688,-11.0171356201172,-3.38789629936218,-88.6311301419701,41.6400023881726,-1.4789470508418,3.48966717720032,-9.37440967559814,-7.63907432556152,-51.7152519988989,-80.7453693866777,-35.3019864044672
7.01,-4.12672853469849,-11.7260513305664,-4.02426958084106,-92.547383027137,46.9505905810734,0.481304114182052,5.2774863243103,-10.0369930267334,-6.66367387771606,-49.1535553997397,-72.0577171020691,-33.8072063347991
7.015,-4.96264457702637,-12.1267318725586,-4.51586055755615,-96.262568803517,48.176599291807,2.07145571605665,6.32993125915527,-10.5957498550415,-5.68166303634644,-46.237757888345,-58.3958429506154,-32.8725495883962
7.02,-5.6009669303894,-12.2025537490845,-4.78199243545532,-99.2727219632008,46.3062237045852,3.35556201587031,6.60888481140137,-11.0114421844482,-4.74847173690796,-43.0319266391295,-40.1884335102886,-31.9431384272759
7.025,-5.91630077362061,-11.9203968048096,-4.74464988708496,-101.133559191247,41.9364052773945,4.36586673586908,6.03665113449097,-11.2440805435181,-3.91120767593384,-39.5692939374999,-17.4983965308918,-30.5776538385961
7.03,-5.64878749847412,-11.4817762374878,-4.43076705932617,-98.6826755811818,32.6673024038373,3.7563508996209,4.83163642883301,-11.2718944549561,-3.25652503967285,-36.15138872965,2.55400303138935,-28.5613324767369
7.035,-5.1705756187439,-11.08518409729,-4.13998508453369,-93.5175430968456,18.540463124635,1.02687369170817,3.9307177066803,-11.2410039901733,-2.8473105430603,-33.3178403562406,18.5582233240243,-26.7288695620506
7.04,-4.55038404464722,-10.7374906539917,-3.89221000671387,-87.1771467922144,2.44515820399308,-2.95794831631013,3.25591421127319,-11.1413860321045,-2.52122831344604,-31.1379820675365,30.9456200348468,-25.1985178671851
7.045,-3.86362981796265,-10.4510860443115,-3.71575903892517,-81.5046610261405,-12.1399193203991,-7.2083664990726,2.72664427757263,-10.9551591873169,-2.08071303367615,-29.7492167790707,39.9799351556848,-24.14208567807
7.05,-3.23361492156982,-10.2332391738892,-3.46039414405823,-74.2979986592658,-30.7278087173097,-12.9031391724083,2.25489258766174,-10.6295719146729,-1.62776184082031,-29.1196850734598,44.3961100767724,-23.4591794591901
7.055,-2.58013987541199,-10.0721378326416,-3.03876304626465,-66.8447664633537,-48.4714927092223,-18.1982142981567,1.71749830245972,-10.3477182388306,-1.3950080871582,-28.8467609595098,47.9511893888182,-22.3743558812426
7.06,-1.91033804416656,-9.96070575714111,-2.45600152015686,-59.736212933717,-63.5510238493309,-22.6409227966225,1.14634001255035,-10.1548585891724,-1.35800158977509,-28.7106626101082,50.6163804293759,-20.9395295045615
7.065,-1.24444878101349,-9.89200496673584,-1.71407330036163,-53.9933045022057,-72.7478667365639,-25.4779613966978,0.611230194568634,-10.1268424987793,-1.46653270721436,-28.3517515371496,51.847972819756,-19.2978388960356
7.07,-0.775756061077118,-9.80654335021973,-1.04759538173676,-49.149067965455,-77.3245647635252,-26.917925783182,0.348016351461411,-10.2131814956665,-1.68439722061157,-27.8143710362732,51.486403095663,-18.2769663792869
7.075,-0.496059149503708,-9.6848030090332,-0.522043228149414,-45.3451238808107,-79.3920083837747,-27.6137752105391,0.193673804402351,-10.331205368042,-1.9394303560257,-27.067867218484,50.2779001597722,-18.0443899003115
7.08,-0.396910548210144,-9.52401065826416,-0.156249418854713,-42.83721843646,-79.028963338821,-27.4794424650379,0.088206946849823,-10.4473676681519,-2.20881223678589,-26.0341317479809,48.5437766012085,-18.5187567834527
7.085,-0.473131239414215,-9.31964015960693,0.0042851963080465,-42.4356442943982,-75.4760150457963,-25.9516333080909,-0.0791920572519302,-10.4939775466919,-2.45370244979858,-24.4709797771737,46.8996237094868,-19.4667580119465
7.09,-0.545158088207245,-9.0780725479126,0.037705771625042,-45.3816209966406,-68.3781097810757,-23.3192237604546,-0.273202061653137,-10.4230089187622,-2.73238134384155,-23.2608478411658,44.5848657695803,-20.606310188166
7.095,-0.532110631465912,-8.87921142578125,0.0160976368933916,-50.5327686686512,-58.457253181443,-20.1826113558353,-0.497717499732971,-10.3091611862183,-3.03076577186584,-22.1157273532255,41.4436002985889,-21.66061135826
7.1,-0.425036013126373,-8.74281311035156,-0.0321514494717121,-57.3251629868917,-45.8187428582377,-16.7879714798458,-0.731359779834747,-10.1705408096313,-3.32666683197021,-20.8943068220669,37.2315080148067,-22.5617626116894
7.105,-0.263034611940384,-8.68116474151611,-0.0466506406664848,-64.2695324292596,-30.2320223609314,-13.683735025666,-0.870468080043793,-10.0169448852539,-3.53062009811401,-19.2251332398681,30.964290356943,-23.2696980587829
7.11,-0.0389845483005047,-8.59620380401611,-0.0081007052212953,-69.7839402971827,-14.620491201465,-11.0739837768276,-0.807347416877747,-9.83876991271973,-3.59840559959412,-18.0087431430333,23.6059824225684,-23.5939442141563
7.115,0.210402965545654,-8.50260162353516,0.0089329779148101,-74.1808950659459,0.239165343688211,-8.68350892110329,-0.674471199512482,-9.67606067657471,-3.60261726379395,-17.3328071322013,16.1486760188164,-23.5982489408807
7.12,0.464728742837906,-8.41251087188721,-0.035550307482481,-77.5104825127329,13.9586629463637,-6.43841891073093,-0.509354054927826,-9.54110908508301,-3.56214547157288,-17.1511104399006,8.95664306337022,-23.2551634162291
7.125,0.655420958995819,-8.38497638702393,-0.25112247467041,-79.5931574548316,25.7556120015534,-4.44959375603604,-0.265248864889145,-9.41824245452881,-3.44437551498413,-16.7176837106445,2.24057674943486,-22.2497971364436
7.13,0.806931138038635,-8.49009418487549,-0.527546405792236,-80.479948235531,35.0615022739803,-3.34951559090756,0.145344913005829,-9.33495044708252,-3.37634801864624,-16.3592695339481,-2.67744738813652,-21.3080216253783
7.135,0.917562544345856,-8.67189884185791,-0.852501153945923,-80.4013600789408,42.2289252040732,-3.08219607405842,0.656193375587463,-9.33559799194336,-3.2613091468811,-15.9972336494443,-6.4854029282578,-20.3588199911379
7.14,0.978859007358551,-8.90035247802734,-1.22044169902802,-79.4588144640466,47.2866290580489,-3.6416908064766,1.23607265949249,-9.44536781311035,-3.0502622127533,-15.613846593595,-9.42692122451946,-19.3628213157991
7.145,0.895607054233551,-9.08977317810059,-1.60008037090302,-78.2535319623494,49.5408988426657,-4.62012607725151,1.85191893577576,-9.61215209960938,-2.82744407653809,-15.6407404634519,-10.4617000064183,-18.2935432484026
7.15,0.717814326286316,-9.21720790863037,-1.91622591018677,-76.6404598464459,50.8928528265997,-6.02838259117438,2.38560962677002,-9.75251865386963,-2.65869092941284,-15.5347888614994,-8.03724325202585,-17.224627181032
7.155,0.487352728843689,-9.28414154052734,-2.16789150238037,-74.5991348695825,51.584750989522,-7.69600017090285,2.78125357627869,-9.85801887512207,-2.49920201301575,-15.3390322247922,-2.76661999006267,-16.0876568163188
7.16,0.234324142336845,-9.28805160522461,-2.35034394264221,-72.0870664249327,51.7690090027614,-9.50318626301818,2.98591375350952,-9.9197940826416,-2.31388759613037,-15.0822307723781,5.03647007650657,-14.8240120557112
7.165,0.0577305033802986,-9.19149303436279,-2.45934438705444,-68.9878749192286,52.0526633438975,-10.8455216330535,2.77128958702087,-9.92469787597656,-1.99292123317719,-14.6321110607905,13.2897671530187,-13.2295078090663
7.17,-0.0542584620416164,-9.10601425170898,-2.51692676544189,-66.0129723658512,52.4359633148349,-11.9909187436552,2.3142728805542,-9.88587665557861,-1.75845658779144,-13.9956074395843,19.4677449742816,-11.7698741853198
7.175,-0.100267857313156,-9.05273342132568,-2.52233672142029,-63.3979183288959,52.8188739649895,-13.0345281063772,1.65387773513794,-9.81702995300293,-1.60773372650146,-13.3436812512322,23.0746073655198,-10.621730484898
7.18,-0.0734948962926865,-9.0606575012207,-2.47061347961426,-61.4663340014271,53.0756788324982,-14.0880651490578,0.82347846031189,-9.73305988311768,-1.54372680187225,-12.8899475158,23.2896507488958,-10.0309447349013
7.185,0.0063643637113273,-9.1226863861084,-2.3715615272522,-60.3659290544355,53.2032701812887,-15.1989877335976,0.0344241671264172,-9.67816257476807,-1.65192949771881,-12.6951334451984,19.8650946443416,-10.5971913227575
7.19,0.0298705287277699,-9.20250988006592,-2.24450612068176,-59.6889753454172,53.2519011281792,-16.2681735934403,-0.463408857584,-9.65456485748291,-1.81872951984406,-12.7748707811164,15.5463814000682,-11.8217665475389
7.195,-0.0121502289548516,-9.28438758850098,-2.084801197052,-59.314660488333,53.0464114719047,-17.333517471875,-0.689156830310822,-9.67586898803711,-2.03529715538025,-12.9957258017024,11.7282689417643,-13.4682579252777
7.2,-0.13245752453804,-9.3425407409668,-1.87817203998566,-59.0888271136157,52.2228921485817,-18.4768604030838,-0.676740229129791,-9.77233791351318,-2.30210041999817,-13.1180869331359,10.8171584187514,-15.1856261760338
7.205,-0.199201330542564,-9.37500667572021,-1.69444715976715,-58.7013436518117,51.3393661983055,-19.1498918759713,-0.44454762339592,-9.91071224212646,-2.61915898323059,-13.0627316650075,14.6383128725569,-16.1741372564949
7.21,-0.291907697916031,-9.40974521636963,-1.4314044713974,-58.0974661367234,51.2492725880585,-19.3561687115475,-0.205103114247322,-9.99299812316895,-2.8830771446228,-12.9627889219773,18.7788059908172,-16.6995171149996
7.215,-0.445459336042404,-9.44071102142334,-1.10107612609863,-57.255911698897,51.9388109206226,-19.0997907308619,-0.0521000698208809,-9.98636341094971,-3.06065845489502,-12.8394749791546,22.6988735366355,-16.8368141626006
7.22,-0.737945973873138,-9.43980693817139,-0.769519329071045,-56.1131185979163,53.1283634966611,-18.3493219882595,-0.188677817583084,-9.82284355163574,-3.08508276939392,-12.7039768326262,26.4129511148227,-16.6724422451296
7.225,-0.987403333187103,-9.37061214447021,-0.559496581554413,-54.9939374608963,55.6535219988553,-16.8961941196974,-0.541290521621704,-9.60732269287109,-3.05656313896179,-12.8229143317383,27.8684780873308,-16.4683220417838
7.23,-1.20760726928711,-9.27266025543213,-0.436005115509033,-53.7823131285548,58.8479604925352,-15.1291985682057,-0.819652140140533,-9.40852642059326,-3.00931930541992,-13.0479494280963,26.9512041723656,-16.4669884473484
7.235,-1.40405440330505,-9.15764617919922,-0.390397936105728,-52.4355569185792,62.341370026565,-13.1947054339241,-0.939783751964569,-9.25402736663818,-2.93909120559692,-13.3678157246645,24.1911964457497,-16.7500605148577
7.24,-1.58861935138702,-9.04059886932373,-0.417324900627136,-50.8705010325409,65.0719293925743,-11.3869814644117,-0.800069749355316,-9.20378303527832,-2.79177951812744,-13.8782758887009,22.1763418670147,-17.4558837259503
7.245,-1.75892901420593,-8.94047546386719,-0.526369631290436,-49.5919408463332,66.3471462011832,-10.179182891779,-0.61028778553009,-9.18057155609131,-2.71347188949585,-14.2228290502504,21.2061425237184,-18.5469705873667
7.25,-1.89761769771576,-8.8399076461792,-0.684826552867889,-48.319343415271,66.7479963431929,-9.21830675669976,-0.494277477264404,-9.13073253631592,-2.68465995788574,-14.6121259272791,19.8650229273553,-19.6481661287547
7.255,-2.00231385231018,-8.72784900665283,-0.883776724338531,-46.9990985845589,66.4481305480619,-8.39376290500124,-0.510336756706238,-9.03532981872559,-2.69655752182007,-15.104133481499,17.4372099887595,-20.6257130480507
7.26,-2.1097047328949,-8.56379222869873,-1.12945437431335,-45.9722650202121,65.4577189674642,-7.72988047050705,-0.765847682952881,-8.89708614349365,-2.72014689445496,-15.5721141377662,12.1820556111625,-21.4387070498627
7.265,-2.19264078140259,-8.34653186798096,-1.34103071689606,-45.8804502022942,64.0595860745517,-7.42678058080398,-1.06661176681519,-8.76755905151367,-2.70501852035522,-16.2519296960468,6.06901880164137,-21.8252018417844
7.27,-2.2742965221405,-8.12264728546143,-1.48553168773651,-46.205655999246,62.1594342776433,-7.53256825821643,-1.32030713558197,-8.65792942047119,-2.7021632194519,-16.8660917684778,-0.617054604183732,-21.9297891134502
7.275,-2.37027430534363,-7.92132997512817,-1.54495334625244,-46.6618409188165,59.6528982862212,-8.10147178965971,-1.47166001796722,-8.57356643676758,-2.74669551849365,-17.2666328444276,-7.74231397611741,-21.8247373889208
7.28,-2.54253268241882,-7.83209943771362,-1.57554996013641,-46.6041702165595,56.0591976695136,-9.24368176324001,-1.44986915588379,-8.48502254486084,-2.97399210929871,-17.491918096464,-15.0304357403546,-21.7191665700145
7.285,-2.72585988044739,-7.84463262557983,-1.67539322376251,-46.5647634401432,51.947464770301,-10.5241663552463,-1.32454907894135,-8.46790790557861,-3.12489938735962,-17.455911046707,-20.3793686152559,-21.7290088726085
7.29,-2.88509702682495,-7.94469213485718,-1.83768534660339,-46.8062960046677,47.6334865546696,-11.7435574664477,-1.0817666053772,-8.54016971588135,-3.21451210975647,-17.2123003971274,-24.6425251008204,-21.825456266331
7.295,-2.99078512191772,-8.12630653381348,-2.06083941459656,-47.5550315867683,43.3562206058271,-12.7394340521551,-0.703240513801575,-8.72156715393066,-3.25109171867371,-16.7911099517694,-28.4326773259832,-21.990885155576
7.3,-2.99002265930176,-8.3626651763916,-2.34437441825867,-48.8485089061232,39.1709914560506,-13.2531624617093,-0.122287109494209,-9.03206348419189,-3.33595681190491,-16.5489336419156,-30.7771534189684,-22.5605946493413
7.305,-2.95295286178589,-8.53267574310303,-2.56014680862427,-50.483666438708,34.5089775361667,-13.4927672053407,0.530423045158386,-9.35903930664063,-3.37983250617981,-16.4539035124459,-31.3311637229265,-23.2785397386634
7.31,-2.86701583862305,-8.66629981994629,-2.72146558761597,-52.4296522200418,29.3099434078851,-13.4987282529388,1.20956897735596,-9.70155334472656,-3.36333107948303,-16.2140016555857,-29.8475749182135,-24.0270055282918
7.315,-2.71267342567444,-8.79838180541992,-2.84086322784424,-54.6716140037743,23.4568998835546,-13.3039355266783,1.86024236679077,-10.0596151351929,-3.25744843482971,-15.4511822234166,-25.8591508391816,-24.6604475172025
7.32,-2.50733089447021,-8.9320592880249,-2.87433195114136,-57.5550671543543,17.6130361334686,-13.0083198167582,2.34513115882874,-10.3219308853149,-3.15974736213684,-14.7522848241423,-18.4075920396161,-25.1501584203141
7.325,-2.27669334411621,-9.04240989685059,-2.82028222084045,-60.4664899295856,12.2022550418592,-12.7880231641369,2.68514752388,-10.4932584762573,-3.00918960571289,-14.3287550389936,-10.2671207235693,-25.5421976182945
7.33,-2.01915407180786,-9.12035274505615,-2.67925643920898,-63.1264934414688,7.48141184888032,-12.6554927348029,2.87352681159973,-10.5788917541504,-2.80374312400818,-14.1207143070641,-2.01779070630445,-25.7616737944418
7.335,-1.72613167762756,-9.1478853225708,-2.44329500198364,-65.0438231641397,3.96518094528628,-12.6250053316689,2.87928891181946,-10.5793352127075,-2.54020476341248,-14.0151366579687,5.54483422624145,-25.6436720312461
7.34,-1.40218806266785,-9.15063858032227,-2.13263916969299,-66.0922435413583,2.66844434503679,-12.6758176702256,2.58334946632385,-10.498815536499,-2.2765097618103,-14.219513847182,13.0067761940058,-25.1318791265478
7.345,-1.05920457839966,-9.18682384490967,-1.82768130302429,-66.6134484467328,2.43404249800571,-12.7359737075668,1.99863529205322,-10.4290523529053,-1.9314296245575,-14.4188981681121,19.8911381556469,-24.7067459544915
7.35,-0.706707656383514,-9.27106857299805,-1.5713894367218,-66.6885532068463,3.26008621655729,-12.853175484856,1.24085903167725,-10.3889608383179,-1.54368686676025,-14.7052453113284,25.2177790006445,-24.592452984015
7.355,-0.367226183414459,-9.42912101745605,-1.463951587677,-66.3887830343636,5.65826958109019,-13.1975433775243,0.626204967498779,-10.4029245376587,-1.25158751010895,-15.4684950454152,26.1671923707492,-25.2947193740974
7.36,-0.0169545393437147,-9.60463523864746,-1.56454157829285,-65.4896159508881,9.39268917017301,-13.6460887305082,0.0173626691102982,-10.4221677780151,-1.018998503685,-16.7208392580411,24.0632157761766,-26.6650824253919
7.365,0.321829289197922,-9.76086139678955,-1.71847581863403,-64.3920660229696,13.3363729488203,-14.2998761454091,-0.622399151325226,-10.3853054046631,-0.784432351589203,-17.8585097171442,21.302946794825,-28.0203968623975
7.37,0.636061191558838,-9.8874340057373,-1.86024796962738,-63.2245203164368,17.0419674320584,-15.2016668752995,-1.29689061641693,-10.2771530151367,-0.569094598293304,-18.8595422419013,18.1407041053452,-29.2982159730802
7.375,0.887053251266479,-9.97273921966553,-1.83884620666504,-62.1851226191118,19.5487919989729,-16.4499368800854,-1.98716056346893,-10.0882396697998,-0.533431768417358,-20.2252095381414,13.3662097764359,-30.890285257286
7.38,1.08406054973602,-9.98076248168945,-1.7569591999054,-61.3259326328483,21.5677378610207,-17.903254286397,-2.65792465209961,-9.94319248199463,-0.516339719295502,-21.6081008639209,8.06133076790755,-32.8220198489165
7.385,1.23092365264893,-10.0256757736206,-1.67479300498962,-60.6068093358944,24.2725457063119,-19.3075172740895,-3.14337563514709,-9.81260871887207,-0.527303695678711,-23.0679376857953,2.22831762709175,-35.1219460330403
7.39,1.31320023536682,-10.1564836502075,-1.61807763576508,-59.749627425247,28.0831133669039,-20.5799012617401,-3.35882186889648,-9.68309688568115,-0.583775579929352,-24.7111121529184,-3.91264184953007,-37.8060293768423
7.395,1.21732497215271,-10.4420413970947,-1.62715804576874,-56.6047317087117,32.9593476323687,-21.7688971773614,-3.12902593612671,-9.52477359771729,-0.792271792888641,-27.2053111151522,-8.47421228814023,-40.8315948583883
7.4,0.978391408920288,-10.6709623336792,-1.70098066329956,-50.9390488110511,38.118052908696,-22.7339482655708,-2.79484724998474,-9.40950202941895,-0.997232913970947,-29.4807835145,-9.84406734411518,-43.981251216775
7.405,0.697471559047699,-10.8227453231812,-1.7890841960907,-43.9106680418921,43.4196867235949,-23.3538186686007,-2.47573781013489,-9.36428165435791,-1.1998199224472,-31.3994451240591,-9.05506608931011,-47.2325544503899
7.41,0.421081960201263,-10.8863906860352,-1.86374819278717,-36.1306659357082,48.8004653555013,-23.5235130109824,-2.23382997512817,-9.40883159637451,-1.39493095874786,-32.8831056457585,-6.58193313802394,-50.6049876738404
7.415,0.0683216378092766,-10.9358644485474,-1.89110910892487,-28.9592097789103,54.2949359012372,-22.8500990475015,-2.03764414787292,-9.57153129577637,-1.48207879066467,-34.1929310228918,-3.31645235268282,-54.56088297695
7.42,-0.401159554719925,-11.0299310684204,-1.91747105121613,-22.4841477570559,59.978664158685,-21.8896959030222,-1.82904529571533,-9.74457931518555,-1.60205495357513,-35.4399289049448,-0.384404433870493,-58.8452284168672
7.425,-0.964616060256958,-11.1362905502319,-1.94467866420746,-16.2572077247279,65.5191428586701,-20.6541607859438,-1.64838540554047,-9.92897891998291,-1.73731052875519,-36.4764715831968,2.26659293998344,-63.2500310729868
7.43,-1.60969793796539,-11.2299852371216,-1.97425186634064,-9.93678801587174,70.6429458683385,-19.1360897712059,-1.52949202060699,-10.1262245178223,-1.87481307983398,-37.172163916203,4.6610243962279,-67.6171447452662
7.435,-2.23197412490845,-11.2210521697998,-1.99323046207428,-3.4774119503331,74.1290061188214,-17.0607965560528,-1.48794174194336,-10.2544689178467,-1.9589262008667,-38.1024595868208,7.87719142920494,-71.1301705825922
7.44,-2.76149797439575,-11.1291513442993,-2.01367568969727,1.86339684143725,76.4403899452779,-14.6137463896596,-1.49618268013,-10.3974418640137,-2.03600287437439,-38.7247205560603,10.7975600447017,-74.2104629548629
7.445,-3.17731666564941,-10.9799852371216,-2.03880786895752,5.72643486900692,77.6536227871689,-12.2121588161557,-1.54164087772369,-10.5323305130005,-2.112468957901,-39.071298014925,13.0624097923429,-76.738370608198
7.45,-3.44435811042786,-10.8014421463013,-2.07303261756897,7.54671955640305,77.7803910981643,-10.3837325432689,-1.61138105392456,-10.6298532485962,-2.19635033607483,-39.1616306817931,14.169358914333,-78.521036321193
7.455,-3.52694988250732,-10.6619729995728,-2.16090488433838,8.02616895406032,75.8804988484444,-8.47961667532101,-1.72466063499451,-10.6451044082642,-2.19105672836304,-39.2519667637556,15.3218833273336,-80.7638723691392
7.46,-3.54488444328308,-10.5706043243408,-2.30264687538147,7.94832528808969,72.6885943549465,-6.85511722604918,-1.86516189575195,-10.665638923645,-2.12974214553833,-39.3602457526679,17.2524619094471,-83.4673636954679
7.465,-3.52904009819031,-10.5059623718262,-2.47709822654724,7.54817267914897,68.3970157446983,-5.67587268612861,-2.01117253303528,-10.6838674545288,-2.0584921836853,-39.3945674532472,19.4557614073828,-86.604483241633
7.47,-3.52175831794739,-10.4294109344482,-2.64758467674255,7.15453692445009,63.1771529545428,-5.26518792548773,-2.12385129928589,-10.6759510040283,-2.06008958816528,-39.1711314749285,20.9259118149038,-90.1696370827046
7.475,-3.51473069190979,-10.3218040466309,-2.70042681694031,6.85808707767767,57.3860882742882,-5.49277324372714,-2.16099643707275,-10.5967302322388,-1.96019625663757,-38.8636978301971,21.6425608758309,-94.0214676236199
7.48,-3.50636148452759,-10.2462062835693,-2.57809114456177,5.81537375039742,51.3982424289511,-5.98261263977247,-2.16360020637512,-10.4873380661011,-1.8525984287262,-39.312383202059,21.6087463167975,-97.8645623525868
7.485,-3.49030423164368,-10.2166767120361,-2.26463055610657,4.03986949074719,45.4237837543871,-6.63228998834033,-2.17342686653137,-10.352198600769,-1.82750189304352,-40.3631360888792,21.735917608954,-101.745967612608
7.49,-3.44797873497009,-10.2553606033325,-1.71719789505005,1.81085774568104,39.9391691716236,-7.29513295342021,-2.29772210121155,-10.186882019043,-2.12071943283081,-41.3170710442144,24.6890916230343,-105.91350315734
7.495,-3.43429851531982,-10.7067337036133,-1.18126285076141,-0.188341519207963,35.121150316002,-7.80493058910715,-2.42632603645325,-10.1979866027832,-2.35006809234619,-42.9631944455117,30.7030868476088,-109.957569372445
7.5,-3.59151792526245,-11.4070701599121,-1.01368081569672,-0.149534185272735,31.8810998190447,-8.12994087189397,-2.51950287818909,-10.4180946350098,-2.5093150138855,-44.8647908274295,35.9488121490566,-113.723776661925
7.505,-3.91857147216797,-12.2248878479004,-1.26595425605774,2.69118994218999,30.8681281236184,-8.08147128822262,-2.57027292251587,-10.8226079940796,-2.59935617446899,-46.9036432758133,39.5826332969489,-117.168370833957
7.51,-4.26822900772095,-12.7103338241577,-1.82157242298126,10.090551795788,34.2000719856691,-6.81070605540529,-2.58580279350281,-11.2641496658325,-2.63060736656189,-48.9648201974993,41.4967118495749,-120.241518828356
7.515,-4.4561882019043,-12.9290542602539,-2.44866061210632,19.0606691148434,37.5027382418425,-4.09368070923631,-2.55041170120239,-11.8816480636597,-2.48087501525879,-50.5611549348418,44.652447076323,-123.300487350038
7.52,-4.3705906867981,-12.9907865524292,-2.9492244720459,27.0519545852652,39.1674670784388,-0.713749432181043,-2.58025765419006,-12.5490999221802,-2.27551698684692,-52.0448427772978,49.0618122988081,-126.598731058724
7.525,-3.96894502639771,-12.9472761154175,-3.24181699752808,33.1483457968922,38.597276056337,2.97027830186588,-2.71182560920715,-13.2052812576294,-2.0388765335083,-53.4555022371481,54.4413239306235,-130.113491764099
7.53,-3.2873215675354,-12.949951171875,-3.25098037719727,37.2774478671642,35.8495251041867,6.07642656868307,-2.90125179290771,-13.6944265365601,-1.63487958908081,-54.1696838922375,58.1768670858248,-132.905932643988
7.535,-2.71337890625,-13.1491165161133,-3.13144779205322,44.1721550040769,31.6355408580044,8.51562714017261,-2.9301073551178,-14.0196895599365,-1.12963795661926,-54.9213257198299,60.9290303401789,-137.002406900595
7.54,-2.28741359710693,-13.4568643569946,-2.95120191574097,53.5063564106134,27.4473593589591,10.7661608113135,-2.89289116859436,-14.2445936203003,-0.641757905483246,-55.7355218349359,62.8148592303978,-142.164937082858
7.545,-2.0418221950531,-13.8246059417725,-2.74740934371948,64.9646407810918,24.1494042257657,13.0419354465321,-2.84587073326111,-14.4103345870972,-0.218813806772232,-56.6240030874549,63.9774257290256,-148.282259409196
7.55,-2.02895832061768,-14.1042995452881,-2.60394287109375,73.5285095473722,23.1012485183774,14.8383161793805,-2.97018790245056,-14.7553215026855,0.426980346441269,-57.4968193011125,66.7463502676029,-154.545802425286
7.555,-2.05170798301697,-14.37096118927,-2.57514953613281,82.7752879476271,21.9058988192808,17.2471821732187,-3.10049486160278,-15.2103004455566,1.40046560764313,-59.5213351824284,69.1452014965706,-161.248444642738
7.56,-2.07195615768433,-14.6021499633789,-2.6218798160553,92.3989152051484,20.2464907000478,20.2317613971027,-3.01779508590698,-15.698637008667,2.68278336524963,-62.5058341515897,68.7417149015413,-168.298675187052
7.565,-2.05921268463135,-14.7778339385986,-2.71759700775146,102.178871832393,17.8424075461759,23.7980319741036,-2.53474378585815,-16.1613750457764,4.27783203125,-66.3564898999678,63.4284219537292,-175.644898809238
7.57,-1.9263197183609,-14.6929883956909,-2.7511613368988,112.049970503922,14.0706225534649,28.0099791163659,-1.36933040618896,-16.4073905944824,5.4406533241272,-70.6460126232759,51.0633753294183,-181.168349847622
7.575,-1.64850127696991,-14.5952672958374,-2.75985598564148,122.033173070299,9.82539446069801,32.526699544678,-0.308115124702454,-16.5636348724365,5.8591628074646,-73.7512215256388,40.2475829485009,-183.870495626684
7.58,-1.2544184923172,-14.4736299514771,-2.78825283050537,132.23300874658,5.39186360204255,36.9704615998234,0.578222930431366,-16.6400508880615,5.0324444770813,-74.3917293452459,31.8402689481863,-184.697467610633
7.585,-0.771138250827789,-14.3123655319214,-2.89386677742004,142.797521883028,1.11380140255321,40.8610807850352,1.1874293088913,-16.6429920196533,2.23535633087158,-70.7692360660921,27.1062426363357,-184.693683685832
7.59,-0.125731483101845,-13.401704788208,-2.51433253288269,153.439421062771,-3.60127358894988,43.4360928379813,0.664674162864685,-16.9205951690674,-0.420636415481567,-66.5698923303957,17.730452207943,-184.979349517679
7.595,0.613687217235565,-12.3623924255371,-1.88024711608887,162.899806799129,-7.5988219469392,45.2094011918133,-0.970562934875488,-18.0621433258057,-0.421836346387863,-62.6668900122186,19.9453288765218,-186.796330101064
7.6,1.37680912017822,-11.3836612701416,-1.16631889343262,171.258428380851,-11.1733024113224,46.1672703361105,-2.92176485061646,-19.5605525970459,1.4292289018631,-59.4139509482975,27.5027317025604,-190.318371788095
7.605,2.04008293151855,-10.7650957107544,-0.670896708965302,178.682912310546,-14.9596305843237,46.1437437495144,-3.71505093574524,-20.4305610656738,3.54235601425171,-57.4577779398167,27.4177726870219,-195.923429926682
7.61,2.36894512176514,-10.6075067520142,-0.497796088457108,184.947425213498,-19.8325846514397,45.3175401618476,-2.45801663398743,-19.5367946624756,2.17202711105347,-55.8165483690597,7.39867605991667,-202.888214804479
7.615,2.46139645576477,-10.6819038391113,-0.373868107795715,191.306631859104,-23.7613726412808,44.2023546854921,-0.978492379188538,-17.8601360321045,0.348702609539032,-53.2033760492208,-18.5504403234651,-206.218328175832
7.62,2.29597806930542,-10.9047832489014,-0.369185388088226,197.853859952181,-25.4865862180722,43.2193538601438,0.270446419715881,-15.6638097763062,-1.41439986228943,-50.5942608617489,-48.1485340445074,-204.764194561915
7.625,1.75118410587311,-11.1299934387207,-0.797763049602509,204.421455669364,-21.8826420251569,43.4189729688266,0.614464223384857,-13.3096132278442,-2.72079467773438,-51.2967936292089,-80.1839893086052,-196.562749293374
7.63,1.04639947414398,-11.3205499649048,-1.75846612453461,210.095348454407,-14.4419415188244,45.1067092976422,0.233572661876678,-11.1352949142456,-4.61646890640259,-56.6183408606329,-109.11658184032,-186.285049460554
7.635,0.508816301822662,-11.5061635971069,-2.83422374725342,214.882163590805,-6.62143724463601,47.3910592353638,-0.205396011471748,-9.39582347869873,-6.36349773406982,-62.8903738018614,-135.531771549643,-176.261159457291
7.64,0.25199556350708,-11.6903133392334,-3.87951278686523,218.693532091077,0.0900227737148408,49.9155415488301,-0.489415228366852,-8.23579502105713,-7.70109558105469,-69.0110429208933,-159.2887131057,-166.926804371498
7.645,0.478694677352905,-11.8595180511475,-4.63229656219482,221.110408189264,2.20142802610305,51.90805457879,-0.291193276643753,-8.07501697540283,-8.15019416809082,-73.5068715080816,-179.144660419196,-157.985157842225
7.65,0.968704462051392,-12.0435829162598,-4.9629077911377,222.620849882699,0.876362789384118,52.8181533800321,0.260607212781906,-8.56267070770264,-8.27455520629883,-76.2815948772642,-191.206624229276,-148.061494034843
7.655,1.54213964939117,-12.248405456543,-4.95579719543457,224.513959754574,-3.792389112116,53.0425216791724,0.938462316989899,-9.30099678039551,-8.14829730987549,-76.4933102509671,-196.250951157763,-136.729800390442
7.66,2.11615419387817,-12.4691524505615,-4.65212106704712,227.107232318266,-11.7808016342181,52.7829710756173,1.65126633644104,-10.108829498291,-7.78430461883545,-73.653085367644,-194.676210063481,-123.692581189532
7.665,2.50180864334106,-12.6457605361938,-4.23332929611206,229.299668400326,-22.315899707231,52.734527958929,2.26435017585754,-10.5680103302002,-7.14449310302734,-66.8054997058153,-189.290073148171,-108.093419502652
7.67,2.66052985191345,-12.7356014251709,-3.90549254417419,227.524570536932,-31.5661734567937,53.5977477568028,2.64254975318909,-10.700083732605,-6.61270999908447,-54.658226833001,-178.30614541555,-89.7327645230122
7.675,2.65773272514343,-12.7341766357422,-3.64223265647888,222.415821264194,-38.7533595392501,55.3969117917379,2.92061853408813,-10.4103364944458,-6.38876438140869,-38.9910808582178,-162.226268184696,-69.7461215397484
7.68,2.5207245349884,-12.6396455764771,-3.42568278312683,214.220891996121,-43.3005613942807,58.1806168596791,3.20558977127075,-9.61284828186035,-6.64206171035767,-21.160238529854,-141.574672134785,-49.1703200990575
7.685,2.28109788894653,-12.5528526306152,-3.12028002738953,204.7060559917,-44.2801949363681,61.6571080151348,4.24402570724487,-8.08260345458984,-8.2158842086792,-12.1884315927527,-126.116096231592,-37.5071129780058
7.69,1.99342346191406,-12.5552949905396,-2.7639102935791,196.45686770086,-43.6632512693975,64.8002039768237,5.97671794891357,-6.5711817741394,-10.1087512969971,-11.2241941508282,-120.090708251482,-31.6299742538308
7.695,1.67020380496979,-12.6152410507202,-2.43861937522888,189.588798301711,-42.0907607224476,67.5210166628875,8.17896842956543,-5.36699676513672,-11.5000419616699,-16.3891618568507,-127.073852677768,-29.0459805021262
7.7,1.31921339035034,-12.710955619812,-2.21161198616028,184.278339882404,-40.0144173657096,69.7229057267595,10.70068359375,-4.71841430664063,-11.7059020996094,-26.5635721539471,-150.707659583468,-27.9725906608493
7.705,1.04896759986877,-12.7633256912231,-2.07088327407837,179.357885264705,-38.4740867644666,70.6488539819706,12.9908466339111,-3.93477535247803,-10.7724494934082,-38.1029377000627,-158.372921341785,-24.664245102381
7.71,0.902197182178497,-12.7863683700562,-1.95917439460754,173.715971425356,-37.7251121257451,70.3629286029355,14.1939563751221,-3.72108173370361,-10.2873430252075,-51.3938267116526,-158.511437578153,-19.9677984913438
7.715,0.860769212245941,-12.7805233001709,-1.83014059066772,167.62422132727,-37.6473538371391,69.0030174486185,14.3137836456299,-4.15818643569946,-9.60947322845459,-61.2629377981333,-145.014478344209,-13.9741802823843
7.72,0.910004496574402,-12.7441186904907,-1.62422108650208,161.389242162289,-38.1415009481166,66.659736638738,13.2717361450195,-5.39773654937744,-7.91851711273193,-60.947273775452,-109.158109390474,-6.69785297418328
7.725,1.02227199077606,-12.6538496017456,-1.35669600963593,156.874842290747,-38.2987694688508,64.0532408288128,11.5769281387329,-6.56417989730835,-6.21994972229004,-43.1821566499239,-51.0730946886072,4.86663272703915
7.73,1.0930483341217,-12.5442838668823,-1.06693589687347,153.932738305764,-38.2015588014886,61.5142067973198,9.83986854553223,-7.2793116569519,-5.47647619247437,-21.920079999545,3.15996759615595,19.8473276147631
7.735,1.10787153244019,-12.4040670394897,-0.764421105384827,152.25943758176,-37.9013480818044,59.0707271123152,8.19083976745605,-7.5320348739624,-5.31006002426147,-0.521588196380817,47.5568006057633,37.043022114471
7.74,1.04445219039917,-12.2048234939575,-0.461627811193466,151.429132465496,-37.4656400693655,56.7512870777327,6.82169008255005,-7.2924599647522,-4.96382474899292,16.1290033664595,72.4886952085078,54.5026726897486
7.745,0.917094707489014,-11.9224433898926,-0.185405433177948,151.489443035867,-37.8355972657593,54.029634278401,5.79163312911987,-6.45770740509033,-4.26085615158081,26.9502769741858,79.1158843261986,70.9261596622731
7.75,0.815926730632782,-11.5769186019897,0.120648816227913,152.097739683349,-38.5804737909788,51.564161384269,4.99870777130127,-5.58161640167236,-3.73583602905273,35.0970329180427,76.1098566007734,87.8153528380712
7.755,0.772459447383881,-11.1805591583252,0.446176797151566,153.346216301357,-39.5678903336254,49.1046478301879,4.37612342834473,-4.66451072692871,-3.45801424980164,41.8978659350027,65.3095585039882,105.221516201958
7.76,0.850833773612976,-10.7572774887085,0.742305994033813,155.686006884572,-40.5914351618868,45.684290584426,3.78214049339294,-3.50221061706543,-3.45688819885254,49.9482444945761,48.2028511238819,122.794643540107
7.765,1.00508213043213,-10.3011026382446,0.91904628276825,158.710237064135,-40.0785425967322,41.3846011245383,3.40067338943481,-2.25870203971863,-3.7155134677887,55.4452217197374,36.7774370387842,134.711943943567
7.77,1.17642724514008,-9.8383092880249,0.982605993747711,161.385799746947,-37.7227215595356,37.0107358102643,3.34177660942078,-1.29850077629089,-3.95324015617371,59.7347990845589,26.4554126933454,145.900572445613
7.775,1.3486475944519,-9.38388729095459,0.933763921260834,163.287542977932,-33.4103074572242,32.7833302423629,3.60879397392273,-0.743143975734711,-4.1014461517334,63.414433726309,16.504989912343,157.513123468685
7.78,1.50481951236725,-8.98150825500488,0.769946277141571,163.464622462354,-26.9173588774809,28.9268380973391,4.10727548599243,-0.795289635658264,-4.12054300308228,67.9262517863443,8.08904682178581,170.001209120705
7.785,1.61017632484436,-8.61527442932129,0.598931550979614,161.667763616264,-19.3833221285929,25.3121670923322,4.50211048126221,-1.14439165592194,-4.23516130447388,74.0095802611837,2.6375398734766,181.847229669986
7.79,1.66663539409637,-8.28140163421631,0.429946482181549,158.353346019623,-11.5927255452327,21.9133300650978,4.74349498748779,-1.69571936130524,-4.31204557418823,80.7969236545329,-0.107616854099011,193.416818803179
7.795,1.67035055160522,-7.9810152053833,0.273613691329956,153.646730964459,-3.84586309001486,18.7749383961996,4.80905485153198,-2.40606570243835,-4.29543685913086,87.9568948482414,0.0029310088879575,204.75345750454
7.8,1.59750235080719,-7.72541999816895,0.189034149050713,147.675041931604,3.54821241060899,16.2713359710261,4.69511651992798,-3.13972854614258,-4.11514472961426,95.048010904927,4.19716149025659,215.268875241233
7.805,1.46342873573303,-7.50174522399902,0.151804998517036,141.282736189281,10.5144854158714,14.2544664864859,4.82055139541626,-3.90523719787598,-4.06704044342041,102.497732383606,9.80478180355655,224.15215097386
7.81,1.31809186935425,-7.31887578964233,0.146882250905037,134.599887860043,16.9117652434577,12.6524994043991,5.20253086090088,-4.67330503463745,-4.10905504226685,111.22845584112,16.7223282392801,231.68250283569
7.815,1.1819851398468,-7.17894315719604,0.16764160990715,127.693624043055,22.5643973571617,11.4469607706081,5.86410236358643,-5.41793060302734,-4.22625827789307,121.775401731022,25.0052218061264,237.906307811189
7.82,0.960607767105103,-6.99510717391968,0.205457299947739,120.826879700604,26.2209135161187,10.5728032785523,6.80043029785156,-5.94676208496094,-4.45942211151123,133.728628929517,35.3240274249189,242.357706017827
7.825,0.655349433422089,-6.75561761856079,0.229331806302071,114.087129065392,27.7304502094886,9.78328890578582,7.45721530914307,-6.225172996521,-4.7042407989502,143.528584350651,46.1544978823626,246.72536610524
7.83,0.295004218816757,-6.50730419158936,0.236880138516426,107.511972328798,27.1605238572171,8.97801131018861,7.89162540435791,-6.35988998413086,-4.78594398498535,151.540614813129,57.7694121508877,251.62400509873
7.835,-0.100882709026337,-6.28689861297607,0.22520449757576,101.141400248414,24.4375545389229,8.07609166047759,8.13554763793945,-6.4270601272583,-4.5554404258728,157.945979877145,70.4339079287903,257.575422130129
7.84,-0.482967287302017,-6.0590295791626,0.194538787007332,95.4163561766766,18.6565404820321,6.99281085150888,8.20530414581299,-6.26699018478394,-3.94534015655518,163.400036193562,80.4278748732988,264.125218374334
7.845,-0.841220676898956,-5.8194146156311,0.163800552487373,89.8602226831139,11.4720864752437,5.62725753405057,8.07871341705322,-6.00670003890991,-3.59640622138977,167.53945867967,86.4727015717868,269.305370444655
7.85,-1.1752964258194,-5.53864574432373,0.13163249194622,84.9148651957011,4.18653926543675,4.16658785598432,7.76395320892334,-5.70817375183105,-3.48164319992065,171.273932910266,90.0799771894698,274.049838408199
7.855,-1.48289906978607,-5.17660856246948,0.0962192118167877,81.182440021856,-1.57159685938573,2.83863195514259,7.25682735443115,-5.44634675979614,-3.58514666557312,175.715195116176,92.9613949436773,279.498635478955
7.86,-1.72223830223083,-4.82884311676025,0.0997281819581985,75.7951214838192,-8.53294166971859,1.27381800721121,6.26203870773315,-5.23097276687622,-3.60584402084351,180.717338796348,93.7132963184581,286.858082347374
7.865,-1.92167091369629,-4.51896476745605,0.103493168950081,68.9576445019621,-16.0069734992007,-0.387314654745874,4.97388124465942,-5.07726430892944,-3.47773933410645,186.113625372765,91.6352727351843,294.844649864627
7.87,-2.08829927444458,-4.24740219116211,0.114489838480949,60.8166190868188,-23.5210558504285,-2.07794311510769,3.55291318893433,-5.06916618347168,-3.15310645103455,191.662061243133,86.283607784615,302.73163322378
7.875,-2.2291431427002,-4.01651620864868,0.15076656639576,51.4910544544878,-30.2565700608084,-3.68935400093907,2.26891899108887,-5.37946033477783,-2.52777671813965,196.937672037294,76.5467291604658,309.266621617865
7.88,-2.26000046730042,-3.86631298065186,0.195994287729263,40.9572703391165,-36.2046676202707,-5.30011196337447,1.71545970439911,-6.24591064453125,-2.01522517204285,202.527485193654,57.0989163857296,311.7607881367
7.885,-2.23015570640564,-3.75197219848633,0.23567296564579,29.7418435898617,-41.314441421384,-6.82064867640271,1.70489525794983,-7.39694929122925,-1.59513401985168,207.836837122315,32.276291149327,310.973677136748
7.89,-2.14485478401184,-3.66389513015747,0.27045550942421,17.8680446612256,-45.4816388717517,-8.1953040747037,2.20373749732971,-8.75277233123779,-1.33755278587341,212.455697907023,3.32139378110391,307.033723495161
7.895,-1.99639523029327,-3.59284377098083,0.307069063186646,5.15221104708702,-48.3357802655087,-9.28146124708664,3.22910714149475,-10.1985931396484,-1.46842300891876,215.344758642912,-28.1035424627114,299.75156704739
7.9,-1.78248381614685,-3.5219361782074,0.3636694252491,-7.60950180148016,-49.757087990275,-10.1236662604315,4.39718198776245,-11.5199823379517,-2.1775119304657,219.15607250167,-52.5985798736891,292.698058012275
7.905,-1.54795682430267,-3.4644992351532,0.432720571756363,-19.921745940865,-49.9927056109783,-10.7800320717441,5.36150789260864,-12.5135383605957,-2.93847513198853,223.731780151202,-64.8400717910091,286.896386048239
7.91,-1.31985414028168,-3.42284989356995,0.508069574832916,-31.633939178644,-49.1027422074094,-11.232745547669,6.08642768859863,-13.1645364761353,-3.65449380874634,228.651920580199,-62.7730243217314,282.454823314007
7.915,-1.17952334880829,-3.39447474479675,0.568538427352905,-42.5387050187846,-47.1205188574342,-11.340559229944,6.75198888778687,-13.6076707839966,-4.40008974075317,232.114416678045,-42.1311408008207,278.855368262924
7.92,-1.0448682308197,-3.35296487808228,0.706670820713043,-52.709116240122,-44.6662508886356,-11.1826256195395,7.04941034317017,-13.8596868515015,-4.80331134796143,233.970179075538,-23.5978340068886,275.771073399799
7.925,-0.903469860553741,-3.32127380371094,0.928141534328461,-62.3767094253306,-42.1260728004566,-10.8228658955766,6.82120275497437,-13.922155380249,-4.62618160247803,234.517878284703,-6.61678161694299,271.588948571
7.93,-0.757261097431183,-3.31080293655396,1.2385174036026,-71.6372301661956,-39.6627240951565,-10.233161023016,5.99805784225464,-13.7788734436035,-3.84438800811768,233.712544340045,7.75842383104853,265.564858326833
7.935,-0.657544314861298,-3.3471851348877,1.64589238166809,-80.7455264810286,-37.5377053952983,-9.06324011819932,4.59001302719116,-13.3433055877686,-3.0629563331604,230.700321633043,9.95718552205434,256.456664464837
7.94,-0.576750814914703,-3.41905117034912,2.06001138687134,-90.022173298524,-35.314349046865,-7.30596477967021,2.90392184257507,-12.7930364608765,-2.54664921760559,226.317225318105,-0.0201016269234244,246.065487869147
7.945,-0.538852095603943,-3.54276514053345,2.45280814170837,-99.0154628881123,-32.6089247770012,-4.9741095956107,1.36377084255219,-12.1860685348511,-2.15597581863403,221.293293334481,-16.7626878270857,234.209672828595
7.95,-0.56134307384491,-3.73934316635132,2.80799198150635,-107.286917595646,-29.255079913377,-2.10126095404729,0.238627910614014,-11.5511531829834,-1.82448947429657,215.92410894869,-37.787639092502,220.705938046995
7.955,-0.688508987426758,-4.17976188659668,3.12029409408569,-111.51845884309,-26.3861596978034,0.25478801403244,0.197913065552711,-10.9114503860474,-1.55566143989563,209.236015034171,-63.0388894351742,205.445601554272
7.96,-0.802270114421844,-4.87566089630127,3.47427272796631,-112.957948531427,-21.9791423528454,2.83299918351144,0.743445098400116,-10.3161554336548,-1.67554438114166,201.271044575074,-90.0428892622767,190.701736645829
7.965,-0.887900769710541,-5.83935117721558,3.87514925003052,-110.646803761591,-16.5509348873424,5.52027030466514,1.66649055480957,-9.75122451782227,-2.22984504699707,192.403860768131,-117.226987517414,176.98353392429
7.97,-0.931958198547363,-7.09702777862549,4.3299503326416,-103.592427292451,-10.4504353169296,8.23325858214782,2.82402753829956,-9.20734024047852,-3.28153896331787,182.877386121364,-143.350534979367,164.75903893272
7.975,-1.09983599185944,-8.81246948242188,4.92603540420532,-87.6957084143801,-7.34069629159972,10.0458797972952,3.80736780166626,-8.59900188446045,-4.65246152877808,174.554841598839,-162.29610003877,155.154303978443
7.98,-1.53638899326324,-10.8984203338623,5.77763319015503,-68.1912358053841,-7.49525493478065,11.5421257963139,4.47930383682251,-8.05109691619873,-5.49500036239624,167.253232772312,-171.943059222496,146.767009262586
7.985,-2.27963829040527,-13.2069025039673,6.69067859649658,-46.3534715381688,-10.7020185048179,12.8317295446358,4.87986946105957,-7.62133455276489,-5.8489933013916,160.531384062914,-171.757346378963,139.231589400391
7.99,-3.40094637870789,-15.5691137313843,7.42607307434082,-23.6041963281005,-16.9292966315098,14.0366654142326,5.03848886489868,-7.39130687713623,-5.72691106796265,153.879626754778,-160.311561254666,132.154270325829
7.995,-4.39965105056763,-16.9372539520264,7.38005304336548,-8.08917061896452,-24.1932677006155,12.8863744730905,5.11495399475098,-7.30647993087769,-5.18642139434814,146.131719707504,-140.217499886325,124.610599595116
8.0,-4.64171648025513,-17.076530456543,7.05619239807129,0.71711949020621,-32.3524511736673,8.33292641006394,5.02035427093506,-7.22326564788818,-4.52024173736572,139.384722241582,-122.87361418729,118.247472420927
8.005,-4.09181022644043,-16.0877151489258,6.70556735992432,5.06354067750827,-42.5548106048474,0.807459200706795,4.76154851913452,-7.13446998596191,-3.79986023902893,132.357809963095,-107.137199849039,112.019439558332
8.01,-2.66636323928833,-14.0677061080933,6.74807691574097,8.68632722790957,-57.2053990348901,-9.07567362380968,4.34360599517822,-7.04098844528198,-3.12421250343323,122.373903887234,-89.8125206419505,103.786452476204
8.015,-1.51675760746002,-12.4510297775269,7.13469552993774,20.6405584642117,-75.6097091686101,-16.9948527871636,3.81090950965881,-6.89485788345337,-2.86293196678162,109.066899044297,-75.6459638127245,92.8895755045546
8.02,-0.42532742023468,-10.7697505950928,7.76459312438965,35.2843781767869,-90.1311626271099,-21.4420094463264,3.07202315330505,-6.75726413726807,-2.62358927726746,95.3501853039975,-64.7823225415766,81.5008839315295
8.025,0.624095261096954,-9.01408958435059,8.55253219604492,49.9418787582697,-97.774540459326,-22.0927727949723,2.15111660957336,-6.62572956085205,-2.34228658676147,81.4762132882474,-57.1572325408632,70.0747902426094
8.03,1.59557473659515,-7.31898832321167,9.30157947540283,58.8814352496575,-91.9781140805731,-18.2067793553759,1.1352014541626,-6.47134637832642,-1.97202718257904,67.1056250481348,-52.8252362862014,59.1399715701208
8.035,2.18386673927307,-6.12622833251953,9.43845176696777,58.9422717445948,-73.2185282420803,-11.3659760713929,0.332929313182831,-6.34721708297729,-1.59404671192169,52.3321444394507,-50.544127273241,48.6676830629417
8.04,2.54474687576294,-5.22687816619873,9.01323318481445,51.9352284864029,-48.3377507750842,-3.77605514160274,-0.229104310274124,-6.24174213409424,-1.29135608673096,37.5247724321049,-48.6004398505629,38.1369793628861
8.045,2.71882057189941,-4.60899972915649,8.08111381530762,38.4276756290564,-20.2936531562668,3.63987824502561,-0.547959744930267,-6.15115165710449,-1.13843107223511,22.8286761591697,-46.4925102840082,27.4161710076615
8.05,2.73980307579041,-4.42581653594971,6.84955549240112,19.2564940534422,3.95238501276308,8.77970018273187,-0.636514186859131,-6.06945180892944,-1.39981377124786,8.55225573714409,-43.5926851699876,16.4116434245038
8.055,2.64906620979309,-4.84417200088501,5.76756620407104,4.92814541070428,17.5197767305412,11.0283043254322,-0.546549558639526,-6.0047779083252,-1.92229497432709,-5.3731744969261,-41.7963898145038,4.97604467357993
8.06,2.44180345535278,-5.77688074111938,4.83601570129395,-7.54137322583022,25.9332515614871,11.4723981026246,-0.277044981718063,-5.97925567626953,-2.48384666442871,-18.4372709191071,-40.4472293779404,-6.71795336713699
8.065,2.11890959739685,-7.20294809341431,4.06403589248657,-18.4620935340983,31.0189967571003,10.4256861264721,0.156576454639435,-6.00069522857666,-2.99223399162292,-30.3836115793707,-39.3022403711415,-18.5946657983409
8.07,1.72989225387573,-9.06559467315674,3.48467636108398,-22.572986320043,33.4819458963339,7.86048393272145,0.583236932754517,-6.06093168258667,-3.31038594245911,-40.7796000433315,-38.1110587949859,-30.458873433835
8.075,1.39190638065338,-10.721978187561,2.94536089897156,-18.1909930806567,32.1004957404692,4.54595406484658,1.21181726455688,-6.12563276290894,-3.7114782333374,-50.674396056186,-35.4105932424596,-41.1807302230972
8.08,1.17629718780518,-11.9315805435181,2.44461631774902,-9.21128532223299,27.6033523418657,1.05695299103926,1.83955919742584,-6.3263955116272,-4.08586502075195,-58.5083839775697,-32.0826006448438,-49.5318215212588
8.085,1.12498152256012,-12.5389022827148,2.00326204299927,2.39154378032942,20.3307274230816,-2.26210166371734,2.35413718223572,-6.74113321304321,-4.35331344604492,-63.4636520694681,-28.0400865902274,-54.8213215050972
8.09,1.19231164455414,-12.4766683578491,1.9714617729187,13.4811908884712,12.5994877449297,-4.49835746472852,2.66074085235596,-7.38605880737305,-4.1379714012146,-67.695275279182,-13.9681722772357,-58.6550076484824
8.095,1.27529430389404,-12.213770866394,2.18119168281555,24.6033010319643,6.00480776636725,-5.79630813110298,3.17615032196045,-7.73462247848511,-4.56394577026367,-73.404282066748,0.402333493678791,-63.6123111367534
8.1,1.37819850444794,-11.8413419723511,2.53980588912964,35.4024448267798,0.555497897814962,-6.1710127358567,3.564697265625,-8.15999794006348,-5.07134342193604,-79.0785095310603,15.6501849075268,-68.0071007355498
8.105,1.50564229488373,-11.4252090454102,2.98268103599548,45.5759535389058,-3.67130522605731,-5.57793204229886,3.5514497756958,-8.96390533447266,-5.21952104568481,-83.5122721892607,32.2897397918028,-70.4629294025737
8.11,1.61001360416412,-11.2387351989746,3.37706542015076,51.4644508676706,-5.62759050577261,-3.61299718177338,1.65736746788025,-11.4416532516479,-2.32909464836121,-79.7037382174941,61.4841198140258,-65.2593497833995
8.115,1.74910795688629,-11.2546014785767,3.84163904190063,54.4891762359486,-4.48521874208635,-0.632005354668361,-0.912918269634247,-14.5799703598022,1.94147598743439,-69.2005328590369,101.571804618962,-52.9633529565028
8.12,1.85831475257874,-11.4336223602295,4.26055860519409,54.2739159940665,0.418669972152139,3.37515526727814,-3.61847448348999,-17.8170204162598,6.00260448455811,-53.5077736748662,140.649031238087,-35.4290518286916
8.125,1.85415768623352,-11.7391157150269,4.48476505279541,50.0967635429835,10.2062466625916,8.50012687962491,-5.79007244110107,-20.4545021057129,7.84100723266602,-34.1173310740635,163.682082025149,-14.5830378591513
8.13,1.6660190820694,-11.9287385940552,4.4629282951355,40.5907453127807,24.8482042948443,13.1558527566042,-6.3192138671875,-20.6105098724365,5.87415838241577,-22.9127096840757,139.212109700878,0.543650027565076
8.135,1.4302042722702,-12.0856447219849,4.37197732925415,29.0851926181512,41.1807097325297,15.4686316491987,-5.79767322540283,-19.1392669677734,3.57534646987915,-23.3179772509311,99.2565753960029,4.27830072250176
8.14,1.11890733242035,-12.324254989624,4.17572689056396,16.9521316614525,57.8541747984875,14.9190421851809,-4.66440391540527,-16.8026275634766,1.51658713817596,-33.1689934587531,52.6468112545131,-2.61767469516244
8.145,0.657149374485016,-12.8612203598022,3.77590584754944,6.3746894037933,72.6804322788884,10.4188482533393,-3.62442207336426,-14.8630876541138,0.441359400749207,-48.9991384829841,12.0451956956684,-19.2234888718254
8.15,-0.0958922728896141,-13.903678894043,3.40058732032776,3.01437549725137,79.2645502236731,3.7675464334442,-2.64351391792297,-13.6442823410034,0.310867637395859,-64.3702230780039,-9.0178722941848,-36.8308661935666
8.155,-0.966747164726257,-15.1551914215088,3.22568607330322,3.17223461590529,81.1754800590917,-1.51015023645647,-1.06726813316345,-12.8321514129639,0.626264274120331,-77.7380575856886,-17.052578130934,-52.4127987282648
8.16,-1.88347935676575,-16.5095310211182,3.2578182220459,6.31759414497387,78.4047045392493,-5.03003347698748,1.05511581897736,-12.3804864883423,1.19586873054504,-88.3245707614524,-15.3950380684391,-64.8235495634068
8.165,-2.70407104492188,-17.7748146057129,3.47108149528503,12.5233430885151,69.2040162555136,-6.79632381144736,3.39219331741333,-12.3018350601196,1.66657400131226,-94.1749214837026,-10.5018649338325,-71.5424681216509
8.17,-3.31588959693909,-18.523365020752,3.63050007820129,18.8907015648949,53.1936976711669,-7.0598333634001,4.96273374557495,-12.345006942749,2.06036853790283,-99.1638760685875,-3.83965871692754,-75.8012618238831
8.175,-3.85923004150391,-18.4348526000977,3.55179452896118,24.2178871174788,34.8612001463805,-5.61564749312202,6.1214485168457,-12.2710886001587,2.2024929523468,-103.195798207349,3.26646796111961,-79.1778546325381
8.18,-4.35675001144409,-17.3528079986572,3.12729692459106,27.7438407953564,16.3373634097326,-2.24794908487025,7.05849552154541,-12.0068321228027,1.99178230762482,-105.995164899057,10.063117487213,-82.0665806891574
8.185,-4.77389097213745,-14.8673686981201,2.03883600234985,27.1187401749695,3.07865419408695,3.84549596734697,8.30656719207764,-11.4493322372437,1.13089370727539,-106.371802020459,14.3595523619611,-84.7297875597613
8.19,-4.63306570053101,-11.970609664917,0.622653305530548,22.3784386268189,-3.53682264328117,9.94988575737889,9.41600322723389,-10.7435283660889,-0.67096084356308,-106.145162683419,18.8579132417843,-86.3922487735532
8.195,-3.96181559562683,-9.25948619842529,-0.854553163051605,15.4024898048235,-6.3047653421653,13.875094728095,9.86142444610596,-10.028058052063,-2.77640700340271,-105.029861093848,25.7923618343827,-86.4199247000701
8.2,-2.77758002281189,-6.9963493347168,-2.25134515762329,6.94699010057502,-6.15831925617105,14.477157974185,9.41872692108154,-9.36322402954102,-4.89020347595215,-102.985086871454,36.0083201722003,-84.5103745628638
8.205,-1.27673828601837,-5.59198999404907,-3.15437984466553,-1.54915456532036,-3.83636613886078,9.17200148922166,7.90588235855103,-8.85258960723877,-6.32730579376221,-100.691249800975,49.516200878627,-80.3962784181983
8.21,-0.196915462613106,-4.79860973358154,-3.56291079521179,-7.35429434446357,-3.03431004467428,0.532457161784423,6.11296987533569,-8.60677146911621,-7.28476905822754,-98.2020624900447,60.3967673585381,-75.4975506322493
8.215,0.67555183172226,-4.25000810623169,-3.63521003723145,-10.5196311096374,-5.18841489166949,-9.5528238090376,4.17895317077637,-8.62844276428223,-7.67090606689453,-94.6719270288478,67.884177821057,-70.0246908050473
8.22,1.4402107000351,-3.76356720924377,-3.42319869995117,-11.0174784755977,-11.1819315015651,-20.0184699572489,2.20255017280579,-8.91768074035645,-7.43255186080933,-89.7272935414871,71.0861500133915,-64.0579536593401
8.225,2.06645750999451,-3.28630709648132,-2.69411063194275,-10.5028664103196,-20.3126923085782,-28.1841984590727,0.781617403030396,-9.18296146392822,-7.0550856590271,-85.7185052534448,64.6106389065992,-57.6161222153451
8.23,2.48476624488831,-3.02556538581848,-1.73290014266968,-12.2885911942891,-26.3501406952153,-33.1534274576347,-0.847343802452087,-9.37272262573242,-6.8961181640625,-82.4608123778614,47.1970135610437,-51.9346547505126
8.235,2.64454197883606,-3.01183700561523,-0.860701024532318,-17.4823763221935,-27.106717334483,-34.825307502292,-2.57254958152771,-9.38775634765625,-7.05914306640625,-79.7338593517338,26.6222793374107,-47.5246440751509
8.24,2.48968720436096,-3.28451609611511,-0.33855938911438,-27.1745359902994,-20.5179924271031,-32.9176903086208,-4.31092119216919,-9.13840198516846,-7.64624834060669,-77.3947586176254,8.88276090711819,-44.8707126014399
8.245,1.75308382511139,-4.15183734893799,-0.752472341060638,-43.8021773171156,-2.42541575564057,-26.4529709007171,-5.07867050170898,-8.76640510559082,-8.64303112030029,-74.1389918553879,-7.37233628915616,-42.723004013159
8.25,0.783839285373688,-5.52034473419189,-1.37536549568176,-57.4520815620489,14.1009861594202,-20.6433776247917,-4.4569993019104,-8.7903470993042,-8.94640827178955,-69.1365066657572,-23.205857988158,-41.5107615486976
8.255,-0.336294084787369,-7.27028369903564,-2.07668447494507,-68.8708396278004,30.8197259880651,-14.7622603154251,-2.53777313232422,-9.15073871612549,-8.54242992401123,-63.8249144350484,-37.8035534332682,-41.3017031185819
8.26,-1.51620864868164,-9.28053283691406,-2.69843196868896,-78.8248499656643,49.955009796949,-7.89114123681105,0.66340047121048,-9.79871654510498,-7.35915613174438,-59.9866486498247,-50.0473334639601,-42.2580798665454
8.265,-2.67279553413391,-10.9191904067993,-3.16735100746155,-84.035437358927,66.2431360805023,-0.985333548393206,3.53323721885681,-10.4315843582153,-6.68298006057739,-58.9109689876286,-48.3764198910703,-42.2893757933224
8.27,-3.74007511138916,-12.0630083084106,-3.49803757667542,-85.3776651534829,75.2486926898399,4.37186919148905,5.32083892822266,-10.8092765808105,-5.9509801864624,-56.7115217163848,-35.8891436164674,-41.6340191424597
8.275,-4.66412258148193,-12.7076005935669,-3.66111969947815,-83.960995127163,76.9891683243317,8.24130198366915,6.03661441802979,-10.9604015350342,-5.03201961517334,-53.1677839334559,-15.2018000639883,-40.1941059823943
8.28,-5.33463144302368,-12.8050813674927,-3.58176565170288,-81.5050093657882,71.199865832883,10.7482853524819,5.66650581359863,-10.9405860900879,-3.71720409393311,-48.129477816723,9.91770617487802,-37.6764504430034
8.285,-5.67388486862183,-12.5565366744995,-3.30964612960815,-80.192738780932,60.8831109783889,12.3050340209423,4.66805124282837,-10.797043800354,-2.86951160430908,-44.923223095779,32.1080021183671,-35.3041413291504
8.29,-5.78515768051147,-12.200023651123,-3.00831413269043,-79.5333523184589,49.3083069957647,13.0540624474035,3.5187885761261,-10.6993713378906,-2.24425268173218,-43.1690085357717,48.9894327841735,-34.1765317386946
8.295,-5.67237091064453,-11.7825241088867,-2.71897077560425,-79.150048932427,36.9867755066559,12.7963645326608,2.38130474090576,-10.6694650650024,-1.76947116851807,-42.4393018606988,59.6494148897445,-34.4022729058581
8.3,-5.28900671005249,-11.3485975265503,-2.50308871269226,-78.1503004832339,24.1492385936783,10.8096631399109,1.55600130558014,-10.7155084609985,-1.33849823474884,-41.7216812053622,61.7328957941652,-36.0207033051656
8.305,-4.63020706176758,-10.8977699279785,-2.27018117904663,-75.0345457687925,10.3292984969049,6.67303078607899,1.12158393859863,-10.6929397583008,-1.15123426914215,-40.9722660194392,59.0665948478673,-37.3825542332069
8.31,-3.98573708534241,-10.5193605422974,-2.02507257461548,-69.9726789145177,-3.72990483404143,1.39948836529757,0.71817672252655,-10.6670389175415,-1.03336024284363,-40.3084194434382,53.161824593405,-37.918485026432
8.315,-3.38502335548401,-10.2080860137939,-1.73547947406769,-63.009232753798,-17.525444080005,-4.57926447054191,0.266865342855453,-10.6704216003418,-0.968936204910278,-39.785097179421,44.922581057997,-37.5817635305395
8.32,-2.67562341690063,-9.84997177124023,-1.24592113494873,-54.1821080063378,-29.4534661729146,-10.2616505958178,-0.240740224719048,-10.790020942688,-1.05789351463318,-39.5413926147403,37.0561497380558,-36.7236049028408
8.325,-1.99526584148407,-9.47998428344727,-0.754564344882965,-46.022579608733,-37.9938083525989,-14.5879948689414,-0.674782335758209,-10.9361133575439,-1.18495333194733,-38.8476878667826,26.5203694998995,-35.4120617331312
8.33,-1.41913366317749,-9.15060234069824,-0.414265692234039,-39.8039314260573,-43.5393857887994,-17.7010140926202,-0.977201640605927,-10.9701128005981,-1.39490449428558,-38.0637358293215,14.1403297565868,-34.0170912178044
8.335,-0.97669243812561,-8.89038562774658,-0.281668961048126,-36.2353044337928,-46.0690931969807,-19.5855537846332,-1.11304533481598,-10.8349962234497,-1.70253491401672,-37.2658228851968,0.585428267005634,-32.7337635595562
8.34,-0.670856118202209,-8.77333831787109,-0.351804494857788,-37.003150885191,-45.082236729846,-20.0312475336387,-0.995260238647461,-10.483717918396,-2.08225417137146,-36.0974575559636,-10.5970606953896,-32.1261499309918
8.345,-0.432676166296005,-8.73930740356445,-0.459735095500946,-40.1537361493049,-42.2252369019214,-19.6166533434716,-0.69030886888504,-10.0513277053833,-2.47316932678223,-35.1125203719857,-20.955778524597,-32.0055595261007
8.35,-0.22574944794178,-8.74258708953857,-0.564845085144043,-43.9046130791929,-38.7492853314102,-18.8638230629636,-0.278479486703873,-9.63001918792725,-2.89372634887695,-34.1502184349172,-30.2125802274589,-32.1925291244406
8.355,-0.0322826877236366,-8.75856494903564,-0.643049001693726,-47.4374635405849,-35.1648976776359,-18.0033575388727,0.203031614422798,-9.2730016708374,-3.35260033607483,-33.1276366633287,-38.0515678473151,-32.5974432290065
8.36,0.15342852473259,-8.74116706848145,-0.649476647377014,-52.3553670826287,-29.3939786403383,-16.5648923789113,0.740552663803101,-9.05114841461182,-3.80105185508728,-32.0572708883068,-42.5308468861445,-33.004795711106
8.365,0.294779241085052,-8.68652725219727,-0.595521628856659,-57.3467600450473,-22.2706701945472,-14.8478238027051,1.28261816501617,-8.92354679107666,-4.09993362426758,-31.0197241722469,-44.2929605599269,-33.2755478248999
8.37,0.406576871871948,-8.58255100250244,-0.505965352058411,-61.9837208310556,-14.4448187360123,-12.9746606445284,1.82778131961823,-8.85976409912109,-4.31201124191284,-29.7299112493817,-44.0786394690556,-33.1477584006235
8.375,0.498797386884689,-8.41658878326416,-0.398352146148682,-65.9039283957519,-6.39063746861846,-11.0333475663606,2.37508010864258,-8.83948421478271,-4.48192596435547,-27.9454782249389,-42.3564414207828,-32.3885453083362
8.38,0.55822890996933,-8.22960472106934,-0.364546954631805,-70.1733362119543,2.46953835079203,-9.07585035495445,2.8066132068634,-8.89207744598389,-4.46147394180298,-26.6423600935705,-37.667977593338,-30.4234759784614
8.385,0.592995584011078,-8.13413238525391,-0.450924426317215,-74.5652707916776,11.6860037311802,-7.1670839819554,3.08934116363525,-8.95363903045654,-4.36522817611694,-25.9192308906684,-30.969228583713,-27.9376781489068
8.39,0.594365894794464,-8.14963054656982,-0.660620033740997,-78.758590300526,20.7504920664504,-5.4548072103388,3.23747110366821,-9.06350708007813,-4.20705318450928,-25.2643216171963,-22.5136046553989,-24.9817976723679
8.395,0.548800766468048,-8.30908584594727,-1.00705921649933,-82.3345358404862,29.0127243110574,-4.13978235169978,3.25850057601929,-9.27482414245605,-3.99960350990295,-24.0398889726137,-12.4843367319388,-21.583314107423
8.4,0.440164297819138,-8.5805778503418,-1.44970619678497,-84.3270386251623,34.4392583802138,-3.68207728815207,3.25706791877747,-9.50607681274414,-3.85798931121826,-22.9851677458858,-6.43143803051235,-19.3972369314795
8.405,0.277298003435135,-8.85556411743164,-1.8928439617157,-84.8833097217357,37.826144283948,-3.71333991775686,3.18934154510498,-9.6795539855957,-3.68561458587646,-21.8740752603904,-1.46236804729206,-17.2880232893608
8.41,0.0948881059885025,-9.09957408905029,-2.28716635704041,-84.1217367990901,39.5990257509569,-4.13893839645046,3.03736734390259,-9.78634357452393,-3.45811486244202,-20.7326157538452,3.12504057006144,-15.0916000843721
8.415,-0.0443319529294968,-9.25546073913574,-2.54418802261353,-82.1124522396233,40.3107041417156,-4.8598554718352,2.76287293434143,-9.81072044372559,-3.13368988037109,-19.6306586463647,8.316557861718,-12.607449184181
8.42,-0.170756310224533,-9.40577411651611,-2.75894331932068,-79.4749132199203,40.4532945859233,-6.06619579908004,2.46913933753967,-9.82778739929199,-2.81779360771179,-19.3914261480431,13.2297929694641,-10.5527071544668
8.425,-0.254811555147171,-9.53524017333984,-2.86693668365479,-76.4783726272523,39.7256677034527,-7.69910278433332,2.19476175308228,-9.88872051239014,-2.50064468383789,-19.279154913561,17.0671178961297,-8.8939197286747
8.43,-0.285660207271576,-9.62502956390381,-2.85053944587708,-73.3007363989306,38.0478419791228,-9.71871032095699,1.93335616588593,-9.9807825088501,-2.20456123352051,-19.0839344467037,19.3766046375442,-7.60170940941082
8.435,-0.237691953778267,-9.62231159210205,-2.67061376571655,-70.345190601661,35.2102740393869,-12.0656017395875,1.6534960269928,-10.0511360168457,-1.99994039535522,-18.4551199109557,18.9947151006704,-6.63611019852048
8.44,-0.203009888529778,-9.53494167327881,-2.44964647293091,-68.6881798788267,31.8430112691381,-14.2880334511619,1.28064203262329,-10.0769395828247,-1.88351154327393,-17.999232104614,17.0607248390665,-5.9645856361187
8.445,-0.221326515078545,-9.42168140411377,-2.19277191162109,-67.8586943852637,28.6416503787344,-16.2780090658452,0.920559227466583,-10.1081895828247,-1.82858276367188,-17.4350943376641,14.2525420806873,-5.67470813887512
8.45,-0.29960572719574,-9.30714416503906,-1.91359984874725,-67.6466511624807,25.9492717701854,-17.9316029865471,0.625891983509064,-10.142294883728,-1.85083484649658,-16.757966458822,10.7905838602381,-5.78733283564676
8.455,-0.430632948875427,-9.24742794036865,-1.67051017284393,-67.5427366644481,24.6713467915706,-18.871822922029,0.53654956817627,-10.1171636581421,-2.05013632774353,-16.226898760286,7.02553727603017,-6.31221067524743
8.46,-0.583450436592102,-9.25211906433105,-1.50789046287537,-67.4012697863588,24.2084085224582,-19.7204107471532,0.539340913295746,-10.0610065460205,-2.22430658340454,-15.8916064814773,5.24165066672104,-6.46985699082003
8.465,-0.740245997905731,-9.30010986328125,-1.39162397384644,-67.203658753292,24.414285791968,-20.4537784036213,0.593738734722137,-9.98502349853516,-2.36874294281006,-15.571914354733,5.8676797659482,-6.0958593106454
8.47,-0.888555109500885,-9.3798713684082,-1.31132531166077,-66.930833677085,25.2539704655091,-21.0544491448943,0.683022379875183,-9.89155006408691,-2.50021696090698,-15.2247512071469,8.92028596641824,-5.16686479106446
8.475,-0.976651549339294,-9.44640636444092,-1.26614141464233,-66.4954091174967,26.6821596058642,-21.4762987035072,0.771974742412567,-9.7734375,-2.77299523353577,-14.9971385681508,12.7511973454531,-4.08109138993551
8.48,-1.03421521186829,-9.46867561340332,-1.22563576698303,-66.1257319588589,28.2580413417371,-21.506513752848,0.739452362060547,-9.66309261322021,-2.94124722480774,-14.7268082185382,15.0427761846375,-3.31035790295246
8.485,-1.11057591438293,-9.44971656799316,-1.14684700965881,-65.8921531496228,29.9134964889878,-21.0871281849782,0.649166703224182,-9.57557106018066,-3.09723258018494,-14.4592355578029,15.9107036903967,-2.86722120601756
8.49,-1.23355853557587,-9.39013385772705,-1.00453543663025,-65.8262691448889,31.6182126680801,-20.1649109206012,0.539787530899048,-9.52381610870361,-3.28100323677063,-14.1948858925823,15.3409651683274,-2.78433622010922
8.495,-1.41658067703247,-9.3132381439209,-0.790796935558319,-65.6925681918859,33.3941608900263,-18.7819017740585,0.559872567653656,-9.57496929168701,-3.34929990768433,-13.5074145460158,13.4059819679729,-3.20260313105905
8.5,-1.63426220417023,-9.20361614227295,-0.748036801815033,-65.3482993369606,35.4420121126417,-17.0941142188241,0.763934850692749,-9.64424133300781,-3.37853026390076,-12.8667769528144,11.5678090151405,-3.92690456517753
8.505,-1.85716462135315,-9.05389881134033,-0.881514310836792,-65.1891832500559,37.4935174864629,-15.2165823008995,1.03807699680328,-9.7039737701416,-3.41750955581665,-12.3366262071745,10.2798325593883,-4.74726748733036
8.51,-2.06217670440674,-8.8557653427124,-1.20620536804199,-65.5415048980127,39.3354111848457,-13.2292422854623,1.29593658447266,-9.73156833648682,-3.50568771362305,-11.9743905396375,9.93659420925405,-5.50245162178105
8.515,-2.16815757751465,-8.70956325531006,-1.51109623908997,-66.8016474791234,39.634402715763,-11.4804030843318,1.3540335893631,-9.69418334960938,-3.44829726219177,-11.5687959774755,10.2374025704906,-5.80686973799393
8.52,-2.24905514717102,-8.53901386260986,-1.76323854923248,-68.1533897271931,38.845396338316,-10.0051769924838,1.20616185665131,-9.65255737304688,-3.28195118904114,-11.2495119545341,11.4588666441051,-5.82710588095739
8.525,-2.31363725662231,-8.35816478729248,-1.95946168899536,-69.1918721791693,37.1082333455717,-8.7322952547974,0.920972406864166,-9.63154411315918,-3.06570386886597,-10.8344396511251,12.7397977597284,-5.76911031782798
8.53,-2.37166476249695,-8.18386840820313,-2.09148049354553,-69.384333249602,34.525663688309,-7.5877852150141,0.574156224727631,-9.66395950317383,-2.86991238594055,-10.0874175927326,13.0027634578684,-5.88562096535053
8.535,-2.36284399032593,-8.12480545043945,-2.39917731285095,-66.968877830762,31.3525900263528,-6.45783500410716,0.335761666297913,-9.71625995635986,-2.78409910202026,-9.37466003208511,9.36883558827038,-7.01303290720717
8.54,-2.32041072845459,-8.12816333770752,-2.85300493240356,-64.7721250691458,27.707837160694,-5.75789728164494,0.193819805979729,-9.74981594085693,-2.71744346618652,-8.72930875458281,3.57101392993602,-8.26414555134826
8.545,-2.25112295150757,-8.17950248718262,-3.3604793548584,-63.5978857772264,23.6478497746333,-5.59276251742107,0.126813128590584,-9.7656888961792,-2.65670371055603,-8.17217705417404,-3.12195951441553,-9.43059672006658
8.55,-2.16145896911621,-8.26207256317139,-3.75512647628784,-64.7792352960718,19.2233659284204,-6.1735471629256,0.103119373321533,-9.76810169219971,-2.58697152137756,-7.74849785863721,-8.58280034311239,-10.2020708556877
8.555,-1.98937976360321,-8.39545917510986,-3.85935163497925,-66.823367480684,16.0840709670045,-6.96413942492046,0.0668505877256393,-9.83786106109619,-2.49508833885193,-7.7971416121324,-11.4737103527188,-10.6467084866928
8.56,-1.77462303638458,-8.53746318817139,-3.83808875083923,-69.8222644886157,12.3544803216649,-8.08057141079948,0.11980464309454,-9.9524450302124,-2.36449980735779,-8.01653924110425,-13.8365126970209,-11.299423561894
8.565,-1.51599931716919,-8.68183898925781,-3.71486401557922,-73.6482495937117,7.60429975865355,-9.51788739143299,0.268968135118484,-10.0808162689209,-2.2267951965332,-8.33866803783498,-15.8290812222677,-12.2610433338191
8.57,-1.19161093235016,-8.82598400115967,-3.4888710975647,-77.9716022439788,1.1709642162124,-11.2486522044723,0.506394565105438,-10.1421213150024,-2.17924427986145,-8.68463760986363,-17.1345540613525,-13.6584479578113
8.575,-0.857316911220551,-8.96627330780029,-3.15614628791809,-81.5825320128678,-5.88371576945892,-12.7268724804978,0.528240382671356,-10.1066465377808,-2.10965800285339,-8.99299930654855,-15.5256295778224,-14.6666991387475
8.58,-0.517379462718964,-9.10697937011719,-2.7454981803894,-84.1233692143017,-12.8335361296713,-14.0611268829713,0.368986934423447,-10.0214223861694,-2.02606272697449,-9.33896802480356,-12.0314764069468,-15.3930436532014
8.585,-0.176130831241608,-9.23914623260498,-2.28470492362976,-85.4369102143436,-19.1831429443982,-15.2132081874496,0.0522878468036652,-9.90731620788574,-1.9241681098938,-9.81886906871971,-7.24843665761213,-15.9192909457307
8.59,0.150474414229393,-9.31669616699219,-1.87458944320679,-85.14718725013,-23.3470823945318,-15.8962424723765,-0.34595462679863,-9.81466102600098,-1.77592289447784,-10.8069916821718,-2.93026854781183,-16.5199719322874
8.595,0.493580490350723,-9.40370273590088,-1.62767696380615,-84.188139898201,-23.6321010659546,-16.0481014832879,-0.64894050359726,-9.67946720123291,-1.68297648429871,-11.9209699225915,-0.105093499407088,-17.4205187139753
8.6,0.827895402908325,-9.50077247619629,-1.48318386077881,-82.6910853755392,-21.144809132519,-15.9370545602146,-0.895093023777008,-9.52258205413818,-1.62618041038513,-13.2935715683864,2.51243940929912,-18.6931639563617
8.605,1.14307403564453,-9.60829544067383,-1.41865718364716,-80.6221869249965,-16.1605093215534,-15.6415105672808,-1.10661113262177,-9.36343765258789,-1.58402633666992,-14.9432039793698,5.42037750739324,-20.36402801038
8.61,1.42810595035553,-9.72519683837891,-1.39602315425873,-77.4842682466984,-8.53154574980697,-15.1167385956123,-1.36963188648224,-9.30559253692627,-1.42806947231293,-16.5873449182605,9.1203012260729,-22.350417775749
8.615,1.60069847106934,-9.86157131195068,-1.40078616142273,-73.3754859892072,0.996553414765421,-14.3771896179454,-1.55964863300323,-9.36394500732422,-1.18728852272034,-18.2280127059582,12.3103752288732,-24.8631094751606
8.62,1.72928690910339,-10.0644617080688,-1.42889809608459,-68.3238166073633,11.6264496042596,-13.4576549103649,-1.68193387985229,-9.45089244842529,-0.973623275756836,-20.1366475978157,14.8065609223818,-27.6745229130172
8.625,1.84550213813782,-10.359489440918,-1.47606992721558,-62.3028955709703,22.93293899685,-12.3753866769407,-1.74096286296844,-9.52204895019531,-0.842001855373383,-22.4524164057194,16.5690605018523,-30.6656335052951
8.63,1.91256785392761,-10.6944026947021,-1.48020386695862,-55.5153097059055,33.7352878579335,-11.2904495470982,-1.83493649959564,-9.58205318450928,-0.690584063529968,-24.8336952654999,19.3237184828008,-33.5572453168387
8.635,1.92385816574097,-10.9577217102051,-1.42147433757782,-48.8711748888839,43.549313468758,-10.36294486253,-2.02046489715576,-9.63253688812256,-0.58305811882019,-26.6699967464997,21.6775314443814,-35.7699260795994
8.64,1.87745928764343,-11.1460657119751,-1.31908845901489,-42.5354060374154,52.5220749247958,-9.59776047736076,-2.27567839622498,-9.66895866394043,-0.499900668859482,-28.3525643296609,23.8678211394955,-37.8377795111991
8.645,1.76831591129303,-11.2521505355835,-1.18566036224365,-36.6581546151191,60.7191181364169,-9.00872154824428,-2.58743715286255,-9.68684101104736,-0.427064687013626,-30.1833879989463,26.0734633923164,-40.1770475849422
8.65,1.51638877391815,-11.2481355667114,-1.11866366863251,-31.1171534056625,68.6078090428632,-8.54169114204538,-2.78859949111938,-9.65770244598389,-0.340658694505692,-32.187003501402,26.3535574973476,-43.8414577350323
8.655,1.19343733787537,-11.1711778640747,-1.12087845802307,-26.8356185885888,74.763469221013,-8.27832587783885,-2.88273572921753,-9.5787239074707,-0.38362917304039,-34.3056223140079,24.644244600944,-47.8924600072398
8.66,0.806705832481384,-11.0359754562378,-1.1757755279541,-22.9642298009851,80.1430354943418,-8.17967404056177,-2.86683034896851,-9.47755527496338,-0.521403968334198,-36.4604786952552,22.0827409546289,-52.0942182148078
8.665,0.360389739274979,-10.8565130233765,-1.26663947105408,-18.4674381571238,85.8891097185334,-8.20946988704231,-2.72862982749939,-9.38723087310791,-0.717839002609253,-38.5553967514411,20.0323027978654,-56.1620227523736
8.67,-0.200143054127693,-10.665581703186,-1.45666825771332,-12.427942421283,92.3716422597925,-8.50862107363147,-2.40295004844666,-9.34536552429199,-1.09741461277008,-40.548114687076,18.5027963389097,-60.2399803661405
8.675,-0.842660903930664,-10.4965105056763,-1.67178225517273,-6.26528556810215,98.0417511200353,-9.03008894128902,-2.01910352706909,-9.41441822052002,-1.41133308410645,-42.3030430018516,17.0422833283075,-64.2036689150931
8.68,-1.55661725997925,-10.3618659973145,-1.89217841625214,-0.43697093042466,102.699714737741,-9.67252458178937,-1.61558711528778,-9.57655620574951,-1.67765069007874,-43.808379128882,15.8785830182774,-68.004095452315
8.685,-2.33294200897217,-10.2855768203735,-2.08868932723999,4.30438521494204,106.023639957706,-10.2615891241152,-1.24965870380402,-9.80121803283691,-1.95175874233246,-45.0297706317366,15.5221683794605,-71.5443464236726
8.69,-3.10355043411255,-10.280668258667,-2.27644038200378,7.82025924115195,108.272561704203,-10.5263161572875,-1.0614161491394,-10.0605897903442,-2.20349884033203,-45.9000118640771,17.3781834939523,-74.6123376252481
8.695,-3.75747227668762,-10.2603178024292,-2.48318552970886,11.0382977459616,109.38880585988,-10.4495055574289,-0.949729919433594,-10.2874956130981,-2.4204261302948,-46.4664394519462,19.3498798148692,-77.722525735516
8.7,-4.25825786590576,-10.2007398605347,-2.69117259979248,14.0289122957509,109.10810557556,-9.96648482460932,-0.896512031555176,-10.4551630020142,-2.60922813415527,-46.8121904579215,21.1991603628393,-80.8846027929084
8.705,-4.52630424499512,-10.0607481002808,-2.83877992630005,16.6389265068724,106.55562973178,-8.85844116480472,-0.891231894493103,-10.5047388076782,-2.79132747650146,-47.1418188023609,22.9846998779276,-83.9443704467232
8.71,-4.55213928222656,-9.8920202255249,-2.84988570213318,17.9125894474451,101.582084053663,-7.29951964241465,-1.00994634628296,-10.4952411651611,-2.85308647155762,-47.1063018186768,24.9678914072177,-86.5818343343453
8.715,-4.48927402496338,-9.7579927444458,-2.81026482582092,17.8823129264017,95.3178989997909,-5.6740118864666,-1.17314255237579,-10.443018913269,-2.93809652328491,-46.9948194710438,26.5386231804564,-88.6878275422703
8.72,-4.36783075332642,-9.66743755340576,-2.73594617843628,16.541317980991,88.1905761103151,-4.15344529136075,-1.35451352596283,-10.3555536270142,-3.06781053543091,-46.8500467813962,27.6353500705799,-90.3775275504723
8.725,-4.17486524581909,-9.59785747528076,-2.61595559120178,13.8255690264232,81.064769522835,-3.15399096718877,-1.5108060836792,-10.2514095306396,-3.19874811172485,-46.5819379508112,28.5809624404115,-92.2975756884329
8.73,-4.00230169296265,-9.61883163452148,-2.51021099090576,10.4194655316855,74.683200837887,-2.70960925483422,-1.57231557369232,-10.2259883880615,-3.1667423248291,-46.3699391242577,30.7096882254416,-94.3929206314419
8.735,-3.90272283554077,-9.70438766479492,-2.46521401405334,6.99857254296061,68.8414015124776,-2.68854132289591,-1.62302923202515,-10.198823928833,-3.24388384819031,-46.5823375168776,31.6895437486771,-96.7457022344579
8.74,-3.90793633460999,-9.8565788269043,-2.49448871612549,3.86232256525412,63.4892106373423,-3.03678001183289,-1.70859432220459,-10.1711683273315,-3.47962808609009,-47.2007940707493,31.3665406877326,-99.3902353678709
8.745,-4.10956811904907,-10.1471118927002,-2.56316351890564,1.55205953015173,58.6525351200028,-3.5787757995975,-1.96592104434967,-10.3747501373291,-3.49408102035522,-46.9597054685208,35.2089626430662,-102.310667162617
8.75,-4.34998512268066,-10.5367002487183,-2.55979371070862,0.422302058645426,54.2670004275319,-3.94205008277521,-2.20662641525269,-10.7426013946533,-3.4827356338501,-47.528503132032,39.8585387884715,-105.667131403788
8.755,-4.54184484481812,-10.9961938858032,-2.57812976837158,0.254199763990173,50.7732971953678,-4.05355889739119,-2.41214442253113,-11.1880598068237,-3.32236456871033,-48.3074213200748,43.7192588205917,-109.333467667225
8.76,-4.63463926315308,-11.5118837356567,-2.67821907997131,1.05810419807952,48.4027912514557,-3.82138539957682,-2.56019043922424,-11.6672887802124,-2.95022130012512,-49.025489352802,45.9100454119678,-113.237754060966
8.765,-4.59751987457275,-12.0440731048584,-3.0285816192627,4.13777128787604,46.2416237754153,-2.53668252542784,-2.46121573448181,-12.1369180679321,-2.55655837059021,-50.2928651042437,46.522334305019,-116.974106593584
8.77,-4.39428091049194,-12.4925956726074,-3.23774099349976,8.45999268806191,42.0613157769357,-0.459545532724772,-2.22841548919678,-12.5768051147461,-2.04171895980835,-52.0735910435144,47.4889051103188,-120.540913340434
8.775,-4.0666937828064,-12.8677797317505,-3.3011908531189,13.1678841348271,36.3858554634782,2.12777873661304,-1.94485533237457,-12.9436025619507,-1.51138508319855,-53.924036138738,48.3262863025624,-124.065659782376
8.78,-3.6403911113739,-13.1733551025391,-3.20642280578613,17.6030469818074,29.5407730659802,5.03188061627114,-1.67354166507721,-13.198335647583,-1.04872250556946,-55.4953689686236,48.6417590799469,-127.647274379347
8.785,-3.30454230308533,-13.4512214660645,-3.14874839782715,22.1589658657662,24.8323838691792,7.80437051359521,-1.18555593490601,-13.4352855682373,-0.77846485376358,-57.3115230991192,51.1694823181744,-131.127037195415
8.79,-3.12422776222229,-13.7389469146729,-3.19991588592529,28.5791626855652,22.0660530949392,10.1003420181896,-0.774017870426178,-13.7390451431274,-0.424505174160004,-58.6588052336609,54.7251661019617,-134.914677618511
8.795,-3.05486631393433,-14.0113611221313,-3.34994721412659,36.9854367895786,20.5730574121918,11.8462399691087,-0.51009738445282,-14.0945625305176,-0.0109953479841352,-59.6638675700283,58.2584946765956,-138.616230337308
8.8,-3.04898047447205,-14.2356662750244,-3.59391093254089,47.6835962375154,19.6111482110006,12.9073354698796,-0.494568288326263,-14.4869060516357,0.436300694942474,-60.4595094762539,60.4481235509075,-141.730113579916
8.805,-2.94418430328369,-14.435432434082,-3.83453512191772,59.6996304405225,17.9537003560594,13.9015685413179,-0.92034912109375,-15.0294885635376,1.18411612510681,-61.2725820252414,64.9269791180083,-146.127758197786
8.81,-2.7587878704071,-14.6017694473267,-3.99670600891113,71.0829534848599,15.252474944988,15.4399465622319,-1.45277786254883,-15.5884771347046,2.10051250457764,-62.2911681361654,67.2641332482033,-152.08637424857
8.815,-2.5254590511322,-14.7218723297119,-4.06910943984985,81.9255441129858,11.4610343753929,17.62956519126,-2.03217816352844,-16.1075572967529,3.15621829032898,-63.719517785966,66.6183593527461,-159.232910460181
8.82,-2.29912137985229,-14.7675514221191,-4.02876472473145,92.5500809518591,6.41328338769846,20.6775797970605,-2.5856511592865,-16.4899158477783,4.3243236541748,-65.9679477588425,61.5482006488189,-166.956351769848
8.825,-1.95772290229797,-14.7143430709839,-3.89651584625244,104.226077602132,0.318974663396782,24.5273766491505,-2.78531098365784,-16.7016544342041,5.62663221359253,-69.0337874508294,53.2163636539276,-173.929291893514
8.83,-1.53075754642487,-14.6610374450684,-3.65773701667786,115.962227728424,-6.29077156521641,28.2662034177952,-2.7151026725769,-16.6978969573975,6.29131698608398,-72.2355205865429,40.6623632613228,-179.795782352773
8.835,-1.04055655002594,-14.6558904647827,-3.33942675590515,127.733375744024,-12.891873629146,31.6099481391843,-2.47329688072205,-16.5538558959961,6.23090076446533,-74.8988913816869,25.7881441925702,-184.004490277821
8.84,-0.535609841346741,-14.8077383041382,-3.01821541786194,139.829995933954,-18.1520814929551,34.0281117280302,-2.29964780807495,-16.4918727874756,5.40565299987793,-75.2613217096152,14.2650182749799,-184.930267778303
8.845,-0.144092410802841,-14.8178386688232,-2.95345568656921,151.785012642011,-20.8165007221367,35.7003981689432,-2.1496946811676,-16.630334854126,3.06917142868042,-70.7999924079246,7.95810953407573,-183.719971917755
8.85,0.223405227065086,-14.3529958724976,-2.87828993797302,163.308470677549,-22.2162506623351,37.2596381489034,-2.49437141418457,-17.3265018463135,0.927199959754944,-66.7026848682391,-2.08342178059569,-182.379356047844
8.855,0.618440210819244,-13.3820934295654,-2.68300008773804,173.81658011183,-22.8214583567643,38.7555076337441,-3.31557822227478,-18.5401363372803,-0.306669354438782,-64.0801586043318,-13.8944327011826,-181.881667483781
8.86,1.19220304489136,-12.0931215286255,-2.12242341041565,180.87482929823,-23.4949491598734,39.7869584059698,-4.05791711807251,-19.7261829376221,0.991918742656708,-62.9282335404308,-9.35341899754002,-184.763037426665
8.865,1.81421804428101,-10.9896650314331,-1.53627574443817,188.394266517767,-26.7220820615629,40.6781649039677,-3.22711229324341,-19.8994140625,2.2922055721283,-64.2686854858025,-16.3309566922911,-192.55117428815
8.87,2.31336522102356,-10.1499586105347,-1.09145903587341,196.376476374329,-30.9655232060882,41.7634443970423,-1.47073590755463,-19.0643787384033,1.90812253952026,-66.0708787096345,-28.2969631747224,-199.850228623928
8.875,2.60842180252075,-9.63290405273438,-0.856984436511993,204.55620164131,-35.2021802652204,43.1741448380275,0.781054377555847,-17.2570457458496,-0.529685914516449,-67.5054984730932,-42.6459560642267,-204.15921738637
8.88,2.5509033203125,-9.62861728668213,-0.890627443790436,210.691241478355,-35.2209257193975,44.9931437423124,1.63643324375153,-15.0047245025635,-2.91828203201294,-67.4068432207215,-55.2446702902329,-200.430985948675
8.885,2.27894854545593,-9.97636699676514,-1.20251619815826,215.449984537265,-30.3055151964007,46.7482189061551,1.26778984069824,-13.0281953811646,-4.21288871765137,-69.9578915549646,-67.4896456040296,-191.325278275538
8.89,1.89328444004059,-10.4961624145508,-1.74424934387207,219.976706070069,-21.7627261014463,48.2959670928367,0.326640605926514,-11.3079853057861,-5.39093732833862,-74.4127321769437,-81.2229020624991,-179.731851782142
8.895,1.45500934123993,-11.0914583206177,-2.49103260040283,224.860004458683,-10.233940518355,49.5137659161879,-0.836146950721741,-9.87414264678955,-6.92936134338379,-80.2909569011967,-97.8736806551288,-167.17778650274
8.9,1.22069454193115,-11.5623044967651,-3.22653555870056,230.056289435824,1.52280444255439,49.7641367454984,-1.5218608379364,-9.19618606567383,-8.24391651153564,-84.1278293278297,-124.180584545351,-156.185853788412
8.905,1.17975699901581,-11.9473247528076,-3.76756739616394,234.083287008193,9.35786971955793,49.1500754183576,-1.47882568836212,-9.06873512268066,-8.574538230896,-85.8514275648825,-150.931703448623,-145.857173423627
8.91,1.27256155014038,-12.2714958190918,-4.08728551864624,236.823449620176,12.5229836498101,47.8846052896943,-0.959688365459442,-9.31119155883789,-8.2849760055542,-85.611605962745,-173.258321430209,-135.162695447652
8.915,1.45983147621155,-12.5509748458862,-4.15077590942383,238.10438329712,10.136666671743,46.0973872556175,-0.136385858058929,-9.80246162414551,-7.62677240371704,-83.4074219553118,-187.014418041263,-123.260995196257
8.92,1.59557282924652,-12.7210559844971,-4.0388035774231,237.812761540317,3.62952538579116,45.1223060346119,0.829511702060699,-10.1093225479126,-7.59580183029175,-78.5621472298073,-188.099789741891,-109.033451607932
8.925,1.65895533561707,-12.8886299133301,-3.83759379386902,236.350800529611,-1.69911030133093,45.8033305363755,1.75405621528625,-10.192138671875,-7.7034273147583,-71.9773940774298,-182.105246896073,-94.423656482707
8.93,1.66233694553375,-13.0410432815552,-3.57929253578186,233.644324410615,-5.32273611122649,48.1009856826003,2.59435033798218,-9.99930000305176,-7.99482917785645,-61.7626071170548,-169.362203942715,-79.5415417152738
8.935,1.61662864685059,-13.1612310409546,-3.29989624023438,229.50438283013,-6.44869151524263,52.0900483843196,3.29001688957214,-9.44475555419922,-8.5409107208252,-45.2632094220947,-149.768003138592,-64.5042723706546
8.94,1.63142335414886,-13.1637153625488,-3.03657460212708,223.687984978244,-6.19291886007222,56.8368591027492,3.9322509765625,-8.79135513305664,-9.29161071777344,-30.5700859889958,-133.413470340834,-49.8724089042215
8.945,1.72809517383575,-13.1226186752319,-2.76007461547852,217.593762351678,-5.96913881097415,61.4368890559152,5.31527805328369,-7.94590759277344,-10.0333871841431,-23.1166898685435,-117.796693596085,-37.5273439983274
8.95,1.883455991745,-13.0398693084717,-2.48698115348816,211.441100626574,-5.93552659629488,65.7769824998381,7.39395904541016,-6.86999320983887,-10.6891431808472,-21.9935864953927,-105.632495514507,-28.3634738493127
8.955,2.05749821662903,-12.9069395065308,-2.25215744972229,205.492402010465,-6.26298891699374,69.7106113862535,10.0723915100098,-5.47636270523071,-11.1262235641479,-25.5720506676093,-102.691586812629,-24.2122470887717
8.96,2.1186511516571,-12.7173490524292,-2.11404514312744,201.381324809413,-6.58213206728352,72.1651149965784,12.3556871414185,-4.57144403457642,-11.3549356460571,-37.000435884996,-117.013789992661,-21.0209419443735
8.965,2.08452916145325,-12.5288667678833,-1.99767351150513,196.592556238912,-6.75130432708051,74.122162269273,13.7929658889771,-4.33399152755737,-11.0286445617676,-48.0574568870198,-126.599728266342,-16.1296249136739
8.97,1.97515642642975,-12.3617401123047,-1.88696098327637,190.674320266501,-6.54190993703496,75.6434639634883,14.3454484939575,-4.72711896896362,-10.0891637802124,-55.7532803267779,-123.515488044731,-9.55194954482384
8.975,1.83553683757782,-12.2558135986328,-1.76290023326874,183.124365761752,-5.3060397138004,76.5119225164554,13.9838457107544,-5.63584327697754,-8.43753051757813,-54.0742422438704,-91.5284554067544,-2.14157187675506
8.98,1.66625225543976,-12.1746253967285,-1.62780904769897,175.804779877329,-2.66107264993164,75.975657043961,12.8773231506348,-6.38425207138062,-7.31132078170776,-44.6297401124273,-43.7413886335025,6.23891335394309
8.985,1.43353569507599,-12.069149017334,-1.48952150344849,169.282823484181,0.650872951837727,74.5114420708287,11.4143886566162,-6.82639360427856,-6.56321716308594,-31.377424594175,3.49738833266469,15.8509224596861
8.99,1.12641727924347,-11.9187440872192,-1.33999705314636,163.802252373406,4.3640691154569,72.215637905869,9.74032878875732,-6.89732074737549,-6.16011571884155,-15.5942337053933,44.7059342877134,26.7615246964725
8.995,0.727470695972443,-11.6761093139648,-1.13387835025787,159.933086812377,7.98056890361403,69.0612038301578,8.14465045928955,-6.43989706039429,-6.09485626220703,0.718430139474912,70.6501585481021,39.0222811623465
9.0,0.323038697242737,-11.3800096511841,-0.828644335269928,158.189189253111,9.46212316572806,65.0051301424916,6.82615661621094,-5.7382230758667,-5.91726064682007,12.8669963726415,85.265663711473,52.1993655619856
9.005,-0.0247313287109137,-11.0540380477905,-0.469533562660217,158.003517390714,8.70911786162261,60.3623841862563,5.77465343475342,-4.922194480896,-5.54822731018066,21.4181396427245,93.2143783203454,65.74511966736
9.01,-0.276357680559158,-10.7029447555542,-0.0724890306591988,159.146576869072,5.51138550921542,55.2640372916245,4.97746229171753,-4.02536392211914,-5.01272487640381,26.8154678229899,95.350444851186,79.5506395272482
9.015,-0.301057100296021,-10.3073091506958,0.345881879329681,160.9521783573,-0.979846665333864,50.0391030860102,4.29444742202759,-2.98751187324524,-4.77589559555054,31.948807484287,87.3533793331791,94.1587134448022
9.02,-0.265391528606415,-10.0146064758301,0.648743391036987,162.524597187264,-8.8194288318129,44.9711641935633,3.8082377910614,-2.21366333961487,-4.66663599014282,36.9770015059536,74.5751609055958,109.750054565082
9.025,-0.174209490418434,-9.75217247009277,0.89560854434967,163.683434402605,-16.9159589796081,40.1830274155605,3.6162965297699,-1.60037100315094,-4.36578130722046,42.1904746541406,62.6727366541481,125.555870455489
9.03,-0.028914162889123,-9.48447132110596,1.11247074604034,164.270926293874,-24.6129367213359,35.7722312684443,3.77398252487183,-1.10114133358002,-3.75112342834473,47.6824760864916,54.6051118669204,140.921815333159
9.035,0.135782212018967,-9.23190021514893,1.25783562660217,163.575189564638,-30.2047528306701,32.0479510951843,4.05759477615356,-0.701279938220978,-3.84656834602356,52.1871565988442,49.0170438238933,151.158315464905
9.04,0.274745762348175,-9.03000545501709,1.32103776931763,161.971187939952,-33.617999849506,28.7045359304227,4.15033721923828,-0.541770935058594,-4.47419738769531,57.7143744865557,39.9992577608467,163.259771428767
9.045,0.35469987988472,-8.87747669219971,1.31957066059113,159.514819687984,-34.9748374186965,25.82824252564,4.08012533187866,-0.623604953289032,-4.92966842651367,63.912559422478,30.7971283071962,177.146201709563
9.05,0.345546305179596,-8.776291847229,1.2633980512619,156.198394015728,-34.2466060644844,23.5163174066918,3.85919976234436,-0.96234667301178,-4.64184093475342,70.5429860498354,23.9824197609372,192.863204650193
9.055,0.233668982982635,-8.6866569519043,1.07899034023285,152.344896908655,-30.1782175457446,22.1991171328021,3.86177444458008,-1.41417860984802,-4.01974678039551,78.3696656688072,23.4476620527021,207.227543267215
9.06,0.0955365672707558,-8.55123519897461,0.834154486656189,149.167725133197,-26.0837581949429,21.5564578036065,3.92456865310669,-1.92734694480896,-3.57903647422791,86.4743271568093,26.5091270085257,220.328228585893
9.065,-0.0557930506765842,-8.37821674346924,0.546404242515564,146.003325811486,-21.5974116178699,21.3968738487437,3.94694113731384,-2.48600625991821,-3.27271032333374,95.0081226001741,29.7152946445578,232.041115087873
9.07,-0.204928949475288,-8.17499923706055,0.234442785382271,142.01901692143,-16.2294037321641,21.5169656498255,3.79933404922485,-3.07374835014343,-3.05205535888672,104.193968882843,28.7407769141588,242.103541018432
9.075,-0.285007685422897,-7.90165090560913,0.0154842110350728,136.818169377923,-11.2259810990698,21.9909415046366,3.27068567276001,-3.68682980537415,-2.75143074989319,114.486900037513,24.5501502073906,249.281605383252
9.08,-0.335514605045319,-7.64562177658081,-0.170113950967789,130.843939514697,-7.83620261022205,22.5409151667952,2.89555668830872,-4.38852071762085,-2.55752038955688,125.219333374704,18.7787974530807,254.249557136439
9.085,-0.370440989732742,-7.38288068771362,-0.322453588247299,124.083718802541,-6.02401127010557,22.9316019873199,2.8682758808136,-5.22170209884644,-2.49210596084595,135.214249715508,11.6227963068273,257.031493185385
9.09,-0.410500198602676,-7.05798387527466,-0.431948632001877,116.384169494591,-5.75567106686234,22.7296776897923,3.53739047050476,-6.27479982376099,-2.59033465385437,142.234167880285,3.13576311328471,257.372101058916
9.095,-0.432871252298355,-6.6312780380249,-0.452138334512711,108.418290620335,-6.40121657786916,21.8329011725263,4.44911003112793,-7.08232736587524,-2.76048016548157,149.200906192185,-3.85727718989159,256.541522735085
9.1,-0.476799696683884,-6.17475700378418,-0.407117784023285,100.56274662193,-7.57850298793206,20.814185288008,5.86238813400269,-7.78740406036377,-2.97492504119873,157.115155666505,-8.65325032930649,255.807577927633
9.105,-0.557933509349823,-5.70330715179443,-0.311954140663147,92.9027782602202,-9.34177523255244,19.6521822799867,7.68687200546265,-8.31251621246338,-3.21013975143433,165.954622565796,-10.6647871436521,255.874022007878
9.11,-0.710905075073242,-5.23269557952881,-0.197159022092819,85.5672165633291,-12.0410668463151,18.0634307601702,9.60293388366699,-8.36375904083252,-3.40960574150085,175.374696525672,-8.18570936646713,258.399989887489
9.115,-0.870763301849365,-4.79393196105957,-0.0964091569185257,78.640837839235,-15.7909192478276,16.2632592723325,10.7399568557739,-7.7917366027832,-3.41336536407471,181.626710182443,-3.07551614905015,262.106733550055
9.12,-0.994242191314697,-4.43061637878418,-0.0081734517589211,71.7524486273046,-19.9413929800125,14.3221852507857,11.2802181243896,-7.00966501235962,-3.42581868171692,187.105724010087,9.17935504163683,267.7172421796
9.125,-1.08013093471527,-4.13500261306763,0.0713907703757286,64.7131463856627,-24.2513994406415,12.3036457849934,11.29296875,-6.18451309204102,-3.59906578063965,192.477845377221,29.6334416575444,275.048002253505
9.13,-1.16604554653168,-3.82734799385071,0.158684939146042,57.012555473864,-28.245805057839,10.4331600609714,10.9191055297852,-5.68225193023682,-4.43850517272949,198.456364599246,58.6943700286692,282.519901356419
9.135,-1.23934900760651,-3.52699136734009,0.226589202880859,48.3028997348442,-32.0322621506608,8.63840320559817,10.5810260772705,-5.67511558532715,-5.33460569381714,203.980881147141,83.2350962825524,285.779431552889
9.14,-1.28294909000397,-3.25461626052856,0.279917299747467,38.6037613209539,-35.5922216328686,6.94241302005747,10.0563898086548,-5.92875099182129,-5.73053455352783,208.430544485729,103.117708654568,286.015155041524
9.145,-1.29191935062408,-3.01987791061401,0.321112632751465,27.8720758894761,-38.8608803771645,5.36371767313339,9.19797039031982,-6.35020589828491,-5.42733573913574,211.492067498161,117.785492085846,283.829521827877
9.15,-1.28127861022949,-2.83614039421082,0.360128581523895,15.9568040521997,-41.4275083729043,3.96248045924318,7.48603820800781,-6.77513265609741,-4.48969745635986,212.635277240681,124.328567423908,281.529551247524
9.155,-1.24785900115967,-2.70638537406921,0.414914816617966,3.56313765460593,-43.1827918575168,2.64054302227729,5.52467679977417,-7.11804342269897,-3.97088122367859,214.35397140191,124.395353013612,280.202008359683
9.16,-1.193075299263,-2.62116503715515,0.484922766685486,-7.24856130856448,-44.2692905393582,1.57157476799263,3.62706732749939,-7.45633029937744,-3.69597721099854,215.941252723507,116.394209872671,279.234197875049
9.165,-1.11750113964081,-2.57935404777527,0.569190144538879,-15.5042579159094,-44.7532845741345,0.832486294486191,1.9864501953125,-7.83263778686523,-3.56051969528198,217.014753555358,98.7440106799285,278.3381043767
9.17,-1.03938388824463,-2.60592126846313,0.640384197235107,-24.8267575008505,-45.1421887152858,-0.0951595028575135,1.04220283031464,-8.28396511077881,-3.10187911987305,217.539175479832,66.1730105282937,277.789558224078
9.175,-0.975256323814392,-2.68056869506836,0.741561353206635,-34.8180538413935,-45.9189963748751,-1.19547648448311,0.503167390823364,-8.58272075653076,-2.83074164390564,218.076656725998,32.2533451288104,278.143307381571
9.18,-0.914367198944092,-2.78917360305786,0.889864861965179,-44.6846445880704,-47.0054609057707,-2.43227177146338,0.116785436868668,-8.7913064956665,-2.78044176101685,218.780548701103,-0.835683409987139,278.80692856133
9.185,-0.848357558250427,-2.92257499694824,1.10182452201843,-53.7873196572165,-48.3582823237293,-3.78509404319561,-0.308613002300262,-8.95386600494385,-2.99103045463562,219.783097527856,-31.3086684948951,279.327908070462
9.19,-0.787888646125793,-3.13453149795532,1.41317975521088,-61.7905016096251,-49.7143651570166,-5.05193618610841,-0.727395057678223,-9.35442733764648,-2.93164753913879,220.869275190806,-50.4317296802592,278.987464121472
9.195,-0.715439558029175,-3.3640284538269,1.74882566928864,-69.1471549306733,-50.6730231881629,-6.23931590821729,-0.733302235603333,-9.95416259765625,-2.82387852668762,222.049996332248,-72.5284810604231,276.74647905479
9.2,-0.631842970848083,-3.59520959854126,2.09267044067383,-75.8443398269784,-50.9639106996299,-7.28111740524335,-0.390383780002594,-10.7105798721313,-2.767422914505,223.256180418916,-98.4979394547004,272.110966268886
9.205,-0.537287533283234,-3.80828189849854,2.42512655258179,-81.8150658031609,-50.1959993614346,-8.08307467513029,0.247721090912819,-11.5823431015015,-2.89149117469788,224.402955520183,-129.767529022259,264.276056271965
9.21,-0.474867224693298,-4.04872751235962,2.71065783500671,-87.5755517265013,-47.9514386907229,-8.49782595964826,0.935710787773132,-12.3897581100464,-3.14441609382629,224.175578522713,-159.131400188736,252.754155519557
9.215,-0.482499450445175,-4.32819175720215,2.94913029670715,-93.0499483462665,-44.8961721315711,-8.4255454827566,1.6675363779068,-12.9747333526611,-3.49558091163635,222.745623778457,-183.494971826117,239.737536169183
9.22,-0.540528059005737,-4.61538362503052,3.1328113079071,-98.1080176153628,-40.906368354327,-7.97965109694431,2.4388599395752,-13.3135423660278,-3.96498680114746,220.303858470934,-203.056264778818,225.856570039723
9.225,-0.613023221492767,-4.85060358047485,3.24129438400269,-102.467126305935,-35.5789369149329,-7.34622020709097,3.24625706672668,-13.3519515991211,-4.60619878768921,217.087139900182,-218.010745400508,211.983882099537
9.23,-0.681858539581299,-5.25352430343628,3.34121203422546,-104.834422060937,-28.5551853064839,-6.51351726754204,4.07272434234619,-13.3002014160156,-4.86116218566895,213.836707515686,-223.843972838509,199.96722976441
9.235,-0.758757054805756,-5.84446859359741,3.41605734825134,-105.006467695941,-20.6848898070197,-5.74590218880193,4.87001180648804,-13.1281938552856,-5.13799905776978,211.238667479953,-224.043810513245,189.549019279984
9.24,-0.838416039943695,-6.62561416625977,3.46697974205017,-102.863728070281,-12.4167400572705,-5.13998970422775,5.57651662826538,-12.8140506744385,-5.51785039901733,209.345134136351,-219.339859231857,180.763674799677
9.245,-0.901396870613098,-7.61319971084595,3.50115060806274,-97.9220042435066,-4.71085318754408,-4.89541044844652,6.0223217010498,-12.2921457290649,-6.09772253036499,208.122325369243,-210.140482344442,173.953375140527
9.25,-0.907391965389252,-8.85448169708252,3.72208309173584,-89.230130901991,0.122430260418406,-5.18642389152643,6.09722852706909,-11.5852270126343,-6.27739334106445,206.10741956409,-195.031666768267,167.939939991465
9.255,-0.882393658161163,-10.3095197677612,4.13095378875732,-77.7861830985805,2.48898027082106,-5.69535323941513,6.06315279006958,-10.9424467086792,-6.17101716995239,202.307006687246,-176.728494660682,161.317047062762
9.26,-0.845877707004547,-11.955376625061,4.71165132522583,-64.8004225428772,2.67030215649104,-6.27415029987118,6.01619529724121,-10.3709278106689,-5.77166271209717,196.076999899981,-155.903329843583,153.774660407614
9.265,-0.862738370895386,-13.7249402999878,5.38781452178955,-54.9226473614343,1.57421709070607,-6.54960115692722,6.14291143417358,-9.65474891662598,-4.93282699584961,185.404938604863,-132.978756120919,145.272386287268
9.27,-1.04319262504578,-15.1922426223755,5.89596366882324,-45.3092073310601,-0.714989591763077,-6.32008759090775,6.28342437744141,-8.73965072631836,-3.71673274040222,175.009021857888,-115.549848227096,138.870777827296
9.275,-1.33532750606537,-16.1834297180176,6.30144739151001,-37.3689280058127,-4.69244198574949,-5.91372634001149,6.31905746459961,-7.70365524291992,-2.22081828117371,160.646745957995,-97.0906950894352,132.803780334762
9.28,-1.70733237266541,-16.5908164978027,6.66193580627441,-31.6470804626071,-10.9441777391988,-5.56766242599492,6.18185472488403,-6.57159233093262,-0.536528944969177,140.411354315349,-75.1521889470568,126.454258897399
9.285,-2.01956582069397,-16.1500701904297,7.28475046157837,-28.2133172630518,-22.3748374095791,-6.32095331738505,5.68075847625732,-5.35777759552002,0.802570641040802,111.707224781182,-48.345496209603,119.658288975128
9.29,-2.12542867660522,-15.3253593444824,8.25864696502686,-20.8665369804489,-38.8876273979542,-8.23924012031346,4.58168840408325,-4.28361082077026,1.1472407579422,81.3498684489805,-23.1476152575581,111.330034414457
9.295,-2.05013823509216,-14.3743658065796,9.32061386108398,-8.47054703787688,-58.1923647850516,-10.5530187818477,2.97534441947937,-3.52981901168823,0.823712110519409,51.7019741111524,-2.15621003936345,100.326790906863
9.3,-1.79663121700287,-13.4385318756104,10.3016796112061,9.73858275634715,-78.8447736274733,-12.7774730831902,0.90800678730011,-3.22887849807739,-0.0153967849910259,24.2251749293232,13.0027677267367,85.7817801259158
9.305,-1.35934543609619,-12.742073059082,10.5708808898926,31.6686160490602,-93.8130307407187,-13.1006759271679,-1.14166533946991,-3.72808694839478,-1.05394470691681,2.07374318909837,21.9463915957752,65.6239589416731
9.31,-0.94843053817749,-12.2549619674683,9.99076271057129,49.5666281652692,-98.6764532788479,-11.2879300610681,-2.52360916137695,-4.45676469802856,-2.1357262134552,-16.6011128720799,29.0467762191645,41.9722091290237
9.315,-0.59356951713562,-11.8846302032471,8.74655055999756,61.4818795119781,-94.4360669364289,-7.98359894628457,-3.17339158058167,-5.14924430847168,-3.20029234886169,-32.7259771439023,34.6820716052077,16.2563829793856
9.32,-0.321819275617599,-11.5645513534546,6.94500875473022,65.4954489324393,-81.3312356929247,-3.6092226484833,-2.99490332603455,-5.59185886383057,-4.19847726821899,-46.8822135572924,39.0635559955008,-10.5118455477572
9.325,-0.203352734446526,-11.3595695495605,5.69401884078979,57.6222830459764,-63.6626359705581,0.894215463131504,-1.81033551692963,-5.61692476272583,-4.72389125823975,-60.6973913046671,43.5556996956319,-34.4408668897633
9.33,-0.0953762531280518,-11.0719385147095,4.58440685272217,46.5484700238781,-47.1182307440622,4.7290821086652,-0.49201226234436,-5.87470293045044,-4.83140563964844,-73.5808697775495,48.2793321671131,-54.5467718061248
9.335,0.0457179546356201,-10.7257375717163,3.72679615020752,34.8327148424469,-32.3368066253733,7.86846415499296,0.746517777442932,-6.28390693664551,-4.6385931968689,-85.1146345685457,53.0962137962379,-71.2487221760161
9.34,0.277266651391983,-10.346718788147,3.27955889701843,25.6404123234647,-20.2565566913372,10.2250476120557,1.63081181049347,-6.75405597686768,-4.27007102966309,-94.6696662362325,57.8398177408522,-84.811531263748
9.345,0.71483451128006,-10.0207967758179,3.51447010040283,23.5578005606159,-10.5011750847264,11.8783119761302,2.33487391471863,-7.23472738265991,-4.14947271347046,-105.742782579035,60.3645220354665,-95.6229830594478
9.35,1.30447912216187,-9.717604637146,3.97930574417114,25.9238600513783,-0.51375706433228,13.3113872630628,2.30924010276794,-8.30747604370117,-3.51973962783813,-112.894045281552,63.8611417584062,-102.157513830858
9.355,2.00563907623291,-9.44997310638428,4.62461376190186,32.259396676415,9.61482485122839,14.4546832367211,1.31518614292145,-10.1140966415405,-1.7881680727005,-113.91260407172,73.3045271539199,-103.088004161867
9.36,2.75887775421143,-9.2491512298584,5.42329454421997,42.3543991942209,19.4581007471735,15.0949827355585,-1.14370858669281,-12.9392862319946,2.20455408096313,-104.536523360287,98.4107999012694,-95.4706015390649
9.365,3.33335280418396,-9.31445026397705,6.27053833007813,50.278897367391,25.3249617441949,15.0689648374626,-4.00144720077515,-16.0642204284668,6.19191360473633,-86.992888778975,129.630119276537,-77.7431597369986
9.37,3.69780850410461,-9.63608360290527,6.95288133621216,57.8881344990409,30.2834366099087,14.5230192793671,-6.52285003662109,-18.8931751251221,8.44949531555176,-67.4358100529916,141.292817548495,-55.0007061783638
9.375,3.83593106269836,-10.1457300186157,7.29885244369507,64.7424547273912,35.1323040149166,13.586181141298,-8.49738788604736,-20.7829322814941,8.73180103302002,-47.5183159048849,128.394333150007,-30.1935274147692
9.38,3.69105124473572,-10.6652889251709,6.85667371749878,68.8195585675119,41.0696918377603,12.5450579674339,-9.53023719787598,-19.9935665130615,6.77213954925537,-29.7786412340151,83.4775133565745,-9.86381085968474
9.385,3.48590493202209,-10.6637468338013,5.85420894622803,65.7734171410913,47.6636555002336,12.0627834327812,-8.91744422912598,-16.6842975616455,4.63377714157104,-26.536922463353,31.1659107110526,-7.35661746255502
9.39,3.29858946800232,-10.3169527053833,4.82420682907104,56.7444159074276,55.2615920839016,12.1973919471701,-7.35040330886841,-13.2317171096802,2.42979025840759,-31.7795246608028,-18.1145410657295,-15.4134590886306
9.395,3.11777424812317,-9.75858592987061,3.89431262016296,42.3024692659613,65.083247016029,12.9349106511062,-5.07727718353271,-10.3520307540894,0.347872465848923,-43.5005459180841,-59.6844400998084,-31.4905632626817
9.4,2.81248426437378,-9.43663883209229,3.12745761871338,23.9667342315083,82.4733730957451,14.1521007338476,-2.56476426124573,-9.01093864440918,-0.849151074886322,-58.3527103060068,-82.1325056750264,-50.9754947004623
9.405,2.08073592185974,-9.95278739929199,2.54262447357178,11.1280336250509,105.17295355696,14.2067763981536,-0.0617458894848824,-9.12998580932617,-0.951377511024475,-73.0298442662587,-82.8045416478423,-66.919345298901
9.41,1.00210249423981,-11.2031726837158,2.15261745452881,6.3642746459695,124.432481921941,12.3655127847218,2.02864193916321,-9.7955961227417,-0.667445659637451,-85.4462607433173,-71.6528234880708,-78.3033923432905
9.415,-0.33448189496994,-13.0636110305786,1.95723032951355,10.817757767851,135.551784003911,8.22539618063949,3.65236854553223,-10.6957960128784,-0.251565992832184,-94.8711568167479,-52.8438861177301,-84.562686981717
9.42,-1.34965085983276,-14.6426753997803,1.87089240550995,24.5189089221269,125.850784363472,1.05402550792796,5.58896589279175,-11.7104768753052,0.114793956279755,-101.758801538059,-35.2970276871298,-85.1189717386686
9.425,-2.497389793396,-16.3009567260742,1.47558534145355,35.8795642761564,102.826168860035,-6.1791884722932,7.87459707260132,-12.3472108840942,0.223101660609245,-106.910574172378,-20.8185480713404,-83.8306477970425
9.43,-3.75999927520752,-17.5816993713379,0.902638852596283,42.8323007002576,72.9305674666726,-12.0881780761153,10.1251401901245,-12.4683170318604,-0.168169230222702,-110.599969154453,-8.68042679824032,-82.1301970710869
9.435,-5.11719751358032,-18.1571464538574,0.229299396276474,44.2459312923967,39.5479564265327,-15.7370734515058,12.1026849746704,-11.9912567138672,-1.22268712520599,-112.915772113302,1.69612027930005,-80.751810255065
9.44,-6.2571873664856,-16.8444843292236,-0.223986253142357,43.8077234307217,9.16046188461893,-14.7721214010393,13.2091073989868,-11.2538919448853,-3.09240484237671,-114.320571270844,16.1533820191545,-79.7141405956
9.445,-6.76538181304932,-14.5846557617188,-0.851573586463928,43.4806461619373,-12.0918475952469,-12.4816302694802,13.3091449737549,-10.7281312942505,-4.98087406158447,-115.304371228326,37.3225168704025,-77.7910120423237
9.45,-6.47367906570435,-11.9086513519287,-1.66213989257813,41.1119604634389,-24.7502815802611,-10.8755531210604,12.4959030151367,-10.3749723434448,-6.61263275146484,-115.168641709139,62.2728222480547,-75.0066990875463
9.455,-5.19931221008301,-9.21361255645752,-2.67379426956177,34.8632799389827,-28.7195247805563,-11.5955523897754,10.7875690460205,-10.1739387512207,-7.75271940231323,-113.288857536336,88.90319023699,-71.3277952760374
9.46,-3.20087718963623,-7.43267965316772,-3.25135922431946,21.6369447527859,-29.0464620304627,-16.9198556025296,8.27188873291016,-10.1474590301514,-7.99527502059937,-110.602755871634,111.577089186925,-67.0250561366853
9.465,-1.56759703159332,-6.08460998535156,-3.41523289680481,10.2814496066743,-29.986118475338,-21.6509056594494,5.7202262878418,-10.2045135498047,-8.08054065704346,-107.903396809753,128.942346547873,-62.7192434122068
9.47,-0.365444898605347,-5.05527305603027,-3.19167423248291,-0.139849830803304,-32.1875430863465,-25.8080678543791,3.27432060241699,-10.2988681793213,-8.1107931137085,-104.94121206861,139.434869490469,-58.8315475479597
9.475,0.289526045322418,-4.22579145431519,-2.5838725566864,-10.731902289984,-36.5632593818855,-29.3715243934419,1.12038934230804,-10.3753023147583,-8.21030807495117,-101.382444454413,140.560894477037,-55.9233349616383
9.48,0.652305483818054,-3.85460686683655,-1.5980783700943,-19.5840887090563,-40.693222055993,-29.7230093432254,-0.467289805412292,-10.3541946411133,-7.88773345947266,-96.2573983503153,129.964579979814,-54.3247906580993
9.485,0.91760116815567,-3.92757701873779,-0.671070575714111,-26.8701161665392,-39.9046459804637,-27.3667614192056,-1.67782974243164,-10.2717838287354,-7.50431442260742,-90.526603259297,112.488550610907,-53.29365748967
9.49,1.01682019233704,-4.43788719177246,-0.0030903893057256,-33.626336095388,-32.7187849547063,-22.7119311507813,-2.51237058639526,-10.1563177108765,-7.17133092880249,-84.1375828379645,89.0617530785719,-52.6492018207226
9.495,0.782019734382629,-5.4201488494873,0.0451686009764671,-41.7423049615611,-16.1522908964346,-16.238720110192,-2.91358709335327,-10.0540227890015,-7.06691074371338,-76.8204831423999,60.3081251634897,-52.1678169182093
9.5,0.0749605521559715,-6.77771663665771,-0.467248916625977,-52.4383060697202,5.15632111342007,-9.23617367779487,-3.11776924133301,-9.91055488586426,-7.25499248504639,-69.0286033372494,31.6376274807958,-51.5120607012801
9.505,-0.802946448326111,-8.25322151184082,-1.08779656887054,-63.2927948873802,24.2460940912037,-2.80433800220678,-2.95525455474854,-9.81437110900879,-7.47730588912964,-62.917073011327,9.4536067736067,-50.7532505901538
9.51,-1.76739704608917,-9.70811462402344,-1.76244008541107,-73.4970565262443,39.4008204914323,2.75727159552304,-2.33851289749146,-9.79707527160645,-7.52160882949829,-58.173540783699,-6.82934009212155,-49.6464081898695
9.515,-2.69061398506165,-10.8310575485229,-2.50346922874451,-81.519906008368,47.8014238308873,6.89824133292135,-1.03331434726715,-9.92561054229736,-6.8482084274292,-53.2300923341593,-20.7062546387435,-47.4212930677248
9.52,-3.29814100265503,-11.3566703796387,-3.02717876434326,-87.7637439287026,50.8779459387362,10.3371378465248,0.504175126552582,-9.91029071807861,-6.07329845428467,-48.7979620911705,-34.3618620916337,-44.8699032240233
9.525,-3.85481691360474,-11.5398874282837,-3.39040541648865,-93.2158058298819,51.5702368375357,13.3900360375818,1.81947219371796,-9.85797119140625,-5.2486424446106,-45.2072496822248,-45.1839484918713,-42.3756444976343
9.53,-4.39414596557617,-11.4350433349609,-3.58417701721191,-97.8298923123598,50.5714446148264,15.9032382936339,2.78496265411377,-9.82949924468994,-4.3620662689209,-42.4745183160594,-52.1231406508483,-40.0631302748701
9.535,-4.80764150619507,-11.0407781600952,-3.50978636741638,-100.403200233108,48.176442197456,16.843418955528,3.25959634780884,-10.0019903182983,-3.30499410629272,-40.3469417103571,-52.8945524609933,-38.1304804378908
9.54,-4.94470691680908,-10.6709270477295,-3.37595510482788,-99.8158790965678,43.2331918234023,15.1782786000341,3.5006582736969,-10.2726726531982,-2.49209380149841,-38.9857533106652,-49.2036104410722,-36.9889406766228
9.545,-4.86053228378296,-10.395131111145,-3.33865094184875,-96.8418166564583,35.175388848201,11.2689703097058,3.5482497215271,-10.5613126754761,-1.85204684734344,-38.1440349482987,-43.4732900482012,-36.3061983822829
9.55,-4.56453418731689,-10.2325534820557,-3.44036316871643,-91.7101520990551,23.5419681821198,5.15719921961524,3.42386651039124,-10.8280735015869,-1.3736435174942,-37.7051884639362,-36.6352939719671,-35.930951204377
9.555,-4.03558921813965,-10.1214790344238,-3.56796431541443,-84.7225134082952,6.98041918080718,-3.25552962660724,3.23755693435669,-10.9704246520996,-1.12011778354645,-37.2856304337898,-29.9898648340978,-35.451967113357
9.56,-3.38111901283264,-10.017333984375,-3.51146197319031,-79.0236494516467,-6.60082757570231,-9.97306741942191,3.18676853179932,-10.9682884216309,-1.14282500743866,-37.0978070618037,-22.4263148378062,-34.4238767942029
9.565,-2.6737916469574,-9.92819309234619,-3.27576112747192,-73.1365318210943,-19.6061058238458,-16.291720670604,3.16466236114502,-10.8623580932617,-1.33807480335236,-36.901206896734,-13.6952771915897,-32.8452459071891
9.57,-1.95445382595062,-9.86074256896973,-2.85816550254822,-66.2493583828361,-33.1309561352653,-22.8155707336998,3.11279702186584,-10.6752986907959,-1.65018200874329,-36.5766465526588,-3.64020609410577,-30.6939617148777
9.575,-1.32085347175598,-9.84365653991699,-2.34274482727051,-57.9696528067849,-44.6299416030078,-28.502039604552,2.96551203727722,-10.5322914123535,-1.88933336734772,-36.272334304378,7.02026308933045,-28.1361344178834
9.58,-0.781469106674194,-9.80671691894531,-1.9579131603241,-50.7081884171047,-52.2633507741303,-32.1442806681436,2.69031238555908,-10.3823070526123,-2.15629553794861,-36.0337797023316,17.2946844313489,-25.9925717544287
9.585,-0.331301122903824,-9.73764991760254,-1.71163618564606,-45.1102097695918,-56.6879746392212,-33.8829189817487,2.33055353164673,-10.2130289077759,-2.43097281455994,-35.8803838988568,26.0639352784242,-24.488698995428
9.59,0.0281676054000854,-9.62471675872803,-1.61873638629913,-41.7911339839375,-58.2301015802159,-33.7133287997519,1.91556549072266,-10.0134725570679,-2.69784307479858,-35.8328048010985,32.3451360410662,-23.8431043924365
9.595,0.312297999858856,-9.42694473266602,-1.50646984577179,-42.2113716179063,-56.553419912572,-31.3209867410632,1.50057995319366,-9.76921272277832,-3.01592373847961,-35.4917700407452,37.2764506595453,-23.9749765622892
9.6,0.586964786052704,-9.20331478118896,-1.31945061683655,-44.5933010532053,-52.5065328293394,-28.1111103123117,1.07952105998993,-9.57225227355957,-3.31540775299072,-34.9621708328808,41.9538461654401,-24.2938354059548
9.605,0.837637543678284,-8.99686527252197,-1.07462060451508,-48.6085097190673,-46.0840444810739,-24.3280017197305,0.639039695262909,-9.44646072387695,-3.5907871723175,-34.1299703391226,45.7418656640346,-24.629621165931
9.61,1.0442146062851,-8.86298942565918,-0.788818717002869,-53.9700306326089,-37.0964341937805,-20.2345071331491,0.160869941115379,-9.42730045318604,-3.83328723907471,-32.8286075663709,47.7737035081408,-24.7699627703545
9.615,1.11548912525177,-8.87303161621094,-0.402831852436066,-59.8726527925772,-25.6097567269224,-16.6466890168641,-0.250654190778732,-9.61074352264404,-4.06895923614502,-30.4286156958119,45.8830456741788,-24.5082931006094
9.62,1.11461305618286,-8.94150829315186,-0.0720197930932045,-65.2340849136596,-13.3054159701809,-13.449260607875,-0.518225967884064,-9.83198642730713,-4.28814458847046,-28.1923502898472,41.4410253172718,-24.0264966791986
9.625,1.04446136951447,-9.04261302947998,0.192070603370667,-69.9693594425811,-0.456269816687516,-10.5849832133897,-0.612203419208527,-10.0483837127686,-4.47691059112549,-26.1784280319339,34.9298845286741,-23.1919124494202
9.63,0.896540999412537,-9.13988018035889,0.376891493797302,-73.9655392014154,12.655014621561,-7.99260711202617,-0.466287225484848,-10.1959762573242,-4.6066722869873,-24.3884488938851,26.9012020649992,-21.6968967382257
9.635,0.735656440258026,-9.18423080444336,0.447825819253922,-77.4717280193823,25.8625317828208,-5.68478736365595,0.0448577404022217,-10.1648321151733,-4.60506439208984,-22.4626190007921,17.2938323652499,-19.8935867784643
9.64,0.587090730667114,-9.17470550537109,0.415034890174866,-80.4463573651929,38.6155741331235,-3.58245428335237,0.671698451042175,-10.0331087112427,-4.42209243774414,-20.3818018701477,7.56940602973124,-18.0239983705445
9.645,0.446331888437271,-9.11422252655029,0.265303254127502,-82.8910528238697,50.529988781659,-1.79254814295035,1.34034359455109,-9.85304546356201,-4.07624292373657,-18.3668721593318,-1.39404107599107,-16.0476489832554
9.65,0.291770190000534,-9.00698471069336,-0.0541402474045753,-84.777462280168,60.6122734872304,-0.683320832706931,1.93037664890289,-9.74379348754883,-3.62466788291931,-17.0733162928014,-7.50454740714645,-13.7490512709252
9.655,0.247831076383591,-8.95183944702148,-0.472481369972229,-85.7871213338468,68.9203448389047,-0.86208838770988,2.32352709770203,-9.73381423950195,-3.40300178527832,-16.0498875777559,-10.0000970392886,-11.519943049437
9.66,0.161317616701126,-8.95330619812012,-0.869562923908234,-86.0465592392806,75.151191739438,-1.56194868357455,2.65379238128662,-9.82412910461426,-3.21130776405334,-14.6487272034939,-9.45456726895874,-9.17962654165634
9.665,0.0245150830596685,-9.00971412658691,-1.22116386890411,-85.4386450823927,79.3882722702987,-2.75609658954239,2.93452191352844,-10.0002679824829,-3.00815892219543,-12.8666505943148,-6.40612150746688,-6.83270950981649
9.67,-0.0453815571963787,-9.10873794555664,-1.53440976142883,-83.2902978714244,82.3240924812453,-5.08634283716553,3.09401679039001,-10.1936893463135,-2.80016374588013,-11.3366412626814,-2.79232199190943,-5.14805530386389
9.675,-0.209297373890877,-9.18478488922119,-1.78428983688354,-80.2392250484231,85.9014313797961,-7.97329645969525,2.88695573806763,-10.263111114502,-2.66811800003052,-10.1862265243606,1.89578815980239,-3.49149750794896
9.68,-0.517824053764343,-9.20801258087158,-1.98765647411346,-77.0991958416714,88.5440247394849,-10.9727176846457,2.44308280944824,-10.2452344894409,-2.57602548599243,-9.17190586657328,6.26238615279948,-2.10482823378474
9.685,-0.950441598892212,-9.16280078887939,-2.14520215988159,-74.2268007673576,89.5719272284368,-13.9007591639013,1.8290913105011,-10.157844543457,-2.51566076278687,-8.22730351096521,9.72772446311412,-1.18966281956066
9.69,-1.16771078109741,-9.01946449279785,-2.22774934768677,-72.2593169656112,88.1141736142593,-16.4801758350884,1.28093111515045,-10.0641202926636,-2.51022148132324,-7.45700929052316,11.5727113834172,-1.62652748184679
9.695,-1.31174778938293,-8.80513954162598,-2.20600295066833,-71.1832343222541,85.4225394963298,-18.6531168497106,0.93435800075531,-9.95326614379883,-2.65951323509216,-6.88995631345812,13.6534815565111,-2.63691982036601
9.7,-1.43941879272461,-8.57038116455078,-2.11318850517273,-70.5356914078018,81.6521521310778,-20.5569176751831,0.717250049114227,-9.80982398986816,-2.90618777275085,-6.42777363402264,16.5604954446331,-3.71547734008025
9.705,-1.58432900905609,-8.34686088562012,-1.96354758739471,-70.057701109306,76.8697288063157,-22.2519230328228,0.587363600730896,-9.62607192993164,-3.20824122428894,-6.03612589125906,20.6499892479082,-4.56750886120667
9.71,-1.82750928401947,-8.244873046875,-1.76885676383972,-69.0559992260103,71.8810064478626,-23.7888197564605,0.340005338191986,-9.442458152771,-3.25702691078186,-5.92660850367295,25.8985644457872,-4.62134569290518
9.715,-2.0951783657074,-8.2832145690918,-1.61946713924408,-67.7455044903383,67.4488215633604,-25.0229820055158,-0.011595644056797,-9.28778839111328,-3.17034459114075,-6.02930936246738,29.6148874486641,-4.40622333546693
9.72,-2.33317828178406,-8.39499759674072,-1.52027237415314,-66.3741186182156,63.8727120988602,-25.880326133156,-0.467970907688141,-9.18980312347412,-3.01993989944458,-6.21885180769029,31.3836947078331,-4.1273650677887
9.725,-2.49658751487732,-8.53148460388184,-1.47824037075043,-65.1354160009096,61.4435075092209,-26.278819859902,-1.0359582901001,-9.17405319213867,-2.85901498794556,-6.40076237028936,30.7552353419219,-3.94421098387387
9.73,-2.79077076911926,-8.63453960418701,-1.47216594219208,-64.2889916382049,60.4256658889165,-25.8500957158895,-1.43886744976044,-9.22827529907227,-2.71694350242615,-6.2986941577668,26.838924400147,-4.47749294436142
9.735,-3.1079306602478,-8.66464710235596,-1.49429261684418,-63.7160275593001,59.8992700397728,-24.9407755562128,-1.837810754776,-9.29099464416504,-2.55838775634766,-6.25129307181373,21.2929815488259,-5.74310992209186
9.74,-3.37131881713867,-8.65726280212402,-1.54023432731628,-63.4079928579217,59.8182981471623,-23.5427041350029,-2.17728686332703,-9.36707782745361,-2.38445496559143,-6.34599364465596,14.5085136651173,-7.6798160376645
9.745,-3.48037242889404,-8.65404891967773,-1.60631251335144,-63.3745590819345,60.1591655678809,-21.6080376846711,-2.38298916816711,-9.46366786956787,-2.19535207748413,-6.70357966091552,6.88164141191728,-10.2622806807687
9.75,-3.54024028778076,-8.69413661956787,-1.69251549243927,-63.3458586270421,58.4061087249379,-19.634466476827,-2.34662413597107,-9.47326564788818,-2.09255123138428,-7.16524324597408,1.79877855613387,-12.0790862405564
9.755,-3.54354286193848,-8.7660608291626,-1.81286239624023,-63.1733826901209,54.4546974410184,-17.8578403586056,-2.24908781051636,-9.45107555389404,-1.96189284324646,-7.89034210467816,-2.97086228303992,-13.8955272389971
9.76,-3.50938439369202,-8.86957168579102,-1.96308994293213,-62.8742613856094,49.1551160979651,-16.396840697025,-2.11072492599487,-9.41487598419189,-1.82833123207092,-8.86028104701239,-7.77212348297628,-15.7827042378033
9.765,-3.47079586982727,-9.00872230529785,-2.13679003715515,-62.4832398858153,43.9873437455147,-15.4847372352615,-1.94674599170685,-9.3910665512085,-1.7508590221405,-10.0488278776957,-13.026899638848,-17.802227250836
9.77,-3.43007946014404,-9.08645248413086,-2.25081372261047,-61.4903899276839,35.4645619821865,-14.8918068058654,-1.7392600774765,-9.41259670257568,-1.7293381690979,-11.2919419434319,-17.7599859459141,-19.3779877508511
9.775,-3.36633086204529,-9.10960102081299,-2.27275323867798,-60.5536977849084,24.4679437580876,-14.5061504196644,-1.47331023216248,-9.45955848693848,-1.70372021198273,-12.4679886741604,-21.4732490240428,-20.7036506291224
9.78,-3.27566194534302,-9.08159446716309,-2.21284699440002,-59.8299162989405,11.5825861294098,-14.3513988236394,-1.1454256772995,-9.50647735595703,-1.6898797750473,-13.5271580615853,-23.992535271098,-21.8436160317867
9.785,-3.15191602706909,-9.00527286529541,-2.10522437095642,-59.5551377886308,-1.98153926384119,-14.5579761875392,-0.745317876338959,-9.48648166656494,-1.75690352916718,-14.3581470505394,-24.8838083634403,-22.897918909428
9.79,-3.00388169288635,-8.93818664550781,-2.1155641078949,-60.6606039057974,-13.3007611962615,-15.0727572999993,-0.430534154176712,-9.43214511871338,-1.86058747768402,-15.3494363104455,-23.6952307969057,-23.8381268920788
9.795,-2.8385899066925,-8.89112186431885,-2.19423031806946,-62.6785901262668,-22.6663345154296,-15.7406251498742,-0.186938494443893,-9.39688587188721,-1.98691248893738,-16.3276269750707,-21.5417455761343,-24.7569341845127
9.8,-2.64383029937744,-8.86898708343506,-2.30823993682861,-65.3294616752297,-30.2685194767614,-16.5542338687115,0.0070222085341811,-9.39216136932373,-2.12866139411926,-17.2503155225005,-18.8318389946277,-25.7503715389127
9.805,-2.35559010505676,-8.88389301300049,-2.35330986976624,-67.7760354359282,-36.703951033504,-17.6344334085909,0.237793058156967,-9.41800689697266,-2.2661726474762,-18.0930003566345,-16.3568379866036,-27.1738939525174
9.81,-2.0012948513031,-8.90681648254395,-2.35202574729919,-69.4297198566367,-42.3474767974971,-18.493551677868,0.431480914354324,-9.4505786895752,-2.34262919425964,-18.7105553255358,-13.8889403753162,-28.3917542475711
9.815,-1.62442135810852,-8.91436672210693,-2.30444240570068,-70.6245111877687,-47.0311185113879,-19.0262210557644,0.615639507770538,-9.49586963653564,-2.40164375305176,-19.2422599392119,-11.1736498971964,-29.3596432793807
9.82,-1.25214779376984,-8.90165138244629,-2.21043372154236,-71.5225171390853,-50.5788656153596,-19.153889244183,0.792344510555267,-9.55260467529297,-2.47320914268494,-19.7127814258503,-8.27310590576567,-30.0429114982867
9.825,-0.987979650497437,-8.897705078125,-2.08041381835938,-72.6168978592289,-52.2845721718815,-18.6195208567306,0.904812037944794,-9.59090423583984,-2.68169522285461,-19.9579066698783,-6.44611013062319,-30.3486819919552
9.83,-0.688127636909485,-8.90469837188721,-1.91101479530334,-73.7054114468755,-51.4746551702906,-17.5867313674276,0.924861490726471,-9.63917064666748,-2.86529183387756,-20.0201433535955,-4.93144183075246,-30.3040979321479
9.835,-0.340473502874374,-8.8892297744751,-1.71499514579773,-74.4935674657708,-48.2895501301115,-16.2954345859652,0.890152454376221,-9.68588924407959,-2.96462512016296,-20.204705310253,-3.73776296668153,-30.1520579212235
9.84,0.0607271380722523,-8.83580875396729,-1.50006699562073,-74.7859405433824,-42.6639809334463,-14.8737238800378,0.815237760543823,-9.72399425506592,-2.93739104270935,-20.6640030885378,-2.88649706707239,-30.0364637997102
9.845,0.455950438976288,-8.80541515350342,-1.31046402454376,-74.1625491778353,-34.4641270989818,-13.6065103455889,0.659061193466187,-9.73716640472412,-2.67043328285217,-21.1194964514549,-2.35998147617479,-30.3475208597963
9.85,0.84266197681427,-8.83872318267822,-1.20535457134247,-72.7505578310969,-25.120776654052,-12.6328916388393,0.40548712015152,-9.7020263671875,-2.43500447273254,-21.6021329861336,-2.03042100674027,-31.0795224784303
9.855,1.20125150680542,-8.96261215209961,-1.17192268371582,-70.324419996395,-15.1351305874999,-11.9901520549209,0.0412873476743698,-9.64529705047607,-2.18150758743286,-22.0769694447802,-1.68361537686852,-31.891177763165
9.86,1.51438903808594,-9.20402145385742,-1.20435643196106,-66.6425313922188,-4.86677359969078,-11.7282245455347,-0.450839638710022,-9.58692741394043,-1.86936068534851,-22.515718598947,-1.14802246456397,-32.5157200155872
9.865,1.76307535171509,-9.54189014434814,-1.35201632976532,-63.1802880113718,2.00210709786622,-11.7721076571784,-1.043985247612,-9.60963344573975,-1.57001006603241,-23.1441967478785,-1.18163980188513,-33.23324846337
9.87,1.99470365047455,-9.80881309509277,-1.61231827735901,-58.8253935475175,10.0003992751594,-11.6918332976368,-1.57916271686554,-9.66507434844971,-1.30385136604309,-24.0754913336624,-1.87286796593853,-34.3030814836366
9.875,2.21742010116577,-9.98396396636963,-1.91171336174011,-54.1467071358696,18.8966984709862,-11.5164477001293,-1.97686755657196,-9.72461223602295,-1.05836319923401,-25.2031248297803,-3.3316606226435,-35.8320637255736
9.88,2.44077396392822,-10.0341215133667,-2.16080117225647,-49.8340300712752,28.4693451965424,-11.2751311403372,-2.12663459777832,-9.75257968902588,-0.819403648376465,-26.4084175767611,-5.75520746777242,-37.989758050421
9.885,2.56352043151855,-10.0353784561157,-2.14687275886536,-47.1456846894311,35.895376164085,-11.5560764576937,-1.97680950164795,-9.67204761505127,-0.660351753234863,-27.9226602704692,-6.73450675747733,-40.5568880650649
9.89,2.5571768283844,-10.0649499893188,-2.11223292350769,-45.2582541198518,42.3567180434441,-12.4769498823515,-1.79516649246216,-9.58398246765137,-0.558282554149628,-29.6893057747659,-6.07920432124115,-43.0750968497786
9.895,2.39348912239075,-10.139256477356,-2.0924711227417,-43.6290490971287,48.2699543173827,-14.0142120211098,-1.58098471164703,-9.49143409729004,-0.528361022472382,-31.5737071554483,-3.92026818262521,-45.4824653246413
9.9,2.00535941123962,-10.2859964370728,-2.13108110427856,-41.3436473102749,54.2422956333039,-16.1757525962336,-1.3012866973877,-9.38908100128174,-0.60932856798172,-33.3390959049377,-0.367606197256655,-47.6982299178122
9.905,1.35383141040802,-10.4771537780762,-2.1912157535553,-36.5496536450589,59.4329935157035,-18.8401701178679,-1.00042641162872,-9.28918838500977,-0.815430581569672,-34.5783585977556,2.85873320186994,-49.2159833287536
9.91,0.570919394493103,-10.6548004150391,-2.31025743484497,-30.3249231789273,63.4878650900758,-21.3113837859972,-0.797647178173065,-9.28660297393799,-1.03505122661591,-35.8436033301763,6.63360095777415,-50.8193907269816
9.915,-0.299677699804306,-10.7941074371338,-2.4880850315094,-23.2513163121791,66.500442966915,-23.2881959186026,-0.710381984710693,-9.41190910339355,-1.26746761798859,-37.1588450473215,10.8402436043724,-52.7135148819475
9.92,-1.18681216239929,-10.8404273986816,-2.71609973907471,-16.552415330845,68.7768493946319,-24.1025730337215,-0.756485164165497,-9.73122024536133,-1.55232810974121,-38.3977150042621,14.8601369262314,-55.2363442896347
9.925,-1.78024005889893,-10.830493927002,-2.86806297302246,-11.2213101034511,70.2295418386344,-23.7860364543737,-0.862544476985931,-10.0742349624634,-1.78035271167755,-39.2022293262196,17.0822843311817,-58.0827812300079
9.93,-2.29373955726624,-10.7772445678711,-3.00963616371155,-6.62587558693604,71.2084240599131,-22.7201990947716,-1.01794350147247,-10.3433542251587,-2.01809549331665,-39.9261883971059,18.3986683974655,-61.1882565097484
9.935,-2.76099848747253,-10.6870937347412,-3.15477442741394,-2.62847706622164,71.7357488147839,-20.9910001025995,-1.224369764328,-10.5103788375854,-2.2675199508667,-40.562253178658,18.920597302892,-64.4989721438586
9.94,-3.12545037269592,-10.577036857605,-3.30293917655945,0.781049046981324,71.5655200100997,-18.6178662434042,-1.50031423568726,-10.5413026809692,-2.47123241424561,-40.7223767184652,18.2755439923923,-67.8284366472406
9.945,-3.26298117637634,-10.4978647232056,-3.369553565979,3.28005555525629,70.3619177349384,-15.8225088727389,-1.80042123794556,-10.5221138000488,-2.55471301078796,-40.3724627121908,17.1110667483441,-70.8347649009892
9.95,-3.24910449981689,-10.4178457260132,-3.37610173225403,4.88828357293444,68.4301558225512,-12.9517325532583,-2.06571817398071,-10.4535541534424,-2.71992254257202,-39.9188049626132,15.0085244934972,-73.8171806624536
9.955,-3.10970997810364,-10.3272724151611,-3.32287669181824,5.532432310256,65.8769149975845,-10.1598619941644,-2.26363611221313,-10.3416652679443,-3.01426076889038,-39.5080100651719,11.7510382311362,-76.8727340895505
9.96,-2.88210844993591,-10.2359609603882,-3.16814947128296,4.79449781855417,62.8985563684871,-7.74662638680463,-2.30450248718262,-10.2450761795044,-3.24110841751099,-39.2215211955303,6.98937142437495,-79.9608401982317
9.965,-2.67045283317566,-10.1659297943115,-2.96035885810852,3.90632264388734,60.7406810436266,-6.13948586330839,-2.1422975063324,-10.2000970840454,-3.53317451477051,-39.2137177044036,2.49358168388753,-83.1582976355248
9.97,-2.50829291343689,-10.1255283355713,-2.7290825843811,2.69202706725014,58.9380165367418,-4.89820186138294,-1.89940500259399,-10.1945743560791,-3.80919790267944,-39.2307351207207,-0.714135444590855,-86.3762183195712
9.975,-2.41622948646545,-10.1157188415527,-2.48683524131775,1.03378819102575,57.2871461539714,-3.81426065849885,-1.63045847415924,-10.2254438400269,-4.01871156692505,-39.1437765673026,-1.9565934920016,-89.5484791890161
9.98,-2.3968653678894,-10.0449075698853,-2.20137190818787,-1.19222958330641,56.1913174337238,-2.95083979693144,-1.2368997335434,-10.313497543335,-4.041335105896,-39.0211405207551,-0.0433652512364878,-92.3088933118876
9.985,-2.38368010520935,-9.98250675201416,-1.88015460968018,-3.3893848991968,55.2844732176212,-2.46681075743567,-0.805634677410126,-10.3712110519409,-4.02421855926514,-38.9735033663888,2.44027077675511,-94.3160331919551
9.99,-2.41835021972656,-9.97595119476318,-1.62413239479065,-5.56287489027356,54.2757294092911,-2.29353419427773,-0.449410557746887,-10.3746376037598,-3.9745020866394,-39.2022873828276,5.6704379899834,-96.0869031682535
9.995,-2.5369770526886,-10.0664100646973,-1.51764392852783,-7.71538680908828,52.9273202935364,-2.39540433131436,-0.262559235095978,-10.3013954162598,-3.89587450027466,-39.8847257337494,9.83302292822727,-98.0185148164789
10.0,-2.89971423149109,-10.3936786651611,-1.8791081905365,-8.07346886783631,51.9992478494934,-2.62123578504096,-0.400313556194305,-10.5012302398682,-3.71501040458679,-40.0037656856989,22.2782926856609,-99.4912333751279
10.005,-3.36569833755493,-10.7196922302246,-2.44692826271057,-6.77571414251367,51.5434795714622,-2.67349847157919,-0.456881701946259,-10.7904663085938,-3.75635290145874,-40.3312732564011,32.0740526630975,-101.742634480293
10.01,-3.84893369674683,-11.0276317596436,-3.05340337753296,-4.31751710739503,51.2867498360344,-2.55485723192242,-0.550685882568359,-11.1542139053345,-3.7546079158783,-40.6829357911029,40.0203425548146,-104.419788597182
10.015,-4.2427020072937,-11.2949705123901,-3.49080586433411,-1.23203400479854,50.9010490536037,-2.25551415970627,-0.833377420902252,-11.5794992446899,-3.37314367294312,-40.8290301223549,46.9800662624366,-107.112023771759
10.02,-4.34748458862305,-11.5908889770508,-3.55964708328247,1.09372865052131,49.6193094143375,-1.72816507228652,-1.33349430561066,-11.9826164245605,-2.79772782325745,-42.1438176319203,55.3935923198013,-109.504796132365
10.025,-4.3586311340332,-11.8349580764771,-3.52361273765564,3.45735083096713,47.1679067098957,-0.777007976231057,-1.72447574138641,-12.2737970352173,-2.17893075942993,-43.8798194925057,62.3805889727792,-112.41742785108
10.03,-4.26760339736938,-12.072564125061,-3.42200422286987,6.48050312130196,43.6706073831336,0.630014941494684,-2.01290369033813,-12.4722661972046,-1.54911017417908,-45.9803827000406,67.8098380421306,-115.899444629574
10.035,-4.02690362930298,-12.3974857330322,-3.29462885856628,11.3265556345982,39.2806159922293,2.58101963120792,-2.23482847213745,-12.6141424179077,-0.952566623687744,-48.4552266137139,71.5719472181087,-120.018431189685
10.04,-3.67331862449646,-12.7971754074097,-3.20771741867065,18.4584940244057,34.7754641968239,4.80739663080174,-2.48867344856262,-12.8315000534058,-0.474888116121292,-50.6355835062274,74.1946715575019,-124.332679197788
10.045,-3.31776213645935,-13.1647272109985,-3.11061644554138,26.204727675333,30.3320060850966,7.05733180661658,-2.68613290786743,-13.0531587600708,-0.106706775724888,-52.2693579255053,75.8079963904047,-128.995007306374
10.05,-2.9807870388031,-13.4984064102173,-2.97981572151184,34.159312831797,25.935066684259,9.22410558730511,-2.83494281768799,-13.2866182327271,0.15783403813839,-53.3613719851015,75.9935794603431,-134.259266326135
10.055,-2.68353986740112,-13.8289613723755,-2.76227927207947,41.7681060011508,21.4804343830496,11.0812707348984,-2.98529815673828,-13.5806541442871,0.322943389415741,-53.9680430475604,73.35735866715,-140.863184989323
10.06,-2.39483499526978,-14.1819257736206,-2.40461254119873,50.3403724850157,16.7461212032539,12.6794795053943,-3.1131420135498,-14.0053663253784,0.574199736118317,-54.7455508015396,70.1863340619449,-148.224530650331
10.065,-2.1512393951416,-14.5191459655762,-2.04936289787292,58.2151639565011,12.7381559530066,13.9636652061571,-3.14431262016296,-14.5806446075439,1.08728635311127,-55.4237202842302,67.5094531526226,-154.683253152144
10.07,-1.98177814483643,-14.796160697937,-1.77739465236664,65.6635945294267,9.5761471975059,15.1336467289027,-3.03753614425659,-15.2759027481079,1.86818671226501,-56.2311989082875,64.942954930477,-160.336395822488
10.075,-1.9853355884552,-14.8436298370361,-1.8235250711441,75.6118470178203,6.81223302957161,17.1769866115712,-2.67436385154724,-15.9285173416138,2.76914000511169,-58.5051328075248,59.6670640985598,-167.296850360351
10.08,-2.05601048469543,-14.7207765579224,-2.03743290901184,87.4161146207057,5.44084331546753,20.5841530544985,-1.99877727031708,-16.454381942749,3.85403108596802,-61.7162574533471,53.7097252931505,-173.902258004779
10.085,-2.0758798122406,-14.5733509063721,-2.28957200050354,99.6991306730847,4.90474689015511,24.7633989585621,-1.11962676048279,-16.7522888183594,4.67167043685913,-65.1432229071309,46.5777817807012,-178.745067031993
10.09,-1.98985743522644,-14.464898109436,-2.53919458389282,111.853254225636,4.96123981166711,29.414151604052,-0.118043646216393,-16.7761001586914,5.00859069824219,-68.3308243814517,38.3797720973125,-181.122013844293
10.095,-1.69424474239349,-14.5091028213501,-2.80701398849487,122.685141947333,4.99224972427261,33.5661074872868,0.605369746685028,-16.4920291900635,4.46463918685913,-69.567170583494,31.6337684239148,-179.718464611368
10.1,-1.33137166500092,-14.3650312423706,-3.15583086013794,132.90279075697,5.75636902681815,36.1921991099408,0.730959832668304,-16.1794471740723,2.37937140464783,-67.0636467054959,26.6639008026655,-177.789605529378
10.105,-0.877981424331665,-13.8786039352417,-3.40387654304504,143.520169557593,6.64352522263818,37.4939751091373,-0.099587045609951,-16.2992858886719,0.232387959957123,-63.3671346663067,22.1626097716884,-176.184756961236
10.11,-0.315094947814941,-12.9669904708862,-3.43125915527344,155.044570159237,7.21426692874185,37.5189496958375,-2.06023907661438,-17.1100921630859,-1.03997206687927,-59.7676249737099,18.0373616356556,-175.56464408649
10.115,0.387454003095627,-11.945366859436,-2.9075026512146,166.574175365029,5.23111253860536,36.5320556626623,-3.92230939865112,-18.4544773101807,1.42190384864807,-56.4826523225815,24.5757497563998,-179.429165118883
10.12,0.901844084262848,-11.1301488876343,-2.27237486839294,176.627284917561,0.824412103752737,35.5691970651765,-3.86932277679443,-18.7398147583008,2.28760409355164,-56.5378402510752,18.4793346391107,-188.261555942194
10.125,1.19665002822876,-10.5428304672241,-1.70113849639893,185.468377401874,-4.36417412961539,35.1741320933938,-2.86509203910828,-18.3154602050781,1.83580100536346,-58.7252288233393,-0.423913156196329,-198.234356130464
10.13,1.23341608047485,-10.2144689559937,-1.33720088005066,193.233769733423,-9.07589048231583,35.8143974412853,-1.61849355697632,-17.4160118103027,0.207631826400757,-62.21393918722,-33.0550078467894,-206.371037545295
10.135,0.94910591840744,-10.2024841308594,-1.28630685806274,198.490187696016,-8.24189023371142,38.9050477954324,-1.22526264190674,-15.7877616882324,-0.990576267242432,-64.5889735465519,-57.0574912884135,-203.218550073498
10.14,0.605865776538849,-10.4586429595947,-1.66467750072479,202.086309614785,-3.6872003569164,43.2643033350717,-1.56815898418427,-13.9347305297852,-2.21090483665466,-67.4059894470753,-72.0651141969403,-197.954045166927
10.145,0.252984017133713,-10.8921747207642,-2.44515109062195,204.640527156803,3.15645965368691,48.3317846048442,-2.43279361724854,-12.1056509017944,-3.70731949806213,-71.331353804595,-85.0014583339986,-190.777579066373
10.15,-0.0483548864722252,-11.4026737213135,-3.6245322227478,206.849574258925,10.6663367428201,53.4579030486413,-3.58994030952454,-10.6148719787598,-5.82014274597168,-77.2875383080345,-104.406059916951,-181.793366798192
10.155,-0.105957493185997,-11.7348594665527,-4.52326011657715,210.233700766234,12.6508780882449,56.8269519133581,-4.07992696762085,-9.86415767669678,-7.37231779098511,-82.7455629643592,-143.011088237996,-172.457399787755
10.16,0.0863723680377007,-12.0003089904785,-4.93938684463501,215.002607146629,9.05662422621451,58.3910208370614,-3.8666729927063,-9.55390071868896,-7.91014671325684,-87.5748823679626,-180.481410402037,-163.049811413681
10.165,0.507663249969482,-12.2088146209717,-4.91149139404297,220.384850854112,1.65046377307139,58.5126733363685,-3.0321569442749,-9.57583522796631,-7.70868253707886,-91.4200603046263,-210.937182929989,-153.053761261475
10.17,1.14162862300873,-12.3611879348755,-4.48718738555908,224.961241522561,-6.61543564278968,57.7320783368844,-1.67010748386383,-9.79133701324463,-7.25901412963867,-93.5177821534665,-224.639881122112,-141.398535216469
10.175,1.75015127658844,-12.446138381958,-4.04427909851074,229.137260162242,-17.6556360233219,56.90836435317,-0.183312609791756,-9.92416477203369,-7.16886758804321,-90.4038374391552,-222.087480410413,-127.317184997139
10.18,2.2066490650177,-12.4648199081421,-3.70757746696472,231.310721978788,-28.4124002018848,56.806000308079,1.26777923107147,-9.95405197143555,-7.13869380950928,-85.208938990416,-210.850589791692,-112.544305445102
10.185,2.47206568717957,-12.4268608093262,-3.47805261611938,230.939105046426,-37.7182033893997,57.6477596515806,2.68167519569397,-9.83221912384033,-7.19708299636841,-77.9860754148301,-193.790430150779,-97.7619865716316
10.19,2.46144032478333,-12.3547039031982,-3.32288312911987,226.795406861898,-43.1566219877119,59.8895848315297,4.10899543762207,-9.41033744812012,-7.54418611526489,-67.5666013454081,-175.948145548008,-84.3228380588228
10.195,2.26516437530518,-12.3686933517456,-3.12255573272705,221.14920366375,-45.15573298041,62.6565559360044,5.71462345123291,-8.73376178741455,-8.57440567016602,-57.9411777481352,-167.793459754525,-70.6126813001262
10.2,2.06759190559387,-12.4368848800659,-2.92691922187805,215.396832005144,-45.4599700966098,65.2055347229289,7.63146781921387,-7.92047262191772,-9.88682842254639,-50.8398983699646,-160.06127580272,-56.9673635272206
10.205,1.92860162258148,-12.5537710189819,-2.76388001441956,209.891931760545,-44.6930798716954,67.2725685318282,9.73224067687988,-7.06688404083252,-11.2319068908691,-47.8662662317728,-151.379859480824,-44.1314334162452
10.21,1.94327509403229,-12.7255926132202,-2.71381592750549,204.888449363296,-44.0214366347568,68.3689846483446,11.2900218963623,-6.50495100021362,-11.8459939956665,-54.7731481808811,-144.612740277607,-35.2435917021582
10.215,2.0533401966095,-12.8722896575928,-2.68801331520081,200.211299744211,-43.8115210159002,68.4898243551404,12.8266954421997,-6.11723899841309,-11.7705240249634,-64.7233028769585,-136.871677079881,-27.691398602909
10.22,2.20146155357361,-12.9539442062378,-2.63135981559753,195.885030603168,-43.6331164747794,67.8046607587398,14.0750637054443,-5.93712902069092,-11.2800188064575,-72.9180477299239,-127.318714959513,-21.3747372056437
10.225,2.36264705657959,-12.9573745727539,-2.52639651298523,191.921622091972,-43.2075820291093,66.3623365418973,14.8681688308716,-6.01226329803467,-10.4465494155884,-77.1395417690987,-114.135486804715,-16.0393895770016
10.23,2.48511362075806,-12.9031705856323,-2.39272379875183,188.261760847869,-41.481026320146,64.2888482042324,14.6772317886353,-6.5800895690918,-9.19551849365234,-73.2802526616097,-85.532102560806,-9.61804272410111
10.235,2.5972011089325,-12.7762937545776,-2.15610527992249,184.414438231806,-37.8531201160749,62.0661202332026,13.8349905014038,-7.11055660247803,-7.97250843048096,-62.6705100124787,-44.3860048118954,-1.2533001189445
10.24,2.7003276348114,-12.6099081039429,-1.83450555801392,180.406975000462,-33.069938640315,59.6745090047552,12.5639324188232,-7.49968767166138,-6.84631109237671,-48.8566095104788,0.743604989455963,8.65520120208817
10.245,2.78901147842407,-12.4217700958252,-1.43352651596069,176.284819232576,-27.5211817510559,57.0972156686263,10.981409072876,-7.67529964447021,-5.86735200881958,-33.662010173423,44.83265137229,19.9731909256935
10.25,2.76005721092224,-12.255955696106,-0.96831887960434,172.766219960888,-22.2890434034145,54.3872322474916,9.51492977142334,-7.46718645095825,-5.19294118881226,-19.4234597352505,74.7766924672462,32.5366169793529
10.255,2.56381678581238,-12.0774116516113,-0.503277182579041,170.265332535909,-18.2169597523338,51.4697408491827,8.26204013824463,-6.9550929069519,-4.7305645942688,-7.76992843093177,92.2414588542121,45.0771448238198
10.26,2.25570034980774,-11.8752546310425,-0.100810393691063,168.567593395054,-15.0425968921718,48.4504830473353,7.15017604827881,-6.20002841949463,-4.40362405776978,1.77310355487868,100.228497654517,57.7611271314245
10.265,1.87295985221863,-11.6393766403198,0.18557795882225,167.551425171096,-12.6121253024415,45.4073844701899,6.1302170753479,-5.23567485809326,-4.15944576263428,9.45410537741611,100.54653858303,70.7297507425002
10.27,1.46994149684906,-11.3537359237671,0.314364671707153,167.28756130308,-11.4068957347105,43.4046807979884,5.25813961029053,-4.12049770355225,-3.90572690963745,16.604510891192,93.018590947787,85.7873398999002
10.275,1.13184440135956,-11.0456876754761,0.396685630083084,167.619112345771,-10.602494964648,41.0990343304347,4.56041622161865,-2.98550534248352,-3.78091907501221,24.9505444342732,83.9625865612396,102.221143873166
10.28,0.870303213596344,-10.7226486206055,0.445707529783249,168.391524778629,-10.1524017200434,38.4054570236864,4.04183387756348,-1.91596972942352,-3.80107069015503,33.7086091390354,73.8136153037069,119.448793412906
10.285,0.705824732780457,-10.3927869796753,0.475411832332611,169.444466741079,-10.0254165505418,35.1873280188702,3.72218823432922,-1.02406203746796,-3.99749541282654,41.9258731256943,63.0342790574844,136.799673225651
10.29,0.600726366043091,-10.0960931777954,0.55577152967453,170.470593380846,-10.4428179484578,31.541417436147,3.69179773330688,-0.629903495311737,-4.18600368499756,49.1189502463099,50.1629856420813,152.04275666053
10.295,0.539522886276245,-9.77999496459961,0.624958455562592,171.547823495984,-10.8227813719856,27.8417037457843,3.75995111465454,-0.401584774255753,-4.49375104904175,55.3840607908145,35.4235774320718,165.572555444003
10.3,0.511372447013855,-9.45384407043457,0.660451412200928,172.379153140623,-10.9642550802641,24.1811202091767,3.90011143684387,-0.356145739555359,-4.81345224380493,60.4877659688502,21.2303777424409,176.812847496932
10.305,0.500842213630676,-9.13983345031738,0.622540533542633,172.367815026601,-10.5224417324808,20.7004933741786,4.0896520614624,-0.580060720443726,-4.92970514297485,63.8554112296925,12.191833880733,184.389316796038
10.31,0.507969617843628,-8.84038829803467,0.534953951835632,170.570450746512,-8.90688598904033,17.7838984381983,4.24257707595825,-1.11719691753387,-4.66769552230835,70.7368268184804,6.31094410204322,193.053343456308
10.315,0.535286724567413,-8.55462837219238,0.453125298023224,167.497138827573,-6.6671811559417,15.311885637936,4.34126377105713,-1.70669615268707,-4.48826360702515,79.2608619215213,2.90792379738554,202.338193330996
10.32,0.580177426338196,-8.28189086914063,0.382762849330902,163.346610453875,-3.81124043422524,13.2788123833637,4.42517042160034,-2.32426142692566,-4.48896980285645,88.7757935485909,2.34413949272518,211.826610163708
10.325,0.635708570480347,-8.02174758911133,0.321357190608978,158.41361560886,-0.106208401057067,11.7516162358947,4.61415004730225,-2.99661898612976,-4.80242204666138,98.1562797320381,6.17614690367843,220.49291810716
10.33,0.660621583461761,-7.83584117889404,0.265791952610016,152.755937692906,3.95639433380588,10.9130448831882,5.11601305007935,-3.71053290367126,-4.87687206268311,106.653868342613,13.8665125954028,228.215129982777
10.335,0.643610119819641,-7.64719009399414,0.204386308789253,146.643656046175,7.92612119687162,10.6328380800358,5.71022844314575,-4.41720199584961,-4.76072263717651,115.235509261113,22.0416522441294,235.264663847795
10.34,0.571207582950592,-7.4324688911438,0.133948102593422,140.136903654119,11.5520901885393,10.8692941064597,6.2732367515564,-5.07428121566772,-4.45829582214355,124.131735032407,29.9139541116622,241.819377828203
10.345,0.391875743865967,-7.15980243682861,0.0512612350285053,133.246226328817,14.1139703490324,11.5580597738739,6.44895696640015,-5.53295993804932,-3.94135236740112,133.451541815267,37.1814905395147,248.437639888649
10.35,0.169709414243698,-6.84564065933228,0.0150329805910587,126.065388907194,15.101850490769,12.2750768112426,6.22289896011353,-5.68953990936279,-3.72956037521362,143.446458156071,40.4590592655828,255.596689006819
10.355,-0.0940878465771675,-6.53745746612549,0.0067823589779436,118.563013500204,14.634279645852,12.911514691878,5.73204326629639,-5.65202760696411,-3.65274691581726,152.70595436856,39.3830141882661,262.709429442417
10.36,-0.40107735991478,-6.25032615661621,0.0190075691789389,110.72112304995,12.6322163038851,13.3767607111562,5.06620502471924,-5.47488355636597,-3.63037490844727,160.769935249866,33.9401867028447,269.542405329611
10.365,-0.756651401519775,-5.9727840423584,0.0355224646627903,102.562974350558,8.50114713913218,13.265346665415,4.63342332839966,-5.34529161453247,-3.45238161087036,168.020495242536,26.1137307725682,275.85442902843
10.37,-1.11081886291504,-5.71061229705811,0.0616794414818287,96.42523658879,4.70950721339076,12.9103902719859,4.46568441390991,-5.27107715606689,-3.07521986961365,175.044675445355,16.6953404543221,280.962017169009
10.375,-1.4490442276001,-5.47945642471313,0.094420537352562,90.4719002742343,0.319937026378666,12.2783817690272,4.56189298629761,-5.30060911178589,-2.70970749855042,182.112992330591,5.38123241259942,284.824052012544
10.38,-1.7605299949646,-5.28818607330322,0.128554329276085,83.715087826475,-5.17621660069867,11.3193967425744,4.94246768951416,-5.46547889709473,-2.47599124908447,189.222795784846,-7.76624354387455,287.322781097745
10.385,-2.00494599342346,-5.1168270111084,0.0931018441915512,75.6303021889577,-11.431869467637,9.73019613782002,5.72140550613403,-5.77105808258057,-2.52229261398315,193.713303654671,-16.8430945215424,287.975146125751
10.39,-2.1824836730957,-4.91606903076172,0.0254400502890348,67.0892052733701,-17.4098158075459,7.78135448363956,6.58246517181396,-6.175856590271,-2.60019779205322,199.344876587617,-26.7601142624088,288.06716243425
10.395,-2.29373002052307,-4.68567895889282,-0.0564925521612167,57.8698978939569,-22.9511960925014,5.61363087976958,7.44121980667114,-6.61931800842285,-2.76839756965637,206.39001181081,-34.9976297599569,288.20294659495
10.4,-2.33509397506714,-4.42365646362305,-0.139292106032372,47.7542238086279,-27.9028390614978,3.32565688636305,8.23033237457275,-7.05561256408691,-3.07913374900818,215.152106327182,-39.4473579853422,288.866103321844
10.405,-2.2897744178772,-4.13070917129517,-0.185966268181801,36.3838064067272,-31.3527334603254,0.992541745845097,8.84121131896973,-7.54129076004028,-3.82832431793213,222.07030931484,-29.1398307164167,290.410108564861
10.41,-2.18847680091858,-3.83220887184143,-0.216208800673485,24.4627852577169,-33.7265008195662,-1.19660645390392,9.29965496063232,-8.07374286651611,-4.78065299987793,227.112272997873,-11.5486136222518,292.07621026948
10.415,-2.03635239601135,-3.54049229621887,-0.209280788898468,12.1796488232537,-35.0905852194662,-3.19982815326532,9.55785179138184,-8.67240333557129,-5.63994121551514,231.158490722567,10.845793133073,293.66116932676
10.42,-1.83596444129944,-3.27158188819885,-0.136266365647316,-0.256644171300244,-35.450782075536,-4.9501031882254,9.54032802581787,-9.36678123474121,-6.02691030502319,235.238681808193,35.2963412531182,294.903416812245
10.425,-1.61260902881622,-3.07857942581177,-0.0467862822115421,-12.0590208523221,-34.9888905329138,-6.41342980987879,8.97086620330811,-9.98332977294922,-5.68362474441528,239.663852088417,52.5543919648537,295.79691483871
10.43,-1.4354453086853,-2.9498245716095,0.0284590423107147,-23.4273234569011,-34.4243412470664,-7.82349162817666,8.01648712158203,-10.4547262191772,-5.33622312545776,242.683205512913,62.4345064860873,296.385895711218
10.435,-1.29357743263245,-2.86426711082458,0.0988152772188187,-34.3598369405448,-33.939435382036,-9.20458917552544,6.73592185974121,-10.7927303314209,-5.08275699615479,243.879909297013,65.4755525913871,296.307485139547
10.44,-1.16279602050781,-2.78779602050781,0.18470698595047,-44.7864144067036,-33.812243599312,-10.5751187126809,5.1885347366333,-11.0126676559448,-5.04246282577515,242.456634477765,61.9981325302043,294.799297408538
10.445,-1.02721381187439,-2.71919012069702,0.324557781219482,-54.5752366194908,-34.3341315236035,-11.8249963732427,4.08679294586182,-11.1660537719727,-4.93324947357178,239.876626141441,50.9389531884027,291.374121464316
10.45,-0.892501890659332,-2.67157387733459,0.517098963260651,-63.9369500280041,-35.1711985271452,-12.8643419903753,2.99308466911316,-11.2776651382446,-4.54235315322876,237.40316875617,35.2088499449449,286.545915381548
10.455,-0.764743804931641,-2.65706014633179,0.77373331785202,-72.738509377401,-36.1783748070607,-13.6283686584802,1.92895781993866,-11.2681007385254,-3.98175144195557,235.314005134359,16.8698244668593,280.911446448394
10.46,-0.660207092761993,-2.70912313461304,1.13392078876495,-80.4652974797613,-37.0705204560695,-13.9362539494705,1.11891841888428,-10.8863468170166,-3.63913893699646,233.992554775259,0.624755482390362,275.946636582225
10.465,-0.604750514030457,-2.83185648918152,1.52778947353363,-87.765765664697,-37.6807261414238,-13.7318477319532,0.527282297611237,-10.2264251708984,-4.09482002258301,232.736291741597,-26.1007909791856,268.686391381312
10.47,-0.592203676700592,-3.00136590003967,1.90477347373962,-93.9329347115982,-37.9645922184241,-13.4545309525933,0.0740590691566467,-9.76925563812256,-4.2024507522583,231.35457179326,-53.3754968163051,259.940525394407
10.475,-0.622801005840302,-3.22087216377258,2.25267648696899,-99.2584741885922,-37.843581756899,-13.1111491684864,-0.142607450485229,-9.67240142822266,-3.8211190700531,229.719916279579,-78.6696339167758,249.788678627234
10.48,-0.703807413578033,-3.52929949760437,2.56514763832092,-105.810483414089,-36.9956240167257,-12.2942764729995,0.415278106927872,-10.1902446746826,-3.43957114219666,227.428100945095,-100.109085457258,237.79240757659
10.485,-0.857152700424194,-3.97798037528992,2.92838501930237,-113.207154813484,-34.7490177043576,-11.1440478573336,1.3546736240387,-11.1279096603394,-3.75204586982727,225.288189017751,-122.916794643223,224.737457204595
10.49,-0.997455298900604,-4.56422090530396,3.34178256988525,-120.278524793279,-31.2038080156625,-9.70985498069807,2.22781181335449,-12.1288270950317,-4.18966722488403,223.719035018211,-143.214450290344,211.914678622866
10.495,-1.10270571708679,-5.29264163970947,3.80375909805298,-126.470965540109,-26.362112309283,-8.01758084495268,2.86254024505615,-13.004301071167,-4.50946235656738,222.809199179252,-158.604792603728,199.968841689054
10.5,-1.23488771915436,-6.17322015762329,4.29079008102417,-130.654087576527,-20.2904463824515,-6.20946285890246,3.12956595420837,-13.2094993591309,-4.3007607460022,221.972432704033,-161.202463809246,190.450221759833
10.505,-1.38873076438904,-7.29704189300537,4.81280612945557,-132.017721183942,-15.2508425297763,-4.32521857257104,3.56726717948914,-12.7507963180542,-4.09436321258545,219.562222870476,-160.049896707563,181.913660089854
10.51,-1.54079258441925,-8.64148235321045,5.3985595703125,-129.847824726142,-11.3543049856487,-2.5504007469324,4.14240407943726,-11.7981767654419,-4.0862078666687,215.340974718111,-158.339781263932,173.363205815103
10.515,-1.68235898017883,-10.212986946106,6.07140016555786,-123.382804789915,-8.704347828261,-0.987186237205572,4.82146596908569,-10.4278936386108,-4.34571981430054,208.934598786098,-157.330333946117,164.301921692328
10.52,-1.88105237483978,-12.1218347549438,6.91470718383789,-109.23096701835,-6.96660128122942,0.397426322925254,5.17960166931152,-8.89162158966064,-4.06291723251343,197.678050882945,-149.896929789366,155.25983040112
10.525,-2.11429595947266,-14.1579313278198,7.75119781494141,-91.2414918389655,-4.56169807777028,1.58557473480045,5.34357070922852,-7.73033571243286,-3.48989653587341,182.423998164259,-135.822341457314,146.102636762018
10.53,-2.32094979286194,-15.9575691223145,8.46852016448975,-71.086894504011,-1.793416644192,1.83686731948386,5.41049098968506,-6.64310598373413,-2.55713415145874,162.713998332948,-115.769097299453,136.389397422587
10.535,-2.45072412490845,-17.2167892456055,8.96995544433594,-49.9658322316889,1.11870718592457,0.504654503241916,5.45171737670898,-5.39495277404785,-1.18726944923401,137.910316626208,-89.8984307613309,125.735121940067
10.54,-2.126131772995,-17.9208164215088,9.59201622009277,-25.791301447514,-2.83556712119596,-4.71998216225662,5.13497686386108,-4.15012121200562,0.698122680187225,117.698420834307,-69.8013777701338,117.464664440152
10.545,-1.46187853813171,-18.0312557220459,10.3576192855835,1.54106911544694,-14.4157836018506,-10.7102779110717,4.31948757171631,-3.19777536392212,1.87033629417419,92.3746065618923,-48.039425187611,105.816220772991
10.55,-0.607114315032959,-17.5096778869629,11.2125988006592,30.4517290559632,-31.0168623229846,-16.0003891968408,2.92829704284668,-2.60162663459778,2.13715720176697,63.3561653824996,-25.7665522570565,89.9124258189403
10.555,0.26542130112648,-16.2591819763184,12.095778465271,59.0775299807285,-49.751985838965,-18.6947570979856,0.820435643196106,-2.4691207408905,1.18744027614594,32.1396190640351,-4.39333732982405,68.3235775507423
10.56,0.642970860004425,-14.6853132247925,12.1260757446289,78.6774135022404,-55.0499825781309,-15.6064358383455,-1.28688251972198,-2.94069957733154,-0.540034413337708,7.28510965081322,6.89882104522715,42.0681425510111
10.565,0.683551013469696,-13.2900438308716,11.0569877624512,88.5159116808611,-48.8209183569709,-9.76948338592593,-2.74724984169006,-3.63246130943298,-1.86397707462311,-13.9331385294354,14.6446922692417,15.1829641098047
10.57,0.45576998591423,-12.1456499099731,9.08177852630615,90.169131648706,-35.4950997579656,-2.83551888298494,-3.50220942497253,-4.39968347549438,-2.77195477485657,-32.3995624034674,19.6306176652297,-11.5801511669707
10.575,0.044740553945303,-11.3626403808594,6.49719524383545,85.8391878658898,-22.5187221746345,2.50092840611353,-3.43479084968567,-5.01650905609131,-3.32097029685974,-49.2133366304503,22.3681199185304,-37.2087942207218
10.58,-0.285763025283813,-10.7894926071167,4.35849380493164,76.0631449370397,-10.6956655751161,6.87424559770663,-2.71778607368469,-5.33750581741333,-3.71347093582153,-64.7582666153198,22.1961921042901,-60.1592133792051
10.585,-0.508182346820831,-10.2995233535767,2.84251880645752,64.7995414484742,-2.38556309593743,10.1629398481591,-1.64886474609375,-5.48357772827148,-4.0358419418335,-79.4069186867328,20.4369027137295,-80.5317620505747
10.59,-0.633137047290802,-9.88353633880615,1.97925877571106,53.7339519741366,1.70042308503375,12.1912055033294,-0.398603498935699,-5.57913827896118,-4.30407381057739,-93.4570822623126,17.4946604174158,-98.1414787121066
10.595,-0.692681550979614,-9.56756019592285,1.85098373889923,46.3483932925209,-0.0325095893605182,12.3771992383917,0.6615030169487,-5.93755912780762,-4.52834844589233,-107.58519878689,13.9576247576099,-112.162654964849
10.6,-0.55499666929245,-9.36219215393066,2.26278114318848,46.1234478423957,-3.22471672227061,11.2408666425922,1.15468406677246,-7.24472093582153,-3.88281750679016,-117.747775781249,15.4787420367176,-120.054235041314
10.605,-0.175108924508095,-9.12391471862793,2.80346727371216,51.6684003162872,-7.17634486469629,9.02305470021755,1.39495360851288,-8.79169368743896,-2.87180471420288,-122.476752875756,23.4610423932862,-123.542767820276
10.61,0.448019593954086,-8.83648204803467,3.39402055740356,62.0366411367449,-11.7671685766348,5.85701869442746,1.46153056621552,-10.5477647781372,-1.6661012172699,-120.042869606535,37.4464028415682,-121.892648758315
10.615,1.27425944805145,-8.56759643554688,4.07685565948486,74.2013651428885,-17.1359798633417,2.12376343915472,1.41009056568146,-13.0785455703735,-0.558408260345459,-103.844509084149,53.8938740233632,-109.944680805481
10.62,1.9114648103714,-8.5025749206543,4.71480274200439,84.6661643476426,-21.256455404692,-0.769124710629246,0.0534160435199738,-15.9065618515015,1.76741421222687,-86.6216884881523,71.973104718631,-94.4979142993633
10.625,2.390456199646,-8.55622482299805,4.97833442687988,92.728410360899,-21.6671307738228,-2.34715736912127,-2.25550651550293,-18.3247909545898,4.41290807723999,-68.2973154733836,93.7027300158121,-72.9708314318298
10.63,2.72555947303772,-8.68448352813721,4.75751161575317,97.5785345207142,-16.7652850065176,-2.29770509198309,-5.08301877975464,-19.8914737701416,6.72182559967041,-48.7619669942446,115.541460754795,-45.5333536490525
10.635,2.98617720603943,-8.73945808410645,4.17262649536133,95.2728948833497,-1.42559526929606,0.246708567254976,-5.69250726699829,-19.1193027496338,5.83502435684204,-27.6276439096488,102.695159001565,-22.1640475265087
10.64,3.31685018539429,-8.57880973815918,3.4922947883606,84.5455978484136,15.6898802594356,3.22471181307214,-4.81330966949463,-16.6837615966797,4.12807273864746,-21.1961175135641,71.0691155216015,-13.0475319327833
10.645,3.61385560035706,-8.23417568206787,2.81989073753357,66.3046487641674,33.5555855808704,5.65669650314698,-3.55893802642822,-13.8358402252197,2.2022271156311,-24.5157584973723,38.5158909372817,-13.939482067627
10.65,3.81089472770691,-7.73651838302612,2.21701335906982,40.8619482190598,51.7486072277106,6.90581942780548,-2.48055696487427,-11.2582674026489,0.376342922449112,-35.1606902811072,14.6107820875599,-23.0616265910022
10.655,3.73361873626709,-7.5266056060791,1.80245411396027,12.7192149846645,71.6488824689197,5.36121013993435,-1.29590547084808,-9.76818561553955,-1.10320794582367,-46.7544104726377,3.03694286915591,-38.7176718008368
10.66,3.26815629005432,-7.9762167930603,1.77646589279175,-6.09785031078846,87.9205240909111,2.38999503493512,0.340522795915604,-9.44929599761963,-2.42017078399658,-58.7407948244577,-9.44074894249415,-54.8635013383166
10.665,2.45442652702332,-9.09755611419678,2.15131998062134,-14.1933269019042,98.4512073003992,-1.05059120343592,2.1422393321991,-10.023868560791,-3.28135561943054,-69.3568349080035,-18.5383662565598,-69.2240901814843
10.67,1.30287933349609,-10.9414653778076,2.9613242149353,-9.79975136923284,101.208213158875,-4.22740514101458,3.89134216308594,-11.3255567550659,-3.42550253868103,-77.1154243711394,-20.6393085395936,-79.8794106829468
10.675,-0.118508785963058,-13.579213142395,3.77480983734131,-1.31122076343644,97.2232554008468,-6.04921125304833,5.25483560562134,-12.63560962677,-3.14732933044434,-81.3340702214303,-11.4278789296144,-83.1369259736118
10.68,-1.70289933681488,-16.3991622924805,4.39663696289063,7.67480524013465,86.8057894070408,-8.837672267086,6.22091960906982,-13.5031480789185,-2.81889319419861,-84.0147760366877,0.803749767657244,-83.3713653866833
10.685,-3.41833257675171,-18.9776859283447,4.7440185546875,17.0067902502855,69.8371952821413,-11.9751435679935,7.03199243545532,-13.9365768432617,-2.4457700252533,-85.644752870787,13.6397716592996,-81.7615512710138
10.69,-5.23473405838013,-20.7639579772949,4.69183015823364,26.5209517735263,45.6645001113059,-14.712457991092,7.98068284988403,-13.9130611419678,-2.03152751922607,-86.7553074788853,24.0914347027325,-79.6467061379245
10.695,-6.8733925819397,-19.8086109161377,3.28084349632263,33.4557043095427,22.7177385191231,-12.4609766312038,8.90956974029541,-12.9820365905762,-1.99446773529053,-90.2192993881598,32.5329730734307,-78.245035207022
10.7,-7.83477401733398,-17.4562187194824,1.35890090465546,34.9175150560872,5.14119437884261,-7.17022843029454,9.39959526062012,-11.9181661605835,-2.20425724983215,-93.3640619160062,39.3634388661048,-77.2443783426692
10.705,-7.90419149398804,-14.3216218948364,-0.700383126735687,30.0926557660119,-6.95009655598691,-0.479744163008645,9.35477352142334,-10.9140434265137,-2.75597810745239,-95.8565345479273,45.2768698004347,-76.3734062800876
10.71,-6.6335597038269,-11.3459005355835,-2.29281115531921,17.0821596802293,-13.1970123303163,4.85654496452186,8.58105564117432,-10.2593336105347,-3.87949824333191,-97.2783477066921,51.4497454703875,-75.1645857404004
10.715,-4.46338558197021,-9.32850551605225,-3.04826617240906,0.475749409478686,-15.8536425825231,3.78209089439492,7.01375150680542,-9.94592666625977,-5.05828332901001,-96.2535256330559,57.4899071496724,-73.2353509980061
10.72,-2.31695175170898,-7.67563676834106,-3.38042497634888,-13.2226605444234,-18.5103129620913,-0.956803634786651,5.28418684005737,-9.81337451934814,-5.83699798583984,-94.1477988025085,61.172089451983,-70.9588421174516
10.725,-0.381427407264709,-6.27671194076538,-3.32618999481201,-22.6316747204863,-22.3454300301076,-8.22144320865734,3.60006928443909,-9.81784152984619,-6.13760375976563,-91.2165479881166,62.0092179272273,-68.4447109556725
10.73,1.11526310443878,-5.04904365539551,-2.8073570728302,-25.7078023849106,-29.588652692062,-15.927529861417,2.34020042419434,-9.90260696411133,-5.85519075393677,-87.6310470135076,59.1348830791891,-65.8546622412686
10.735,2.01674628257751,-4.32087659835815,-2.13893413543701,-26.2034982412824,-39.6366874140404,-21.1642871244846,1.69983053207397,-9.92559337615967,-5.35902643203735,-84.2682716775436,53.899126438835,-63.9068288937644
10.74,2.74423885345459,-3.89307427406311,-1.23086833953857,-27.7753484579977,-47.6165954968522,-23.9865025065136,1.38026976585388,-9.92729663848877,-4.93342161178589,-81.7672408185925,45.0914848059822,-62.4297185234791
10.745,3.35292887687683,-3.74592804908752,-0.160103693604469,-31.8330870042741,-51.003583853424,-24.2269763917168,1.23082280158997,-9.93161010742188,-4.64105892181396,-79.9782708409936,32.7228796531137,-61.1270033732717
10.75,3.6791455745697,-3.98659658432007,0.624234557151794,-41.2989027410222,-42.8882262891816,-21.0506686351887,0.84693443775177,-10.0095376968384,-4.49014234542847,-77.5638604410966,18.0547564199243,-58.7873562240297
10.755,3.48375177383423,-4.70357084274292,0.724452257156372,-54.4472183838772,-26.4111803882804,-16.1029888834582,0.381139785051346,-10.0908699035645,-4.73527908325195,-73.3677542150668,3.48633836724807,-55.5072125166444
10.76,2.95147061347961,-5.81624794006348,0.412877649068832,-67.7161073561505,-7.34588211272705,-10.5695427169973,0.0768452137708664,-10.1355142593384,-5.17333316802979,-68.7754765266087,-10.1249289916543,-52.1132539520247
10.765,2.13926601409912,-7.28992319107056,-0.210214823484421,-79.3528304186955,11.8607370456221,-5.02154952826467,0.0588853806257248,-10.1289958953857,-5.74104690551758,-64.37593311615,-22.1060148242257,-48.9739487453251
10.77,1.07908177375793,-8.96969032287598,-0.988584339618683,-85.1005438882879,26.8630810716941,-0.91479423613137,0.616194546222687,-10.074933052063,-6.44275188446045,-61.1692685838558,-29.6699387733744,-46.7920892111941
10.775,-0.065212793648243,-10.3961601257324,-1.81401789188385,-87.3210383874591,36.0073297947707,1.43051247188994,1.54489970207214,-10.0728015899658,-6.81570672988892,-58.722968030724,-32.7309017102939,-45.3694427693505
10.78,-1.21693658828735,-11.4161682128906,-2.60952949523926,-87.8232758575085,42.0909280620823,2.94767272359067,2.57173633575439,-10.0776481628418,-6.75423192977905,-55.8434593143896,-30.703595696702,-43.8035433549496
10.785,-2.32377481460571,-11.9183864593506,-3.31355786323547,-87.5165798732074,46.4367383743404,4.0925101855673,3.53494334220886,-10.0642957687378,-6.19247245788574,-51.968317337837,-22.9519627812357,-41.5689581755207
10.79,-3.16509795188904,-11.7604475021362,-3.57928705215454,-87.3016748011621,49.3412182622804,5.03162277662997,4.02070236206055,-9.99959278106689,-5.38341331481934,-48.7461243704647,-8.67589752904696,-37.9244068004424
10.795,-3.71969723701477,-11.3908061981201,-3.62149977684021,-86.842515334208,51.1173987106585,5.664390711247,4.08353185653687,-9.90852069854736,-4.73986196517944,-46.208470037184,3.17380662663145,-34.2341648749112
10.8,-3.9995801448822,-10.9306516647339,-3.53881311416626,-86.0775341471666,51.3933520135053,5.77500946683676,3.76626634597778,-9.85388278961182,-4.17296648025513,-44.1200850569393,11.6005213523966,-30.9211747878073
10.805,-3.99748420715332,-10.4708976745605,-3.40207123756409,-84.939003084228,49.7812156335181,5.15974816083613,3.07972860336304,-9.8878927230835,-3.61670255661011,-42.3212215503276,15.6014378474204,-28.3451655272424
10.81,-3.68229198455811,-10.0161590576172,-3.25310134887695,-82.7117945091027,43.2350530499511,2.49175268729385,2.17575621604919,-10.0641403198242,-2.94853687286377,-40.414874771842,20.3829664174012,-26.4154782848156
10.815,-3.27066707611084,-9.62366771697998,-3.09808826446533,-79.9591804622634,33.6265136803064,-0.914234587506253,1.50090372562408,-10.2437257766724,-2.40248370170593,-38.7818721639403,24.8586852201257,-25.3635079167759
10.82,-2.81952095031738,-9.33353042602539,-2.89861607551575,-76.8633835605768,21.6854886147645,-4.70684087829352,1.01645922660828,-10.3976984024048,-2.01105213165283,-37.4605208425826,27.7600744474662,-25.1271014092234
10.825,-2.39731740951538,-9.20400905609131,-2.60299873352051,-73.6269803846363,8.14959303368339,-8.47433693909259,0.688431859016418,-10.4877157211304,-1.82698130607605,-36.5229339450258,27.3722426460146,-25.690904496904
10.83,-2.16241025924683,-9.17371273040771,-2.33387041091919,-70.2351835748888,-3.05905069739536,-11.5198329126366,0.30486211180687,-10.5018615722656,-1.80859744548798,-35.4788063417005,22.5782114147581,-26.0416552013517
10.835,-1.930100440979,-9.14328193664551,-2.05234408378601,-67.2501313604048,-11.1613956840518,-13.895611762588,0.0189767442643642,-10.4786243438721,-1.89359819889069,-34.5141070082333,16.8701079197098,-25.9298432970913
10.84,-1.69725966453552,-9.11585521697998,-1.76984596252441,-64.7686758236149,-16.4564716635738,-15.6606248516731,-0.141832917928696,-10.4308643341064,-2.03317975997925,-33.5597724868316,11.056863907673,-25.4213459586676
10.845,-1.47734773159027,-9.10814762115479,-1.51201844215393,-62.9682242980212,-19.2973641978883,-16.8567770979972,-0.128630816936493,-10.3763151168823,-2.14717555046082,-32.4664504460094,6.29251838609664,-24.6254889014831
10.85,-1.32909619808197,-9.14623069763184,-1.35314857959747,-61.9120721466622,-21.0252483786452,-17.6842715914172,0.0370243676006794,-10.2529745101929,-2.25158596038818,-31.4586048075552,1.63763699797523,-23.9067122366295
10.855,-1.23098254203796,-9.18604278564453,-1.2785267829895,-61.1664886968636,-21.8577203724228,-18.1504559079327,0.240950763225555,-10.0767164230347,-2.38298368453979,-30.7651869275426,-1.53195764309415,-23.4508927321795
10.86,-1.17858016490936,-9.21554660797119,-1.28455865383148,-60.6493887351802,-21.5644491249354,-18.2159249786745,0.45318216085434,-9.86250972747803,-2.55073738098145,-30.2169378881494,-3.23796430105267,-23.2082092807798
10.865,-1.17099356651306,-9.21481513977051,-1.3734689950943,-60.3004958421868,-19.2939115372629,-17.726938075615,0.628819823265076,-9.64467906951904,-2.77210664749146,-29.2514086866981,-3.91075287533774,-22.9855160855334
10.87,-1.15218555927277,-9.1749963760376,-1.45272254943848,-60.2944579549605,-16.5412138206062,-17.3159673008026,0.762146294116974,-9.44794940948486,-3.1407790184021,-28.1811692701759,-5.13026522239694,-23.0103113797679
10.875,-1.12986552715302,-9.18128776550293,-1.50477004051208,-60.7008883615221,-12.9396832457888,-16.960068341268,0.748778343200684,-9.34519481658936,-3.41134023666382,-27.0590118782251,-5.52833931939587,-23.1208733594102
10.88,-1.11494696140289,-9.25170707702637,-1.52091419696808,-61.5945503125266,-8.53860218899324,-16.6074000612109,0.584506213665009,-9.35986328125,-3.55719566345215,-25.8604246694618,-5.07778290258821,-23.2686137662521
10.885,-1.15065050125122,-9.38514232635498,-1.47811686992645,-63.2546892620007,-3.93461029922177,-16.0389661052731,0.354067802429199,-9.52850818634033,-3.69965147972107,-24.4182473016866,-5.01985777578463,-23.38853139751
10.89,-1.19399726390839,-9.49089527130127,-1.35890626907349,-65.1055612440475,-0.587711364457416,-15.0756003662413,0.273609340190887,-9.74275970458984,-3.91815686225891,-22.7829514577711,-7.49231453834296,-23.5682524575933
10.895,-1.24530494213104,-9.53227519989014,-1.21403288841248,-66.916531260963,1.85125852806508,-13.6294520972373,0.319810837507248,-9.91729736328125,-4.06323432922363,-21.2107529014082,-11.3776241052488,-23.5506220317982
10.9,-1.29919040203094,-9.49200057983398,-1.07641553878784,-68.683651463407,3.58797691818315,-11.6470929972523,0.488544195890427,-10.0180082321167,-4.07665061950684,-19.738570512609,-16.0892294673752,-23.2026477992481
10.905,-1.30972445011139,-9.34879398345947,-1.07625651359558,-71.0196581218214,5.53464913352849,-9.06335025499969,0.779248714447021,-10.0165538787842,-3.92195224761963,-17.9413991853642,-19.6546548084662,-22.2168892850225
10.91,-1.28942716121674,-9.19483852386475,-1.11465692520142,-73.4808484873438,7.78163622894282,-6.59509875453597,1.14636886119843,-9.96006107330322,-3.76658725738525,-16.5994838719629,-21.0370577757201,-20.6564420691266
10.915,-1.21693670749664,-9.05280876159668,-1.17216658592224,-75.2538016713391,9.42559360649954,-4.60074754991571,1.55031704902649,-9.86613941192627,-3.62025117874146,-15.5608238350682,-21.1072328468001,-18.969738806423
10.92,-1.08010303974152,-8.93704128265381,-1.24316298961639,-75.8777394520197,9.95252904058769,-3.31619686091918,1.96118748188019,-9.74588680267334,-3.49075722694397,-14.7529917487214,-20.2350193973368,-17.3971236085207
10.925,-0.915347754955292,-8.87831974029541,-1.39211130142212,-75.4744167815305,9.2953751961996,-3.10884448399205,2.17993712425232,-9.66918182373047,-3.41759872436523,-14.0131601719776,-18.1172338678097,-16.1308782533866
10.93,-0.79981255531311,-8.84888362884521,-1.52850210666656,-74.8813992672224,8.88115239756866,-3.18290123695473,2.32501220703125,-9.58137130737305,-3.33170938491821,-13.7725172395924,-14.5081653254696,-15.0837265838063
10.935,-0.699819386005402,-8.83217334747314,-1.64315509796143,-74.1639971779393,8.97437252690828,-3.419532713863,2.3702175617218,-9.49324226379395,-3.19803261756897,-13.8554639106467,-9.91418265103994,-14.2520323778205
10.94,-0.589514791965485,-8.81578826904297,-1.72743248939514,-73.3665794225295,9.81663218176653,-3.73410966924922,2.28858923912048,-9.41336154937744,-2.98574137687683,-14.1420509642576,-4.67801150358054,-13.6460955606974
10.945,-0.440794914960861,-8.83631896972656,-1.7856570482254,-72.6127519344027,11.0968768633782,-3.97711968906864,2.14596271514893,-9.45294952392578,-2.68145775794983,-14.2355682068261,0.622037920874343,-13.3563264927069
10.95,-0.291829943656921,-8.90438842773438,-1.82019424438477,-72.0714389521117,12.1170501395106,-4.08347256463491,2.02369546890259,-9.48749160766602,-2.50025081634521,-14.3644342396704,4.75838319331773,-13.0028846937262
10.955,-0.143835142254829,-8.97965335845947,-1.82920789718628,-71.7356941732705,12.9718875877254,-4.11948174882604,1.8344190120697,-9.51185989379883,-2.38876748085022,-14.4913442770911,7.28651752355589,-12.4670683061698
10.96,0.0015880002174526,-9.0119800567627,-1.80842757225037,-71.6125936738594,13.7676993949066,-4.16305280620202,1.46320796012878,-9.51882839202881,-2.28533840179443,-14.5692801506156,7.52425164912829,-11.5857100871814
10.965,0.129358112812042,-9.02439212799072,-1.76045298576355,-71.6759300180329,14.9880373410817,-4.25104741393976,0.855717957019806,-9.55576515197754,-2.23561835289001,-14.5450773752916,5.27148493301566,-10.8209414897779
10.97,0.195971548557281,-9.01874828338623,-1.75263023376465,-71.7509937970114,16.2458200918342,-4.37687273194291,0.258413016796112,-9.6212100982666,-2.153564453125,-14.2222032341677,1.75595785907124,-10.520122029484
10.975,0.192496612668037,-9.01251792907715,-1.78901648521423,-71.5977175218471,17.896979050097,-4.5489431263821,-0.256682634353638,-9.69523239135742,-2.05250978469849,-13.6044698265744,-3.17623902774962,-10.5876666239599
10.98,0.0992117151618004,-9.03853702545166,-1.87486410140991,-70.7555688575629,20.6980601192868,-4.78876515540641,-0.570391952991486,-9.74112510681152,-1.96477460861206,-12.688748072098,-10.0950827725287,-10.8446806660119
10.985,0.0261206980794668,-9.12258148193359,-1.93520426750183,-68.6407100640952,24.1110851569746,-5.2695955319365,-0.596575021743774,-9.71568775177002,-2.03992414474487,-12.4748239859723,-16.3848468848425,-10.8872993388855
10.99,-0.0170001145452261,-9.23460102081299,-1.96526098251343,-66.2239090979887,27.2153378328537,-6.00847258974379,-0.428083062171936,-9.72882652282715,-2.15058016777039,-12.5387400424516,-20.9515950337304,-10.5532723526206
10.995,-0.0470893904566765,-9.35692882537842,-1.96109521389008,-63.8040755278907,29.9193841120524,-6.99140810140809,-0.121945552527905,-9.78294086456299,-2.26085257530212,-12.7568254213292,-23.4210755413579,-9.93359490243476
11.0,-0.115793570876122,-9.45003223419189,-1.90987300872803,-61.89744188146,32.255660562939,-8.19370154156969,0.202210783958435,-9.8487663269043,-2.31261706352234,-12.9374907550652,-22.9116954009839,-9.32602054745816
11.005,-0.234206050634384,-9.44626426696777,-1.8507217168808,-60.3047647104181,34.927910604004,-9.44901603271081,0.61837100982666,-9.92048263549805,-2.37899446487427,-13.2941282288038,-20.4183929010787,-9.35374087020466
11.01,-0.375703722238541,-9.35220336914063,-1.81474673748016,-58.302904566579,37.8137406604152,-10.5066614341772,0.934341847896576,-9.94313621520996,-2.46771097183228,-13.5737314139884,-16.955859237192,-9.84172032036163
11.015,-0.526694476604462,-9.18297100067139,-1.81153035163879,-55.777028894522,40.7343397947964,-11.2801769425865,1.08314895629883,-9.90650272369385,-2.55169486999512,-13.6884666392135,-13.1972223586333,-10.6905087822928
11.02,-0.650371372699738,-9.00254344940186,-1.85468447208405,-52.9143429341134,42.9775993144712,-11.6167720799793,0.944438755512238,-9.81783008575439,-2.49688577651978,-13.4814529969806,-11.2690633710333,-11.6110406974921
11.025,-0.757394433021545,-8.8833589553833,-1.91898429393768,-50.3618056186312,44.1381713978615,-11.6393603693382,0.786136329174042,-9.72915840148926,-2.35100769996643,-12.9741996067595,-9.01789193097867,-12.6945921527066
11.03,-0.844579458236694,-8.82196998596191,-1.9834600687027,-48.2434292777409,44.5843159393521,-11.5539215330105,0.652500867843628,-9.6164493560791,-2.26672291755676,-12.4884143548733,-6.1920804543516,-13.6957595736998
11.035,-0.914020657539368,-8.81849193572998,-2.04524493217468,-46.6173388212793,44.4438360235979,-11.4473458225226,0.550322711467743,-9.46829605102539,-2.29886412620544,-12.1925510505959,-2.92183518517757,-14.4831907387694
11.04,-0.996188580989838,-8.86886405944824,-2.13902401924133,-45.4989158352573,43.9050775320564,-11.4752983717009,0.40604367852211,-9.26553249359131,-2.45087265968323,-12.5441691890682,-1.08442177072523,-14.7015211506835
11.045,-1.10689127445221,-8.8666410446167,-2.24677228927612,-44.60712877118,43.3848527588278,-11.7274629794422,0.18645553290844,-9.12654209136963,-2.43799710273743,-13.0841477231501,0.929083952370389,-14.9335307239578
11.05,-1.24451804161072,-8.8236780166626,-2.35912561416626,-43.8401463387117,42.6473664982903,-12.1870664086924,-0.0631527751684189,-9.03686618804932,-2.39406204223633,-13.8580935334772,2.46950526706324,-15.4802224802202
11.055,-1.40621829032898,-8.7485523223877,-2.4699535369873,-43.2173218788658,41.4992082837166,-12.8526589518,-0.313254773616791,-8.99318885803223,-2.38849425315857,-14.8576319543533,3.0861644139662,-16.5166473377089
11.06,-1.52905833721161,-8.72380065917969,-2.55326771736145,-43.9295944960822,38.9162697962387,-13.6500579241896,-0.432598620653152,-9.02383518218994,-2.43072533607483,-15.2647744081359,1.30711998189179,-18.0194853230504
11.065,-1.62071120738983,-8.80586242675781,-2.52466034889221,-45.9208234504781,35.4826722287707,-14.4376726505932,-0.435751616954803,-9.10295867919922,-2.53220295906067,-15.5622803729087,-1.07011754033422,-19.7424910411926
11.07,-1.67204558849335,-8.93730163574219,-2.42719483375549,-48.2896184320032,32.0823957391687,-15.1535447775022,-0.373924374580383,-9.23161506652832,-2.66215538978577,-15.639719350171,-3.18686402733381,-21.3965613675892
11.075,-1.67332482337952,-9.07543087005615,-2.2909300327301,-50.3416736360526,29.4210569253028,-15.7439719425675,-0.283897936344147,-9.41368007659912,-2.79783463478088,-15.3957176722615,-4.3437288121086,-22.7473712948372
11.08,-1.61928033828735,-9.14126873016357,-2.17949485778809,-52.0982719320803,26.3709403287853,-16.1520996511379,-0.170909136533737,-9.56038379669189,-2.89617919921875,-14.5720156413782,-5.79905472092297,-23.7566307824495
11.085,-1.51660692691803,-9.20405197143555,-2.03590178489685,-53.6002032098094,22.5986456332075,-16.4145001511241,0.0618098303675652,-9.71187686920166,-3.12335586547852,-13.8209424270342,-7.34127002749,-24.4290407081225
11.09,-1.38024497032166,-9.25002002716064,-1.8922746181488,-55.0049408956492,18.6151700262293,-16.4727838628591,0.40184673666954,-9.87153720855713,-3.43970561027527,-13.1730264134985,-8.7181499330263,-24.7872909602788
11.095,-1.22637462615967,-9.26059055328369,-1.78897178173065,-56.5028628523355,15.0462903169655,-16.2378851195659,0.84186190366745,-10.0442380905151,-3.80225968360901,-12.6745634767392,-9.60007932658398,-24.8357238316834
11.1,-1.105832695961,-9.18355178833008,-1.64607536792755,-59.2756191270372,12.946409274574,-15.5590855519244,1.41672992706299,-10.2057914733887,-4.22106885910034,-11.8273254677497,-9.99210401041239,-24.682884688626
11.105,-0.984063923358917,-9.04517936706543,-1.54978168010712,-62.6307992926443,12.8667171886592,-14.5681941505375,2.01520705223083,-10.3303833007813,-4.48746633529663,-10.9016487125581,-8.37600441315921,-24.2514045632834
11.11,-0.848264455795288,-8.88045597076416,-1.52949094772339,-66.2315862306158,15.1576292306259,-13.2975646677299,2.59312415122986,-10.4123458862305,-4.56867456436157,-10.010647974009,-4.44450782642532,-23.4279142682643
11.115,-0.676334738731384,-8.75012588500977,-1.63983607292175,-69.53856575125,20.6746103723188,-11.7651844066809,3.07633781433105,-10.4391717910767,-4.40505933761597,-9.34383709590814,2.46850315024595,-21.9645001348122
11.12,-0.38020071387291,-8.73041915893555,-1.72359383106232,-71.7679531567205,27.9667423113725,-10.3614217303451,3.27788233757019,-10.3551988601685,-4.1683201789856,-9.02882621006621,12.3658278271972,-20.1921753282206
11.125,-0.0180180203169584,-8.76319026947021,-1.75009548664093,-73.0912954782213,35.5198591937069,-9.04059035713791,3.14161014556885,-10.2184457778931,-3.81055641174316,-8.87891636438912,22.9927458407699,-18.5155926983197
11.13,0.360163271427155,-8.82273960113525,-1.72792458534241,-73.594550646457,43.1540231007327,-7.79365992320298,2.63797998428345,-10.0528745651245,-3.3467230796814,-8.91241758849439,33.4198833824406,-17.159595242397
11.135,0.63134503364563,-8.85788822174072,-1.68877947330475,-73.3909017261639,50.9037401481367,-6.61768960521578,1.66807460784912,-9.90448474884033,-2.82809996604919,-9.2671673687011,41.7453478108363,-16.6602708480287
11.14,0.907838582992554,-8.90377712249756,-1.65473198890686,-72.7886771168547,59.1735487800806,-5.70764886058162,0.400558888912201,-9.82987308502197,-2.26507496833801,-9.8564649912324,47.7771561687663,-17.1884425463566
11.145,1.16615211963654,-8.95788288116455,-1.62103617191315,-71.4842339287874,66.9582637167918,-5.28428001176521,-0.873530566692352,-9.75184154510498,-1.71871840953827,-10.5844615576919,51.241195889365,-18.7059756836973
11.15,1.37609720230103,-9.0177583694458,-1.59148371219635,-69.4589598964735,73.8408950792519,-5.50549788615087,-2.06054401397705,-9.65046215057373,-1.23797559738159,-11.5589255003512,52.0772007984908,-21.1875029374734
11.155,1.42028641700745,-9.0745096206665,-1.58851420879364,-66.9296452241694,78.8807755545884,-6.88749829913057,-3.01448559761047,-9.5099401473999,-0.99018669128418,-13.3786347443098,50.2780504239339,-24.5527747075791
11.16,1.25961327552795,-9.18882846832275,-1.5361305475235,-64.0219722227925,83.1794917125193,-9.03619598418065,-3.60410785675049,-9.3914966583252,-0.801337599754333,-15.4671153472029,47.4231440489899,-28.1985657619919
11.165,0.903438806533813,-9.40984725952148,-1.43174982070923,-59.9496017037666,87.4370354901334,-11.5085332184285,-4.02552556991577,-9.24555492401123,-0.64544016122818,-17.9069306357177,43.5840757165388,-32.0427396608476
11.17,0.332906752824783,-9.76458072662354,-1.28412461280823,-54.6136120373425,91.7477249696794,-14.0418247683769,-4.33625078201294,-9.06236934661865,-0.515471577644348,-20.6280284821793,39.0829537327437,-35.9333998271945
11.175,-0.57970142364502,-10.3073663711548,-1.18338000774384,-49.6762595316371,94.9514798413872,-15.672089324195,-4.49911451339722,-8.90719604492188,-0.418479532003403,-22.7551235595452,36.5457843428941,-38.8316369222331
11.18,-1.64924216270447,-10.8701028823853,-1.25572443008423,-42.7433784674532,98.4240914493943,-17.0478396871973,-4.49554347991943,-8.89817523956299,-0.332851380109787,-25.2927676475421,34.0460956161149,-42.8682684764268
11.185,-2.73893690109253,-11.3415832519531,-1.43896675109863,-34.5032196866963,101.45504936529,-17.8622390004311,-4.38118553161621,-9.00087070465088,-0.298519223928452,-28.3164855629176,31.0047080013566,-48.0947975312123
11.19,-3.76543283462524,-11.6520185470581,-1.69381725788116,-25.363794784721,103.508340833579,-17.890580870392,-4.18005132675171,-9.20182704925537,-0.338506996631622,-31.8408051180362,27.170313225845,-54.566306147151
11.195,-4.50762844085693,-11.6929416656494,-1.79297840595245,-17.4380620548585,102.126839451296,-16.5644996430341,-3.90649700164795,-9.47428607940674,-0.436594516038895,-34.9237612640832,24.0634394648719,-61.5949942748227
11.2,-4.99495363235474,-11.6242008209229,-1.74234974384308,-10.4350417780877,98.7907223436622,-14.8411216795821,-3.68984341621399,-9.70437526702881,-0.592404305934906,-37.3634604393821,23.4711408279741,-68.0673771549751
11.205,-5.29230117797852,-11.4890899658203,-1.62920045852661,-4.22751485092813,94.4167033501319,-12.9250273673772,-3.56032037734985,-9.91146659851074,-0.761163175106049,-39.4389056262443,25.4241292607544,-73.9567282573861
11.21,-5.43968963623047,-11.31800365448,-1.51916182041168,1.23706507945249,89.6708488581861,-10.9672424342523,-3.54732275009155,-10.1095705032349,-0.908028185367584,-41.3498525371359,30.1026756535243,-79.2060838043778
11.215,-5.4854907989502,-11.0906925201416,-1.48645329475403,5.43861240492988,85.1369419663749,-9.23197140390802,-3.67943739891052,-10.2666826248169,-1.17457842826843,-42.5235863950567,33.93837328762,-84.1743770670234
11.22,-5.50781154632568,-10.8233060836792,-1.48770034313202,8.84643796111207,80.5475329573683,-7.62535381677011,-3.85976767539978,-10.4257907867432,-1.44331645965576,-43.4142772137722,36.1677641081851,-88.7969261538829
11.225,-5.51216840744019,-10.5458612442017,-1.52872252464294,11.6696249375506,75.7097851003291,-6.11093225748315,-4.07817125320435,-10.5590953826904,-1.70175075531006,-44.1478736815775,37.3881925543668,-93.1755828458597
11.23,-5.50411081314087,-10.2953014373779,-1.61989164352417,14.1258932980023,70.3623070557211,-4.64999577515244,-4.3248348236084,-10.6296815872192,-1.93339443206787,-44.8705384316161,38.2725586179108,-97.4195413772146
11.235,-5.51889181137085,-10.2039394378662,-1.69492089748383,16.2140255612478,62.8074006638241,-3.68116161591646,-4.71984386444092,-10.6731462478638,-2.28201770782471,-45.8458860299993,40.4399381510014,-102.241484176514
11.24,-5.57228708267212,-10.2896814346313,-1.69451153278351,17.6477761831345,54.1540700797949,-3.11026836499058,-5.09725475311279,-10.7546453475952,-2.50377941131592,-46.1741176007534,42.642735630033,-107.768282007592
11.245,-5.65733528137207,-10.5572690963745,-1.77101612091064,18.5706371928408,44.4353904946892,-2.91551085689296,-5.48966932296753,-10.9063272476196,-2.53301858901978,-46.0458876292756,44.2428406317973,-114.038709854365
11.25,-5.76251602172852,-11.0329389572144,-2.22744059562683,19.2308398629197,33.4851390097709,-3.1050797690989,-5.9779052734375,-11.1896333694458,-2.25072622299194,-45.8690881826098,44.0990856403361,-121.191120028663
11.255,-5.74348783493042,-11.5107889175415,-2.88508367538452,19.5483190083729,21.5036126299981,-2.86413118574836,-6.60467004776001,-11.4809122085571,-1.92616736888885,-46.0531447052688,43.8256868282388,-126.141668459845
11.26,-5.66125535964966,-11.9958381652832,-3.21744465827942,20.6577978616768,8.05960443759483,-1.75253881578312,-7.05175256729126,-11.6698837280273,-1.69919061660767,-46.5143498138793,43.0641719622011,-131.534580922812
11.265,-5.50207853317261,-12.4852857589722,-3.20768880844116,23.0443974388208,-6.58551557224362,0.467289900026508,-7.15303039550781,-11.7468814849854,-1.53323912620544,-47.4405951823193,41.1126229917884,-137.780051258358
11.27,-5.1968035697937,-12.9695520401001,-2.96719670295715,27.8228507161278,-21.6237761480661,4.42723555867482,-6.50951194763184,-11.7136964797974,-1.2766592502594,-49.4511877230122,35.9512436964011,-145.187336771723
11.275,-4.77389526367188,-13.4055862426758,-2.88610100746155,32.7016992364975,-31.3083611363824,8.06096791410789,-5.1855993270874,-11.6662845611572,-0.816364347934723,-52.7581262625114,30.0314811767106,-151.363958800436
11.28,-4.3318886756897,-13.7490396499634,-2.92089343070984,39.0395888617033,-38.4638107448604,12.2181864580982,-3.56572651863098,-11.7998762130737,-0.533323466777802,-56.6983975078947,27.6319947401501,-156.408873125191
11.285,-3.89305377006531,-13.9855136871338,-3.05111217498779,47.1148019890989,-43.4120471570082,16.8999148652477,-1.77896821498871,-12.2109317779541,-0.452755630016327,-60.9936575901056,29.6561622818184,-160.428343829095
11.29,-3.46278405189514,-14.0921535491943,-3.22477793693542,56.867366142677,-44.8308277117816,21.2612331220164,-0.0432359650731087,-13.1543712615967,-0.311380475759506,-65.0079851615647,36.0410709292706,-163.819204902926
11.295,-2.89690470695496,-14.2472124099731,-3.29001212120056,67.7112579218398,-43.6493757400987,23.5711040615718,1.14006721973419,-14.3769416809082,0.317530989646912,-69.2353599936148,44.859627204417,-166.993248451744
11.3,-2.15818500518799,-14.4266271591187,-3.27831435203552,79.4228125369314,-41.5382257393503,24.4865474858394,2.00810647010803,-15.5993089675903,1.46230924129486,-73.8818625538936,55.9908889476243,-169.79172721886
11.305,-1.2259349822998,-14.6289463043213,-3.21350264549255,91.6445891132122,-39.1885347969337,24.1666077647377,2.73414492607117,-16.6638126373291,3.01286554336548,-78.9800182032287,68.3587530249679,-172.265075321105
11.31,-0.0802287086844444,-14.9026460647583,-3.21873211860657,101.915288002133,-37.7680296193949,22.4254678943491,4.13089752197266,-17.0774250030518,3.88161587715149,-84.1184514780993,73.1087807624966,-175.347280146344
11.315,1.03328120708466,-15.3384399414063,-3.07466769218445,110.436830086127,-36.0380314950899,20.2625518898811,5.43307781219482,-17.1890888214111,3.84966254234314,-87.1024176925053,73.0268526434023,-177.453997354321
11.32,1.92323207855225,-15.742018699646,-2.80835509300232,118.162832716733,-31.3751194053301,18.6090348088073,6.61494398117065,-17.1346702575684,3.13681435585022,-87.6762218846781,72.8090720617164,-177.879053686749
11.325,2.46454763412476,-15.9862680435181,-2.42622900009155,125.544996794331,-22.0327166491477,18.0591379862769,7.58756017684937,-16.9816951751709,1.82220804691315,-85.6651887967837,74.9847673501214,-176.150687977656
11.33,2.44735980033875,-15.6612768173218,-1.90942537784576,132.450031177268,-4.42788058466457,19.9533406884182,7.11492252349854,-16.8210163116455,-0.0770021826028824,-82.7643323241984,80.6050431501798,-172.166911842354
11.335,2.39496779441833,-15.2405595779419,-1.42438817024231,138.838252466468,12.7136432578491,22.2543323820525,5.12173986434937,-17.2493438720703,-0.563404500484467,-80.6807284763727,90.0055076369492,-169.329528317726
11.34,2.36653399467468,-14.717658996582,-0.892329394817352,145.041607855592,26.9750876363458,24.4110277917339,2.45268964767456,-18.1055774688721,0.0367668643593788,-78.2842268324795,99.2589113206991,-168.95489244175
11.345,2.41061305999756,-14.0811777114868,-0.247661113739014,151.312991928849,36.2565702277736,25.9759761022928,-0.261314749717712,-19.2876892089844,1.53038120269775,-74.6561601189629,105.23047741015,-172.241456526955
11.35,2.32489085197449,-13.5831966400146,0.0707294568419456,156.353767158967,39.4311123804013,26.204966731954,-2.15861392021179,-20.3222312927246,2.59672617912292,-71.668860772242,93.3627573498747,-179.955171647244
11.355,1.99049961566925,-13.2340574264526,-0.0678986310958862,160.523064892505,41.2049125078536,26.2241749314473,-3.50036692619324,-20.6340141296387,3.13557195663452,-68.1410202546062,73.7362360905998,-186.229246815035
11.36,1.43051183223724,-12.9742221832275,-0.569056332111359,164.41291226634,42.9773022012423,26.6814151152447,-4.21899700164795,-20.1667900085449,2.96166944503784,-64.802505750574,46.2673291923566,-190.07762128023
11.365,0.656561970710754,-12.7357559204102,-1.34191346168518,168.745683747473,46.5063140963208,28.4243069291554,-4.1816668510437,-18.7899589538574,1.78744184970856,-62.5849004214218,10.2477707976507,-190.074779921535
11.37,-0.162189334630966,-12.5011835098267,-2.06908845901489,175.125066771886,51.2491701352209,32.6426590813119,-3.61651968955994,-16.8290348052979,0.324724972248077,-63.202233409175,-23.4735245639944,-186.362544786877
11.375,-0.831754088401794,-12.2879371643066,-2.66436195373535,181.002868024411,54.146983758531,36.5154412275063,-2.91654443740845,-14.9986400604248,-1.19516015052795,-65.5655949752153,-53.2461466938034,-181.384866844311
11.38,-1.2912871837616,-12.1057910919189,-3.12842583656311,186.933371016571,54.1990981018982,40.1289254871448,-2.19958877563477,-13.4287195205688,-2.75167751312256,-69.121029457098,-77.894714804492,-175.274593273196
11.385,-1.42381477355957,-11.9747047424316,-3.45785570144653,194.240553277461,49.5319786156097,43.9162141554981,-1.64578831195831,-12.3176784515381,-4.33412313461304,-73.0590843060955,-94.826528360711,-167.90697749853
11.39,-1.22880136966705,-11.9462642669678,-3.62288284301758,202.286502459358,38.5221337301831,46.9087488422179,-1.20758759975433,-11.6338682174683,-5.57396984100342,-75.2176972913864,-102.828818973433,-159.057333617377
11.395,-0.871725261211395,-11.9720659255981,-3.67698502540588,209.778263752378,24.1916950495591,48.765880692639,-0.75648957490921,-11.1885442733765,-6.40299272537231,-75.647992378908,-109.253096831261,-149.466860098087
11.4,-0.401139229536057,-12.0242910385132,-3.64425730705261,216.505549292355,7.3618724393477,49.4289452119801,-0.168357849121094,-10.9032888412476,-6.89024591445923,-74.6703942331932,-117.582416901443,-139.466889417298
11.405,0.112205073237419,-12.0420150756836,-3.56745266914368,222.257169630153,-10.9045353212561,48.7425897475692,0.883662700653076,-10.6331634521484,-7.23035287857056,-73.0705043823878,-135.449235543713,-129.714513093922
11.41,0.557247817516327,-12.0602159500122,-3.49157571792603,226.470166914,-27.7916589497357,47.4391335218369,1.9111100435257,-10.4455118179321,-7.17520618438721,-71.5133715157866,-152.68636538602,-122.487298687834
11.415,0.852305233478546,-12.1485586166382,-3.42807388305664,228.833357725311,-42.1846997291974,46.150157297145,2.70796918869019,-10.2484550476074,-6.64801120758057,-68.3089472855401,-166.223513453041,-113.898581693353
11.42,0.982996106147766,-12.30384349823,-3.38001585006714,229.19117767555,-53.4213034799738,45.1343954694428,3.25803685188293,-9.95765686035156,-5.84958982467651,-63.0565113232328,-174.04461280746,-102.931367433632
11.425,0.963892221450806,-12.441481590271,-3.35027742385864,227.129020621718,-59.5252898619579,44.9677115329378,3.69171547889709,-9.27142715454102,-5.79391050338745,-55.5761769366941,-169.81164405048,-88.7264181110809
11.43,0.908340454101563,-12.4463024139404,-3.30776810646057,223.340861104246,-60.7347524394271,45.4110693572471,4.21565198898315,-8.42556858062744,-6.51028871536255,-47.9333625950845,-156.692107409693,-73.6794362374619
11.435,0.860130131244659,-12.3902359008789,-3.2477011680603,218.419204373253,-59.1407775324428,46.2305144727302,4.81783580780029,-7.48202514648438,-7.84911298751831,-41.3763878220614,-141.708270634951,-59.7383371225489
11.44,0.8435298204422,-12.3011531829834,-3.1520414352417,212.502662287756,-55.5777512952978,47.3226958719611,5.5208568572998,-6.49298238754272,-9.6451244354248,-36.7435934514468,-127.309548845647,-47.756576808797
11.445,0.930432081222534,-12.2194375991821,-2.89406633377075,205.354158981664,-51.6708694296721,48.4101576104755,6.51891231536865,-5.72999858856201,-10.8320741653442,-37.0373154914194,-114.246026586243,-38.9283421555967
11.45,1.15239131450653,-12.1109142303467,-2.65410232543945,197.775681606941,-49.1789022317496,49.2279327447066,7.85389852523804,-5.14891815185547,-10.7210702896118,-43.5705587721713,-101.974567213939,-30.2068121327049
11.455,1.45663738250732,-11.9572772979736,-2.49801063537598,190.235972385948,-47.7985517363413,49.722335987778,9.1965799331665,-4.80232810974121,-10.069652557373,-53.6726681018086,-94.0564860034946,-21.7001718139327
11.46,1.81716704368591,-11.7513589859009,-2.45416569709778,182.987106280191,-47.3289967214705,49.8474104118592,10.3394002914429,-4.74905014038086,-9.25106716156006,-65.690846984215,-92.1411097149263,-13.5066359044504
11.465,2.18495416641235,-11.5831518173218,-2.32375240325928,176.074913859003,-45.9253928470328,49.6094193004193,10.6664113998413,-5.31381702423096,-8.32751369476318,-71.6772823954886,-87.7306038508497,-6.15145278162107
11.47,2.49582839012146,-11.4968776702881,-2.03090834617615,169.733014912755,-42.0752596081263,49.2133537059232,10.5411672592163,-6.10032033920288,-7.13171672821045,-69.3415011333168,-70.272715464378,0.781750902279396
11.475,2.74010539054871,-11.4590873718262,-1.64543223381042,164.511622160225,-37.0755747960553,48.8048605822322,10.1982164382935,-6.87477207183838,-6.02175855636597,-60.2724647458331,-43.3157039236706,8.05211940403814
11.48,2.90599918365479,-11.4461269378662,-1.2172064781189,160.917235109506,-31.8882510271057,48.4990969187529,9.81091117858887,-7.45035839080811,-5.28789710998535,-45.322597916928,-9.10210133325575,16.2845131134823
11.485,2.91883301734924,-11.3948373794556,-0.906432807445526,157.694861142121,-23.4876664706709,47.9050241402181,9.09597301483154,-7.74544239044189,-4.95625877380371,-29.4690663249789,22.0683429158585,26.9140957546049
11.49,2.83607745170593,-11.2584266662598,-0.668638944625854,155.216431379133,-13.7465198320641,46.9191375599455,8.23585414886475,-7.79829168319702,-4.5068793296814,-17.9443549497275,43.9035441545878,35.7780540047117
11.495,2.64054822921753,-11.0195446014404,-0.462616145610809,153.67487134384,-3.73949185831519,45.4929769857739,7.31544399261475,-7.57280445098877,-4.00104665756226,-8.39501624471394,58.8490396624241,44.4174475877395
11.5,2.30197930335999,-10.6485033035278,-0.239033371210098,153.384615624871,5.20362999181934,43.5318008637261,6.43675947189331,-7.00221109390259,-3.51142144203186,1.98390016141649,69.4474578579112,54.7511993679832
11.505,1.83339846134186,-10.2165222167969,0.0179984234273434,154.089586769865,11.4108145557468,41.1199859357137,5.71317625045776,-6.03812646865845,-3.35470294952393,11.5158756717863,72.374931577692,67.1553419951033
11.51,1.3618997335434,-9.8120288848877,0.22334848344326,155.08668510566,15.7541079432958,38.4332934596487,5.12381410598755,-4.94536018371582,-3.34436392784119,19.5030758353107,68.1464707455639,79.8882079665978
11.515,0.922550022602081,-9.45299625396729,0.362238973379135,156.266641265914,18.413563332498,35.5583029134503,4.66825008392334,-3.75530982017517,-3.4754810333252,26.4766153080764,57.556378550675,92.9256457335614
11.52,0.571797549724579,-9.1689567565918,0.408635169267654,157.515664299056,19.4612972757051,32.6207375891708,4.36196613311768,-2.48935151100159,-3.77325010299683,33.4095834571722,41.3857759170756,106.437262553464
11.525,0.349961549043655,-8.97454738616943,0.446787059307098,158.619313585904,19.0550120106633,29.6456950169154,4.23112726211548,-1.38627016544342,-4.16263961791992,39.5688738808659,26.6695066804267,119.986424923234
11.53,0.1917484998703,-8.84209060668945,0.517034828662872,159.671449586031,17.4725357271468,26.6406559613726,4.20607089996338,-0.559288918972015,-4.5284571647644,45.6248645235523,14.1060626975208,133.114786168429
11.535,0.0792205780744553,-8.76483631134033,0.614786386489868,160.491099607189,14.8541810012751,23.6381030946877,4.28135251998901,-0.0451987981796265,-4.79510641098022,51.6048658966277,3.51270332433115,145.604961858335
11.54,-0.0119087500497699,-8.73822593688965,0.714514315128326,160.496577418903,11.4129353294841,20.7300544329064,4.47558736801147,0.0617000460624695,-4.77554512023926,57.337669063262,-5.71707067965483,156.933308710043
11.545,-0.104892082512379,-8.69562911987305,0.832436263561249,158.656442494232,8.87941155310395,17.9002592484459,4.66058492660522,-0.246523842215538,-4.43441152572632,62.4532690157373,-12.6806893026511,167.970566559703
11.55,-0.199430540204048,-8.6491117477417,0.928549647331238,155.469995321881,7.32171348834896,15.3873421527917,4.79429531097412,-0.65418803691864,-4.07344532012939,68.2804039249987,-18.0890012808755,178.989451200496
11.555,-0.308411747217178,-8.59583187103271,0.985953867435455,151.12477923608,6.63494906636158,13.2332789272618,4.84988927841187,-1.11881446838379,-3.77056002616882,75.1245403412966,-22.0401871685524,189.9613441398
11.56,-0.492276817560196,-8.51044845581055,0.965781629085541,145.996755169505,6.26150505839655,11.3953364933139,4.74421405792236,-1.75785374641418,-3.58760762214661,83.0824005734676,-24.2815871692257,200.480067688051
11.565,-0.680104196071625,-8.32751369476318,0.892347812652588,140.601902932814,5.54208251377958,9.6769018792737,4.53003454208374,-2.58224415779114,-3.64774107933044,92.1698101698186,-25.9931045091839,209.534262074468
11.57,-0.830804824829102,-8.08549404144287,0.801968157291412,135.018346229733,4.62510741959056,8.06962859397547,4.40015506744385,-3.43281197547913,-3.89500832557678,100.400638912169,-27.5932812279345,216.361404980111
11.575,-0.935309231281281,-7.79693269729614,0.710547566413879,129.477068397615,3.58402650752195,6.64767072057755,4.45678472518921,-4.24246406555176,-4.28540706634521,107.415816925663,-29.1631967935674,220.827406131194
11.58,-1.04333877563477,-7.47117376327515,0.649693608283997,125.657981783581,2.64763553340011,5.99939484145002,4.96630716323853,-4.90564346313477,-4.57400608062744,116.018658751347,-30.2282999078337,224.51333137717
11.585,-1.1695910692215,-7.12566137313843,0.594681441783905,121.197717991401,1.32711002460171,5.66795052046504,5.66816997528076,-5.31155824661255,-5.0332179069519,126.193782803212,-30.1627130163287,227.687866699608
11.59,-1.29640901088715,-6.77667140960693,0.547560393810272,116.046102451432,-0.825204032170488,5.44211714574774,6.30096197128296,-5.5893726348877,-5.39371156692505,135.426094862805,-28.4835878485092,230.518693242634
11.595,-1.4132593870163,-6.43352270126343,0.511700987815857,110.13791368729,-4.09803666237949,5.20742928454516,6.72061681747437,-5.79985237121582,-5.4957537651062,142.444196197263,-24.745826589375,233.113509429078
11.6,-1.49771463871002,-6.11279296875,0.520415067672729,103.467496302343,-8.60401320312716,4.80448654332849,6.88639879226685,-5.93781757354736,-5.12151098251343,149.199253286406,-17.138281637092,236.162068742465
11.605,-1.59380149841309,-5.83540534973145,0.531533598899841,95.9556884041083,-13.761703342589,4.39781110373041,6.8762354850769,-6.02905893325806,-4.68780088424683,156.993113846415,-7.44736933228333,239.993531659275
11.61,-1.71344602108002,-5.58486223220825,0.551218748092651,87.6509433545599,-19.2985628960876,3.97497244834831,6.6659107208252,-6.09363985061646,-4.26697731018066,166.007816079052,4.24228855010286,244.867554650996
11.615,-1.86758279800415,-5.34967517852783,0.584899425506592,78.5432822473197,-25.0208851374406,3.52508581696615,6.2238941192627,-6.14589500427246,-3.91741728782654,176.462977886887,17.985711745152,251.054640529517
11.62,-1.94402849674225,-5.11666822433472,0.618330597877502,68.6885008977177,-30.3281333678372,2.9692228241957,5.65747785568237,-6.15028238296509,-3.54762172698975,186.636517334864,29.4389725114958,258.232540969797
11.625,-1.96432363986969,-4.91689682006836,0.635623693466187,58.5298922432661,-35.2921372716841,2.33545448030869,5.0429368019104,-6.12522411346436,-3.32632207870483,195.268961200412,33.8008440135872,265.222092113525
11.63,-1.94607174396515,-4.74624156951904,0.630520403385162,48.0633684157465,-39.9930866849316,1.62794442593445,4.4438591003418,-6.06602096557617,-3.2371187210083,202.609119614614,31.2163209222219,271.90750859389
11.635,-1.90842509269714,-4.60176706314087,0.593435049057007,37.2601026017669,-44.5115095378944,0.846251900428117,3.94132685661316,-5.96414279937744,-3.26956844329834,208.87023108336,21.3332489290777,278.11986617234
11.64,-1.86610770225525,-4.52918672561646,0.542071104049683,26.237097649357,-48.9012550419886,0.0628537419498779,3.2578604221344,-5.78269481658936,-3.33377861976624,213.51450017178,4.12388252508564,282.215766693056
11.645,-1.77069985866547,-4.46582698822021,0.469180524349213,15.201523441327,-52.7778928299694,-0.835198306473509,2.69945216178894,-5.83172273635864,-3.20874071121216,216.951014230024,-10.9890896480862,284.508551914403
11.65,-1.62954437732697,-4.41109609603882,0.376943796873093,4.11016323636402,-55.9457038311701,-1.77061224337891,2.36861777305603,-6.17018222808838,-2.93801045417786,219.50861954587,-26.1051418096869,284.708266645734
11.655,-1.45683443546295,-4.37137651443481,0.268218874931335,-7.14654688378164,-57.9996988089438,-2.58898384522357,2.45134210586548,-6.90761137008667,-2.61204218864441,221.674814041139,-46.1944135078721,282.012254376547
11.66,-1.28425204753876,-4.327392578125,0.177160933613777,-18.4362122397858,-58.2981507549167,-2.82902187898038,3.21534109115601,-7.98615646362305,-2.23143935203552,222.47551711754,-76.8403453325063,274.442082511855
11.665,-1.12885177135468,-4.25832843780518,0.108171634376049,-29.4441019835625,-57.5099400945081,-2.61496268317512,4.29147481918335,-9.27383899688721,-2.03980016708374,223.982967188118,-106.874674698101,264.682971621957
11.67,-0.994648337364197,-4.15919971466064,0.0643626376986504,-40.0089702898465,-55.8215856335726,-1.99956946914614,5.49439144134521,-10.7350330352783,-2.30759978294373,227.095634657055,-130.852012798296,254.036591838118
11.675,-0.889046967029572,-4.02034711837769,0.0554745756089687,-49.7359212340371,-53.4506152367969,-1.054672241465,6.43064165115356,-12.329870223999,-3.77486205101013,233.819723668501,-136.441771313142,245.232423356458
11.68,-0.801653802394867,-3.86095380783081,0.111388087272644,-56.3694692578452,-51.6090015761701,-0.230601807253323,7.06398677825928,-13.4407663345337,-5.92140102386475,242.107939660258,-116.768558880701,239.372995312801
11.685,-0.743722319602966,-3.71115612983704,0.205147802829742,-62.5039353590004,-49.7848902752915,0.745603406757573,7.73553943634033,-13.9113063812256,-7.71224355697632,249.227920096376,-87.3469316346026,235.90041785574
11.69,-0.721984684467316,-3.58531832695007,0.335320472717285,-68.7089436539036,-47.8290348706071,1.95497174896055,8.48082447052002,-13.7153387069702,-8.77745819091797,254.186336905482,-53.7226172752089,234.827449778644
11.695,-0.7566037774086,-3.52034091949463,0.522172868251801,-75.048465694321,-45.5568665752702,3.50267489908228,9.12450790405273,-12.887246131897,-8.42566394805908,255.079944214973,-26.2611382076882,236.77148554097
11.7,-0.816342949867249,-3.56795454025269,0.773415625095367,-80.8136985991345,-43.0944092096568,5.06578482153744,8.93601036071777,-11.9325733184814,-7.54665470123291,253.191834041571,-4.49316011765696,239.310430780004
11.705,-0.88666158914566,-3.71928644180298,1.07274377346039,-86.271996463026,-40.242907684014,6.59210883922679,8.02335166931152,-11.0747013092041,-6.54855871200562,250.544097549437,13.1784939799291,241.016857921483
11.71,-0.960395276546478,-3.9757125377655,1.40354001522064,-91.543263256875,-36.8953431793316,8.05677844682574,6.4998517036438,-10.4217109680176,-5.56990098953247,247.866007696632,26.4193783228317,241.233183672876
11.715,-1.01757228374481,-4.34671592712402,1.66568410396576,-96.9282868513506,-32.8394231709217,9.41358015752314,5.15607213973999,-10.1997556686401,-4.62628269195557,245.621498252339,29.1857705687743,238.832208255076
11.72,-1.06471133232117,-4.72279787063599,1.86036598682404,-103.137611825809,-28.6515678134092,10.4032037050453,3.71467137336731,-10.1739864349365,-3.61416935920715,243.599680295745,18.723568543452,234.828269401345
11.725,-1.04127907752991,-5.1182746887207,2.03395795822144,-110.217867881714,-24.5739073128712,10.9994365309051,2.24618577957153,-10.1706399917603,-2.97243690490723,241.968112027569,3.35999267420753,230.529621545306
11.73,-0.909337639808655,-5.53854322433472,2.20875525474548,-118.199032719334,-20.7206799982706,11.1670980382351,0.787002444267273,-10.0999345779419,-2.91052603721619,240.728979108346,-13.0825528739789,226.514822690794
11.735,-0.631645321846008,-5.92535257339478,2.366619348526,-126.306726811327,-16.737639815852,10.9153927607154,-0.650902569293976,-9.97413539886475,-2.6586799621582,237.939120039962,-36.007985492931,221.063757997233
11.74,-0.440138161182404,-6.22394037246704,2.47923159599304,-132.784860710761,-12.530764942822,10.5249911005885,-1.6912522315979,-10.0012941360474,-1.78006327152252,232.700556191859,-57.4082932192799,215.18422187666
11.745,-0.296997904777527,-6.52550935745239,2.6290967464447,-136.889476552858,-8.55162735974045,9.87282329429458,-2.20782446861267,-9.96364307403564,-0.88654351234436,225.337940115666,-78.6386248579439,209.033814113982
11.75,-0.175085663795471,-6.90283107757568,2.88416337966919,-137.883132473312,-5.1735865509814,8.84490885251163,-2.06808829307556,-9.68388938903809,-0.464204788208008,215.979638386643,-100.767153693221,202.721380603812
11.755,-0.12342581897974,-7.4207649230957,3.38945317268372,-131.38795042171,-4.33434797417041,6.76799047922285,-1.54480528831482,-9.13208866119385,0.11874033510685,202.023266968745,-117.290480955939,196.03857325571
11.76,-0.0300460904836655,-8.08359241485596,4.0129771232605,-119.526848814741,-4.99284608516452,4.11952144930059,-0.659619748592377,-8.63341999053955,0.897681415081024,185.251013461727,-131.410954498834,189.229298124936
11.765,0.105638563632965,-8.90200233459473,4.76157808303833,-102.567598388626,-6.62861918854827,1.14122333141034,0.599592268466949,-8.13327217102051,1.61511194705963,166.661615446784,-143.014407709932,181.947865677217
11.77,0.287617385387421,-9.90139293670654,5.6534743309021,-80.4545057808727,-8.66293041490769,-1.88857291871791,2.27683472633362,-7.56291341781616,1.94276666641235,147.370101305919,-151.763757093314,173.723634897605
11.775,0.357485324144363,-11.2608118057251,6.66975879669189,-52.0977323471358,-9.53153667071561,-4.68897822606664,3.84540057182312,-6.60082197189331,1.25799763202667,125.773972056066,-149.871234617708,163.598248283276
11.78,0.27464896440506,-12.8531875610352,7.50726509094238,-27.9639846224951,-9.57341939070613,-6.91697568804105,4.85122346878052,-5.52017593383789,0.31626296043396,102.159255529097,-135.704903184725,151.374531933271
11.785,0.0224632993340492,-14.5932550430298,8.19574069976807,-5.62042094157821,-9.63841034820609,-9.05610427806395,5.16370964050293,-4.48380947113037,-0.612380862236023,77.4537851124327,-107.422947643156,136.334332437498
11.79,-0.444163024425507,-16.3483829498291,8.80777454376221,20.45586673396,-11.3034687414299,-12.0492963704913,4.51023006439209,-3.77615451812744,-1.09439158439636,53.2706431672617,-60.2215934968948,116.841163791578
11.795,-0.955708563327789,-17.6392917633057,9.25827217102051,51.1572562795601,-20.2858120990996,-17.1313063064021,3.64783382415771,-3.56633377075195,-1.45980966091156,32.3994018940219,-7.96928030846329,91.19438402426
11.8,-1.41786527633667,-18.1895771026611,9.1576681137085,78.401357746556,-34.537876066545,-22.4868986157442,2.49733972549438,-3.6072154045105,-2.03105092048645,14.3370195678893,36.1516721825006,63.4575663709176
11.805,-1.79268932342529,-17.914342880249,8.43531703948975,98.6530667111298,-53.1544548192906,-27.2702491386861,1.20489072799683,-3.8255455493927,-2.7633011341095,-0.400153702838205,69.0474068480344,36.7252475633361
11.81,-1.99615299701691,-16.5920867919922,6.97084617614746,103.931839882877,-74.6435857407009,-29.6288483553276,0.21151827275753,-4.11421918869019,-3.42358613014221,-9.82480877197668,85.4906979540574,18.6134044223288
11.815,-1.89369785785675,-14.8387327194214,5.38844537734985,93.4571642245827,-92.8176262918377,-28.6576193610138,-0.582312941551208,-4.32192087173462,-3.8802285194397,-20.5193208988967,99.5665840220515,1.25346543086675
11.82,-1.51941430568695,-13.120756149292,4.1176815032959,77.8325054415315,-104.303511456752,-25.5479520526702,-1.45073533058167,-4.58978652954102,-4.21996927261353,-32.520832412181,108.799401515643,-16.3450063914138
11.825,-0.876051008701324,-11.5909128189087,3.31613969802856,61.0808995963741,-108.118383844068,-20.6269766330472,-2.42340207099915,-4.96690464019775,-4.41014432907104,-45.5872745774551,110.833937284471,-34.0560164658843
11.83,0.0576561503112316,-10.4955730438232,3.28965187072754,51.3729536535491,-103.048634951491,-14.2299307394399,-3.36456227302551,-5.54121541976929,-4.21158599853516,-58.5518786222043,97.1548510563091,-50.3011706142744
11.835,1.1145852804184,-9.7225513458252,3.71802592277527,49.09282135764,-94.142997179522,-7.61243622150232,-4.0081901550293,-6.23637580871582,-3.68150973320007,-71.4552056248148,75.2207230651887,-65.8317059754682
11.84,2.02383160591125,-9.19355583190918,4.23347997665405,50.5337488007971,-82.5378705720775,-0.92195035339084,-4.21659517288208,-6.98794364929199,-3.13815307617188,-84.2300772597048,50.5411083296278,-80.8912690575383
11.845,2.70270323753357,-8.87079620361328,4.72665596008301,54.4580271582388,-68.287889812329,5.79370113327415,-3.93692803382874,-7.78685712814331,-2.74356722831726,-96.6211059236185,25.2980046950882,-95.3784964381072
11.85,3.27157688140869,-8.60623073577881,5.31231641769409,60.2272557237168,-49.3800034914823,12.5391600990856,-3.23385310173035,-8.7237377166748,-2.92232990264893,-106.802117598548,2.48239020548906,-107.93025311357
11.855,3.77081489562988,-8.36782360076904,5.86895561218262,67.2215675092958,-27.0118630823845,18.5871747883687,-2.80821490287781,-9.98455810546875,-2.84615397453308,-112.338361581247,-10.3871817887998,-114.795549455916
11.86,4.16993618011475,-8.16729354858398,6.3427209854126,75.0371685614338,-3.5396622944286,23.5358944364004,-2.54080080986023,-11.5268783569336,-2.2072389125824,-114.02262475887,-13.2379593143905,-116.698399177547
11.865,4.45207357406616,-8.01015186309814,6.68805265426636,83.2812956820984,19.6511031100978,27.0866382858705,-2.36888408660889,-13.3053121566772,-0.881984353065491,-111.702279724223,-6.17278773126726,-113.445685509868
11.87,4.70331621170044,-7.84634971618652,6.67933702468872,87.8988723912422,38.9012809461051,28.7800300113188,-2.13769173622131,-14.6246013641357,-0.132443875074387,-98.9502619022954,-1.75281981403444,-99.6455956503702
11.875,4.85142040252686,-7.82545328140259,6.58176231384277,87.1723998107413,56.251125985191,30.4500249237653,-2.15315675735474,-16.0543823242188,0.886938691139221,-81.1829591162329,9.13100498627595,-78.2285812813114
11.88,4.851402759552,-8.00033092498779,6.42954206466675,83.5534309091992,70.9287619643469,31.9816948451406,-2.96492576599121,-17.3800411224365,2.2424590587616,-61.1021756356387,24.995242899749,-52.720085523929
11.885,4.65839004516602,-8.42504405975342,6.24656105041504,78.8161073235267,82.1562474125814,33.2751038626038,-5.05922508239746,-18.4243831634521,4.00746250152588,-40.7167042463595,44.9641188534344,-25.6755792599538
11.89,4.21671724319458,-8.9068660736084,5.62832069396973,70.5182949159858,97.6405526383779,35.0198483653269,-6.48941421508789,-18.1291790008545,5.08038902282715,-26.9892944298195,54.2567927098173,-13.5383493265404
11.895,3.64653277397156,-9.23564910888672,4.82275342941284,58.6263754954817,114.846448025611,36.5221792091225,-6.36993932723999,-16.7873458862305,3.65468668937683,-17.7707332485731,42.0723738532019,-12.8821850058083
11.9,2.94205021858215,-9.44409942626953,3.95902562141418,43.8743997373993,131.178413878352,37.2980784535522,-5.11114597320557,-14.8632678985596,1.22063255310059,-13.9603124370483,10.1567713335649,-21.5860615510166
11.905,2.08566856384277,-9.56404876708984,3.1949474811554,26.9646545223886,143.308160485756,36.683542428264,-3.14095687866211,-12.895622253418,-0.426938265562057,-17.1039172478304,-40.8142120269506,-37.7051065016662
11.91,0.961864769458771,-9.92194938659668,2.76307392120361,10.1693089995601,148.241387557203,34.7194156644947,-1.63769793510437,-11.0821371078491,-0.125820830464363,-27.5199898830457,-72.8431273849181,-53.6880770085762
11.915,-0.420902490615845,-10.5919466018677,2.68486642837524,-3.15391007213579,150.265800985681,32.8323539251307,-0.369775027036667,-9.8978271484375,-0.402225941419601,-38.2856384301714,-83.3415174600104,-65.9806382503203
11.92,-1.99188554286957,-11.511100769043,2.8868293762207,-11.3116846052278,149.332810805436,31.509216509305,0.874912917613983,-9.35707855224609,-1.21883463859558,-48.7601569941145,-80.5194267289337,-74.9817279159408
11.925,-3.63773918151855,-12.578574180603,3.25693941116333,-10.9053361609362,144.587605181461,31.5816711560205,2.47141742706299,-9.50488471984863,-2.29588413238525,-58.427644311391,-78.8030411716445,-81.4748540806026
11.93,-5.10888433456421,-13.9036340713501,3.17992830276489,-4.53546716314967,134.482504228967,33.9677533463348,4.07966709136963,-10.1530666351318,-2.95225191116333,-72.7768335688339,-86.4824824026783,-85.2215953309481
11.935,-6.38713836669922,-15.3272018432617,2.63958883285522,0.554349198734783,119.37807363424,35.805965572755,5.65566682815552,-10.9557628631592,-3.09376049041748,-88.1918396953115,-88.0499083643587,-87.1345332419827
11.94,-7.43886756896973,-16.7244338989258,1.78990232944489,3.13778292828833,97.9019439779143,36.1831320338176,7.16852569580078,-11.7880811691284,-2.69166898727417,-102.871193467044,-80.4671552912156,-87.6816450548791
11.945,-8.15224838256836,-17.7876129150391,1.05658507347107,2.05350533858762,65.3512568088712,33.350457924622,8.53863620758057,-12.4151611328125,-1.64719676971436,-112.822178031105,-59.7032982521068,-87.7682313629873
11.95,-9.1330451965332,-18.7443904876709,0.44737896323204,6.02484882205254,22.4010755812757,27.4989631456858,9.44727993011475,-12.659686088562,-0.765498161315918,-118.02781353722,-43.1986242360128,-88.3357927622587
11.955,-9.94803905487061,-18.8508586883545,-0.149134159088135,13.9050766972304,-21.1252508858306,20.6023281878799,10.1316509246826,-12.6429166793823,0.051909115165472,-120.447435371453,-31.7980003225077,-88.0817165553234
11.96,-10.3198251724243,-17.8249950408936,-0.730112791061401,23.9084932084556,-61.27654353496,13.2445086120309,10.5734033584595,-12.3879051208496,0.622782528400421,-120.706067314565,-24.9883683143494,-86.7431838931085
11.965,-9.38707637786865,-15.0945892333984,-1.17087805271149,28.8485914502074,-89.4373246904633,6.17696908769977,10.4497356414795,-11.8809700012207,-0.0018249264685437,-119.761288227812,-19.5305536863417,-84.3963172339138
11.97,-7.5713939666748,-12.0019559860229,-1.40299212932587,26.6120152706355,-106.964211647931,-0.529098576342628,9.95423793792725,-11.3638830184937,-0.768055140972137,-118.293084424205,-6.13818812736609,-80.7852781819981
11.975,-5.4869532585144,-9.09466171264648,-1.60174763202667,20.2848831933725,-116.935420402125,-6.7027118000041,9.55411434173584,-10.8423271179199,-1.26862680912018,-116.281320506069,8.38215585228045,-77.1811922626574
11.98,-3.37902045249939,-6.62598896026611,-1.84973752498627,11.323399233428,-120.377289328677,-12.1033829309814,9.39266967773438,-10.3007755279541,-1.39458191394806,-113.593620577102,20.6134818867945,-74.0770283792376
11.985,-1.58793687820435,-5.07004499435425,-2.33399271965027,3.91303757361511,-118.924398809189,-15.4105272299294,9.30768775939941,-9.60050487518311,-1.46069467067719,-109.362379857981,21.6558916975435,-71.9190847524854
11.99,0.128898039460182,-4.15917873382568,-2.91135501861572,-5.38312821698092,-116.036075733731,-19.0926975794089,8.4883451461792,-8.99300670623779,-2.01753926277161,-105.617612532306,24.901261204317,-68.3073217005177
11.995,1.90306639671326,-3.73566174507141,-3.36908912658691,-16.4156817738505,-113.358559616816,-23.0428947972034,7.11422300338745,-8.70798587799072,-3.09467363357544,-102.400620753987,31.0529257218023,-63.2765253767773
12.0,3.79242897033691,-3.75667858123779,-3.55366921424866,-29.0253567459273,-111.761299388841,-27.1943776898383,5.27086400985718,-8.88108062744141,-4.68400955200195,-99.6940012010181,40.3675210703263,-56.8406601030223
12.005,5.53111457824707,-4.46263837814331,-2.84225249290466,-40.0284807252106,-111.044300280719,-31.0943678945914,3.34681177139282,-9.44912338256836,-5.83885765075684,-96.2645290678088,47.8765490815683,-50.3391840321001
12.01,6.70335721969604,-5.38626861572266,-1.68974781036377,-47.7879376223711,-107.256775970839,-33.9927962349267,1.65541565418243,-9.83028221130371,-6.94579601287842,-92.4135044892155,48.9699599148498,-44.5113217076922
12.015,7.24323415756226,-6.29718351364136,-0.420476108789444,-52.8120130399682,-99.2887797379395,-35.4968414562039,0.252549678087234,-9.98320579528809,-8.0157413482666,-88.0035177195159,46.0557231016804,-39.2786249920862
12.02,7.0595588684082,-7.01123571395874,0.71457850933075,-55.3377896742823,-86.0009199152465,-35.2084742845406,-0.799649655818939,-9.86100959777832,-9.05511665344238,-82.890984521978,40.8050254225169,-34.6150981853011
12.025,6.02751111984253,-7.37673473358154,1.2624751329422,-55.8849117324624,-64.755097407545,-32.2910375277451,-1.22370183467865,-9.78960609436035,-9.19590091705322,-77.5399957601366,34.4216808883847,-31.7964123035257
12.03,4.84242582321167,-7.64305973052979,1.39478182792664,-57.0638604398145,-39.7776864241715,-27.8750897104474,-1.33720791339874,-9.75597381591797,-9.00294589996338,-72.0993061239253,24.6362720626353,-30.9360782605763
12.035,3.56142020225525,-7.87137508392334,1.1422917842865,-59.8353462993306,-11.8936611187425,-22.151655855807,-1.18904364109039,-9.68463325500488,-8.5553617477417,-66.5721258022543,13.0377263424561,-31.6730522569261
12.04,2.24887609481812,-8.13560676574707,0.514094829559326,-65.5289168593724,18.0840493937272,-15.2601606153515,-0.820489168167114,-9.47785568237305,-7.93296051025391,-60.9558115119145,1.48291805879222,-33.6765823820172
12.045,1.28018021583557,-8.41338348388672,-0.076374314725399,-74.0845962288379,47.0935122894559,-8.03352336024913,-0.393632829189301,-9.13169002532959,-7.24626111984253,-57.1186453871472,-4.43829576937519,-34.9438181145809
12.05,0.153020575642586,-8.86143398284912,-0.781017601490021,-82.3631953142436,73.4896047898598,-1.25142565890415,-0.0609125383198261,-8.96045684814453,-6.55273056030273,-53.755904202129,-9.25726274063093,-35.7615488525824
12.055,-1.12596750259399,-9.46746730804443,-1.58956015110016,-89.4614011072876,96.6986080801306,4.92945296504351,0.158973202109337,-9.02742671966553,-5.8158974647522,-50.7252331541784,-13.120673867284,-35.9620593009518
12.06,-2.50731873512268,-10.2083234786987,-2.47748112678528,-93.873908216791,115.471164447857,10.2310308577686,0.234764352440834,-9.44447040557861,-4.95605230331421,-47.9292030098799,-15.7288994226166,-35.1324167130379
12.065,-3.62032175064087,-10.8029079437256,-3.31170225143433,-94.8209754169158,127.040657958402,13.90449356983,0.223863065242767,-9.95428657531738,-4.16788148880005,-46.2221372457132,-14.8888168905563,-33.5877830926179
12.07,-4.51166343688965,-11.2069292068481,-4.05858707427979,-94.1500595951238,132.154229344694,16.0836389575395,0.165155604481697,-10.4136743545532,-3.50444912910461,-44.9770518166278,-12.249075134846,-32.2296136365392
12.075,-5.1941123008728,-11.39905834198,-4.6628155708313,-91.8390309385041,130.247732302046,16.7471525618185,0.0998843908309937,-10.7816276550293,-2.9667797088623,-43.9881360474584,-8.59012230590264,-31.3105570422006
12.08,-5.66884660720825,-11.3140964508057,-4.96271705627441,-87.0025944777856,118.770323401892,15.646607595949,0.133290126919746,-10.9826164245605,-2.54999446868896,-42.9079552905992,-5.49019783552322,-31.2776970021037
12.085,-5.98433542251587,-11.045823097229,-4.86059808731079,-81.605399486209,105.941554744261,13.9959609018739,0.295768678188324,-10.9420080184937,-2.1886191368103,-42.0483896439314,-3.16581850695371,-31.8437762503251
12.09,-6.17093515396118,-10.6956367492676,-4.53730773925781,-74.0506638490413,88.8734857442896,11.2618233705131,0.573033571243286,-10.7693605422974,-1.84141206741333,-41.2776950036493,-1.2542877216098,-32.4977395425972
12.095,-6.22429370880127,-10.2954769134521,-4.05045509338379,-64.218688501078,67.1506838060894,7.3370003054851,0.956730127334595,-10.4923667907715,-1.54805636405945,-40.5454577434889,0.452050840853711,-33.1153423228227
12.1,-6.09374856948853,-9.89299297332764,-3.48802995681763,-53.1475665735126,41.7223949601305,2.25463029053899,1.42215657234192,-10.1307020187378,-1.53498351573944,-39.7481595163896,2.55956622046832,-33.6278694728567
12.105,-5.82159519195557,-9.56332397460938,-2.95018243789673,-44.1994211192435,18.6578194349541,-3.04757085694786,1.70846092700958,-9.81191349029541,-1.71844100952148,-38.9383039865011,5.98222203832931,-33.7977465227986
12.11,-5.45109987258911,-9.29154109954834,-2.46748042106628,-37.013676206702,-1.81522245000409,-8.39323356534056,1.84085500240326,-9.57539463043213,-1.94892430305481,-38.1120457573209,9.99758779854226,-33.6769921933674
12.115,-4.9988865852356,-9.08090972900391,-2.05398082733154,-31.6243461779547,-19.3939635633198,-13.693606356564,1.82154810428619,-9.43676471710205,-2.19590592384338,-37.268001715542,14.0184194176385,-33.34031167861
12.12,-4.50355195999146,-8.98411560058594,-1.72429609298706,-28.8545268845961,-32.9306540076655,-18.712833193624,1.63735663890839,-9.39206504821777,-2.61454844474792,-36.4098396727487,15.1852778363861,-33.315022903208
12.125,-4.02638292312622,-8.96444511413574,-1.46169853210449,-28.5001220289425,-43.3805292490832,-22.8967475319854,1.32524967193604,-9.40137958526611,-3.11997556686401,-35.7284975671887,14.7507172957278,-33.3454582261496
12.13,-3.57087731361389,-8.95028877258301,-1.30562329292297,-30.228050605929,-51.3412547456111,-25.828802601152,0.981151640415192,-9.45386409759521,-3.65204453468323,-34.9677169464868,12.8921007329359,-33.3803741531867
12.135,-3.146404504776,-8.90438461303711,-1.28128206729889,-34.0077577643036,-56.9259930714178,-27.1657216311755,0.66496330499649,-9.54068470001221,-4.17621803283691,-33.9750206676117,9.53649368050575,-33.3957147580625
12.14,-2.86672282218933,-8.83082962036133,-1.36132597923279,-40.3710420328435,-58.9829045399672,-25.937634835387,0.57560533285141,-9.56269836425781,-4.61553382873535,-32.5197737328596,3.11012301002731,-33.4408827990438
12.145,-2.4946436882019,-8.70651340484619,-1.44578969478607,-47.0910978175843,-59.4457454788839,-23.5469183617208,0.712619543075562,-9.49522686004639,-4.93706703186035,-30.7703505505551,-4.08806757439903,-33.1147480963649
12.15,-2.00325608253479,-8.57654857635498,-1.51551783084869,-54.1456928527779,-58.9052043079691,-20.4841249341036,1.00869953632355,-9.37997150421143,-5.14151859283447,-29.0049208199307,-11.0078905975503,-32.2727394509586
12.155,-1.36383581161499,-8.47649765014648,-1.55436217784882,-61.5376138556054,-57.769985886778,-17.0985435965009,1.42001366615295,-9.2471981048584,-5.22227907180786,-27.4439015756918,-16.7964409144166,-30.7682024560611
12.16,-0.687003493309021,-8.61767482757568,-1.48987197875977,-69.3651609086017,-55.442575021434,-13.4006954015553,1.88651728630066,-9.25264358520508,-5.02588796615601,-25.8688719059179,-19.6117014563233,-28.5765433080185
12.165,0.0998440459370613,-8.80360507965088,-1.34097850322723,-76.389573337853,-50.0969138071452,-9.99405061432584,2.39111995697021,-9.36463356018066,-4.78214120864868,-24.4318325479457,-20.9082165023116,-26.2828240583029
12.17,0.855746746063232,-9.03168678283691,-1.1332768201828,-82.4784206055417,-42.2368311480375,-6.92681500242727,2.89378309249878,-9.58317470550537,-4.47406196594238,-23.1698184950025,-20.2609450878789,-23.8811178102622
12.175,1.40122056007385,-9.30189418792725,-0.894401252269745,-87.3933632605804,-32.301941924755,-4.28566281265338,3.34405279159546,-9.91646766662598,-4.07537078857422,-22.1428227136629,-16.9863355412686,-21.3556707325756
12.18,1.56497943401337,-9.55697154998779,-0.771004021167755,-90.4015903069182,-21.9232577450564,-2.9413381500223,3.7615430355072,-10.201639175415,-3.868727684021,-21.1904040603234,-10.6060543469792,-19.020649328949
12.185,1.81735706329346,-9.78581428527832,-0.693542540073395,-92.1312810727106,-12.5100976441672,-2.1575861090378,4.0471715927124,-10.3987884521484,-3.75411796569824,-20.0828052165885,-2.30670471998822,-16.542362999934
12.19,2.02652740478516,-9.96260833740234,-0.667256116867065,-92.6901544713577,-3.28013645030927,-1.7182317360775,4.17302751541138,-10.5104932785034,-3.67954969406128,-18.789604519895,6.76019851404034,-13.9142863535525
12.195,1.88865768909454,-10.0341291427612,-0.714779019355774,-92.0929363907102,7.37798997824164,-1.3274328577617,4.07983779907227,-10.536847114563,-3.56125378608704,-17.2578150702091,14.6185428900043,-11.143404965778
12.2,1.72115242481232,-9.98713970184326,-0.86513751745224,-90.2355893893302,17.9466601385724,-1.79756726477325,3.6296501159668,-10.4549398422241,-3.44977927207947,-15.8003483239768,19.9833730301987,-8.67837091130015
12.205,1.66575860977173,-9.87371635437012,-0.986698269844055,-88.035298589724,28.7844798795631,-2.30807822834163,3.02608704566956,-10.2971382141113,-3.35559821128845,-14.7756594390294,23.3537367063307,-6.90947357901144
12.21,1.63086926937103,-9.69684982299805,-1.06816756725311,-85.5636921857173,39.9008108292448,-2.784003675274,2.36228632926941,-10.0937814712524,-3.27525424957275,-14.0821570354258,24.8551676727031,-5.75102056181121
12.215,1.30031061172485,-9.4405345916748,-1.12091255187988,-82.6709636382444,51.2178298122143,-3.3025115097,1.82967162132263,-9.91722106933594,-3.19614195823669,-13.3240598252941,24.5014851095542,-4.86729013274676
12.22,0.972340106964111,-9.2492618560791,-1.23815715312958,-80.6882416844597,58.4898536743515,-4.29506841002731,1.56288802623749,-9.78298950195313,-3.27225995063782,-12.9166629469649,21.7523151856039,-4.26575024990186
12.225,0.633925557136536,-9.10138130187988,-1.38751971721649,-79.0878737204124,63.5225351303028,-5.46550371346586,1.34422242641449,-9.71020889282227,-3.31520748138428,-12.6260640109903,19.9644209627992,-3.58137724789763
12.23,0.27508333325386,-8.99237728118896,-1.56580770015717,-77.5884901032436,66.4740920970971,-6.78319063833389,1.14252257347107,-9.69746971130371,-3.28591537475586,-12.3626902090473,19.3836346097474,-2.87457326432884
12.235,-0.13774448633194,-8.92283248901367,-1.79050350189209,-75.4047010406722,66.2772597055957,-8.40137429705757,1.03012371063232,-9.7190580368042,-3.1904628276825,-11.9424372071528,17.8003916374966,-2.79223319945022
12.24,-0.4448322057724,-8.88499069213867,-1.96842801570892,-72.7559673409195,65.2136626480413,-10.4060015212841,0.885990083217621,-9.69956111907959,-3.08217287063599,-11.638463053236,15.6112050179335,-3.53774151716794
12.245,-0.684548318386078,-8.83397579193115,-2.11932873725891,-70.1200197552932,64.0234612040315,-12.4188582696869,0.726296186447144,-9.64571285247803,-3.04299235343933,-11.1806030297715,12.9010277901811,-4.71643046388822
12.25,-0.873922407627106,-8.75189876556396,-2.24331760406494,-67.6195694624216,62.9840293557606,-14.3077863582416,0.568785548210144,-9.55967426300049,-3.09881591796875,-10.5254538459048,9.74652114370999,-6.14293126685784
12.255,-1.06052100658417,-8.62235832214355,-2.29373955726624,-64.9193771174621,62.3104975715165,-16.053565634624,0.514816880226135,-9.4487943649292,-3.21416521072388,-10.1072106271737,6.65758815525241,-7.31133757722607
12.26,-1.16233694553375,-8.51132488250732,-2.31941533088684,-62.3959364078442,62.6105068006202,-17.3029899413796,0.535909354686737,-9.30205726623535,-3.21338820457458,-10.1219604206863,4.15184147756626,-8.02760158623873
12.265,-1.21997928619385,-8.42175769805908,-2.33702683448792,-60.0790952602409,63.7141834082242,-18.0067811711942,0.566537082195282,-9.17242431640625,-3.16557860374451,-10.391006694735,2.92923633547351,-8.3936348389543
12.27,-1.25633573532104,-8.35563182830811,-2.35611844062805,-58.0428792648767,65.5450156152461,-18.1083870652873,0.571685612201691,-9.089599609375,-3.10219097137451,-10.8075227293798,3.39404308821075,-8.45401114989628
12.275,-1.34176933765411,-8.29888153076172,-2.39806413650513,-57.1297478596431,67.5362411545474,-17.6037060950623,0.534057855606079,-9.0680103302002,-2.98005485534668,-10.8919609429941,4.89040946931361,-8.39313538137124
12.28,-1.44350290298462,-8.3149938583374,-2.41798949241638,-56.9231551278177,68.760463770813,-16.9986776930988,0.463830888271332,-9.08236598968506,-2.87605237960815,-10.9255364454065,6.08161836622592,-8.44634853142117
12.285,-1.55670297145844,-8.38257694244385,-2.4174120426178,-57.0138771154684,69.3040580362868,-16.2221142127724,0.367810845375061,-9.13409519195557,-2.82602286338806,-10.9338803752514,7.45820371985427,-8.5759539322431
12.29,-1.67822504043579,-8.48775291442871,-2.39628481864929,-57.0944084608774,69.1941124812171,-15.2068526964269,0.249835759401321,-9.22662258148193,-2.86179566383362,-10.9358500310533,9.42193860151994,-8.75662353484734
12.295,-1.83829748630524,-8.61960411071777,-2.38070869445801,-57.4026992943497,67.8313189870703,-14.1640817394255,0.144197896122932,-9.4048900604248,-2.86596417427063,-10.8906836976193,11.5978140361643,-9.05510877799242
12.3,-2.0171160697937,-8.72269153594971,-2.34428453445435,-57.7569607160308,65.3746160558326,-13.1634385354511,0.0991011783480644,-9.55750370025635,-2.88115334510803,-10.9412433191766,12.3875469749842,-9.58590070764068
12.305,-2.20371532440186,-8.78785133361816,-2.2872428894043,-58.0552692280311,61.765106966291,-12.2426223136276,0.0499688200652599,-9.69000816345215,-2.88553237915039,-10.9962280495425,12.6411237243365,-10.2624061854947
12.31,-2.38491725921631,-8.80065441131592,-2.20828676223755,-58.1652625944249,56.8401171029833,-11.4551373608183,-0.0846445634961128,-9.80782604217529,-2.85084199905396,-10.9412638097441,13.3852318532744,-10.9870397375616
12.315,-2.50195717811584,-8.78679084777832,-2.12127137184143,-58.3386469465057,50.4617688522289,-11.0519436101496,-0.143255233764648,-9.87129974365234,-2.88147306442261,-10.0953431734908,11.8482284079309,-12.3384370610782
12.32,-2.57139015197754,-8.7922477722168,-2.05252051353455,-58.6956336136656,43.6628756089932,-10.9046292363571,-0.178511649370193,-9.89378929138184,-2.97892761230469,-9.42331829973228,10.5218722654588,-13.7900400899081
12.325,-2.59364128112793,-8.81934642791748,-2.00228214263916,-59.3917323429275,36.7956121721656,-11.0047495643058,-0.203952118754387,-9.89467811584473,-3.10541987419128,-9.00055093444965,9.47599186483777,-15.2363727740197
12.33,-2.56280565261841,-8.86992645263672,-1.97020483016968,-60.7446425533452,30.4113319021171,-11.3758636239902,-0.238652914762497,-9.90701007843018,-3.19225335121155,-8.89450370984874,8.61012622243432,-16.5324609331848
12.335,-2.48158764839172,-8.87818622589111,-2.04761552810669,-63.2074311831334,25.4002423816795,-11.9131314267453,-0.231164455413818,-9.9275369644165,-3.25076127052307,-9.0411512864235,6.20317225467688,-17.7472442280174
12.34,-2.40502667427063,-8.86104202270508,-2.15527391433716,-66.5215141005045,21.785865074807,-12.3727681531676,-0.222119957208633,-10.0041780471802,-3.15492391586304,-9.19648344852793,4.1539059022429,-18.8385308724671
12.345,-2.32529544830322,-8.82643795013428,-2.27683043479919,-70.4135881160095,19.3772210621168,-12.7553390014111,-0.200313940644264,-10.1158170700073,-2.95130372047424,-9.37009746571954,2.60110977887787,-19.9115433457923
12.35,-2.19932007789612,-8.78973484039307,-2.39480090141296,-74.2351814094692,17.7197971128377,-13.1441372746303,-0.117212817072868,-10.1867780685425,-2.81138181686401,-9.68031355876412,1.30318408538257,-21.2860676898386
12.355,-1.98761558532715,-8.80715560913086,-2.40793585777283,-76.8767775615391,15.8137423249392,-13.63643511189,0.0441516563296318,-10.1858921051025,-2.79694247245789,-10.0356652493914,1.09147788974638,-22.5739579144524
12.36,-1.7308623790741,-8.84963417053223,-2.3448851108551,-78.8868475927605,14.2632671852315,-13.9712996501019,0.192895159125328,-10.1302347183228,-2.70968294143677,-10.4048531957299,1.53213512129086,-23.4872190932803
12.365,-1.43745696544647,-8.91575908660889,-2.21975231170654,-80.4612403473943,13.4506633579758,-14.0379776643268,0.281693190336227,-10.0130529403687,-2.51289987564087,-10.9259787001553,2.76299998980257,-24.0561260398181
12.37,-1.10590350627899,-9.02801036834717,-2.06970238685608,-81.9654802290629,14.5557512534171,-13.5805402588172,0.18058255314827,-9.78576755523682,-2.23361277580261,-12.2748129951859,5.86120175840727,-24.7099510207595
12.375,-0.73006546497345,-9.23981094360352,-1.9213787317276,-82.3169685939409,16.9210303950668,-12.9706129036715,-0.137289777398109,-9.63183307647705,-1.95556592941284,-13.6962300029789,9.75956680502472,-26.0455142582327
12.38,-0.327467620372772,-9.51488494873047,-1.77355635166168,-81.8940706012904,19.2666983560622,-12.4356434595722,-0.520838916301727,-9.56446075439453,-1.68920433521271,-15.195779252235,13.2263223795921,-27.985414341016
12.385,0.0962017178535461,-9.8341007232666,-1.62800848484039,-80.6757082873327,21.201125749773,-12.0544036444432,-0.919702649116516,-9.58685874938965,-1.43175232410431,-16.8316761527974,15.9710484117137,-30.4709799441389
12.39,0.536939024925232,-10.1283559799194,-1.50216245651245,-77.6462803338111,23.1155919156345,-11.8128514431248,-1.33004701137543,-9.66673374176025,-1.12936282157898,-19.0348561224226,19.1656559525756,-33.0946161137863
12.395,0.952826797962189,-10.3520669937134,-1.36476302146912,-73.3440056473226,25.4086810803991,-11.5168353133647,-1.70087325572968,-9.78188228607178,-0.950193583965302,-21.1057284976355,22.7774429102055,-35.7137887548111
12.4,1.30486357212067,-10.5198745727539,-1.23053598403931,-68.5725584365568,28.3548831788841,-11.2544681105506,-1.98531472682953,-9.91064548492432,-0.824044764041901,-23.0208947578868,25.4022743629576,-38.350323736706
12.405,1.56357908248901,-10.6353816986084,-1.10678386688232,-63.7555606942161,32.2134807297196,-11.0701067907,-2.15154838562012,-10.0374307632446,-0.71308559179306,-24.7670889682612,26.1979452974872,-41.0166110226256
12.41,1.63287675380707,-10.6802787780762,-0.981878638267517,-59.3526978118208,38.3907208905521,-10.8914409948435,-2.15837168693542,-10.0737066268921,-0.550242006778717,-26.4834096387533,24.3309574840938,-43.7108747633855
12.415,1.55730903148651,-10.6948318481445,-0.895378470420837,-54.6683184374997,46.0430633460538,-10.9683036748946,-2.10958409309387,-10.0399150848389,-0.602332353591919,-28.3852177565354,23.8442672321427,-46.4779585659815
12.42,1.33713352680206,-10.7095413208008,-0.858478128910065,-49.5525955416194,54.9750758935033,-11.3966034934049,-1.96255838871002,-9.96534538269043,-0.802074253559113,-30.2305675306382,23.543072965218,-49.4061357952468
12.425,0.963701605796814,-10.7486896514893,-0.883124589920044,-43.859885585413,65.1095432443336,-12.2741914479714,-1.67735242843628,-9.87081241607666,-1.10495638847351,-31.8234359469769,22.487767757316,-52.5755177399566
12.43,0.343070328235626,-10.7709169387817,-0.988428771495819,-36.6456314632759,75.4332239106461,-13.7860973632097,-1.38661277294159,-9.81204032897949,-1.22949004173279,-33.4865665193074,20.1076688127146,-56.1828104331125
12.435,-0.381038457155228,-10.7651700973511,-1.17220568656921,-28.8400400533665,84.6557209884017,-15.3160622986135,-1.14691567420959,-9.80518245697021,-1.33139741420746,-35.2723570438477,18.475209204852,-59.8246980344146
12.44,-1.09642219543457,-10.7417211532593,-1.39261722564697,-20.7265949420918,92.7891239124312,-16.7037893983254,-0.964442193508148,-9.86365509033203,-1.41789770126343,-36.8415588547123,17.4775849444907,-63.1795845018873
12.445,-1.66143715381622,-10.7121105194092,-1.59991586208344,-12.6377982759843,99.7648439230894,-17.7369391801072,-0.85135954618454,-10.0093393325806,-1.49687647819519,-37.7512649200771,17.0219020438242,-65.8213377483081
12.45,-2.30386805534363,-10.6639070510864,-1.91039288043976,-5.61746261589395,104.838076212143,-18.1134499430095,-0.777290403842926,-10.2261114120483,-1.61843383312225,-38.5744871301712,15.9286636728192,-69.1448121757879
12.455,-2.9811806678772,-10.6219263076782,-2.25217247009277,0.486431024927793,107.872053071652,-18.2161093937821,-0.756504714488983,-10.4450645446777,-1.69020068645477,-39.3839396788986,15.0511431663708,-72.7414600191224
12.46,-3.64900183677673,-10.5843677520752,-2.58229446411133,5.79586971833563,108.569627121775,-18.1101441314513,-0.785072684288025,-10.6261377334595,-1.71554005146027,-40.1705145090011,14.3394938039161,-76.3799632616908
12.465,-4.22673511505127,-10.5456686019897,-2.8256995677948,10.4423577644624,106.136249286552,-17.8568892547636,-0.859241247177124,-10.6966934204102,-1.70565962791443,-40.9068908637985,13.6269069979979,-79.6694438376714
12.47,-4.60521221160889,-10.4732522964478,-2.96624279022217,13.8308829135975,100.673108818539,-17.0701197642699,-1.06491446495056,-10.6901540756226,-1.75460588932037,-41.6980624112123,13.0994251487761,-82.6442439382113
12.475,-4.84126567840576,-10.3933439254761,-3.03251481056213,15.9564830333087,93.689308694093,-16.0683512866297,-1.35647571086884,-10.6869087219238,-1.79842054843903,-42.4392164833341,13.3537054076129,-85.3541010008463
12.48,-4.93643712997437,-10.3187551498413,-3.03456354141235,16.8943926573038,86.1054969416286,-15.0039448516587,-1.69794952869415,-10.6852369308472,-1.87025117874146,-43.1101118145586,14.2121662711824,-87.9412673754204
12.485,-4.86173915863037,-10.2777109146118,-2.98538327217102,16.7573158833035,79.9966030687259,-14.1985938315279,-2.00580596923828,-10.6510372161865,-2.09233236312866,-43.6835642519892,14.9961652661941,-90.790351014097
12.49,-4.70124435424805,-10.2691841125488,-2.95033168792725,15.0767478380219,72.408515617841,-13.3401355292793,-2.2044849395752,-10.6191482543945,-2.16448044776917,-43.9550506111188,14.7336742662013,-93.8667501785408
12.495,-4.49862909317017,-10.2528438568115,-2.90438103675842,12.0015157821525,64.0505702248473,-12.5712884551677,-2.29161667823792,-10.584755897522,-2.19591736793518,-44.3222210903312,14.293915097811,-97.0126874989245
12.5,-4.25980424880981,-10.2296953201294,-2.81604409217834,7.7060431103037,55.2863207837916,-12.0068552825362,-2.28420329093933,-10.5504531860352,-2.20283579826355,-44.8319615231838,14.2392957825657,-100.170680103193
12.505,-3.96867775917053,-10.24476146698,-2.56341028213501,2.85547883017384,47.1030950448615,-12.039860464153,-2.26395988464355,-10.5331583023071,-2.15157985687256,-45.3054404817329,16.3251510314966,-103.230311153225
12.51,-3.74026608467102,-10.439133644104,-2.27832722663879,-1.00282288809326,39.4947799887496,-12.6055094104567,-2.22219443321228,-10.5500402450562,-2.21953701972961,-45.6530663746353,19.968710321598,-106.179921516105
12.515,-3.66065359115601,-10.7603254318237,-2.13674068450928,-3.27028262177106,33.0450016196553,-13.3831110795371,-2.09561967849731,-10.635669708252,-2.44868016242981,-46.2341378880849,23.2250491121785,-109.273321021393
12.52,-3.76388096809387,-11.1747312545776,-2.19308018684387,-3.64708964412867,28.1028509060579,-14.1995167608395,-1.87828183174133,-10.8195657730103,-2.81091713905334,-47.102753535403,25.3864949184276,-112.47741740256
12.525,-4.04834842681885,-11.5261173248291,-2.36305403709412,-1.77856215668599,25.566374780409,-14.4984442587334,-1.71778964996338,-11.2256202697754,-2.92578530311584,-47.6452822913663,26.2370549606747,-114.79362334257
12.53,-4.25753259658813,-11.8702383041382,-2.39246225357056,0.62972727313675,23.8554755725707,-14.0213077338838,-1.71783316135406,-11.7603569030762,-2.82397651672363,-48.8214784324829,28.4589052523961,-117.553197352174
12.535,-4.35649681091309,-12.2856760025024,-2.37271428108215,3.11278422248268,22.6467147970387,-12.8691453209091,-1.84172081947327,-12.3417806625366,-2.58672142028809,-50.3491970894234,32.2250783909303,-120.842602796074
12.54,-4.32383489608765,-12.8065643310547,-2.35497403144836,5.56121430053161,21.8343201443263,-11.0310227407219,-2.07105183601379,-12.9271669387817,-2.23670816421509,-52.0780238362857,37.5807970587719,-124.740892283723
12.545,-4.21635150909424,-13.2294206619263,-2.44097018241882,10.3485971964047,22.0849351528997,-8.02526139267436,-2.29933404922485,-13.4797277450562,-1.54608690738678,-53.6294125137949,42.1518943306138,-129.319905744813
12.55,-4.00198173522949,-13.6113348007202,-2.63854670524597,18.4647863361785,22.3775609475106,-4.27705421297823,-2.43890833854675,-13.9638910293579,-0.702578723430634,-55.3963961124556,46.0635436682801,-133.943356416643
12.555,-3.65868282318115,-13.9551773071289,-2.87737131118774,28.7179299313851,22.3947781468609,0.0128242971515605,-2.48428201675415,-14.3764228820801,0.0902732908725739,-57.4914849233707,48.5334186193322,-138.613921733368
12.56,-3.16101908683777,-14.2609052658081,-3.10399007797241,40.2902477251514,21.867079439133,4.71773844511428,-2.42531585693359,-14.7103643417358,0.667364001274109,-60.024303482719,48.8505955289146,-143.33660139346
12.565,-2.64172601699829,-14.5095100402832,-3.11155128479004,51.2526057203735,21.0972061290986,9.15426604926808,-2.44924378395081,-15.0417346954346,1.06660723686218,-62.4420333545526,50.5836365024949,-147.78682480756
12.57,-2.21772503852844,-14.7683172225952,-3.07538962364197,62.0549528739097,19.8606635591176,12.9209070557604,-2.54019904136658,-15.4430437088013,1.63521480560303,-64.765062653544,53.7466356354253,-152.21886625809
12.575,-1.87707006931305,-15.0072078704834,-3.02738928794861,72.9271387117092,17.9499215539011,16.1110707047936,-2.61553764343262,-15.8752994537354,2.37356090545654,-67.2495849452712,56.2148781712657,-156.934305917662
12.58,-1.61116242408752,-15.1868057250977,-3.00670051574707,84.1633326511355,15.0523726004214,18.7977683035004,-2.57022309303284,-16.2918949127197,3.29517269134521,-70.2299243292279,55.2653999143639,-162.33378902261
12.585,-1.24579012393951,-15.1897554397583,-2.83646512031555,92.3809449774421,12.2894483830299,20.5801522711921,-2.44517183303833,-16.523983001709,4.08817386627197,-74.3649140225644,50.5532011795533,-167.343172703302
12.59,-0.808699488639832,-15.0377931594849,-2.58545851707458,102.080954240452,8.10877753075069,22.5543416111562,-2.22821688652039,-16.7403011322021,5.0809063911438,-78.6579406329167,44.5142586890353,-171.483701680056
12.595,-0.309592574834824,-14.7930402755737,-2.25121569633484,113.117208052304,2.19295773775859,24.6732421690652,-1.92053329944611,-16.8971862792969,6.01825189590454,-82.4982759654589,37.7120767097142,-174.586984469073
12.6,0.242596179246902,-14.5611476898193,-1.81306540966034,124.879627086145,-6.07864680705015,26.747476704897,-1.51607847213745,-16.8878898620605,6.37643671035767,-84.786020507198,30.8775776903351,-176.27524330736
12.605,0.680882811546326,-14.3940191268921,-1.49065339565277,136.966534747074,-14.2307537772349,27.7599071078316,-1.37013697624207,-16.8090400695801,5.76377010345459,-85.120153361395,25.0291582040727,-175.708733757221
12.61,0.968869090080261,-14.1212396621704,-1.42757403850555,149.33014703166,-19.7199804452355,28.0784927439303,-1.04095160961151,-16.6950645446777,4.5258264541626,-83.3782843683125,22.9301420343849,-173.46593186022
12.615,1.11324882507324,-13.6548233032227,-1.56786918640137,161.854063856065,-21.9728124750321,27.8366733114606,-0.487106591463089,-16.563175201416,2.69938683509827,-80.1726375342046,22.0253519976751,-170.133359620766
12.62,1.13367509841919,-12.7831735610962,-1.71502470970154,174.231691688827,-19.9514999524369,27.2378877023985,0.271664947271347,-16.449291229248,0.212289437651634,-77.195638112752,13.9852588492181,-167.107818044882
12.625,1.25823616981506,-11.6268215179443,-1.78035736083984,186.419235356988,-17.1138073617486,26.4471396267132,0.812244772911072,-16.5917491912842,-0.660780370235443,-76.9972825890657,8.90727274850208,-165.507969175212
12.63,1.4732438325882,-10.5613069534302,-1.85604918003082,197.29016443998,-14.0777182662389,26.1569197662375,1.28823804855347,-16.4889183044434,-0.942108035087585,-77.0872566710023,6.55065471360669,-165.604274842509
12.635,1.75890469551086,-9.74562549591064,-1.96512448787689,206.49872110164,-10.6582293082753,26.7271090807921,1.65119957923889,-15.9827556610107,-1.11846518516541,-77.1430729768996,6.59279441946473,-167.003056603393
12.64,2.03653645515442,-9.54622745513916,-2.12285017967224,213.557844552253,-5.37402570925141,29.1446664903491,1.5214456319809,-14.8373699188232,-2.43916773796082,-78.1501502190721,7.7689209780292,-167.596695664915
12.645,2.21133804321289,-9.64937210083008,-2.30637192726135,219.276748283926,1.02386680764777,32.606342965495,0.618315517902374,-13.6299819946289,-3.86721658706665,-79.2369494292371,4.84277786447605,-164.727196590809
12.65,2.336918592453,-9.95590209960938,-2.60316896438599,223.552064213761,7.14975237693649,36.415959522245,-0.584388792514801,-12.4957637786865,-5.26069402694702,-80.5203078233366,-8.32782255120664,-160.074922520682
12.655,2.4236102104187,-10.4309520721436,-3.03884506225586,226.267214673002,12.4890606615236,40.2786329884678,-1.87462937831879,-11.5249166488647,-6.56986093521118,-82.2066200577102,-34.2813273311301,-154.188815758127
12.66,2.41895627975464,-11.0174283981323,-3.54933857917786,227.134471112676,16.8038960658957,43.6627936467232,-2.78416395187378,-11.0490493774414,-7.79572200775146,-85.576696865897,-73.8731950438369,-147.285406960211
12.665,2.31018972396851,-11.5752563476563,-3.99381995201111,227.985580985151,20.656327663458,46.5593675906988,-3.21182441711426,-10.8916416168213,-8.38015079498291,-88.1779470905397,-107.841255748684,-138.724256609221
12.67,2.11010003089905,-12.0925168991089,-4.35112476348877,229.085897139683,23.6545075015268,49.0585406381957,-3.19025540351868,-10.9485759735107,-8.38261985778809,-88.9093852185672,-133.494175856067,-128.915749791245
12.675,1.82225358486176,-12.5568504333496,-4.59745216369629,230.548145018335,25.4453643188839,51.1892830365783,-2.71315312385559,-11.1721563339233,-7.82955121994019,-87.0878284084382,-148.8112029189,-118.200426077924
12.68,1.48067712783813,-12.89963722229,-4.59261465072632,231.630893926322,24.2504534594415,53.0137631676721,-1.8061648607254,-11.4785900115967,-7.21351671218872,-82.7452760964141,-151.301612833692,-110.0566139456
12.685,1.15839302539825,-13.1300601959229,-4.45759725570679,231.875469340122,22.1229229575161,54.4234834765114,-0.975238859653473,-11.5907411575317,-6.59765911102295,-73.682974275452,-145.358733538756,-98.747364302811
12.69,0.875067532062531,-13.2547912597656,-4.2548713684082,230.782010695516,18.3848082360923,55.9783726259703,-0.124555535614491,-11.4222030639648,-6.28090476989746,-60.683205001761,-131.231443467068,-84.2800264331051
12.695,0.64873856306076,-13.2726678848267,-4.03001356124878,227.87087478823,12.3978947115768,58.1329831204075,0.823359251022339,-10.887020111084,-6.51948881149292,-44.1275231329454,-108.616707615723,-66.467097983387
12.7,0.571636080741882,-13.1828308105469,-3.87709760665894,222.950734359233,3.11328901615102,61.1686265460738,2.55445861816406,-9.73527050018311,-8.03202819824219,-26.0104788028851,-89.0118517164957,-53.0316958293379
12.705,0.566156327724457,-13.1128435134888,-3.7640118598938,217.649660619846,-7.60104005087216,64.3818002486471,4.8949613571167,-8.36575889587402,-9.6887903213501,-16.0291750290978,-88.8400246475457,-45.5703425385027
12.71,0.600476026535034,-13.078067779541,-3.69585943222046,212.247527401499,-19.5061340525116,67.5288577200546,7.78162002563477,-7.0128026008606,-10.9567832946777,-14.4601986144759,-103.7696160599,-41.9357700698017
12.715,0.637673497200012,-13.1005115509033,-3.68250703811646,207.088139106255,-32.3933605917011,70.2986087115215,11.17698097229,-5.97207546234131,-11.1364507675171,-22.2981617059565,-129.519975645981,-39.7244997411046
12.72,0.687259674072266,-13.1268644332886,-3.67133450508118,201.873685825922,-44.1568007388227,72.0834874058076,13.9859685897827,-5.01445531845093,-11.4176273345947,-38.7006509694251,-138.825944465584,-34.5055043849737
12.725,0.719328641891479,-13.1515436172485,-3.50713443756104,195.820635579673,-53.4282258766976,73.1131862345112,15.3187465667725,-4.84097862243652,-11.4665441513062,-55.4585679093756,-132.962554912208,-26.1377371799535
12.73,0.728789389133453,-13.1681232452393,-3.1783812046051,188.942088670337,-59.5415525423717,73.5014893190156,15.2562074661255,-5.40940189361572,-10.8348255157471,-66.7464800411972,-107.397033905445,-14.6810937624233
12.735,0.706763684749603,-13.1641607284546,-2.6622531414032,181.258508344666,-61.0463115184172,73.3722689701081,13.8984174728394,-6.64398622512817,-8.63640880584717,-61.8150698000696,-51.3328297072698,0.0612400764079293
12.74,0.667516231536865,-13.0780906677246,-2.0663321018219,175.123591451026,-57.9096700854939,73.0360392478359,12.2788648605347,-7.43606281280518,-6.92961168289185,-45.6424522606651,17.2006754151601,15.0130802296736
12.745,0.638877391815186,-12.9827184677124,-1.57033789157867,170.800218310191,-53.1429732712958,72.2302066993686,10.9155406951904,-7.83061265945435,-6.11120510101318,-28.1127085765775,72.3719058038897,28.7705121427104
12.75,0.629920423030853,-12.8770866394043,-1.15122866630554,168.337976095536,-47.6607697453093,70.8182426733869,9.66574573516846,-7.8567156791687,-6.02841377258301,-10.6411837174279,108.150390110519,41.6904672408553
12.755,0.658708989620209,-12.7310018539429,-0.6836097240448,167.95462489818,-42.9635018040243,68.4433107668926,7.9363169670105,-7.54911804199219,-6.1593976020813,6.24367484956823,114.623223783157,55.2456709129463
12.76,0.75915390253067,-12.4953813552856,-0.252941936254501,168.281039638615,-39.942020775602,64.8067951093728,6.29965829849243,-7.03987550735474,-4.99831771850586,16.8564902300521,109.799662229024,66.2393931368371
12.765,0.899422287940979,-12.1959962844849,0.0504032447934151,168.379776853257,-38.0922894351467,60.4140887182733,4.94819831848145,-6.22462272644043,-3.68157482147217,24.8882394486643,100.410296799656,79.3213637371892
12.77,1.07147169113159,-11.8303117752075,0.223208755254745,168.205634350178,-37.3889370449863,55.3594003928162,3.94701480865479,-5.07001543045044,-2.72548818588257,31.5234301329678,87.829887480625,95.4629175762486
12.775,1.26960265636444,-11.3607206344604,0.340833157300949,168.485016407989,-38.2176438969839,49.5770715245101,3.40737533569336,-3.52480864524841,-3.40314388275146,38.5987957734273,71.7433576455193,114.547306230532
12.78,1.49881267547607,-10.8026418685913,0.476736098527908,169.484518970372,-38.6111686611088,43.8014635623473,3.42935395240784,-2.19279336929321,-4.24827861785889,44.4162864555806,54.5762611478663,131.091520211731
12.785,1.74351561069489,-10.2105207443237,0.584102869033813,170.485428551724,-38.2743242218113,39.0186201809513,3.97097539901733,-1.21316456794739,-4.85247611999512,49.536428483854,36.8066019465402,145.1862166207
12.79,1.98900592327118,-9.61297512054443,0.641256928443909,171.226121586076,-36.9119473692039,35.4293865079609,5.00130605697632,-0.666455805301666,-5.06399488449097,54.1562625705185,19.5817954730424,156.891248405134
12.795,2.15662693977356,-9.09775733947754,0.610660374164581,171.589555951813,-33.1570747786514,31.6807123140803,6.2584023475647,-0.726048469543457,-4.85228395462036,58.4849154475815,10.9172249589603,167.048477361373
12.8,2.20757484436035,-8.69574642181396,0.57510781288147,171.344092613421,-27.3893249491288,27.7546120036775,7.04705238342285,-1.04821968078613,-4.65952301025391,63.8304673788436,11.8668756781386,177.50346158429
12.805,2.16126394271851,-8.39346790313721,0.516066074371338,170.520043950437,-20.4707753293708,24.0874339194262,7.34314060211182,-1.50724506378174,-4.50941705703735,69.6898544413658,19.1179419585812,188.354733382851
12.81,2.0197389125824,-8.18730926513672,0.422589480876923,169.087521055054,-12.8229075015491,20.9358463250516,7.11190176010132,-2.03730630874634,-4.40127658843994,75.8365670717029,30.8037638359748,199.669897969461
12.815,1.7326226234436,-8.04048252105713,0.297210186719894,166.798833947209,-4.99336774086238,18.5156900285154,6.44923734664917,-2.5112042427063,-4.05487680435181,82.4590980003797,38.4946456338684,211.334344769847
12.82,1.39918863773346,-7.92298364639282,0.159766539931297,163.475755670701,2.08411269691892,16.8689775234022,5.8913197517395,-2.8365478515625,-3.70791101455688,89.2640427912201,38.9698765359395,222.580497125083
12.825,1.04174494743347,-7.81932830810547,0.0387398488819599,159.123682074974,8.50693230935918,15.7960453047997,5.44559907913208,-3.12323331832886,-3.38296937942505,96.3412662431339,35.2043830012277,232.78984042469
12.83,0.676576673984528,-7.7180380821228,-0.042196050286293,153.683941835058,14.3125299246202,15.1731098543797,5.12487554550171,-3.45636224746704,-3.09938073158264,103.778946098306,29.3063302378141,241.406697798551
12.835,0.416224151849747,-7.61270189285278,-0.0339597426354885,147.235765145324,19.3838941569359,14.6762801866057,5.12389898300171,-3.79869794845581,-2.89520740509033,110.371417364446,27.1889596422791,247.081273602511
12.84,0.223703965544701,-7.48796224594116,-0.0170271284878254,140.633854557751,23.7357269884947,14.1603336731184,5.40279817581177,-4.1610107421875,-2.94512891769409,115.770504318422,25.4410425166866,251.01215675288
12.845,0.0917613208293915,-7.36350774765015,-0.0045670736581087,133.958000342224,27.0031699591183,13.55880232801,5.874192237854,-4.53035259246826,-3.14324355125427,121.814962186695,23.8909584053089,254.585438519064
12.85,0.0159410759806633,-7.26409721374512,-0.0134691279381514,127.302786958369,28.6443892845915,12.7815865646178,6.44310188293457,-4.89099645614624,-3.36789464950562,130.864716950152,22.3383010201614,259.515113892142
12.855,-0.0799115523695946,-7.06889915466309,-0.053873248398304,120.411085104691,27.53951910143,11.5493717732497,6.74409341812134,-5.10732173919678,-3.2825767993927,141.480811675211,26.1728102013415,267.322047434223
12.86,-0.191773995757103,-6.80212879180908,-0.130326807498932,113.404226261606,24.1323782717122,9.84453777339426,6.87396574020386,-5.30364608764648,-3.18874216079712,151.416660540072,32.5931880211535,276.168508447224
12.865,-0.328304588794708,-6.47792911529541,-0.241670176386833,106.310227865091,18.4033504921416,7.75100453806261,6.91978073120117,-5.48634576797485,-3.23042821884155,160.525031986986,40.1532443756847,285.513928439472
12.87,-0.508928775787354,-6.11450529098511,-0.388900101184845,99.1602970494624,10.0241461353562,5.38871744615611,7.02745866775513,-5.65298366546631,-3.66308116912842,168.676289025506,46.5276823431392,294.579993694667
12.875,-0.712289392948151,-5.67010593414307,-0.574284255504608,91.5322188409871,0.318124891814497,2.68054978812358,6.98396682739258,-5.92408561706543,-3.95435619354248,173.411891403507,47.9644467859972,302.232920131343
12.88,-0.932642459869385,-5.23046827316284,-0.758794486522675,83.2184442813559,-9.48526982305159,-0.0246078275530738,6.78927278518677,-6.20262432098389,-3.93062543869019,177.952314295787,47.7793759802465,309.171818592185
12.885,-1.16343295574188,-4.82148933410645,-0.932241141796112,74.8569676805613,-18.5255067179,-2.49108076743425,6.44985198974609,-6.49099922180176,-3.67068123817444,182.80006837996,46.3574057271307,315.184761967628
12.89,-1.3886296749115,-4.49011659622192,-1.07816779613495,68.3749542336791,-24.6769202259333,-4.13844235396199,5.97139692306519,-6.83236312866211,-3.44540238380432,188.273740999673,43.5001463520176,319.316807849432
12.895,-1.53658378124237,-4.22836828231812,-1.15967750549316,60.2808931992689,-31.0210355685675,-5.78354891084657,5.35894584655762,-7.42637205123901,-3.43497920036316,193.811535435314,34.4838936664398,319.796696940517
12.9,-1.60599219799042,-4.01614952087402,-1.17670023441315,50.9437274906326,-37.5473393771226,-7.33391647507484,4.85613870620728,-8.06409454345703,-3.41873645782471,199.490359616938,19.462009322926,317.259828078991
12.905,-1.59580934047699,-3.84611392021179,-1.12722718715668,40.5438287433719,-44.0100882754508,-8.71477667334996,4.53649473190308,-8.77953720092773,-3.32135581970215,205.586166847391,-0.523096867774597,311.866574106566
12.91,-1.50245928764343,-3.7040696144104,-1.00195491313934,29.5539963122134,-49.2729607668099,-9.66969944479392,4.49946403503418,-9.94033050537109,-3.01202821731567,213.309785741976,-20.7602182558285,303.730042955896
12.915,-1.3171374797821,-3.57977175712585,-0.834573328495026,18.1690903715358,-53.1082793254067,-10.111295934071,4.84572982788086,-11.2006034851074,-3.11805605888367,219.35892912002,-33.1080545109783,297.216911167155
12.92,-1.0731006860733,-3.46852350234985,-0.635989785194397,6.46466177818259,-55.5937202775772,-10.1584088714184,5.44177675247192,-12.2540378570557,-3.49527311325073,225.06444568092,-40.023071215388,291.077527329798
12.925,-0.784592926502228,-3.36714339256287,-0.410634487867355,-5.53752293562177,-56.5865497451411,-9.82172579534006,6.23582172393799,-12.9505186080933,-4.0986647605896,230.84476647361,-42.0306618879407,284.891561602301
12.93,-0.488792657852173,-3.2598352432251,-0.171753391623497,-17.7912255236304,-55.0687792587267,-8.95853929463855,7.11832571029663,-12.9832191467285,-4.89677810668945,236.473334123321,-37.9369162919072,278.639288398341
12.935,-0.236524268984795,-3.1825065612793,0.0939004942774773,-30.0907296526659,-51.4357162618323,-7.81951218921148,7.88387203216553,-12.5689287185669,-5.28898239135742,240.141500877454,-28.7017287226738,272.728360728342
12.94,-0.0129326032474637,-3.125079870224,0.401333779096603,-42.106063761283,-46.3427993675907,-6.49821081361204,8.29769802093506,-11.9289627075195,-5.19898748397827,241.821864017061,-17.5740972250103,266.855244985588
12.945,0.185300230979919,-3.08274793624878,0.753836095333099,-53.6076583612884,-40.0572358216164,-5.02424958742094,8.1875524520874,-11.1793079376221,-4.58157634735107,241.420904592025,-6.72189524006173,260.855333611082
12.95,0.305448174476624,-3.04480147361755,1.02627754211426,-63.8819738353747,-32.6220182496402,-3.22405803590253,7.03484058380127,-10.53089427948,-3.82979464530945,239.503151397625,-6.19379269739916,254.610928785046
12.955,0.386420488357544,-3.01666760444641,1.35790026187897,-74.1747615560713,-25.1687245820255,-1.05703612724806,5.30686712265015,-10.0543441772461,-3.20436310768127,238.182547981981,-16.3201820688754,247.735223234405
12.96,0.402763456106186,-3.03125977516174,1.75152313709259,-84.6208187217429,-18.0825091860694,1.38013406378899,3.34658813476563,-9.67681312561035,-2.75884890556335,237.29601674847,-34.2005057026814,240.00230162217
12.965,0.330261141061783,-3.11738920211792,2.21318578720093,-95.3368117936026,-11.6923908118279,4.02704111482544,1.41274666786194,-9.34638786315918,-2.54690313339233,236.740394519868,-58.0008940920486,231.179855554291
12.97,0.158380523324013,-3.42544412612915,2.73001551628113,-105.044122528835,-6.24584770349794,6.41372606933404,0.155955091118813,-9.03003406524658,-2.30106353759766,234.566126741,-83.1894569585184,221.136499511894
12.975,-0.0284704640507698,-3.90249586105347,3.27184534072876,-112.748275384286,-1.07795849077969,8.553904374055,-0.609590113162994,-8.84035873413086,-2.24180912971497,231.265014352863,-106.891757001215,211.242109895295
12.98,-0.234882608056068,-4.54236078262329,3.82558226585388,-117.948733607009,3.74395282561686,10.4576753174498,-0.990481972694397,-8.78804302215576,-2.3247447013855,226.959468005762,-129.454870282813,201.698300228415
12.985,-0.468128561973572,-5.34979391098022,4.37569284439087,-119.82401668515,8.10868617697054,12.1195474274259,-1.0910564661026,-8.89707565307617,-2.50502848625183,221.726040459914,-151.227204752874,192.78538147479
12.99,-0.854969143867493,-6.31588125228882,4.93409395217896,-118.285502914226,10.7647811131011,13.075215543263,-0.717261970043182,-9.27608966827393,-2.46684646606445,215.918289627518,-172.759389771718,184.131285909574
12.995,-1.42199146747589,-7.4071831703186,5.55213594436646,-112.860659316889,12.6012781082659,14.041776103279,-0.0848890766501427,-9.62277126312256,-2.63656234741211,210.808884656619,-190.139284228057,177.217590846768
13.0,-2.18847513198853,-8.65679931640625,6.27134609222412,-103.065034235689,13.0952920305546,15.1984566863896,0.671561241149902,-9.86367511749268,-2.93407344818115,205.653430550337,-203.943738578435,171.125622182629
13.005,-3.20914673805237,-10.147629737854,7.17565155029297,-87.5704085940562,11.0211958060535,16.8293777941417,1.33302068710327,-9.88032531738281,-3.17617750167847,198.902731121885,-215.301195696385,164.04514756067
13.01,-4.49071884155273,-11.8095474243164,8.08031845092773,-66.24356638242,4.48995163629435,19.293848358013,1.94891941547394,-9.60279750823975,-3.24026989936829,189.651540419426,-227.821793048854,154.250656290872
13.015,-5.67462015151978,-13.1540927886963,8.68841171264648,-44.1001374894682,-4.89739974104229,21.8168160770309,2.64611411094666,-9.26776790618896,-3.12672924995422,178.45624565275,-235.750153694,143.63976616996
13.02,-6.56028842926025,-14.0093460083008,8.97940540313721,-23.1456379177933,-17.1550395062206,23.6121603286727,3.50648236274719,-8.90882873535156,-2.9057719707489,165.075099106373,-237.437948079423,132.509590426831
13.025,-6.66754484176636,-14.0083150863647,8.97273826599121,-7.49852744916673,-33.1673473831631,22.6086843037401,4.73691844940186,-8.53546237945557,-2.77176070213318,148.403809455666,-229.615414385278,120.987266202695
13.03,-5.90518856048584,-13.4666500091553,9.01252746582031,4.43578610174203,-54.092308094225,17.4437345269642,6.19757318496704,-7.89058208465576,-2.18389320373535,127.38416183214,-209.372304628869,109.826627815867
13.035,-4.85088920593262,-12.7159729003906,9.08572959899902,16.0356107748433,-77.5743447814725,10.3475094887794,7.41090488433838,-6.97265148162842,-1.4452211856842,103.973401583976,-180.52113478225,98.5949213107255
13.04,-3.69294810295105,-11.8298759460449,9.19394588470459,27.6727999977991,-102.154030434382,2.18707438356227,8.10394954681396,-5.80890130996704,-0.756986975669861,79.0703269644346,-144.513975742209,86.8083507279796
13.045,-2.73243808746338,-10.8201580047607,9.35769844055176,37.7043825016142,-123.37626146869,-5.22146745772366,7.48041820526123,-4.52794075012207,-0.755269944667816,54.9119376248157,-104.31447391037,72.6419236723478
13.05,-2.15013384819031,-10.1131391525269,9.51342296600342,44.2615007086098,-134.08319770971,-10.2535243782527,5.70005512237549,-3.7321662902832,-1.28815472126007,33.0810137920542,-68.5935680984437,55.6990349643897
13.055,-1.75250661373138,-9.56477069854736,9.45918464660645,47.4415514088031,-135.127205784725,-13.2119226332745,3.60065722465515,-3.48297834396362,-1.98303627967834,12.7653785257174,-38.4993345587336,37.0277873775273
13.06,-1.47717213630676,-9.14833450317383,9.05882167816162,46.412597070719,-126.786451977872,-14.0899075925864,1.56915938854218,-3.77771973609924,-2.67989921569824,-6.17807472457167,-14.8890388717043,17.0338651201555
13.065,-1.31109392642975,-9.0065450668335,7.83086585998535,35.0955029556686,-111.35782645419,-12.5190819042467,0.476862609386444,-4.28963947296143,-3.08278489112854,-23.0395019007332,-0.056830402226106,-3.4874463519975
13.07,-1.09379053115845,-9.30918788909912,6.28352069854736,18.8693862520426,-96.9925452710621,-10.3411890024762,-0.26200607419014,-4.94687843322754,-3.37331080436707,-38.6059777173396,10.2841074040351,-23.3580533858861
13.075,-0.78869640827179,-9.83815002441406,4.70407676696777,3.49290068493658,-85.4619633482192,-8.17336721463692,-0.623520612716675,-5.59897947311401,-3.58066439628601,-51.7784722298565,17.1783150833648,-40.1490472244397
13.08,-0.365563988685608,-10.4727869033813,3.27176737785339,-7.47895895719464,-77.9910682831134,-6.34641839704497,-0.55783748626709,-6.15066623687744,-3.73001456260681,-62.0923754803722,21.0380891342848,-52.6937073333545
13.085,0.284896373748779,-10.8872594833374,2.51565313339233,-5.61315959671685,-76.9666901717732,-4.94187409093601,0.227576211094856,-6.32143592834473,-4.0802960395813,-74.0193474316968,22.8083529312944,-66.1453755829119
13.09,1.07496881484985,-11.0247459411621,2.35487794876099,0.239381615224977,-77.0099320994085,-3.87098623332945,1.07626724243164,-6.43861675262451,-4.3424072265625,-87.267120874151,24.4665657674225,-79.9525073674443
13.095,1.93912756443024,-10.9361095428467,2.57973623275757,11.1793821334574,-75.9892149694635,-2.77842447793916,1.95722508430481,-6.62045097351074,-4.41701602935791,-100.46498612434,26.1337056607959,-93.0949319721402
13.1,2.8297553062439,-10.6479902267456,3.0469286441803,28.3944009458745,-72.1428144289383,-1.38004676543366,2.84774351119995,-6.96500778198242,-4.21358299255371,-112.518931292335,27.9066059108251,-104.719989071583
13.105,3.84443593025208,-9.92258834838867,3.34206128120422,50.1032419774112,-63.5662278504234,0.205174520417459,4.12095355987549,-7.72371339797974,-4.50486278533936,-121.017428318069,25.7630415398231,-113.182504660769
13.11,4.87506914138794,-9.04988288879395,3.93252348899841,67.874533593949,-53.8852543246307,2.26350121216695,4.73056793212891,-8.94628143310547,-4.62591981887817,-124.389929843411,23.865944545021,-116.42927606387
13.115,5.89024019241333,-8.11682605743408,4.64345264434814,81.5219755556865,-44.2673200297826,4.96477614210988,4.32051992416382,-10.6386947631836,-3.73838043212891,-121.321016566298,29.2508895923212,-113.170114697615
13.12,6.84928798675537,-7.22802543640137,5.26441669464111,90.494262313577,-36.1840302036935,8.57184898855192,2.36500906944275,-12.844612121582,-0.711320042610168,-109.662518860679,51.3175983854207,-101.283570635988
13.125,7.64857864379883,-6.75857305526733,5.07540798187256,92.1108929580381,-25.002913202187,13.8419000087287,-0.208296611905098,-14.7033786773682,2.10945606231689,-85.2431718985361,73.8920531961353,-81.5371044246981
13.13,8.36713409423828,-6.5540452003479,4.76894807815552,89.3142037004847,-11.1422848147541,19.158045414293,-2.73925256729126,-16.1524925231934,3.95408034324646,-59.8684317356702,86.2131202323805,-59.7806091633221
13.135,8.97648525238037,-6.53772640228271,4.4387788772583,81.9858341927896,5.1101972728418,23.7123711566279,-4.91904401779175,-17.1221923828125,4.9625825881958,-36.8665231961287,87.1499079978044,-37.9700734452331
13.14,9.40287590026855,-6.60033082962036,4.18712186813354,69.1148208151424,23.5053003115606,26.0641009105116,-6.1950740814209,-17.4364051818848,5.39330863952637,-21.550635067339,74.4940797299585,-19.1901575486758
13.145,9.30594921112061,-6.79068994522095,3.57711338996887,48.1544728939907,48.217136464531,24.8671529471492,-6.52246713638306,-16.2966442108154,5.34572649002075,-17.3177260745139,52.8451667781995,-9.24482496615234
13.15,8.99728107452393,-7.04954051971436,2.92482471466064,24.7966295364215,75.742242159265,20.7344342917117,-6.04511022567749,-14.4761056900024,5.00301837921143,-18.3030235509705,29.447759549863,-5.54809948355154
13.155,8.47575759887695,-7.43556690216064,2.28638768196106,1.79688531307331,104.268069605149,13.840045612369,-4.78213357925415,-12.360146522522,3.99852228164673,-23.3830348027755,6.11647751731555,-7.01346833176676
13.16,7.60549211502075,-8.15259647369385,1.71141827106476,-14.8656898700266,129.886715823276,4.21651696570394,-2.66544461250305,-10.7617769241333,1.1388087272644,-31.7943017750722,-14.4981403153153,-11.889808038277
13.165,6.37277412414551,-9.23932933807373,1.64124953746796,-22.6951425458014,152.220218635545,-4.82410498105888,-0.220882773399353,-10.5799589157104,-0.699554443359375,-46.2305315482032,-39.5686143336774,-21.8374398332297
13.17,4.9171986579895,-10.914981842041,2.0470871925354,-23.7952503795641,170.306436614334,-12.9094818568263,2.2640962600708,-11.2660036087036,-1.80433893203735,-62.7185740536681,-57.3907328029238,-33.3083873744293
13.175,3.17819929122925,-13.3605508804321,2.89201784133911,-17.603704387515,181.913263938882,-19.9504173674534,4.65289402008057,-12.6172704696655,-2.23270487785339,-79.1426928186909,-63.1802606906151,-45.0330730282003
13.18,0.733534634113312,-17.2014636993408,4.03257322311401,0.607408349363264,177.586434722327,-25.9029904083694,6.59550714492798,-14.2367925643921,-1.96362948417664,-89.6026972306477,-46.3149185353987,-54.6347378124454
13.185,-2.46071743965149,-21.2844638824463,4.60717821121216,25.9702131301806,154.646178885329,-28.000819832689,7.95089626312256,-15.1185331344604,-0.811781823635101,-95.8385438296534,-19.8373555385749,-60.3332670898245
13.19,-6.03288793563843,-24.2431659698486,4.36924314498901,47.8255343986575,127.205975857073,-26.9127843582843,9.12537002563477,-15.2821407318115,0.452899307012558,-100.08866319164,6.93400249586824,-62.833751533642
13.195,-9.73818397521973,-25.3397674560547,3.22609305381775,61.5830960852885,99.2583580753763,-22.2090875014431,10.2757968902588,-14.7299737930298,1.40427553653717,-103.038321365845,30.0923654829721,-62.5503055132757
13.2,-12.5458784103394,-22.7104835510254,1.31758260726929,60.7103686640901,65.0564521839151,-9.40841909583155,11.5849876403809,-13.6063947677612,0.722363770008087,-104.510356905577,43.9356084776464,-61.656315713191
13.205,-13.4188661575317,-18.7765274047852,-0.627155303955078,43.977235065543,37.0145607161995,5.18350996207178,12.3359851837158,-12.443265914917,-0.99011492729187,-104.851026250809,55.326690616881,-60.8738014305502
13.21,-12.6331186294556,-14.8802795410156,-2.19780945777893,18.0092502845791,17.7876447969581,16.1059070817811,12.3110370635986,-11.3582668304443,-3.04265475273132,-104.342170327454,67.1987683378463,-59.2194613116814
13.215,-10.2913990020752,-11.7449264526367,-3.15370440483093,-13.1832076642301,8.79252642421951,20.0122459473677,11.385778427124,-10.4311056137085,-5.06006574630737,-103.097737181435,81.0733414102434,-56.1403744677992
13.22,-7.2804536819458,-9.59755516052246,-3.43473076820374,-31.1211627267053,1.49494804963302,12.2121306416254,10.1662511825562,-9.9004077911377,-6.50866937637329,-101.340711998584,95.9916356897101,-51.8969657666725
13.225,-4.6961612701416,-7.56333255767822,-3.75754761695862,-36.3077010239003,-8.36323195941128,1.43836825665252,8.28119564056396,-9.58406162261963,-7.55110216140747,-98.9212062775661,109.744658715638,-48.4426454052627
13.23,-2.41687536239624,-5.7423734664917,-3.91298413276672,-33.4961151237671,-20.2135674807011,-9.95281676230647,5.97452783584595,-9.41866779327393,-7.96566152572632,-96.489071536773,119.428931222799,-45.9588163777363
13.235,-0.364448666572571,-4.2274169921875,-3.72430944442749,-25.9799495648425,-33.7255924044066,-20.1238631912367,3.41457176208496,-9.36300468444824,-7.53744888305664,-94.5607520397275,122.484389027248,-44.6492676232643
13.24,1.4406965970993,-3.56676578521729,-2.4291570186615,-19.8107399989267,-50.5687091240638,-27.4246062912865,1.53200721740723,-9.45400428771973,-6.92055940628052,-92.5032395145312,113.991615700038,-43.5312988448221
13.245,2.72693943977356,-3.33004999160767,-0.91855800151825,-17.533266354152,-66.6728506019444,-32.668794800171,-0.176018089056015,-9.60655307769775,-6.46291875839233,-89.5003536761242,101.597684205727,-42.1638232559992
13.25,3.47074484825134,-3.38074946403503,0.459438800811768,-19.9563630471259,-79.2804918851959,-35.4322551874123,-1.73550796508789,-9.80761814117432,-6.31510925292969,-85.9106043238515,84.8808030423103,-40.7968599313641
13.255,3.60081768035889,-3.56944823265076,1.25734114646912,-28.4578431579801,-84.6580705734762,-34.9912332877992,-3.16770839691162,-10.0445575714111,-6.69015789031982,-82.1392675623047,62.9784832421546,-39.7445839123591
13.26,2.97409009933472,-4.08960008621216,1.31048727035522,-44.6010669782916,-77.4637981697559,-29.1973716450795,-3.96823978424072,-10.16858959198,-7.22543239593506,-76.7606233645139,33.6595717958893,-41.3336274227625
13.265,1.99813461303711,-4.93172597885132,0.918378472328186,-63.1933678236324,-65.0286055026689,-20.6559349275807,-4.29181909561157,-10.0428829193115,-7.55643033981323,-70.735283195728,3.89020894697481,-43.4271965165873
13.27,0.837300956249237,-6.08575773239136,0.171120211482048,-82.3325892365728,-48.9309253837432,-10.2380813205393,-4.1461968421936,-9.71253967285156,-7.68661594390869,-64.7615314457431,-24.7296356259475,-45.0417302929733
13.275,-0.259375154972076,-7.56644773483276,-0.829472064971924,-99.0188370015623,-31.0042947749118,0.877342974890868,-3.48038411140442,-9.25587749481201,-7.6397819519043,-60.0666984668973,-49.7807204448032,-44.4881229701762
13.28,-1.06236898899078,-9.11939716339111,-1.76843070983887,-109.564881306494,-11.83591186931,10.5332752662781,-2.28421306610107,-9.09947109222412,-7.21976232528687,-56.9225472409816,-69.1224569666345,-41.2985407409962
13.285,-1.85489881038666,-10.3785810470581,-2.60437631607056,-116.630507097197,7.12771733290038,18.2832279552086,-0.824666023254395,-9.17861747741699,-6.61383056640625,-54.5331933900548,-84.3286300592389,-37.4435068413601
13.29,-2.71631979942322,-11.2665233612061,-3.27913594245911,-120.709359465745,24.2313494203329,23.7663142831453,0.804276823997498,-9.45302104949951,-5.88248252868652,-52.8629696662711,-94.8165153033878,-33.4611650457842
13.295,-3.78075766563416,-11.6571941375732,-3.6238739490509,-121.998735256503,35.0166415915116,25.888954369625,2.44170165061951,-9.84673023223877,-5.12220239639282,-52.1629435782365,-97.8896496374083,-30.1889067917957
13.3,-4.64694309234619,-11.6770477294922,-3.59854888916016,-120.211097165793,43.6427641169821,25.3703842097228,3.56175541877747,-10.1223983764648,-4.61774682998657,-50.8927401284784,-94.1793201255281,-27.7036656226584
13.305,-5.13587665557861,-11.5292282104492,-3.40231466293335,-115.513812149035,50.1455720747924,23.2701505588154,4.46619844436646,-10.3412380218506,-3.98898243904114,-49.3751472269824,-82.8878289745814,-25.5503887226566
13.31,-5.19228410720825,-11.2531824111938,-3.11627650260925,-107.954595907772,53.415286083315,19.7423441921255,5.17142581939697,-10.5053262710571,-3.15622878074646,-47.8029093970318,-65.3516734504105,-23.700947665241
13.315,-4.7372145652771,-10.8298530578613,-2.91976809501648,-97.58869101201,48.2370703716237,14.4464921323589,5.45218753814697,-10.5631465911865,-2.12777590751648,-46.752754151764,-48.6055966433863,-22.4791429359416
13.32,-4.08394193649292,-10.2907552719116,-2.84215807914734,-87.2246849088377,33.3462505280933,7.66562290456921,5.2804913520813,-10.4490098953247,-1.47955965995789,-45.8923210710716,-30.1726202057198,-21.6656793586241
13.325,-3.38351082801819,-9.7500057220459,-2.75293588638306,-77.9515556387648,12.7904478812922,0.473835675850613,4.88394927978516,-10.2676210403442,-1.14124202728271,-45.1189489966349,-11.3716340293466,-20.9370262402307
13.33,-2.69066762924194,-9.26501083374023,-2.59217643737793,-70.3006645984617,-11.3479734002881,-6.59118377548108,4.33341550827026,-10.0691146850586,-1.09487402439117,-44.3488554129997,6.88762935338527,-20.1662598829623
13.335,-2.03980922698975,-8.98160362243652,-2.2422821521759,-65.2554838963293,-32.1247941384416,-12.0789786650769,3.62599182128906,-9.9834508895874,-1.31282198429108,-43.172297271857,20.8622749424068,-19.2064834083394
13.34,-1.42937970161438,-8.80513954162598,-1.81829380989075,-61.5839293683672,-45.2411171752243,-15.7629957269533,2.83463096618652,-9.99528408050537,-1.61603689193726,-41.7721358127611,31.1379240109285,-18.0332908429103
13.345,-0.859810471534729,-8.65127372741699,-1.39783895015717,-58.7415324848881,-52.5843628349317,-18.1691313526708,1.97862064838409,-10.0139417648315,-2.00151109695435,-40.408546601576,37.863546399843,-16.8268898977366
13.35,-0.34373927116394,-8.47910308837891,-1.02957344055176,-56.5509132331466,-54.9252496635081,-19.5132442794376,1.06246113777161,-9.98755264282227,-2.46653580665588,-39.2253870826005,40.8350748397704,-15.6946630994019
13.355,-0.0636829882860184,-8.33101177215576,-0.848307490348816,-56.1622925448458,-53.9791489351509,-19.9627117079594,0.0485755279660225,-9.83699417114258,-2.90867209434509,-38.3039706579037,38.5138862767603,-14.890666164274
13.36,0.0578342787921429,-8.17883205413818,-0.68245393037796,-57.1743114288828,-51.9817796406911,-19.545931857258,-0.975986003875732,-9.60934448242188,-3.22008943557739,-37.1597090662515,32.9978459936255,-14.4012489592968
13.365,0.0470409505069256,-8.03408336639404,-0.52400803565979,-59.0688214895368,-48.2487978064286,-18.2567900004787,-1.95683777332306,-9.34771919250488,-3.44537448883057,-35.8069047237658,25.4335293085996,-14.1383490017275
13.37,-0.0832879394292831,-7.90638780593872,-0.36705219745636,-61.4874461161516,-42.129262498799,-16.0370058409813,-2.84801697731018,-9.0843563079834,-3.61474084854126,-34.2441642718561,16.6080984480535,-14.0457444431868
13.375,-0.344149678945541,-7.93030548095703,-0.429262727499008,-63.8406307003286,-31.5112280000156,-12.8867526948158,-3.47727012634277,-8.99175453186035,-3.65573000907898,-32.5888337755576,3.77259180880672,-14.6756859601479
13.38,-0.6552734375,-8.05555248260498,-0.596159338951111,-66.4183372629023,-19.4499676994193,-9.67769588876471,-3.87241625785828,-8.98389053344727,-3.64345026016235,-31.2093985254981,-11.6569327385254,-15.9236178705699
13.385,-0.977029621601105,-8.26127433776855,-0.812090456485748,-69.1440608549793,-6.73073990815007,-6.47831404567297,-4.00818300247192,-9.05368041992188,-3.54732728004456,-30.2610096837689,-27.814895253292,-17.7224711318978
13.39,-1.26044511795044,-8.52745819091797,-1.010906457901,-71.9331071308514,5.71046375229332,-3.37538706682309,-3.83286547660828,-9.1981954574585,-3.32249808311462,-29.9717716629864,-42.4133949531769,-20.030356193952
13.395,-1.43587136268616,-8.85969161987305,-1.07748520374298,-73.92213334924,13.4244012806171,-1.22257760789266,-3.23128271102905,-9.35554695129395,-2.96638488769531,-29.5133396111789,-49.6133876403271,-21.5448550197539
13.4,-1.55346846580505,-9.26913166046143,-1.12207686901093,-75.9921246300499,20.0701420458673,1.02491428119002,-2.3233802318573,-9.50250148773193,-2.59612083435059,-28.5663287601147,-54.9540081750084,-22.8168343186962
13.405,-1.62459540367126,-9.72232627868652,-1.18493258953094,-77.8382974419477,25.5454744015488,3.27355342860985,-1.1231369972229,-9.68613147735596,-2.22834515571594,-27.4744564269438,-60.1698206629861,-24.0379662743624
13.41,-1.66060245037079,-10.1593255996704,-1.33263468742371,-78.7669026407459,29.1483616226901,5.23625737859767,0.386359363794327,-10.0019330978394,-1.88251507282257,-26.9073441126103,-67.951147825869,-25.5080739932011
13.415,-1.57661139965057,-10.3883867263794,-1.55520784854889,-77.065673273225,28.3774552465437,5.89012163312675,1.95402443408966,-10.3809909820557,-1.63291120529175,-27.2590220152378,-74.173183782373,-26.4438816264791
13.42,-1.37843012809753,-10.457781791687,-1.7652440071106,-73.8895806676557,25.1069489360773,5.36769924653269,3.36199474334717,-10.7050580978394,-1.58679616451263,-27.7799759111603,-74.8881406639333,-26.2721723782923
13.425,-1.07537984848022,-10.3933401107788,-1.93796420097351,-69.5999418311318,19.8334042741401,3.67166082278097,4.51116514205933,-10.9368171691895,-1.70629119873047,-28.2813869283202,-68.826750756708,-25.0079419289634
13.43,-0.682931840419769,-10.2404794692993,-2.02967691421509,-64.7265540470035,13.1377493402091,0.654878751064234,5.16892719268799,-11.0023126602173,-1.85725510120392,-28.4847387353844,-53.1161203825739,-22.8039474592797
13.435,-0.27810126543045,-10.1120147705078,-2.04360151290894,-60.4709158921678,6.87919535042077,-2.91692513293798,5.23712968826294,-10.854058265686,-2.02082061767578,-28.0547271007133,-33.2300587650276,-20.4884723495104
13.44,0.094694696366787,-9.99912548065186,-1.99609577655792,-56.5457837610799,1.58863327216644,-6.49414300907448,4.94553232192993,-10.6308078765869,-2.10694694519043,-27.4721427003625,-13.2244602992697,-18.3452375351358
13.445,0.408881545066833,-9.90423488616943,-1.89755749702454,-53.0006082233306,-2.40293333421383,-9.8782396343064,4.37185144424438,-10.3719320297241,-2.12328338623047,-26.9117581223615,5.82202464710172,-16.4399955397485
13.45,0.584861755371094,-9.8474645614624,-1.78014922142029,-50.353421561425,-4.08170738762128,-12.6923253836758,3.64900326728821,-10.1224050521851,-2.19556736946106,-26.7083858247298,22.9316361382658,-14.795890459351
13.455,0.67384260892868,-9.75157928466797,-1.55809116363525,-48.7957183740282,-2.89173539527897,-14.6212578901994,3.08199596405029,-9.96052265167236,-2.41344237327576,-26.537675491709,38.0016357493877,-13.343274001203
13.46,0.672460734844208,-9.62180137634277,-1.29084062576294,-48.0987624560255,0.597780984284719,-15.7466186408709,2.54571533203125,-9.82504940032959,-2.76362633705139,-26.2806247373902,49.5657504859608,-12.1793132902108
13.465,0.572532176971436,-9.45857906341553,-1.01866221427917,-48.2300216164002,6.29389040034617,-16.0762657683305,1.98745036125183,-9.69730758666992,-3.21417117118835,-25.8649445471451,56.7327328688523,-11.3627231938007
13.47,0.340424478054047,-9.25961303710938,-0.911464750766754,-49.3430692435455,14.4433997642122,-15.6496282471094,1.32189738750458,-9.58963584899902,-3.51294660568237,-25.0611559327869,57.2813404931769,-11.0238314052995
13.475,0.0239857733249664,-9.12191390991211,-0.855810046195984,-50.6393127895143,22.4736685393218,-15.0687189506525,0.635040640830994,-9.48943519592285,-3.69179558753967,-24.3350316919337,55.4371313606655,-10.8256159004911
13.48,-0.298179775476456,-9.04444408416748,-0.814706563949585,-51.7780999845467,29.8499005976259,-14.5302814780021,-0.0170127991586924,-9.40114974975586,-3.83909893035889,-23.5455096352044,51.3378464812152,-10.8449419207477
13.485,-0.583761870861053,-9.02527809143066,-0.775082409381866,-52.5697769659592,36.285130663788,-14.1346222797616,-0.589526057243347,-9.33397769927979,-3.9920825958252,-22.616173606165,44.909685660844,-11.1533241080001
13.49,-0.812187731266022,-8.97937488555908,-0.838513612747192,-52.9944029964697,42.348637929656,-13.7755985086817,-0.845055758953094,-9.39935111999512,-4.01274108886719,-21.5750393332435,35.7708993815561,-12.0902834819269
13.495,-1.01939129829407,-8.96185111999512,-0.941958904266357,-53.2925680744974,47.1324921790492,-13.4038833923504,-0.802651584148407,-9.52211856842041,-3.9887638092041,-20.6492942761602,26.8779230727605,-13.0290852993824
13.5,-1.18690943717957,-8.96066951751709,-1.0698105096817,-53.7813705624494,51.6856431288469,-12.9706555923539,-0.556174159049988,-9.67010688781738,-3.94231414794922,-19.7643544767258,18.8789519319752,-13.6984489606855
13.505,-1.29761719703674,-8.96724700927734,-1.21114039421082,-54.7248689887328,56.8288438757582,-12.4332896056295,-0.167834550142288,-9.81925773620605,-3.88965606689453,-18.8633483648163,12.344632896429,-13.865961911401
13.51,-1.37316238880157,-8.9071626663208,-1.37056756019592,-56.3732292769833,63.0459040394518,-11.4489056669743,0.243965655565262,-9.89325618743896,-3.75899815559387,-17.4161115344133,8.56304999735365,-13.3919134858299
13.515,-1.45032584667206,-8.85694885253906,-1.53242337703705,-58.0101011870498,68.5106291113523,-10.1693960844721,0.598514795303345,-9.88679981231689,-3.58693480491638,-16.1944092579515,5.36201226027501,-13.1200975700728
13.52,-1.53043377399445,-8.82742881774902,-1.70042431354523,-59.5506708449137,72.7201293383445,-8.73225512743602,0.867019534111023,-9.81562232971191,-3.40883827209473,-15.1938770445511,2.31852137413917,-13.0859619921484
13.525,-1.61537885665894,-8.83379459381104,-1.87971234321594,-60.8809799593679,74.9460538379058,-7.29810579325646,1.00668478012085,-9.6945104598999,-3.2686882019043,-14.4260391308893,-1.08676292478495,-13.352331685816
13.53,-1.69729959964752,-8.92874908447266,-2.0519437789917,-61.5764503112261,74.1489502711978,-6.24573543226346,1.17281591892242,-9.63045120239258,-3.33687615394592,-13.4909700118153,-5.37366968564093,-13.9597660219147
13.535,-1.80447030067444,-9.04128074645996,-2.22549414634705,-61.8116342149171,71.7372446262121,-5.42354586139447,1.34210431575775,-9.6126127243042,-3.43070936203003,-12.5077292760725,-8.23549632287464,-14.2657499589948
13.54,-1.92845988273621,-9.14176940917969,-2.39193367958069,-61.7141742456502,68.0044847730976,-4.86783697476718,1.51982116699219,-9.64175987243652,-3.51804947853088,-11.4801956173358,-9.34040321830291,-14.2237818616396
13.545,-2.0520875453949,-9.1803035736084,-2.53366041183472,-61.4725084924368,63.219588919856,-4.69139782058012,1.71929383277893,-9.72542762756348,-3.55655145645142,-10.3985233179166,-8.11751419647278,-13.7767596408406
13.55,-2.11572027206421,-9.16549682617188,-2.60660600662231,-61.614733521524,57.8430279297621,-5.00483349404471,2.06699109077454,-9.81313705444336,-3.7548394203186,-9.77577057505693,-7.04944379189886,-13.4290825215195
13.555,-2.14935946464539,-9.10439777374268,-2.65169954299927,-62.1957982047845,52.3942923307086,-5.50074407448854,2.4340717792511,-9.90517902374268,-3.97188091278076,-9.2403477771514,-5.69016955272192,-13.0081729676911
13.56,-2.14813756942749,-8.98743629455566,-2.66568946838379,-63.3836500637197,47.0323991718573,-6.14295133053852,2.79678630828857,-10.0063219070435,-4.15852785110474,-8.73279898124869,-3.77637658738055,-12.4839533875717
13.565,-2.08381676673889,-8.77911853790283,-2.62140703201294,-65.7020484944539,42.0389639828768,-6.95129183909166,3.13249921798706,-10.1311588287354,-4.22032260894775,-8.21781125556619,-0.653831224161136,-11.8222890570104
13.57,-1.96128118038177,-8.54360294342041,-2.51213407516479,-69.0439712628819,37.7939160363493,-7.89024818957707,3.37332367897034,-10.2507438659668,-4.25128650665283,-7.73171010743097,3.95808651317275,-11.2967708871751
13.575,-1.79850745201111,-8.29833507537842,-2.38888764381409,-72.7541505106003,34.6403801305139,-8.86808197681819,3.48286056518555,-10.3523807525635,-4.20346021652222,-6.96411936123977,10.0238814655259,-10.7401062009508
13.58,-1.59911584854126,-8.05371952056885,-2.26824307441711,-76.520303158567,32.7613472785192,-9.84854197179518,3.42761445045471,-10.4183578491211,-4.07374858856201,-5.89561865474814,17.4844663600795,-10.0632455532599
13.585,-1.36202251911163,-7.84086656570435,-2.17653393745422,-79.5404420548174,32.6676951397146,-10.7542011500768,3.08767175674438,-10.3787260055542,-3.89567065238953,-4.74596035987795,26.0995837432498,-9.01791583664076
13.59,-1.06622338294983,-7.7087197303772,-2.08286762237549,-81.3231419187582,33.3064168648538,-11.340267239357,2.42300462722778,-10.2194805145264,-3.64476203918457,-3.56764237780697,33.0273831466912,-7.64553361067291
13.595,-0.741674304008484,-7.64112758636475,-2.00034260749817,-82.8567652742362,34.8848155254358,-11.7081378129593,1.55666399002075,-9.9898509979248,-3.30429649353027,-2.66331145787553,37.6302271377953,-6.33236869792226
13.6,-0.397745698690414,-7.6398663520813,-1.93090391159058,-84.475670371691,37.507037845925,-11.8801108772028,0.543731093406677,-9.70942687988281,-2.86102056503296,-2.15821299233756,39.5857820141563,-5.29739184053752
13.605,-0.0342090576887131,-7.74743270874023,-1.85130333900452,-86.1990090615552,41.2013266585394,-11.8102909759597,-0.463123053312302,-9.41715431213379,-2.27729249000549,-2.15353559341657,38.6500563431483,-5.2153416318118
13.61,0.305834263563156,-7.88791847229004,-1.76994264125824,-87.7934825723489,45.1481514704312,-11.6353365341434,-1.31496441364288,-9.14070129394531,-1.76135694980621,-2.94606015861631,35.8732122002283,-6.47775183572692
13.615,0.605560898780823,-8.07339191436768,-1.70940661430359,-88.8811014052142,49.0230987865925,-11.4776650322483,-1.9682605266571,-8.92736339569092,-1.31133604049683,-4.38932630123396,32.5512506596497,-8.69086161974481
13.62,0.851895272731781,-8.31731796264648,-1.68384349346161,-89.1936030503098,52.5794280232564,-11.4259075662652,-2.39942669868469,-8.8045711517334,-0.927675187587738,-6.42784748544304,29.3276233525517,-11.6837770895108
13.625,1.00961601734161,-8.70241355895996,-1.71254205703735,-87.9998908890666,54.5297578049023,-11.8951799820592,-2.79603838920593,-8.75367069244385,-0.570312976837158,-8.8034854627428,26.0175514637707,-15.1703948541846
13.63,1.07450556755066,-9.15644359588623,-1.79212141036987,-85.6191533217778,55.4441630404161,-12.7060634554177,-3.14018511772156,-8.70847797393799,-0.299528062343597,-10.7512675838283,23.2026904879305,-17.9039543807869
13.635,1.06154596805573,-9.66683101654053,-1.88863897323608,-82.1281548445251,55.6686474527723,-13.7692908289832,-3.43616509437561,-8.70008659362793,-0.0751496031880379,-12.8090584392332,20.7482790851593,-20.5083738132045
13.64,0.977894961833954,-10.2270164489746,-1.97611618041992,-77.5199901360576,55.4363697945731,-15.0292643629119,-3.68445110321045,-8.7554988861084,0.131953984498978,-15.4116900696355,18.5691294285815,-23.4723412337207
13.645,0.839060068130493,-10.670708656311,-1.92710936069489,-71.2407376848764,54.7659218407392,-16.3256018239818,-3.76691246032715,-8.99778842926025,0.276044934988022,-18.6636694919783,16.6040857119162,-27.5255650249557
13.65,0.700312793254852,-10.9856252670288,-1.83399510383606,-64.6186438883064,54.5937600925199,-17.3344788210006,-3.5860755443573,-9.22939682006836,0.370073229074478,-21.972858578809,14.3988549779927,-32.0763749274153
13.655,0.525161683559418,-11.2325229644775,-1.66903054714203,-57.7598772068064,55.1539312271093,-18.0164663794372,-3.18954086303711,-9.41444778442383,0.425702184438705,-25.459065678359,12.8761556563185,-36.883851386053
13.66,0.264958292245865,-11.4825048446655,-1.39183187484741,-50.7796424411068,56.7968478545912,-18.2968763807175,-2.62052202224731,-9.50427913665771,0.454631865024567,-29.2864407269511,13.2478033245318,-41.6650589371428
13.665,-0.118307590484619,-11.7570018768311,-0.994892477989197,-43.4711180480451,59.9844629892903,-18.0345373524338,-2.14158248901367,-9.55358123779297,0.433545470237732,-33.0331136754049,18.6089767521994,-45.9186070540924
13.67,-0.59101414680481,-11.9475326538086,-0.654214859008789,-35.5238753449389,64.1233663810213,-17.4617201225961,-1.79709148406982,-9.65889453887939,0.359084874391556,-36.4950189618879,24.7954257155803,-50.0208015941292
13.675,-1.1471529006958,-12.0139408111572,-0.440861254930496,-26.9515969082429,69.1736833854096,-16.5846760218423,-1.59404802322388,-9.81169128417969,0.259670913219452,-39.561688521859,30.7198617922104,-54.0772646025781
13.68,-1.78766083717346,-11.8784952163696,-0.484351962804794,-17.7470922563084,75.2182300461416,-15.3587765941355,-1.55593276023865,-9.99065208435059,0.18688029050827,-42.0037031312866,34.7329189484839,-58.2437004868534
13.685,-2.43431186676025,-11.5877799987793,-0.808226943016052,-9.00493335457586,81.5970393346649,-13.764922923009,-1.7613251209259,-10.1472654342651,-0.0699328407645226,-44.0122158793773,37.6180933067348,-62.323051459211
13.69,-3.03174686431885,-11.3017597198486,-1.20930910110474,-2.00695183642187,86.7128100418694,-12.3991463437422,-2.11078095436096,-10.2890090942383,-0.383581638336182,-45.5829135016701,39.9224966798595,-66.3243538599229
13.695,-3.55917048454285,-11.0391454696655,-1.63790154457092,3.63702365283937,90.6552088911792,-11.2320053259177,-2.53312373161316,-10.4094524383545,-0.697008013725281,-46.7357743014873,41.1064826517246,-70.289989012789
13.7,-3.96985054016113,-10.7983274459839,-2.02581429481506,9.40506888804365,94.1592598599358,-9.97917275476626,-2.86408257484436,-10.4852380752563,-0.890454292297363,-47.4924875445385,39.2993751067847,-74.3367531526165
13.705,-4.12351560592651,-10.5785655975342,-2.05291604995728,13.3217708581485,95.4692559917984,-8.79848917936493,-3.19792652130127,-10.4644393920898,-1.11713993549347,-48.5307958266909,34.7108164563297,-78.4124636341465
13.71,-4.08236408233643,-10.4000110626221,-1.90526247024536,15.6333672742429,94.2578194896591,-7.90827049747579,-3.51696252822876,-10.3580551147461,-1.33446729183197,-49.4951399903212,30.1882442634462,-81.8256321058069
13.715,-3.88694667816162,-10.2784662246704,-1.69155538082123,16.6852471422761,90.717834895679,-7.35307174060214,-3.78495073318481,-10.1786127090454,-1.55556833744049,-50.381360450225,26.2450411593617,-84.7544718634217
13.72,-3.66430163383484,-10.2675199508667,-1.73301553726196,17.8429812820662,86.0767555056012,-7.12249266507215,-3.8504650592804,-9.97357559204102,-1.88432347774506,-51.5256186267826,22.4295813757767,-88.7221287522821
13.725,-3.45917844772339,-10.1575489044189,-1.8985161781311,19.0792728425952,79.3880741948128,-7.39018101213646,-3.66289329528809,-9.88333892822266,-2.19011521339417,-52.2774243789151,18.4449480517342,-93.6906269206029
13.73,-3.28209733963013,-9.95794296264648,-2.08760714530945,19.1962791057194,71.2026388896861,-7.9107976674687,-3.35431241989136,-9.8459939956665,-2.45841503143311,-52.9232938970207,14.9043811841274,-98.8932981246175
13.735,-3.15730834007263,-9.69254398345947,-2.26194190979004,17.6799053929903,61.9452600358393,-8.56484462955807,-2.99283599853516,-9.83560752868652,-2.68305420875549,-53.5788520384639,12.1262461354544,-104.030338040897
13.74,-3.24286985397339,-9.54867744445801,-2.38508772850037,13.9913189345592,53.8739606068381,-9.00779093496986,-2.79041385650635,-9.80175685882568,-2.86400842666626,-54.4076920791504,10.8600059029622,-108.752990380233
13.745,-3.62641739845276,-9.74642944335938,-2.47733902931213,11.6101297210115,48.5708036597542,-9.42161929017624,-2.63848757743835,-9.90987300872803,-2.9451379776001,-54.6749403059001,13.2355627717655,-113.013327705217
13.75,-4.11626529693604,-10.06955909729,-2.58301162719727,11.4501385161195,45.5016240052632,-9.69230737094666,-2.5102379322052,-10.1145715713501,-3.08470916748047,-54.8544957338959,17.0225611570791,-117.194967590585
13.755,-4.62285137176514,-10.4087915420532,-2.73677325248718,14.078075143623,44.4462163445236,-9.70563477756465,-2.40113186836243,-10.4028024673462,-3.34200692176819,-55.1597061520525,21.2172620716872,-121.45390472679
13.76,-5.24877405166626,-10.7261419296265,-3.1282262802124,18.7927822654063,44.281397049662,-8.63200161079858,-2.46067237854004,-10.8742818832397,-3.22219324111938,-55.0163336511848,27.5292635723913,-125.0324047575
13.765,-5.76355981826782,-11.0776872634888,-3.48628830909729,22.6999800272811,42.4227659727182,-6.17729309479852,-2.47235918045044,-11.3945093154907,-3.02703189849854,-55.8346108043198,32.793254507227,-128.543162972021
13.77,-6.02628374099731,-11.4847421646118,-3.65971612930298,25.7588392659362,38.5316755044536,-2.58652156202778,-2.45368576049805,-11.8816232681274,-2.7664430141449,-57.3987309544419,37.8084404336193,-132.13335628659
13.775,-5.90934896469116,-11.9676723480225,-3.51682758331299,27.8849285979468,32.2141569184474,2.01485714005593,-2.41671633720398,-12.268443107605,-2.44431686401367,-59.5825883189051,43.1956974999535,-135.924985540161
13.78,-5.29912900924683,-12.4827241897583,-3.10794472694397,30.4965419271076,24.6103566173769,7.05763703069511,-2.278404712677,-12.6910696029663,-1.89543390274048,-62.0144020408073,48.7798279389241,-140.233141019525
13.785,-4.54821395874023,-12.9177417755127,-2.77103734016418,34.8551007874516,17.6074934349571,11.8249400241821,-2.01017618179321,-13.1256046295166,-1.71296882629395,-64.1007243039227,54.1454947772919,-144.534712196529
13.79,-3.77030777931213,-13.2782983779907,-2.57264184951782,40.120012090278,11.7879750403939,15.8537108844148,-1.70701742172241,-13.5964298248291,-1.63915777206421,-65.5662370129973,58.9390888764415,-148.376597982012
13.795,-3.10619235038757,-13.5656681060791,-2.60700869560242,45.3048599156534,7.97457626639099,18.5053525372065,-1.48558390140533,-14.1369695663452,-1.35850167274475,-66.0172890454066,62.6723336729871,-151.154176370268
13.8,-2.81850028038025,-13.7943964004517,-2.9750280380249,52.6803338229596,5.04686135555509,21.0481858614254,-1.41461753845215,-14.6680307388306,-0.814839243888855,-67.0528618367965,64.9495870441611,-155.256811457506
13.805,-2.69434976577759,-14.0025615692139,-3.37408256530762,61.397028071919,3.19481650196182,23.8340287785768,-1.39924919605255,-15.1573657989502,-0.0524939298629761,-68.948881369257,65.6570443780126,-160.510456363297
13.81,-2.66602611541748,-14.191499710083,-3.66838955879211,71.1550393013603,1.9786635407572,26.7377658834446,-1.36695909500122,-15.6200847625732,1.0044926404953,-71.8268567081227,64.6547004569349,-166.535502833948
13.815,-2.63772416114807,-14.3577117919922,-3.62150406837463,81.5851479753199,0.612075876526468,29.4977121383579,-1.18854570388794,-16.0854091644287,2.53572225570679,-75.9913664790521,61.5092958913065,-172.712247806066
13.82,-2.47307372093201,-14.5115976333618,-3.15367007255554,92.290629386047,-3.38503663001644,31.7235751662167,-0.467527896165848,-16.3608245849609,3.71604037284851,-81.0090010282618,54.581793601094,-178.052608793559
13.825,-2.20243668556213,-14.6793060302734,-2.67143774032593,101.703586288808,-8.53940473622071,33.4678108198466,0.337335079908371,-16.5101528167725,4.29648590087891,-85.7076111017187,46.2089174145747,-181.418976809026
13.83,-1.81801819801331,-14.8895931243896,-2.27021765708923,109.841585930149,-14.2871130831713,34.5547056526599,1.09730124473572,-16.5801315307617,4.31321954727173,-89.3687291006289,38.6349923609338,-182.328102308312
13.835,-1.27575993537903,-15.2204713821411,-2.08709597587585,117.209953025624,-19.5773575576292,34.3942474335834,1.60058808326721,-16.6763134002686,3.91072487831116,-90.2341550496045,37.6118607591172,-179.564375543693
13.84,-0.602251887321472,-15.3575134277344,-2.151447057724,125.723141788263,-24.6666903101039,32.5196542045492,2.09681701660156,-16.7231388092041,1.49851560592651,-87.5189840997952,35.592901236691,-176.796004250438
13.845,0.173651784658432,-15.13596534729,-2.1249086856842,135.121837256037,-30.1344667690161,29.6780462079192,1.98855865001678,-17.1942672729492,-0.960133254528046,-84.0457372841954,30.381173201837,-174.668072474899
13.85,0.999995648860931,-14.595498085022,-1.93697214126587,145.219506962714,-36.0580302889797,26.2098912983455,1.22129905223846,-18.1259937286377,-2.59271121025085,-80.0554929597497,25.5717842902317,-173.438911631864
13.855,1.66317486763,-14.0860023498535,-1.59695744514465,155.405040222874,-42.2189360524121,22.9569010080057,0.138070717453957,-19.2140159606934,-1.29077732563019,-73.8506554195758,40.1388770727656,-173.66895240311
13.86,2.32807326316833,-13.4850873947144,-1.42808485031128,164.127260094872,-45.7735065153647,21.5050606301021,-0.125739604234695,-19.6638984680176,0.794188380241394,-68.3134893613382,46.0253492504414,-178.180060123471
13.865,2.82357168197632,-12.7878456115723,-1.48953247070313,171.114202106337,-44.4829388565962,22.1086922583803,0.298238009214401,-19.4801940917969,1.77652549743652,-64.6262732096093,43.6845409690405,-183.337863814828
13.87,3.05336403846741,-12.0193891525269,-1.77524566650391,176.481542341051,-37.2927440758104,24.9249004890344,1.28310525417328,-18.6478748321533,1.14449441432953,-62.9295790876973,33.1753694403433,-187.574234006015
13.875,2.75992751121521,-11.4181976318359,-2.01646780967712,182.336571742883,-23.1350835679784,29.9972926648201,2.00371146202087,-17.1925964355469,0.265400320291519,-60.6340754510611,15.7792771903873,-188.176629370054
13.88,2.35771656036377,-11.0559892654419,-2.11637449264526,190.35420296048,-7.70005815704348,35.3798061647758,2.14840197563171,-15.6130628585815,-0.467452466487885,-60.5425850671288,-8.7805923761922,-184.655953720857
13.885,1.99533939361572,-10.8639640808105,-2.27155590057373,198.486198865541,6.89624094126818,40.3875471849728,1.67748665809631,-14.04274559021,-1.41114354133606,-62.3416637246993,-29.4840278543558,-177.785029302635
13.89,1.76068317890167,-10.8143930435181,-2.60001587867737,205.471679216523,19.2649959314116,44.5637502397612,0.566250920295715,-12.5607805252075,-2.75166964530945,-65.7713407635836,-40.3890976379144,-167.879711383364
13.895,1.78411471843719,-10.8915786743164,-3.30293250083923,207.957499244193,25.3491081704582,46.567768723378,-0.637508153915405,-11.3144197463989,-4.23387718200684,-67.2392986803811,-43.0896485678053,-156.633272160182
13.9,1.90616536140442,-11.06432056427,-4.01263666152954,208.787763379321,28.622524141511,47.8046954914998,-1.21742808818817,-10.3615894317627,-5.62139368057251,-67.8155549104659,-52.8365641549399,-146.289415115062
13.905,2.06024241447449,-11.3092164993286,-4.59589910507202,209.449130596653,28.9851781581347,48.3821367594056,-1.30438494682312,-9.73412418365479,-6.78894424438477,-68.0412858323457,-70.4402531745292,-136.822759265046
13.91,2.19530463218689,-11.6120557785034,-4.93894052505493,211.114521961599,26.1792237489722,48.3453664360088,-0.972363829612732,-9.47727966308594,-7.62335395812988,-68.3257222301417,-97.0267576886147,-128.266813518202
13.915,2.23037886619568,-11.9762439727783,-4.85396480560303,215.332327698622,18.19041080703,47.9950460334788,-0.393530637025833,-9.65561866760254,-7.64023065567017,-67.5577152692979,-122.541161559629,-118.948932848688
13.92,2.21342706680298,-12.3340702056885,-4.6422700881958,219.906245838591,8.94178227928357,48.2105248414144,0.292044550180435,-9.89823913574219,-7.50644302368164,-64.7892551835842,-139.832755330379,-108.562195875958
13.925,2.13412189483643,-12.6797866821289,-4.3696231842041,223.956261148464,-0.3742339353508,49.2635214453769,1.00917232036591,-10.1272382736206,-7.32043027877808,-60.0556130698744,-149.554696330813,-97.3894407335424
13.93,1.97469162940979,-13.0052375793457,-4.11396455764771,226.336377168538,-8.26464586270497,51.5598481198081,1.66581130027771,-10.2436923980713,-7.20185518264771,-53.2499374487928,-151.945399144101,-85.7255130275333
13.935,1.73731124401093,-13.2154788970947,-3.95984840393066,224.787467849698,-13.4786756713093,55.2175851750792,1.97027659416199,-10.1739158630371,-6.81658887863159,-41.4677313569266,-147.055776000315,-73.5129093953079
13.94,1.49364674091339,-13.3284339904785,-3.8240704536438,221.007436257337,-18.0106470582644,58.9996248430554,2.33244848251343,-9.86230373382568,-6.05406284332275,-24.8232945949413,-135.115567142379,-59.2637824092056
13.945,1.26535248756409,-13.3609495162964,-3.67229390144348,215.679820402836,-22.3536467476791,62.6159504613887,2.89221382141113,-9.21000194549561,-5.52744770050049,-6.75990182769827,-120.20568765597,-44.6807240594868
13.95,1.08753156661987,-13.3345851898193,-3.44653248786926,209.758155675461,-27.2121276439438,65.6298533949268,3.89227628707886,-7.99970579147339,-6.43501281738281,6.35974324234202,-109.721640978135,-33.1111520017669
13.955,0.986495077610016,-13.3122787475586,-3.25684332847595,204.660512290314,-32.4660542950375,67.7758373604423,5.99148988723755,-6.44408273696899,-9.16444778442383,9.35573613921594,-112.802179237216,-24.6285044300017
13.96,0.899629950523376,-13.2978563308716,-3.05165028572083,199.818167715964,-37.733079541412,69.2876177709546,8.44360828399658,-5.07168245315552,-11.2416458129883,3.71468845323111,-122.954333362902,-19.3489474940475
13.965,0.818606376647949,-13.2920665740967,-2.8196804523468,195.093971753876,-42.8071382833552,70.1958416852695,11.0601139068604,-3.9770040512085,-12.3372383117676,-9.43912335747169,-138.339853562732,-16.4951732229584
13.97,0.742491543292999,-13.2964754104614,-2.54446005821228,190.306336994777,-47.2102572978444,70.4497539676647,13.5788955688477,-3.26800417900085,-12.3034973144531,-28.0586373840131,-156.447900826108,-13.9841916321603
13.975,0.77743536233902,-13.3394269943237,-2.22002220153809,185.668078472826,-49.7052775903258,69.9648924988639,14.7345170974731,-3.40551233291626,-11.9514837265015,-45.5017230430061,-159.327481259429,-8.00552982993584
13.98,0.90526419878006,-13.3756151199341,-1.88522171974182,181.103804559965,-50.1411700178723,68.9047241962728,14.9663057327271,-4.29594755172729,-10.5682363510132,-55.3996985089193,-140.271909173254,-0.850324934329266
13.985,1.11947917938232,-13.3839626312256,-1.54182827472687,176.701419790812,-48.3734487587813,67.3236241958741,14.4018564224243,-5.75814533233643,-8.28776836395264,-55.5572607277877,-98.7266619994367,7.11738368357298
13.99,1.40792572498322,-13.3113994598389,-1.15924608707428,172.946454992706,-43.8789213226299,65.3119012588736,13.1972846984863,-7.04025363922119,-6.44844150543213,-42.0983149116696,-38.810842411305,16.489881533899
13.995,1.66562616825104,-13.0929822921753,-0.761783182621002,170.576215426171,-39.5795187306874,63.6800119718066,11.4781370162964,-7.58231544494629,-5.88089084625244,-23.8030828989948,11.0799627536723,28.4794572916086
14.0,1.83424520492554,-12.7748107910156,-0.352575719356537,168.557170526381,-34.2518687252399,61.9168259583245,9.63547706604004,-7.62177705764771,-5.7026834487915,-4.8796476525026,48.1810047638216,41.9106486340344
14.005,1.88344180583954,-12.3630399703979,0.0701105818152428,166.576497629347,-27.5525049985895,59.7799261444051,7.84832620620728,-7.2315559387207,-5.57270765304565,12.9401494061996,71.351482372079,56.3502866715612
14.01,1.75318217277527,-11.8050441741943,0.525836586952209,164.885697960689,-20.3550241135066,56.7685059846303,6.50428295135498,-6.46765947341919,-5.0914192199707,27.2167926631469,82.2654962883557,71.2051114181656
14.015,1.58120703697205,-11.1774368286133,0.892575740814209,163.985929820566,-14.5985099451686,53.3889830248213,5.6067042350769,-5.75936031341553,-4.62726354598999,38.6470886259539,88.4798619424218,86.922380736173
14.02,1.41020357608795,-10.5299215316772,1.15062296390533,163.29669543142,-10.0064414312539,49.877473489491,4.85304594039917,-4.90204048156738,-4.21794891357422,47.8897723278014,88.9107717469687,103.261101646003
14.025,1.26365303993225,-9.89032936096191,1.28497219085693,162.470297183362,-6.49830174050537,46.3500257077325,4.09811878204346,-3.78148913383484,-3.89471173286438,55.081343391705,82.8432073487337,119.8282104213
14.03,1.15771901607513,-9.30727958679199,1.32140707969666,160.552707913503,-4.08724581726451,42.7843049609599,3.45875716209412,-2.43479323387146,-3.80675888061523,58.608589682883,73.4860735820589,131.216253126354
14.035,1.05494463443756,-8.80857467651367,1.31576931476593,158.158234835793,-2.23762781526071,39.1647691537167,3.03266358375549,-1.2898530960083,-3.61520552635193,62.3086056091164,61.3391285583248,144.110830656638
14.04,0.962244510650635,-8.39852523803711,1.26089978218079,155.582010424269,-0.881553412988211,35.5781241224217,2.80878639221191,-0.374945163726807,-3.40504717826843,66.8419182744698,48.0860992853043,158.460279461269
14.045,0.885739028453827,-8.0859899520874,1.14808619022369,153.047764355384,0.0047990083047273,32.0953867589701,2.79070973396301,0.273341178894043,-3.24279403686523,72.7852688524589,34.9993714581952,174.312588449357
14.05,0.781740963459015,-7.97657108306885,0.946215867996216,150.286619402272,0.344235531072692,28.8250819390842,2.95567083358765,0.496392577886581,-3.67864227294922,78.9987670725004,19.7464423056275,188.664769329656
14.055,0.680283486843109,-7.94674062728882,0.781018674373627,147.12634551482,0.618547160599938,25.8054416466432,3.08869528770447,0.417248517274857,-3.96164059638977,84.602220116633,2.31727059574741,201.745974948821
14.06,0.571573376655579,-7.96649837493896,0.645269632339478,143.74123546027,1.0342580866963,22.9995384638995,3.2014057636261,0.0637919455766678,-4.02326011657715,90.0480392249109,-15.8613828944,213.467522130669
14.065,0.442748367786407,-8.00196743011475,0.532156527042389,140.332943743677,1.86172429886424,20.3774203037951,3.30684328079224,-0.550045669078827,-3.76037240028381,95.8925023240966,-33.0545741297771,223.613344670994
14.07,0.295784473419189,-7.90197086334229,0.460003435611725,136.696332463509,3.44880220889062,18.2735239639453,3.46282505989075,-1.34023773670197,-3.72234654426575,102.290470293242,-41.9405614475044,231.930329419535
14.075,0.116244956851006,-7.7360372543335,0.377488344907761,132.880688264816,4.85123321178171,16.7454672126408,3.76102209091187,-2.1906156539917,-4.02428531646729,109.562470249717,-42.0877383637399,239.324063837587
14.08,-0.0654094740748405,-7.49359607696533,0.273181706666946,128.84658729571,6.04586104526044,15.6265285473364,4.2726674079895,-3.10385131835938,-4.53470230102539,117.913776698837,-35.6168000685969,245.824955927335
14.085,-0.190166711807251,-7.13924598693848,0.128535956144333,124.491235209181,7.06633271528219,14.6378176838421,5.14554595947266,-4.10385274887085,-5.01429605484009,127.813261636557,-25.8946831907913,251.301428924608
14.09,-0.319177865982056,-6.75274085998535,-0.0502751432359219,119.449326167661,6.40444341536517,13.5633589179601,6.06441259384155,-4.71823167800903,-5.40105056762695,137.512430786298,-19.8190984429235,255.424404315195
14.095,-0.491215020418167,-6.35914278030396,-0.216976091265678,115.050984870496,5.07576159348071,12.688748072098,6.91287469863892,-5.27990102767944,-5.41570425033569,145.202636395464,-12.4996568462472,259.808702743426
14.1,-0.706486999988556,-5.96013259887695,-0.358353734016418,110.994651635642,2.87570280686283,11.8803209055198,7.68733644485474,-5.83899450302124,-5.02794027328491,151.580721683936,-1.95033682527846,264.950769678935
14.105,-0.955432772636414,-5.55099201202393,-0.45049512386322,105.950413499615,-1.23940377891299,10.6513965577843,8.41293144226074,-6.42006254196167,-4.2145299911499,159.212351590779,16.1216728659327,271.776341641069
14.11,-1.2069981098175,-5.17418241500854,-0.493339449167252,99.5358550009756,-7.42303678336516,8.93560949582117,9.02897071838379,-6.75991439819336,-3.63646769523621,165.305891198428,30.6281562573192,277.0596022471
14.115,-1.46865141391754,-4.8165078163147,-0.511756777763367,92.4596082661131,-14.5583364800179,6.70559115162609,9.41919898986816,-6.87013006210327,-3.41703271865845,171.916052654518,44.2218138944374,282.484548297275
14.12,-1.72524476051331,-4.46903038024902,-0.512476325035095,84.7621216752921,-22.3586686442663,4.02923317866219,9.45739364624023,-6.74528884887695,-3.51280331611633,179.358595604379,57.2874125313491,288.59226737764
14.125,-1.89862132072449,-4.10323286056519,-0.502030968666077,75.923467568513,-30.6032568026999,1.25073709045845,8.67076969146729,-6.34851455688477,-3.59786701202393,187.052366572291,68.9678692951496,296.223856303349
14.13,-2.01305985450745,-3.74301552772522,-0.470196515321732,65.5625623712239,-38.7493638785857,-1.18984819516361,7.28464078903198,-5.77993202209473,-3.45190596580505,194.211169803652,76.3552721278412,304.367244963945
14.135,-2.10732674598694,-3.43063259124756,-0.419123023748398,53.8992596275238,-46.5238437768256,-3.5343405098481,5.81584167480469,-5.24483156204224,-3.17539477348328,200.403514927834,78.4144102380599,311.939875696738
14.14,-2.1866512298584,-3.19011569023132,-0.352142155170441,40.993869907784,-53.7191953504348,-5.85342089228215,4.50990152359009,-4.87438488006592,-2.84797954559326,205.533123598297,73.8351645505382,318.184143918991
14.145,-2.1913001537323,-3.0855655670166,-0.294804245233536,27.0499328492708,-59.5195115219201,-8.07155982996329,3.93042349815369,-5.1450400352478,-2.86316251754761,210.258125522706,56.3154800275508,320.159052136365
14.15,-2.1062924861908,-3.02908301353455,-0.218295440077782,12.7954065986297,-63.5357378859684,-9.93275052029862,3.97635865211487,-6.06989717483521,-2.92979884147644,214.398927707027,30.9361704681301,318.652585613027
14.155,-1.98228847980499,-2.99981641769409,-0.135689169168472,-1.56558650635953,-65.8562126942102,-11.6274724250878,4.45620155334473,-7.40022611618042,-2.91519331932068,217.834130368949,5.54687346459552,314.922865194093
14.16,-1.83994460105896,-2.98888325691223,-0.051899366080761,-15.903718114423,-66.401172997518,-13.2562753204236,5.2696008682251,-9.0149507522583,-2.78168749809265,220.521359014864,-15.3312150732872,309.627692738149
14.165,-1.60879266262054,-3.00727677345276,0.062723271548748,-29.723736758372,-64.5918353958141,-14.9859865767835,5.99563694000244,-10.6921739578247,-3.19326996803284,223.556790704666,-24.878091495105,304.879509151696
14.17,-1.33190107345581,-3.0101261138916,0.214861899614334,-42.6578405933825,-61.4365270558892,-16.6149730334532,6.35843944549561,-11.9252529144287,-3.69457936286926,227.976920305283,-22.7307790577959,301.757265757543
14.175,-1.05457997322083,-2.9929575920105,0.399218052625656,-54.5928824132115,-57.4417884669697,-18.0854564126962,6.50594997406006,-12.8822593688965,-4.17377471923828,232.245665593136,-10.9821920107982,299.182120515908
14.18,-0.81286609172821,-2.95098423957825,0.613547086715698,-65.3776418296349,-52.9593880316896,-19.3417501822096,6.54273509979248,-13.680064201355,-4.54048633575439,235.1311473099,9.2897155306986,296.32901389581
14.185,-0.647280156612396,-2.94376111030579,0.814208567142487,-74.5873596234534,-48.7781716180504,-19.797566271565,6.5098237991333,-13.9369258880615,-4.82581281661987,234.932006314459,21.5661088609037,293.141473893192
14.19,-0.535957634449005,-2.96919822692871,1.0312248468399,-83.039267928859,-44.6931481735871,-19.5591226600926,6.12548828125,-13.7417507171631,-4.88246488571167,232.96051319167,25.5169720221423,288.0330114884
14.195,-0.476691901683807,-3.03840970993042,1.26861357688904,-90.1479034207656,-41.0807328385536,-18.8763427997122,5.41042709350586,-13.2331809997559,-4.71184682846069,229.60585212044,21.4827412794418,281.138263370352
14.2,-0.47071498632431,-3.16872596740723,1.53298938274384,-95.0743686049341,-38.4502152533175,-18.0290561256249,4.36520528793335,-12.5613059997559,-4.29823732376099,225.250663958451,9.27690721845753,272.488894296041
14.205,-0.541863083839417,-3.40250086784363,1.77072334289551,-100.556285262975,-36.0866624419804,-15.8667172721418,3.15112257003784,-11.8390674591064,-3.98789381980896,221.839380619002,-10.6683593325881,263.654345132953
14.21,-0.64268684387207,-3.69866681098938,1.97438311576843,-106.621472755379,-33.891227906874,-13.1057166067753,1.95885753631592,-11.1780633926392,-3.88129591941833,219.430796370467,-34.0775793730941,254.658002448806
14.215,-0.748930275440216,-4.09117031097412,2.15043187141418,-112.998929666447,-31.9139257081958,-9.95055767723849,0.894318759441376,-10.5946273803711,-3.89777946472168,217.850577464471,-59.9231210603544,245.194010372566
14.22,-0.820199906826019,-4.65879440307617,2.30899214744568,-119.205133244455,-30.282907270248,-6.6718201350486,0.151547834277153,-10.1161184310913,-3.88688516616821,216.849367354795,-86.9644000599469,234.631013538115
14.225,-0.871839761734009,-5.3728494644165,2.53564524650574,-123.957811095381,-28.0527651288742,-3.75739591856391,-0.0033971567172557,-10.0531015396118,-3.67754530906677,215.160234252295,-109.946210767856,223.005116325404
14.23,-0.890487372875214,-6.21758365631104,2.84757089614868,-127.023159013748,-25.818528289093,-0.749613474852311,0.0869319885969162,-10.2940511703491,-3.68758249282837,213.542217079432,-132.830035581931,210.887035681103
14.235,-0.889387726783752,-7.17815399169922,3.24622178077698,-128.226337817181,-23.8565496198177,2.39829414166351,0.335576713085175,-10.7700529098511,-3.71314525604248,212.074901200416,-154.357808298571,198.558885738688
14.24,-0.910135686397552,-8.22764110565186,3.73745942115784,-126.974500746101,-22.7791385046669,5.66868690023493,0.628523349761963,-11.34255027771,-3.01068830490112,210.727482462091,-169.305841221684,186.614810993682
14.245,-0.944794833660126,-9.39291763305664,4.29251861572266,-123.048767558366,-22.6273973145186,8.86018457059036,1.2500479221344,-11.3344383239746,-2.69748187065125,207.467091661786,-180.010550821035,175.069537333934
14.25,-1.00167405605316,-10.6813812255859,4.94937229156494,-116.836232394998,-22.1114004283863,11.9127164927532,1.8791640996933,-11.0305414199829,-2.71924090385437,202.052909989743,-186.923235015843,164.350279431651
14.255,-1.08742237091064,-12.0188302993774,5.68381977081299,-107.967088323764,-20.4747914806028,14.8123495077034,2.4127984046936,-10.461145401001,-2.94288778305054,194.20715365242,-189.551259582032,154.541007632489
14.26,-1.22475981712341,-13.0515909194946,6.34495830535889,-94.3284914570012,-15.4778319140107,17.5541308745191,2.69092869758606,-9.48274898529053,-2.80167961120605,182.874257894724,-185.144298586135,145.606382537682
14.265,-1.55543339252472,-14.2165203094482,7.08012390136719,-75.5210259924266,-6.77662085012599,19.4509649070381,3.03064703941345,-8.33639049530029,-1.97116839885712,172.523461377407,-178.345200437224,138.9510598708
14.27,-1.92791926860809,-15.2319707870483,7.84104156494141,-53.5623776221858,1.80733635627707,19.7140040297118,3.58362936973572,-7.2171893119812,-0.656817317008972,158.53968724056,-167.174453370425,132.174323761232
14.275,-2.25380992889404,-15.9355754852295,8.61240005493164,-29.0514173327055,7.70765161985324,17.7866373440555,4.41608285903931,-6.18903493881226,1.01561045646667,138.945090285465,-150.375644087913,124.233873681255
14.28,-2.23208570480347,-15.8402824401855,9.39802265167236,-2.01814886434905,0.931679851141817,11.7937132530704,5.58723592758179,-5.2196798324585,2.48407220840454,111.516573710879,-124.434107506963,113.423637659227
14.285,-1.81755125522614,-15.2815799713135,10.2072124481201,27.059741000919,-15.682264598511,4.09771350905438,6.11358833312988,-4.15019273757935,2.71966338157654,82.2273701724087,-93.3574298023221,99.5229117924984
14.29,-1.18781161308289,-14.4456672668457,10.9382600784302,55.8778390715768,-34.8354639935879,-3.15763658065827,5.5530047416687,-3.16870856285095,2.03430962562561,53.6223330227202,-58.4791029565979,82.9666698481709
14.295,-0.446223109960556,-13.4254693984985,11.4945192337036,82.576618235239,-52.2273215262585,-8.68581154862723,3.6425564289093,-2.41359853744507,0.575586795806885,27.2444890802314,-20.7406343959308,63.8723296082667
14.3,0.0188484899699688,-12.4019680023193,11.180682182312,95.8361600936331,-57.2457620377903,-10.1353817424054,0.936771631240845,-2.50027441978455,-1.04249358177185,6.00764314864645,11.7773404358562,42.8769018355377
14.305,0.100763104856014,-11.6652965545654,9.8966703414917,99.4615630333734,-51.593227254282,-9.16615911616036,-1.27318930625916,-3.06694769859314,-2.22301912307739,-12.1036544310009,35.0931499554995,21.1005204783933
14.31,-0.110024407505989,-11.2301359176636,8.00947189331055,93.2944349676071,-38.9552838367778,-6.60302732350188,-2.91738867759705,-3.82280826568604,-3.07267594337463,-28.0933774336791,49.7212909688349,-1.09304264339655
14.315,-0.559439897537231,-11.1266317367554,5.77425003051758,76.6091844102364,-21.8376652294724,-3.00493916402617,-3.90552353858948,-4.54797840118408,-3.65612053871155,-42.6307144970938,55.5393690472569,-23.4397987974202
14.32,-0.888202250003815,-11.1491117477417,4.19547986984253,53.5056392407505,-12.1428298347591,-0.408195957101204,-3.94878387451172,-4.97755289077759,-3.95940494537354,-56.1958834151839,51.7975421180192,-44.0680970720717
14.325,-0.985574543476105,-10.9463701248169,3.07169151306152,35.4506693774146,-10.8894030371499,1.01093501839312,-3.55176138877869,-5.33864736557007,-4.07857751846313,-68.9093618947193,44.1126059997981,-62.4438296943043
14.33,-0.847629845142365,-10.5364351272583,2.35069155693054,23.2860102580681,-16.9871244281178,1.465421888903,-2.92407608032227,-5.64551305770874,-4.03171157836914,-80.962084458853,33.4613289703242,-78.414212162574
14.335,-0.451333105564117,-9.92602062225342,1.99788808822632,18.5223409252197,-29.6316521479819,1.14863696814586,-2.3113534450531,-5.91188192367554,-3.82874345779419,-92.5431346494732,20.84276621459,-91.6022419403581
14.34,0.174148708581924,-9.24336624145508,2.16024255752563,21.3636740067356,-44.2792626155464,0.658382744830156,-1.45969390869141,-6.31905460357666,-3.59942674636841,-103.118699031997,8.05905033849841,-101.737259121417
14.345,0.875984609127045,-8.64404010772705,2.64234280586243,27.2160567102639,-55.0873300525125,0.468533581424832,-0.623078107833862,-7.02434110641479,-3.52158331871033,-110.332232569177,-2.03796879265996,-108.661957618975
14.35,1.60509812831879,-8.18174266815186,3.36524629592896,35.6526312409828,-60.0364612194416,0.614498726051972,0.0462489277124405,-8.04743385314941,-3.42234754562378,-114.678316089002,-7.87357740536036,-112.711583608064
14.355,2.28746128082275,-7.95626735687256,4.22529411315918,46.6202075007307,-55.298710746946,1.14883664445738,0.268948644399643,-9.44254016876221,-2.95321536064148,-117.040332107776,-6.31573291842504,-114.235255377922
14.36,2.71824026107788,-7.95393800735474,4.79466199874878,61.5506185357851,-40.4980835514057,1.60134884324519,-0.0879347249865532,-11.4547328948975,-1.88595950603485,-114.822665306921,5.53083575353751,-110.960992463412
14.365,3.10475158691406,-8.10380554199219,5.16571187973022,78.1794653909898,-22.9217443168003,1.68511993947663,-0.659564316272736,-13.8749313354492,-0.109322652220726,-105.383343873964,24.2087414941802,-100.273631544553
14.37,3.50219368934631,-8.40393161773682,5.32268190383911,94.7485344305786,-4.50352791793022,1.41151237972285,-1.4029768705368,-16.3847904205322,2.15075922012329,-89.7959232822674,47.710155428103,-81.991878910205
14.375,3.996750831604,-8.88813495635986,5.16667222976685,106.960953647696,11.8572767010338,0.885424582782874,-2.34147262573242,-18.1423931121826,4.2405104637146,-71.585300237936,71.8898652032161,-55.8489337110094
14.38,4.47629833221436,-9.4781322479248,4.75245809555054,109.993919639208,27.2450833066891,1.14161446646203,-3.62569665908813,-18.1720333099365,5.13545608520508,-54.5994667155714,84.545693471062,-29.1808733231394
14.385,4.86353349685669,-9.95746612548828,4.19284439086914,105.314700472805,43.4304203658756,2.68272883191223,-4.51263666152954,-17.02121925354,5.060218334198,-40.5530221779947,86.0299755399758,-10.161187904637
14.39,5.11411619186401,-10.2308149337769,3.55097317695618,92.8887558818542,60.7616702149461,5.70060480111323,-4.75122308731079,-15.0051832199097,3.97161984443665,-31.0852393467656,76.4323644730031,-1.71625706435542
14.395,5.09843301773071,-10.0697870254517,3.00870251655579,71.0876458248197,79.0940960227462,10.5878348173682,-3.91281151771545,-13.0475025177002,1.44354164600372,-32.1314160068419,55.8189218597963,-9.32903863729766
14.4,4.86600780487061,-9.64723205566406,2.88289737701416,52.1653887859594,92.0028666861252,14.6053879456628,-3.05506300926208,-11.701753616333,0.284375041723251,-38.9184657020568,34.997052608972,-23.8339604766851
14.405,4.38683128356934,-9.24556732177734,3.11861562728882,32.598088681883,103.768878399469,18.5551838898437,-2.35388159751892,-10.7755823135376,-0.192683309316635,-49.1416025686922,18.5857865524199,-39.5874451652192
14.41,3.61746668815613,-9.0252857208252,3.68102335929871,11.82366107126,116.033316337306,22.6555189108789,-1.8001743555069,-10.2193040847778,-0.365964442491531,-61.4520315853051,8.20427638195216,-54.5028878407074
14.415,2.35462665557861,-9.48844528198242,4.35215759277344,-4.80263257385566,130.438813674266,26.4644319581444,-0.79832649230957,-10.0595188140869,-1.54393517971039,-70.5384644646049,3.00083379344817,-67.0951270473805
14.42,0.707803249359131,-10.5852794647217,4.7738561630249,-9.66658573230604,141.303978077599,28.3637368115957,0.678714990615845,-10.2507801055908,-2.67617988586426,-77.6145541051164,-1.78530579455261,-76.9044466578669
14.425,-1.09555673599243,-12.1366205215454,5.00657653808594,-5.25398428081479,145.633730615119,28.3043756375191,2.29942870140076,-10.6581830978394,-3.19695568084717,-83.6682463891471,-3.9430707691693,-83.3221197227675
14.43,-2.94311571121216,-14.0713024139404,5.06142520904541,7.39345779539078,141.073841683705,26.112135923397,3.89576101303101,-11.2164325714111,-2.78816437721252,-89.2592753191795,-1.88791252480254,-85.8466805834093
14.435,-4.81700086593628,-16.3558902740479,4.75296354293823,23.8632739410555,120.236505469505,21.0757781181249,5.44853258132935,-11.8156566619873,-1.71007132530212,-96.0997097729472,9.26849413294737,-84.6258184202154
14.44,-6.70146894454956,-18.151029586792,4.06943702697754,35.5937891612831,92.8171071974608,15.5646624013817,7.14404773712158,-12.1923904418945,-1.20943021774292,-102.281194896349,20.2457274264081,-83.51252490626
14.445,-8.5261058807373,-18.9847888946533,3.01140594482422,42.5778556631071,63.4986704493428,10.5916827751918,8.75339698791504,-12.3401727676392,-1.2555980682373,-107.428302511465,29.17111639791,-82.9465207901194
14.45,-10.2312049865723,-18.4226913452148,1.55638551712036,44.5191866705214,35.8922684280127,6.99596469135813,10.0891094207764,-12.2398452758789,-1.85766386985779,-111.178875497935,34.4285520586898,-83.3112938729331
14.455,-10.7011432647705,-15.6293458938599,-0.542899966239929,42.9319394998697,15.7204334031403,5.22714761379217,10.2295866012573,-12.0637826919556,-2.87329030036926,-112.322276485752,38.733528084995,-83.7014615990809
14.46,-10.4335403442383,-13.0912981033325,-2.24361562728882,37.8561766257285,0.522004944641894,2.77669772073962,9.72190952301025,-11.8977327346802,-3.64457702636719,-111.630098285074,47.4035516513557,-83.1275754446381
14.465,-9.29723167419434,-10.7042779922485,-3.51253461837769,29.853199578995,-11.0645615308676,-1.02537627945435,8.79970645904541,-11.6570816040039,-4.18587779998779,-109.623941952247,58.8739152113813,-81.7813929705527
14.47,-7.06060028076172,-8.34889888763428,-4.2746958732605,19.4030630828415,-20.4720901407861,-7.12483029731558,7.7246208190918,-11.2297801971436,-4.49753618240356,-106.85805684785,71.3941300732565,-79.8444127936396
14.475,-4.38666677474976,-6.5299277305603,-4.15067481994629,8.92614114608424,-29.4306123599517,-14.9542927914873,6.58082485198975,-10.7160959243774,-4.7104868888855,-103.433010677223,77.6268894267575,-77.7333174344046
14.48,-2.15097093582153,-5.24383592605591,-3.7806339263916,-1.79337544961357,-37.9380671787824,-21.6763225008983,5.38388204574585,-10.281268119812,-4.84750699996948,-100.035954621815,79.852301662131,-76.0055937630932
14.485,-0.398345202207565,-4.4225811958313,-3.27874088287354,-12.6994082898451,-46.3295658760738,-26.810348596207,4.25294828414917,-9.95723724365234,-4.92413473129272,-96.5722222597287,76.7887022721918,-74.7520559749099
14.49,0.827576518058777,-3.98654389381409,-2.78005146980286,-23.682617145056,-55.2280831758335,-29.5773453138911,3.419105052948,-9.79878902435303,-4.96105718612671,-92.7830587044482,65.2109374025624,-74.1360138929098
14.495,1.63312292098999,-4.05491828918457,-1.99109208583832,-32.6416755340715,-61.95521162146,-29.6351901859719,2.18516063690186,-9.70463180541992,-4.92526769638062,-87.0587727837089,42.4684531080764,-72.4594619988601
14.5,2.16108727455139,-4.44528865814209,-1.1872763633728,-39.1208578675427,-64.8866263603919,-28.5962432811321,0.628336012363434,-9.5142765045166,-5.25155162811279,-82.0007991372611,21.6568445089327,-69.8338826403939
14.505,2.40450572967529,-5.1282320022583,-0.532151639461517,-43.9247689674336,-62.8371461376595,-26.3442599023399,-1.01929581165314,-9.24375057220459,-5.97085332870483,-77.6048757270625,4.11649567549827,-65.6941118146383
14.51,2.2653284072876,-6.11108589172363,-0.414859354496002,-49.4074881727025,-52.4968271305288,-21.8444715129803,-2.11894941329956,-8.99074840545654,-7.05082321166992,-72.9728531678241,-10.7179268691685,-58.2178687114124
14.515,1.79937493801117,-7.38070678710938,-0.70647668838501,-57.1208071420195,-38.0864632837847,-16.4384741151109,-1.81750118732452,-8.92575073242188,-8.07555675506592,-68.4258937845091,-29.5755660496123,-50.8103919527502
14.52,1.21207928657532,-8.70280361175537,-1.14355087280273,-65.5926220337611,-24.2024201541033,-11.6261038259329,-0.65405660867691,-8.92495918273926,-8.72377109527588,-64.435792894036,-47.8584934764974,-45.2391090996083
14.525,0.52431458234787,-9.96177673339844,-1.65100145339966,-74.4185378377382,-11.9896090548819,-7.66598490459523,1.12733864784241,-8.96675586700439,-8.90319442749023,-61.0831672191786,-63.130721328565,-41.8747354993784
14.53,-0.371944814920425,-10.8524494171143,-2.14190578460693,-83.1834259014813,-2.19461768717032,-4.26518590552169,2.92690873146057,-9.07405185699463,-8.5044994354248,-58.2724350926916,-68.6222548929578,-40.6798826965439
14.535,-1.49064815044403,-11.3054962158203,-2.47034358978271,-91.0444818625457,6.09134669003814,-0.254083784176415,4.22865867614746,-9.37100410461426,-7.77051544189453,-55.2402818936912,-65.9560359089299,-40.2178613803276
14.54,-2.62508106231689,-11.4562244415283,-2.6724681854248,-97.3223272947578,13.5029365032412,3.91770984989422,5.0514235496521,-9.76565170288086,-6.84279632568359,-51.9854611126537,-58.1768602556356,-39.7008843620493
14.545,-3.65765523910522,-11.3545970916748,-2.77368068695068,-101.563478618364,20.2229692360936,7.92373746085129,5.3909649848938,-10.2165117263794,-5.78841066360474,-48.575332075174,-46.3472458207403,-38.812331392544
14.55,-4.21219635009766,-11.1037902832031,-2.90934610366821,-102.404370527841,26.1872765420036,10.3486023190466,5.28131484985352,-10.6202020645142,-4.80306911468506,-45.6079358996944,-31.872316195772,-37.1993890502347
14.555,-4.33959197998047,-10.8475246429443,-3.12981510162354,-101.123511982978,30.0486420270003,10.6710965308979,4.995032787323,-10.8575029373169,-3.91267132759094,-42.7578004118856,-16.1756347754704,-34.9028711305067
14.56,-4.23695468902588,-10.6314363479614,-3.33653044700623,-98.4128489580204,30.948218921826,9.09405195531889,4.49569082260132,-10.9721002578735,-3.1104371547699,-40.1605287724345,0.622165560034458,-32.1735036325075
14.565,-3.98983597755432,-10.4790811538696,-3.46870708465576,-94.5006532052205,28.1655520426386,5.64293452574305,3.76820874214172,-10.9838571548462,-2.40832471847534,-37.9152611771437,18.2607071139677,-29.1692210204153
14.57,-3.49565839767456,-10.3407325744629,-3.3822557926178,-88.3518368766191,19.8532715868883,0.748800628980227,3.1002516746521,-10.9579839706421,-1.99783575534821,-36.265504115208,32.0980197968951,-26.7837245188223
14.575,-2.93132305145264,-10.2019662857056,-3.10374307632446,-80.8773491320098,9.35470136555669,-4.15996171871576,2.318354845047,-10.9094648361206,-1.7838933467865,-35.0137729120602,39.5389371617337,-25.270496108206
14.58,-2.34341192245483,-10.0500841140747,-2.69854354858398,-73.0814190246815,-1.81362418573831,-8.74388864713985,1.46898913383484,-10.8286733627319,-1.72640204429626,-34.1130041492243,42.4921162984559,-24.3848596294763
14.585,-1.76755690574646,-9.87417793273926,-2.21093368530273,-65.7436511766884,-12.4856694726006,-12.7129081587397,0.58501124382019,-10.7059707641602,-1.80302762985229,-33.5472151840426,42.2019357115679,-23.9704993732883
14.59,-1.2893899679184,-9.60542011260986,-1.77740395069122,-60.4331790970035,-20.3597352364867,-15.3295314316568,0.0180294550955296,-10.5133771896362,-1.93697071075439,-32.8191067732355,38.2978644687857,-23.84568791149
14.595,-0.937897741794586,-9.31009674072266,-1.44803977012634,-56.8065637986856,-26.018108124188,-17.0360729788047,-0.261574178934097,-10.2695159912109,-2.12505173683167,-32.0341131319259,32.1628246317402,-23.8866690465101
14.6,-0.709567070007324,-9.0114278793335,-1.2301584482193,-54.7911764651953,-29.491909892658,-17.9553156957981,-0.317986965179443,-9.99593162536621,-2.35898566246033,-31.3468492523555,24.5820540210037,-24.0017440736465
14.605,-0.609458029270172,-8.73833084106445,-1.14152884483337,-54.4197166271842,-30.6521985231976,-18.1809646554078,-0.214685931801796,-9.71740436553955,-2.63189125061035,-30.9590891678901,16.4309352938145,-24.0813960321999
14.61,-0.590190351009369,-8.59230709075928,-1.09388053417206,-55.7164929279082,-28.6978560054144,-18.1493374644561,-0.0672013536095619,-9.47475051879883,-2.88873505592346,-30.4070049772779,9.38553113192283,-23.8909601128562
14.615,-0.613112449645996,-8.53658866882324,-1.07331585884094,-57.4180740501714,-24.5742300393094,-18.1567943234824,0.0546787492930889,-9.29871940612793,-3.16277098655701,-29.862341787199,3.72476682423829,-23.6544835958647
14.62,-0.679371416568756,-8.55069351196289,-1.09205913543701,-59.1150618702178,-18.5193202740592,-18.1528123231963,0.123770043253899,-9.19072151184082,-3.45388793945313,-29.3237130692518,-0.419383887002964,-23.4266797115719
14.625,-0.79977148771286,-8.60703086853027,-1.17887270450592,-60.1642677191909,-10.6812598523829,-18.0092724826939,0.0903547704219818,-9.15735340118408,-3.76017308235168,-28.7710483125602,-2.66658119749726,-23.2885493808921
14.63,-0.913766145706177,-8.70318126678467,-1.23823797702789,-61.0607300477551,-2.36058402692563,-17.619471879214,-0.0269754622131586,-9.17449188232422,-4.13557815551758,-28.1729969488339,-5.13686958843752,-23.6670152854444
14.635,-1.00352692604065,-8.832444190979,-1.25255787372589,-62.1404053706157,5.36776797531121,-16.8530068335754,-0.150064677000046,-9.22133922576904,-4.30090665817261,-27.6751307998534,-8.07020403741304,-24.2767001688745
14.64,-1.07266664505005,-8.98133659362793,-1.23535907268524,-63.5581887177703,12.0664879566323,-15.6349655385087,-0.212849110364914,-9.27851009368896,-4.28710222244263,-27.0953945883864,-11.5800043179035,-24.9323983291957
14.645,-1.13630390167236,-9.11485862731934,-1.22952568531036,-65.6732046055889,16.7606934118481,-13.7537982523984,-0.0460813269019127,-9.29810810089111,-4.26942205429077,-25.8438034041166,-15.9613717412071,-25.2032802165839
14.65,-1.14459574222565,-9.23136329650879,-1.23290538787842,-68.7615770916477,19.0588949732065,-11.3058063736734,0.196527943015099,-9.32215976715088,-4.31925582885742,-24.606031400085,-19.7845564687434,-24.8215153306625
14.655,-1.14041864871979,-9.31617164611816,-1.23196482658386,-71.972421699714,19.7613184576397,-8.58114402223866,0.510855793952942,-9.40124797821045,-4.28178310394287,-23.2656545867942,-22.6856263847403,-23.8091293239575
14.66,-1.13306879997253,-9.36587047576904,-1.22623682022095,-74.9530274610484,19.0995243534843,-5.73804192172771,0.902605950832367,-9.54171943664551,-4.13032245635986,-21.8848276856913,-24.43628241619,-22.2980694984027
14.665,-1.12305057048798,-9.37922191619873,-1.22707331180573,-76.9083057147479,17.3538868035272,-3.2247442564707,1.40251874923706,-9.72261142730713,-3.89518284797668,-20.8700306222094,-24.3350470598594,-20.8820585853378
14.67,-1.08933162689209,-9.37471294403076,-1.28800427913666,-78.0347131919097,16.1971976826802,-1.50002362723828,1.92245256900787,-9.86494064331055,-3.65804171562195,-19.9273774318357,-21.6959746626877,-19.0408000945478
14.675,-1.07100415229797,-9.37109279632568,-1.38395392894745,-78.3381580061659,15.6755010036854,-0.520013944498835,2.39884877204895,-9.98063850402832,-3.3770170211792,-18.9836484866677,-16.9554699164093,-16.9844794373617
14.68,-1.07543253898621,-9.37514305114746,-1.50058591365814,-77.7686773237377,15.8400214777708,-0.315257092817165,2.79786729812622,-10.0662221908569,-3.052401304245,-18.0492410421695,-10.1162042787633,-14.8034753844243
14.685,-1.05018079280853,-9.38933086395264,-1.58341264724731,-76.1160584125398,16.8151419723641,-1.06454592024049,3.03445506095886,-10.0676736831665,-2.81268644332886,-17.4089671565415,-0.524808683935331,-12.6965942519071
14.69,-0.950444042682648,-9.45343971252441,-1.62179970741272,-74.1466416672583,18.6989252209266,-2.30599992984324,3.11628413200378,-10.0764904022217,-2.68641304969788,-17.2489255790044,11.3143406950413,-10.555822574502
14.695,-0.812778890132904,-9.55788898468018,-1.632772564888,-72.1343381641783,21.0067078301432,-3.91023335407399,3.04070377349854,-10.0910968780518,-2.60521197319031,-17.2053660475726,23.3180694584849,-8.59613116482496
14.7,-0.656329274177551,-9.69461345672607,-1.61787474155426,-70.2509066703582,23.4446174958796,-5.79063224390269,2.78748559951782,-10.1098527908325,-2.53272867202759,-17.0962828038856,34.2198897795459,-6.93855353628959
14.705,-0.516331315040588,-9.7690954208374,-1.4705696105957,-69.0287809221678,24.9031958553994,-7.25453430899366,2.17511391639709,-10.1123561859131,-2.41901803016663,-16.9847014185097,40.8486225199891,-5.53839549228824
14.71,-0.432270109653473,-9.80575275421143,-1.2852954864502,-67.5592930429962,26.0047107081311,-8.77051955471373,1.33067989349365,-10.1147146224976,-2.39264583587646,-16.8489377483774,43.8898701158694,-4.52693881819726
14.715,-0.421107560396194,-9.78464889526367,-1.11376059055328,-65.9270554162816,26.8406900040475,-10.2130572149677,0.464627861976624,-10.0989723205566,-2.42926287651062,-16.5726258605991,42.6337300256124,-4.1460772247936
14.72,-0.500806987285614,-9.68638134002686,-0.997961640357971,-64.1894552914303,27.4677184453276,-11.4777393105555,-0.25686901807785,-10.0497341156006,-2.51334619522095,-16.0545440592226,36.2520691331106,-4.62694687491141
14.725,-0.633294403553009,-9.46710109710693,-0.964785933494568,-63.3525112312937,27.8609341433925,-12.1207102671321,-0.45655283331871,-9.98547172546387,-2.49624156951904,-15.4939443302627,26.0604348064746,-6.27947955497109
14.73,-0.739609837532043,-9.27141284942627,-0.934324264526367,-62.9663186752428,29.0122427827209,-12.5063666533331,-0.440872728824615,-9.9081916809082,-2.56049799919128,-15.1837427513701,18.6454994812387,-7.82671376991761
14.735,-0.823381900787354,-9.13343143463135,-0.918842375278473,-62.7782084353115,31.1097528956968,-12.7375215991875,-0.265286892652512,-9.82903289794922,-2.72815322875977,-14.9645466129788,14.3923799586595,-9.05183199473811
14.74,-0.88743531703949,-9.1004581451416,-0.934903502464294,-62.4859787916725,34.4626005517023,-12.9314665282173,0.012826762162149,-9.76184749603271,-3.03484797477722,-14.6430940049759,14.0281515834321,-9.65763989204062
14.745,-0.958821713924408,-9.19116973876953,-1.07543623447418,-61.4870499651798,38.656049834145,-13.4333223614468,0.165298253297806,-9.74837684631348,-3.16933012008667,-14.2383113815515,14.3381550868388,-9.69552695136668
14.75,-1.00681221485138,-9.305419921875,-1.25557398796082,-59.8914084920381,43.0850074542643,-14.0119776954775,0.131644889712334,-9.73398017883301,-3.17055535316467,-13.9630453664899,13.8244215546426,-9.61742629952852
14.755,-1.0412929058075,-9.41026592254639,-1.45487928390503,-57.7148594299868,47.4024041795752,-14.5646151314124,-0.0584609620273113,-9.71275329589844,-3.05826354026794,-13.8082681572556,12.2198180195362,-9.56228532858536
14.76,-1.08280789852142,-9.45283985137939,-1.64557921886444,-54.9146116438758,51.0025764005214,-14.9180074115216,-0.358900010585785,-9.6785364151001,-2.85380601882935,-13.7471567472042,9.06104762747574,-9.74822015326603
14.765,-1.13090074062347,-9.42198944091797,-1.74390542507172,-52.2385947534836,53.218269276706,-14.7884199399462,-0.416027426719666,-9.65558433532715,-2.8432731628418,-13.6740967749735,3.47057727885145,-10.8020611393647
14.77,-1.19521224498749,-9.33467102050781,-1.81818652153015,-50.1169877331159,54.44431555348,-14.3377401528467,-0.247016459703445,-9.65189838409424,-2.93590116500854,-13.5748686404852,-1.81770757164492,-12.3016471008876
14.775,-1.27595210075378,-9.20010566711426,-1.88327932357788,-48.5264654867571,54.8663870932409,-13.6278666395762,0.10902327299118,-9.64964389801025,-3.09513735771179,-13.3878426930846,-5.92937814538139,-14.0567589769971
14.78,-1.37171876430511,-9.03465270996094,-1.95672214031219,-47.2910242847798,54.8079479947023,-12.7564309779046,0.561565756797791,-9.59416198730469,-3.25370621681213,-12.9309303583674,-7.20781581507077,-15.6907750142169
14.785,-1.49284136295319,-8.89739036560059,-2.02413606643677,-46.0939619157488,54.5733788080365,-11.8578769039072,0.85258686542511,-9.49361991882324,-3.41404843330383,-13.1941795093581,-5.10108067784713,-16.8054294433644
14.79,-1.61281108856201,-8.82382774353027,-2.0949695110321,-45.072353446117,54.1722349678925,-11.071417333247,0.988452792167664,-9.41818904876709,-3.49105739593506,-13.5714091496706,-1.84667611146223,-17.4524874143855
14.795,-1.72076880931854,-8.82051181793213,-2.17156982421875,-44.2939543524511,53.4809925031306,-10.447270378023,0.977728307247162,-9.38267421722412,-3.48187661170959,-13.913985825229,1.86356695583626,-17.6654049013823
14.8,-1.79254853725433,-8.88247203826904,-2.25544309616089,-43.9378556098833,51.9136928999498,-10.0805805733734,0.854017436504364,-9.38601016998291,-3.45828056335449,-14.1344583552215,5.03861091392454,-17.5485335344943
14.805,-1.83211410045624,-8.94343852996826,-2.2962658405304,-43.9324631755336,50.1484783202842,-10.0008065251886,0.732959508895874,-9.42722797393799,-3.42736768722534,-13.8938948237854,7.81189738206056,-17.357254086788
14.81,-1.86671841144562,-8.99871063232422,-2.30040907859802,-44.197672590816,47.6621152925757,-10.0705043368004,0.625617146492004,-9.50204658508301,-3.36570596694946,-13.5439073929775,9.96000809772885,-17.350551963665
14.815,-1.90967118740082,-9.04707527160645,-2.27596235275269,-44.7300277800106,44.2304404233592,-10.2426592548305,0.535083413124084,-9.61119842529297,-3.27770662307739,-13.2363952010706,11.4021829041832,-17.6030947931316
14.82,-1.9937424659729,-9.09318542480469,-2.27928566932678,-45.6545143747393,39.6793760963529,-10.4817560031424,0.452251970767975,-9.76391410827637,-3.27078533172607,-13.246975164095,12.263030065094,-17.9538454975793
14.825,-2.03856420516968,-9.09455680847168,-2.27902889251709,-47.1587849922592,34.8751576379494,-10.7447814654377,0.366917818784714,-9.87816047668457,-3.27626466751099,-13.0763425244761,12.9565247847347,-18.3981663785615
14.83,-2.03366279602051,-9.05972862243652,-2.26922941207886,-49.3642496601617,29.9546722843993,-10.9106082132018,0.322879284620285,-9.95354080200195,-3.25616788864136,-12.7634353368985,13.2404292815491,-18.9767670710789
14.835,-1.96926379203796,-8.99194812774658,-2.24414277076721,-52.3994935197616,25.0097365611678,-10.9100344773116,0.344176381826401,-9.98520278930664,-3.18921160697937,-12.3415319905459,12.9852371924582,-19.7183753507806
14.84,-1.81864845752716,-8.90473937988281,-2.16654849052429,-56.7245127361862,20.5088587566355,-10.7453210503821,0.406149119138718,-9.92848300933838,-3.07863855361938,-12.182008653612,12.5706694692742,-20.6190126324749
14.845,-1.60581624507904,-8.83329391479492,-2.06878566741943,-61.6391855987526,17.0046302029605,-10.4671966011528,0.495706498622894,-9.82428359985352,-3.0365264415741,-12.1341520794186,11.8271683733988,-21.5122476966563
14.85,-1.36302125453949,-8.77948570251465,-1.95836389064789,-66.5417792717719,14.68254005498,-10.1432202382516,0.606294512748718,-9.69330501556396,-3.06042218208313,-12.2875188545894,10.876558012642,-22.3298008497393
14.855,-1.11410045623779,-8.74588775634766,-1.84048533439636,-70.9526061547394,13.7625955360493,-9.82435627194416,0.733984351158142,-9.55038642883301,-3.15241384506226,-12.7257104945652,9.80311694494636,-23.0126934082409
14.86,-0.940690219402313,-8.71647167205811,-1.72781360149384,-73.4931633184174,13.905958645407,-9.90390236256543,0.799734652042389,-9.46002006530762,-3.09970474243164,-12.935813943624,9.16000084684995,-23.4245845510439
14.865,-0.761750876903534,-8.68691730499268,-1.57298934459686,-74.7782019390527,14.7968518084766,-10.1078936460907,0.870336532592773,-9.40410900115967,-3.0389187335968,-13.1888553769,8.81221444450207,-23.850206081626
14.87,-0.572004973888397,-8.64046001434326,-1.41616010665894,-74.954338857369,16.6258432795172,-10.3000243061222,0.947563707828522,-9.38152027130127,-2.91812205314636,-13.5001403945497,9.1485107611187,-24.2497858084501
14.875,-0.363990485668182,-8.55473613739014,-1.30761349201202,-74.120475212548,19.7045237271438,-10.3081249104778,1.03415441513062,-9.39339447021484,-2.66744780540466,-13.8933825595977,10.7099457931233,-24.571349407027
14.88,-0.100303575396538,-8.51334667205811,-1.32038807868958,-73.0438461540572,24.4188637262592,-10.0965538245212,1.08983409404755,-9.36111736297607,-2.48296999931335,-14.2840634037069,12.5223236827815,-24.9684702657499
14.885,0.214009642601013,-8.52600288391113,-1.38412320613861,-72.0118933629275,30.2474244375098,-9.96738299448517,1.07568371295929,-9.30609035491943,-2.4181809425354,-14.9470681588927,14.7602590699983,-25.2342226810713
14.89,0.566125452518463,-8.58768653869629,-1.46538388729095,-70.740747347064,36.7563317542489,-10.0164058234793,0.959585607051849,-9.24177360534668,-2.38943552970886,-15.8223398255569,17.3250856033446,-25.3658643320396
14.895,0.936256766319275,-8.69303131103516,-1.5100713968277,-68.6371447053484,43.2500179944226,-10.4120803896454,0.67405092716217,-9.19043922424316,-2.23641133308411,-16.7894980271253,20.0458897516719,-25.3658643320396
14.9,1.29906535148621,-8.8235502243042,-1.47344505786896,-66.5924182942784,47.2458801494606,-10.9012295096978,0.382376998662949,-9.18209266662598,-2.09204030036926,-17.567767347197,21.1222575554269,-25.7601728603717
14.905,1.63124215602875,-8.92177772521973,-1.44472980499268,-64.3223571123005,51.1353382025135,-11.6957239441428,0.146486878395081,-9.21042442321777,-1.99663090705872,-18.5381989169251,21.090664515421,-26.6994331542752
14.91,1.89589202404022,-8.97827434539795,-1.43502044677734,-61.8932276547421,55.5596751996593,-12.8421122859479,-0.0353529490530491,-9.27712535858154,-1.94158232212067,-19.6347892032653,20.4086445135858,-28.1513281736921
14.915,1.98802077770233,-8.98267269134521,-1.44587421417236,-59.586720583353,61.563472951803,-14.4307604991531,-0.185789212584496,-9.39289665222168,-1.89088535308838,-20.5384283530998,20.1529837027631,-30.0136851188282
14.92,1.84267961978912,-9.01912689208984,-1.47107803821564,-57.1542921444255,68.4416305403568,-16.4506796631577,-0.246185123920441,-9.48885154724121,-1.93358552455902,-21.434890681664,20.0719025271259,-32.0183661307944
14.925,1.51773178577423,-9.10546779632568,-1.51362824440002,-53.9586515374516,75.4185185133631,-18.8986843484874,-0.261971205472946,-9.53666687011719,-1.99136435985565,-22.3288856043905,20.0506742991855,-34.0428820121104
14.93,1.01117753982544,-9.24815082550049,-1.60070621967316,-49.7812839354097,82.3636734274855,-21.6736570195747,-0.264673948287964,-9.53629589080811,-2.03421950340271,-23.257900614539,20.178400544212,-36.0485738920738
14.935,0.25582093000412,-9.45947170257568,-1.8561624288559,-44.2397499711979,89.4439294833907,-24.3068947276479,-0.355986177921295,-9.51584148406982,-2.0004575252533,-24.3921508564152,20.9856179135335,-37.9774842004825
14.94,-0.643475830554962,-9.67533683776855,-2.31493330001831,-38.0793633021424,96.9343725499011,-26.3747737724569,-0.590663969516754,-9.54993724822998,-1.84355533123016,-25.2463172385441,22.8575063876564,-40.0677543129382
14.945,-1.58133447170258,-9.87074947357178,-2.84318923950195,-31.7390011484572,103.936197543567,-27.9104205714765,-0.903465390205383,-9.59329319000244,-1.7234480381012,-26.0194468412654,24.7726572799821,-42.5843853239536
14.95,-2.50532531738281,-10.0363960266113,-3.37547898292542,-25.4221997323138,109.754439546529,-28.8617805454947,-1.27747559547424,-9.63006401062012,-1.69693005084991,-26.8110042943673,26.2602024717719,-45.6390064302288
14.955,-3.27616190910339,-10.1716060638428,-3.738849401474,-19.5953602287341,111.423177704168,-28.8543663751506,-1.737260222435,-9.65571784973145,-1.76933562755585,-27.8895492209203,26.3512915820904,-49.2893122396829
14.96,-3.76479578018188,-10.2650575637817,-3.90725040435791,-15.0014057288348,108.578697612992,-28.1314967194369,-2.16975688934326,-9.68951320648193,-1.8569004535675,-28.9304273617479,25.400151881673,-53.0474018493344
14.965,-4.11994028091431,-10.3331394195557,-3.93594479560852,-11.5741047420079,102.526774347957,-26.8502488537909,-2.5159809589386,-9.72702503204346,-1.96879351139069,-29.9151391494832,23.7061744675034,-56.8413977634526
14.97,-4.4115686416626,-10.3823823928833,-3.84942007064819,-9.33628802932798,93.8482062149442,-25.0639067914752,-2.73995780944824,-9.76890754699707,-2.11535501480103,-30.8175744784766,21.3900829331614,-60.6470528104841
14.975,-4.6198935508728,-10.3999347686768,-3.7031717300415,-8.16155184114644,83.8002466250468,-22.7978088267631,-2.84077143669128,-9.86525249481201,-2.37127876281738,-31.3996875957747,18.5235857271959,-64.6746377791222
14.98,-4.66292190551758,-10.390754699707,-3.53808951377869,-7.38120699734071,73.7427794118246,-20.4014369564642,-2.83487105369568,-9.97390651702881,-2.61590647697449,-31.838428212205,16.3016295675424,-67.7900441539159
14.985,-4.54163932800293,-10.3669700622559,-3.36499810218811,-7.09148446001394,64.0361653558877,-17.8869420871117,-2.75107383728027,-10.0771770477295,-2.81604433059692,-32.2305766932121,14.450240198666,-70.5575343527675
14.99,-4.24677038192749,-10.3373403549194,-3.19202256202698,-7.39901415428058,54.9886952907083,-15.2567677188813,-2.60754728317261,-10.1606550216675,-2.94254875183105,-32.6503123082769,12.7740357904903,-73.4049104441516
14.995,-3.82450914382935,-10.2974996566772,-2.99092292785645,-8.67645845833254,47.4742236186979,-12.7219803575047,-2.4583625793457,-10.1559238433838,-3.05289745330811,-33.0727731688206,11.7981887345241,-76.630419468366
15.0,-3.43107604980469,-10.2461309432983,-2.79399085044861,-9.82846292318264,42.0310887747638,-10.837804373065,-2.33099746704102,-10.1198253631592,-3.0932195186615,-33.6366974923589,11.7410337115494,-79.8523972847794
15.005,-3.09702968597412,-10.2011203765869,-2.63783574104309,-10.945355093057,37.8891732696088,-9.36487066345719,-2.1975724697113,-10.0657081604004,-3.07176947593689,-34.3063497291545,12.5858743241403,-83.0557696658937
15.01,-2.86533260345459,-10.1854276657104,-2.57158946990967,-12.1379249051614,34.1809781918443,-8.03406379896721,-2.02259302139282,-10.0089569091797,-2.99416756629944,-35.0449834614726,14.3811118540763,-86.2201484970364
15.015,-2.84666299819946,-10.3385162353516,-2.59975957870483,-13.056172975857,31.4071427472537,-7.05082477077167,-1.7603771686554,-10.0458707809448,-3.16645073890686,-36.2677307568774,16.2557067906578,-89.5332205464103
15.02,-2.99030184745789,-10.613429069519,-2.67795443534851,-12.9912580042116,29.5023532518989,-6.73134011102339,-1.55405759811401,-10.1984834671021,-3.37188506126404,-37.1979068991848,19.6215813249577,-92.9912360401611
15.025,-3.2529194355011,-10.974045753479,-2.77766108512878,-11.8341121144637,28.6035362156184,-6.95725544801073,-1.4526219367981,-10.4823627471924,-3.50963258743286,-37.9429439338498,24.8643884280826,-96.5128474252738
15.03,-3.57027912139893,-11.3658905029297,-2.85179257392883,-9.33772407660097,29.0829113349684,-7.52844794659962,-1.54486286640167,-10.9385032653809,-3.40432024002075,-38.7686694082747,32.7637856560529,-99.9509870685398
15.035,-3.72910618782043,-11.7291975021362,-2.85924172401428,-5.64075057275593,30.7038210929446,-7.37829221411241,-1.72759437561035,-11.4353818893433,-2.99907112121582,-39.8674829211897,38.5568174307884,-103.749548964118
15.04,-3.68503975868225,-12.1038761138916,-2.79711604118347,-1.27687227570897,31.8125998518586,-6.46848412279686,-1.86799252033234,-11.8272800445557,-2.587721824646,-41.3499003484601,43.0223746195753,-107.737525665759
15.045,-3.44649243354797,-12.49196434021,-2.68280577659607,3.7126483611034,32.0233794896452,-4.80553753868703,-1.95386719703674,-12.1171436309814,-2.17694091796875,-43.2792102229352,46.5311657396159,-111.876886680165
15.05,-3.03638911247253,-12.8861017227173,-2.56320786476135,9.45871746265317,30.7333343403482,-2.35386248045211,-1.99309921264648,-12.357253074646,-1.67932820320129,-45.8399437654214,49.7913926153814,-116.132996118053
15.055,-2.66691470146179,-13.2192831039429,-2.54181337356567,15.4042537011767,29.6966311526508,0.554301600854005,-1.91610896587372,-12.605562210083,-1.20322954654694,-48.2073078223153,51.5150215882854,-120.332947740586
15.06,-2.39388918876648,-13.472562789917,-2.58232235908508,21.6157506757914,29.06899140944,3.38795354767886,-1.77306318283081,-12.8539543151855,-0.75750857591629,-50.0624384273096,52.5706375697946,-123.782411837496
15.065,-2.23615336418152,-13.6654253005981,-2.68848490715027,28.3288396675788,28.6628547010127,5.92988357937998,-1.59603357315063,-13.1025466918945,-0.356807559728622,-51.4607728108025,53.3922478552446,-126.547040187085
15.07,-2.22581267356873,-13.9077367782593,-2.91409969329834,36.5766260620913,27.4472466608378,7.69744902478053,-1.48452007770538,-13.3599996566772,-0.060594093054533,-52.979892259578,55.1366371881308,-129.627687729192
15.075,-2.25696420669556,-14.1727161407471,-3.14971876144409,46.2595427767028,24.8480454929461,8.91420112164141,-1.4331488609314,-13.731499671936,0.166408270597458,-54.2386209915305,57.1414650491642,-133.790537764153
15.08,-2.30458116531372,-14.4256134033203,-3.32637286186218,56.3152341407407,21.0839897130546,9.8879069133029,-1.45000767707825,-14.2190284729004,0.503729820251465,-55.1368011126709,58.7335684843159,-138.837186956957
15.085,-2.35387444496155,-14.6437654495239,-3.40779304504395,66.2557719304668,16.1834331439553,10.7997209458003,-1.53775656223297,-14.81591796875,1.01457107067108,-55.7117561917188,59.5737500541191,-144.773618553317
15.09,-2.35124254226685,-14.7444744110107,-3.30823373794556,75.0060297290077,10.062907458896,12.3132772054968,-1.67837810516357,-15.434380531311,1.68324768543243,-56.6276982197959,58.9029776662997,-151.972610617754
15.095,-2.22676610946655,-14.8014106750488,-3.12626481056213,82.8214736867948,4.31152447017199,14.4865921729761,-1.73054337501526,-16.0049667358398,2.47542238235474,-58.0778088522921,56.7458570773425,-159.57492535268
15.1,-2.02398729324341,-14.8287582397461,-2.91896963119507,89.3726769499692,-0.354473584432145,16.6615429707616,-1.61434948444366,-16.5074634552002,3.33096671104431,-59.9121859274933,52.9586811071105,-166.857382328774
15.105,-1.76203882694244,-14.8262910842896,-2.72365403175354,94.5857437019005,-3.58699507848996,18.5261043594523,-1.26849019527435,-16.9127712249756,4.20066356658936,-62.0814061965651,47.2281865444157,-173.315572075832
15.11,-1.4499603509903,-14.6847801208496,-2.69486379623413,101.524382615555,-7.01007970416479,20.7143467053627,-0.516891658306122,-16.9572010040283,4.70645904541016,-64.7351464249793,36.9109979729092,-177.059212420294
15.115,-1.06840038299561,-14.4894227981567,-2.80223941802979,109.458869940386,-9.64735874979245,23.2045636673103,0.169152587652206,-16.7182197570801,4.61926507949829,-67.3596466135567,25.613648227202,-177.827991192514
15.12,-0.591588199138641,-14.3350124359131,-2.94084477424622,117.755985668632,-11.1005737032665,25.55861056287,0.648987829685211,-16.3956832885742,4.18135404586792,-69.375255928195,15.7093736193268,-176.157900657419
15.125,0.0068191289901733,-14.299503326416,-3.02907109260559,125.933948746806,-10.9802496757529,27.419425592801,0.798039197921753,-16.1435413360596,3.56408357620239,-70.2833364085374,9.17237373453143,-172.326232834934
15.13,0.704905807971954,-14.2889671325684,-2.88511157035828,134.968663433711,-10.1061084053964,27.4054390729281,0.454790443181992,-16.2050514221191,2.86342597007751,-67.3515050280661,10.4248374754677,-167.846448362106
15.135,1.31499266624451,-13.9438028335571,-2.66252112388611,145.027373741362,-9.43205752677531,26.1891428911943,0.128758311271667,-16.3594493865967,1.69778370857239,-64.1000276246274,10.3183608027227,-164.844976372857
15.14,1.80203032493591,-13.2700796127319,-2.3836932182312,156.033690834082,-8.92244686751691,24.2754382914254,-0.254142910242081,-16.6318340301514,0.364680856466293,-60.9247068304343,7.33512371101064,-163.22592101124
15.145,2.1125168800354,-12.2501487731934,-2.07243824005127,167.964569653612,-8.54513441116071,22.2450467398759,-0.791369736194611,-17.0628147125244,-0.774952113628387,-58.3286885306958,-0.653170403358938,-162.975089144161
15.15,2.21383595466614,-11.2772312164307,-1.77953195571899,179.803800994859,-8.65433462183723,21.5084842624236,-1.21029579639435,-17.4083118438721,-0.402281999588013,-56.254804042059,-2.5636064908058,-164.492729856981
15.155,2.15822219848633,-10.5621690750122,-1.55389225482941,190.477023422136,-8.51439514480107,22.2996438570064,-1.13107025623322,-17.1825065612793,-0.438303381204605,-55.3678561670087,-5.87138898555434,-167.413810519699
15.16,1.98663532733917,-10.1286897659302,-1.43313086032867,199.703324915259,-7.57339912907476,24.6982918878463,-0.714366972446442,-16.3609180450439,-1.11875748634338,-55.7263796267318,-10.8170516970456,-170.714444794594
15.165,1.75897765159607,-10.0292015075684,-1.49440288543701,206.911264527508,-4.7787230697792,29.0001567629846,-0.269081026315689,-14.8855848312378,-2.75593733787537,-57.5024200562319,-17.2418870690647,-172.533023642245
15.17,1.43836236000061,-10.2216272354126,-1.92281496524811,213.294212910669,0.114079246920368,34.4058211891319,-0.380009949207306,-13.2924222946167,-4.39102840423584,-59.5693036009694,-26.1047132153165,-169.532576181372
15.175,1.08424055576324,-10.55579662323,-2.62053823471069,218.800643117641,5.29553872483833,39.9040141879655,-0.766650497913361,-11.9256381988525,-5.8831582069397,-62.393436558608,-41.3847957849297,-164.258399726936
15.18,0.728081464767456,-10.986780166626,-3.50142812728882,223.300767893818,9.83136831490083,45.1503439611548,-1.27287697792053,-10.8938770294189,-7.15170383453369,-65.9148088870998,-64.502441879957,-157.470270861832
15.185,0.439628154039383,-11.4472799301147,-4.36710834503174,226.344409471002,11.6029341167209,49.4878146124364,-1.55737829208374,-10.4184827804565,-7.9930272102356,-69.8526451700439,-98.8549739331845,-150.315210574137
15.19,0.323613286018372,-11.8330202102661,-4.8076810836792,228.292406743046,9.02982341768503,52.420803709972,-1.32871150970459,-10.3971910476685,-8.03233432769775,-71.8079507445001,-131.171774934479,-142.073467189493
15.195,0.329570442438126,-12.1292295455933,-5.0172290802002,228.957230036099,2.93908845646443,54.2769622584363,-0.908072113990784,-10.6073846817017,-7.59171104431152,-72.0406484593333,-155.37306127718,-132.411495249971
15.2,0.431696504354477,-12.3445291519165,-5.0679292678833,228.399094297882,-5.94406902851245,55.1521519628305,-0.41761726140976,-10.957329750061,-6.82651853561401,-70.1125953396654,-169.650178378501,-121.068845982141
15.205,0.560043513774872,-12.5339288711548,-5.10252046585083,227.086468543189,-15.0624181011432,55.1661231147778,-0.106218963861465,-11.2415466308594,-6.13968372344971,-63.7191899368858,-171.642380634854,-107.163516567912
15.21,0.76367324590683,-12.6502285003662,-5.20782327651978,225.858905964419,-28.0946888299997,54.8715404709697,0.231450825929642,-11.3114719390869,-5.57633924484253,-53.2704006955461,-162.233713090891,-91.0429997114958
15.215,1.04820334911346,-12.6835489273071,-5.27361345291138,224.575089947645,-42.4677769193486,54.7395743860159,0.664337694644928,-11.1084661483765,-5.45660209655762,-43.1356328163924,-149.087634334989,-76.6442232806786
15.22,1.40544176101685,-12.6374931335449,-5.21565866470337,223.106544634579,-56.7412091336123,54.9896583473813,1.27121710777283,-10.5818729400635,-5.94615697860718,-34.1212311120796,-134.867644935886,-65.1281760003894
15.225,1.73417639732361,-12.5888080596924,-4.67309141159058,220.82826673503,-66.1319542611928,56.0408586115921,2.46888947486877,-9.55591869354248,-7.37924528121948,-20.5835639506826,-120.741420373709,-54.5257484838595
15.23,1.90639007091522,-12.6233167648315,-3.83862137794495,217.613460617245,-70.9871532515613,57.3636784236214,4.57629442214966,-8.25044441223145,-8.8527660369873,-9.8961859563506,-118.937690357314,-46.282270231166
15.235,1.95310497283936,-12.7165555953979,-2.96227717399597,213.487288698127,-72.6237417087773,58.7314716162407,7.32661724090576,-6.96233940124512,-9.90700721740723,-5.77210706332633,-125.543562454605,-39.9829131181629
15.24,1.88823711872101,-12.8540191650391,-2.18511891365051,208.408715201142,-71.6358436377941,60.0239961242064,10.5685319900513,-5.84147071838379,-10.324670791626,-10.7206444306845,-138.45524277857,-35.44116175409
15.245,1.79306530952454,-12.948221206665,-1.71282756328583,202.312102008367,-69.4254987997296,61.1851419434869,13.4700183868408,-4.74765920639038,-10.9809951782227,-28.0725931680347,-148.568061844826,-31.2962307204165
15.25,1.7097373008728,-12.9882192611694,-1.34996747970581,196.678725905481,-66.3442706915426,62.0788243850589,14.9663047790527,-4.57159280776978,-11.1564569473267,-46.5936141591973,-151.186619768826,-24.9608494821834
15.255,1.63841652870178,-12.985408782959,-1.05803096294403,191.892675750269,-62.1191293313511,62.7396656778251,15.2354927062988,-5.15458726882935,-10.4488143920898,-58.8843244196764,-138.331015297946,-16.5808511159071
15.26,1.57996809482574,-12.9462404251099,-0.81071150302887,188.311498285405,-56.4627150003942,63.1809642000996,14.3442087173462,-6.41681814193726,-8.48385143280029,-58.6739614234292,-102.702535605869,-6.14712244168729
15.265,1.53947520256042,-12.8734531402588,-0.683477759361267,185.611879676336,-48.4709121431428,63.1338632155832,12.6054410934448,-7.40236377716064,-6.94411468505859,-42.88667583624,-43.1384980807492,6.51281034296295
15.27,1.48884558677673,-12.7562341690063,-0.551812946796417,182.490169036938,-39.6454812825968,62.8274540992273,10.6164827346802,-7.86528158187866,-6.32725381851196,-24.2720812534483,9.62122559225434,20.1097776336209
15.275,1.42386853694916,-12.5819253921509,-0.428584188222885,178.98621369083,-30.3031895169883,62.1688394481304,8.56964111328125,-7.878737449646,-6.23660182952881,-4.95842321240812,51.4926014923348,34.2555536122971
15.28,1.33815014362335,-12.3302364349365,-0.330606609582901,175.120722771574,-20.8022563626226,61.0142232896965,6.70207691192627,-7.50008535385132,-6.21425819396973,12.4341143509717,76.5068545160913,48.5045883908455
15.285,1.17759728431702,-11.9726905822754,-0.26407265663147,172.413809520472,-13.1455818596398,58.9308448381133,5.67986106872559,-7.07308959960938,-5.9698281288147,26.8170165683842,84.2504858649448,63.0352284537791
15.29,1.02348411083221,-11.5828409194946,-0.201809942722321,170.732736041191,-7.44454931792977,56.1498991665968,4.70583534240723,-6.38829803466797,-5.6215353012085,38.9293940047289,84.7236950310217,78.7301425626329
15.295,0.911887586116791,-11.1742267608643,-0.151396200060844,169.782383520076,-3.57605589020395,52.7562991869084,3.72457480430603,-5.43485593795776,-5.23747062683105,48.2507512405312,80.5177055212628,94.0523537390467
15.3,0.907084345817566,-10.7627811431885,-0.131296828389168,169.094528829142,-1.48802992177744,48.8220794891298,2.71421360969543,-4.18596315383911,-4.93043804168701,53.423301310306,74.9970070491141,105.957585198243
15.305,1.00303471088409,-10.3554630279541,-0.0571307577192783,168.492215427374,-0.491630719876877,45.8321368592001,2.09769606590271,-2.95284175872803,-4.91642427444458,58.0148208477662,64.8974180592805,119.38275914401
15.31,1.11404240131378,-9.97266101837158,0.079982154071331,167.888016893394,0.5138848102141,42.4823935241724,1.82454466819763,-1.90406572818756,-4.97199630737305,63.8744401367202,49.9960797244283,133.735664024362
15.315,1.21266341209412,-9.62139415740967,0.259219378232956,167.30837971967,1.77119195568472,38.6502270978775,1.88586282730103,-1.10018479824066,-5.04949855804443,70.775499349561,31.102789517838,148.47323149839
15.32,1.24909663200378,-9.31754016876221,0.42060649394989,166.864226178323,3.60887516260928,34.409277264852,2.30453181266785,-0.678307354450226,-5.09353971481323,77.4808873030593,10.2914379045618,162.265951583774
15.325,1.20783424377441,-9.0482931137085,0.46096396446228,165.983418643336,5.8488937575229,30.6649709769456,2.92828559875488,-0.728248953819275,-4.98923349380493,83.743972696475,-4.89850836612195,175.392523319406
15.33,1.14465606212616,-8.84807109832764,0.427422434091568,164.266227123725,8.09264291638383,27.7036622075638,3.56381416320801,-0.973119080066681,-4.90731906890869,89.9092156300304,-15.4669838660614,188.017567924662
15.335,1.06821990013123,-8.71366119384766,0.337415724992752,161.55809809895,10.361272319957,25.6518272771151,4.1267466545105,-1.35742950439453,-4.87209606170654,96.2749724270497,-21.8673697221727,200.217856725814
15.34,0.963147640228271,-8.59565734863281,0.225171163678169,157.537452602509,13.1520901761451,24.8133344715841,4.41666269302368,-1.89912486076355,-4.82622194290161,103.889096559051,-25.2155113778401,212.18695728394
15.345,0.770355820655823,-8.4475622177124,0.130244880914688,152.91004042096,16.4856826751067,24.6704281311272,4.55983543395996,-2.47240829467773,-4.66128921508789,112.542099294,-26.5891648727672,223.64267350329
15.35,0.565065324306488,-8.24938583374023,0.0514858886599541,148.092352829513,19.9147996384791,25.0325357326173,4.72576332092285,-3.0858359336853,-4.43330144882202,121.517589410611,-24.7501722972344,234.063616063384
15.355,0.36522364616394,-7.9859447479248,-0.0154861696064472,143.181105306816,23.2178569229825,25.8207139496274,4.97596788406372,-3.72234439849854,-4.17525625228882,130.732539129334,-19.459277247258,243.13386139435
15.36,0.110677815973759,-7.60326480865479,-0.106590829789639,137.852505905073,25.8282169124306,26.8012115106448,5.33080005645752,-4.21185874938965,-4.01288890838623,141.412181934431,-13.0105464584277,250.018282266373
15.365,-0.0899235308170319,-7.27159452438354,-0.180914923548698,131.663657837747,26.9715427681666,27.4733635966766,6.19524192810059,-4.69850063323975,-4.34019994735718,152.678619951502,-5.55736634270795,255.403722502388
15.37,-0.298028290271759,-6.92709732055664,-0.257086575031281,124.622757331839,26.2822434922235,27.8195329517385,7.19893503189087,-5.14844274520874,-4.76979112625122,162.942072009713,4.23883460881695,260.908335879041
15.375,-0.543195605278015,-6.53316926956177,-0.342688173055649,116.696636988741,23.4118172199379,27.8038047336272,8.14852714538574,-5.53792667388916,-5.0731987953186,171.227036831425,17.10404360633,267.316692565914
15.38,-0.766231656074524,-6.05020380020142,-0.395388960838318,108.062383123064,17.3929435327487,27.2731861200292,8.94286727905273,-5.79738092422485,-4.71610546112061,176.080118463151,31.0465907213471,273.258356087178
15.385,-0.973157405853271,-5.61310195922852,-0.434111297130585,99.7468122236806,9.19460429273253,26.2815314450025,9.50100994110107,-5.87469387054443,-4.24636697769165,180.752172761115,49.6002019601344,280.897786070054
15.39,-1.17168486118317,-5.186927318573,-0.474653124809265,91.7920733879603,-0.493262174593158,24.7372871453652,9.70055770874023,-5.7830286026001,-3.9508969783783,185.488717705222,69.6291135690769,290.041715481787
15.395,-1.36743795871735,-4.74454069137573,-0.529699683189392,84.2538189972598,-11.212713456607,22.5337537134505,9.4221363067627,-5.52251672744751,-4.06872510910034,190.489071875832,88.7278456206174,300.628536016063
15.4,-1.52897727489471,-4.32295751571655,-0.563774406909943,76.862550277498,-22.2173025114673,19.9141029591838,8.46075630187988,-5.1501784324646,-4.08386325836182,195.690657079768,97.5781110489857,310.635965263426
15.405,-1.66002058982849,-3.92477440834045,-0.597647309303284,70.7876092749594,-30.7493716245194,17.7114284235572,7.38712453842163,-4.88302516937256,-3.7839777469635,200.615387395887,101.466742649149,319.547531639595
15.41,-1.75455987453461,-3.54818987846375,-0.62786853313446,64.6291418890607,-38.0733219998216,15.5415012299062,6.26571369171143,-4.79198408126831,-3.37159752845764,204.949852763934,99.9887921655958,327.01514138371
15.415,-1.80223858356476,-3.19260263442993,-0.649822413921356,56.6219403703255,-45.684833584465,12.9240916314609,5.17385196685791,-4.97971534729004,-3.0925304889679,208.254953982547,92.2226963245621,332.490466909202
15.42,-1.77045595645905,-2.89049887657166,-0.674081087112427,45.2402292506322,-53.5792516045304,9.95583399837233,4.02192115783691,-5.78821992874146,-2.7993221282959,210.785607371928,72.4965635864316,335.206177443956
15.425,-1.68678379058838,-2.6226487159729,-0.697490811347961,32.2989059056689,-59.8560076215699,7.16671600551386,3.07076382637024,-6.90620565414429,-2.43576550483704,213.777681020879,47.3002757760106,336.230241366595
15.43,-1.55154085159302,-2.38728451728821,-0.711555004119873,18.0571930899107,-64.2565755604041,4.58508720680934,2.41191649436951,-8.24600601196289,-2.17109227180481,217.079558390203,18.8587209116536,335.620196190686
15.435,-1.35700058937073,-2.18650221824646,-0.699522912502289,2.67833381862474,-66.293665819982,2.23071502349042,2.22212815284729,-9.69763278961182,-2.34227800369263,220.306385640927,-9.63729446605044,333.2006699791
15.44,-1.13849890232086,-2.03546166419983,-0.656296610832214,-12.9675111440147,-65.6978410979251,-0.0371980639935357,2.3639657497406,-10.7297611236572,-2.80517268180847,224.542687530223,-29.7519522698333,330.005698730665
15.445,-0.950766086578369,-1.89540553092957,-0.583923101425171,-28.0875512823171,-63.5812064552732,-2.39173950793782,2.74476408958435,-11.751166343689,-3.45103192329407,229.042812306399,-41.4692920551519,326.090361090847
15.45,-0.806540787220001,-1.76222062110901,-0.474608898162842,-42.4258361427501,-60.2668435001462,-4.81507077522107,3.33202028274536,-12.7878179550171,-4.21290111541748,233.183696452989,-45.5494968011558,321.694478661784
15.455,-0.726933300495148,-1.63866102695465,-0.301578938961029,-55.4549991355343,-56.1813112065897,-7.19861042761689,4.08364582061768,-13.7679977416992,-4.94609403610229,235.391295555007,-43.5155245229339,317.452193526775
15.46,-0.724260032176971,-1.55478823184967,-0.0365382805466652,-66.9758446237154,-51.8357433660471,-9.11761183908721,4.45380592346191,-14.2520093917847,-5.44092798233032,235.762885166613,-42.6692811602423,310.369287357472
15.465,-0.748187601566315,-1.51201796531677,0.220839723944664,-77.4583340184199,-47.2439301304525,-10.432950886428,4.30598020553589,-14.3696632385254,-5.30777215957642,234.896844500612,-46.7902109091724,301.307074328969
15.47,-0.803959667682648,-1.51726675033569,0.462759107351303,-87.0854446724178,-42.3947280461753,-11.0699215218187,3.81676554679871,-14.1177740097046,-4.56616735458374,233.002805723011,-56.356987087137,290.384290449798
15.475,-0.966379463672638,-1.6013947725296,0.752512097358704,-96.241074198199,-37.2223521462243,-10.8190247679421,3.94680714607239,-13.3516616821289,-3.6969301700592,230.460336106365,-69.823965205719,277.293768452605
15.48,-1.18247604370117,-1.81359589099884,1.00245893001556,-106.047381695261,-32.0069699601643,-10.1125407360472,3.64874625205994,-12.27454662323,-4.52998542785645,229.711392203495,-101.071541073583,263.340456959456
15.485,-1.3861368894577,-2.185213804245,1.19010365009308,-116.553380601089,-27.0051114403899,-9.18203076824418,2.8173508644104,-11.3985939025879,-4.69520378112793,230.038503623225,-130.118354858788,250.012244379147
15.49,-1.545334815979,-2.73374819755554,1.31336736679077,-127.729523517333,-22.419600761852,-8.1892234987951,1.60465955734253,-10.9115304946899,-3.66855216026306,231.047486488176,-151.103455385492,237.678425379721
15.495,-1.5887725353241,-3.47314476966858,1.43305802345276,-139.029743650038,-19.1141938922742,-7.84715652610346,1.6497015953064,-10.8564205169678,-3.94258308410645,231.288947335714,-172.638112932815,225.045853905999
15.5,-1.56589734554291,-4.32504892349243,1.75121462345123,-147.860700133623,-18.2569214816202,-7.85125378583182,2.06477546691895,-10.8794717788696,-5.12785196304321,231.889430246785,-199.749674578967,212.538438818628
15.505,-1.56648099422455,-5.31483173370361,2.26361393928528,-153.614205603632,-19.2703183563223,-7.88386196270311,2.36918783187866,-10.9227504730225,-5.88616371154785,231.847930017388,-222.234302156812,200.632845359406
15.51,-1.64020168781281,-6.46264791488647,2.98725366592407,-155.692304318986,-22.0996166445207,-7.74768591989963,2.35198330879211,-10.9493408203125,-5.51511001586914,230.485935655374,-234.102438858626,189.554333167159
15.515,-1.8049693107605,-7.75236368179321,4.07396459579468,-152.186941953909,-29.3742769596774,-6.88055669249972,2.89322376251221,-10.8249225616455,-4.51115894317627,225.741208144641,-229.104680159901,178.227502617446
15.52,-1.95610797405243,-9.21495151519775,5.40035724639893,-143.532982992476,-37.9512494438805,-5.13424764956988,3.74085450172424,-10.4931325912476,-4.19736289978027,218.410079240522,-225.7896068651,165.670623300106
15.525,-2.17295527458191,-10.9133501052856,6.87038469314575,-129.33622989693,-45.0603459735561,-2.54148841728259,4.82635498046875,-9.78220367431641,-4.18660497665405,207.524943364056,-219.667066274236,153.03257401467
15.53,-2.52268099784851,-12.9120950698853,8.41639709472656,-108.943627790157,-48.4068586291064,0.923494936638615,6.10975170135498,-8.53221225738525,-4.18932390213013,192.09807319899,-206.991382646473,141.222767128368
15.535,-3.2874071598053,-15.357931137085,9.6540641784668,-81.4465292861145,-43.8976223805774,4.85296936049136,7.0179500579834,-6.80427217483521,-2.62111043930054,177.048448042162,-188.279888169926,134.832209914472
15.54,-4.04372644424438,-17.407506942749,10.6896324157715,-52.5396831524761,-40.2763346298121,7.11523473530536,7.84395408630371,-5.14560270309448,-0.631301999092102,155.545742119776,-159.318055598374,128.088026486488
15.545,-4.54641485214233,-18.7274570465088,11.5284986495972,-22.9967124731304,-42.3734417616269,6.50916942524851,8.52834129333496,-3.58286023139954,1.30875968933105,127.908993567964,-121.160302215128,119.658575843074
15.55,-4.46785974502563,-18.8428115844727,12.1623125076294,6.25931342144662,-56.6978306021936,1.30503197171817,8.98556137084961,-2.15691637992859,2.60305023193359,94.0671342684106,-74.4240088192634,107.741104684884
15.555,-3.32074022293091,-17.8082618713379,12.7065076828003,36.1399105967498,-85.8912885488787,-7.67266824469808,7.69765472412109,-1.18842530250549,1.97483730316162,60.3770076212693,-31.046023815646,88.9635554488746
15.56,-2.06637072563171,-16.3916053771973,12.871150970459,67.0524725160138,-111.423252836249,-14.8805677295862,5.27303647994995,-0.84294319152832,0.350931823253632,29.7811444983459,5.69551033376604,66.3776225052598
15.565,-0.973539233207703,-14.8734064102173,12.6128931045532,95.6616624207176,-127.894486246167,-18.993562506248,2.21239852905273,-1.1342945098877,-1.7846508026123,2.56081699886008,35.3694379376157,40.9412706209857
15.57,-0.467341870069504,-13.6937446594238,11.8355989456177,115.362564440054,-126.071727322744,-17.7586694269516,-0.666572988033295,-2.13828086853027,-3.66624808311462,-20.7054725820835,56.7599511726948,13.8483238016431
15.575,-0.399442613124847,-12.6778192520142,9.78965282440186,111.119780701236,-103.660189599207,-11.671113065016,-2.41772866249084,-3.23287510871887,-4.61767196655273,-41.2849657400208,67.8566384983235,-14.1268435480706
15.58,-0.336546033620834,-11.8862838745117,7.27346467971802,93.345654556193,-73.4861077330047,-4.40269468898697,-3.26476693153381,-4.13031148910522,-5.26096487045288,-60.5820225793964,71.0254842731835,-41.9684935061152
15.585,-0.190278217196465,-11.2956838607788,4.67260360717773,66.7340627572861,-39.8358523151434,2.90404211550286,-3.21575236320496,-4.79163455963135,-5.6985821723938,-78.536383756258,67.1323925594921,-68.8903534782591
15.59,0.146465793251991,-10.8340034484863,2.81069207191467,40.3501997105912,-10.1987095488425,8.26401492398039,-2.13134121894836,-5.18669319152832,-5.98368692398071,-94.3400071559418,57.1939789585979,-92.8908185989835
15.595,0.679178535938263,-10.2586307525635,2.17085933685303,26.2494244332616,7.64108203488136,10.7781392555704,-0.838009178638458,-5.83661222457886,-5.92450571060181,-107.737532495949,45.8972183167065,-110.796985961062
15.6,1.36746549606323,-9.74289989471436,2.26474189758301,22.8089147143536,17.3293578866704,11.6886248162742,0.152983903884888,-6.57524394989014,-5.73118591308594,-118.228347891251,38.1958624237208,-122.779494180528
15.605,2.216388463974,-9.36368274688721,2.96049642562866,28.7010388735676,20.2633595597505,11.4548598843833,0.617647349834442,-7.50044631958008,-5.26777458190918,-125.041830418554,36.7447784892678,-128.283260613724
15.61,3.289963722229,-9.30637359619141,4.13121557235718,39.3529886766747,19.3177335295406,10.9784430907175,0.0219517238438129,-9.23504447937012,-3.68968272209167,-125.082347100711,48.9795973117687,-124.547215439619
15.615,4.58384847640991,-9.32557392120361,4.89468240737915,56.965854055414,16.2111415138707,10.1873022791549,-1.17654156684875,-12.0431003570557,-0.940206050872803,-117.771708764101,58.811514603124,-117.121242528684
15.62,5.83798122406006,-9.31746101379395,5.25262069702148,76.4718156456491,13.5647992341013,9.65251041997394,-2.60431313514709,-15.2317819595337,2.16608381271362,-102.435960152752,69.794718335693,-102.286467802388
15.625,6.91459655761719,-9.23790740966797,5.18379163742065,95.231408314331,12.6668120658049,9.67231369969874,-4.1734094619751,-18.454719543457,5.17498397827148,-79.535285261994,82.4113686384597,-78.197831769668
15.63,7.4366888999939,-9.0262393951416,4.61492252349854,105.592163247458,16.4985883175434,10.9981447713784,-6.15005588531494,-20.7510795593262,6.60374021530151,-56.6110188978427,90.4570582731679,-42.1741231812676
15.635,7.81932926177979,-8.57378578186035,3.82910966873169,107.271255971879,24.0413181896975,12.881292812348,-6.97070980072021,-20.6244239807129,5.98641109466553,-40.8286612921397,71.9531673964438,-14.8150423097837
15.64,8.11548805236816,-7.84496593475342,3.18085598945618,101.785794445659,34.7010663612895,14.5067361083858,-6.61211156845093,-18.7588157653809,4.55085468292236,-31.0921514982057,44.1650345318671,0.627793155662873
15.645,8.33415794372559,-6.80493688583374,2.86061811447144,89.4332470675289,48.5504087148926,15.4077336825588,-5.0476393699646,-15.5102138519287,2.89723992347717,-27.6091580026602,16.3770502239049,1.64935717570415
15.65,8.22045230865479,-5.44087839126587,2.79128575325012,68.3206473995884,69.4211547994175,15.1834012419116,-3.19830656051636,-12.5262870788574,0.982195019721985,-38.4844754821942,0.971999845194578,-14.0342056923577
15.655,7.48920726776123,-4.78585338592529,2.71626305580139,42.867411287686,94.3174265505458,13.6261881205877,-1.32346141338348,-10.7246160507202,-0.31804233789444,-53.2687443746724,-12.5173922862008,-35.3875720898621
15.66,6.16215324401855,-5.15105533599854,2.83452010154724,18.4929898948088,119.358115821485,10.5003008205126,0.57943719625473,-10.0075283050537,-1.03963470458984,-68.1961193906407,-21.2511295646867,-57.5839315337868
15.665,4.22010803222656,-6.84663248062134,3.31625437736511,-0.423139610592399,141.463025862612,5.52202609016866,2.51412916183472,-10.3636913299561,-1.17593741416931,-80.2780546738546,-22.6776418936005,-76.8331531433103
15.67,2.47724032402039,-8.9155740737915,3.98800992965698,4.32959202807397,150.071003990553,-0.471998034798763,4.40863656997681,-11.5006055831909,-0.540342628955841,-86.7344890622951,-10.6674500636548,-85.3605623598012
15.675,-0.0390273109078407,-11.9820461273193,4.5453143119812,17.8742720862013,147.579009471873,-5.78240442727377,5.97255754470825,-12.3872804641724,-0.0783364400267601,-91.2483288583247,0.114035731144835,-88.9033814822868
15.68,-3.26836705207825,-15.967134475708,4.81756830215454,34.9131027538834,135.061116874316,-9.8221842717881,7.42880964279175,-13.0169563293457,0.17541866004467,-94.7964686981738,10.830764155578,-89.0609197954931
15.685,-7.18983364105225,-20.8423519134521,4.56850290298462,49.0586465061278,113.095658805473,-11.7560746418754,9.04918766021729,-13.3613719940186,0.161353051662445,-98.5320016080913,22.9401516766135,-87.5821565194287
15.69,-10.9049158096313,-23.9203643798828,3.53700304031372,58.2774074704074,85.6242691334662,-7.59479811174441,10.58420753479,-12.8645181655884,-0.0121476817876101,-103.539575288654,36.9609300708366,-87.3044478579651
15.695,-13.9769992828369,-24.2864055633545,1.55305325984955,60.6527013769277,61.4348536595425,0.186714933669508,11.5654420852661,-12.1043472290039,-0.7887122631073,-107.714043475393,48.0842756247959,-87.6583472796202
15.7,-15.9868974685669,-22.1982669830322,-1.17681467533112,54.7623872178437,41.5532897215647,9.49186778578982,11.8378000259399,-11.2793159484863,-2.14247965812683,-111.299933770785,58.0951780233514,-88.462192243039
15.705,-16.0745162963867,-17.9823436737061,-4.32189989089966,37.243553053408,27.4517426328589,16.7690672237705,11.0821180343628,-10.6977853775024,-4.03851079940796,-114.920200408269,70.7648237638883,-89.4791049576163
15.71,-13.3428735733032,-14.3390941619873,-5.83796739578247,22.8092545162648,17.3931279478562,17.1442170714808,9.14963245391846,-10.5230865478516,-5.88799238204956,-117.294264880739,83.1182590666102,-90.1775464417635
15.715,-9.71743202209473,-11.4758377075195,-6.10212516784668,13.3797770934485,3.53120438580201,11.4926709578548,6.71020269393921,-10.6340465545654,-7.31733655929565,-116.854523641595,91.4095076623587,-89.9304575183491
15.72,-5.81756544113159,-9.23939609527588,-5.42581844329834,9.51351009394865,-14.740181728933,1.03683787049016,4.03492975234985,-10.9428901672363,-8.22619152069092,-113.398475242325,94.4879900344993,-88.7264864129726
15.725,-2.719970703125,-7.16575050354004,-4.49244356155396,12.6423181536676,-36.732070922317,-11.4222482924174,1.64745211601257,-11.2563276290894,-8.41115570068359,-106.63290649205,89.8948654025842,-86.6736867183036
15.73,-0.573527574539185,-5.1257700920105,-3.51532006263733,17.2634926649567,-59.6635397209481,-20.3785267944407,0.0574028827250004,-11.1873302459717,-7.98076152801514,-100.310842415151,75.8415736003645,-85.0788170565381
15.735,1.06160151958466,-3.42300152778625,-2.29327726364136,19.7530573438386,-82.9970027182749,-26.2542636222885,-1.08183741569519,-10.7406740188599,-7.2891993522644,-94.4221811618462,55.3134981064991,-83.5387391722945
15.74,2.26726746559143,-2.18967747688293,-0.815216779708862,19.2188170224331,-105.516266185401,-29.2144710236666,-1.86238396167755,-9.92784881591797,-6.55483531951904,-88.871812347943,29.5210543098464,-81.5782904653932
15.745,2.98560357093811,-1.7393319606781,0.769481658935547,15.1211748034782,-122.08336130032,-29.6069371084702,-2.36748909950256,-8.79770088195801,-6.4425196647644,-83.2260053007671,1.12743285931097,-77.3831199752797
15.75,3.19120216369629,-1.86468982696533,1.48896336555481,5.85647612127526,-124.810382628339,-27.2992074332196,-2.50652456283569,-7.84013557434082,-7.10343980789185,-77.9297605051233,-22.0592929152082,-70.7377625543967
15.755,3.00699281692505,-2.55260562896729,1.49247050285339,-9.50604469718583,-116.075362981837,-22.5133980421765,-2.33695983886719,-7.21806669235229,-7.83056402206421,-73.0126253593611,-43.0485888856098,-63.9511431610994
15.76,2.47830700874329,-3.85895562171936,0.881846725940704,-31.2436929053208,-96.9994642526913,-15.3536129711229,-1.77768266201019,-7.00644969940186,-8.37125968933105,-68.5618965112624,-62.786664209504,-58.0784030787499
15.765,1.72719156742096,-6.12625980377197,0.240421801805496,-57.4908360553995,-72.8776676515508,-6.66140751165892,-0.0988973304629326,-7.27303266525269,-8.63223838806152,-65.0997077719288,-81.1165969982571,-55.2464393092279
15.77,1.12648117542267,-8.01183795928955,-0.134543523192406,-79.6919288204191,-50.3208722949353,1.16817408393645,2.15216326713562,-7.69114828109741,-8.78892612457275,-62.9595567879645,-91.55515461622,-53.7241745583397
15.775,0.514773726463318,-9.72529983520508,-0.506988227367401,-97.2169921173779,-29.6786370192824,7.95544661407307,4.48021173477173,-8.24555969238281,-8.65496158599854,-61.2628080245391,-93.6257196329202,-52.3514567993289
15.78,-0.203469350934029,-11.3435220718384,-1.0224746465683,-109.472981111211,-11.3989394181011,13.5449916855082,6.59845685958862,-8.93711757659912,-8.1202449798584,-59.5086651815181,-86.5807278436997,-50.5500592925351
15.785,-1.20362257957458,-12.4311065673828,-1.79622554779053,-116.446078329228,1.68984216151405,17.88860182308,7.97289943695068,-9.78959846496582,-7.26408386230469,-56.586402896074,-69.8601652083201,-48.7838953165749
15.79,-2.25684499740601,-12.8287220001221,-2.42666149139404,-120.019141529359,11.276840395177,21.0769204672636,8.31023788452148,-10.5164413452148,-6.22196006774902,-52.9715491835068,-48.311287207145,-46.5899634230859
15.795,-3.22591519355774,-12.736873626709,-2.82346391677856,-120.052117682671,18.015279634069,22.9216760149086,7.71850919723511,-11.0506982803345,-5.02165079116821,-48.989354236998,-24.4313185762107,-43.6558610047156
15.8,-3.99646425247192,-12.2851791381836,-2.90044212341309,-116.216775218412,22.2506731082047,23.1907581474504,6.22682237625122,-11.3272914886475,-3.67558002471924,-44.8762109037218,-0.0651292688306566,-39.6876337950595
15.805,-4.09401941299438,-11.683931350708,-2.63931560516357,-108.08076316212,24.1089643832373,20.2417283506491,4.3805685043335,-11.3851108551025,-2.665855884552,-42.2673484332491,19.2438240525319,-35.3588101632672
15.81,-3.78761076927185,-11.1483020782471,-2.35781073570251,-101.088698508778,24.7106647755277,16.8956989309826,2.9954559803009,-11.3716135025024,-1.90520405769348,-40.5017137969496,32.9898239364453,-31.7948550203949
15.815,-3.19257736206055,-10.6874179840088,-2.08973622322083,-94.3766989321631,23.540702889576,12.5332408863961,2.01276659965515,-11.281548500061,-1.35641431808472,-39.3942600947345,41.4348166753163,-29.0169761038157
15.82,-2.43162989616394,-10.3184947967529,-1.87860345840454,-86.8808941671543,19.8156679804128,6.29791850440918,1.38968217372894,-11.1024293899536,-0.989032685756683,-38.7631267097632,44.5001441031155,-27.1122771084674
15.825,-1.72807455062866,-10.0475015640259,-1.62884628772736,-77.4691803588219,12.7125700643758,-1.21865739947419,0.741837561130524,-10.9299564361572,-0.833836615085602,-38.6220354920783,41.7435173201387,-26.2774145484803
15.83,-1.11665105819702,-9.77950954437256,-1.39066755771637,-68.2027788250815,4.97889200869018,-7.91041944574341,0.158837139606476,-10.7320728302002,-0.885965526103973,-38.3758720592964,35.5768161411956,-26.063694514256
15.835,-0.601365029811859,-9.4944372177124,-1.19579541683197,-59.7718938419412,-2.80865809685681,-13.4118576382064,-0.293608784675598,-10.5406665802002,-1.06953132152557,-38.004883504338,26.4862902710357,-26.4006567743167
15.84,-0.19626958668232,-9.162428855896,-1.10362076759338,-53.3552589657944,-9.85224649564627,-17.1268205796647,-0.486686259508133,-10.4202098846436,-1.25509285926819,-37.5211285261827,14.8316191788993,-27.2600004398364
15.845,0.116124950349331,-8.85322666168213,-1.15920865535736,-50.7526666089798,-15.5479813718813,-18.9440999838261,-0.341900050640106,-10.2246608734131,-1.5228431224823,-37.2497036387556,2.8228734280669,-28.5573863349439
15.85,0.363292664289474,-8.62902641296387,-1.24115347862244,-50.6432094124358,-19.6551978085053,-19.8203193392376,-0.0114631457254291,-9.97294235229492,-1.87296342849731,-37.0956862880664,-6.12684019494693,-29.6465692811292
15.855,0.527980327606201,-8.50100135803223,-1.31205880641937,-52.461159882683,-21.9179814239225,-19.9612141889839,0.447754591703415,-9.68163681030273,-2.28662705421448,-36.8443114209478,-11.8260294393547,-30.3941232405033
15.86,0.542508006095886,-8.48778629302979,-1.30627834796906,-55.216311344799,-21.5116824985025,-19.5505849236301,0.937371134757996,-9.38850402832031,-2.71477627754211,-35.8964963151089,-14.6632498932166,-30.6158243507727
15.865,0.386336714029312,-8.53324699401855,-1.26621747016907,-57.6497335762507,-18.0638935054865,-18.6928992865313,1.27855908870697,-9.14677429199219,-3.23796677589417,-34.8227837473937,-14.8243945463047,-30.0687261982547
15.87,0.207288548350334,-8.59547996520996,-1.24068629741669,-59.892931624223,-12.6578047538369,-17.5435645718731,1.40842270851135,-8.96542930603027,-3.75913119316101,-33.8085996933898,-12.7966368864539,-29.0979923926558
15.875,0.0222114715725183,-8.66908645629883,-1.25834345817566,-62.0153446069128,-5.67635122625733,-16.1010661852068,1.33775448799133,-8.85616111755371,-4.2569522857666,-32.8344405479221,-9.19272599071077,-27.8292215750761
15.88,-0.23809278011322,-8.77077484130859,-1.40412068367004,-64.2094609155093,2.17663486630273,-14.2029506384447,1.1798152923584,-8.86454582214355,-4.72901391983032,-31.6238988005641,-6.38497481490969,-26.503343545846
15.885,-0.527613639831543,-8.86929702758789,-1.64477562904358,-66.3617628060071,9.71066179679378,-12.3579995766348,1.14850771427155,-8.9648551940918,-5.06400632858276,-30.3443892180619,-5.56839026802835,-25.2368984076787
15.89,-0.778325796127319,-9.01279926300049,-1.88608229160309,-68.6319537615792,16.3871230453834,-10.428239763448,1.24544143676758,-9.11729907989502,-5.18709325790405,-29.0227681042319,-6.08106512090315,-24.10456061877
15.895,-0.958994328975677,-9.20574378967285,-2.09102177619934,-71.0607895210032,21.9220129430801,-8.34315461834603,1.47042047977448,-9.30325126647949,-5.09064960479736,-27.6048003419697,-7.59658335243873,-23.0900572534224
15.9,-1.01651191711426,-9.34018135070801,-2.22240591049194,-73.5057581872469,25.7388182739316,-5.93926655175228,1.78539025783539,-9.4701042175293,-4.97245073318481,-25.5932498672457,-8.9915547215391,-21.8243019643612
15.905,-1.00020277500153,-9.43024730682373,-2.36343908309937,-75.5946486014902,28.4430967795621,-3.3004810225258,2.0385684967041,-9.65003681182861,-4.76179885864258,-23.765559547242,-9.05929483017999,-20.2808072779853
15.91,-0.939550459384918,-9.48060989379883,-2.48324465751648,-77.2251718507232,30.1530175628018,-0.962907476027115,2.25961875915527,-9.80540561676025,-4.46548509597778,-21.9529093037907,-8.4876353174066,-18.5078284807807
15.915,-0.844780147075653,-9.49354076385498,-2.56017756462097,-78.3692695178353,30.8717651993515,0.788800191111378,2.46400356292725,-9.91206359863281,-4.09712362289429,-20.1025205576277,-7.6684728010004,-16.5397333771036
15.92,-0.664190113544464,-9.50529098510742,-2.51917767524719,-79.9522409900666,30.5284115897749,2.22513582615558,2.68036508560181,-9.9174919128418,-3.92288947105408,-18.8530638074735,-7.76094929349414,-14.7662576836369
15.925,-0.461596697568893,-9.51995944976807,-2.45849180221558,-81.4830639679849,29.4529539087268,3.33467316295429,2.88072299957275,-9.90334129333496,-3.72935962677002,-17.6147044071733,-6.00804228782608,-13.0868891903282
15.93,-0.263780444860458,-9.52798938751221,-2.38205623626709,-82.5134116646597,28.1621591461684,3.87030107997834,3.03940558433533,-9.86203765869141,-3.49887585639954,-16.5866601917962,-3.25576718912431,-11.6098138247624
15.935,-0.0923488736152649,-9.52136707305908,-2.29203915596008,-82.6558211088544,27.0541453684414,3.60020167613701,3.13342905044556,-9.78589057922363,-3.21512079238892,-15.9403689095093,-0.116297204110984,-10.4335246223183
15.94,0.0441659949719906,-9.54604148864746,-2.14219808578491,-81.2726395000352,27.3794450804943,2.27928279113109,3.06752443313599,-9.74349117279053,-2.97023034095764,-15.4977128871373,4.13051122367514,-9.12265678756291
15.945,0.137797430157661,-9.55790233612061,-2.00204372406006,-79.1959614640278,28.4021310124676,0.476238194891165,2.98374795913696,-9.69283771514893,-2.81059384346008,-14.9232820251082,7.87675600464536,-7.79811576786277
15.95,0.198880478739738,-9.53822612762451,-1.87353646755219,-76.5582926707306,30.065604801804,-1.65866266811805,2.85419011116028,-9.64350986480713,-2.73765230178833,-14.2769950116896,11.2875646459475,-6.48247106955657
15.955,0.237896412611008,-9.46105766296387,-1.76003551483154,-73.482945355419,32.3480491167472,-3.96214748752115,2.64026403427124,-9.6076488494873,-2.75988411903381,-13.6286085688748,14.5446043846916,-5.20476124190063
15.96,0.181362390518188,-9.36577129364014,-1.69648027420044,-70.5163005007482,34.9785154755646,-6.34861430286313,2.34240293502808,-9.62832069396973,-2.78473114967346,-12.9401639203516,17.5470206475931,-3.97948933782381
15.965,0.04536347463727,-9.26995658874512,-1.63375532627106,-68.1407538772286,37.6718468955028,-8.73340857563211,2.06514453887939,-9.64000225067139,-2.81879711151123,-12.3525986045486,18.9347033510754,-3.08278923329915
15.97,-0.134288489818573,-9.1860523223877,-1.57856094837189,-66.3915765817342,40.3810789958288,-11.0479334353332,1.80432951450348,-9.64177513122559,-2.87539076805115,-11.8690707301832,18.7266506663149,-2.51520627624321
15.975,-0.296027690172195,-9.1370267868042,-1.54955494403839,-65.3507445446834,43.0489099045008,-13.1637288184908,1.54280436038971,-9.63775539398193,-2.98140358924866,-11.4916805804251,16.9340504431722,-2.2833514494423
15.98,-0.474434703588486,-9.05948543548584,-1.53019726276398,-65.0533307874644,45.9877080779255,-14.6661732141814,1.24914634227753,-9.61791706085205,-3.16771578788757,-10.8143990223267,14.4341636409071,-2.21680384914181
15.985,-0.678192138671875,-8.96576881408691,-1.51390492916107,-64.942312892695,49.3027642972532,-15.7565599812078,0.944415330886841,-9.59749031066895,-3.349689245224,-10.1098504952879,11.5503963016252,-2.33919657020021
15.99,-0.897203266620636,-8.86013317108154,-1.50487101078033,-64.8684512270105,52.9957724493983,-16.4836626466597,0.655693173408508,-9.57795810699463,-3.50191187858582,-9.41527745953188,8.3343470894113,-2.59513165580681
15.995,-1.10032474994659,-8.74939155578613,-1.51834774017334,-64.6034876985382,57.0677536476414,-16.8831518734772,0.455560475587845,-9.55817604064941,-3.57852959632874,-8.74079884031406,4.78830070254285,-2.82699886232559
16.0,-1.25366938114166,-8.69545650482178,-1.55507242679596,-64.4050433823926,61.4221290171188,-17.0002537592498,0.327387779951096,-9.52633285522461,-3.59317469596863,-8.19853560795477,2.45783503509263,-2.70482833585863
16.005,-1.36453473567963,-8.68429851531982,-1.61516976356506,-64.1937651407966,65.6933673240188,-16.9239946971666,0.308497250080109,-9.49555397033691,-3.63301372528076,-7.69216672723118,0.316432445643362,-2.49004642066182
16.01,-1.43639600276947,-8.7100305557251,-1.69836854934692,-63.9720640305272,69.5907825474548,-16.6984823413403,0.41519370675087,-9.47131061553955,-3.71194219589233,-7.21295980128944,-1.74613636720988,-2.2678639954993
16.015,-1.47817289829254,-8.75921249389648,-1.80327785015106,-63.8305151901678,72.1233483898038,-16.4405197567673,0.686244487762451,-9.46602725982666,-3.80763578414917,-6.81647244261207,-3.21775804016684,-2.17450555482898
16.02,-1.5130752325058,-8.77422618865967,-1.86834347248077,-63.8591951544927,74.2253117861185,-15.9521629386587,0.958446502685547,-9.48974800109863,-3.76304650306702,-6.62393367877764,-3.53386965368219,-1.91016442734479
16.025,-1.56317436695099,-8.77746391296387,-1.91290926933289,-64.0248340720547,75.7012405336774,-15.2743008144807,1.18451070785522,-9.53781604766846,-3.66478371620178,-6.31622170383752,-3.01233433790659,-1.60349544363527
16.03,-1.63769245147705,-8.78245639801025,-1.94314408302307,-64.3196933385241,76.3594112224782,-14.4288002348613,1.3437272310257,-9.60507106781006,-3.54950761795044,-5.8146424932694,-1.7767073334395,-1.31992029000492
16.035,-1.74590909481049,-8.83880424499512,-1.9603306055069,-64.7392240479138,75.3599701317977,-13.5254727124076,1.41199779510498,-9.65694046020508,-3.48573565483093,-5.39602830988896,-0.150718142536462,-1.23959427715781
16.04,-1.88131761550903,-8.89008045196533,-1.94766628742218,-65.0082583691315,73.0830582700823,-12.6876159682431,1.46252334117889,-9.75821208953857,-3.30666255950928,-5.18747574065862,1.36615533460062,-1.21951277394603
16.045,-2.02179026603699,-8.94082641601563,-1.93037414550781,-65.2921073706589,69.886475097003,-11.960704548088,1.60421764850616,-9.8932056427002,-3.17105340957642,-4.91690291933044,2.26743774900641,-1.23115280367391
16.05,-2.15488409996033,-8.99228382110596,-1.92474269866943,-65.6974859280883,65.9299923976247,-11.3795707091622,1.89935529232025,-10.0538997650146,-3.16872501373291,-4.42327575650351,2.292690025585,-1.25814624488232
16.055,-2.26176905632019,-9.02413558959961,-1.98896646499634,-66.5595855749381,61.6100480117534,-11.0282351697669,2.34303140640259,-10.2112274169922,-3.36466217041016,-3.45477627653686,2.18111589728508,-1.24511360361571
16.06,-2.33296155929565,-8.96524333953857,-2.07686972618103,-67.9324057867865,57.3807334059789,-10.8146124657382,2.69084644317627,-10.3612718582153,-3.52619194984436,-2.57750806020089,3.40566764329129,-0.904047893967707
16.065,-2.35567331314087,-8.83702278137207,-2.16096687316895,-69.7328026708668,53.1776364813336,-10.8149010412307,2.90284967422485,-10.5080280303955,-3.62845230102539,-1.79557498396972,5.8527848309157,-0.490808695938095
16.07,-2.31675815582275,-8.65227603912354,-2.21914887428284,-71.9207718092104,48.9511120078351,-11.1028438873918,2.9389283657074,-10.6544742584229,-3.64802670478821,-1.11808030262481,9.50693347555158,-0.204620047795072
16.075,-2.25015187263489,-8.52905559539795,-2.25004768371582,-74.7058634055531,44.3984596618469,-11.7160591248492,2.84868788719177,-10.7691688537598,-3.52139711380005,0.08315858701143,11.3505142306593,-0.217648153389195
16.08,-2.12081074714661,-8.40319728851318,-2.29861426353455,-77.8746135577646,39.6004532604934,-12.3899733996869,2.61508822441101,-10.8299741744995,-3.28374910354614,1.03742366593319,11.7428556645105,-0.383956682953887
16.085,-1.92008936405182,-8.27382946014404,-2.34310817718506,-81.2816007082262,34.7016059462339,-13.0402893709421,2.16770958900452,-10.8216857910156,-2.9807243347168,1.66053019124752,11.3740681380121,-0.535614896975937
16.09,-1.63163411617279,-8.13959217071533,-2.35590076446533,-84.7624631847506,29.8757426183506,-13.5592795874783,1.4016307592392,-10.7198886871338,-2.66463804244995,1.82123387024735,11.0526607800125,-0.460505974715952
16.095,-1.28767311573029,-8.10828113555908,-2.31895780563354,-88.1699079578866,25.8629911130425,-13.7226380756311,0.311473846435547,-10.4449815750122,-2.35516214370728,2.05039610841138,11.8381760770199,0.147658511272987
16.1,-0.939461290836334,-8.1231746673584,-2.25414705276489,-91.3543470546217,23.0244259656877,-13.8154082662592,-0.753247141838074,-10.0870294570923,-1.99199688434601,1.81913572151168,12.3156737481218,0.401149069507602
16.105,-0.586484491825104,-8.17743396759033,-2.16751456260681,-94.1335373675215,21.3850610365742,-13.9689159140815,-1.74019598960876,-9.67138862609863,-1.58004999160767,1.02304729166908,12.1530264534163,0.0324125059587901
16.11,-0.22187177836895,-8.26821613311768,-2.06591629981995,-96.135295058523,21.0805097316725,-14.4083796767903,-2.57881379127502,-9.23054885864258,-1.12983250617981,-0.539474007217848,10.802494856377,-1.43754628607459
16.115,0.111838221549988,-8.47197437286377,-1.98168861865997,-96.6178274328169,21.2271163271122,-14.9952346529197,-3.24867534637451,-8.83062171936035,-0.770795106887817,-3.226422135129,10.4264553765274,-4.17310086824475
16.12,0.434515625238419,-8.752197265625,-1.90186870098114,-95.8722234924508,21.2550039894934,-15.9736558364294,-3.78118944168091,-8.47871494293213,-0.468899011611938,-6.41006466105209,10.7977564126403,-7.54568478274379
16.125,0.734874486923218,-9.10178470611572,-1.79133450984955,-93.7783811910592,21.1067786392203,-17.3827511829597,-4.16944169998169,-8.20154190063477,-0.219918712973595,-9.92557626034917,11.6917658495188,-11.4482730207024
16.13,0.970828354358673,-9.51966190338135,-1.5498343706131,-89.7584733550482,20.806689155394,-19.2866425084387,-4.3687801361084,-8.08101844787598,-0.0287501476705074,-13.551902129401,12.585131541068,-15.8462745159559
16.135,1.13688290119171,-9.95445346832275,-1.08369886875153,-84.0669108706224,20.7154839318595,-21.1514890575272,-4.46214532852173,-8.16115856170654,-0.0391736477613449,-17.1808593288306,14.2509404013269,-20.817588429762
16.14,1.20574510097504,-10.4102630615234,-0.503051459789276,-77.8281546110302,21.766209497923,-22.6266664842774,-4.41413831710815,-8.35531139373779,0.0145103614777327,-20.6567699182068,16.3117809361963,-26.0913738558675
16.145,1.14881205558777,-10.8847723007202,0.139343976974487,-71.3333277292651,24.4946275996275,-23.5850598455934,-4.21051216125488,-8.6392993927002,0.148244962096214,-24.016136989775,18.5242021517685,-31.5915920057899
16.15,0.859897077083588,-11.363055229187,0.707380592823029,-64.8164803176159,30.4679302646745,-23.784100095744,-3.82018089294434,-8.98694896697998,0.170731648802757,-27.5849740103565,20.1294998048493,-37.2342230150017
16.155,0.313549816608429,-11.7656440734863,0.991828799247742,-58.0644626626539,39.2999181068237,-23.3327782708625,-3.50803875923157,-9.26467895507813,0.108232423663139,-30.7521173605658,22.2173264171294,-42.2173377881463
16.16,-0.411797314882278,-12.0840950012207,1.05304431915283,-50.5600518592909,49.3415700170227,-22.3922646372463,-3.20976400375366,-9.52860832214355,-0.0125994803383946,-33.6642026641466,24.6325718076524,-46.6222736329547
16.165,-1.25387179851532,-12.3037004470825,0.922791838645935,-42.0173122832079,59.9006155870393,-20.99936879188,-2.9147777557373,-9.80069637298584,-0.164867743849754,-36.3352335164447,27.2346399474482,-50.3815926766568
16.17,-1.88543140888214,-12.3510837554932,0.745020031929016,-31.7591126404683,69.6712968173909,-19.1276357045608,-2.71186923980713,-10.10573387146,-0.192115023732185,-38.5377407124366,29.2434651766933,-52.8765754030978
16.175,-2.63242602348328,-12.2714052200317,0.466262519359589,-21.2924539167126,78.6777345211314,-16.8953437611457,-2.63845801353455,-10.3919258117676,-0.261860579252243,-40.3365905586699,29.7337088345602,-56.0018274955801
16.18,-3.45397877693176,-12.1103925704956,0.0728060007095337,-11.1942147430137,86.9814072309802,-14.5303070912115,-2.65390157699585,-10.6708469390869,-0.399592190980911,-41.9145281814829,28.8328000528463,-59.8164130149513
16.185,-4.31873798370361,-11.8880472183228,-0.449816972017288,-1.82429336810869,94.4771163733406,-12.167899190334,-2.74039506912231,-10.9451751708984,-0.623073220252991,-43.3285173585536,26.555994059063,-64.3457710007753
16.19,-4.97613763809204,-11.6113328933716,-1.11704564094543,6.18787135027558,99.3898050659532,-10.2134550734869,-2.87469482421875,-11.1604022979736,-0.941924870014191,-44.0887652245002,23.3583983104392,-68.7973672828986
16.195,-5.38265705108643,-11.2710809707642,-1.78356873989105,12.9439828498713,101.632846019575,-8.53660691998195,-2.96473264694214,-11.2659702301025,-1.30841553211212,-44.4995874426981,20.0798733578873,-72.8513577628679
16.2,-5.55444288253784,-10.871865272522,-2.38810682296753,18.1710455131857,101.493339405777,-7.11991682998141,-3.01490497589111,-11.2400035858154,-1.69299209117889,-44.8852130930479,16.6602964612381,-76.6256246755686
16.205,-5.48997402191162,-10.4137172698975,-2.87809133529663,21.5581602282571,99.053937343707,-5.9654330064626,-3.02627086639404,-11.057035446167,-2.07323980331421,-45.502160175113,13.0431776871874,-80.196877875569
16.21,-5.11367750167847,-9.96661949157715,-3.08270812034607,21.3281962966392,93.2883560992458,-5.40804303952584,-2.93034243583679,-10.7105941772461,-2.36217761039734,-45.9531336603469,9.97632029701413,-83.7198621287049
16.215,-4.6298246383667,-9.63442611694336,-3.07916927337646,20.1445432964962,87.8267797445527,-5.21540096908021,-2.78063607215881,-10.3329210281372,-2.65504693984985,-46.3901018426876,8.04039623810146,-87.4319060180667
16.22,-4.08917045593262,-9.40836906433105,-2.89618015289307,17.922016816047,81.739462439238,-5.35948423650846,-2.60526990890503,-9.96874141693115,-2.89601683616638,-46.8271212514471,7.4588799085821,-91.2678222182159
16.225,-3.55111479759216,-9.28559589385986,-2.55600237846375,14.4736779928029,73.810125077041,-5.83098585529278,-2.43759727478027,-9.67528629302979,-3.01094746589661,-47.2818684161974,8.61673528422995,-95.1552175541395
16.23,-3.12772130966187,-9.25162982940674,-2.14955377578735,9.80762743111951,64.1825499701795,-6.78682045699093,-2.34941267967224,-9.53151798248291,-3.02754235267639,-48.3262419063328,11.7412053200523,-99.0520317209286
16.235,-2.79440855979919,-9.34070110321045,-1.70918202400208,4.59527101886183,55.2738454432726,-7.79669764983634,-2.31007122993469,-9.42821502685547,-3.08659982681274,-49.3967545304218,16.4351683035526,-102.829037539486
16.24,-2.58476209640503,-9.60164546966553,-1.29986798763275,-0.550449640966382,47.2876911524648,-8.74734301531258,-2.33809852600098,-9.38089275360107,-3.16925096511841,-50.3826547710727,23.086850479607,-106.471871121989
16.245,-2.57802104949951,-10.1414775848389,-1.04459857940674,-4.53183008741664,40.452696944371,-9.46319379788046,-2.47891473770142,-9.43634033203125,-3.22740697860718,-51.1244986923007,32.6797162726538,-109.952808730594
16.25,-2.90055704116821,-10.8046913146973,-1.41182267665863,-5.94948536852427,35.8435077075279,-9.40890403926262,-2.75646662712097,-9.72442436218262,-3.31084418296814,-52.1486753130604,38.7472977463617,-112.474234534407
16.255,-3.32704567909241,-11.3517141342163,-2.16803312301636,-5.17424822555724,34.1073487525916,-8.16817456332041,-2.9856071472168,-10.2044706344604,-3.20189571380615,-52.9033907257793,44.4696609688497,-115.315162927214
16.26,-3.74390292167664,-11.7432336807251,-3.15269637107849,-2.2387387882179,34.9248677547287,-5.6229698827991,-3.10665726661682,-10.8239345550537,-2.93226361274719,-53.6889102916549,49.7225477236422,-118.809719933024
16.265,-3.90176248550415,-11.9378757476807,-4.00448656082153,3.0933820029282,37.3638497601648,-1.46270390050015,-3.00350403785706,-11.4574213027954,-2.65871572494507,-55.5821977484474,52.9454202948369,-123.524353630274
16.27,-3.81331324577332,-12.0736665725708,-4.35288429260254,8.62276377994614,37.3558037973226,3.52748129237412,-2.89555907249451,-12.0216550827026,-2.22686505317688,-57.4828652246381,57.0502649482716,-127.76781355782
16.275,-3.61213684082031,-12.2943496704102,-4.37582540512085,14.0891648095142,35.6543626939374,8.44075119139634,-2.65471291542053,-12.543758392334,-1.7995320558548,-59.3730517755475,60.6670242836172,-131.930882158834
16.28,-3.36558818817139,-12.6358194351196,-4.13931608200073,19.6554436953154,32.7973218848777,12.9728788189287,-2.24911546707153,-13.0200214385986,-1.41404855251312,-61.1509636768801,63.1981899371864,-136.112009780014
16.285,-3.25440812110901,-13.1218395233154,-3.77345132827759,26.3418539682048,30.5407947227402,16.6109756652414,-1.65824234485626,-13.4060068130493,-1.08180928230286,-62.3593744052171,63.2254833731098,-140.379921784788
16.29,-3.30524158477783,-13.5630884170532,-3.5474681854248,34.4992650071669,29.1272392626818,19.312096915928,-1.21723830699921,-13.814061164856,-0.594215869903564,-62.9336908615776,63.6555530643888,-144.464689097158
16.295,-3.42651295661926,-13.8995027542114,-3.49087357521057,43.6803711385522,27.442846311465,21.2433021678978,-0.938961863517761,-14.2376050949097,-0.0902040228247643,-63.63760332725,65.038529767533,-148.657878832412
16.3,-3.56995797157288,-14.1004209518433,-3.61445736885071,53.6646289691555,24.9595005198224,22.4459823675212,-0.839191675186157,-14.6734685897827,0.42037895321846,-64.7429055198765,67.2938855522279,-153.178371232693
16.305,-3.58368468284607,-14.1119079589844,-3.88104724884033,63.661830008236,20.5829646015829,22.9843122646922,-0.968115448951721,-15.1105089187622,1.23672258853912,-66.2915279707718,68.0262047746583,-158.948282817088
16.31,-3.38494110107422,-14.1458473205566,-4.04862260818481,71.0358115192085,16.5429811320539,23.1936456099221,-1.12075388431549,-15.4221477508545,1.99780714511871,-68.7582781102786,66.2643847990102,-165.636991448633
16.315,-3.06500363349915,-14.265625,-4.10762786865234,78.0935894225553,11.9436094383692,23.3400370544029,-1.25993573665619,-15.7311906814575,2.94446063041687,-72.1089571812226,62.3316301768085,-172.702548937445
16.32,-2.67123460769653,-14.5069704055786,-4.03943061828613,86.0525424849935,6.23968388465883,23.5870184023379,-1.33054625988007,-16.095739364624,4.19349813461304,-76.2537413658289,56.336257463006,-179.743572386757
16.325,-2.31023335456848,-14.8249549865723,-3.70799326896667,95.2247283893227,-1.3110225812288,24.4135771598416,-0.707101464271545,-16.3975391387939,5.37415599822998,-79.0164231115048,49.3286233934509,-184.305810903246
16.33,-1.89572703838348,-15.1198406219482,-3.29074549674988,103.879445501753,-9.53677030316713,25.6849639398734,0.329278528690338,-16.5505752563477,6.04571771621704,-81.3927073954548,39.315477277753,-187.073594800232
16.335,-1.43324017524719,-15.3182725906372,-2.90785217285156,112.374827961226,-17.7731169845934,27.2201940973536,1.56938064098358,-16.4734477996826,5.68536806106567,-82.4270575829832,29.0669321074052,-188.032908529538
16.34,-0.924231767654419,-15.3559627532959,-2.657057762146,120.986173372427,-25.4918710769425,28.8913689249792,2.85916090011597,-16.0872821807861,3.81381225585938,-81.276771764483,20.7733595397916,-187.061860535238
16.345,-0.305920302867889,-14.8266229629517,-2.41598224639893,130.769176264042,-31.0710974400891,30.8241997619715,2.21000409126282,-16.4120826721191,0.813904285430908,-81.8948697334233,10.458922680747,-184.134823947564
16.35,0.473199844360352,-14.2693529129028,-1.92720115184784,140.565675609456,-35.8040838556386,32.4921046365319,0.714891493320465,-17.6132011413574,0.971788763999939,-81.4159027178762,17.3090278286059,-181.723125132767
16.355,1.3029420375824,-13.6838302612305,-1.2984699010849,151.037448437353,-40.004151591387,33.7686328414615,-0.778569340705872,-19.0539226531982,2.56984734535217,-80.7478419151572,30.2676759483989,-181.596247538745
16.36,2.04876065254211,-13.0674781799316,-0.654407799243927,163.067897754603,-44.0239603896551,34.4647964575204,-1.20530879497528,-19.9527034759521,3.56082987785339,-81.0169103873207,35.9138859767357,-186.153131186924
16.365,2.38291811943054,-12.3000726699829,-0.524805784225464,175.529400310373,-44.0665432040355,35.1619811868603,-0.995891928672791,-19.7195053100586,2.67723417282104,-80.7699034261764,23.9257701719611,-191.487030815462
16.37,2.53139710426331,-11.6757984161377,-0.589615941047668,185.628736583207,-39.9451387569581,36.2697559079663,-0.714341640472412,-18.872709274292,1.78996646404266,-79.98118050158,9.47338187880118,-193.213306486669
16.375,2.53063273429871,-11.1886920928955,-0.806873381137848,193.681188105194,-32.305135038192,37.6873070286891,-0.400908142328262,-17.5512294769287,0.753307402133942,-79.470200389393,-6.60855934984277,-191.27802702686
16.38,2.41016221046448,-10.8109264373779,-1.14680254459381,200.362684056975,-22.0186447519102,39.2131064024729,-0.0691278949379921,-15.913743019104,-0.921505570411682,-80.821512335545,-24.506860468431,-185.655114773782
16.385,2.28165292739868,-10.6861400604248,-1.62436091899872,207.820198781497,-12.0162211794356,40.4309940182832,-0.19561231136322,-14.329571723938,-2.79579877853394,-82.6457260892612,-37.9446924622773,-177.408276068017
16.39,2.20326066017151,-10.809588432312,-2.1613667011261,215.691814215018,-3.87234245276653,41.3431418762763,-0.40671694278717,-13.0793437957764,-4.29734706878662,-84.3899924787423,-49.4579837612364,-168.294126281065
16.395,2.19767689704895,-11.1506395339966,-2.73265695571899,223.574521875752,1.91535046191554,41.8840348019334,-0.596969604492188,-12.1311807632446,-5.49176788330078,-85.9663591580463,-60.5143627254783,-158.867249452775
16.4,2.31638479232788,-11.6416969299316,-3.29657673835754,230.428507424833,4.25751304176282,41.8285395149271,-0.593517005443573,-11.3177700042725,-6.7501072883606,-87.3047757070453,-74.4195896868704,-150.073749726599
16.405,2.52589321136475,-12.1410827636719,-3.65530037879944,236.21946965225,3.24903411670656,41.2165682256723,-0.231730282306671,-10.7699613571167,-7.82136583328247,-87.847604991332,-88.4546517141953,-144.136840016997
16.41,2.72513508796692,-12.5677633285522,-3.88276982307434,240.842961305215,1.05391419718883,40.5406287997457,0.34643080830574,-10.5721607208252,-8.44047260284424,-87.62732456041,-107.063228900328,-138.105564413822
16.415,2.87607908248901,-12.89759349823,-4.00627326965332,244.407582391531,-2.18230563086113,39.8683298646468,1.06358587741852,-10.7179870605469,-8.52604675292969,-86.1867147210492,-129.733842529273,-130.9082662363
16.42,2.90231037139893,-13.0989236831665,-4.07921266555786,247.524525558888,-7.94443464158372,39.0226841435075,1.70058631896973,-11.0932579040527,-7.96337985992432,-81.3596561100611,-149.635961921558,-120.494918846563
16.425,2.81262683868408,-13.2559213638306,-4.17856025695801,250.379927122547,-15.3610886131695,38.5340763159469,2.03953742980957,-11.3493518829346,-7.11461162567139,-75.2533508788538,-157.83542643524,-108.322579179495
16.43,2.65899181365967,-13.3593902587891,-4.26199245452881,251.894371306835,-22.5531258374839,38.6341898137063,2.19074845314026,-11.3350877761841,-6.40919494628906,-66.6643606768061,-157.771263638177,-94.2810557932154
16.435,2.47169613838196,-13.3959054946899,-4.29044961929321,251.468413389437,-28.6075130932626,39.4650959866167,2.23057007789612,-10.9627065658569,-6.0996675491333,-54.9427759289183,-150.49417519077,-78.3866318587055
16.44,2.36616134643555,-13.2967376708984,-4.07181739807129,247.610613263187,-31.4437423159213,41.3790379354594,2.51339292526245,-10.0134906768799,-6.98950147628784,-38.8193801477675,-137.018225618713,-61.5400044218149
16.445,2.33429718017578,-13.110387802124,-3.73591661453247,240.984783353141,-31.1853221086738,43.7498239171275,3.61639285087585,-8.67234992980957,-8.49969577789307,-26.8717878553386,-121.29360018697,-47.6090105717789
16.45,2.29815554618835,-12.9393463134766,-3.35303235054016,232.368226507603,-28.646598850788,46.5440440612959,5.40283823013306,-7.18311357498169,-10.0834159851074,-21.4608932118342,-111.828098638923,-37.6006114375542
16.455,2.20726895332336,-12.8414659500122,-2.96069192886353,222.164033170631,-24.1801417845781,49.7741737084838,7.82430648803711,-5.68640232086182,-11.3987445831299,-24.1899635966045,-113.678130507702,-32.0588828129509
16.46,1.89800631999969,-12.8691329956055,-2.61365151405334,212.234918872291,-18.6761243419298,53.5587268860745,10.624698638916,-4.54510641098022,-11.4126024246216,-34.9525846623806,-130.7762660004,-27.2884908664119
16.465,1.48136019706726,-12.9427194595337,-2.23655915260315,203.891569593554,-13.328286004843,57.2819552102022,12.4827184677124,-3.83396172523499,-11.3949718475342,-48.3766487024075,-143.869233205316,-20.3616511045488
16.47,1.07197177410126,-13.0262937545776,-1.8736035823822,196.727616399559,-8.53657362280974,60.4760931755587,13.4465103149414,-3.62033224105835,-11.2048578262329,-59.3259781117877,-145.029832609463,-11.788211535694
16.475,0.761530816555023,-13.0918674468994,-1.56082093715668,190.491831272256,-4.65336092397914,62.736448658726,13.4996452331543,-3.98829555511475,-10.7194795608521,-63.5610847179783,-127.218119933417,-1.87315376666661
16.48,0.48379647731781,-13.1012144088745,-1.25319957733154,184.355493699268,-1.53373541326905,63.0224355094636,12.8618993759155,-5.19924449920654,-8.70104312896729,-54.1888698936161,-78.0478544758729,8.75075298725571
16.485,0.237769782543182,-13.0716905593872,-0.980573892593384,178.609692682644,1.44116191074476,62.3482753478159,12.0027770996094,-6.37679195404053,-7.17989587783813,-44.342622865382,-36.1034305563928,17.5191585984213
16.49,0.0362430140376091,-12.9784240722656,-0.730940878391266,173.442968764231,4.13476771218852,60.9046124138961,10.8943576812744,-7.31960391998291,-6.34944438934326,-32.4729015596804,-0.0794127151694606,26.2563895186677
16.495,-0.101288370788097,-12.7852687835693,-0.490988731384277,169.136780379348,6.35386415701393,58.8717773621711,9.48238658905029,-7.75666570663452,-6.5058159828186,-16.4773156933734,31.208971638675,37.2521454313839
16.5,-0.250680208206177,-12.3973817825317,-0.222170367836952,166.765038171196,7.43875475619266,56.2382066823759,8.0934886932373,-7.47296190261841,-6.5816330909729,1.79391631521847,51.8871644452135,51.2173380385941
16.505,-0.404622226953506,-11.937894821167,0.0437445975840092,165.993377059146,7.24992990771942,53.4551743880679,6.88409805297852,-6.8516697883606,-6.33072280883789,16.9761534367634,63.9526594630952,65.3790625089823
16.51,-0.522772252559662,-11.4317455291748,0.284275829792023,166.387943427119,6.06014083638082,50.8591424279511,5.80936145782471,-5.93826675415039,-5.84887742996216,29.0963497321604,68.9908938628417,79.7250825586504
16.515,-0.525694489479065,-10.9083166122437,0.457501173019409,167.284637982115,4.29549615062409,49.05978031753,4.78199815750122,-4.74783849716187,-5.31920051574707,38.4479612908913,69.0558489618485,94.5434716611273
16.52,-0.414683848619461,-10.3947124481201,0.577420473098755,168.065342264626,1.37134926657759,46.8669788203487,3.90802264213562,-3.38790130615234,-4.99866914749146,45.944179282345,64.3620610019457,110.378001666805
16.525,-0.255762338638306,-9.94354248046875,0.719874441623688,168.145952157211,-2.31294431123844,44.3363425064402,3.29332065582275,-2.08892178535461,-4.8309440612793,53.3701419479958,56.2418983996223,126.211445672406
16.53,-0.076019749045372,-9.55896759033203,0.899948060512543,167.502534677017,-6.3380309247442,41.550851344031,2.94640254974365,-0.916036665439606,-4.78304052352905,60.6681307742628,45.2868589520959,141.663109424159
16.535,0.0716381669044495,-9.24001789093018,1.13736605644226,166.211970433343,-9.6601721846754,38.7085261775382,2.87786388397217,0.0136081641539931,-4.79038238525391,67.009496965756,32.475415069295,155.960676111855
16.54,0.114621661603451,-9.00271797180176,1.27281498908997,164.866628072526,-11.7457550798132,36.1214827463691,3.16884469985962,0.5051229596138,-4.64709377288818,71.8871741086831,20.940361080093,168.997075690064
16.545,0.109899766743183,-8.78890895843506,1.31454217433929,163.235606219484,-12.6095375145198,33.8504960737586,3.53804278373718,0.74980366230011,-4.54095506668091,76.9653856056417,10.2010770631635,181.641845881644
16.55,0.0679981857538223,-8.59080410003662,1.2539347410202,161.14317776725,-12.1847637811684,31.9013069337042,3.90945053100586,0.79201602935791,-4.53083610534668,82.6963856023352,0.147066112424407,194.160120969795
16.555,-0.0189321339130402,-8.43022155761719,1.0425511598587,158.000307201804,-10.1451463515976,30.239941965274,4.20966958999634,0.647504210472107,-4.70368051528931,89.5264928100779,-9.25668558964607,206.919624679053
16.56,-0.0924383550882339,-8.27040195465088,0.77043741941452,153.515263483315,-6.73506000280011,29.131122225225,4.26266717910767,0.222436368465424,-4.62132215499878,97.5079445156421,-15.1099989064488,219.095324799192
16.565,-0.139450311660767,-8.08637142181396,0.494430750608444,148.28691759821,-2.66029550247014,28.5088014918303,4.15896558761597,-0.391191214323044,-4.41063737869263,104.857323685224,-17.5832787068021,229.032280154699
16.57,-0.16077047586441,-7.87368631362915,0.242284640669823,142.560227450883,1.78096734376918,28.3248115635158,3.96679186820984,-1.16924047470093,-4.14412689208984,111.183963988867,-16.3807624317188,236.42339178011
16.575,-0.205385059118271,-7.67153072357178,0.0806980058550835,136.833824171501,5.97804964652008,28.2537673508639,4.02220010757446,-2.12445712089539,-4.08495998382568,118.425030018591,-9.51274767408255,243.922529677433
16.58,-0.24654895067215,-7.35945987701416,-0.0739141926169395,131.189629048969,9.38851336326919,28.1561707778136,4.48674297332764,-3.13985252380371,-4.0954327583313,127.489852179357,-0.674662980964558,251.194823332043
16.585,-0.303302884101868,-6.96427011489868,-0.229330450296402,125.405005237102,11.5764227374575,28.0329268444299,5.28900146484375,-4.04541158676147,-4.29531526565552,138.138322001082,7.19053799779158,257.501136992716
16.59,-0.384239494800568,-6.49923324584961,-0.386094570159912,119.312940950314,12.2067202780291,27.8581849922516,6.38334226608276,-4.74211025238037,-4.71245765686035,150.076823311725,12.8157212887686,262.48507138856
16.595,-0.447550147771835,-6.0318078994751,-0.479295700788498,112.163269681874,10.6123056776171,27.1836508777468,7.28913021087646,-5.17249965667725,-4.52096080780029,158.717313140115,22.3234538964531,267.718444292894
16.6,-0.505743741989136,-5.51132440567017,-0.503153562545776,104.471868789604,7.80982015077923,26.1343323306523,7.92879152297974,-5.52646970748901,-3.96054840087891,165.832963236299,37.912197837301,274.352115260107
16.605,-0.582498669624329,-4.98808288574219,-0.483648508787155,96.7866970298563,3.73294042624068,24.6804377733559,8.36191940307617,-5.80112886428833,-3.39773416519165,172.753734375085,55.956666284788,281.979797317611
16.61,-0.697797417640686,-4.50194787979126,-0.438803911209106,89.5442786226766,-1.74914869407727,22.7734848155814,8.62330055236816,-5.98932075500488,-3.12408542633057,180.526202782614,73.7217765801269,290.339047276736
16.615,-0.901266515254974,-4.06364727020264,-0.431474834680557,85.0351516571742,-6.57800663302483,21.2284618743787,8.3532772064209,-5.87874698638916,-3.29695773124695,189.130492608403,85.2500498990303,298.4978448441
16.62,-1.14326047897339,-3.6546745300293,-0.426269501447678,80.0025453333038,-13.1174491642221,18.9614196360139,7.7331919670105,-5.5756893157959,-3.51801657676697,196.392035545258,90.3333976982448,305.821856691104
16.625,-1.39443480968475,-3.27532315254211,-0.408220559358597,74.1007769469817,-21.1930558812686,15.9979986306313,6.99059963226318,-5.1892466545105,-3.69849467277527,202.585336895924,90.3464092086137,312.264774135177
16.63,-1.61862730979919,-2.92824101448059,-0.357534855604172,66.8286403867233,-30.7038518287959,12.3168545170746,6.4019775390625,-4.85007762908936,-3.72374176979065,207.9730720755,86.6261281111128,317.70051188424
16.635,-1.73281669616699,-2.64061784744263,-0.291942805051804,57.5547529656525,-39.8620597509887,8.58367460732615,5.9893651008606,-4.61338186264038,-3.35471367835999,212.342849521556,81.1741823231494,321.119294771398
16.64,-1.77813935279846,-2.38454294204712,-0.259932637214661,46.474044867587,-48.1071772490829,4.95426191965629,5.51121044158936,-4.64348030090332,-2.96733021736145,215.019259147825,74.6691443085751,322.974374149974
16.645,-1.77520978450775,-2.13340854644775,-0.263560801744461,33.5718755820409,-55.2050517779522,1.49587973012449,4.94005298614502,-5.03501462936401,-2.57334566116333,216.823863428435,65.2186145351895,323.524750793294
16.65,-1.75367748737335,-1.84025800228119,-0.305371135473251,18.6082851955459,-60.6502766597723,-1.66242343430809,4.23949813842773,-5.98805284500122,-2.15476417541504,219.292635303936,48.8555371707791,323.076143968607
16.655,-1.72735202312469,-1.53049099445343,-0.375910460948944,1.62696984331725,-64.1124449085384,-4.3997158727352,3.51185965538025,-7.22617340087891,-1.73396718502045,225.065716096106,26.533886444267,322.06721574517
16.66,-1.72154355049133,-1.26082670688629,-0.430819481611252,-16.1213603847782,-66.1867460387146,-7.00157184977989,2.93396687507629,-8.42418098449707,-1.7753838300705,232.073189656215,4.58183689053806,320.793767955556
16.665,-1.73776841163635,-1.04331910610199,-0.454772472381592,-34.226644836635,-66.8638295213272,-9.51346057507717,2.55051946640015,-9.52053642272949,-2.360027551651,239.519134040283,-16.1139479219815,319.184466104074
16.67,-1.77323734760284,-0.897151172161102,-0.416502296924591,-51.9832310558897,-65.7729868391736,-11.9556348401766,2.44492888450623,-10.4452238082886,-3.60407590866089,245.880717591719,-35.1610283754711,316.893675297965
16.675,-1.79707479476929,-0.824200093746185,-0.357355862855911,-67.8366533648121,-63.6759821601963,-14.1098619902466,2.54368376731873,-11.5188150405884,-4.46652746200562,251.606519814454,-53.3966191763134,313.555324718473
16.68,-1.8515522480011,-0.791400730609894,-0.243335977196693,-81.7765367060529,-61.5725229524533,-15.8567434884063,2.58851385116577,-12.7492637634277,-5.05700445175171,257.003899221139,-67.8829483870064,309.240065842372
16.685,-1.95916831493378,-0.798336863517761,-0.0581001117825508,-93.7860036821729,-59.712266290487,-17.0704527359919,2.47115039825439,-14.0935249328613,-5.43171262741089,261.915433611781,-79.2098745593671,303.515684298985
16.69,-2.18264651298523,-0.876131534576416,0.2406195551157,-103.796656778824,-58.2605095824008,-17.2831926380703,1.9446085691452,-15.3427696228027,-5.74332618713379,265.299409854929,-93.0678980834053,294.294437145847
16.695,-2.47968554496765,-1.05465948581696,0.559994578361511,-113.138955374621,-56.351802973557,-16.3190175216219,1.36646687984467,-15.9591569900513,-4.67522954940796,266.930923481592,-111.023365750912,281.248447982043
16.7,-2.79454064369202,-1.33954882621765,0.81383866071701,-122.871797356971,-53.6130815314894,-14.6962755654009,1.44202196598053,-15.7623252868652,-4.10465145111084,267.411577553864,-135.297291155437,264.731657210361
16.705,-3.08804297447205,-1.74833226203918,0.961416006088257,-133.554950879301,-49.7401218003767,-12.65147402225,2.29689359664917,-14.7663078308105,-4.69240140914917,266.814591699648,-167.01879335924,245.25578260342
16.71,-3.19568490982056,-2.37920331954956,0.930234730243683,-146.656742688625,-43.5326580524669,-10.8158453148834,2.83304882049561,-13.7826480865479,-6.43819332122803,264.359193334542,-207.53363136468,226.809108221373
16.715,-3.07550287246704,-3.22935605049133,0.917318642139435,-157.105962231882,-38.247515729319,-9.79083455727139,2.64041566848755,-13.1979579925537,-6.25265169143677,262.458242405501,-234.04356262798,208.785181567815
16.72,-2.83125424385071,-4.27461099624634,1.03058671951294,-166.516473926921,-33.9304434379936,-9.25278299030905,2.53803157806396,-12.6242141723633,-5.71908950805664,260.615512008945,-251.401941988434,193.353243402385
16.725,-2.51552796363831,-5.51402568817139,1.34259414672852,-175.450784833026,-30.9211508821452,-9.06180321715268,2.95580339431763,-11.8690538406372,-5.60517501831055,258.4836733652,-261.764732317934,181.730173887991
16.73,-2.21328282356262,-6.96522808074951,2.00791597366333,-179.740976914873,-33.9317924003547,-9.28767586545771,3.76093482971191,-11.1452579498291,-5.03547620773315,254.466948397342,-266.984144315605,172.619370893732
16.735,-1.8487845659256,-8.49906253814697,2.87539935112,-177.737395563363,-42.454738088223,-9.32605469840401,4.81526565551758,-10.3063344955444,-4.54593086242676,248.600690164515,-269.446454832151,164.317221316068
16.74,-1.43490624427795,-10.1204595565796,3.93558144569397,-170.341188616831,-54.138367474893,-8.98485089086873,5.87768936157227,-9.32984256744385,-4.3017520904541,240.542706189301,-267.565366093216,157.057167360452
16.745,-0.978870511054993,-11.8387050628662,5.19272899627686,-157.939450216299,-67.3044928360089,-8.08794033114027,6.75679922103882,-8.18949699401855,-4.44945859909058,229.886436291544,-259.812391045578,151.088729497641
16.75,-0.529173851013184,-13.9921951293945,6.81063175201416,-136.04966381327,-73.4178741431963,-6.60712031436201,7.15049982070923,-7.24881410598755,-3.37800192832947,213.855490535904,-232.986358627489,144.681520282549
16.755,-0.378534823656082,-16.588846206665,8.38539409637451,-106.501479992041,-71.1746965857916,-4.74882733178206,7.87966299057007,-6.48218774795532,-1.96617150306702,192.716096035849,-199.821091036928,136.445678181348
16.76,-0.640349328517914,-19.260705947876,9.6647481918335,-70.8639571295018,-62.1826091094972,-2.64083031710925,8.82890224456787,-5.76907873153687,-0.481198072433472,166.512935888931,-160.242180193077,126.551575432694
16.765,-1.48881638050079,-21.5512523651123,10.3090229034424,-30.64008176761,-47.9423101428972,-0.424451006913041,9.87017345428467,-4.96215915679932,0.746793150901794,134.91262856176,-113.662803563205,115.08576419375
16.77,-2.42563247680664,-21.6145610809326,10.4596567153931,4.31888271834221,-44.8791888661999,-0.653771620088457,9.30154895782471,-3.92008376121521,0.94107460975647,99.5851143252697,-56.7329070386762,102.712657946219
16.775,-2.90925025939941,-20.8811321258545,10.7281007766724,34.6471249423193,-58.2168373528477,-4.06629591953279,7.17766523361206,-3.05548715591431,0.464241772890091,65.329434354473,-0.743045287469992,89.0414400959802
16.78,-2.8291597366333,-19.5017795562744,11.2485294342041,62.376122029062,-83.9216190865979,-9.52650709016554,3.97599029541016,-2.57339859008789,-0.476116985082626,33.6289008314213,49.277584804878,73.5454415863246
16.785,-1.97364127635956,-17.5436840057373,12.2373237609863,91.0146271056836,-115.102785025162,-15.0208137113613,0.482000052928925,-2.85912299156189,-1.57363653182983,7.0577992476879,84.3601104011235,55.0758075233827
16.79,-0.686919450759888,-15.5214519500732,12.3210372924805,114.624890349314,-123.530596423176,-14.9667476414388,-1.57693636417389,-3.46024751663208,-2.19144678115845,-12.8234906289495,103.501742870841,33.0233328445134
16.795,0.521642923355103,-13.8408422470093,11.087327003479,125.148408690363,-112.328526108843,-11.3150886007554,-3.21703028678894,-4.18432807922363,-2.75967812538147,-30.0184730814364,113.332994218752,9.2630103448175
16.8,1.58899486064911,-12.5182952880859,8.68888854980469,120.899143102023,-85.8760503968404,-5.26489251980613,-4.51606607437134,-4.93804025650024,-3.37580132484436,-44.5527228993462,115.550995698876,-14.0276726164166
16.805,2.50410103797913,-11.4866371154785,5.61397647857666,98.5596228930948,-54.3913508515611,0.623097293886783,-5.29978895187378,-5.52256536483765,-4.17131185531616,-54.8029278056623,111.989612122227,-31.1533363327907
16.81,3.33243680000305,-10.3615436553955,3.21986317634583,70.4953318199962,-34.4474682675961,3.65656909292301,-5.00441884994507,-5.78427362442017,-4.69683694839478,-66.7385228708141,102.253156969806,-49.9582882877506
16.815,3.98408913612366,-9.25502967834473,1.57306516170502,47.3737822718582,-22.7833151653444,5.05862678328726,-4.12158584594727,-5.94250631332397,-5.03484439849854,-79.884922645607,90.0102204674765,-68.989377560846
16.82,4.43837738037109,-8.28123474121094,0.707241356372833,31.2866240593489,-17.8705598783874,5.19701495360819,-2.88201570510864,-6.1403660774231,-5.15740346908569,-93.3069888553016,76.6205156940694,-86.8624389960169
16.825,4.68870544433594,-7.86081409454346,0.712952435016632,21.3273083720471,-15.8380714587628,4.56476654025491,-1.87080228328705,-6.82632637023926,-4.8517017364502,-103.115324918547,64.7608074456911,-98.5712478750622
16.83,4.96251487731934,-8.0042667388916,1.09186196327209,20.4638631779308,-11.4136268861375,4.47170393215301,-1.58655667304993,-7.84029102325439,-4.53189897537231,-111.939499024286,57.2184412811103,-106.276561862672
16.835,5.25953435897827,-8.41812229156494,1.53799748420715,29.1667314164628,-3.69681939770189,5.35250975959223,-1.9344961643219,-9.40234470367432,-3.91807389259338,-118.731145436813,53.4891545791887,-111.006754730851
16.84,5.58980274200439,-8.97847557067871,1.90122282505035,47.8068879822233,7.64935168641895,7.28534870743417,-2.86810708045959,-11.6675519943237,-2.70834565162659,-121.627774022302,54.6971281754188,-112.507852725501
16.845,6.02857255935669,-9.4335355758667,1.80506682395935,75.6668437010172,22.0216841860908,9.4566948728852,-4.11788558959961,-15.1341876983643,0.669042348861694,-109.120652633065,70.269300369793,-106.663758456531
16.85,6.54773855209351,-9.78976917266846,1.79672122001648,101.131339379766,35.6179577856612,10.9215655441778,-4.98034572601318,-18.4681339263916,3.77469444274902,-92.3634187120318,89.2374870157271,-92.8229128582553
16.855,6.98378801345825,-10.0992736816406,2.13886165618896,120.541705642378,46.7840022672168,11.7470220799042,-5.57723903656006,-20.8969993591309,6.35719966888428,-75.4929948960729,99.4305198235956,-73.8641040620516
16.86,7.2311110496521,-10.3787240982056,2.98794007301331,131.326765587125,54.3788242846233,12.0068945561239,-5.94809055328369,-21.9243221282959,8.21237182617188,-60.531588462565,93.4844644906952,-51.558055195151
16.865,7.02524042129517,-10.4801254272461,4.31417417526245,128.01658270777,56.0092826470592,13.0324320920757,-5.91325998306274,-20.8565940856934,8.57639980316162,-44.6917513999018,63.2498125069333,-35.5472072711436
16.87,6.50316333770752,-10.3573751449585,5.63975667953491,117.54442738928,57.1168592926793,15.4241807780802,-4.81140804290771,-17.9181156158447,6.42836666107178,-39.3801864899497,27.748304323979,-31.5672526266826
16.875,5.86563301086426,-10.1031484603882,6.76020050048828,102.075100768333,58.9713137089457,18.8588472701533,-3.06629800796509,-14.2669095993042,3.19102001190186,-42.9510025578432,-5.91447509949925,-36.7947071721006
16.88,5.26536273956299,-9.78315925598145,7.50019264221191,83.0256212108973,62.6289961227034,23.1429724364697,-0.975827932357788,-10.7810306549072,-0.0699427127838135,-54.6380367938145,-31.9704728443343,-49.5460112392595
16.885,4.19723701477051,-9.31503772735596,7.85238599777222,60.8207172003208,75.3979596439613,27.1984792184349,0.85417628288269,-8.85929393768311,-1.00162577629089,-64.04083720528,-42.5108276016871,-59.0784657166448
16.89,2.72916221618652,-9.19218921661377,7.84866046905518,41.3186590631964,94.9579753512879,30.2246252660603,2.88530659675598,-7.91054391860962,-1.70651280879974,-74.7416057854798,-46.2560491349423,-67.8750048770017
16.895,0.913335561752319,-9.5330638885498,7.49584674835205,27.9506862441811,118.114857468002,32.048036472549,5.1329140663147,-7.82309436798096,-2.29423499107361,-85.7183686496614,-45.056463011013,-76.2311539302437
16.9,-1.21141314506531,-10.5221548080444,6.7756724357605,25.4997035963733,141.132103197325,32.3583797778668,7.63293790817261,-8.522873878479,-2.89352178573608,-95.7083399335055,-40.8564772375346,-84.4843242213694
16.905,-3.58173298835754,-11.9612627029419,5.75966644287109,35.9176630713468,152.766060033256,30.330315613277,9.51476764678955,-9.70079231262207,-2.68598914146423,-102.98462241859,-28.9539880992899,-88.2853654756165
16.91,-5.72159862518311,-13.3634853363037,4.39269161224365,42.1630685200959,156.541078266766,26.9479512947734,10.8717603683472,-10.9524211883545,-2.109783411026,-109.440544542843,-10.4052297099079,-88.7663064158338
16.915,-7.57390594482422,-14.6569232940674,2.8055784702301,42.8417127009338,154.335938032849,22.8413034713978,11.8639507293701,-12.0644683837891,-1.49833810329437,-114.495007472057,12.5591981665631,-87.000080968171
16.92,-9.05029773712158,-15.7451467514038,1.22884654998779,36.5198057183859,148.709952194644,19.0242488386416,12.7463293075562,-12.6606750488281,-1.43359184265137,-116.700134045596,36.2888804376424,-84.6639172154057
16.925,-10.0456504821777,-15.7489147186279,0.130438283085823,28.5911223468019,131.884382230965,13.9136135799192,13.1191864013672,-12.4578628540039,-2.20784211158752,-117.152961927189,54.5783067895227,-83.3643849333516
16.93,-10.5108060836792,-14.7723989486694,-1.10796642303467,23.7096510337909,107.147786642253,9.00412056206463,12.8768272399902,-11.9610328674316,-3.50072622299194,-116.866613076426,70.9294586436422,-81.8415942578972
16.935,-10.269829750061,-12.9871797561646,-2.54424452781677,21.0763638068463,76.5205353849988,4.34421546308697,11.9884233474731,-11.3226518630981,-5.11137199401855,-115.796049225918,86.202854458058,-79.5316447711664
16.94,-8.76459407806396,-10.7810039520264,-4.1399097442627,16.8788283637326,44.1486454929537,-0.446019143486355,10.3439874649048,-10.789755821228,-6.60080718994141,-113.370614900701,101.530413672592,-75.1806571755174
16.945,-6.36976909637451,-9.0629415512085,-4.85264587402344,8.30866216303747,13.1995727974814,-8.3615209970242,8.87560081481934,-10.4814701080322,-7.16101694107056,-110.248159770684,115.734386278091,-69.3892783065611
16.95,-3.94149160385132,-7.65232992172241,-4.93652868270874,0.181447510457893,-15.7888684835293,-18.1405401808051,7.36535167694092,-10.2094783782959,-7.28593349456787,-106.228818840374,124.545139062111,-63.7191011444266
16.955,-1.75712990760803,-6.50201368331909,-4.50857353210449,-6.49997342930473,-42.3153407574522,-29.0696778434515,5.77504587173462,-9.94920825958252,-7.08495187759399,-101.571292354774,126.971331538326,-58.8708621168223
16.96,-0.254926353693008,-5.57260513305664,-3.86077761650085,-11.8712427303392,-64.5780862250149,-39.0814749967884,4.14436006546021,-9.77430152893066,-6.57465267181396,-97.6826949055569,122.656304888657,-56.5529964408434
16.965,0.762951076030731,-5.15316438674927,-3.00818157196045,-19.3191695768136,-83.0619714776601,-46.0613545926511,2.39858627319336,-9.82150840759277,-5.88099670410156,-93.9063652757269,107.15308003886,-55.1087973370738
16.97,1.43938529491425,-5.17978382110596,-2.10244727134705,-28.0244010607984,-97.148498980381,-50.1333153003268,0.545297920703888,-9.95987892150879,-5.40534114837646,-89.6020415324874,82.3762614661258,-53.7204008788233
16.975,1.80956614017487,-5.60823917388916,-1.25157618522644,-37.6772837260821,-105.713931859981,-51.0417304599385,-1.35577464103699,-10.1195478439331,-5.32273054122925,-84.5396624140248,49.7622379529092,-51.9839755465093
16.98,1.84744584560394,-6.14896154403687,-0.915794312953949,-47.7395286566287,-102.568588766055,-47.1276393296439,-2.82074093818665,-10.0789012908936,-5.87528991699219,-78.7715061882465,17.8552534244574,-48.9039222308595
16.985,1.6149730682373,-7.08170413970947,-1.03195190429688,-58.4549035963685,-92.388895317636,-40.2534637413763,-3.04843139648438,-10.0080852508545,-6.66891717910767,-72.9232386736932,-10.1768572123666,-45.0804301448106
16.99,1.29297912120819,-8.36016082763672,-1.39176046848297,-69.5726688857759,-79.1985637661016,-31.5883784017854,-2.1696138381958,-9.98587894439697,-7.46173429489136,-67.2765710226819,-35.0282802338573,-41.4449048647204
16.995,0.968926131725311,-9.95574855804443,-1.88091468811035,-80.8675204897942,-65.0531668629243,-21.6838783976676,-0.22919887304306,-10.0555028915405,-8.10697650909424,-62.040582155896,-56.5317238166734,-38.5259722964966
17.0,0.58875185251236,-11.4481544494629,-2.1770031452179,-90.263661466819,-51.7383482835773,-11.1505433672343,2.10020422935486,-10.1978721618652,-8.26154327392578,-58.1006216841199,-68.2619692444288,-36.8027565500375
17.005,-0.11192424595356,-12.4482641220093,-2.24855470657349,-96.634301849095,-40.5474453285374,-1.00750978524606,3.97141218185425,-10.3792419433594,-8.10250473022461,-54.1728531000124,-71.4938030238146,-35.7524851915538
17.01,-1.05520868301392,-12.9097633361816,-2.1650505065918,-100.223306710748,-31.2551334721805,8.21435432607251,5.32252359390259,-10.5535116195679,-7.70653343200684,-49.8122690885795,-67.63003331223,-34.9423701144769
17.015,-2.19395804405212,-12.762809753418,-1.97229874134064,-101.054431449712,-23.7983256722379,16.036123039031,6.07242822647095,-10.6835565567017,-7.12014865875244,-44.6381924715252,-57.3527569511386,-34.0426600309624
17.02,-3.32065796852112,-12.0910749435425,-1.83870601654053,-99.9612186919165,-19.3024287831579,19.8390408877526,5.87911701202393,-10.7114667892456,-6.30042695999146,-40.3107724436073,-40.1216718262463,-31.9109511608122
17.025,-4.13633298873901,-11.3711366653442,-1.89737403392792,-98.102765199891,-13.4087490483604,22.3990504301868,5.52042293548584,-10.7079076766968,-5.58489608764648,-36.6465740293814,-22.3739580227234,-29.5269897442352
17.03,-4.57703876495361,-10.6892719268799,-2.13924813270569,-96.2003457801782,-6.09094498953758,23.5373629270719,5.05600500106812,-10.6791944503784,-4.89473342895508,-33.6790344199292,-5.15802481873117,-27.0314435271876
17.035,-4.53359174728394,-10.1568117141724,-2.56704497337341,-95.1568158184053,2.79362805214479,22.9199906657309,4.55268669128418,-10.6313247680664,-4.13285970687866,-31.5037455277798,10.1679839428612,-24.5924598142042
17.04,-3.93913054466248,-9.77465629577637,-2.87958598136902,-95.8180600923326,10.0435259433525,19.1699931226986,4.0102744102478,-10.5274038314819,-3.33652663230896,-30.4841485488587,19.4345963586922,-22.9526833661932
17.045,-3.10884809494019,-9.4232349395752,-2.92589020729065,-96.1016973579957,13.7826370186214,13.8823287521997,3.39049124717712,-10.4051523208618,-2.65236949920654,-29.5046618558384,27.4882380411416,-21.2879886805427
17.05,-2.13214993476868,-9.10171318054199,-2.69358897209167,-95.3416680581025,13.3956939955355,7.46309584284729,2.67217040061951,-10.2803688049316,-2.14410853385925,-28.6361213406012,34.1615053225206,-19.5703753967502
17.055,-1.1298451423645,-8.82424640655518,-2.14581274986267,-92.3853299588892,7.48009020727593,0.394744166335128,1.80886125564575,-10.1787481307983,-1.93555581569672,-28.1418461635768,38.4817638970937,-17.8279736489124
17.06,-0.378421515226364,-8.59149742126465,-1.43712961673737,-86.4556944007535,-2.53183181045666,-6.56650929021759,0.996883928775787,-10.110424041748,-1.90351402759552,-27.3584456638911,37.9264456119096,-16.2571086869849
17.065,0.119968309998512,-8.40382385253906,-0.820637702941895,-79.4848784659194,-12.3801046301099,-12.7428440240982,0.388658195734024,-10.057092666626,-1.98993539810181,-26.6079069118497,34.4708480051251,-14.9215796004575
17.07,0.356555372476578,-8.27814102172852,-0.385844230651855,-72.4964747939724,-20.48765272681,-17.8428276028099,0.0191495697945356,-10.0108270645142,-2.14847874641418,-25.846882111885,28.8540146204084,-13.8166223323841
17.075,0.282812625169754,-8.26916217803955,-0.317615568637848,-67.7640279633673,-23.6574581432482,-21.1672804548883,-0.0436477363109589,-9.95586681365967,-2.27199840545654,-24.8312449351352,22.3111100370755,-12.9261415419856
17.08,0.122057393193245,-8.33433723449707,-0.447532922029495,-66.9199736763047,-20.3116882707702,-22.594036963065,0.158889383077621,-9.86818408966064,-2.5291473865509,-23.6504213408558,15.7301049510051,-12.2603688526386
17.085,-0.0879426151514053,-8.4936056137085,-0.702048063278198,-67.8038343058502,-13.5079046120887,-22.9354849498631,0.41991463303566,-9.78697872161865,-2.81942677497864,-22.4663534067208,10.8052593754436,-11.5393638385683
17.09,-0.339559078216553,-8.74830722808838,-1.04152369499207,-69.6091420959438,-4.32536328720408,-22.4180486013631,0.67891788482666,-9.72828483581543,-3.11471080780029,-21.3188150318142,8.02947732693955,-10.7490153289494
17.095,-0.634960889816284,-9.08474159240723,-1.35453426837921,-70.732954101221,5.25697504989761,-21.2859993879469,0.860364973545074,-9.72772884368896,-3.38424229621887,-20.2315035574615,8.00871099054177,-10.1034130419951
17.1,-0.894127190113068,-9.3853588104248,-1.57203078269958,-71.2288873066664,13.2813156476945,-19.8957195050327,0.994172751903534,-9.74748039245605,-3.63336610794067,-19.1597819898894,9.04674606512738,-10.0770254599104
17.105,-1.13531684875488,-9.60956382751465,-1.74476778507233,-71.4255830943845,19.5691971891183,-18.3261983828244,1.0562572479248,-9.77845859527588,-3.81529068946838,-18.2151924408861,10.4949536361661,-10.3117508871535
17.11,-1.35983800888062,-9.73525714874268,-1.88243997097015,-71.518289251989,23.8420935244393,-16.6126097880003,1.03547358512878,-9.81338691711426,-3.91816091537476,-17.4431898193779,11.9962454374342,-10.6396554626011
17.115,-1.53243899345398,-9.7163610458374,-1.9342212677002,-72.2400353415843,24.7966619798201,-14.8639601246193,0.926824808120728,-9.81622314453125,-3.99260997772217,-16.8688648252809,12.3751143231475,-10.6367893444706
17.12,-1.64688205718994,-9.63451862335205,-1.91224706172943,-73.1924642402076,24.370275468051,-13.5528293275808,0.827809631824493,-9.77705669403076,-4.00693655014038,-16.6885649066655,12.1892025503553,-10.4788198755729
17.125,-1.70769464969635,-9.50363254547119,-1.86271643638611,-74.5838762269767,23.0153657197537,-12.2667764238537,0.774643361568451,-9.72042560577393,-3.88646697998047,-16.4015005935863,11.3728754162283,-10.0886752013136
17.13,-1.71371865272522,-9.33181476593018,-1.80952787399292,-76.5517083683707,20.923589550586,-10.7855073221375,0.794855237007141,-9.66124248504639,-3.59593152999878,-15.7750868693315,9.89531254591049,-9.39829504793429
17.135,-1.65472888946533,-9.18202209472656,-1.77151989936829,-79.151858932557,18.1751026455527,-9.03685509743556,0.994075953960419,-9.65231800079346,-3.34465765953064,-15.4869536316472,8.4556802773747,-8.14695743443741
17.14,-1.517049908638,-9.03194427490234,-1.74326002597809,-81.5536676334353,15.9677289397771,-7.61533990567323,1.17098307609558,-9.72581958770752,-3.06597685813904,-15.3239801954088,7.58979755949832,-6.516237390379
17.145,-1.27482187747955,-8.91024112701416,-1.70545828342438,-83.569133514101,14.6694892710234,-6.61173965667506,1.28511703014374,-9.85481357574463,-2.73897051811218,-14.8129676398233,7.97382238426135,-4.63471493443183
17.15,-0.901061058044434,-8.84146022796631,-1.64217710494995,-85.0249883356893,14.6289589284885,-6.12389296832007,1.3004322052002,-10.021258354187,-2.34403038024902,-13.5559831674301,10.2224453099819,-2.5893757273272
17.155,-0.575591623783112,-8.93202686309814,-1.51934540271759,-84.8330326992552,16.2087526552085,-6.63919787091215,1.22852683067322,-10.1596279144287,-2.11021590232849,-12.2713065468207,13.6940972764106,-0.975702448054959
17.16,-0.324629753828049,-9.10792350769043,-1.4403817653656,-83.7263098272814,17.3853978812631,-7.70830731801356,0.961351335048676,-10.2287168502808,-1.87120175361633,-11.1192371951735,16.2900438591627,0.24364834902212
17.165,-0.118594795465469,-9.34673690795898,-1.40907800197601,-81.7583274217256,18.452570542848,-9.15322188409871,0.528516888618469,-10.2271995544434,-1.69141495227814,-10.2415066604081,16.7492460147991,0.887987451186363
17.17,0.076222725212574,-9.62514781951904,-1.43386483192444,-78.9300690298284,19.7708243734171,-10.7792098877228,-0.045515663921833,-10.1479806900024,-1.65635824203491,-9.83728838136394,13.3229610186113,0.68606368726722
17.175,0.274660795927048,-9.7843713760376,-1.48851907253265,-75.4910551223486,22.4224096771482,-11.7716235675209,-0.459798187017441,-10.0275402069092,-1.76026892662048,-9.76198213066996,5.05720012752438,-0.934995801262153
17.18,0.392679125070572,-9.85958003997803,-1.53975236415863,-72.2574659843462,25.6265777753008,-12.1421912120717,-0.667018890380859,-9.93740558624268,-1.87756264209747,-9.82376887567554,-4.51971888135774,-3.06297314696965
17.185,0.476937115192413,-9.84915733337402,-1.57234179973602,-69.3814714003397,29.5012740820101,-11.9557962033957,-0.635551035404205,-9.87432861328125,-2.05855393409729,-10.0557400291357,-13.7669813712701,-5.27543192858228
17.19,0.62113481760025,-9.73731994628906,-1.55898594856262,-67.1030842177636,34.4227463978952,-11.2755110696098,-0.285325586795807,-9.82747459411621,-2.4185004234314,-10.5587049143317,-19.9123800439656,-6.8768829044999
17.195,0.726239562034607,-9.47864437103271,-1.43942272663116,-65.6085636952839,39.2769550108341,-10.3307601573873,0.377649545669556,-9.7646598815918,-2.97084093093872,-10.7344738562065,-20.4155959386136,-7.20366135250811
17.2,0.679489731788635,-9.17402648925781,-1.29834973812103,-64.93716976025,42.9037615544488,-9.56024310202353,1.12555050849915,-9.63646793365479,-3.51405262947083,-10.8024197242961,-18.6075424124737,-6.95361581095676
17.205,0.596307694911957,-8.87163257598877,-1.13604021072388,-64.9695858380509,46.1379346736253,-8.95265252534764,1.83425164222717,-9.44495582580566,-3.94300532341003,-10.8048683471136,-14.2625090342336,-6.12959959137162
17.21,0.850160241127014,-8.67509937286377,-0.920560419559479,-65.4084254922242,51.7940553064479,-8.33037789572987,2.22194194793701,-9.20832061767578,-4.01475811004639,-10.7792261094221,-5.28200555877159,-4.43397183274375
17.215,0.740115463733673,-8.56719207763672,-0.746419250965118,-65.4994036119687,56.5269358540653,-7.92939798012594,2.15278625488281,-9.04157733917236,-3.99093461036682,-10.4767972858049,4.8450676853953,-2.59416155550126
17.22,0.403755396604538,-8.56122779846191,-0.684795022010803,-65.2644041233853,59.3406083769899,-7.79665496115403,1.82025372982025,-8.97656059265137,-3.86561751365662,-9.95126972445946,13.7584043612199,-0.883941738041894
17.225,-0.0217817109078169,-8.64905548095703,-0.747685492038727,-64.7294363868332,60.7163382494247,-7.88641303835811,1.29598188400269,-9.01900863647461,-3.64003658294678,-9.26929838772214,20.6669417774282,0.548471020541194
17.23,-0.0340997949242592,-8.77933120727539,-0.919902205467224,-63.9939547868171,63.8959962137407,-7.93829259397259,0.720807909965515,-9.16385650634766,-3.325847864151,-8.68823968087717,24.2393561095875,1.28517095555054
17.235,-0.0988089144229889,-8.83142471313477,-1.14319229125977,-63.0934421560751,69.060486660295,-7.61103005630695,0.269774556159973,-9.34359741210938,-3.08192539215088,-8.37304694124859,25.6855564587839,1.52309205755147
17.24,-0.482362419366837,-8.82199954986572,-1.44588792324066,-61.7427107760025,73.5870852496942,-7.22481017949941,-0.0623224787414074,-9.51307201385498,-2.90721464157104,-8.08395320821228,25.4307272234926,1.38967989348431
17.245,-1.2038346529007,-8.763258934021,-1.83724284172058,-59.9541027984296,76.4553070784252,-6.91595158655237,-0.272156894207001,-9.64753723144531,-2.80947995185852,-7.76028591137101,23.5537587961745,0.901567254638523
17.25,-1.6033627986908,-8.72239398956299,-2.29352331161499,-58.72324806848,76.8731643914682,-6.9092255577672,-0.348540902137756,-9.67579936981201,-2.83643436431885,-7.5695306806836,19.9417259517346,-0.0658268085697507
17.255,-1.78638935089111,-8.69812202453613,-2.65685248374939,-58.310895887908,77.081300746046,-6.7361306349525,-0.369382500648499,-9.67544078826904,-2.81898736953735,-7.48796712293624,15.4464079211867,-1.06758418048238
17.26,-1.9480060338974,-8.65195751190186,-2.91116571426392,-58.0958542120793,76.6529454322487,-6.63352454503281,-0.341428518295288,-9.66990375518799,-2.79047131538391,-7.52396990382503,10.5180960246214,-2.04331320224208
17.265,-2.18721151351929,-8.56145000457764,-3.0385627746582,-57.7589414708901,75.2998029953991,-6.74518191626324,-0.25820580124855,-9.67206192016602,-2.76856064796448,-7.68738730235946,5.41109826851895,-2.95476224650573
17.27,-2.45402312278748,-8.40999221801758,-2.97847437858582,-57.2587462274025,72.5230715506004,-7.33841671596423,0.0121034616604447,-9.69609642028809,-2.76580715179443,-7.95838444918982,0.858069568435267,-3.71314995312057
17.275,-2.65068578720093,-8.28929042816162,-2.79050517082214,-56.893979974778,69.0621259056958,-8.12370149408717,0.335289835929871,-9.70423316955566,-2.72318124771118,-8.16850924258974,-2.1811549574294,-4.11054743450484
17.28,-2.78400778770447,-8.21484470367432,-2.56497693061829,-56.9097782023282,65.0514593156318,-9.05004931536473,0.646955072879791,-9.6885290145874,-2.67927074432373,-8.49788230870892,-4.00629313456105,-4.21756796106247
17.285,-2.85553050041199,-8.20181941986084,-2.37147951126099,-57.5245566993319,60.5644553328511,-10.0855119699542,0.895138144493103,-9.64120292663574,-2.66470980644226,-9.09716908290136,-4.78156528224758,-4.07263476196939
17.29,-2.96082282066345,-8.2982177734375,-2.24934887886047,-59.3911722674155,54.9396033060489,-11.1695048261439,1.00499105453491,-9.61377906799316,-2.73051071166992,-9.4625705431187,-4.94337032925106,-3.75984539515501
17.295,-3.03284692764282,-8.40411758422852,-2.17194890975952,-61.5040776267806,49.5810569398908,-12.1027793130135,1.04860365390778,-9.65875148773193,-2.74016046524048,-9.38540989606506,-4.43478419836816,-3.64158878052588
17.3,-3.06534075737,-8.49826717376709,-2.1450138092041,-63.8355490395861,44.7473423095566,-12.8899756903304,1.03890347480774,-9.76068592071533,-2.72449398040771,-9.12372144329978,-3.49784958387707,-3.82545960741673
17.305,-3.04739665985107,-8.55306243896484,-2.17963099479675,-66.3675343158557,40.80364230921,-13.5256835944983,0.98803186416626,-9.90457248687744,-2.7203049659729,-8.98751210332409,-2.40372115384591,-4.46988155230509
17.31,-2.9621148109436,-8.5709924697876,-2.35445594787598,-69.3439941523639,36.3509361213465,-13.8674619916975,0.841459631919861,-10.0122051239014,-2.73337531089783,-8.84623647053155,-0.704486201562625,-5.38780689656238
17.315,-2.83647418022156,-8.5693531036377,-2.59132981300354,-72.1105076341642,30.5424271379518,-14.0889949085586,0.652080416679382,-10.0788602828979,-2.73623538017273,-8.67919224154784,1.48003027615548,-6.32983170953242
17.32,-2.6764702796936,-8.55253410339355,-2.84310865402222,-74.3692648530657,24.142196668644,-14.2438762781778,0.421072095632553,-10.0835943222046,-2.71796059608459,-8.5362645567498,3.92438977490249,-7.16239420331654
17.325,-2.48700523376465,-8.52542972564697,-3.0302631855011,-75.5713986375555,18.624829621263,-14.4083574786755,0.140716522932053,-9.98069953918457,-2.65851855278015,-8.51669691855136,6.24141064185837,-7.64716175701632
17.33,-2.24718499183655,-8.56272888183594,-3.06467247009277,-76.0113789333202,11.8232068636802,-14.717823104685,-0.348486959934235,-9.81513595581055,-2.52770566940308,-8.68580813353265,9.40090503397088,-7.8988858175562
17.335,-1.97346496582031,-8.65583992004395,-3.02087187767029,-75.6419408313034,4.74717271845562,-15.1516664754805,-0.988757729530334,-9.67695903778076,-2.35355496406555,-9.00009245800161,12.6186344727206,-8.49133557238946
17.34,-1.66807460784912,-8.79865074157715,-2.90660881996155,-74.5526144511455,-1.941298137129,-15.7334090550161,-1.68839693069458,-9.57900905609131,-2.15273952484131,-9.50173911668778,15.3993479178053,-9.62048793182398
17.345,-1.32863664627075,-8.98101997375488,-2.71091079711914,-72.9556001099807,-6.64844509327471,-16.5524204534869,-2.20705270767212,-9.52955913543701,-1.96114647388458,-10.3463389651104,16.5477588493784,-11.6966075998667
17.35,-0.941411256790161,-9.22449016571045,-2.41958999633789,-71.9389127916459,-8.5812387911134,-17.259799240163,-2.73335909843445,-9.39140033721924,-1.6821516752243,-11.4299390854228,16.3946772346054,-14.3550307767306
17.355,-0.496764600276947,-9.54760932922363,-2.00635290145874,-71.3411756166214,-8.71215131938774,-17.802186269701,-3.29110860824585,-9.17267894744873,-1.4086686372757,-12.4350919217967,15.7695185576106,-16.7752297619492
17.36,0.0031624038238078,-9.9644079208374,-1.47582185268402,-71.1209703177802,-7.33841415464329,-18.1827968536527,-3.86600136756897,-8.90214347839355,-1.17483139038086,-13.5344159913521,14.8941649286764,-18.9690301742966
17.365,0.538745224475861,-10.5218229293823,-0.875861287117004,-71.2462837984825,-4.87463984318052,-18.4699824025896,-4.36751127243042,-8.705810546875,-1.04701817035675,-15.8509173370443,13.9746498578898,-21.8121339823549
17.37,0.939608573913574,-11.1598014831543,-0.487721771001816,-71.2331425145194,-0.647745739054067,-18.3733010748881,-4.68842506408691,-8.77739238739014,-0.911270260810852,-18.4855552338973,12.5117138376795,-25.4773074060848
17.375,1.19380354881287,-11.7555170059204,-0.36054265499115,-70.0359742775562,5.5309113125052,-17.5424973548153,-4.78768301010132,-9.06173610687256,-0.749807953834534,-20.9194248427396,10.3990381434253,-29.5267233668575
17.38,1.29771602153778,-12.2452278137207,-0.499701648950577,-67.2258978492296,13.7595509792268,-15.8032204185228,-4.63516712188721,-9.53108978271484,-0.568283557891846,-23.0231470127656,7.63647507228618,-33.7972137680434
17.385,1.29195809364319,-12.4673290252686,-0.747847020626068,-62.5430245316204,23.8172213905767,-12.9074131632814,-4.15826082229614,-10.0619192123413,-0.46723797917366,-25.238879162538,4.67766700591428,-38.0914220011221
17.39,1.24800431728363,-12.5514621734619,-0.963622689247131,-56.9576407529371,33.1040486050301,-9.67925573321642,-3.49333548545837,-10.4830780029297,-0.47319969534874,-27.4577975955581,2.86871829810626,-42.1319126121969
17.395,1.17327666282654,-12.5179166793823,-1.07413637638092,-50.7691000441228,41.0567144783373,-6.69178990063443,-2.71469330787659,-10.7640552520752,-0.560042500495911,-29.6736851321341,2.42103568339189,-45.8839677497167
17.4,1.06128036975861,-12.3699388504028,-1.03481459617615,-44.0949909419286,47.3597872142489,-4.30090267223898,-1.87151193618774,-10.8769874572754,-0.713930249214172,-31.8612342138437,3.59801900381036,-49.303136542563
17.405,0.755374610424042,-12.0908699035645,-0.841072916984558,-36.8112703808379,53.0209280361114,-3.22799713406292,-1.25682926177979,-10.7503681182861,-0.853129088878632,-33.6269815482646,7.771243242347,-52.2074149399225
17.41,0.265697956085205,-11.7918472290039,-0.729544460773468,-28.4538372520319,59.4986862751407,-2.98187574963315,-0.928745210170746,-10.5595254898071,-0.919296324253082,-35.1391956757891,12.5737848893093,-54.9148302099292
17.415,-0.352561891078949,-11.4883451461792,-0.742865025997162,-19.295564443042,66.6757329417742,-3.26667051891718,-0.810856759548187,-10.3553037643433,-0.978498876094818,-36.4446326563808,16.7667910632296,-57.5411745495825
17.42,-1.06335246562958,-11.1924095153809,-0.922612905502319,-9.50460779613919,74.5014973153972,-3.87939974572644,-0.855222105979919,-10.1773519515991,-1.08289408683777,-37.5678504352002,19.3269167188796,-60.1736250783538
17.425,-1.78645372390747,-10.9243154525757,-1.34843301773071,-3.0157735515971,79.8918074762904,-4.38305832201,-0.994486033916473,-10.1272201538086,-1.17451608181,-38.2138360665217,20.1280108236102,-62.722549223765
17.43,-2.44231271743774,-10.6526546478271,-1.88779234886169,3.36928066426169,85.5461590901179,-4.93655721555397,-1.1602863073349,-10.1142854690552,-1.31872069835663,-38.7711795027947,19.291787348431,-65.6060296951018
17.435,-3.00400280952454,-10.3753395080566,-2.51143670082092,9.53413641146845,91.2635123688497,-5.5373500464584,-1.30763375759125,-10.1206960678101,-1.530268907547,-39.2122833646779,17.3427518876328,-68.4539112204845
17.44,-3.43044900894165,-10.0893115997314,-3.18909430503845,15.3155876004662,96.7960953701542,-6.18587394683018,-1.37858402729034,-10.1255149841309,-1.83288753032684,-39.4935334792261,14.8542919918491,-70.7984078040372
17.445,-3.62421107292175,-9.90365886688232,-3.66606950759888,18.5752475705306,99.1990105616781,-7.03919253172832,-1.31849992275238,-10.1745128631592,-2.10328674316406,-39.4987107626169,11.9393115418339,-73.524807584842
17.45,-3.68996024131775,-9.81648445129395,-3.94773507118225,20.6999196382883,99.1046105171593,-8.1374617639438,-1.21284866333008,-10.2759866714478,-2.39141178131104,-39.3190938629185,8.84587447050554,-76.4452530399669
17.455,-3.65259742736816,-9.80820846557617,-4.04724216461182,21.9329310004684,96.5750294674776,-9.44277921622494,-1.06768131256104,-10.4182758331299,-2.68357443809509,-38.9396870998081,5.67590470264034,-79.3872887230582
17.46,-3.53743052482605,-9.85023307800293,-3.96976900100708,22.4954824559836,91.4050816997765,-10.9008939766548,-0.88130646944046,-10.582706451416,-2.94900703430176,-38.3014264124379,2.58835610815016,-82.0462130650525
17.465,-3.36546611785889,-9.92369651794434,-3.74285840988159,22.0134725911612,84.2700065455927,-12.1274269044071,-0.647711277008057,-10.7091379165649,-3.11728429794312,-37.9115660448027,0.219363544727073,-84.4842081081535
17.47,-3.18475484848022,-9.98777675628662,-3.47010803222656,20.7179513376971,76.6136650143319,-12.904558997982,-0.409783184528351,-10.7974843978882,-3.23696231842041,-37.3712980814547,-1.2397528656126,-86.7026945317087
17.475,-3.01475095748901,-10.0292644500732,-3.19638657569885,18.6078975823105,68.9064658945112,-13.1627350259666,-0.184647783637047,-10.8346910476685,-3.32578730583191,-36.7165356570498,-1.40742632577359,-88.6423794635331
17.48,-2.89554905891418,-10.0225143432617,-3.01446413993835,15.5222759549399,61.9872656992348,-12.7316442214067,-0.0076925158500671,-10.7781639099121,-3.41492438316345,-36.1863661283897,0.874188441350527,-90.1048459082379
17.485,-2.80616354942322,-9.96837902069092,-2.84901189804077,11.7447809240828,56.2994427433796,-11.9049761808763,0.0507300496101379,-10.7322978973389,-3.47017288208008,-35.9257329398511,5.50804725425858,-91.0899436016613
17.49,-2.74947190284729,-9.91453838348389,-2.74767589569092,7.65301352158772,51.3407322361396,-11.017842183171,0.0798160508275032,-10.6669502258301,-3.49862337112427,-35.3667809940286,10.4678053417626,-91.9017047543281
17.495,-2.73893213272095,-9.87104415893555,-2.73633098602295,3.38925256428163,47.0375047382618,-10.1801835144924,0.100546181201935,-10.5797023773193,-3.50340509414673,-34.5402324818086,15.201687365867,-92.6982277549567
17.5,-2.83446955680847,-9.83711719512939,-2.88807940483093,-0.76015299035017,43.5484221290713,-9.5699522159287,0.121634177863598,-10.4894113540649,-3.49203181266785,-34.157321831654,19.1610968013047,-93.9133115781128
17.505,-2.97821164131165,-9.85552978515625,-3.03954792022705,-4.27290359239698,40.2415757971259,-9.16630511145387,0.0587388910353184,-10.4119815826416,-3.47193002700806,-34.026936935493,24.574052454391,-95.2792059781428
17.51,-3.1234405040741,-9.90886974334717,-3.16218256950378,-7.22421595304162,36.8916787828418,-8.98109514059887,-0.105373702943325,-10.348331451416,-3.39118146896362,-34.4300103040775,29.6877040954056,-96.9085817555952
17.515,-3.25036382675171,-10.0003337860107,-3.23822712898254,-9.56490555990571,33.4936152745309,-9.04201189025892,-0.376934111118317,-10.31822681427,-3.22366237640381,-35.3539880497131,34.1004605068136,-98.7722808329032
17.52,-3.32874488830566,-10.194637298584,-3.21136021614075,-10.8350074105999,30.6368101069976,-9.48335310121576,-0.733088612556458,-10.4738187789917,-2.91832399368286,-35.7924520434821,39.4947731585604,-100.261330373858
17.525,-3.37896203994751,-10.439866065979,-3.06839990615845,-11.0550043886714,28.6677143806071,-9.86028221320479,-0.967435598373413,-10.6652193069458,-2.77480554580688,-36.3192098926518,42.35251406201,-102.749964439465
17.53,-3.37346887588501,-10.7399864196777,-2.86161851882935,-10.4807605030708,27.0601491047219,-10.163890952001,-1.14109432697296,-10.8835248947144,-2.59910345077515,-37.0851404759879,43.8565217172468,-105.79845545096
17.535,-3.29618382453918,-11.1048717498779,-2.61991834640503,-9.18264890036407,25.6269158696647,-10.363656909751,-1.27822732925415,-11.1273927688599,-2.28250765800476,-38.1739136108229,44.6205296023315,-109.135064332214
17.54,-3.1750476360321,-11.6196632385254,-2.4307689666748,-6.79088356577344,25.6355663042486,-10.0681692658779,-1.29382014274597,-11.4303426742554,-1.74345850944519,-39.4189239078274,45.8086444235498,-111.485776387911
17.545,-3.00831174850464,-12.1126365661621,-2.28229236602783,-2.70297287228191,27.1535638944528,-9.30496392802065,-1.24088132381439,-11.7406072616577,-1.27631795406342,-41.2769368526514,47.2255466763015,-113.640509825754
17.55,-2.78151106834412,-12.5386457443237,-2.18241381645203,3.09560757738056,29.4552864183284,-8.09525290242042,-1.20569658279419,-12.0694818496704,-0.819819569587708,-43.404445156462,48.9236956285067,-115.785844923298
17.555,-2.47945523262024,-12.8576574325562,-2.14041638374329,10.7211532797777,32.0111876019767,-6.42858045011835,-1.25802934169769,-12.4270992279053,-0.325851768255234,-45.5445414989129,50.9620528881757,-118.06969625721
17.56,-2.06035590171814,-13.1380519866943,-2.1790783405304,19.4765234749123,33.0438814686314,-4.39954597177959,-1.57575178146362,-12.771502494812,0.188073053956032,-47.1808874844133,53.8250803580429,-121.113392475908
17.565,-1.63169348239899,-13.4718942642212,-2.24510788917542,28.3704525950971,32.7532261835961,-2.43301519486586,-2.0514829158783,-13.1092367172241,0.698584198951721,-48.8165572811859,57.5809604014979,-124.993459018852
17.57,-1.24544608592987,-13.8323240280151,-2.33681440353394,37.6624827061507,31.3970613880388,-0.559207224142808,-2.62944436073303,-13.4773530960083,1.3120459318161,-50.3806022992271,61.4181948281569,-129.761299889736
17.575,-0.970182538032532,-14.1876420974731,-2.45404958724976,47.7093221450243,29.2173943446314,1.17677820129996,-3.24742007255554,-13.9247407913208,2.17001485824585,-51.7783731921135,64.3234977538918,-135.549748607539
17.58,-0.840225040912628,-14.3481073379517,-2.53057599067688,59.6156737552447,26.6813109548598,3.07127673600969,-3.59526944160461,-14.2690916061401,2.91312646865845,-53.6395382692395,64.8799874165186,-142.561634469852
17.585,-0.702785193920135,-14.4175186157227,-2.54493403434753,72.3124763279214,23.7227154781258,5.17352849437345,-3.77858686447144,-14.6197261810303,3.65821146965027,-56.0441234420154,62.2648650776717,-150.16870301644
17.59,-0.553421020507813,-14.4066886901855,-2.49096822738647,85.4585345932558,20.3085036950697,7.49499965646042,-3.81049013137817,-14.9855480194092,4.41142702102661,-58.6826289334859,57.5175557554326,-157.49950407148
17.595,-0.398543924093246,-14.3167295455933,-2.35208177566528,98.5671702521277,16.334960890692,10.0753076673342,-3.68878126144409,-15.3735198974609,5.17299747467041,-60.9848466460762,52.4696498078214,-162.939913669935
17.6,-0.295398026704788,-14.1709585189819,-2.25725221633911,111.36202019034,12.8087152222274,12.9547335676249,-3.76774454116821,-15.7750043869019,5.91829204559326,-63.9126550451264,45.8222945566061,-168.699798536629
17.605,-0.238115936517715,-14.0110321044922,-2.2203357219696,124.218970208486,9.98502451933767,16.1050106194525,-3.9297571182251,-16.1297149658203,6.39339303970337,-66.8984175992841,37.5959839843915,-174.542205748874
17.61,-0.230171710252762,-13.8347396850586,-2.25235390663147,137.181835970092,8.0494180642214,19.554852084314,-4.00635719299316,-16.4024906158447,6.5134539604187,-69.1374287412952,28.3568980846892,-179.722139253142
17.615,-0.288290709257126,-13.619010925293,-2.38659858703613,150.251129739344,7.52953053158306,23.425291475623,-3.54248023033142,-16.5055198669434,6.09170484542847,-68.4272461619648,19.6526194120936,-182.098348405011
17.62,-0.449690639972687,-13.1516427993774,-2.70483183860779,159.934971944588,7.74195282986505,26.5751032208134,-2.21294760704041,-16.0374031066895,3.89983201026917,-64.8771938691481,10.9471744846971,-183.881232684059
17.625,-0.564964890480042,-12.3447027206421,-2.87840008735657,170.154765433625,7.84096495962084,30.0442433851748,-1.35892379283905,-15.886344909668,1.6734790802002,-62.7868349642332,-4.9083075531468,-185.595268656274
17.63,-0.545208692550659,-11.2449607849121,-2.783367395401,181.74153932277,7.45569618665523,34.0491623710522,-1.26187300682068,-16.260124206543,0.317310303449631,-62.9692898075318,-23.1117379813953,-187.18898401607
17.635,-0.124940119683743,-10.1586103439331,-2.17001986503601,194.652154137224,5.70113627520802,38.5600071291308,-1.89413106441498,-17.2401638031006,2.31744813919067,-64.9195410420022,-14.1044960228799,-187.897725425485
17.64,0.517738401889801,-9.56772994995117,-1.52022671699524,205.003811258377,2.06585346683336,41.9479482970918,-1.36979019641876,-16.9544677734375,1.9622403383255,-68.9265603110494,-4.98171799945928,-190.062895392379
17.645,1.16114544868469,-9.382568359375,-0.91517698764801,213.340999706483,-2.43520555115532,44.1218130947993,-0.668936252593994,-15.9101581573486,-0.147541046142578,-72.7964225513735,-3.26173656101549,-190.998603987915
17.65,1.70479810237885,-9.59419631958008,-0.416610449552536,219.820649907913,-7.12863172447552,44.9802688357269,-0.200800105929375,-14.3447237014771,-3.47591805458069,-75.6780588716344,-12.2013910229292,-189.390285683673
17.655,1.9542772769928,-10.2765483856201,-0.283988684415817,224.704453730525,-9.20181697249606,44.2669272939054,-0.588119566440582,-12.9531412124634,-4.94854640960693,-76.8303937468856,-35.3292866705798,-182.415159899473
17.66,1.95779287815094,-11.1174373626709,-0.752895891666412,228.907301353266,-8.16982149268403,42.684112916025,-0.953575611114502,-11.9916667938232,-5.77021789550781,-81.2848518782711,-68.0425357569638,-173.066939529665
17.665,1.80641496181488,-11.9291820526123,-1.63506233692169,232.884998620206,-5.70058473743254,40.4436674342882,-1.17561459541321,-11.2678365707397,-6.80818033218384,-86.9717903246288,-102.855108371548,-162.594592965878
17.67,1.54989302158356,-12.599536895752,-2.82821583747864,236.803860637636,-2.74509059346856,37.6106927967691,-1.16770970821381,-10.7006721496582,-8.45763492584229,-92.6355197881868,-135.316470326626,-151.817059889596
17.675,1.37344217300415,-12.9202432632446,-3.86676478385925,239.553366948403,-2.01290968236883,34.0020716318196,-0.670554041862488,-10.4233388900757,-9.37707424163818,-94.1032318181742,-154.335145730905,-144.733579984403
17.68,1.26989209651947,-13.0564479827881,-4.50056743621826,241.181711367291,-3.00102695973563,31.132620369038,-0.020577434450388,-10.487738609314,-9.26362800598145,-93.5522063068834,-172.374672536527,-136.863631117039
17.685,1.19790589809418,-13.07190990448,-4.87561178207397,241.506336598163,-5.33079530756029,29.4185673213504,0.655815124511719,-10.7688636779785,-8.6152172088623,-90.7855357307322,-186.872828219768,-127.59853414943
17.69,1.12651550769806,-13.0099830627441,-5.09224939346313,240.302228889003,-8.782984649949,29.2619305931145,1.25963282585144,-11.1804866790771,-7.79539060592651,-85.5108470121089,-195.573532995881,-116.368405417987
17.695,1.01538467407227,-13.0577039718628,-5.03909683227539,236.712308782001,-11.644902214076,32.1139614584179,1.63181781768799,-11.2355804443359,-7.60575437545776,-77.1749972810803,-187.394613691222,-102.694919944944
17.7,0.884625017642975,-13.1329355239868,-4.78269338607788,232.712713928582,-12.6363417381438,36.9104549728702,1.92861425876617,-11.096622467041,-7.64714288711548,-67.6143170469498,-172.909599291944,-87.7656017401569
17.705,0.766917407512665,-13.2090644836426,-4.39001750946045,228.286177610523,-11.9680410250303,43.1994404436187,2.29526162147522,-10.6824083328247,-8.049485206604,-54.7110617613257,-153.543335560804,-72.2475622100497
17.71,0.704326689243317,-13.2527256011963,-3.93473982810974,223.378263220141,-9.77710246194508,50.5278714230163,2.91961288452148,-9.86973857879639,-9.00379467010498,-35.547343874927,-130.710627882476,-56.9336497134774
17.715,0.702835023403168,-13.2537927627563,-3.53465414047241,216.80472523838,-7.86300683384612,57.4429564293178,4.58392667770386,-8.61704254150391,-10.1398582458496,-19.7309890026303,-114.125514728527,-45.0759017293908
17.72,0.765826404094696,-13.2481374740601,-3.21386408805847,210.96367040359,-6.6875474993862,62.6438312935806,6.82317733764648,-7.34038925170898,-10.6584968566895,-12.3408361650242,-106.283193976356,-36.1205777463041
17.725,0.871354520320892,-13.2174701690674,-2.97158288955688,205.241802369817,-6.32455496151176,66.5638817639261,9.46941184997559,-6.06180572509766,-10.7584085464478,-12.9446598923728,-107.648405357469,-29.6970477941901
17.73,0.981958329677582,-13.1207304000854,-2.81204652786255,198.237224809916,-6.95083464330409,70.0264188429073,12.2961959838867,-4.77902507781982,-10.8561201095581,-21.0303624827862,-119.808266268924,-25.4278602515885
17.735,1.00417125225067,-12.9503908157349,-2.6852650642395,189.772707975302,-8.36833923336316,72.7223764705814,13.7582168579102,-4.22127914428711,-11.3211126327515,-33.5078493887612,-133.713028777452,-20.5799234598549
17.74,0.950387716293335,-12.7752637863159,-2.53727149963379,181.416531601304,-9.81465740332275,74.3675026642599,14.3268718719482,-4.22015953063965,-11.403470993042,-42.7808864512803,-132.496449142868,-14.6344435703921
17.745,0.83263373374939,-12.6109142303467,-2.36268496513367,173.533673676409,-11.182716119546,74.9320929312423,14.1143264770508,-4.73288917541504,-10.823070526123,-46.1930782058894,-112.613187902881,-7.70872310577929
17.75,0.675571143627167,-12.4785785675049,-2.16305947303772,166.658760427711,-12.4311509026456,74.3348202090814,13.204442024231,-5.74297618865967,-8.97744369506836,-38.2461633518633,-68.1856965219673,-0.243553553466959
17.755,0.512477517127991,-12.3592357635498,-1.92262864112854,161.482706470891,-14.5790114626355,72.9056099554454,11.8416566848755,-6.53604555130005,-7.74397659301758,-28.1364332386596,-33.1031777559109,5.69941506753717
17.76,0.386819392442703,-12.204686164856,-1.64634764194489,158.068458829342,-17.5104535223241,70.9746335148127,10.3196649551392,-6.93252849578857,-7.25300168991089,-16.1491251037543,-2.77212490909029,12.6570150132142
17.765,0.31691837310791,-11.9961042404175,-1.35544610023499,156.315572741128,-21.1183797155256,68.5870725885431,8.73483467102051,-6.89420890808105,-7.3669228553772,-2.47621848924372,23.3799236516085,21.2647574996281
17.77,0.344808310270309,-11.6938304901123,-1.14404094219208,155.692454583148,-25.0188787693719,65.6236789039171,7.24317932128906,-6.42231321334839,-7.31329298019409,12.271617320428,43.4309531206308,31.9515293146713
17.775,0.457022100687027,-11.3718852996826,-0.991675436496735,154.161891152418,-28.6517317379493,62.3035239483739,6.10175800323486,-5.81239366531372,-6.86880302429199,25.3805287481876,56.6422157868767,44.3609721685873
17.78,0.572178661823273,-11.1006126403809,-0.852844297885895,152.20191372857,-32.9317809888786,58.6997522177351,5.25973272323608,-5.12835168838501,-6.25983905792236,37.7903609228863,65.8231340880598,58.1650781793174
17.785,0.661060392856598,-10.8926496505737,-0.701779425144196,150.12311833392,-38.3369809621624,54.8057896549246,4.7014307975769,-4.37681341171265,-5.60093212127686,49.5880544686955,71.3870676576548,73.1263889901768
17.79,0.712989985942841,-10.6429643630981,-0.45409032702446,149.203009890449,-46.0134066646776,50.4386862279289,4.36642503738403,-3.45359349250793,-5.22688484191895,59.0593138662121,69.9226136279015,87.898626504432
17.795,0.745422780513763,-10.3396282196045,-0.180434390902519,149.637888034904,-54.4651339700702,45.8170079901885,4.19012022018433,-2.63261675834656,-5.02647018432617,66.2076054364399,60.1830029280843,101.613864923871
17.8,0.751604557037354,-10.0254592895508,0.0631459802389145,150.80721642081,-62.6007259697287,41.2285039812469,4.10098123550415,-1.93971109390259,-4.98320913314819,73.0861728363438,46.6167309344432,114.912987728505
17.805,0.729361236095428,-9.72307300567627,0.241158932447433,152.361863098553,-69.7128243675446,36.8550962896473,4.0611310005188,-1.40454745292664,-5.0848822593689,80.7188204413739,31.8958940087869,128.134198565277
17.81,0.729974091053009,-9.44358921051025,0.277230024337769,153.177619911884,-73.7536257522266,33.2044250650726,3.98121190071106,-1.18776309490204,-5.11091423034668,88.2982062312561,25.6839974681058,141.69329886029
17.815,0.714134454727173,-9.18765449523926,0.231798067688942,152.622011343661,-75.1614165326255,30.1544655629059,3.93613457679749,-1.14802467823029,-5.02325010299683,95.3169359431179,23.3076824483046,155.086343596201
17.82,0.685852110385895,-8.97340869903564,0.13188411295414,151.284551021145,-74.8116835263641,27.8344586226222,4.02842617034912,-1.25230538845062,-4.84011077880859,102.291050859321,23.3354642427536,167.96096331373
17.825,0.64755642414093,-8.81784343719482,-0.0043409615755081,149.58656599348,-73.2936466625721,26.3919619435033,4.34809970855713,-1.48313617706299,-4.57015371322632,109.628559160126,24.7751861575223,180.004950065915
17.83,0.577006161212921,-8.64299297332764,-0.0942327380180359,146.546298529746,-69.2463156170435,25.3601918599339,4.73886823654175,-1.79398918151855,-4.65383911132813,116.062645169602,21.7998413493961,190.592931732351
17.835,0.487939447164536,-8.4516773223877,-0.140428930521011,142.694071837859,-64.0269172797515,24.490800986145,5.11303281784058,-2.14407324790955,-4.85878086090088,120.80181290635,17.5602234032587,198.486485733486
17.84,0.388437032699585,-8.23530292510986,-0.151907294988632,138.275718086426,-58.1408583285205,23.8106831919937,5.48088264465332,-2.51431703567505,-5.05524587631226,124.897153351555,12.5374004716007,205.083246358425
17.845,0.287848919630051,-7.98114728927612,-0.13727693259716,133.556535483189,-52.1718296543467,23.3681876790672,5.85485982894897,-2.88230991363525,-5.07958269119263,129.619792030512,7.27554909352249,212.039493499759
17.85,0.181995213031769,-7.65017366409302,-0.112958244979382,128.124649960818,-47.2847917371621,22.9753083678189,6.06426572799683,-3.19639348983765,-4.98645114898682,134.648983259797,6.08296775547383,219.928498594907
17.855,0.0912926122546196,-7.30863857269287,-0.0922195315361023,121.868155699951,-43.4650391796838,22.4711447844235,6.16069412231445,-3.52266478538513,-4.81897497177124,139.552813197056,9.44685683915944,227.085744543137
17.86,0.0138827171176672,-6.9513578414917,-0.0672114938497543,114.844508251887,-40.5670889525903,21.8160715864114,6.19516801834106,-3.89713478088379,-4.46061754226685,144.672818621546,17.6519477211701,233.663148411967
17.865,-0.054505530744791,-6.55987358093262,-0.0212157070636749,107.093575430811,-38.4138888922167,20.936052938274,6.25240993499756,-4.3861517906189,-3.665940284729,150.724297924286,31.6960495038615,240.062625852919
17.87,-0.129277735948563,-6.15516710281372,0.0367539115250111,98.7590029451567,-36.2683796248486,19.6152719377119,6.4988260269165,-4.86785411834717,-3.02678728103638,159.532728443988,52.3944801609108,247.444585024842
17.875,-0.188668742775917,-5.7788872718811,0.103398881852627,90.2344828986847,-33.7270472346998,18.129418925289,6.49452209472656,-5.08804035186768,-2.88533973693848,169.127149812618,71.3410595034056,255.689907428612
17.88,-0.230415880680084,-5.45670461654663,0.172385782003403,81.5960557874244,-30.7293318494946,16.5196509133965,6.11232948303223,-5.03945779800415,-3.14356923103333,178.352932211364,84.9202268941996,264.753896306299
17.885,-0.254247456789017,-5.25306940078735,0.226702436804771,72.9114156162399,-27.2042882943239,14.7941794969639,5.10791015625,-4.76901245117188,-3.42820572853088,184.534280730983,85.1827998564624,274.624093392857
17.89,-0.281704753637314,-5.08092308044434,0.285393327474594,64.3220497537878,-23.4782237341434,13.0488655272187,4.26073455810547,-4.63570785522461,-3.22256660461426,189.843400433212,75.1571340040159,283.759170879426
17.895,-0.300355523824692,-4.9269905090332,0.317653149366379,55.8913799216064,-20.1633246091665,11.2295105993234,3.75341486930847,-4.64462661743164,-2.97545123100281,193.74771414771,60.3429454678785,290.877594032413
17.9,-0.30696576833725,-4.79616403579712,0.309666484594345,47.6109674209761,-17.5943094623117,9.29028755904159,3.62796759605408,-4.85066270828247,-2.80746221542358,196.010910989572,41.6133988013554,295.481524023595
17.905,-0.298875451087952,-4.72455072402954,0.227766692638397,39.3779974143207,-16.7209861071082,7.07154244207161,3.89786171913147,-5.50490665435791,-2.83261132240295,196.062642842345,17.5435782322514,296.529357004545
17.91,-0.259667962789536,-4.65516710281372,0.0634528622031212,30.7719556450101,-17.5284186273886,4.65631583456882,4.61355829238892,-6.63111925125122,-2.59125232696533,196.66046197964,-1.8878860578195,295.83805989827
17.915,-0.189187780022621,-4.5642466545105,-0.133248016238213,21.8588371083521,-19.3509453243797,2.24082327657522,5.54266405105591,-7.96435451507568,-2.35046291351318,198.150016954593,-19.8125619518878,293.713270009749
17.92,-0.0854821875691414,-4.44223642349243,-0.342095136642456,12.9809162440345,-21.8450093903774,-0.0271124359103656,6.55079698562622,-9.40191650390625,-2.2965259552002,200.928961380683,-36.1667976364176,290.523380422056
17.925,0.0588242746889591,-4.28346300125122,-0.53063952922821,6.77171762807556,-23.8389550525157,-1.50443112696535,7.14864301681519,-10.7990798950195,-3.1851007938385,207.005015704056,-42.206296787353,288.732914633029
17.93,0.212906509637833,-4.10926485061646,-0.689595103263855,-0.108393061075479,-26.0193700016372,-2.93491328989085,7.56295967102051,-11.7578182220459,-4.55919694900513,213.256332681532,-31.1939759583522,288.79528792053
17.935,0.369736552238464,-3.92697715759277,-0.812464594841003,-7.7454370801154,-28.5233993136339,-4.37638138520949,8.07895755767822,-12.2846021652222,-5.97711277008057,217.596863257562,-9.93301433635531,288.829821356973
17.94,0.524551212787628,-3.74224734306335,-0.891366600990295,-16.1696873882506,-31.4449136933639,-5.85224055021621,8.82679557800293,-12.3605899810791,-7.15512752532959,218.853167272359,18.0336665033146,287.749148826494
17.945,0.655629575252533,-3.59514665603638,-0.882246375083923,-24.3519227497512,-34.8470719000823,-7.22347316996938,9.33811187744141,-12.0171175003052,-7.13860464096069,217.63168356195,43.3150721311724,283.874655717912
17.95,0.780066013336182,-3.51658511161804,-0.802715659141541,-32.6278819670426,-38.4375145165558,-8.44160923391083,8.85990810394287,-11.5490779876709,-6.40242528915405,215.57650696145,63.2100334852072,280.078463897976
17.955,0.895394861698151,-3.50041460990906,-0.647914707660675,-41.0300186839663,-41.7353689044589,-9.37212773945033,7.61530303955078,-11.0522613525391,-5.3331127166748,212.82332600891,75.5475817679197,276.556545154351
17.96,0.999096035957336,-3.54556059837341,-0.409366935491562,-49.5918998651982,-44.3399829972678,-9.89035468234671,5.73495626449585,-10.6011476516724,-4.2179126739502,209.437409992038,78.1370772370007,273.481621310768
17.965,1.04589080810547,-3.69499635696411,-0.0935371145606041,-58.7681907132187,-44.9101227929509,-9.59559103852564,3.8669798374176,-10.2324247360229,-3.63049054145813,205.448128724265,60.8927825262536,269.529974385322
17.97,1.03181338310242,-3.90132260322571,0.247655048966408,-68.1827663708133,-43.7973381280887,-8.71598305551212,2.18415784835815,-9.82853221893311,-3.21371579170227,201.979499116544,35.8220438380612,264.281657027084
17.975,0.960531771183014,-4.1650128364563,0.60603129863739,-77.5531643648563,-40.9296046578833,-7.37573857713647,0.800461888313293,-9.43578338623047,-2.95738387107849,199.083294002784,5.79482469939261,257.74822591613
17.98,0.832254111766815,-4.49107646942139,0.972638428211212,-86.5211002922455,-36.0814373472653,-5.69547618282019,-0.117903485894203,-9.11322593688965,-2.86101579666138,196.868536862515,-25.9642794033392,249.845369197345
17.985,0.728414297103882,-4.76045942306519,1.23015820980072,-94.3407721371289,-29.1619502840438,-3.69076230056856,-0.879997611045837,-8.99836540222168,-3.00708103179932,194.512654353616,-53.8670587006818,240.488802336371
17.99,0.582745730876923,-5.12007141113281,1.5308700799942,-100.88789094718,-21.6741692837625,-1.40773581872036,-1.39158499240875,-9.21578788757324,-3.17018938064575,192.508485605838,-74.9910101430228,232.523490367816
17.995,0.381241381168365,-5.58536148071289,1.90789532661438,-105.862194776295,-14.1676129472264,1.14790154887132,-1.57339954376221,-9.74561977386475,-3.34531998634338,190.915330321554,-92.1817425102987,225.12681896842
18.0,0.0984597727656364,-6.18126535415649,2.41599369049072,-108.542320025473,-7.52327066320875,3.99889988167134,-1.25045919418335,-10.5699787139893,-3.54795145988464,189.836857111987,-110.724517653968,216.500426650478
18.005,-0.208687722682953,-6.85288238525391,3.12036991119385,-106.935921004388,-2.69030756712659,6.86276106150407,-0.605981230735779,-11.2649803161621,-3.34700918197632,189.031536827708,-126.907865420558,206.675582020008
18.01,-0.500357687473297,-7.57653713226318,3.88530230522156,-102.379249092074,1.45082577464668,9.61280823787595,0.245530486106873,-11.6002655029297,-3.1657121181488,188.039793360222,-140.822381439222,197.037379138798
18.015,-0.771304905414581,-8.34422397613525,4.66757488250732,-95.2785571101716,5.60230044971017,12.2580935458713,1.26555895805359,-11.5313949584961,-3.08814024925232,186.422172338331,-152.695312933833,187.884228971685
18.02,-1.01887500286102,-9.14526271820068,5.39239978790283,-86.0985096581077,11.4006307436943,14.8614944263289,2.39901185035706,-10.9761161804199,-3.21442246437073,183.010492847909,-162.969051256935,179.624535849902
18.025,-1.33244097232819,-10.0087909698486,6.08709907531738,-78.5887849675703,16.9921565699888,16.6676201315756,3.47118639945984,-10.0977973937988,-3.2952094078064,177.135655897485,-168.764261862015,172.090960138783
18.03,-1.74029946327209,-10.9325017929077,6.73837327957153,-69.9300858548535,23.8035695499732,18.3106989760503,4.39163303375244,-9.21369171142578,-3.17383694648743,169.541687653725,-167.856898551536,165.020703479823
18.035,-2.22474980354309,-11.8764753341675,7.34147453308105,-59.3468170189455,31.8263934188875,19.6779320931576,5.1391453742981,-8.40799522399902,-2.80043458938599,160.358156805184,-159.270558462886,158.244677709928
18.04,-2.67489123344421,-12.6567268371582,7.88754844665527,-46.0387637419713,39.5943641468484,19.6086910504466,5.70520782470703,-7.75637578964233,-2.09894108772278,149.44560454939,-140.672731994507,151.236493810145
18.045,-2.85179996490479,-13.0042762756348,8.29705142974854,-31.3287048548253,41.9922796398998,16.3422555327256,6.18648910522461,-7.1795539855957,-1.0828115940094,135.075391969681,-113.786170439993,143.287383050301
18.05,-2.73489737510681,-13.0522737503052,8.62665557861328,-15.5673056845905,38.6655369669021,10.8685581535767,6.53195953369141,-6.58935928344727,0.0301963482052088,117.649735245903,-80.9112746816173,134.350135162853
18.055,-2.31516051292419,-12.8457555770874,8.90660667419434,1.22338645170078,29.3054491434112,3.70805121690515,6.70112323760986,-5.97089576721191,1.08968222141266,97.2497838555831,-43.1471792511843,124.261208098313
18.06,-1.65045201778412,-12.4537286758423,9.24301147460938,19.568459528688,13.848816429037,-3.14612941945409,6.54429531097412,-5.45081567764282,1.4670569896698,74.1820903490507,-4.45803971183158,112.089387525622
18.065,-1.03397214412689,-11.9507179260254,9.48989295959473,36.6068394038848,-1.28322990116579,-7.61400631123778,5.5325722694397,-4.85001373291016,1.27584934234619,51.5916426503946,29.965388851207,97.899881260785
18.07,-0.521650850772858,-11.3970470428467,9.46866703033447,49.9739225907608,-12.6918387326975,-9.65683563726585,3.82262349128723,-4.29765510559082,0.649328947067261,32.6477065911086,56.5293844768827,84.3991312718518
18.075,-0.157953828573227,-10.838939666748,9.05231189727783,57.9128802744038,-18.0337877391724,-9.0922965967022,1.49757182598114,-3.88690423965454,-0.347644507884979,18.9523235315868,73.1444616707207,72.7444243212222
18.08,-0.107769757509232,-10.5860271453857,7.91906833648682,54.936031117113,-11.143597918622,-5.43171818273639,-0.736493706703186,-4.01920032501221,-1.37834334373474,5.58781020338599,84.1996692575199,57.366915933288
18.085,-0.158659130334854,-10.5461158752441,6.86308574676514,46.3105369690461,1.08394611208256,-0.672322040348242,-2.49245405197144,-4.4304347038269,-2.17098546028137,-8.03650473782185,90.8871006436903,39.2522092354712
18.09,-0.259421020746231,-10.6968584060669,5.73673629760742,35.10692986215,14.9480568287751,4.3379047951807,-3.79702854156494,-4.9856390953064,-2.74213480949402,-21.1785400217351,92.5860282374609,20.0838673110044
18.095,-0.372357040643692,-11.0321388244629,4.41821193695068,23.6112604512496,27.6034086909264,8.93939171307406,-4.64384746551514,-5.58620357513428,-3.09141397476196,-33.2181332547368,88.4969920568602,1.13735627040135
18.1,-0.504302978515625,-11.4952230453491,3.04884505271912,19.3156247086343,29.9241720746606,11.4721778290238,-4.82001781463623,-6.10787630081177,-3.20618081092834,-44.1067661880577,78.6124925541795,-16.6201690998642
18.105,-0.556288123130798,-11.8184938430786,2.07335329055786,21.6724685666591,24.4640266445986,12.7308655798413,-4.66900682449341,-6.59303426742554,-3.20041847229004,-54.7559053683214,66.4804236824577,-32.8663375313461
18.11,-0.510014832019806,-11.9421539306641,1.47717225551605,29.766282006712,13.1043155642218,12.9533880203584,-4.24699592590332,-7.04759073257446,-3.11013698577881,-65.0738896568661,52.1864189384139,-47.5057449417175
18.115,-0.33493560552597,-11.7757215499878,1.27118122577667,42.8881101759657,-2.24503109999077,12.3589780012334,-3.60372424125671,-7.47662162780762,-2.97407841682434,-74.9200854586814,35.6717591857534,-60.2949360682024
18.12,-0.0702239647507668,-11.2534599304199,1.43179404735565,56.9266146186323,-16.592269484652,11.5534656178834,-2.81676268577576,-7.89016246795654,-2.78747081756592,-83.3642619899465,19.2186257771364,-70.7639426694853
18.125,0.224910840392113,-10.6207962036133,1.80119061470032,67.638707652476,-26.7717392443762,11.0609705589114,-1.89549100399017,-8.23537921905518,-2.66698908805847,-90.8706262274122,4.57807687139997,-80.3682131708988
18.13,0.517993450164795,-9.96081924438477,2.31124067306519,76.0721334659875,-32.8424967560482,10.9259291812838,-0.953035354614258,-8.50859642028809,-2.62981939315796,-97.4590676819415,-8.03646631800776,-89.2222078825538
18.135,0.753508150577545,-9.40225219726563,2.8642749786377,84.4188841789315,-34.8171727469906,11.2149947397898,-0.200523361563683,-8.70083904266357,-2.70501375198364,-103.021758157107,-18.1916812222156,-97.3106135203313
18.14,0.932839274406433,-9.0852689743042,3.27761840820313,93.2192687357911,-29.7336166270064,11.8585163803682,0.462600737810135,-9.21535491943359,-2.84941363334656,-105.11303913756,-19.7407373901232,-100.982919369102
18.145,1.11365354061127,-8.8950080871582,3.62487769126892,101.318923695132,-20.2686666167356,12.1519378920174,0.925723910331726,-10.1240816116333,-2.43041515350342,-104.620637139916,-12.3485867221848,-100.815941734463
18.15,1.31761431694031,-8.76362895965576,3.87853050231934,108.132310599786,-7.95233460913249,11.8416039782096,1.23216474056244,-11.3818893432617,-1.48981022834778,-101.982633667349,1.0226304366863,-97.5637266705936
18.155,1.58887660503387,-8.54089450836182,3.9232394695282,112.258919651011,3.99702627540464,10.3909272937859,1.53392004966736,-12.8630752563477,-0.331793546676636,-97.9556360949798,12.1775032900807,-92.9296345640367
18.16,1.89487719535828,-8.16499900817871,4.01253890991211,108.134844599968,11.4763450981912,8.97545596566538,1.47792482376099,-14.1560430526733,0.319863080978394,-86.4428263243572,21.6148917795032,-80.9648984967911
18.165,2.05947089195251,-7.84548377990723,4.26044940948486,96.9333753422823,16.1450560185563,8.61038406207549,0.266993403434753,-15.0995645523071,1.19947123527527,-71.0594986152501,33.6857519109779,-62.7345362057584
18.17,2.01042819023132,-7.64887714385986,4.64916896820068,79.3407956253779,19.2525803550478,9.68108622391398,-2.10735273361206,-15.699538230896,2.51314663887024,-53.0174617151076,49.3977927191756,-39.4179847568166
18.175,1.58682215213776,-7.67609882354736,4.98160839080811,57.3864980856384,24.9701078036034,12.9707913423636,-4.88749551773071,-16.1447334289551,4.48845148086548,-34.3565857704999,69.1026972293657,-15.4542336104283
18.18,0.957879841327667,-7.71764421463013,5.01567077636719,36.1386982381721,36.4860065272781,17.5440051190745,-6.14516019821167,-15.6533765792847,4.23955154418945,-18.4543600524105,71.8671958053608,-2.33341097308638
18.185,0.380421370267868,-7.74010276794434,4.89537811279297,15.7836997378749,51.6208724449476,22.5877770946907,-6.12638187408447,-14.6981859207153,2.83210492134094,-9.42143316752136,54.3254702619218,0.137776441503382
18.19,-0.0797873958945274,-7.73736619949341,4.66701745986938,-3.63542496168676,69.4979056351209,27.7043025377985,-4.96606397628784,-13.4432973861694,0.830757200717926,-8.8495858245458,16.5121735638026,-8.15962231270591
18.195,-0.615745842456818,-7.75722217559814,4.34341669082642,-22.509600456998,88.191416223583,31.8291152492717,-3.38595700263977,-12.0177841186523,0.111757889389992,-16.4514719651014,-26.9627403618737,-26.0463646167844
18.2,-1.47645401954651,-8.21528339385986,3.95330047607422,-38.9453971379542,103.687920167237,33.8552601307047,-1.70417261123657,-11.157301902771,0.0804112330079079,-27.8146937627115,-48.7936180908584,-42.9928784476446
18.205,-2.6307532787323,-9.24257946014404,3.52557635307312,-50.0971323731986,113.951501999043,33.5544893355086,0.283979475498199,-10.8758745193481,-0.035385575145483,-39.1576930777365,-58.2129031638858,-58.1644907830487
18.21,-4.07358741760254,-10.9564228057861,3.07486772537231,-53.7494155224175,117.13682902037,30.7055081496696,2.65371489524841,-11.1934804916382,-0.619595348834991,-48.5892246799458,-59.9205597394157,-70.8668531297099
18.215,-5.7163610458374,-13.6544609069824,2.62738633155823,-42.3431976839821,104.60184045932,25.8204561099862,4.50798273086548,-11.7574377059937,-1.16412174701691,-58.011958998504,-63.2192337500192,-78.3061107585802
18.22,-7.10289096832275,-16.6760425567627,2.23451662063599,-25.9513105816526,80.1803146668317,20.2335850576111,6.11724948883057,-12.3658723831177,-1.07832658290863,-69.5557368468234,-59.038741336432,-80.5515217878436
18.225,-8.05012512207031,-19.7117214202881,1.85111284255981,-10.0817878093092,51.6627346743706,14.5935802561352,7.47510433197021,-12.8676919937134,-0.729243099689484,-80.7142237240624,-49.361391225994,-79.742745427844
18.23,-8.38547229766846,-22.5160675048828,1.44182157516479,0.849436049241813,24.9988936358604,9.41349563393216,8.5610523223877,-13.1361093521118,-0.392879903316498,-89.4689962776447,-35.4283961305312,-77.3957763158117
18.235,-7.65872049331665,-23.3684730529785,1.38493669033051,7.35873652874502,-10.7157813359955,0.806153193832295,8.81831932067871,-12.8055238723755,-0.551822602748871,-96.7133407981703,-13.6373366968605,-75.5745473547629
18.24,-6.6786789894104,-22.356990814209,1.61941075325012,15.9624270054339,-49.1132743591096,-8.26753674027117,8.7867546081543,-12.5199747085571,-0.646984875202179,-102.900392525746,6.08579588067703,-75.2701258234554
18.245,-5.52680969238281,-19.7483673095703,1.87308347225189,26.9182741228297,-85.5218026355377,-16.0544330686485,8.6675910949707,-12.3490962982178,-0.757580637931824,-107.297613671886,21.0115162833189,-76.0309610856706
18.25,-4.29224252700806,-15.7548913955688,1.80548644065857,40.7310783794678,-113.918703430648,-20.2528888797529,8.70691967010498,-12.3891935348511,-0.984322309494019,-108.84698744359,27.3414419079524,-77.3716452574741
18.255,-2.75055265426636,-11.6789464950562,0.795251429080963,48.5765683394137,-123.472608117122,-19.6536985819824,8.55846977233887,-12.1780996322632,-1.76566112041473,-106.383543115642,28.5782115817233,-77.0016060988103
18.26,-1.08607482910156,-8.28254795074463,-0.468035995960236,47.3164325884922,-120.578329116708,-18.111870461764,8.05810642242432,-11.7650966644287,-2.55412864685059,-102.90718856397,32.3323977382641,-76.0219179152095
18.265,0.645696818828583,-5.61865472793579,-1.75948464870453,37.5285461116213,-108.693383319346,-16.5994002021455,7.25478410720825,-11.1872453689575,-3.42722201347351,-99.126173424369,37.8762368913208,-74.7215591802658
18.27,2.36610269546509,-3.78449964523315,-2.72853755950928,19.7405222391643,-92.7493312303267,-16.5552686423708,6.22664880752563,-10.4922323226929,-4.59831237792969,-96.034618070157,43.2180902751474,-73.4984157338891
18.275,3.82330965995789,-2.56028437614441,-3.09530377388,0.312945607391644,-80.1098885862997,-18.1846017311409,4.8990421295166,-9.79933643341064,-5.7402606010437,-93.6798352217142,46.5475308728672,-72.3192177246323
18.28,4.96906661987305,-1.75260424613953,-2.93379282951355,-16.5087413937447,-69.722926217327,-19.9346959795314,3.45169568061829,-9.16776180267334,-6.44410037994385,-91.7526631964493,48.381935268825,-70.954197588816
18.285,5.7845516204834,-1.34274005889893,-2.34942483901978,-29.9109351680491,-61.0343996685047,-21.3493067038164,1.92453300952911,-8.61669540405273,-6.70151662826538,-89.7584938456157,48.6502865711257,-69.0069448073912
18.29,6.20252752304077,-1.38273131847382,-1.58352255821228,-38.7597184453674,-52.96954793808,-21.6353037998378,0.361080169677734,-8.18774890899658,-6.59644556045532,-86.3648050734681,46.8154826091014,-65.3548768091313
18.295,6.31535816192627,-1.92941355705261,-0.569752931594849,-45.5988346726254,-41.4603308469608,-20.2061328197895,-0.790197372436523,-7.97570943832397,-6.53625202178955,-81.2798385194204,41.5246780591315,-59.7199434231141
18.3,6.0364236831665,-2.79490208625793,0.25102573633194,-52.7068759380742,-24.8690397869074,-17.2666106463128,-1.81002688407898,-7.88299703598022,-6.69757699966431,-75.5656407880852,30.5379123829104,-53.5874444164398
18.305,5.32433986663818,-3.91843843460083,0.695288240909576,-60.7894417641114,-2.55674471201087,-13.0433689324842,-2.69976663589478,-7.88935661315918,-7.13293075561523,-69.8527066417464,14.3921955435519,-47.7401502038431
18.31,4.07260465621948,-5.20436716079712,0.347441434860229,-70.8607127896461,26.8204914271245,-8.38919180089921,-3.1850278377533,-7.9978404045105,-7.91072368621826,-66.0212642155036,-2.1664171167478,-44.3457237712652
18.315,2.69326043128967,-6.56713199615479,-0.404172331094742,-80.2194448205867,57.0863522527514,-4.51822050860856,-2.89172554016113,-8.21619129180908,-8.46814727783203,-61.8217565552671,-20.8914364350682,-41.7101450158541
18.32,1.22024917602539,-7.9599871635437,-1.33421170711517,-87.7329466057351,84.7513572971602,-1.12447133197554,-1.96509611606598,-8.55022716522217,-8.57708549499512,-56.7973840244411,-37.2484024877187,-39.1640895498943
18.325,-0.348356336355209,-9.35088443756104,-2.35277724266052,-92.8433624446303,107.731030155859,1.83014684022739,-0.444444239139557,-9.00470161437988,-8.17076301574707,-51.1101655403274,-48.7866888639454,-36.5669032878077
18.33,-2.09789800643921,-10.604455947876,-3.31575417518616,-94.6640313301672,119.59590202725,3.92821425395088,1.59686064720154,-9.57274627685547,-7.45441389083862,-47.5186096030192,-48.9630750841664,-34.611676260527
18.335,-3.78501558303833,-11.5592212677002,-4.04525279998779,-94.7268212592072,126.956783235394,6.27887166813495,3.41973066329956,-10.2253656387329,-6.58186960220337,-45.3657852030499,-42.7113209745837,-33.0672373004983
18.34,-5.25696182250977,-12.181788444519,-4.60193681716919,-93.7352075653155,130.202461808227,8.61873055324124,4.73025846481323,-10.8099718093872,-5.50824499130249,-43.4948392950325,-32.3268994359822,-31.7450185451159
18.345,-6.40427160263062,-12.4294509887695,-5.00773191452026,-91.9916037041838,129.016167232423,10.728680148243,5.32380533218384,-11.2298393249512,-4.22239112854004,-41.3084376851035,-18.7893330198754,-30.5583278183396
18.35,-6.92285490036011,-12.1829357147217,-5.25382709503174,-89.3110208323315,118.117821770102,11.1776942229587,4.82132911682129,-11.2615098953247,-3.1511082649231,-38.7628432569127,-2.05568160761191,-29.5158258000368
18.355,-7.09176969528198,-11.7971563339233,-5.26532745361328,-85.6290366055068,99.7291698450545,9.6555020428304,3.86430692672729,-11.1854104995728,-2.23979353904724,-36.7947993796544,13.4915599694049,-28.7501513487946
18.36,-6.97178936004639,-11.3418025970459,-5.01109313964844,-81.049866050066,75.2778097862716,6.34809093961798,2.70720171928406,-11.0544357299805,-1.50153946876526,-35.4966741165693,26.1377132742914,-28.2422601896597
18.365,-6.59359645843506,-10.8680801391602,-4.45007038116455,-75.6015129416061,45.5288047430652,1.29419406233095,1.54029428958893,-10.9073209762573,-0.957361817359924,-34.9830029098493,34.3404187127345,-27.9927858226777
18.37,-5.87940073013306,-10.4232711791992,-3.61350131034851,-68.9211303106592,14.727887388427,-4.85367201620222,0.807508647441864,-10.6696004867554,-0.649148046970367,-34.8637853729813,34.9871829856213,-28.1172404070918
18.375,-5.04295063018799,-10.0277853012085,-2.73169755935669,-61.9255890910296,-12.4029507591099,-10.8985085330872,0.39539709687233,-10.4579820632935,-0.502525091171265,-34.7903096129849,31.4166025592542,-28.2618542948412
18.38,-4.15922927856445,-9.68954277038574,-1.88409495353699,-55.0587491259306,-35.1116324473936,-16.6483743660418,0.203401610255241,-10.2613878250122,-0.562197268009186,-34.721454475962,25.5828867627275,-28.2764726072123
18.385,-3.31880855560303,-9.42290019989014,-1.17312741279602,-48.888192305201,-52.1130729520117,-21.8394171729945,0.122112028300762,-10.0670547485352,-0.900200366973877,-34.6059218261512,19.7672470618393,-27.9624461223845
18.39,-2.8522253036499,-9.29518604278564,-0.842985272407532,-44.7407170260616,-62.1609095985041,-25.6749252693408,0.0651892125606537,-10.0143365859985,-1.25740230083466,-34.2913233129804,16.2128319856903,-27.7062286511444
18.395,-2.48544883728027,-9.19859981536865,-0.630924999713898,-42.2843863401337,-69.097048662922,-28.4364083168173,0.0712346509099007,-10.0213489532471,-1.69672644138336,-33.6747928724547,11.9628125152206,-27.5507581777093
18.4,-2.19050097465515,-9.11274528503418,-0.534439086914063,-41.7754484545086,-73.2114658264785,-29.9672534928504,0.10050243139267,-10.0485734939575,-2.20033574104309,-32.7780812419858,7.0403993407773,-27.4459847833886
18.405,-1.95077586174011,-9.01145267486572,-0.588598847389221,-43.9393411760278,-74.3521415688165,-29.8115525005308,0.0760656297206879,-10.0318784713745,-2.73457646369934,-31.6237212156457,1.73004102643074,-27.2978892067098
18.41,-1.79257643222809,-8.93821620941162,-0.860394656658173,-48.5253692413953,-71.9430177353371,-28.0146338902853,-0.105309799313545,-9.91522884368896,-3.16116833686829,-30.4627256605269,-1.89488806893582,-26.8345684470039
18.415,-1.60089373588562,-8.90305042266846,-1.1578015089035,-54.0198671078879,-67.776506718981,-25.4399855449125,-0.276064872741699,-9.74967479705811,-3.5737931728363,-29.4300898504802,-5.66789331763074,-26.2535703580878
18.42,-1.36048591136932,-8.89907550811768,-1.41669738292694,-60.0780229205412,-62.2118764700907,-22.3130720089146,-0.407700270414352,-9.56515216827393,-3.96417808532715,-28.4681208851337,-9.97957915102188,-25.683292251074
18.425,-1.0644052028656,-8.9054708480835,-1.51687109470367,-66.2983923108877,-55.5153404417568,-18.9255918787226,-0.47468313574791,-9.42845630645752,-4.27216815948486,-27.3663362399298,-15.3484920367927,-25.4263900533696
18.43,-0.6855348944664,-8.95847606658936,-1.39636826515198,-70.4291677775063,-50.3350859185981,-16.5445162170699,-0.361408114433289,-9.38052463531494,-4.47988319396973,-26.0524622681659,-20.3636574726175,-25.5458364015748
18.435,-0.19114425778389,-9.00976181030273,-1.13339734077454,-73.8824977614864,-44.5334412753193,-14.2129107618019,-0.0845681130886078,-9.38090419769287,-4.62585687637329,-24.5901033989406,-25.3663817188692,-25.7390931890457
18.44,0.368370980024338,-9.04955959320068,-0.781649768352509,-77.0126914958332,-37.335029776962,-11.6186717263423,0.337711930274963,-9.42356967926025,-4.69709253311157,-22.9500417905317,-30.2050772646557,-25.8216838364895
18.445,0.725099623203278,-9.08060932159424,-0.513477742671967,-80.0610937148691,-27.2590783642985,-8.26224419743806,0.83754175901413,-9.52084922790527,-4.59440469741821,-20.9323321927236,-33.8310129591512,-25.2352489169941
18.45,0.901015520095825,-9.05918884277344,-0.475797742605209,-82.343565350569,-16.7970129427596,-5.03675566379124,1.24428725242615,-9.61603546142578,-4.44580554962158,-19.0585841995992,-35.7640008904944,-24.0920169763593
18.455,0.966707527637482,-9.02752780914307,-0.595824718475342,-84.2529652236135,-6.9534190161313,-2.27714195371312,1.69521570205688,-9.71239757537842,-4.24245166778564,-17.5630084128928,-35.8630215579867,-22.5283681092899
18.46,0.954313039779663,-9.00650691986084,-0.855555951595306,-85.8117441658047,1.78541699857003,-0.175905118771332,2.23315858840942,-9.81062984466553,-3.97705674171448,-16.5137223091969,-33.8840459629617,-20.615160405783
18.465,0.954367697238922,-9.04959106445313,-1.27170181274414,-86.2123689115718,8.4464100031237,0.76448060888046,2.81223773956299,-9.90697860717773,-3.62934494018555,-15.7170183085553,-28.7211059693491,-18.6493056041537
18.47,0.941345036029816,-9.15512275695801,-1.69404971599579,-85.4040501742466,14.4693288698489,0.818573145786022,3.21414089202881,-9.99076747894287,-3.37311673164368,-15.1246547848603,-23.8884004994647,-17.2237477941764
18.475,0.941379725933075,-9.29477691650391,-2.05176115036011,-83.7250940536091,20.2975992980598,0.282240598699558,3.40827345848083,-10.0637884140015,-3.17083239555359,-14.584723208329,-18.1397051901791,-15.8725946499226
18.48,0.969211041927338,-9.45030689239502,-2.30195093154907,-81.297057426318,26.1826234756316,-0.725126019378199,3.36965012550354,-10.1242351531982,-3.00581812858582,-14.0213435923769,-10.8168698432589,-14.3587907958687
18.485,1.02881193161011,-9.52828979492188,-2.41028475761414,-77.9644305453503,32.6317341937345,-2.27481157854567,3.1469554901123,-10.1333694458008,-2.88062405586243,-13.4593428208636,-2.82820332349704,-12.7668316484633
18.49,1.08076024055481,-9.54546070098877,-2.43440794944763,-74.6866705739854,38.4196296662141,-3.95254253400081,2.90317559242249,-10.0951261520386,-2.78396534919739,-13.0440178004553,3.54701862160811,-11.3179444736021
18.495,1.08726763725281,-9.50232124328613,-2.39248204231262,-71.5526724242709,43.0467242439663,-5.66935028235807,2.65581011772156,-10.0189952850342,-2.74462819099426,-12.7908039049027,8.92724849050343,-10.0024039356808
18.5,1.01547563076019,-9.39557647705078,-2.29491877555847,-68.64198730947,46.0443132706719,-7.35681724558824,2.41856908798218,-9.91020774841309,-2.78903222084045,-12.7219103480657,13.7438056856426,-8.82063350642776
18.505,0.804592907428741,-9.24660587310791,-2.16752195358276,-66.3739410332972,47.2232244119837,-8.71038486171364,2.0850043296814,-9.82234287261963,-2.77103042602539,-12.7093334084828,19.1829158406083,-7.73663979646442
18.51,0.654042363166809,-9.12416076660156,-2.02731323242188,-64.4678401416217,48.9876022934759,-9.81608747418022,1.6696070432663,-9.76252269744873,-2.74899816513062,-12.6755726371891,23.8873964616567,-6.6151073668227
18.515,0.468167126178741,-9.02903270721436,-1.8890814781189,-62.9516542590948,51.0804542174379,-10.8147302865014,1.17724907398224,-9.70735931396484,-2.7635190486908,-12.6737122644139,27.3580153619734,-5.48090920513883
18.52,0.124065764248371,-8.96431159973145,-1.77156007289886,-61.8905024092633,53.2041717662591,-11.874986527778,0.608131647109985,-9.62782573699951,-2.86839509010315,-12.7728994177672,28.8726234708021,-4.36432439377713
18.525,-0.215885937213898,-8.95791625976563,-1.68547415733337,-61.3274147838982,56.4767817749899,-12.7419236561075,-0.124815724790096,-9.57876110076904,-2.82805705070496,-12.620371048317,27.6066393704038,-3.60781349508016
18.53,-0.535940885543823,-8.99324703216553,-1.63208782672882,-60.9553812099968,59.5086310305722,-13.2832656667025,-0.731360733509064,-9.564866065979,-2.74089598655701,-12.2506529085443,24.5390135839489,-3.50724429563701
18.535,-0.831185042858124,-9.04359817504883,-1.61769926548004,-60.5187340465471,62.5225339641104,-13.5798700465049,-1.2243595123291,-9.57484912872314,-2.64598917961121,-11.6235612880143,19.7914122711228,-4.13399077817044
18.54,-1.09135377407074,-9.06169986724854,-1.65821385383606,-59.5586075247292,66.0850650125407,-13.7731080509556,-1.64676928520203,-9.58932971954346,-2.60620474815369,-10.6322361696152,13.3144787774358,-5.66870611014197
18.545,-1.33746647834778,-9.0516300201416,-1.73719906806946,-58.0985384764231,70.1132032265015,-13.6839066341689,-1.97456967830658,-9.60647487640381,-2.56497406959534,-9.79929972297397,7.77368503497528,-7.12842938012136
18.55,-1.54823589324951,-9.04482460021973,-1.827880859375,-56.7534522476996,73.5457147938914,-13.392243896231,-2.07778167724609,-9.6085729598999,-2.66226029396057,-9.22059487007172,1.16203790601913,-8.63384320055354
18.555,-1.71968555450439,-9.05107593536377,-1.9228800535202,-55.6653245657411,76.1067966760253,-12.9360205568464,-1.93093073368073,-9.59770679473877,-2.88100147247314,-8.88141194475712,-6.13110522119678,-10.0930465223824
18.56,-1.84441351890564,-9.08862590789795,-2.01085901260376,-55.0469294835719,77.300775214646,-12.3814578613392,-1.48444044589996,-9.5851993560791,-3.13170790672302,-8.72588085339311,-12.3052064832188,-11.1906007191691
18.565,-1.97995495796204,-9.10396003723145,-2.09339785575867,-54.8294767509662,76.3211826536936,-11.8973280765531,-0.725313663482666,-9.58994293212891,-3.29827308654785,-8.52762436744973,-15.1641588914724,-11.7486724243624
18.57,-2.13336491584778,-9.05950450897217,-2.17157626152039,-54.7416917446586,73.9727109000439,-11.5448254285834,0.126663744449615,-9.59753036499023,-3.41708111763,-8.44798521550103,-16.0204614152642,-12.1526200571607
18.575,-2.30038332939148,-8.95120334625244,-2.23761820793152,-54.7190394222762,70.5068270283694,-11.3088722748371,0.981321156024933,-9.60604095458984,-3.4838399887085,-8.4781029346462,-15.0426600714216,-12.4914350060338
18.58,-2.45407676696777,-8.79769802093506,-2.25415539741516,-54.7316001401599,66.2923954047964,-11.0579123417106,1.63764810562134,-9.62092113494873,-3.44213461875916,-8.41528995371783,-11.7048080957389,-12.7950403297354
18.585,-2.5447051525116,-8.71467971801758,-2.21891236305237,-55.1858896822358,61.6775507713206,-10.7778805621556,2.03543758392334,-9.66086959838867,-3.38335657119751,-8.54533931683581,-6.00830183501454,-12.7492831849382
18.59,-2.58609676361084,-8.69680786132813,-2.1671826839447,-55.9346150190526,56.8112937046858,-10.6278008155229,2.27670049667358,-9.71240234375,-3.33462738990784,-8.57952612117901,0.359427472612387,-12.5134785878063
18.595,-2.58349680900574,-8.74031925201416,-2.11199116706848,-56.9263038450251,51.7849574944734,-10.6732847527533,2.38595390319824,-9.7741584777832,-3.3106107711792,-8.40952783537928,6.62332237684693,-12.1665758411823
18.6,-2.55314874649048,-8.8135232925415,-2.06460094451904,-58.0805819090951,46.9823441305248,-10.9694024815773,2.31793689727783,-9.86944103240967,-3.35151386260986,-7.98672717292444,11.0555473887104,-11.9495593869099
18.605,-2.50366044044495,-8.81799221038818,-2.04536962509155,-59.8898990202315,43.0624302639628,-11.1845508791118,1.98425209522247,-9.99294757843018,-3.26727032661438,-7.44626881805332,16.1385536784664,-11.7720333788711
18.61,-2.42595720291138,-8.76313781738281,-2.06185102462769,-62.3194997608426,39.8085725395983,-11.2758559941629,1.56271743774414,-10.1095018386841,-3.13057684898376,-6.89673271488842,20.8022836833793,-11.8551337291817
18.615,-2.31156635284424,-8.65326023101807,-2.11910247802734,-65.3891575285756,37.0913149669976,-11.2206894100103,1.13786911964417,-10.1965942382813,-2.98129773139954,-6.40884376473795,24.3020606612628,-12.3389083441309
18.62,-2.12238883972168,-8.53562355041504,-2.20068120956421,-69.1643874979492,33.972220290052,-11.1429123383841,0.629943072795868,-10.1901779174805,-2.8988356590271,-6.23323533230869,23.8185754755797,-13.3827917681934
18.625,-1.90694141387939,-8.48523807525635,-2.2505304813385,-72.94918656235,30.541429930333,-11.1889725728257,0.0260330196470022,-10.0972776412964,-2.77843332290649,-6.14893628379875,22.5134236553859,-14.1341416051987
18.63,-1.67650997638702,-8.50018978118896,-2.25402116775513,-76.2581195170869,27.3437522194391,-11.2964421843213,-0.586974382400513,-9.9340705871582,-2.62718605995178,-6.18457706466152,20.5363775888015,-14.692090366987
18.635,-1.43915987014771,-8.58295726776123,-2.19667148590088,-78.6756649738129,24.8270785197414,-11.4193898582497,-1.14048147201538,-9.70913028717041,-2.44885349273682,-6.37028820064687,17.9655097531344,-15.1236968508293
18.64,-1.20476913452148,-8.75991439819336,-2.06237816810608,-80.76715769013,21.8911678087884,-11.5674401849253,-1.60729146003723,-9.53888702392578,-2.24983096122742,-7.20591446116057,15.19158210099,-15.5916672618127
18.645,-0.958143591880798,-8.9616527557373,-1.90214860439301,-82.4149544877739,19.2676921485865,-11.8492409834753,-2.00538420677185,-9.44427394866943,-1.99995565414429,-8.28861811914442,12.4078130000253,-16.4804763634118
18.65,-0.68273252248764,-9.162841796875,-1.72284054756165,-83.3518447060354,17.1925970089193,-12.1285248573162,-2.35752105712891,-9.40569496154785,-1.74584603309631,-9.59695366126505,9.92967352007753,-17.916190664685
18.655,-0.35552716255188,-9.33161354064941,-1.53160285949707,-83.187435222524,16.004506093363,-12.2338933318683,-2.68876385688782,-9.40283870697021,-1.5457478761673,-11.1213332094751,8.17703161112663,-20.0992710951301
18.66,-0.0083856200799346,-9.57602024078369,-1.28073871135712,-81.8192253883654,15.6662136539615,-12.0436870776355,-2.98481345176697,-9.40175914764404,-1.25053918361664,-12.6755068966183,8.10135396889653,-23.0105999552603
18.665,0.350148856639862,-9.87140083312988,-1.01899528503418,-79.4873646547772,15.7046129774753,-11.6948983450269,-3.19683909416199,-9.3339729309082,-0.906466484069824,-14.5903222559011,8.48578433614153,-26.1913336743706
18.67,0.711170136928558,-10.1950073242188,-0.753273129463196,-76.3674162041854,16.3328657301641,-11.1685818968323,-3.31831955909729,-9.21647930145264,-0.568328022956848,-16.8094421795018,9.21910930392724,-29.6299377705002
18.675,1.05896437168121,-10.5093030929565,-0.491097658872604,-72.6838542036625,18.0667399868231,-10.3957374545089,-3.33250784873962,-9.08347034454346,-0.335708826780319,-19.2233351925691,10.255423170842,-33.3800019078769
18.68,1.33759438991547,-10.7896356582642,-0.178559422492981,-67.9028037469237,21.4886647609995,-9.45352310378937,-3.18691277503967,-9.06094455718994,-0.117813408374786,-21.8641646559047,11.8867839720219,-37.1357009513189
18.685,1.49426114559174,-11.0247983932495,0.124624103307724,-62.0378637406063,26.4796137611221,-8.58563060274972,-2.91041707992554,-9.11409568786621,0.0662095248699188,-24.8193569908847,14.0521161559088,-40.647787637634
18.69,1.52818369865417,-11.206937789917,0.381979197263718,-55.1695723603086,33.0321813545832,-7.92065704553561,-2.55231928825378,-9.21988964080811,0.202732756733894,-28.0214111454893,16.6514308756954,-43.886260360893
18.695,1.44513094425201,-11.312463760376,0.504949629306793,-47.4361214084129,41.3100871757881,-7.76253218983429,-2.23811197280884,-9.32876300811768,0.254758477210999,-31.2646206049377,19.4555172281199,-46.8296176855887
18.7,1.14661204814911,-11.3231077194214,0.483623296022415,-39.6279072058623,50.6545202057013,-8.14829615151474,-1.8588525056839,-9.4851131439209,0.230575993657112,-34.2668473300897,22.4632849442361,-49.9595860236929
18.705,0.658784866333008,-11.2431144714355,0.382248759269714,-31.9708894858737,60.6262412240831,-8.8144743833437,-1.49494731426239,-9.67033767700195,0.174025624990463,-36.5491038148307,25.170181119866,-52.6784145398028
18.71,-0.0158556029200554,-11.0807313919067,0.211290091276169,-24.5281313850537,71.102720052318,-9.7273752696928,-1.20528388023376,-9.864501953125,0.0699629187583923,-38.1222637203193,27.5774949532153,-55.0400685585506
18.715,-0.891822874546051,-10.8701820373535,-0.0446684956550598,-17.3679757762377,81.9514100393727,-10.9932424031016,-1.18426370620728,-9.99318695068359,-0.196126446127892,-39.5160765185817,30.1957882073845,-57.894165556078
18.72,-1.86836981773376,-10.7114105224609,-0.418375372886658,-9.83759147100836,92.472940795373,-12.4488308473122,-1.43036341667175,-10.0997114181519,-0.540032684803009,-40.7393804744039,31.501604263475,-61.4680005675846
18.725,-2.83527684211731,-10.614351272583,-0.914447247982025,-1.86003745558266,101.840183242019,-13.7588175876647,-1.80927503108978,-10.2230854034424,-0.899050235748291,-41.7563068493596,30.9583583376489,-65.4233426253715
18.73,-3.73791551589966,-10.5769186019897,-1.53705513477325,6.28564465447067,109.425518126669,-14.7634948721176,-2.25699377059937,-10.3779411315918,-1.25748753547668,-42.5566547559233,28.2343713211684,-69.6314426635839
18.735,-4.44476938247681,-10.5396852493286,-2.27627897262573,12.0437348889597,112.771101876492,-15.1437400409487,-2.59762525558472,-10.5698642730713,-1.65847396850586,-43.2090846707267,22.6140921060154,-73.8971826682019
18.74,-4.87196207046509,-10.4443731307983,-2.87936568260193,17.0635508298356,112.936044114759,-14.9293182047872,-2.76749300956726,-10.7303953170776,-2.02453303337097,-43.6611065899982,16.3130872098751,-77.8760000861662
18.745,-5.0412769317627,-10.3328065872192,-3.27392292022705,20.8449535826717,110.158472556692,-14.1503342761736,-2.8112690448761,-10.8197393417358,-2.37562704086304,-44.1044951501587,10.4655676010358,-81.537343481319
18.75,-4.9474310874939,-10.2255125045776,-3.40785121917725,22.9662293388646,104.36516757439,-12.8061521937414,-2.744713306427,-10.8120450973511,-2.71148467063904,-44.6237261308631,5.79024676510141,-84.848127417321
18.755,-4.54629182815552,-10.1109371185303,-3.23961567878723,21.8263066248826,94.9185036880744,-11.1638596747949,-2.5532054901123,-10.6912689208984,-2.85253667831421,-44.9261976431625,3.99554711256251,-87.8203388761654
18.76,-4.02581977844238,-9.96250057220459,-2.95963978767395,18.9773169013071,84.1323577432495,-9.81568790811377,-2.28341913223267,-10.4587860107422,-2.88575482368469,-45.2417079865875,4.11633516605278,-90.8767870580435
18.765,-3.46294212341309,-9.789306640625,-2.62296772003174,14.8736367951259,72.8789790478715,-8.77448533330057,-2.01147365570068,-10.1857099533081,-2.88244009017944,-45.7195685114891,5.93628261285863,-94.0800228353745
18.77,-2.91629123687744,-9.59708404541016,-2.269939661026,9.80008860982311,61.8240173478824,-8.06927257036498,-1.79782211780548,-9.92615604400635,-2.89710545539856,-46.4885556044787,9.38723782544169,-97.4888268161553
18.775,-2.60714435577393,-9.47094535827637,-2.05727458000183,4.91184857934463,52.9117816131746,-7.78688949818821,-1.60157811641693,-9.6275577545166,-2.91799926757813,-47.2928240396261,14.8357138773067,-100.925279402696
18.78,-2.51349234580994,-9.46864414215088,-2.04164123535156,0.892010165803236,45.8629102765056,-7.74997744836616,-1.39270222187042,-9.35664463043213,-3.0117392539978,-48.2878016016839,21.6704451231175,-104.573672759183
18.785,-2.59793138504028,-9.54888820648193,-2.18588614463806,-1.89175664064479,40.6857259233789,-7.86710665489542,-1.25369918346405,-9.18134593963623,-3.13624548912048,-49.3798839631719,28.3515278484543,-108.036373762704
18.79,-2.82716655731201,-9.66614532470703,-2.45562863349915,-2.88242584744024,37.5346659611177,-8.03524798301456,-1.29360353946686,-9.19436550140381,-3.24101543426514,-50.4589513991963,32.9323957059039,-110.799519961244
18.795,-3.27575635910034,-9.91268348693848,-2.99747323989868,-1.57014096187546,36.5661280613369,-7.70654427543405,-1.80959534645081,-9.58774185180664,-2.98355722427368,-51.5509825342655,43.8206085825909,-113.596502916931
18.8,-3.72615432739258,-10.2427845001221,-3.54074096679688,1.08281005952451,36.2125838095187,-6.64872171593609,-2.37507224082947,-10.0631122589111,-2.85858464241028,-52.311930494602,53.7974966390798,-117.366938093508
18.805,-4.09248876571655,-10.6541738510132,-3.98318076133728,4.8621683446429,35.9924604729476,-4.71452868309119,-2.89752221107483,-10.5630493164063,-2.75096702575684,-52.9710300891299,60.9218518113612,-121.927701289135
18.81,-4.22610569000244,-11.1559190750122,-4.14893198013306,9.58183247621629,35.1723425838312,-1.55716370917414,-3.24203658103943,-11.0127382278442,-2.39231395721436,-53.988134049004,61.9751694342147,-126.916157270211
18.815,-3.99573802947998,-11.7358093261719,-3.95900797843933,15.6561305871993,32.4578648982227,2.69229621939212,-3.33332753181458,-11.4235792160034,-1.85946762561798,-56.4176733179126,60.7865662544708,-131.222823768336
18.82,-3.57320761680603,-12.2844314575195,-3.63488984107971,22.8768016720616,29.1569574157606,7.2110080747341,-3.198650598526,-11.8865909576416,-1.39565634727478,-59.202611234999,59.9612198555448,-135.333491158038
18.825,-3.03282690048218,-12.7896566390991,-3.27314925193787,31.2126257898809,25.8053272409746,11.6653731447922,-2.83113050460815,-12.4120664596558,-1.04264307022095,-62.0166901541792,59.7451946324756,-139.469184360859
18.83,-2.517582654953,-13.2520399093628,-3.0707631111145,40.749888720442,23.4811607154865,15.378283614405,-2.17968893051147,-13.0025243759155,-0.843546569347382,-64.2978777143151,59.9623195160012,-144.098508995375
18.835,-2.18998670578003,-13.6748304367065,-3.08188724517822,48.3254769251457,22.1042833712711,17.4597923017029,-1.61724197864532,-13.6756925582886,-0.629482686519623,-66.4028395636755,60.1590904358,-148.855039072994
18.84,-2.03451800346375,-14.0721502304077,-3.2016909122467,56.4646855099698,20.8521372341312,18.8390072781617,-1.26822996139526,-14.4496040344238,-0.134308040142059,-68.2704591695671,61.9259920721906,-153.751806594651
18.845,-2.04402303695679,-14.4391527175903,-3.39913725852966,65.6469152074735,19.597385379823,19.8100313668003,-1.13963997364044,-15.2646732330322,0.630878329277039,-70.1608574563407,65.0855146388335,-158.93172643854
18.85,-2.20063948631287,-14.7391052246094,-3.63421583175659,75.5841027894117,18.5683320039959,20.8162070240024,-1.13963997364044,-15.8248014450073,1.34813761711121,-73.3490941382543,67.2188012826819,-165.048734576177
18.855,-2.27388405799866,-14.9265146255493,-3.7064733505249,84.8203490379665,17.5406224678881,22.332992255629,-1.13782823085785,-16.3626823425293,2.51667308807373,-77.5778145175709,66.8763014467516,-171.722102602846
18.86,-2.21452188491821,-15.0359449386597,-3.59889554977417,94.0285573599784,15.2791485412442,24.44319456763,-0.943393468856812,-16.860652923584,4.01520824432373,-81.4912875157456,65.7494909884288,-177.449653354009
18.865,-1.98959481716156,-15.0802440643311,-3.3022186756134,103.430012224177,11.111493468202,27.1589631589917,-0.462802946567535,-17.2777538299561,5.68012809753418,-84.7698534494326,64.0297996195813,-181.761073663796
18.87,-1.50398981571198,-15.0866556167603,-2.83407878875732,112.951432530959,3.36329208246347,30.2014401889227,0.479318708181381,-17.3448371887207,6.45351314544678,-88.6632456914475,58.7931413942567,-185.261135802077
18.875,-0.906800389289856,-15.2496128082275,-2.51474761962891,122.26029052058,-6.03436498311366,32.5612193207433,1.53345537185669,-17.2116546630859,6.30401468276978,-90.9657775927396,53.3285631714234,-186.689068810338
18.88,-0.298120051622391,-15.2680006027222,-2.46165227890015,131.867771210903,-14.7624549758164,34.0295528979451,2.41284441947937,-16.9953670501709,4.77523183822632,-91.0155969925457,47.3982070283302,-186.757015532202
18.885,0.262208521366119,-14.9771709442139,-2.72963404655457,142.125226363023,-21.334867683911,34.4506647961277,2.87560558319092,-16.8220996856689,1.71396100521088,-88.4838985842213,41.0462028172046,-185.782292896127
18.89,0.636411905288696,-14.4185857772827,-2.92404174804688,154.201301343929,-21.7019066819819,33.8951313599847,1.46688330173492,-17.93212890625,0.077654667198658,-85.9924026693515,37.792338262651,-184.071549075093
18.895,1.17576146125793,-13.7845897674561,-2.78327417373657,166.964602638365,-21.0702012686676,32.4239803297502,0.0931122452020645,-19.4008083343506,1.45500564575195,-82.0075746849177,47.5531054734223,-184.684913722938
18.9,1.79370498657227,-13.0903358459473,-2.39784145355225,179.482918707651,-21.3189567582395,30.292749572842,-0.518163442611694,-20.4718132019043,3.2553882598877,-77.9387626944494,56.1548544688396,-188.23401661946
18.905,2.42616581916809,-12.3441963195801,-1.82480239868164,190.99921870494,-23.9977706110968,27.66439886512,0.258805513381958,-20.5188140869141,3.44277572631836,-74.9025660234603,52.245561546437,-195.385361284247
18.91,2.62013626098633,-11.6355752944946,-1.19541656970978,199.030756187688,-26.1750265977272,26.4537836932284,1.50015807151794,-19.0688552856445,1.77481245994568,-74.3049244710842,29.5139577432988,-200.254043068037
18.915,2.54001259803772,-11.0315399169922,-0.74008983373642,204.909909817668,-24.0195025654885,26.8072613507022,2.00636982917786,-17.2096328735352,0.29134014248848,-73.9383413881405,2.38952012334439,-199.655732157122
18.92,2.27013063430786,-10.632664680481,-0.591583371162415,209.449963879732,-17.2479949657299,28.5356817013089,1.79977190494537,-15.1506843566895,-1.14690506458282,-74.981256632888,-23.7091490148869,-194.103526022332
18.925,1.90185463428497,-10.5810947418213,-0.940301120281219,213.569783722922,-5.1496061836923,31.5071572072702,0.853590071201324,-13.13991355896,-2.71141624450684,-79.0226932251629,-41.8951543499022,-183.860947022224
18.93,1.61015331745148,-10.9752883911133,-1.95258915424347,216.84225029768,5.20974727999474,33.7544806895012,-0.0350082702934742,-11.8508987426758,-3.98459053039551,-83.8815600271158,-51.9229102402348,-171.411096769179
18.935,1.52502799034119,-11.5129671096802,-3.01497983932495,220.387350703349,15.0505916285953,35.4113684689304,-0.737884342670441,-10.6744508743286,-5.42861795425415,-87.8736211818806,-66.3788587694996,-159.190016872193
18.94,1.6683007478714,-12.1312265396118,-3.95810127258301,224.232077847527,23.5481546259605,36.2173615268432,-1.16261374950409,-9.66259574890137,-6.89413499832153,-90.8377388665586,-84.4254343303455,-148.311998052843
18.945,2.0916759967804,-12.7511777877808,-4.51305818557739,228.341228935234,28.8698333385261,35.5753305750511,-1.11828625202179,-8.99535465240479,-8.05174827575684,-92.5376500075697,-103.528722118063,-140.773245058333
18.95,2.63464546203613,-13.2609624862671,-4.54932641983032,233.118946259657,27.286407658715,32.5540612824931,-0.508824408054352,-8.94351100921631,-8.45799160003662,-93.3277594605676,-129.437152772106,-131.241579467796
18.955,3.129145860672,-13.6296329498291,-4.33105850219727,238.892778372636,22.3136645278251,28.5591109577093,0.259229689836502,-9.18006896972656,-8.5073938369751,-93.6980718267982,-151.91363876446,-119.017507947955
18.96,3.51876711845398,-13.8443212509155,-3.94408082962036,245.101775498014,15.3722098686856,24.2699929231096,1.07875311374664,-9.6220006942749,-8.33041095733643,-92.8706832013103,-166.89280368981,-104.295854814692
18.965,3.69098520278931,-13.8648519515991,-3.52667689323425,250.034565437354,9.1372819301232,21.1256077632148,1.7906277179718,-10.1653566360474,-8.14249610900879,-88.2955287971015,-165.589016199903,-87.6708192050446
18.97,3.61880803108215,-13.7339324951172,-3.19702053070068,250.674171671991,7.13673489015209,20.8556206306079,2.42745423316956,-10.3504724502563,-8.192946434021,-76.656374187212,-150.915980353153,-69.9935383122429
18.975,3.41060280799866,-13.5871877670288,-2.87734484672546,248.059028842577,8.28782837852163,22.4647005009416,3.16101861000061,-10.1066274642944,-8.68341445922852,-62.0278233625264,-130.693128937823,-52.9925861661505
18.98,3.10131335258484,-13.4653587341309,-2.54977536201477,242.669517813816,12.0774401649664,25.6559151453333,4.12839794158936,-9.43917179107666,-9.64417457580566,-46.9192331825939,-109.254517510608,-37.8986672325552
18.985,2.74564218521118,-13.4229421615601,-2.20866751670837,235.709117917466,17.1937291127742,30.0389226678114,5.79749631881714,-8.4437837600708,-11.0148553848267,-38.9663282526657,-99.0062967742462,-28.7265086489826
18.99,2.46216917037964,-13.4103527069092,-1.98781096935272,228.482736794458,21.7596166578266,34.7786607253554,7.93848991394043,-7.54762744903564,-11.6400899887085,-37.6037635698561,-104.766400206993,-23.0480498824795
18.995,2.14911293983459,-13.4197540283203,-1.87719678878784,220.762177824621,25.3555234256362,39.6167022805289,10.1534147262573,-6.75825786590576,-11.4360370635986,-40.5076150803924,-111.070179867484,-17.45138092374
19.0,1.76863014698029,-13.4357814788818,-1.87824702262878,212.387901449321,27.780312297977,44.3921929632834,12.2089891433716,-6.09291505813599,-10.4856462478638,-47.0490511730537,-112.319319013841,-10.9952982900418
19.005,1.30526888370514,-13.3515815734863,-2.00230026245117,202.834857366683,28.821175070879,48.5043698247921,13.3148679733276,-5.64204931259155,-9.89037895202637,-57.5215377557188,-106.119044040033,-5.51248260835086
19.01,0.939408183097839,-13.1710405349731,-2.05235075950623,193.293848077362,30.3339082927805,51.5751409133598,13.6233320236206,-5.51332855224609,-9.60958194732666,-63.3357362866921,-97.5594099910382,-1.18885632363007
19.015,0.652119755744934,-12.9437417984009,-2.01319098472595,184.087053604509,32.7696083923204,53.7998086581138,13.2112607955933,-5.64404582977295,-9.04430294036865,-61.7369734170997,-80.1630684391774,3.72373930765503
19.02,0.434867948293686,-12.6944627761841,-1.87146258354187,175.448790417788,36.4173528808357,55.2261468172038,12.0906982421875,-5.99740362167358,-7.89529991149902,-51.21926415194,-50.6291050717997,10.1266134870584
19.025,0.235261246562004,-12.4448957443237,-1.62040281295776,168.200757595111,41.2721420598541,55.7048542855625,10.4686422348022,-6.24732112884521,-6.75081348419189,-38.2576892960877,-19.9129571949505,17.0468783380716
19.03,0.0132615994662046,-12.1344375610352,-1.27653419971466,163.306872413283,44.9810782131436,55.6003319006938,9.02466297149658,-6.21590137481689,-6.27919387817383,-22.9512865925079,14.3475602573259,26.8808959125968
19.035,-0.237643271684647,-11.7542200088501,-0.853873252868652,159.818380615456,47.5634873609608,54.8459750729063,7.77776384353638,-5.9631552696228,-6.13522672653198,-7.18250228023306,46.1011165389043,38.7189558764008
19.04,-0.524406313896179,-11.2929124832153,-0.358752101659775,157.066196870534,48.9657832541723,53.3489888521363,6.75513696670532,-5.52329635620117,-6.06421089172363,7.57870703983351,70.3778662266504,51.9596976391044
19.045,-0.814880728721619,-10.7892513275146,0.0339383967220783,155.007482232044,47.192625164502,51.0734566886332,5.90212440490723,-4.83924674987793,-5.56591558456421,18.4478628349625,76.5018274968621,65.7294375530256
19.05,-1.05307698249817,-10.2782325744629,0.330965369939804,153.120150700208,42.395018329215,48.5417958463492,5.06888914108276,-3.93520593643188,-5.0694432258606,27.3858791186925,75.9397712300618,79.8904209478889
19.055,-1.23149490356445,-9.78169631958008,0.548247396945953,151.358781517045,34.6228060537795,45.8330008781301,4.29946756362915,-2.85385251045227,-4.69227743148804,34.2752826137147,69.525588391827,94.2779002458189
19.06,-1.33611285686493,-9.32819652557373,0.699650585651398,149.676000490472,23.7097961753108,43.0326847901274,3.65409636497498,-1.6351705789566,-4.59120225906372,38.8108868075346,57.8568249118855,108.70232403697
19.065,-1.33871483802795,-8.9155797958374,0.763735890388489,147.941323686586,10.801210780813,40.122826128216,3.36428451538086,-0.651374638080597,-4.69439077377319,42.8699828539085,42.3098253796974,122.755424593892
19.07,-1.3270069360733,-8.56504535675049,0.782060503959656,145.996932754423,-1.79349092249922,37.2544472051341,3.25079488754272,0.0833238139748573,-4.79580688476563,48.2460145043418,28.2747035882173,136.626814798136
19.075,-1.30721127986908,-8.28297710418701,0.756246507167816,143.853045656983,-13.4327375264991,34.5676761818937,3.29059767723083,0.533468902111053,-4.83096933364868,54.5837641106695,16.9780283236906,150.353090803274
19.08,-1.28103351593018,-8.08643913269043,0.680346608161926,141.524620508547,-23.0434514576208,32.3312536815781,3.47505974769592,0.60342401266098,-4.6924204826355,61.1226183918246,10.4646950443693,163.968403555156
19.085,-1.19849419593811,-7.95864248275757,0.592403054237366,139.241097023715,-29.7498554017581,30.5931037264987,3.60433435440063,0.476621508598328,-4.75830554962158,68.2756706039038,5.80303202545403,176.85046817888
19.09,-1.12029385566711,-7.87430191040039,0.518559217453003,136.982667653894,-34.9177438674244,29.3874592247756,3.60669708251953,0.186437919735909,-4.94428396224976,74.9918639166691,0.43085332208415,188.799255754414
19.095,-1.05072903633118,-7.82027006149292,0.451963633298874,134.576036839462,-38.7681673893707,28.6654809087485,3.47822165489197,-0.292647063732147,-5.10423898696899,81.49857532759,-5.13158131447264,199.606595776233
19.1,-0.981011033058167,-7.77024459838867,0.363837271928787,131.510866506013,-41.3277534600763,28.3166153365118,3.22167420387268,-1.06418406963348,-4.84140777587891,88.8204083442495,-8.45638378685921,208.635818991045
19.105,-0.903966188430786,-7.694176197052,0.253309547901154,127.713622836945,-42.690622086304,28.1669966276481,3.05772089958191,-1.9272962808609,-4.56138229370117,95.2225495589775,-7.36029551942307,214.377904384761
19.11,-0.834343194961548,-7.58850002288818,0.169224813580513,123.744791155547,-43.3746928524374,28.0665450355247,3.12121534347534,-2.77088046073914,-4.4419960975647,103.067957556653,-2.79199755792386,219.619896987828
19.115,-0.773572564125061,-7.44605255126953,0.118214048445225,119.741494339598,-43.5086840884802,27.981386236953,3.43314862251282,-3.55083441734314,-4.50974607467651,112.61139156313,4.08339956698815,224.960517522509
19.12,-0.713580667972565,-7.23696565628052,0.0823773071169853,115.783222130657,-43.1753776871727,27.903516957773,3.95662593841553,-4.17245435714722,-4.7104549407959,122.67874889027,8.77739755520793,230.406951347812
19.125,-0.643266439437866,-6.9659948348999,0.0129801109433174,111.581358055157,-42.9187094234474,27.8287588297599,4.51948118209839,-4.65102529525757,-4.7007417678833,131.905719741932,11.724070082972,235.434708237372
19.13,-0.576205670833588,-6.6608681678772,-0.0840973407030106,107.80253540628,-42.8511520223668,27.7863160342574,5.12269830703735,-4.98054170608521,-4.68591928482056,141.305931511702,14.1498074978338,240.331871910001
19.135,-0.521148920059204,-6.3311014175415,-0.204128041863441,104.47519509173,-43.0620204526126,27.7325863511515,5.73510360717773,-5.16345453262329,-4.71776342391968,150.957057110822,16.8947888082757,245.292009926778
19.14,-0.50995546579361,-5.98509883880615,-0.31854647397995,99.8878692904197,-43.9092302870718,27.2303454660075,6.09451961517334,-5.27316045761108,-4.64714908599854,158.649448380522,23.4381032029587,251.104336985918
19.145,-0.53550112247467,-5.64371538162231,-0.397148102521896,94.1456063117849,-45.0450292743424,26.4950175452477,6.26913976669312,-5.35393381118774,-4.36177921295166,165.926646110955,34.0006714430397,257.766121011755
19.15,-0.594843685626984,-5.2964882850647,-0.441109478473663,87.7094097738552,-46.140274013416,25.693525581998,6.32421064376831,-5.39140224456787,-4.0369610786438,173.027747904207,45.2187073245575,264.784222346213
19.155,-0.689639687538147,-4.93917655944824,-0.449312537908554,80.7718295395223,-46.9967216787277,24.8943029491,6.28266334533691,-5.37678956985474,-3.78378629684448,180.119123508081,55.029597878553,271.903629046441
19.16,-0.843865871429443,-4.60068941116333,-0.425096720457077,73.1130496307278,-47.2132455056063,23.8095545032334,6.05695533752441,-5.33196401596069,-3.97590255737305,188.100226873998,57.6068468184522,278.863154678577
19.165,-1.00952363014221,-4.30419588088989,-0.39548659324646,64.9800565180485,-47.1255834427037,22.477872520756,5.84630298614502,-5.3131628036499,-4.12109899520874,195.204989648645,56.8570969532599,285.102614447654
19.17,-1.16843891143799,-4.05358648300171,-0.354062348604202,56.2856662518237,-46.9236249942302,20.945504212538,5.65193033218384,-5.38363122940063,-4.04350090026855,201.145942830236,53.940124649328,290.294377839564
19.175,-1.30573379993439,-3.85476684570313,-0.294990986585617,46.9261180132773,-46.7515042271459,19.2369750803416,5.4758095741272,-5.59917306900024,-3.58948564529419,205.623049868909,49.6463262275995,294.113546415868
19.18,-1.41954147815704,-3.76724457740784,-0.200144827365875,36.2607537186403,-47.1221137066054,17.6319813706789,5.39739418029785,-6.07608795166016,-3.25529003143311,207.848899236389,45.12260997803,295.637716789535
19.185,-1.4852591753006,-3.70159316062927,-0.10807691514492,25.182714516993,-47.9062740648362,15.9516028631467,5.46660327911377,-6.69403886795044,-3.15301251411438,210.359444548854,38.0644154331439,296.247680003174
19.19,-1.50634860992432,-3.65325713157654,-0.0337764844298363,13.7974662130832,-48.9769130474249,14.2000170721962,5.63762044906616,-7.38895034790039,-3.24661231040955,213.625545387306,29.9497443029131,296.219129812443
19.195,-1.48372614383698,-3.617844581604,0.002557085128501,2.21388501048869,-50.1964057576902,12.3770037242267,5.8607120513916,-8.08623695373535,-3.50587582588196,218.296930326731,22.5542886771901,295.849261408509
19.2,-1.42525863647461,-3.56147027015686,0.014482544735074,-9.86172935953518,-51.3338064243212,10.8705517150407,5.9150071144104,-8.73587894439697,-3.87147903442383,223.171363129803,20.3313677533163,296.742650151946
19.205,-1.34963941574097,-3.49437475204468,0.0156221501529217,-22.4635530291611,-52.3855838395168,9.40231973690272,5.80293655395508,-9.38807010650635,-4.21527910232544,227.457498079282,19.8374528687706,298.70201285877
19.21,-1.26393413543701,-3.4305579662323,0.0211865343153477,-35.5784246507452,-53.3348810964056,7.94961534006917,5.50442695617676,-10.0512161254883,-4.47785043716431,231.278073674556,21.4130801800969,301.572823329196
19.215,-1.1785010099411,-3.39581394195557,0.0590276904404163,-49.2318191223443,-54.1393476070389,6.50037555669211,4.9615626335144,-10.7371091842651,-4.55153322219849,234.89990442536,26.2837922376178,305.178999286423
19.22,-1.11078798770905,-3.40603637695313,0.166216179728508,-63.1802675208043,-54.6627893993666,5.12124126184289,4.23357582092285,-11.4956369400024,-4.48774480819702,237.687987644559,30.7341949441837,307.842936987268
19.225,-1.05869877338409,-3.45159220695496,0.292218744754791,-76.9599692656299,-54.9245973804424,3.71135532091615,3.38829064369202,-12.2299451828003,-4.22780704498291,239.16546684506,29.9944103249904,308.562456435194
19.23,-1.01098537445068,-3.51909923553467,0.426991552114487,-89.6039471552658,-54.9248364370633,2.36381577362011,2.44282221794128,-12.8991861343384,-3.75094151496887,239.045146232641,22.1497741386907,306.848543406384
19.235,-0.936085939407349,-3.57512760162354,0.560489058494568,-98.3645800111559,-54.6328765858965,1.39179415719755,1.41318893432617,-13.4138374328613,-2.99831676483154,236.519615485137,2.71898027437548,301.421794186269
19.24,-0.828898072242737,-3.63867521286011,0.689311861991882,-107.617560223177,-53.2642364498202,0.498733903170278,0.44241014122963,-13.6638355255127,-2.1956250667572,232.502999800306,-27.2598911568097,292.237156847083
19.245,-0.70311027765274,-3.7288658618927,0.774667859077454,-117.404695379239,-50.5286603098655,-0.178434649981977,-0.268507331609726,-13.7229175567627,-1.57080769538879,228.1028553332,-61.588621708327,280.795169307964
19.25,-0.562539279460907,-3.85065674781799,0.816549897193909,-127.448229006555,-46.2121139431062,-0.570581250019024,-0.647825181484222,-13.5773267745972,-1.20348215103149,223.485975303352,-98.1564846377132,267.506216655004
19.255,-0.411307394504547,-4.00805711746216,0.853715598583221,-136.410147537285,-39.6060266948562,-0.492029218726265,-0.561772108078003,-13.0891370773315,-1.23725688457489,218.323253875792,-133.311632220309,252.784590842498
19.26,-0.284379512071609,-4.26982593536377,0.951002299785614,-143.14230983233,-31.7536655646052,-0.157409660190025,-0.116925075650215,-12.452618598938,-1.65133261680603,214.20575629692,-158.028611505724,241.606603775179
19.265,-0.204191997647285,-4.6478099822998,1.16516745090485,-147.106114494498,-23.9089593688665,0.142852992944207,0.43597349524498,-11.8973760604858,-2.23650336265564,209.85090964439,-180.404884962576,230.685377179139
19.27,-0.173068642616272,-5.16162061691284,1.52426779270172,-147.775937486023,-16.8243815107639,0.310638177390944,1.02801251411438,-11.5254802703857,-2.89074611663818,204.883955098822,-202.470931227326,218.834452554033
19.275,-0.136214688420296,-5.90651082992554,2.06745266914368,-143.120125377906,-13.0694790381338,0.368238016435307,1.77043211460114,-11.5017671585083,-3.33042311668396,199.89332711759,-218.787788701623,205.536497711747
19.28,-0.145270064473152,-6.85065031051636,2.63489723205566,-134.301599838611,-12.1954274140101,0.601586039982651,2.7267541885376,-11.4409112930298,-4.12636709213257,196.192853568682,-230.970004822231,193.723986070533
19.285,-0.219531834125519,-8.01310634613037,3.26731371879578,-122.55275922084,-13.1792529847006,1.19277322367566,3.62055897712708,-11.2129535675049,-4.98073434829712,193.590893004366,-237.720144175172,183.624171684457
19.29,-0.372126251459122,-9.39653587341309,3.98140001296997,-108.238376607407,-15.5368686541017,2.28108724173244,4.29354095458984,-10.7360591888428,-5.70938348770142,191.926867677254,-237.637635489998,175.424980378342
19.295,-0.590797245502472,-10.649299621582,4.62598085403442,-89.1459351600923,-18.4150864646829,4.28600432211188,4.58471632003784,-9.93895244598389,-5.76886081695557,189.032534035326,-223.269362684014,168.638203890694
19.3,-1.0260546207428,-12.4504156112671,5.42196273803711,-66.1771496229308,-20.2020073855308,7.03547520127254,4.69554805755615,-9.09699440002441,-5.36247634887695,182.942901295883,-203.555592588281,161.02731043817
19.305,-1.62291622161865,-14.5687713623047,6.15248394012451,-42.7325082213891,-20.0988322554759,9.89452878170323,4.64796495437622,-8.29287338256836,-4.43123579025269,173.429909442538,-179.723314045679,152.567820622786
19.31,-2.34751462936401,-16.8398456573486,6.64093112945557,-21.4893955912407,-17.3540609733511,12.3644874025726,4.44972133636475,-7.59471702575684,-2.89605093002319,160.102475503794,-152.496936919579,143.188304326201
19.315,-2.64333343505859,-17.9930877685547,6.81827640533447,-8.36786453521584,-13.944096714185,9.7980984634537,4.46251440048218,-6.85318183898926,-1.0944550037384,139.353166767617,-122.632891000182,131.675815574469
19.32,-2.4790952205658,-18.1011695861816,7.27342510223389,3.88911910491537,-17.9599670546229,2.96195678357928,4.65869998931885,-5.93339586257935,0.212886810302734,114.244510284247,-92.9166025631003,118.634457278922
19.325,-1.99503993988037,-17.224193572998,8.12743091583252,17.9029588807154,-31.9403517100945,-6.99905407129709,4.865149974823,-4.97721433639526,0.983142256736755,86.2278597806094,-63.7694601291771,104.020748455303
19.33,-1.34276485443115,-15.3618984222412,9.56306838989258,37.1023559677909,-59.8413773563677,-18.8868664136759,4.86513328552246,-4.16006565093994,1.12118220329285,56.903040220712,-35.7646702490331,87.6591532419422
19.335,-1.01173913478851,-13.1114015579224,11.0413122177124,53.6620881387843,-85.876398736488,-26.0997681583574,3.88346576690674,-3.35156846046448,0.654521584510803,30.1798499609562,-8.51796306486875,69.3520810963412
19.34,-0.90716153383255,-11.2873468399048,11.7324857711792,69.1164600605432,-110.753614259832,-30.1408837317413,2.26932430267334,-2.95373773574829,0.0366538427770138,10.0580810764738,12.0793141981199,53.9999707668356
19.345,-0.953549683094025,-10.0527925491333,11.4636383056641,81.5218935934164,-129.850092348946,-30.6831700159891,0.304099947214127,-3.08611750602722,-0.664514183998108,-5.31732788206431,26.7498484880863,39.8553354297508
19.35,-1.03375494480133,-9.69299125671387,9.89335250854492,86.7133906079489,-133.723492627261,-26.5804546740281,-1.55275726318359,-3.9887068271637,-1.37682139873505,-19.3826442323178,36.8592114786222,23.2184067532107
19.355,-0.835291922092438,-10.0708627700806,7.6417293548584,82.2587480614558,-109.829592117967,-18.6775159929732,-2.6434965133667,-4.9985671043396,-2.31380605697632,-33.3946833994979,41.9002769917797,2.54804582577263
19.36,-0.449064671993256,-10.6473722457886,5.50610256195068,75.0311375043966,-76.6877930573941,-10.7614334666342,-3.19897174835205,-5.75863695144653,-3.34397530555725,-47.2275547519174,42.6066380802695,-18.994829506339
19.365,0.0881901159882545,-11.25319480896,3.68426418304443,66.1890068313299,-40.4547835671624,-3.66708929179212,-3.24919676780701,-6.24340200424194,-4.357421875,-60.9708447582777,39.4377615695583,-40.5959465018336
19.37,0.716387808322906,-11.5944356918335,2.49019432067871,56.4562843772906,-12.0255802461458,1.47919677963332,-2.75160264968872,-6.48344755172729,-5.08071184158325,-74.9227560626469,33.1112476244152,-61.0412230274855
19.375,1.35767209529877,-11.5668811798096,2.00897908210754,47.6413207816476,4.75382190761263,5.83549762212639,-1.92027568817139,-6.70396327972412,-5.32298755645752,-87.319590387355,26.0862648743683,-78.0992311588097
19.38,1.92521214485168,-11.3503847122192,2.03527736663818,41.4314084109204,16.0903871844395,10.2745007429675,-1.14169216156006,-7.08505821228027,-5.31015920639038,-98.1815104508321,20.0625810264561,-92.0504594442618
19.385,2.38482999801636,-10.9948568344116,2.48230481147766,38.5933452824697,23.8434424868004,14.9705998681307,-0.529853105545044,-7.72830867767334,-5.10148668289185,-106.989585800697,15.459375035326,-102.737588136689
19.39,2.66385817527771,-10.5533609390259,3.15040946006775,41.0181887963238,30.4829054544297,19.8649477952745,-0.230288088321686,-8.92762279510498,-4.74760818481445,-111.30194867659,12.5330393958156,-109.146047276399
19.395,2.82455611228943,-10.2271842956543,3.56066298484802,47.6891184454594,36.8229363439403,24.0782848810329,-0.049704123288393,-10.4390983581543,-3.69942784309387,-113.701865415068,15.6029541494161,-113.376324938847
19.4,2.9436936378479,-9.91162490844727,3.78357672691345,57.1429608605925,42.2668873954801,27.259933845492,0.0642673298716545,-11.8776388168335,-2.52770233154297,-112.012923557864,22.8844770971414,-115.543728377599
19.405,3.06107401847839,-9.56608963012695,3.83782482147217,68.7006176533053,46.2814608537494,29.1398546220788,0.0984114930033684,-13.1799697875977,-1.40639173984528,-104.356704970008,33.9989946315985,-114.619467179113
19.41,3.29438948631287,-9.15110206604004,3.72572779655457,80.2572635780211,46.4651280556256,28.7800231811296,-0.180349990725517,-14.9171314239502,-0.188480108976364,-82.7131400563692,49.7724627460967,-102.572031181397
19.415,3.5567946434021,-8.83444786071777,3.74151873588562,88.3956593703339,43.4318068942771,27.3406564361978,-1.43415951728821,-16.6004409790039,2.00983738899231,-59.9420884956796,69.5328352225364,-81.7538877987651
19.42,3.71279525756836,-8.64732837677002,3.92745566368103,93.1974531115821,39.6689771333416,25.8561011597172,-3.34232807159424,-17.8244743347168,4.53482913970947,-42.0610698901256,86.1170399613259,-60.6100536757501
19.425,3.66470885276794,-8.61123275756836,4.30048036575317,94.3568025911109,36.7295539976078,24.9616332463907,-5.68230867385864,-18.3074684143066,6.93937730789185,-32.2488645247148,94.465921693291,-43.6727486474385
19.43,3.04785108566284,-8.68704128265381,4.5939507484436,88.9292474086736,39.6645272650973,26.3110412773116,-6.8404483795166,-17.2884941101074,7.05914211273193,-25.667162759349,74.7401919363216,-32.6203380231043
19.435,2.1041841506958,-8.57564830780029,4.64743995666504,81.3223974281387,44.0968589986666,28.0979724434432,-6.70782661437988,-15.2080278396606,5.60133504867554,-20.9865621871862,35.2039834351613,-28.1901168179886
19.44,0.995871126651764,-8.28942680358887,4.5777006149292,68.8670557030002,50.2278519486289,30.5419046284803,-5.90104389190674,-12.6464357376099,3.32892632484436,-20.480764481032,-12.6028695423425,-30.6003129911676
19.445,-0.158100128173828,-7.8275203704834,4.4701132774353,49.1419440781507,58.3217217377424,33.8577531497518,-4.86959028244019,-10.0361833572388,0.799304962158203,-26.2150549213581,-60.0019687641331,-40.4434147172889
19.45,-1.35480105876923,-7.73656511306763,4.38592624664307,20.4492482806543,69.4424308386821,37.4537794458718,-3.54240846633911,-8.45021533966064,-0.149834871292114,-37.9322478576095,-92.6933305093218,-56.6210319551659
19.455,-2.68845129013062,-8.28953456878662,4.29274320602417,-5.21143519049338,81.1548870387441,39.6849461156211,-1.78960013389587,-7.95346689224243,-0.739661335945129,-51.127384447225,-113.143920922148,-70.7340196107315
19.46,-4.13563919067383,-9.4728536605835,4.25603437423706,-23.9949890165573,91.3009827866363,39.9661108528047,0.228160083293915,-8.42987728118896,-1.16004657745361,-64.6080912460388,-123.220423872587,-82.2162506244399
19.465,-5.67568254470825,-11.3179512023926,4.3624005317688,-30.5413547982521,97.0487713883097,37.4120913862726,2.32938051223755,-9.80848789215088,-1.63651382923126,-76.8982175253438,-124.470157245402,-90.1540437608295
19.47,-7.13655233383179,-13.5292072296143,4.10976505279541,-19.8591728703312,92.3649213536492,32.1690127831282,4.35695171356201,-11.2601699829102,-1.29843425750732,-86.4748872323212,-120.394146235549,-94.1360645375144
19.475,-8.42482852935791,-15.599967956543,3.30029630661011,-7.13864435491193,80.7149408939253,26.4799399026549,6.36708688735962,-12.1435375213623,-0.859243154525757,-95.0693279253266,-112.155988700219,-95.2540503914296
19.48,-9.43651008605957,-17.3394966125488,2.13172149658203,3.98036018694298,61.3171626699541,20.4531892998054,8.17300796508789,-12.4724254608154,-0.444639056921005,-102.695329756294,-98.7165669798434,-94.0993044594014
19.485,-9.95526218414307,-18.4048690795898,0.961706161499023,8.03163225162269,31.5102103018292,14.022330554712,9.39340209960938,-12.2821931838989,-0.220276847481728,-109.094868668949,-77.437044318777,-91.4380510229002
19.49,-9.52859020233154,-18.2578296661377,0.5294069647789,9.32857162311316,-11.0656142337734,6.81558409113315,10.4068927764893,-11.6268911361694,-0.187903985381126,-116.655041136696,-50.4847421935023,-90.1503622888668
19.495,-8.79491424560547,-17.6748962402344,0.415971577167511,14.3320096241331,-56.6000871800761,0.16760070263808,11.3153047561646,-10.9972276687622,-0.55754953622818,-123.607039900366,-28.0596806954088,-89.8024802638706
19.5,-7.77206802368164,-16.6528034210205,0.434599190950394,23.6122935173615,-100.629955683363,-5.35959223887471,12.0567684173584,-10.554913520813,-1.20995461940765,-129.31968717876,-10.3740481887995,-90.1363194199333
19.505,-6.25349044799805,-14.8597650527954,0.206184893846512,36.8680258377461,-133.601819637386,-8.51444466367255,12.3990917205811,-10.6089649200439,-1.74751496315002,-132.487324010137,5.23313214016557,-90.6207642471948
19.51,-4.47254943847656,-12.5060214996338,-0.611648440361023,43.7339915386314,-150.108173880016,-10.6874420273554,12.2167530059814,-10.7336692810059,-1.74691355228424,-129.912984730824,20.5622264397154,-88.7290477339114
19.515,-2.60683846473694,-10.1549882888794,-1.53592002391815,43.0299868654052,-157.70399993523,-13.2503219567883,11.4097099304199,-10.6575918197632,-1.88849771022797,-124.398740787441,35.9512402813065,-84.0198303766735
19.52,-0.686902582645416,-7.99637985229492,-2.4112663269043,34.5373774627356,-158.350545642064,-16.4784016934515,10.0061864852905,-10.3491373062134,-2.39517498016357,-116.947578138847,50.9425526980953,-76.7881831778149
19.525,1.32230770587921,-6.35212373733521,-2.99563908576965,18.4160461062613,-153.645050737923,-20.2847670801566,8.23794078826904,-9.93229389190674,-3.62683176994324,-109.437949070958,63.0626038519725,-68.852425437798
19.53,3.23976707458496,-5.23197937011719,-3.40880298614502,1.21593460859459,-142.949452610925,-24.1403593477573,6.53704690933228,-9.59773731231689,-4.71445560455322,-104.026130644369,67.3158855915445,-62.6877835608897
19.535,5.10201930999756,-4.42411518096924,-3.59781622886658,-12.8918616763149,-130.912473632829,-27.4200078664278,4.91844654083252,-9.27105903625488,-5.39673519134521,-99.7730469802826,69.8490524905405,-56.6611593165398
19.54,6.91934108734131,-3.88013577461243,-3.47795462608337,-22.6097549358925,-118.946952093828,-30.0520298008286,3.43293023109436,-8.91360855102539,-5.71483278274536,-96.3930390770426,72.6621888436153,-50.1616400948148
19.545,8.68724536895752,-3.71734213829041,-2.57305264472961,-29.8006549337101,-105.906686628548,-33.3261936775955,2.42516851425171,-8.41884708404541,-6.81797647476196,-93.8935655012223,75.2826387300149,-42.7583639024922
19.55,10.0199375152588,-3.94511985778809,-1.06159746646881,-36.0128622479984,-93.8108450801843,-37.0547256436138,1.62402379512787,-8.24937915802002,-7.77598476409912,-90.1719320262657,79.3251340016111,-35.7281833784869
19.555,10.7331609725952,-4.48736524581909,0.599192261695862,-40.976111415942,-80.7978662206384,-39.9499779459851,1.06915783882141,-8.43138790130615,-8.45922470092773,-85.4179974205318,80.9716808746369,-30.1669750543708
19.56,10.668981552124,-5.31944751739502,2.13336896896362,-44.5251460105723,-65.3921286608645,-41.1290974080665,0.789272964000702,-8.97813034057617,-8.79733276367188,-79.6903305561533,77.9948726984811,-26.7455301009836
19.565,9.35446643829346,-6.40653562545776,2.76812934875488,-47.5021146961736,-39.6345290742626,-37.7666909023176,0.677952170372009,-9.52803039550781,-9.03006172180176,-73.2720154534707,68.96860695558,-25.6581947209688
19.57,7.52236080169678,-7.48422288894653,2.59440398216248,-51.7017760356664,-6.33960101447965,-31.5972849684631,0.449224382638931,-10.0611925125122,-9.05839347839355,-67.159344485957,58.7093691240865,-25.4619599710198
19.575,5.51432704925537,-8.5207633972168,1.74302673339844,-57.619974442037,32.0927810418017,-23.4146380880651,0.220860123634338,-10.4914531707764,-8.84788608551025,-61.8705992380218,48.2819344691869,-25.9506770816071
19.58,3.59152936935425,-9.48837089538574,0.276642322540283,-65.7565738945981,74.0670494728602,-13.7272458919999,0.0866174101829529,-10.743932723999,-8.35650444030762,-57.8687435919872,38.523475862355,-27.0022086099927
19.585,1.87293231487274,-10.3172769546509,-1.4174177646637,-76.1498063772288,115.429541275055,-3.24028848636118,0.446512162685394,-10.4285192489624,-7.74777364730835,-52.8246181540815,23.7892534734728,-29.1299918289173
19.59,0.170857921242714,-11.0225124359131,-2.82036423683167,-86.1895834005006,151.533757303202,6.53328554254735,0.859954059123993,-9.99789524078369,-7.03325462341309,-48.0949717010361,10.0386799241363,-30.8668747839057
19.595,-1.34434950351715,-11.5492839813232,-3.85401177406311,-95.2577796747164,180.82100740757,15.1600215043827,1.23005414009094,-9.6101770401001,-6.28626108169556,-44.0555056183368,-1.83676678763701,-32.0164707532997
19.6,-2.44429326057434,-11.8150177001953,-4.39171934127808,-102.503012119834,200.80858612675,22.0071034397602,1.43174576759338,-9.46732139587402,-5.59640741348267,-41.2313521701308,-10.5727896181739,-32.2868642821622
19.605,-3.5907564163208,-11.7926530838013,-4.6627368927002,-105.788155525692,207.487527587782,25.9012265120162,1.33902275562286,-9.82255172729492,-4.69809913635254,-39.3508747331266,-13.6616043589815,-31.2033401477043
19.61,-4.77283000946045,-11.5604381561279,-4.82038736343384,-105.674241630714,205.918277965594,27.6813548097345,1.27940034866333,-10.2575349807739,-3.87876152992249,-37.8007257349518,-14.8029238466488,-29.6672784146926
19.615,-5.92696952819824,-11.1579341888428,-4.84660148620605,-102.44610298367,196.364960675388,27.1444951107824,1.27041923999786,-10.6919412612915,-3.14927887916565,-36.5629622686566,-14.1659369895588,-27.9088837789133
19.62,-6.930983543396,-10.633936882019,-4.6771674156189,-96.2565923879933,177.954991729941,23.5738275995033,1.31616961956024,-11.0175399780273,-2.50947642326355,-35.7010367916306,-11.4945757268596,-26.2460486122643
19.625,-7.67923212051392,-10.140175819397,-4.32321643829346,-87.2289332865015,150.478001302815,16.6261625908609,1.39479303359985,-11.0693464279175,-2.00540852546692,-34.6832839637854,-8.1312889804814,-25.123047691951
19.63,-8.21587753295898,-9.74097061157227,-3.93464183807373,-76.9358450374814,119.063912253176,8.14530452865827,1.50489139556885,-10.9870843887329,-1.5542631149292,-33.7592584068256,-4.4531889968604,-24.3647737506745
19.635,-8.53989791870117,-9.44409942626953,-3.55309224128723,-66.5970491625356,87.3475600120062,-0.717280106373411,1.64678525924683,-10.7956991195679,-1.1818505525589,-32.9925491819242,-0.789414214445592,-23.8853576501895
19.64,-8.61293315887451,-9.25809574127197,-3.24586057662964,-59.1848117620219,64.0101696559067,-7.31704932291949,1.82480490207672,-10.5070304870605,-1.00052809715271,-32.4916811648034,2.03837070660393,-23.5240269827175
19.645,-8.38143634796143,-9.16391754150391,-3.08118486404419,-52.9139399529523,38.9451956473737,-14.0112425963681,1.97041869163513,-10.2711315155029,-1.02299904823303,-32.2037886912874,4.55347495689641,-22.991543727476
19.65,-7.90176820755005,-9.09025573730469,-2.98789477348328,-48.0202904126512,12.8328787239637,-20.6633149469789,2.09356951713562,-10.0272092819214,-1.14559316635132,-31.8095399271105,7.1897687477363,-22.4146010633796
19.655,-7.2087869644165,-9.02071666717529,-2.94528293609619,-44.8893146216444,-13.1140648054884,-26.9844108445629,2.18879508972168,-9.76776027679443,-1.38194692134857,-31.301616324577,9.84340566953933,-21.8868699122531
19.66,-6.4088020324707,-8.95011425018311,-2.9278838634491,-45.0839750129898,-33.9165405879381,-31.7630775652814,2.22066283226013,-9.51855850219727,-1.89936721324921,-30.9652397532377,11.5958930454603,-21.718796032252
19.665,-5.65217685699463,-8.92931652069092,-2.85909795761108,-47.05163298456,-50.1172404501152,-35.0766208977081,2.02517437934875,-9.38623332977295,-2.45549893379211,-30.7336553592392,14.1152911368632,-21.7213146645085
19.67,-4.91594886779785,-8.93023777008057,-2.76240134239197,-49.4010677948826,-63.3701877608657,-37.1055388359441,1.67626225948334,-9.34391403198242,-3.00394487380981,-30.4210854122519,16.2099018345364,-21.7664827054898
19.675,-4.19001531600952,-8.93925857543945,-2.64938974380493,-51.6318895400789,-74.1862635946336,-37.82851435959,1.19995319843292,-9.37697792053223,-3.52571201324463,-29.9561612656383,17.2632126272007,-21.8202772753928
19.68,-3.45160603523254,-8.91924858093262,-2.55524635314941,-53.4713516911171,-82.8409465561185,-36.8998203683325,0.63950777053833,-9.41984176635742,-3.99837017059326,-29.299114142956,15.7264695828193,-21.9517293886116
19.685,-2.71513676643372,-8.90458297729492,-2.45939564704895,-56.3216408581822,-89.7155046349796,-34.9119006405895,0.0730483680963516,-9.44579029083252,-4.38009595870972,-28.3771376427473,12.542323330445,-22.1416649965986
19.69,-1.97776448726654,-8.92666721343994,-2.31432461738586,-60.0539260131494,-94.6612036318508,-32.1340797806182,-0.397722005844116,-9.47139549255371,-4.63978052139282,-27.2437155613078,8.05359301735157,-22.4266802529267
19.695,-1.24740850925446,-9.00230979919434,-2.09502387046814,-64.6000589435748,-97.4133668862049,-28.658531191268,-0.705605387687683,-9.50313186645508,-4.76003932952881,-25.9243586551877,2.28239266163756,-22.832875017962
19.7,-0.694528877735138,-9.09903144836426,-1.85192286968231,-69.0754242840098,-96.5495596920626,-24.3755893552253,-0.702904045581818,-9.50052452087402,-4.84553098678589,-24.5817090964506,-6.3253955016665,-23.3872302464732
19.705,-0.0902538374066353,-9.24296951293945,-1.51755225658417,-73.1886598248399,-93.179571676335,-19.7766539398737,-0.516719400882721,-9.54627990722656,-4.82211589813232,-22.7184778871007,-14.232674767939,-23.3605959238047
19.71,0.555184066295624,-9.38498401641846,-1.14976298809052,-76.7973766124377,-87.4233819419826,-15.0179023432276,-0.138688325881958,-9.61035823822021,-4.76383495330811,-20.658277682466,-21.4249356809487,-22.9831562551752
19.715,1.23616087436676,-9.48584651947021,-0.792553544044495,-79.7573415421003,-79.2303856174447,-10.2138614697425,0.449591219425201,-9.66997528076172,-4.72748279571533,-18.6466230473572,-27.8468554159658,-22.4166415823941
19.72,1.6765022277832,-9.42097759246826,-0.533007144927979,-81.723834966417,-67.5106689262949,-5.97265379707577,0.94280344247818,-9.65866947174072,-4.72390842437744,-16.987826230055,-31.8775891018113,-21.2747893399716
19.725,1.99995183944702,-9.29409408569336,-0.321458786725998,-83.5731428351438,-53.8720174180192,-2.42005277648164,1.50031733512878,-9.6618537902832,-4.55805206298828,-15.6868083818564,-32.7293478422577,-19.8208777072023
19.73,2.21585631370544,-9.13982677459717,-0.144647315144539,-85.2668794851453,-38.5892744897243,0.357694979121158,2.12307715415955,-9.67273139953613,-4.30961036682129,-14.7101886607402,-29.8933713365984,-18.1582867198161
19.735,2.32768654823303,-8.99958419799805,0.01141656935215,-86.7448641196443,-21.8812913552485,2.19262348537609,2.81728839874268,-9.68336009979248,-4.07236242294312,-14.0409786786934,-22.4467849147487,-16.4008602633516
19.74,2.32344937324524,-8.96933460235596,0.0280350632965565,-87.255270495941,-9.44736910334719,2.95502179369419,3.34541773796082,-9.75560855865479,-3.84787797927856,-13.5316642788903,-14.800642563466,-15.1976626768986
19.745,2.2300922870636,-9.00909233093262,-0.0684956386685371,-87.2320273621955,4.02088924881737,3.22990489127547,3.63453960418701,-9.84325790405273,-3.63745284080505,-13.0085460667745,-5.81442392721597,-13.7399039400793
19.75,2.05157423019409,-9.10165405273438,-0.259501814842224,-86.7298923449837,18.5536983236992,3.05624455686355,3.66503977775574,-9.92474269866943,-3.40795707702637,-12.443929332809,4.16124963626113,-11.9596364772566
19.755,1.78359544277191,-9.22418785095215,-0.522314488887787,-85.7565630675002,33.7615806711434,2.39908665705064,3.38020730018616,-9.96341705322266,-3.09447407722473,-11.7992568053555,14.4461403776167,-9.77930605172605
19.76,1.4183965921402,-9.33307075500488,-0.815292775630951,-84.1217572896576,45.8429729543183,1.31335103540554,2.88011384010315,-9.93737602233887,-2.92711448669434,-11.176802883272,19.3861942231389,-8.21641192055998
19.765,1.01899981498718,-9.40921974182129,-1.12067031860352,-82.0385837437496,55.682417114139,-0.0345587061424815,2.28658437728882,-9.90540218353271,-2.80730533599854,-10.3534637061884,21.1496244158838,-7.0110380650827
19.77,0.61039674282074,-9.44383239746094,-1.42480361461639,-79.5797361331125,63.2720720934384,-1.6623110563519,1.66676568984985,-9.87600421905518,-2.74331998825073,-9.35804218183447,19.7789727890969,-6.1414410049583
19.775,0.241537034511566,-9.41446971893311,-1.69434988498688,-76.8450718234119,68.0629580225821,-3.70725592675367,1.16930389404297,-9.85278415679932,-2.8001446723938,-8.33982148603106,14.3246432651132,-5.66940791207919
19.78,-0.0821106135845184,-9.33194160461426,-1.88797533512115,-73.7124260511531,70.3691304147019,-6.15354580771486,0.957985520362854,-9.80215167999268,-2.96873760223389,-7.68808910429668,6.63426604744458,-5.45552352642801
19.785,-0.341015249490738,-9.20617294311523,-2.01919031143188,-70.437794306428,71.4465722657039,-8.70138437993486,0.96773362159729,-9.75588130950928,-3.15430688858032,-7.29194410885146,-0.405245181977626,-5.33236155531434
19.79,-0.531261205673218,-9.04838848114014,-2.0902214050293,-67.1721032793265,71.6987018687258,-11.238057727296,1.17029178142548,-9.72340488433838,-3.32663083076477,-7.0953196112329,-5.76057599646005,-5.21616381583314
19.795,-0.654106199741364,-8.90104293823242,-2.0979483127594,-64.3637207379141,71.7521344386028,-13.5373666330736,1.49887275695801,-9.71695995330811,-3.4394679069519,-6.9474844355162,-7.49650912826699,-4.88348536504251
19.8,-0.726901650428772,-8.82283496856689,-2.08453130722046,-62.0316072873266,72.2392157188839,-15.4556064784514,1.69533169269562,-9.70483303070068,-3.4738872051239,-6.72738543149395,-5.97081476864175,-4.35048685740551
19.805,-0.786614179611206,-8.76900959014893,-2.06974768638611,-60.1456076423784,73.0305477757432,-17.0088205240163,1.78593599796295,-9.69796562194824,-3.4399471282959,-6.35800709363237,-2.90011667772081,-3.86167967369849
19.81,-0.846047461032867,-8.72450733184814,-2.06446290016174,-58.7250444082317,74.0365663385944,-18.1805941176454,1.77853715419769,-9.69716453552246,-3.34861445426941,-5.85660632175632,0.893088802083569,-3.53161803913362
19.815,-0.909244179725647,-8.68581867218018,-2.10155415534973,-57.8957091788304,74.8207335270144,-18.8867639608384,1.69017338752747,-9.67748641967773,-3.27704644203186,-5.61034769321292,3.16328514710187,-3.59327757186591
19.82,-0.979459226131439,-8.68026351928711,-2.13065195083618,-57.7100441466219,75.0259192398708,-19.1679440659476,1.49805378913879,-9.69748878479004,-3.26641702651978,-5.33316709074957,6.09008950834403,-3.64869858056504
19.825,-1.08271431922913,-8.706130027771,-2.15928292274475,-58.1429551965957,74.51579290133,-19.0660308133418,1.2507232427597,-9.7454137802124,-3.27106308937073,-4.85351705628543,9.68724790831898,-3.72013254088644
19.83,-1.23316442966461,-8.76143550872803,-2.19237065315247,-59.233026067373,73.1612297851331,-18.5783655518867,0.977565765380859,-9.81491565704346,-3.26649308204651,-4.08090697482792,13.8776517801655,-3.82424852949953
19.835,-1.40534746646881,-8.79528522491455,-2.24751019477844,-61.2943634985045,70.648225604567,-17.6421481072584,0.801527559757233,-9.87553405761719,-3.23037719726563,-3.21865663692952,16.4723638062252,-4.03366084879165
19.84,-1.59807527065277,-8.80498790740967,-2.30626010894775,-63.3584534958716,68.3940582727877,-16.8842054301567,0.675361692905426,-9.93660545349121,-3.24663591384888,-2.65247877785189,17.1011373608382,-4.27468797931764
19.845,-1.8088618516922,-8.78312206268311,-2.38789010047913,-65.660917095272,65.9676199097623,-16.1221441489855,0.584789574146271,-9.98534107208252,-3.29052710533142,-2.33820363144962,16.6402822994226,-4.67586725106798
19.85,-2.03683400154114,-8.72185039520264,-2.50913786888123,-68.403873254625,63.0152091693217,-15.210542706126,0.52062577009201,-10.0108108520508,-3.34405016899109,-2.25609856776713,15.7205614691873,-5.34930938907925
19.855,-2.20417714118958,-8.6318883895874,-2.64488554000854,-72.43197731764,59.2704964851597,-14.036215475521,0.472258657217026,-10.0730485916138,-3.27116656303406,-1.85366766385139,16.8950739686735,-6.13765708015812
19.86,-2.31430435180664,-8.54129695892334,-2.78189373016357,-77.1780298850717,55.3442646936155,-12.9553021808733,0.428922027349472,-10.1614818572998,-3.13750648498535,-1.41390326609747,18.3630250552818,-6.99541827622453
19.865,-2.3589916229248,-8.46555423736572,-2.87517619132996,-82.3722316545155,51.0221995340068,-12.0269334773751,0.370203584432602,-10.2401256561279,-2.93929433822632,-1.00084341389442,19.3459541636438,-7.8769967688136
19.87,-2.32287240028381,-8.42525196075439,-2.86484837532043,-87.7100654720155,46.0045718149862,-11.3371347438489,0.269273996353149,-10.263014793396,-2.6668221950531,-0.697000260871438,18.828483664198,-8.72693697139352
19.875,-2.1908757686615,-8.4838924407959,-2.79142713546753,-92.4901255513247,39.8361938246019,-11.0061958568625,0.0556160435080528,-10.2019729614258,-2.33584380149841,-0.478970323920023,18.3540621395435,-9.22581313459761
19.88,-1.99405241012573,-8.56785869598389,-2.71294355392456,-96.8835900934221,34.0507742956963,-10.8419588356277,-0.147139072418213,-10.0982084274292,-2.1401207447052,-0.768046287792324,18.7811180098512,-9.78012908952104
19.885,-1.73948001861572,-8.6549186706543,-2.59154272079468,-100.598523152803,28.9264624369347,-10.7567607634682,-0.384457886219025,-9.93883895874023,-2.02759122848511,-1.47121869179593,19.8990014109289,-10.4750794932287
19.89,-1.43122172355652,-8.71102428436279,-2.34487175941467,-102.992347362541,24.8984386286424,-10.6130493144629,-0.759139537811279,-9.6892671585083,-1.88797283172607,-2.4115015930842,21.2909478600006,-11.4441040439878
19.895,-1.04374217987061,-8.77902698516846,-1.96413123607635,-103.150479902206,20.8445830449092,-10.7058348730166,-1.24786865711212,-9.39790534973145,-1.6154443025589,-3.20026998112725,22.0140360817677,-12.3872601070391
19.9,-0.709877192974091,-8.85651016235352,-1.6431473493576,-101.899421472691,17.0294357424787,-10.870075309346,-1.70635807514191,-9.13080501556396,-1.35598576068878,-4.46675375255205,22.4392256028848,-13.9779078581239
19.905,-0.429276525974274,-8.96272277832031,-1.40214133262634,-99.3824694427846,13.8274644039179,-11.1041228403139,-2.09568810462952,-8.90405654907227,-1.14458346366882,-6.29226140022912,22.6896971774856,-16.3199413047072
19.91,-0.15746034681797,-9.15714931488037,-1.23672676086426,-95.6008805672937,12.2875769111973,-11.4695430835515,-2.34881782531738,-8.74411869049072,-1.03430092334747,-8.73533468897805,22.9730083016158,-19.53904361148
19.915,0.122860208153725,-9.48313426971436,-1.12968480587006,-90.5070279371357,13.1453530483026,-12.044376072968,-2.5482189655304,-8.7612247467041,-0.90977668762207,-11.4122497492461,23.7728149156879,-23.0862289323926
19.92,0.370180726051331,-9.87393093109131,-1.04052674770355,-84.1387371399342,15.2618715777386,-12.6602772823165,-2.69332528114319,-8.88470840454102,-0.724056899547577,-14.1571217766613,25.3884312770573,-26.6687365765978
19.925,0.582467377185822,-10.2954940795898,-0.950390875339508,-76.5563187460605,18.5761406177645,-13.202083745775,-2.76111698150635,-9.07607555389404,-0.480135053396225,-16.9693334928772,27.7989587144111,-30.1991145095103
19.93,0.791733145713806,-10.6556844711304,-0.811744332313538,-68.0033987730196,23.9424631542927,-13.3007057009745,-2.64473819732666,-9.22634887695313,-0.238935202360153,-20.0118924850781,30.6075393313095,-33.5620093737848
19.935,0.916664898395538,-10.9330625534058,-0.613770246505737,-59.2501561818114,31.8643214593485,-12.7850699610945,-2.46488070487976,-9.31264400482178,-0.0601621828973293,-23.3008044478104,33.176318836638,-36.8493179496094
19.94,0.947090804576874,-11.1408433914185,-0.381081879138947,-51.6401882199204,39.8822258845132,-12.1324317255214,-2.30614829063416,-9.3787317276001,0.0435180477797985,-26.5460390583477,35.9954862467499,-40.1491428470881
19.945,0.870173513889313,-11.2771263122559,-0.139663502573967,-45.3069977648636,47.5961937218014,-11.4836243722991,-2.20411109924316,-9.4450569152832,0.0773590058088303,-29.6215468831048,39.2198512142782,-43.5066623524858
19.95,0.634813070297241,-11.3077735900879,-0.0383812189102173,-37.3378813809404,58.5459636783831,-10.6871252773327,-2.20538568496704,-9.55983829498291,0.136993274092674,-32.3274731718725,42.6771734438282,-47.0378223420582
19.955,0.196565464138985,-11.2549877166748,-0.188834652304649,-27.9700566606672,71.9385917727549,-9.89361182880716,-2.2003927230835,-9.67463207244873,0.154822021722794,-34.5684514083645,42.9447768404147,-51.1478647694513
19.96,-0.40398582816124,-11.1448526382446,-0.52445787191391,-18.3330849210551,85.5543962982569,-9.27353737387578,-2.18105292320251,-9.77420902252197,0.10647651553154,-36.5427107577676,40.6050477289027,-55.7350266462211
19.965,-1.15206384658813,-10.9878616333008,-1.01627373695374,-9.03936860705012,98.1135500685905,-8.94559096351949,-2.14540648460388,-9.85143947601318,-0.0271919518709183,-38.3335590373882,35.9050135610039,-60.7430852702145
19.97,-2.00492262840271,-10.7824716567993,-1.58989989757538,-0.650550652286267,107.443117191775,-9.25341136771269,-2.14926409721375,-9.9378490447998,-0.293183028697968,-39.8241419558114,30.3659794460283,-65.6498795095733
19.975,-2.82349300384521,-10.60866355896,-2.19060730934143,6.75821007521822,113.7750030807,-9.77688218834435,-2.20029449462891,-10.1091070175171,-0.603655576705933,-40.7658030612081,26.2032899205127,-69.2951651299874
19.98,-3.55921673774719,-10.4665641784668,-2.78781080245972,13.0730187836712,117.145120870022,-10.4186442014378,-2.2287905216217,-10.3210353851318,-0.914804756641388,-41.5626300052547,22.0115840438557,-72.5044183039771
19.985,-4.16837310791016,-10.3582162857056,-3.35695266723633,18.136249114459,117.400720209143,-11.1084454962849,-2.17789173126221,-10.5409622192383,-1.19180703163147,-42.5273600745732,16.670529792162,-75.9079493787187
19.99,-4.49572229385376,-10.2205448150635,-3.71428394317627,20.5307204846215,112.647031490219,-11.7736427421943,-2.02280211448669,-10.6422414779663,-1.50423395633698,-43.9233824390321,10.9052320005514,-79.5583644711995
19.995,-4.61307001113892,-10.0744781494141,-3.83082032203674,21.0809536939685,105.165494990386,-12.4735074670098,-1.82789635658264,-10.6527681350708,-1.77436482906342,-44.9405922668383,6.7197847116082,-82.9818670190742
20.0,-4.57823657989502,-9.93423938751221,-3.761470079422,20.1132798131178,95.4660731236451,-13.2499240982691,-1.61724829673767,-10.5742845535278,-2.04181504249573,-45.7487846456638,4.46522122885703,-86.2597635942225
20.005,-4.45216369628906,-9.81814861297607,-3.56092143058777,17.9209427688,84.018887810568,-14.1614085741391,-1.41989326477051,-10.4021301269531,-2.35615158081055,-46.5452222689277,4.73111494371692,-89.4830049956324
20.01,-4.24402141571045,-9.72013759613037,-3.20694398880005,15.349929791613,72.4656569804373,-15.2055583755791,-1.29972720146179,-10.1867513656616,-2.62555265426636,-47.3106781541165,7.94632489643652,-92.8817344473874
20.015,-4.06730699539185,-9.64957523345947,-2.86920499801636,13.0446717910683,62.0251322679934,-16.224692609184,-1.22116219997406,-10.006422996521,-2.92464303970337,-47.9611273140606,11.955172948634,-96.3759431135501
20.02,-3.97809553146362,-9.63439273834229,-2.60288977622986,11.1105338266236,53.1050657214022,-17.0377907713809,-1.17101240158081,-9.90142822265625,-3.24504327774048,-48.4918671635164,16.3527159674395,-100.003586355338
20.025,-4.07990217208862,-9.73235988616943,-2.5022189617157,9.71838332565048,46.5097838324191,-17.2967795918768,-1.13103115558624,-9.94778633117676,-3.56526327133179,-48.8902174562899,20.6395202754579,-103.859023236135
20.03,-4.34861850738525,-9.98269081115723,-2.47735261917114,8.38194070132159,42.6049441933553,-16.7094738232622,-1.14557874202728,-10.240514755249,-3.97129511833191,-49.0594661288282,24.8079556976127,-107.733092872988
20.035,-4.61588478088379,-10.263111114502,-2.41677069664001,6.57757761176759,39.9680813623802,-15.6509464736192,-1.20964002609253,-10.5745210647583,-4.22845268249512,-49.006808785422,28.3154593269948,-111.532467561078
20.04,-4.82526731491089,-10.5412082672119,-2.29434514045715,4.44921254610299,38.3105071489394,-14.3215090620578,-1.33265948295593,-10.9395484924316,-4.28169202804565,-48.8844869275762,30.7329894157951,-115.233719751551
20.045,-4.86855936050415,-10.7669458389282,-2.06899857521057,2.57647371342845,37.3987144607832,-13.1428677132183,-1.54929554462433,-11.3831615447998,-4.03768396377563,-49.1264327185456,30.9106494662963,-118.793737290367
20.05,-4.68327617645264,-11.2802820205688,-1.73977041244507,0.480992860327141,35.9430850354375,-11.4761393387424,-1.84160399436951,-11.8019485473633,-3.77602887153625,-49.3199661286779,31.5682020229772,-121.942044686392
20.055,-4.43550682067871,-11.9805212020874,-1.63935923576355,-0.40038011293702,34.3151811637513,-9.34950103027737,-1.9996817111969,-12.2287130355835,-3.35595846176147,-49.3467882815486,32.4609897097679,-124.514813022196
20.06,-4.17990350723267,-12.7759771347046,-1.86467063426971,0.699008176404863,32.897247552435,-6.72963085618359,-1.94178199768066,-12.677417755127,-2.82042002677917,-49.3416144132523,33.6107154527562,-126.621516569795
20.065,-4.00542402267456,-13.3394689559937,-2.53523182868958,5.92002505508671,33.1015658312668,-3.43285627849958,-1.49632215499878,-13.1804256439209,-2.51060104370117,-50.0514418227459,35.3633351635923,-128.936909717294
20.07,-3.73534917831421,-13.5286645889282,-3.10102772712708,13.01459078419,32.1975527285751,-0.0305744647005427,-0.905003428459167,-13.6336860656738,-2.12404942512512,-50.8013214615324,36.0433112313183,-131.361148759407
20.075,-3.42158365249634,-13.5645599365234,-3.58208560943604,19.3794118452931,30.39682458032,3.08039994775012,-0.434249937534332,-14.0128526687622,-1.74048364162445,-51.5850241970888,36.7589408865118,-133.577982277183
20.08,-3.09861707687378,-13.5546569824219,-3.9721884727478,24.0817631548678,27.762437692919,5.63520616669718,-0.199443936347961,-14.3102073669434,-1.37098896503448,-52.3613366679633,38.1649045913077,-135.518288756222
20.085,-2.91054964065552,-13.7895545959473,-4.18771553039551,27.0013428835154,24.441145510879,6.6790247039625,-0.360836952924728,-14.5494680404663,-0.884277582168579,-52.809250228449,42.4419758797588,-137.550570562624
20.09,-2.82311391830444,-14.1075448989868,-4.30593299865723,32.468864917881,20.1529205235133,6.73392619139788,-0.4798783659935,-14.7577896118164,-0.376561731100082,-53.1305662326685,42.7539072040587,-140.752549585147
20.095,-2.71331167221069,-14.4337549209595,-4.35523176193237,40.5893280485279,15.1267875114287,6.62144194039106,-0.582014203071594,-14.9926443099976,0.195710822939873,-53.511502958153,41.2390976046496,-144.648653412263
20.1,-2.51832914352417,-14.726300239563,-4.34730672836304,51.4428503944204,9.39414570801351,6.81166569698368,-0.673850893974304,-15.2826118469238,0.865541398525238,-54.0773875459831,38.9556014405742,-149.013185273036
20.105,-2.29836750030518,-14.9343299865723,-4.29184722900391,62.8212932685959,2.08226961306007,8.12914515485567,-0.649474918842316,-15.5696382522583,1.74864959716797,-55.2554278381757,36.4603113556205,-153.607648622028
20.11,-1.94720101356506,-15.0660667419434,-4.28758430480957,72.9697590921301,-5.54946210629095,10.2801382103537,-0.522783517837524,-15.7048187255859,2.71573567390442,-57.3960398599089,31.6201148757639,-157.923713460451
20.115,-1.47632908821106,-15.1026058197021,-4.36517477035522,82.4585106041111,-12.8328112758456,13.1491156287616,-0.373650074005127,-15.7384243011475,3.65411424636841,-60.5742976354451,26.075486835858,-161.588929572863
20.12,-0.887575626373291,-15.0230693817139,-4.554030418396,91.7010133059457,-19.2145857202423,16.6880816707817,-0.264273345470428,-15.7042455673218,4.47233915328979,-64.9135099849651,21.0889757511487,-164.267033086047
20.125,-0.096753254532814,-14.8228626251221,-4.64509630203247,102.576757672303,-24.4747568717847,20.7447086037707,-0.24682728946209,-15.6078824996948,5.24743318557739,-70.2428948584617,17.5002099461164,-165.536369101781
20.13,0.80416214466095,-14.6793746948242,-4.53162717819214,114.472454187418,-28.2678819367837,24.3988154134979,-0.570773065090179,-15.603196144104,5.82783794403076,-73.7671563569724,15.9329325410505,-165.866417502854
20.135,1.74253904819489,-14.6050357818604,-4.24037981033325,126.993912143722,-30.1244093154633,27.4198900456646,-1.01910209655762,-15.7383117675781,6.13886737823486,-74.7859542037607,17.7002849699263,-165.16844047157
20.14,2.63000416755676,-14.6207809448242,-3.79129695892334,139.694020527957,-29.3054218226545,29.4696093250179,-1.32873070240021,-16.084451675415,6.06596279144287,-72.2266276802436,24.7086191338713,-163.251862069708
20.145,3.21616363525391,-14.0722312927246,-3.04704308509827,148.590068714332,-27.005970336678,30.360583596584,-1.8115941286087,-16.5055236816406,3.65828824043274,-68.1898014656584,18.7458400827881,-162.701840596225
20.15,3.66177415847778,-13.1186676025391,-2.13280010223389,158.286929260134,-23.0680384310855,31.1186458019962,-2.73499846458435,-17.3917102813721,2.33688831329346,-66.4188290365225,16.6844804535418,-162.513463978916
20.155,3.98815536499023,-11.9103670120239,-1.21501004695892,168.664882609592,-17.8344606210766,31.8370553441819,-3.56080436706543,-18.3832321166992,2.30663251876831,-66.2771982338931,20.1559309293899,-163.743540067301
20.16,4.20622968673706,-10.6884851455688,-0.595485866069794,179.083994678988,-11.835062364532,32.5803609258923,-3.23096871376038,-18.7684192657471,3.73149514198303,-66.3363613324838,31.0575941561,-168.649555665094
20.165,4.18177795410156,-9.80716705322266,-0.524829745292664,187.292352098969,-6.25350989508623,33.2902839580342,-0.975674450397491,-17.3833770751953,1.71925008296967,-68.2908267936721,24.2928484436197,-176.010218307185
20.17,3.95462656021118,-9.31066989898682,-0.68588387966156,195.033032806101,0.276465620395459,34.0529258052849,0.939540684223175,-15.5024366378784,-0.866885483264923,-70.077146657873,9.00629768486257,-179.453644516869
20.175,3.55030965805054,-9.2371072769165,-1.03291392326355,202.83167449853,8.03035927511613,34.8371510503128,2.00861191749573,-13.4393692016602,-3.21911454200745,-72.0311476661978,-11.4383829067842,-177.81271888953
20.18,3.0125195980072,-9.71971416473389,-1.56511151790619,211.588837618322,17.4240533368708,35.5230284014818,1.50626063346863,-11.6270141601563,-4.00738859176636,-75.8953545098892,-31.0501902310397,-169.547056182412
20.185,2.50121712684631,-10.4668426513672,-2.21116280555725,220.99597519991,27.1816854908131,36.1250002937917,0.348163962364197,-10.1749868392944,-5.25780296325684,-82.4493308298666,-47.6442919139366,-158.518062861647
20.19,2.07517004013062,-11.1953048706055,-2.84882426261902,229.763137716647,36.1809634487562,36.6547395205341,-0.666318297386169,-9.21859455108643,-6.63954782485962,-88.6808744096953,-65.9248560953688,-147.677582761975
20.195,1.76254141330719,-11.8038311004639,-3.42044281959534,237.366067168598,43.5371249961841,37.07841615475,-1.30859339237213,-8.79501152038574,-7.91096973419189,-93.413389542192,-87.2201633236072,-137.801033599488
20.2,1.63599264621735,-12.1030130386353,-3.77921271324158,242.648289585876,46.2435737944233,37.2264980710505,-1.31125462055206,-8.94240951538086,-8.27516269683838,-94.1683235209644,-113.02466581924,-129.555260403234
20.205,1.60368955135345,-12.3098516464233,-4.0511326789856,246.090568323779,43.3887391364656,37.3709634021854,-0.8263800740242,-9.50091361999512,-7.93280410766602,-91.5061616693035,-131.484542956952,-119.92260363563
20.21,1.60164070129395,-12.4903011322021,-4.20524930953979,248.617902241224,37.5603440573023,37.8487078138711,-0.137000158429146,-10.1942090988159,-7.39535665512085,-87.9141515244155,-142.609609718582,-110.716697087368
20.215,1.60097527503967,-12.6627779006958,-4.22104597091675,250.463528637988,29.8869407134948,38.8761116990136,0.646332859992981,-10.8858661651611,-6.86135578155518,-83.9998657337295,-146.633178535988,-102.139215754072
20.22,1.53913736343384,-12.7998418807983,-4.04895114898682,251.179195859222,23.0241203147223,41.1743576566016,1.36640918254852,-11.2106103897095,-6.56132745742798,-78.0165175679608,-147.228743710857,-90.7092698384598
20.225,1.4187548160553,-12.8815593719482,-3.80886650085449,249.832446479435,18.3318554870045,44.5198423686818,2.11251497268677,-11.0479278564453,-6.88786125183105,-68.0057142071482,-142.022541299041,-76.2767522731427
20.23,1.27857148647308,-12.9164409637451,-3.51735973358154,246.461310991927,15.3587373205477,48.3757368721533,3.00712203979492,-10.4234256744385,-7.80203151702881,-55.706561832855,-133.430081360895,-61.6119946156668
20.235,1.14153647422791,-12.9101896286011,-3.18090653419495,241.114365702074,13.9370112466948,52.4030759539812,4.14998149871826,-9.33838272094727,-9.25120162963867,-42.4792857881,-122.806814937208,-48.3386933411897
20.24,1.07246482372284,-12.9314136505127,-2.81010413169861,236.328725358213,13.6162741010074,55.0900279772346,6.02464199066162,-8.03435611724854,-10.0700387954712,-38.5751838094666,-114.990086903857,-39.5972430715835
20.245,1.02691519260406,-12.9804306030273,-2.53352618217468,230.399984554859,13.1151960555697,57.9876298646804,8.29570770263672,-6.78247213363647,-10.4081201553345,-43.4714356518415,-107.785261857869,-32.9126667044863
20.25,0.978821456432343,-13.0207386016846,-2.34904718399048,223.284839892673,12.2982320063026,61.0939384274997,10.5164575576782,-5.7060341835022,-10.6143560409546,-53.9983520120023,-105.741211635526,-27.1318046193045
20.255,0.907281696796417,-13.0227527618408,-2.26061391830444,214.876166684714,11.0381568733099,64.42020640235,12.3282566070557,-4.91392230987549,-10.9583768844604,-67.9778606957129,-112.794426972508,-21.3921798012366
20.26,0.806044816970825,-12.9309253692627,-2.22673773765564,205.859729584028,9.49025159227747,66.9503065464087,12.7531251907349,-5.29260921478271,-10.1345624923706,-75.7428022347769,-118.128108034992,-13.0433381966329
20.265,0.726356685161591,-12.8107662200928,-2.19581174850464,196.826818067065,8.18216962092977,68.6666101414279,12.5362424850464,-5.96428966522217,-8.79137897491455,-74.7584012206489,-102.873433769091,-3.40937878388813
20.27,0.659454166889191,-12.6436576843262,-2.15690732002258,187.986927696046,7.38238008233066,69.567730659006,11.8139381408691,-6.70934152603149,-7.46231365203857,-66.9817868882933,-70.9874059685606,7.16790189710851
20.275,0.59531033039093,-12.4025945663452,-2.09567975997925,179.618101811704,7.46729214031861,69.5892116039457,10.7186222076416,-7.2574725151062,-6.8187313079834,-54.3494578862868,-26.1622797571887,18.3316266756673
20.28,0.534190773963928,-12.1203441619873,-1.91783607006073,172.680022973562,7.35160154238329,68.8223247941258,9.84578609466553,-7.43498849868774,-6.75128316879272,-38.7065966490976,10.8279868299068,29.3911441118328
20.285,0.433251917362213,-11.820294380188,-1.6838766336441,166.997264602976,6.32878327549482,67.4967763215231,8.94457244873047,-7.32739877700806,-6.63111686706543,-22.7008116028125,38.7619860681719,40.5922786902493
20.29,0.287669748067856,-11.4869432449341,-1.42181944847107,162.501661412031,4.28740963353362,65.5995615059578,7.99659824371338,-6.9643406867981,-6.41380786895752,-8.16970708701543,57.7346464880123,51.0818646515015
20.295,0.0881147384643555,-11.0849485397339,-1.17542541027069,159.207461175333,0.983507219842168,63.0216978490333,6.98851442337036,-6.36607360839844,-6.0711498260498,1.52839879437145,67.1111028598491,59.1425875325729
20.3,-0.0778777673840523,-10.7816429138184,-1.01748740673065,157.081086682925,-3.7617023528356,59.7490195384108,6.21650314331055,-5.66900110244751,-5.4434700012207,10.1265921427172,72.8374036863936,68.8314362664786
20.305,-0.173488289117813,-10.4861135482788,-0.832279205322266,155.953654677388,-9.7011370979962,56.0805864068995,5.58838605880737,-4.88050842285156,-4.8146071434021,18.9028832072796,74.4760070494147,80.2528717663848
20.31,-0.178075477480888,-10.18053150177,-0.600633263587952,155.683028922094,-16.72420141866,52.1267777265813,5.09509086608887,-4.0116548538208,-4.26745271682739,27.6678873842386,71.2915064809771,93.2114549993806
20.315,-0.0367057360708714,-9.84516525268555,-0.304650038480759,155.994963661488,-24.6975149538282,48.0740405863246,4.75600385665894,-3.08461952209473,-3.94735789299011,35.4049071099756,60.8651885620068,107.240397177209
20.32,0.199061825871468,-9.57113361358643,0.0105236731469631,156.568453664959,-32.6124559848021,43.8052987135663,4.57509708404541,-2.26596260070801,-3.80792951583862,42.6105620239477,47.0729978162838,121.794075468213
20.325,0.431403577327728,-9.35532855987549,0.312676727771759,157.348297343634,-40.0677440676545,39.5165853676749,4.52799558639526,-1.55222392082214,-3.88903784751892,49.5890277706522,33.3868252668577,136.12669468673
20.33,0.629634380340576,-9.19264602661133,0.581070423126221,158.221345783724,-46.6503115594976,35.3192736132565,4.61296463012695,-0.961548268795013,-4.16677951812744,56.4469236030331,20.9050131435909,149.981227984102
20.335,0.748380780220032,-9.06237125396729,0.751135587692261,158.714867932392,-50.833805841225,31.5370666056457,4.84628582000732,-0.58206969499588,-4.48973035812378,63.3776190066826,11.2813175841779,162.903986874901
20.34,0.780731976032257,-8.97563362121582,0.806667268276215,158.636689587152,-52.7398247706304,29.1429623581512,5.17043447494507,-0.461806297302246,-4.63318157196045,70.6300846221314,6.82760180897779,175.152961264457
20.345,0.751997411251068,-8.86347198486328,0.801160991191864,157.911487421837,-52.8720401574889,27.191585850015,5.46969413757324,-0.493068903684616,-4.64046382904053,78.1662831258917,5.2917466891885,186.722072284408
20.35,0.673316061496735,-8.70329856872559,0.75308233499527,156.453105430256,-51.2861453642928,25.4053991745029,5.69271659851074,-0.633432805538177,-4.53993701934814,85.823929223284,5.50604857015271,197.572005365891
20.355,0.579470336437225,-8.51043319702148,0.678302705287933,153.941221400714,-47.4861320535158,24.0531822282859,5.75316715240479,-0.801763594150543,-4.47335290908813,92.338317766832,3.592743963337,207.574981329915
20.36,0.457389771938324,-8.25821781158447,0.612664997577667,150.650217692548,-42.6719244434511,23.028455777298,5.77263069152832,-1.15551948547363,-4.54772901535034,98.7732575499545,3.84212740342568,216.790094973178
20.365,0.32868880033493,-7.97981643676758,0.546233832836151,146.500331356632,-37.6355615155371,22.2374635223499,5.78345584869385,-1.63983952999115,-4.72381830215454,105.874407154531,8.01444664189729,225.581053868983
20.37,0.201925098896027,-7.6903190612793,0.474972307682037,141.373646007133,-32.8362710386197,21.6360397527209,5.81014013290405,-2.23167514801025,-4.97817468643188,113.917596940003,17.0128486280793,233.995068284873
20.375,0.0324200242757797,-7.37247085571289,0.421395540237427,134.764399796392,-29.237905402709,21.0860609679204,5.99496698379517,-2.90676093101501,-5.15989255905151,120.117947045892,26.4487020324859,239.850562139569
20.38,-0.164012476801872,-7.00540685653687,0.416774332523346,127.203735555025,-26.6311722437101,20.3780077000637,6.18571138381958,-3.64394164085388,-4.99190425872803,127.283348239991,38.1265906451585,246.559146621598
20.385,-0.381903409957886,-6.6130428314209,0.438025921583176,118.907418958912,-24.8390296432417,19.5532913860887,6.23605251312256,-4.32654666900635,-4.53697776794434,136.404533121787,51.3550824635857,254.524021458047
20.39,-0.618213653564453,-6.21286487579346,0.468362420797348,110.002109036023,-23.7704482551405,18.6377318486051,6.02093410491943,-4.85837411880493,-3.8275032043457,148.389739265976,65.67879170033,264.142976866176
20.395,-0.852017402648926,-5.81014490127563,0.525697231292725,100.546388318868,-23.736440743263,17.31621489516,5.01298475265503,-4.86513328552246,-3.50974345207214,160.045853235574,74.9331106294286,274.735835287679
20.4,-1.0190452337265,-5.50951385498047,0.57305121421814,90.9462295913351,-24.4443300865796,15.8741468104115,3.97535371780396,-4.77687788009644,-3.26310086250305,169.260830275054,76.0080048198702,284.482214704963
20.405,-1.14975225925446,-5.2803053855896,0.610849380493164,81.3359280328845,-25.8523445556737,14.1999581618146,3.16513514518738,-4.75832414627075,-2.9882800579071,176.073356575873,68.1649259167013,292.2319112618
20.41,-1.27960908412933,-5.08948278427124,0.638890564441681,71.8833901838829,-27.9618638487578,12.1356077634855,2.92283868789673,-5.02178430557251,-2.55835747718811,180.347238165981,49.7899548605611,296.386305522569
20.415,-1.40134394168854,-4.88204765319824,0.621385991573334,62.6806528433962,-30.9295554299189,9.64920887728388,3.64209032058716,-5.81276035308838,-2.31738781929016,182.715483317278,21.192497513304,295.444231190727
20.42,-1.46889793872833,-4.69421815872192,0.530907213687897,53.3240689069495,-34.105658280772,7.03221378594386,4.7156343460083,-6.7632007598877,-2.27356791496277,186.066647331653,-9.01907782257331,292.244451489116
20.425,-1.47626805305481,-4.52175331115723,0.379073202610016,43.7421775203516,-37.2604133753742,4.36235217665429,6.00967407226563,-7.75647354125977,-2.40728545188904,190.917215453765,-38.0658156219237,287.548177340355
20.43,-1.41059350967407,-4.35442399978638,0.184327825903893,33.8183532035246,-40.0246421588971,1.75065859277066,7.35783290863037,-8.61484336853027,-2.69920468330383,198.099555517005,-61.4658490579961,282.341250928488
20.435,-1.24772942066193,-4.20966148376465,0.0063674449920654,23.7353052243135,-41.5297665500632,-0.451209927173006,8.29897403717041,-9.07007598876953,-3.09252762794495,206.83570897491,-69.3338103403114,278.997818688253
20.44,-1.02703738212585,-4.08480262756348,-0.136590883135796,15.4084901260094,-42.2259950529193,-2.0637111353115,9.17967796325684,-9.36014270782471,-3.84149599075317,215.252004673983,-62.984767016191,277.762483354208
20.445,-0.766104578971863,-3.97753310203552,-0.244298830628395,8.36036754882811,-42.176991860719,-3.18244724281834,9.94050312042236,-9.55428314208984,-4.90212059020996,222.290774160869,-45.2798784987641,278.364250340843
20.45,-0.498122602701187,-3.88368463516235,-0.319453835487366,0.621433555854503,-41.336479026741,-4.10593321483367,10.2716054916382,-9.75866413116455,-6.08231449127197,225.431336122376,-23.0320006454773,280.092779974476
20.455,-0.255072504281998,-3.84402465820313,-0.37077534198761,-8.00917885849992,-40.4908333056017,-4.78607107266567,10.1956186294556,-10.1198682785034,-6.76851177215576,226.408763513362,8.06411236244704,281.824943268748
20.46,-0.0537863858044147,-3.86566877365112,-0.407561928033829,-16.4766753631387,-40.3538402014188,-5.25054101169946,9.95979118347168,-10.5538921356201,-6.89840316772461,226.639459982768,38.8910732283905,282.344638702316
20.465,0.0976041480898857,-3.95284390449524,-0.428850114345551,-24.5854349646429,-41.1980447526432,-5.51518650948854,9.52782154083252,-11.0125398635864,-6.45150279998779,226.300163505559,64.9762452724916,281.262818700056
20.47,0.177983865141869,-4.11815977096558,-0.420845121145248,-32.4773445977355,-43.5815041503162,-5.62626971794186,8.48305511474609,-11.3549098968506,-5.39451837539673,224.799284076962,74.5647107161656,277.980284426462
20.475,0.187963560223579,-4.30007648468018,-0.390370637178421,-40.7329874173408,-46.8003878910357,-5.54692511790112,6.84894609451294,-11.5550985336304,-4.52853488922119,222.217376948048,70.5317845395966,273.776904048966
20.48,0.178810924291611,-4.47773408889771,-0.319941461086273,-49.3993226815497,-50.1899785496812,-5.31093311745389,5.02948093414307,-11.5779733657837,-3.98879384994507,219.474769128343,56.7958164960266,269.018065367408
20.485,0.166218414902687,-4.64478588104248,-0.197450280189514,-58.518478997163,-53.4029405163902,-4.89327003791537,3.2107629776001,-11.3801565170288,-3.81439161300659,217.023209329551,34.2916784828173,263.832531108021
20.49,0.139522597193718,-4.8089017868042,0.0158880595117807,-68.1956617679663,-55.445867172614,-4.04001292471976,1.81699872016907,-10.7555818557739,-3.86462140083313,215.986140726732,2.14878242208448,258.383870641048
20.495,0.105023831129074,-4.97158145904541,0.29260516166687,-77.560301912539,-55.8449892767637,-2.9491555149708,0.94572913646698,-9.96322059631348,-3.91517782211304,215.735554746463,-30.2629938537228,252.858274923264
20.5,0.0681930705904961,-5.12553834915161,0.568499505519867,-86.377372621541,-54.7091185725068,-1.66753455024137,0.508069097995758,-9.2850513458252,-3.87288308143616,215.431256158561,-59.7101830827901,246.874236908389
20.505,0.0314111113548279,-5.27111577987671,0.814594328403473,-94.4634833157573,-51.9856694334234,-0.209107775564461,0.480311304330826,-8.90765476226807,-3.68469333648682,214.585583116665,-84.163073103947,240.188383295917
20.51,-0.0121098533272743,-5.49245166778564,1.1200464963913,-101.297750108705,-47.2293066954395,1.42908240103247,0.846530199050903,-9.39642715454102,-3.37386012077332,212.45613503913,-100.769619391512,232.502808555009
20.515,-0.0747864544391632,-5.79417657852173,1.55661380290985,-106.89089639738,-41.8563622905111,3.29111896760783,1.22062540054321,-10.0605716705322,-3.22609806060791,210.236023030552,-114.181351524992,224.130717840244
20.52,-0.124641589820385,-6.13910102844238,2.10109829902649,-111.075903566008,-36.0138594556172,5.16625220847327,1.64787220954895,-10.8825120925903,-3.31832337379456,208.381831576569,-125.123382877244,215.370330871164
20.525,-0.135439112782478,-6.50026750564575,2.74164342880249,-113.63363182526,-29.7900783857803,6.88754440290746,2.16756010055542,-11.8579149246216,-3.72644805908203,207.279357082259,-134.021616724153,206.435214002737
20.53,-0.0900029093027115,-6.999107837677,3.46223378181458,-113.21895738037,-23.9171043694517,8.92298132981946,2.46010136604309,-12.5309114456177,-3.98515129089355,206.737354250862,-137.282977411321,200.852272016682
20.535,-0.0731896460056305,-7.5591254234314,4.16262006759644,-110.994364767697,-17.9442678648156,11.3298059508695,2.6262035369873,-12.7069883346558,-3.82417726516724,205.430998609827,-137.663774117928,195.35365554612
20.54,-0.0800459012389183,-8.16888999938965,4.81548976898193,-107.680438944676,-12.3621070816469,13.6713655530791,2.80569243431091,-12.439998626709,-3.43503665924072,203.243575886617,-136.941440632064,189.624574832583
20.545,-0.106168903410435,-8.81786727905273,5.38287258148193,-104.098735555246,-7.81698758053951,15.3940254928946,3.17527604103088,-11.7635202407837,-3.04079461097717,199.960672782807,-137.264344655265,183.251817091664
20.55,-0.173854529857635,-9.4939079284668,5.86345911026001,-97.3700020151645,-0.510178205289752,17.3974941462832,3.7587833404541,-10.7369861602783,-2.89738035202026,194.639204098558,-137.689032157478,177.225691451124
20.555,-0.299802720546722,-10.2078552246094,6.374915599823,-88.2901807589814,8.62409395928699,19.550310008516,4.28844165802002,-9.56171703338623,-2.66723012924194,186.684957036458,-134.564111329171,171.447119186861
20.56,-0.490861684083939,-10.9436016082764,6.94360828399658,-77.4304463560387,18.678472219457,21.4863424966817,4.76346588134766,-8.29843616485596,-2.21654319763184,175.724006060205,-126.159003479958,165.89327380667
20.565,-0.765102863311768,-11.6717844009399,7.6131329536438,-65.6018564495189,28.1289439362346,22.5028949187803,5.20480442047119,-7.03174304962158,-1.30412149429321,160.793840911961,-109.023336097771,160.555043838199
20.57,-1.06852531433105,-12.2955856323242,8.21865272521973,-52.9461408797944,34.3680604883055,21.1637202187834,5.7988600730896,-5.81445693969727,-0.171868517994881,140.381315143379,-82.4618573968044,154.118642394594
20.575,-1.26706266403198,-12.7368659973145,8.61635208129883,-39.1763702300219,36.707161222414,17.5873016882232,6.31621885299683,-4.63826036453247,0.790297329425812,116.097752341936,-51.164885600863,145.896966105731
20.58,-1.33349943161011,-12.9805946350098,8.81005096435547,-24.2472740063828,34.5043876490444,11.8848476133922,6.53220748901367,-3.52192068099976,1.38447880744934,88.7881015494753,-16.6708525186003,135.365702330163
20.585,-1.22540593147278,-12.9934911727905,8.84461975097656,-8.02610235971592,25.7300534336792,4.14349840149509,5.8492546081543,-2.52850198745728,1.14331030845642,60.0493634467838,18.5410453982617,121.039421527197
20.59,-1.02810823917389,-12.8692331314087,9.00461101531982,9.23175966804375,11.1828937044644,-2.81797191356377,3.83487844467163,-1.92676067352295,0.0515574030578136,34.5077515172106,49.975097383298,102.666711263672
20.595,-0.817404091358185,-12.6816997528076,9.24301052093506,25.5903828953416,-5.11465397127523,-8.15598267565194,1.71561622619629,-1.67617511749268,-1.07718563079834,12.7200132630238,75.8974855289102,82.1780288858445
20.6,-0.625747263431549,-12.4631834030151,9.50512409210205,39.889008262359,-21.0485495689987,-11.4859611507689,-0.292847245931625,-1.820387840271,-2.04152488708496,-5.06828253633955,95.6385968718905,60.1491525105577
20.605,-0.528790175914764,-12.2905035018921,9.58272552490234,48.6467109670952,-30.775708833959,-11.8568148094912,-2.4105212688446,-2.60358548164368,-2.71521544456482,-18.2678771050489,107.807398500969,37.3365699846198
20.61,-0.495163828134537,-12.0410957336426,9.18820095062256,50.4389491902119,-30.6807009026041,-9.81880332814895,-4.28656196594238,-3.64809465408325,-3.07018852233887,-27.0249480172869,112.015805897694,20.0614864886416
20.615,-0.491887301206589,-11.7004737854004,8.30950832366943,46.8671154241321,-23.7401222152256,-6.5342259742187,-5.6626443862915,-4.61985683441162,-3.38552498817444,-35.5017182112713,108.4835872288,2.56424490004978
20.62,-0.497933238744736,-11.2601699829102,6.94630670547485,38.7547426525571,-11.4595120969817,-2.49880229629095,-6.43178939819336,-5.39980792999268,-3.71887755393982,-45.1243106951333,96.8018805403812,-17.1689440638235
20.625,-0.428192585706711,-10.7150831222534,5.25004911422729,29.6272944872914,0.591097270655891,1.20637703951162,-6.57355308532715,-5.97227573394775,-3.77390432357788,-55.9256947919965,75.0305364477497,-39.3538014691859
20.63,-0.263613104820251,-10.0706453323364,3.87665796279907,25.5454897694744,3.7670000183106,3.58572082132293,-6.337486743927,-6.51057958602905,-3.82777833938599,-66.7763347980593,49.1523225505945,-58.412740838622
20.635,-0.0139163807034492,-9.42228317260742,2.8666079044342,25.9758087626582,-0.159500511829055,4.97045587129157,-5.831298828125,-7.10591506958008,-3.78108787536621,-77.5198740228417,22.42821704549,-74.3833282125668
20.64,0.323083013296127,-8.83596992492676,2.26372027397156,30.6727061661806,-10.170458178888,5.51686716291118,-5.08883285522461,-7.8071494102478,-3.5761661529541,-87.9938530018404,-3.23928914430824,-87.1200873918881
20.645,0.793960392475128,-8.5966215133667,2.10894417762756,35.7726718156457,-17.677311628653,5.88605340170236,-3.96615600585938,-8.57048320770264,-3.21998977661133,-96.8662140921736,-23.7388432623035,-96.7359418941339
20.65,1.27183246612549,-8.56656837463379,2.11900949478149,43.0696634342938,-21.8151358504951,6.95517437474799,-2.82804083824158,-9.27899551391602,-3.28391814231873,-104.17531563622,-39.8089721056648,-105.344398135316
20.655,1.73114633560181,-8.66196727752686,2.22528481483459,52.6514557831488,-22.1944333305788,8.74985994002173,-1.95547866821289,-10.0803346633911,-3.45234704017639,-109.360282989906,-51.0911229729214,-112.200036590176
20.66,2.15042781829834,-8.82376766204834,2.37903547286987,64.7277903112432,-18.2750863697179,11.3349294465206,-1.58837401866913,-11.0976972579956,-3.48047804832458,-111.844661847661,-57.006770303637,-116.602243774411
20.665,2.50490570068359,-9.06414985656738,2.46244072914124,77.760050794816,-8.24327163947106,14.430584621782,-1.86794316768646,-12.7909536361694,-1.80219209194183,-107.070796749929,-44.0098901999649,-114.310913383358
20.67,2.78631496429443,-9.46713256835938,2.47810363769531,89.1395625935966,2.96487775666652,17.1778352625756,-2.16112732887268,-14.1331987380981,-0.423338115215302,-97.049188029849,-25.9675032526274,-106.895964397744
20.675,2.99093246459961,-10.0053997039795,2.47593879699707,97.9488605473231,14.2377308154721,19.2293201458293,-2.49468302726746,-15.2130823135376,0.773049175739288,-83.263284473257,-5.37194847797008,-94.0424089836152
20.68,3.10817408561707,-10.6550340652466,2.51728796958923,102.837513804246,24.1836012753927,20.0950978495472,-2.9053328037262,-16.12180519104,1.91989016532898,-67.2873695517597,14.8417756701951,-74.9361227428526
20.685,3.15271759033203,-11.1768016815186,2.7129909992218,101.263565011909,31.5229520197259,19.4071868095529,-3.56416368484497,-16.4518165588379,3.67424440383911,-57.4612749966717,21.4197174164228,-60.440070757876
20.69,3.03859829902649,-11.4950189590454,2.95683407783508,95.3210613773766,37.7579004488558,18.7017153532025,-4.05004644393921,-15.9973917007446,4.65927648544312,-48.8181316397896,12.6340707002448,-46.7945480792953
20.695,2.72557520866394,-11.5345678329468,3.24488592147827,85.1703415914163,43.4496951597133,18.505501093821,-4.24283170700073,-14.9013242721558,4.94809103012085,-40.9286211106429,-5.10917231757947,-34.4185390013665
20.7,2.12551259994507,-11.1317491531372,3.58553123474121,70.4518576659291,49.4464714773903,19.7086218406458,-3.92834544181824,-13.3882894515991,4.75084638595581,-33.5814480921627,-20.4333766285704,-24.6352987606785
20.705,1.51786696910858,-10.59987449646,3.89835715293884,51.4958868133256,55.5752514460615,24.4592335593485,-3.28570795059204,-11.9308300018311,3.12523365020752,-36.7089882980169,-39.0860717140998,-25.8634675187371
20.71,0.643148303031921,-9.87405776977539,4.31228160858154,30.7475991904298,60.8621696183937,31.7575792629996,-2.54267930984497,-10.9649229049683,1.4592992067337,-44.1621453618482,-56.6545306179503,-33.6874423827975
20.715,-0.593163669109344,-9.01536273956299,4.79331922531128,8.82972619576034,65.0777487137472,41.2145055085429,-1.656489610672,-10.5735807418823,0.0614282824099064,-53.9947593324989,-71.2730376494614,-46.7732310588957
20.72,-2.40454792976379,-8.2129487991333,5.20182418823242,-13.4416492158187,67.8111699290188,52.2577022076867,-0.406880289316177,-10.8919906616211,-0.65163379907608,-62.997621432209,-78.8505178165652,-63.3241317952923
20.725,-4.53416919708252,-8.1547908782959,5.19132566452026,-31.0906010452641,71.0488503503341,63.0321548686526,1.48987317085266,-11.696249961853,-1.16647171974182,-70.0551056374214,-80.3201491297094,-79.1677459525665
20.73,-6.74068117141724,-8.87195873260498,4.88824319839478,-40.0524922552378,73.9912002221272,72.3121416486521,3.55532836914063,-12.4424362182617,-1.31419253349304,-75.5984325262904,-81.9026288283205,-92.3459744088916
20.735,-8.95917129516602,-10.3822498321533,4.3337140083313,-38.9635722713356,75.1718872126231,79.2013299927154,5.62080669403076,-12.9000911712646,-1.06066012382507,-79.8914386460752,-84.9833241817522,-101.688751117931
20.74,-11.1280603408813,-12.7376613616943,3.59329557418823,-25.5242991075745,68.5476623970321,80.7425348581721,7.37758302688599,-12.5376653671265,-0.415465742349625,-83.7340825825569,-89.8066876603993,-103.693876092193
20.745,-12.9554710388184,-15.3206272125244,2.56396174430847,-14.9811593405875,58.1728509345928,78.709173881881,8.80650520324707,-11.5212392807007,-0.24442158639431,-89.8834863074269,-90.3846172868308,-99.8592166468515
20.75,-13.861701965332,-17.4734783172607,1.36164534091949,-9.29745157370729,42.5952521549231,72.5655484970488,9.72770023345947,-10.4074516296387,-0.356892704963684,-97.6450878839868,-83.99393712953,-93.3043387419036
20.755,-13.4854793548584,-18.8351593017578,0.107190832495689,-8.98467245217666,21.1289733389283,61.5550444983673,9.9949836730957,-9.39985370635986,-0.684949934482574,-106.467076329191,-69.3886021178332,-85.2039051409977
20.76,-10.7611045837402,-18.4333553314209,-0.508215367794037,-11.5208856155425,-6.41890634093267,42.125485404188,9.06047630310059,-8.62041759490967,-1.13852727413177,-113.442099660554,-45.8313138214051,-77.0565413103047
20.765,-7.27119827270508,-16.783224105835,-0.545769989490509,-4.79752700745107,-39.9713427777089,18.2820155966309,7.91560411453247,-8.45959758758545,-1.06885766983032,-117.289005635078,-27.7231709353806,-71.5940633706412
20.77,-3.78683686256409,-14.3224716186523,-0.435087770223618,10.9897871811552,-78.5320534163242,-5.78614609027847,7.07384824752808,-8.84777069091797,-0.766760289669037,-119.13834765475,-13.8709428268532,-67.6222673871437
20.775,-0.740829408168793,-11.2738494873047,-0.409147977828979,35.5847289153491,-121.158430743295,-27.4984064852685,6.84760856628418,-9.76151466369629,-0.401650667190552,-119.282956419858,-4.17823418229284,-64.5752858474552
20.78,1.40699005126953,-8.29922866821289,-0.728472352027893,57.1678193340767,-155.340044142732,-39.9769025516933,7.67889928817749,-10.8916816711426,-0.492655545473099,-114.251279001715,-3.98973718289977,-62.121376463588
20.785,3.11350393295288,-6.0827956199646,-1.14898836612701,64.1139612105342,-177.000609397215,-45.9702296238394,8.78662300109863,-11.603720664978,-1.38827502727509,-109.034380513659,-6.55211039767355,-60.3667213563793
20.79,4.5835747718811,-4.60073328018188,-1.55600190162659,57.2405335279807,-187.503118076377,-47.5064723568641,9.71130275726318,-11.8630609512329,-2.68107748031616,-104.624974310039,-5.37041040474636,-58.658928177066
20.795,5.96577930450439,-3.87904667854309,-1.85739922523499,36.3520084610462,-187.249212624171,-45.9269296395961,10.0760269165039,-11.6144695281982,-4.07109785079956,-101.862599922875,4.95403524275321,-56.4816073036385
20.8,7.53817653656006,-3.73657417297363,-1.54840099811554,8.70144841295833,-172.993528656466,-43.221310709341,8.97454833984375,-10.9185752868652,-4.7017617225647,-99.3220905705217,30.3764535411205,-53.0100577900473
20.805,8.76400947570801,-3.70336985588074,-1.14423370361328,-15.1223956997924,-151.833670909658,-40.0178290452,7.10718727111816,-10.2049388885498,-5.36655187606812,-95.6548595523043,55.548173161097,-48.1712478385923
20.81,9.66499900817871,-3.81057095527649,-0.723843932151794,-34.93086466082,-125.280217680966,-36.2247210556739,4.74533891677856,-9.55391407012939,-6.21609830856323,-91.3161458065938,76.1398343010406,-42.5103050922156
20.815,10.2434463500977,-4.10809946060181,-0.385172724723816,-50.1780598695795,-94.8161328127942,-31.6813509367677,2.19195103645325,-9.07127380371094,-7.45386552810669,-86.8262389934159,86.3596619410231,-36.6488962936992
20.82,10.109278678894,-4.95429372787476,-0.212478742003441,-61.0437228767218,-61.7671491928528,-26.6954870124822,0.442102164030075,-8.98834133148193,-8.4391622543335,-83.4592767514906,83.263482548743,-32.0622193603605
20.825,9.31454658508301,-6.25784540176392,0.0679096132516861,-66.1789391324933,-27.244516400988,-22.0348732813781,-0.512088775634766,-8.9784574508667,-8.93881320953369,-79.7411471635782,76.8573798242963,-28.7635999912703
20.83,7.92912006378174,-7.84712839126587,0.388010293245316,-65.6623582651869,7.97812796475939,-17.8120507704098,-0.814398348331451,-8.9702672958374,-9.07656097412109,-75.5843759969785,68.0115813396453,-26.9950488641952
20.835,6.01772832870483,-9.4366455078125,0.594387948513031,-59.1900641774937,42.6256396665405,-14.2055273273091,-0.667796790599823,-8.86313724517822,-9.07331657409668,-70.9322385306344,57.0648815530955,-27.3747800612912
20.84,3.97816634178162,-10.2951002120972,0.0156832728534937,-54.9086249830683,74.3926241000272,-9.36695643247498,-0.373909384012222,-8.59568309783936,-8.93488025665283,-66.4606366244322,43.6421050037272,-28.8206218255562
20.845,2.00686430931091,-10.6344032287598,-0.918733417987823,-53.7936409972933,99.7710593952341,-4.48830940268579,-0.0657260492444038,-8.29802894592285,-8.60599803924561,-62.9235958419844,31.9645852212697,-30.0788485386047
20.85,0.144522726535797,-10.5732707977295,-2.01254034042358,-56.0257877991885,120.525818622368,0.852731989042314,0.206448525190353,-8.05316638946533,-8.0795202255249,-60.1011294505033,22.262105137328,-30.8830657473332
20.855,-1.55198013782501,-10.3435964584351,-2.8652446269989,-62.0801835927037,142.64641077783,8.36021301579814,0.341359674930573,-8.06000328063965,-7.33678340911865,-57.1440502757651,13.8476510280098,-30.8729365767941
20.86,-2.93454432487488,-10.1970987319946,-3.37658166885376,-69.24420508859,163.525001334617,16.4630354753662,0.370483368635178,-8.50408554077148,-6.45567321777344,-53.9597751035701,5.47097085300964,-30.4528321315141
20.865,-4.06442642211914,-10.1055002212524,-3.80885553359985,-75.6305753965245,178.624186344062,23.0838383661831,0.378741651773453,-9.18948745727539,-5.54627084732056,-51.1926400745553,-2.11787069344829,-30.1361538257411
20.87,-4.98041439056396,-10.0452299118042,-4.2349967956543,-80.6873947410026,186.272468252103,27.4446785097098,0.390266090631485,-10.0391454696655,-4.64232492446899,-48.9532737627074,-8.38497159776579,-29.9783730408192
20.875,-5.8022632598877,-9.93456363677979,-4.73304414749146,-83.7264054499298,183.206847126169,27.9925211528474,0.43274861574173,-10.889347076416,-3.79125142097473,-47.1135862154266,-11.5888605119361,-29.7249149660038
20.88,-6.70903873443604,-9.93696308135986,-4.97079992294312,-83.8586993839637,169.791535973564,25.6826314302718,0.477646321058273,-11.445369720459,-3.25146317481995,-45.3690875995136,-13.5269130285489,-29.4274875484064
20.885,-7.61803722381592,-10.0130405426025,-4.90924978256226,-80.5763426952874,149.139530112303,21.4422877765351,0.507068693637848,-11.7369117736816,-2.77573275566101,-43.5159753154191,-14.8227450556201,-29.2980383881617
20.89,-8.47167778015137,-10.1446828842163,-4.53219652175903,-73.5971870994767,122.367210301847,15.5110334635661,0.537873864173889,-11.7594203948975,-2.30732035636902,-41.5385023620116,-15.7388458855954,-29.4771191180103
20.895,-9.03619384765625,-10.2768716812134,-3.89217734336853,-62.9144980300099,91.6538508497267,7.73781458900166,0.757995188236237,-11.4609222412109,-2.05616235733032,-39.8982939045356,-16.8207478501254,-30.464296604036
20.9,-9.24969577789307,-10.296275138855,-3.32018280029297,-51.7527702280097,61.22725005972,-0.463291624680259,1.02576923370361,-11.0468263626099,-1.95255887508392,-38.7207112350175,-16.6282970249766,-31.4819128280979
20.905,-9.22585296630859,-10.2266006469727,-2.89973402023315,-41.4370808830261,32.366903853951,-8.33544162722579,1.24796760082245,-10.6644582748413,-1.90824818611145,-37.6717581030436,-14.859247294092,-32.0685577759103
20.91,-9.00164031982422,-10.074146270752,-2.68293690681458,-32.8709991354546,5.99285664286702,-15.4098834846001,1.37972903251648,-10.385232925415,-1.89527404308319,-36.5878412327084,-11.2850904099207,-31.9593225605143
20.915,-8.4000997543335,-9.81616401672363,-2.66270208358765,-28.8846343584576,-15.0553420251631,-20.7680285771444,1.54480159282684,-10.0633125305176,-2.18961501121521,-35.5688692160963,-6.24071140124209,-31.2002870531453
20.92,-7.56834316253662,-9.56212902069092,-2.66050601005554,-27.6610776856361,-32.6088462298258,-24.7412196267798,1.64996635913849,-9.74486255645752,-2.51432251930237,-34.6709520572389,-0.383577660815804,-30.3919170894014
20.925,-6.58850574493408,-9.34475612640381,-2.66364979743958,-28.4158221266589,-47.3418511374884,-27.3937031003867,1.64685750007629,-9.48476028442383,-2.87058329582214,-33.9567840625278,5.15750102859919,-29.6884895671601
20.93,-5.51689386367798,-9.19232749938965,-2.6623523235321,-30.6455834849865,-59.6182828875076,-28.69575230715,1.49035084247589,-9.3302583694458,-3.26127290725708,-33.4875125005075,9.46473485931195,-29.2192180051398
20.935,-4.43500185012817,-9.10132026672363,-2.68034720420837,-34.1663854926826,-68.7770679606853,-27.8055857054533,1.07241451740265,-9.26952934265137,-3.72591757774353,-32.4145034422768,13.40306376965,-28.8336469963034
20.94,-3.43840837478638,-9.0582218170166,-2.68754458427429,-38.0538183946466,-76.1951998144527,-25.7081643849366,0.598304569721222,-9.26593208312988,-4.18617916107178,-31.3572652908397,15.5948808658172,-28.7216148184423
20.945,-2.54172873497009,-9.06222820281982,-2.63162422180176,-41.7351264327434,-81.7453978736268,-23.0829760548003,0.147567734122276,-9.28559684753418,-4.58555507659912,-30.306870988951,15.5078147369197,-28.8927008118673
20.95,-1.77101230621338,-9.11595058441162,-2.44199395179749,-44.4748484975243,-85.1240602296003,-20.7431393678089,-0.17805515229702,-9.28775978088379,-4.8483715057373,-29.2526210452757,12.2976907138108,-29.3807212431593
20.955,-1.1751766204834,-9.19367218017578,-2.11560726165771,-47.3119110032617,-87.7722611745976,-17.53780842995,-0.185628861188889,-9.18152141571045,-5.06196069717407,-28.0413809110751,5.30745697805318,-29.8268828601229
20.96,-0.682445824146271,-9.23642730712891,-1.75913381576538,-50.4984572133557,-89.0554829649138,-13.8401113529398,0.0240479074418545,-9.05660057067871,-5.27835750579834,-26.6844067381011,-2.40059292720604,-29.9978664007104
20.965,-0.258783161640167,-9.24763202667236,-1.38714146614075,-53.9401895361251,-88.3932414833677,-9.95414096523181,0.399322420358658,-8.94089221954346,-5.45823621749878,-25.1669350724629,-9.9638005602655,-29.7971134806254
20.97,0.145476147532463,-9.23664379119873,-1.01436984539032,-57.458754656868,-84.5476673957321,-6.39698911765975,0.87036806344986,-8.87877464294434,-5.5177640914917,-23.4429099485871,-16.0547523799922,-29.0271155196386
20.975,0.487688481807709,-9.2008228302002,-0.697731554508209,-60.7899471981099,-76.6669746408039,-3.44561507186917,1.40914356708527,-8.8895320892334,-5.48113012313843,-21.7476262607387,-20.0348999772973,-27.819874461197
20.98,0.714958608150482,-9.1868839263916,-0.483815670013428,-63.7192582387775,-66.6885736974138,-0.958988868434232,1.95954596996307,-8.94316864013672,-5.41059255599976,-20.1863935730882,-22.1222775046395,-26.3047335976131
20.985,0.858282864093781,-9.19317722320557,-0.371943175792694,-65.9646897586084,-54.7127693086182,1.03501474359029,2.46289086341858,-9.03121566772461,-5.30913686752319,-18.7234216943848,-22.0198997991702,-24.4943612222499
20.99,1.01943588256836,-9.19975662231445,-0.352473825216293,-66.7217137752667,-40.1452974505854,2.35923826621573,2.76458287239075,-9.14307117462158,-5.15999984741211,-17.22524019051,-18.5854467505087,-22.3517411249007
20.995,1.19722616672516,-9.25367736816406,-0.387784630060196,-66.4036455259976,-24.028822358611,3.49985061586048,3.07387542724609,-9.27654457092285,-4.95358085632324,-16.2166756746457,-12.4419306487032,-19.9647249062173
21.0,1.37236738204956,-9.34701347351074,-0.506460428237915,-66.2036507569104,-7.17969934135241,4.54088819891654,3.37657046318054,-9.45790386199951,-4.66063213348389,-15.5418700601214,-6.37030356857251,-17.8715929444994
21.005,1.53061127662659,-9.47229385375977,-0.695519089698792,-66.4864410791165,10.1839725619345,5.45014944821167,3.64521980285645,-9.69636249542236,-4.27375268936157,-15.0513156286473,-0.766280043561641,-16.0320744444005
21.01,1.62475299835205,-9.60258007049561,-0.865792393684387,-67.76087924616,27.8607377754539,5.99332152261741,3.76592803001404,-10.00865650177,-3.78765773773193,-14.2031666431772,5.30443590000591,-13.7199717405339
21.015,1.52755534648895,-9.74877834320068,-1.04025900363922,-68.8028929059371,43.2103994821419,6.29938784885438,3.67432165145874,-10.2669219970703,-3.40596508979797,-13.2218417754966,10.5288544263378,-11.1512058955838
21.02,1.21851980686188,-9.87443923950195,-1.20870137214661,-69.1959224813472,54.9591034961293,6.3746783047359,3.38411951065063,-10.4371337890625,-3.13621640205383,-12.1210031114927,14.085771913044,-8.75273032702043
21.025,0.715279161930084,-9.97073936462402,-1.36924088001251,-68.7938224147193,62.3287205162221,6.17635992020317,2.92062997817993,-10.5014228820801,-2.99049711227417,-10.9170875014032,15.3261334125447,-6.77970553430989
21.03,0.268225789070129,-10.0724630355835,-1.53645479679108,-67.7352182254482,63.497516147373,5.40204570654774,2.49824333190918,-10.4324102401733,-3.0167601108551,-9.7339023692184,11.7326803901945,-6.05672574179581
21.035,0.198423087596893,-10.1025915145874,-1.58601820468903,-65.6663675862297,64.2528462771172,4.06425582740507,2.31824135780334,-10.3155641555786,-3.00940275192261,-8.83985792762041,7.74631305187645,-5.86358079867255
21.04,0.213137805461884,-10.0331430435181,-1.50586986541748,-63.0222374339777,65.0103210862608,2.11698575706395,2.34523844718933,-10.1908321380615,-3.04554200172424,-8.30303408716138,5.11915506593827,-5.819301536057
21.045,0.156880080699921,-9.85095691680908,-1.28966927528381,-60.07227190126,65.9802011182135,-0.442138688903288,2.55449914932251,-10.081280708313,-3.16105270385742,-8.17009128515625,4.98227337921616,-5.67938297647517
21.05,-0.0727187991142273,-9.68456935882568,-1.06757640838623,-58.1099653829045,66.9968542856023,-2.609311768854,2.62993216514587,-10.0304832458496,-3.22556066513062,-8.27695813245756,9.69049822459026,-4.51311280776986
21.055,-0.281612247228622,-9.57318115234375,-0.999327719211578,-56.7015018288724,68.0067250751454,-5.01048718313019,2.43698120117188,-9.975830078125,-3.10676407814026,-8.33216655151877,14.8633488226886,-2.89011173124721
21.06,-0.498213648796082,-9.47553253173828,-1.1054356098175,-55.3662510725537,68.1699665963087,-7.70985350208692,2.05283617973328,-9.91630935668945,-2.94751048088074,-8.49395494993616,19.1000024667262,-1.41051741325985
21.065,-0.745609700679779,-9.3596248626709,-1.41290140151978,-53.7261587282936,66.7662739294119,-10.7767561422635,1.52722775936127,-9.85081768035889,-2.85901761054993,-8.89479143156752,21.2281989120957,-0.5607705904108
21.07,-1.30141162872314,-9.19751358032227,-1.83853018283844,-52.2828168132648,61.6799618280976,-13.5783008105431,1.14278817176819,-9.86696338653564,-2.84242606163025,-8.92588245266942,20.6624902016366,-1.1773160786971
21.075,-1.59253704547882,-9.07603073120117,-2.13994216918945,-51.2670037591438,56.8366815178307,-15.7777830865064,0.888322114944458,-9.94103717803955,-2.85717916488647,-8.67542539222058,19.2967358204846,-2.46204051063065
21.08,-1.69664239883423,-8.95893001556396,-2.2813241481781,-50.57528318114,53.7066243872673,-17.3007752525412,0.769052088260651,-10.0095767974854,-2.90773677825928,-8.31001880936136,17.9054160412693,-3.98971498478496
21.085,-1.6969096660614,-8.8010082244873,-2.20537090301514,-50.1026375056697,54.2687626163377,-18.0017370764921,0.801939606666565,-9.99242687225342,-3.0024561882019,-8.03013046377893,17.4596386224465,-5.24476480609574
21.09,-1.75833225250244,-8.60251712799072,-2.02602243423462,-50.0191999147688,56.8453661033604,-18.0222583798534,0.788196504116058,-9.8041467666626,-3.0741069316864,-7.84450214383726,18.3173088916196,-6.17717399337487
21.095,-1.86233389377594,-8.49907398223877,-1.88538706302643,-50.2127333249011,59.1684329683922,-17.8562113584885,0.604774355888367,-9.54445743560791,-3.17658972740173,-7.71536717229442,18.0869590543137,-6.80325559968128
21.1,-2.01310682296753,-8.49373626708984,-1.8106689453125,-50.5459236129927,60.943414718571,-17.5557854878455,0.265322864055634,-9.27030754089355,-3.2723708152771,-7.74034432031551,17.1291496741717,-7.05466461774569
21.105,-2.22547292709351,-8.58835506439209,-1.84539258480072,-50.7851065924428,61.793267836239,-17.1537366476365,-0.207767009735107,-9.07758045196533,-3.28395462036133,-8.12459283377385,16.3022135487164,-6.76074877115535
21.11,-2.3773193359375,-8.69016551971436,-1.94112396240234,-50.4780998345344,60.9627714746788,-16.8616214096661,-0.484103113412857,-9.08969211578369,-3.23107051849365,-8.26835892429251,14.1841642031326,-6.81037052236231
21.115,-2.49405980110168,-8.75120449066162,-2.07297897338867,-50.0593170308589,59.2370490487942,-16.6835327647944,-0.519899606704712,-9.18160343170166,-3.20641183853149,-8.26889594791601,10.7001649622319,-7.20850651795059
21.12,-2.57338190078735,-8.76620292663574,-2.22241950035095,-49.8075186920118,56.8573462551646,-16.6101184765006,-0.329059273004532,-9.31641674041748,-3.23897194862366,-8.13250646170096,6.16734663181969,-7.88371425986231
21.125,-2.59591484069824,-8.73308277130127,-2.34616374969482,-50.3908305075092,54.1804482703695,-16.6222027886896,0.052654393017292,-9.4361629486084,-3.38459086418152,-7.82970966164231,1.4401345008832,-8.65154192824034
21.13,-2.56702327728271,-8.71758270263672,-2.37895393371582,-52.0220811718888,50.5264780644257,-16.7110720875279,0.448261618614197,-9.50143146514893,-3.50979399681091,-7.5220292763271,-1.17567107032419,-9.15173034153871
21.135,-2.52658367156982,-8.75314807891846,-2.35467886924744,-54.17986770429,45.7334884370176,-16.9874659375763,0.809426665306091,-9.56929683685303,-3.60269141197205,-7.31209145935571,-1.9903869201373,-9.47077274653824
21.14,-2.47919750213623,-8.83756256103516,-2.28453254699707,-56.6911984885095,39.7592073473721,-17.4694245759799,1.13730812072754,-9.65621471405029,-3.65719747543335,-7.17633376563889,-1.27516174020871,-9.67421505360895
21.145,-2.40646433830261,-8.92703819274902,-2.18686866760254,-59.2701481455121,32.5682783212505,-18.1303768593201,1.48564898967743,-9.78190326690674,-3.65680384635925,-6.90217765631739,0.0149624165010922,-9.98145659926998
21.15,-2.23902201652527,-8.93231296539307,-2.08864450454712,-61.1682303951019,27.0977066074205,-18.575577127158,1.70248794555664,-9.85732460021973,-3.60497331619263,-6.45345514530189,1.96808464494991,-10.0475267266588
21.155,-2.00700545310974,-8.88782596588135,-2.04707980155945,-63.2672636402627,22.1015154371099,-18.840877042447,1.86391150951385,-9.9146203994751,-3.52256870269775,-5.87435414142777,4.11368078378658,-9.93619805828219
21.16,-1.72642683982849,-8.8046407699585,-2.08545398712158,-65.960215984702,17.2002638962626,-18.9255696806078,1.99513041973114,-9.9555721282959,-3.42440533638,-5.23248796794947,6.20656942001531,-9.68867371030822
21.165,-1.45865476131439,-8.68899631500244,-2.21848201751709,-69.9156604953264,12.6662451601038,-18.7703843675705,2.1024477481842,-9.9105806350708,-3.37928247451782,-4.97984994272128,7.53112367320697,-9.50353972530773
21.17,-1.18864023685455,-8.5228853225708,-2.3020703792572,-73.4696196563483,9.34026917584045,-18.6356657163812,2.06785202026367,-9.82360935211182,-3.26925539970398,-4.7573710446601,9.03683460686805,-9.24830153243987
21.175,-0.894701480865479,-8.34058666229248,-2.33774185180664,-76.2543697432326,7.0752469659227,-18.4721731857659,1.89307367801666,-9.70674419403076,-3.0702109336853,-4.51972827286784,10.8497700107172,-8.9366049958927
21.18,-0.564024090766907,-8.16689014434814,-2.32777333259583,-78.046857268254,5.91861760923086,-18.2417345560007,1.57571887969971,-9.56236743927002,-2.77545499801636,-4.25389602971048,12.9281888911893,-8.6096182271148
21.185,-0.195848450064659,-8.13858318328857,-2.34659600257874,-79.0946356076907,7.06071787289761,-17.7538507284921,1.19644558429718,-9.34846496582031,-2.58258509635925,-4.17116322895458,13.0158740059803,-8.93516297220418
21.19,0.166770845651627,-8.29385280609131,-2.36092138290405,-79.8725804937768,9.92258890636094,-17.3767730598886,0.844901740550995,-9.16580486297607,-2.50554752349854,-4.46687413463617,11.5675110481379,-9.89928430091285
21.195,0.486070603132248,-8.56116199493408,-2.34761905670166,-79.9661267646493,13.7409907939309,-17.3096510833676,0.501713871955872,-9.0276050567627,-2.43135237693787,-5.1576747715362,9.23120727649463,-11.3415026498231
21.2,0.729342222213745,-8.89043140411377,-2.28658747673035,-79.0034184313251,17.9670089796572,-17.7299723871538,0.151973456144333,-8.94711112976074,-2.27024245262146,-6.28100311404282,6.4684388727936,-13.163359134502
21.205,0.914729177951813,-9.13679027557373,-2.16065764427185,-75.8517232614712,21.8195908413812,-18.9556856922057,-0.397640377283096,-9.0557165145874,-1.99878191947937,-7.97940777145512,8.23041636967945,-14.7214140766411
21.21,1.06090545654297,-9.30476474761963,-2.06441831588745,-72.3060559501016,25.9846162915929,-20.3163123088383,-0.939104735851288,-9.24851512908936,-1.92260408401489,-9.08145196384751,12.1334647916334,-15.9507166461019
21.215,1.17370295524597,-9.41929721832275,-1.9921019077301,-68.6037997218204,30.650303145703,-21.6709693401363,-1.3840526342392,-9.46996307373047,-1.98168039321899,-9.6258248708867,15.1866951006389,-17.1471813735805
21.22,1.25788116455078,-9.50761795043945,-1.93830263614655,-65.0311668236077,36.0916484800745,-22.8421931035372,-1.61403429508209,-9.65248107910156,-2.11099410057068,-9.6182399458134,13.5669464748216,-18.6800773139119
21.225,1.26913964748383,-9.61458778381348,-1.9359712600708,-60.9347813594601,42.6758244814671,-23.7789074444275,-1.64696156978607,-9.67987251281738,-2.14282321929932,-10.7553947256342,10.6893092303198,-19.8520541056688
21.23,1.20093905925751,-9.7468729019165,-1.95470714569092,-56.2932682523699,49.7770936143539,-24.5605372175709,-1.69927549362183,-9.64833068847656,-2.08587551116943,-12.5541745624286,9.43706149411599,-21.0730614103826
21.235,1.05401027202606,-9.90330123901367,-1.99345874786377,-51.1249289942184,57.2285055648523,-25.2078701037061,-1.70970869064331,-9.56493949890137,-1.97362232208252,-14.7911093269319,9.70507470205271,-22.6111875680709
21.24,0.822139024734497,-10.0834884643555,-2.0555408000946,-45.4112366968818,64.8164598270483,-25.7378022832926,-1.53498303890228,-9.42753505706787,-1.86274337768555,-17.1397620805946,11.1506850936596,-24.9646129164161
21.245,0.465339511632919,-10.2221574783325,-2.14932608604431,-39.3711194138265,71.5030374395724,-26.1864364287357,-1.27141225337982,-9.28771209716797,-1.78057467937469,-18.8960939992446,13.5839784052907,-27.0506619719647
21.25,0.0414770245552063,-10.3390560150146,-2.22197818756104,-34.3756419982843,76.4961379492835,-26.4504573911026,-1.09200417995453,-9.18058776855469,-1.73229777812958,-20.7234530550736,17.1050681347055,-29.4053782260631
21.255,-0.449191272258759,-10.4257392883301,-2.25024271011353,-30.2192055109539,80.0547757898869,-26.5434384638212,-1.04389834403992,-9.09882736206055,-1.71005809307098,-22.7241588969429,21.5804625034445,-32.0652758700141
21.26,-1.03303265571594,-10.4477090835571,-2.18164753913879,-25.8814035954975,83.0901050268514,-26.5268855003677,-1.21325170993805,-9.01062107086182,-1.69148886203766,-24.9704083319269,26.6721824070341,-34.9693971730226
21.265,-1.62509894371033,-10.401252746582,-2.11086821556091,-20.7567348593518,85.2715035232134,-26.1109525931233,-1.59062302112579,-8.99479675292969,-1.77887725830078,-27.1399240066803,30.0091088920843,-38.2090344435351
21.27,-2.19100761413574,-10.3981294631958,-2.12141084671021,-16.0752958814684,86.5103495744919,-25.1547909961187,-1.98061180114746,-9.09242343902588,-1.84727299213409,-28.9932070455041,31.3613975552876,-41.8224879673224
21.275,-2.72643423080444,-10.468804359436,-2.23850560188293,-12.1213497435931,86.7958651421768,-23.6846440036922,-2.28455543518066,-9.31379890441895,-1.88893020153046,-30.5198875136907,30.3349942928585,-45.8336565762904
21.28,-3.24558234214783,-10.6436767578125,-2.49638342857361,-8.99137286775244,86.1664153988359,-21.9638222385371,-2.23742985725403,-9.66590309143066,-1.99265170097351,-31.9110467834606,25.3208209420106,-50.3157428228687
21.285,-3.71336102485657,-10.7828722000122,-2.73550820350647,-5.2252949249798,84.3529660232517,-20.3056281854291,-1.9567254781723,-10.0369081497192,-2.16870188713074,-33.2214493115788,18.6029456951623,-54.8097648250215
21.29,-4.06800317764282,-10.828709602356,-2.91828584671021,-1.3117959934306,81.6439490738846,-18.5675362869576,-1.60922789573669,-10.3685302734375,-2.25651812553406,-34.4466418147065,12.722165626386,-59.0357838645214
21.295,-4.26410865783691,-10.7595252990723,-3.02657508850098,2.38560855938409,78.0966083661684,-16.6793817173264,-1.28073072433472,-10.6258945465088,-2.21929359436035,-35.5992942937541,9.11590514556835,-62.8194832684659
21.3,-4.13662338256836,-10.5839490890503,-3.03271341323853,4.26581300226486,73.5994478920919,-14.4917967771236,-1.21562170982361,-10.700122833252,-2.22617530822754,-36.8142824942618,12.0870937835845,-65.6031268647046
21.305,-3.81229710578918,-10.4645128250122,-2.95204162597656,4.36199145728875,68.430429030118,-12.4532926683875,-1.31063449382782,-10.6844501495361,-2.28437757492065,-37.3799177801873,18.2127233275011,-67.5975352721591
21.31,-3.4537239074707,-10.3982162475586,-2.84593796730042,3.65339604316671,62.8839261032849,-10.6632204690113,-1.53313040733337,-10.5991764068604,-2.34814834594727,-37.5057196194152,24.1665240949203,-69.2879387898456
21.315,-3.14260816574097,-10.3835706710815,-2.74557709693909,2.64794310535618,57.1461368985565,-9.18608192419564,-1.87401962280273,-10.4495306015015,-2.40216779708862,-37.2941886608199,28.1038020098998,-70.8792499230535
21.32,-2.83922433853149,-10.3691453933716,-2.65442037582397,1.99003303096093,52.1492866149911,-7.99068697509575,-2.35226464271545,-10.2063274383545,-2.59974098205566,-37.0397504538586,28.5914945921117,-71.753910287787
21.325,-2.56622076034546,-10.3317127227783,-2.59752917289734,1.07284940255881,48.2295059371179,-6.96180734220572,-2.71488308906555,-10.0444030761719,-2.77363300323486,-37.2543071862562,28.7335983853411,-72.8899961430027
21.33,-2.35936832427979,-10.3058137893677,-2.53380417823792,-0.0640013471325723,45.2661020072082,-6.18924421829875,-2.84715676307678,-9.95554542541504,-2.99568557739258,-37.8289924728319,27.4270651593877,-74.7583397489463
21.335,-2.25118780136108,-10.3196477890015,-2.43011426925659,-1.40244466326942,43.2215600112457,-5.76016447756256,-2.64367580413818,-9.93769264221191,-3.32602691650391,-38.6992063844157,23.7052745900802,-77.7785059659534
21.34,-2.3295738697052,-10.4482822418213,-2.19412708282471,-1.81346367629281,42.4988918461125,-6.09439295440796,-2.14226174354553,-10.111608505249,-3.58530688285828,-39.5739282208517,20.6730872401339,-81.3556809399642
21.345,-2.52477121353149,-10.6360912322998,-1.96443915367126,-1.40441656022715,42.5825889842019,-6.529424778119,-1.56960606575012,-10.356689453125,-3.84627604484558,-40.4192973193296,19.0765117386232,-84.9426640656231
21.35,-2.80524778366089,-10.8811931610107,-1.77378952503204,-0.532559134374297,43.2725644488728,-6.91665979179194,-0.997994184494019,-10.6823654174805,-4.03661823272705,-41.2610532477366,19.22129125846,-88.4689746208848
21.355,-3.13794684410095,-11.1856336593628,-1.66631424427032,0.388850006566098,44.364076489565,-7.06572055957782,-0.518326699733734,-11.1066865921021,-4.06004190444946,-42.131253498942,21.6255127236626,-91.8414078443353
21.36,-3.46525883674622,-11.5593776702881,-1.70518779754639,2.45295806658183,46.7027332613774,-6.74709138102308,-0.187145307660103,-11.6362600326538,-3.90441513061523,-42.8698940614493,25.677565137455,-94.9478393505596
21.365,-3.72695636749268,-11.8969058990479,-1.8375278711319,5.63048522532023,49.5343384459679,-5.95852213568302,0.124795250594616,-12.1755571365356,-3.66885876655579,-43.3875233627933,29.637485129533,-97.8288746141735
21.37,-3.89228248596191,-12.1662130355835,-2.0239143371582,9.71119967419092,52.2575416982412,-4.72288798086164,0.412539184093475,-12.6772718429565,-3.32006287574768,-43.732307897001,33.5398693155902,-100.434625933479
21.375,-3.89915704727173,-12.3105850219727,-2.20091152191162,14.3949259116726,53.8009049034756,-3.03670872173343,0.650544881820679,-13.0578718185425,-2.77256107330322,-43.9867426888677,37.6273755338168,-102.637286808727
21.38,-3.7354588508606,-12.3386507034302,-2.3543848991394,18.2861188327748,53.4174683287549,-1.07275463368408,0.758951544761658,-13.2060842514038,-2.18959879875183,-44.3590460552413,42.4018211976283,-104.41446104963
21.385,-3.51937532424927,-12.3757610321045,-2.49575471878052,21.2264589214046,52.0506381928086,0.763138103182582,0.810880243778229,-13.2525806427002,-1.72090125083923,-44.7179724961255,46.7087574882254,-106.188220195947
21.39,-3.28915309906006,-12.4527168273926,-2.61777400970459,23.485501300704,49.7575046318143,2.26004577677716,0.820909678936005,-13.2224149703979,-1.33050990104675,-45.0763047105519,50.307239237352,-108.058694820912
21.395,-3.11179542541504,-12.6171627044678,-2.69344973564148,25.8430623285917,46.2768777968163,2.92113274291011,0.80105197429657,-13.1339874267578,-0.866491079330444,-45.5189043838633,52.8517169296135,-110.172447123734
21.4,-3.0019736289978,-12.8442230224609,-2.7431914806366,29.7540901190435,41.7263154887141,2.61473643315887,0.668653845787048,-13.0727758407593,-0.279839009046555,-45.8758261642261,54.5311477483984,-111.908817814535
21.405,-2.92476272583008,-13.1062164306641,-2.78705549240112,34.4249013225784,36.5616372119577,1.81839571320379,0.507275342941284,-13.0889558792114,0.307889461517334,-46.1453454288748,55.2156385711658,-114.078980649712
21.41,-2.8718273639679,-13.3812952041626,-2.82793426513672,39.5380219163849,30.9079549566688,0.727664235067652,0.337027430534363,-13.1980648040771,0.843171060085297,-46.4087277685542,54.8301870906399,-116.932483420781
21.415,-2.83919239044189,-13.5951948165894,-2.85926795005798,44.4055459831108,24.8933364773324,-0.222412970727433,0.168201386928558,-13.4224481582642,1.19778716564178,-47.0469645502623,53.1547041211953,-120.822699624832
21.42,-2.76968455314636,-13.7810764312744,-2.93031191825867,49.2151295551074,18.7895908595166,-0.59200894082753,-0.169417798519135,-13.798713684082,1.55102014541626,-47.7371244300408,52.4025192935639,-124.902084748136
21.425,-2.62031364440918,-13.9397993087769,-2.99560523033142,54.3692586046907,12.3986964050306,-0.340235921705121,-0.59714674949646,-14.2414903640747,1.91105759143829,-48.3494747947946,51.5909220654371,-129.175775092948
21.43,-2.35799932479858,-14.0617837905884,-3.02458262443542,60.1580317564787,5.53083404599021,0.57101459350535,-1.08102226257324,-14.707968711853,2.25804877281189,-48.8830560029451,50.2305123073107,-133.640423866575
21.435,-1.85629212856293,-14.0748176574707,-2.89918279647827,67.7093591292506,-2.71616410200332,2.17882799735654,-1.54319071769714,-15.0738048553467,2.40897226333618,-49.706469458336,47.1233943670747,-138.206774156944
21.44,-1.17970204353333,-14.0269193649292,-2.59493732452393,76.4894511940861,-10.670200922343,4.17170153323854,-1.8012090921402,-15.3512277603149,2.6494402885437,-50.8844755995827,41.6815299383263,-142.435617479665
21.445,-0.476893573999405,-13.8908634185791,-2.24390149116516,86.1373939250525,-16.822047293615,6.42302238368125,-1.89756202697754,-15.4818277359009,2.8835461139679,-52.7664761687718,34.2261769686769,-146.161745219096
21.45,0.164571806788445,-13.6483907699585,-1.92057394981384,96.3261510345007,-20.2360866143946,8.83216457329403,-1.8510844707489,-15.4302663803101,3.05862617492676,-55.5724374081235,25.0551743946213,-149.203829513149
21.455,0.554681420326233,-13.3175849914551,-1.75820672512054,103.7301990382,-20.211074461654,10.5322447614871,-1.75886499881744,-15.2621326446533,3.14421105384827,-59.2383877658715,18.4910808569358,-150.369729144092
21.46,0.781658291816711,-12.9440908432007,-1.66173255443573,112.238879875986,-18.3503089505945,12.2962153929501,-1.63992512226105,-15.0734958648682,3.1563503742218,-62.4219116172578,12.3025956434086,-150.308721894426
21.465,0.913873851299286,-12.5318117141724,-1.57845079898834,121.854427019719,-15.00868671049,14.0935062485054,-1.53322494029999,-14.9031105041504,3.11307549476624,-65.0119056901483,6.61072238537555,-149.11757788431
21.47,0.99994432926178,-12.0814790725708,-1.46722388267517,132.646385455528,-10.3780114060654,15.9018227369284,-1.47052276134491,-14.7829418182373,3.02534580230713,-66.8836097491635,1.54217389854519,-146.804069869022
21.475,1.1716947555542,-11.5651912689209,-1.16557025909424,142.247732635977,-5.55557555248494,16.7558217794226,-1.53173315525055,-14.6754922866821,3.08167695999146,-68.0024015654008,-2.804168528138,-143.463410685591
21.48,1.38642466068268,-11.0630102157593,-0.931898772716522,151.208913506277,-0.761658780257893,16.8729134199114,-1.4638546705246,-14.3736810684204,3.13292932510376,-68.9253923487013,-3.92674789771344,-140.580346855793
21.485,1.61799025535583,-10.5733652114868,-0.867430806159973,160.018068026031,4.01241426471785,16.3194785593909,-1.12706887722015,-13.8270130157471,2.79536056518555,-69.4792865394435,-0.603631468195658,-137.994915349268
21.49,1.8348400592804,-10.0952491760254,-1.11235761642456,169.27674461582,8.77601700322194,15.1273424642987,-0.325020611286163,-12.9532098770142,1.55692338943481,-69.4179719312643,9.04240547990984,-135.52899849284
21.495,1.95119392871857,-9.65023517608643,-1.62864887714386,179.904245756793,12.3359047684434,14.0048521006259,1.00528764724731,-11.9983348846436,-1.88458478450775,-69.0901296812928,8.40327565096777,-135.56306747642
21.5,2.01698017120361,-9.32418537139893,-2.06270003318787,190.897612810847,13.990923637361,13.2897902049072,2.08984160423279,-11.4909515380859,-5.14426040649414,-68.7149610505624,5.41362714605915,-136.696168538969
21.505,2.04619431495667,-9.13469314575195,-2.38432335853577,201.499637346216,13.838443079235,13.1818074754502,2.95588421821594,-11.3792133331299,-7.24328231811523,-68.0783054576471,3.14237110786329,-137.969780253123
21.51,2.05625033378601,-9.12042999267578,-2.56170630455017,210.339992170098,11.9465020234827,14.0875366631708,3.71350693702698,-11.5508985519409,-6.45591068267822,-66.7237901527744,6.64468251281567,-137.72999963212
21.515,2.0240786075592,-9.37649631500244,-2.8554801940918,215.887758681928,10.1540119371402,16.2806181981081,4.27466249465942,-11.2033910751343,-5.85144233703613,-70.5307395206536,12.7697344788605,-136.317243304195
21.52,1.96444797515869,-9.80880737304688,-3.1924307346344,219.372043083226,9.52567295331315,19.1708059152098,4.28430223464966,-10.8377370834351,-6.24903202056885,-75.169353212441,12.1993940463706,-133.72226319321
21.525,1.86884129047394,-10.3784236907959,-3.53211712837219,221.013528786077,10.2741404504888,22.5944655574354,3.72032713890076,-10.6403207778931,-7.23981142044067,-79.11702496779,3.41755067834323,-129.837169631037
21.53,1.70384037494659,-11.0187530517578,-3.78376507759094,220.839686811322,12.7560416571219,26.3387035434501,2.59541082382202,-10.9864501953125,-7.39039707183838,-79.4559662751627,-15.3443819704597,-124.234215190714
21.535,1.42488384246826,-11.6367988586426,-3.90749311447144,220.750443559626,15.6213632167766,30.0037574388696,1.67253232002258,-11.6054382324219,-6.69974946975708,-78.0571503633332,-40.4502585668373,-116.905053381075
21.54,1.09865617752075,-12.2114906311035,-3.9041485786438,221.516845426015,17.7590638703761,33.5133169551918,0.974732041358948,-12.1397457122803,-6.06296157836914,-75.6247287545949,-63.3912452340768,-107.292866690413
21.545,0.758540987968445,-12.7182531356812,-3.76907753944397,223.074060254886,18.8331486834011,36.8682375736104,0.460302501916885,-12.497540473938,-5.65702724456787,-71.8445878792081,-81.3122545972212,-95.4587101797199
21.55,0.493642687797546,-13.0634756088257,-3.4797158241272,224.348464270984,18.3866609249046,40.1488047527242,-0.088431216776371,-12.6078119277954,-5.41283321380615,-64.5466127133195,-89.3983789518159,-82.2443978340096
21.555,0.390729933977127,-13.264988899231,-3.11428093910217,224.047703721072,17.5939098962452,42.7108565217201,-0.462332099676132,-12.1682806015015,-5.4801664352417,-55.8723066183491,-89.8363101908296,-69.6260741348962
21.56,0.466565191745758,-13.3727941513062,-2.70614624023438,222.043111501565,16.1784675964287,45.3175811429826,-0.598590075969696,-11.4033012390137,-5.89250040054321,-47.5973514388657,-85.8968551530522,-59.3531554344952
21.565,0.729523360729218,-13.4046506881714,-2.27006816864014,218.228928963355,13.8947451823371,48.1752503294459,-0.426819503307343,-10.3829402923584,-6.62849283218384,-39.419750360717,-78.3634228759058,-51.8638256888196
21.57,1.15582001209259,-13.3885774612427,-1.84299969673157,212.538630063925,9.69384587105721,50.824144538644,0.383927166461945,-9.13211727142334,-7.33910942077637,-23.9406190032168,-65.6029766005428,-45.2662693468429
21.575,1.58199203014374,-13.3214616775513,-1.510138630867,206.453723815388,4.3904272423508,52.7908189629737,2.1550350189209,-7.74587249755859,-7.55237293243408,-11.6732090793175,-58.7379261450063,-38.8815416994038
21.58,1.95503914356232,-13.1868314743042,-1.30603218078613,200.207816347734,-1.17008984527693,54.4191394761993,4.63067483901978,-6.39319086074829,-7.67339277267456,-5.47978307769942,-58.8010097721806,-33.0359447888159
21.585,2.23705983161926,-12.9699211120605,-1.25731587409973,193.870302382933,-6.49304676371269,55.8945047331517,7.66778421401978,-5.18287420272827,-7.95945119857788,-7.22899793923427,-67.036933835652,-27.9902108413606
21.59,2.30245757102966,-12.6288938522339,-1.38647222518921,186.632378240227,-10.4490001234303,57.6256434990481,10.4170866012573,-4.43441724777222,-9.28532028198242,-17.2911668839263,-89.1111763274061,-24.7985505271256
21.595,2.22208857536316,-12.2936639785767,-1.50222730636597,178.64288740201,-13.075104552689,59.6329199828989,12.0803308486938,-4.3908896446228,-10.2198266983032,-28.8571018659132,-109.418127861987,-20.1711776191647
21.6,2.01122212409973,-12.010350227356,-1.58520925045013,170.42101986785,-14.2698745394798,61.8750183704148,12.7900400161743,-4.88056325912476,-10.345775604248,-37.0902870235275,-116.514926636062,-13.2528141220617
21.605,1.67402219772339,-11.8188352584839,-1.61799335479736,162.365754307926,-13.8649015245324,64.3334220187559,12.5933141708374,-5.79940128326416,-9.28161144256592,-37.9372031598524,-100.485237635229,-3.22246019852357
21.61,1.37479782104492,-11.7337884902954,-1.60170209407806,155.756904248156,-11.4358839113217,66.6792709797643,11.5197515487671,-6.46796846389771,-8.07112598419189,-27.98050514255,-55.3307648247209,9.88062080900579
21.615,1.04058921337128,-11.6764993667603,-1.56358003616333,150.534459646495,-8.86020676870517,68.5301976033244,10.2312059402466,-6.78930997848511,-7.36015558242798,-17.3107763570334,-10.3295059639009,22.8667134826575
21.62,0.686357200145721,-11.6292028427124,-1.49845802783966,146.574534531775,-6.63034551886099,69.7565170876651,8.95902156829834,-6.84384632110596,-6.99907207489014,-7.39399738033521,28.6144064616825,34.8367992955706
21.625,0.329358607530594,-11.5703506469727,-1.39776408672333,143.818566862053,-5.39165101240463,70.1472380591357,7.99511909484863,-6.71209383010864,-6.82679557800293,-0.12996395907293,53.6170157204514,44.5831787128553
21.63,0.0849978253245354,-11.4156293869019,-1.2833217382431,141.508200733783,-5.65643738284534,69.1307351559086,7.01269149780273,-6.40484189987183,-6.57790040969849,5.13089274602694,57.4893539043497,52.4726038646374
21.635,-0.113176465034485,-11.2153902053833,-1.14839231967926,139.537117422344,-7.13192729075005,67.1259858420506,5.97615766525269,-6.0291223526001,-6.28024339675903,9.73543318536612,56.2695401751933,58.9489994809272
21.64,-0.260261744260788,-10.9709768295288,-0.983530163764954,138.26976216147,-9.82520065408031,64.1391577783824,4.93051433563232,-5.59840631484985,-5.94502258300781,14.6376025328832,52.5576636254661,65.1166671316379
21.645,-0.334596395492554,-10.6749877929688,-0.768396437168121,138.481880516333,-13.9086787682439,60.0344872947715,3.96380496025085,-5.12116289138794,-5.58656692504883,21.5344338586278,49.3296581671102,72.9887470180227
21.65,-0.334080845117569,-10.3242788314819,-0.50557804107666,139.534262403271,-17.1043714554102,56.5172745514843,3.28205895423889,-4.66744470596313,-5.15612411499023,30.1574196197219,49.0418032596346,83.1519114086508
21.655,-0.294752538204193,-9.98850917816162,-0.23996801674366,141.032368775065,-20.2405211147133,52.348410534959,2.82469820976257,-4.23918867111206,-4.67695236206055,39.7565606490687,47.4151322370935,94.066546872142
21.66,-0.218225538730621,-9.68516731262207,0.0131670935079455,142.752210408074,-23.473358931907,47.4064203308071,2.56819105148315,-3.81944918632507,-4.17311382293701,49.9648008731242,43.1497132513664,105.705558048059
21.665,-0.0927087813615799,-9.44274616241455,0.224606424570084,144.205838587993,-26.9649977393944,41.718218299453,2.48436737060547,-3.35900330543518,-3.70390844345093,60.0424444651546,33.7800187668079,118.615756220974
21.67,0.0432078167796135,-9.23964023590088,0.391316652297974,144.481108871922,-29.9654161719637,36.5071186420026,2.57386636734009,-2.99674916267395,-3.34200310707092,67.2016643380543,21.8599367688085,132.632369907351
21.675,0.154140993952751,-9.07401847839355,0.532687723636627,143.93775366307,-32.3832382513511,32.0332866790363,2.82923793792725,-2.70155572891235,-3.22031092643738,74.0365663385944,8.37315451672802,146.410036255804
21.68,0.219341784715652,-8.94122505187988,0.64831805229187,142.722212217239,-34.1632914169885,28.4503436102715,3.24472832679749,-2.47005724906921,-3.33068227767944,81.0227706896286,-5.8670872470377,159.5332885195
21.685,0.177365034818649,-8.82135581970215,0.716943085193634,141.157975953901,-35.1394722984505,26.2150002798447,3.80093741416931,-2.31767892837524,-3.5021755695343,87.785853251046,-18.049348617649,171.408419335024
21.69,0.0751595795154572,-8.66292190551758,0.773693084716797,139.35191001281,-35.4881295499176,25.0481597903437,4.52141952514648,-2.42569780349731,-3.57660722732544,92.9347298851576,-27.8289791033606,182.445062467659
21.695,-0.0356890112161636,-8.48731899261475,0.80718457698822,137.153545326549,-35.3600976539257,24.6457813935072,5.33317804336548,-2.68912243843079,-3.7185206413269,98.5824835362469,-34.9906117405847,192.858204951721
21.7,-0.140405654907227,-8.29639911651611,0.811758279800415,134.427862715607,-34.8591613349132,24.8922795055584,6.1721773147583,-3.04888844490051,-3.96348333358765,105.372053571266,-38.7837880320025,202.669430184985
21.705,-0.26048931479454,-8.05044174194336,0.779258608818054,130.606344554229,-34.5198887633657,25.5080125214986,6.70404624938965,-3.28235626220703,-4.12667274475098,112.511274650276,-34.4515458905306,211.616158375002
21.71,-0.342093974351883,-7.84007978439331,0.76038122177124,125.670453709005,-34.7958659718747,25.9862008954803,7.16013097763062,-3.57067179679871,-4.07964897155762,119.440160053795,-26.612286770655,219.989055052088
21.715,-0.406377196311951,-7.6048583984375,0.75447154045105,119.874587405764,-35.6268233712039,26.2120837890691,7.59825992584229,-3.90649724006653,-3.99440956115723,125.660495293196,-18.4256339843087,227.072111485553
21.72,-0.462858140468597,-7.30965709686279,0.760836660861969,113.305379763938,-37.0041071116748,26.0952397429377,8.03630352020264,-4.28208208084106,-3.95544648170471,131.020049112256,-11.31933014823,232.554280860594
21.725,-0.499204725027084,-6.9215235710144,0.760260105133057,105.966327840381,-38.789552711662,25.3505459252785,8.26451015472412,-4.58011245727539,-3.88786625862122,138.220270610744,-1.32371926256562,238.92870516767
21.73,-0.540455222129822,-6.52857637405396,0.733135938644409,98.4130470335064,-40.6814570551476,24.1116144966353,8.42498588562012,-4.90887355804443,-3.62537264823914,145.720514998713,13.7955418072845,246.059094812083
21.735,-0.582671701908112,-6.13559150695801,0.666261613368988,90.7863075421084,-42.5664253415311,22.3879360048598,8.6158332824707,-5.16953706741333,-3.45296907424927,153.86200486672,30.6594829199475,253.069628296941
21.74,-0.622779130935669,-5.74636793136597,0.546695470809937,83.1936506946688,-44.353790224675,20.1573823445886,8.9169921875,-5.27927589416504,-3.60301089286804,162.955623105026,46.6855382601419,259.255921873519
21.745,-0.621990978717804,-5.39564847946167,0.377171546220779,75.4509004402181,-45.4821818717907,17.3995295426558,8.63096714019775,-5.31131887435913,-3.3788902759552,169.201721817976,60.513788989588,266.439696276484
21.75,-0.611645758152008,-5.07743978500366,0.205478832125664,69.1922888207087,-46.052772459959,15.093818188305,7.84177160263062,-5.3172345161438,-2.82604551315308,174.960281627971,74.2475372216778,275.426913827901
21.755,-0.589142739772797,-4.79460906982422,0.0408037565648556,63.2856368491301,-46.1426953154768,12.9189032490127,6.68189907073975,-5.31497383117676,-2.19114112854004,180.710863777015,85.9794662910635,285.635341882158
21.76,-0.550279200077057,-4.5534782409668,-0.104772016406059,56.3355232176702,-45.8118751030272,10.4811079889449,5.28930187225342,-5.32646083831787,-1.7777761220932,187.055412836661,93.1592382031759,296.427395940615
21.765,-0.455170720815659,-4.40620231628418,-0.268691778182983,47.4125811614385,-45.2419265526409,7.67871637720813,3.93706130981445,-5.49905014038086,-1.86339092254639,192.387099483908,85.9130631919527,304.786755182767
21.77,-0.342804104089737,-4.29910087585449,-0.423774898052216,37.9379100844315,-44.7494904040505,4.94841100885853,2.92328906059265,-5.8754448890686,-2.04036283493042,197.539643929604,66.8251296694899,310.611704431494
21.775,-0.207212015986443,-4.21945333480835,-0.565425992012024,27.9613925657051,-44.2604727651397,2.36995739434442,2.35639238357544,-6.48361253738403,-2.28137898445129,202.633694635248,36.9923079598836,313.840662701239
21.78,-0.0305393505841494,-4.15169763565063,-0.686385214328766,17.3751372295824,-43.6015439253411,0.0645095025346507,2.45743322372437,-7.39644384384155,-2.58433866500854,207.803915610516,-2.91017242372636,314.094144681717
21.785,0.165373966097832,-4.06929397583008,-0.779598951339722,6.36573673333871,-42.3520017978223,-1.81949729465087,2.91130256652832,-8.1647834777832,-2.91465187072754,213.40274461658,-35.5295204962879,311.982933209266
21.79,0.366009384393692,-3.9541347026825,-0.843853831291199,-4.69843334231206,-40.4194373382076,-3.53395375038635,3.64746427536011,-9.04808616638184,-3.27632594108582,218.814330816738,-54.6403522279431,309.036908695699
21.795,0.561988055706024,-3.80201148986816,-0.872520208358765,-15.6789912303513,-37.6536068753243,-5.10708142591981,4.56777000427246,-10.1236867904663,-3.73956942558289,223.75886868145,-60.6815316054143,305.954280398733
21.8,0.730882406234741,-3.60390543937683,-0.843517661094666,-26.2997253614041,-33.5753214124772,-6.51653493049472,5.42908668518066,-11.5396900177002,-4.51640224456787,227.603950995466,-56.0053860241377,304.197473781935
21.805,0.86266815662384,-3.37121796607971,-0.709749758243561,-36.2616006620973,-28.5197724831846,-7.84130390775841,5.86150074005127,-12.9997148513794,-5.16953039169312,231.784436578864,-41.171984165865,303.285233716388
21.81,0.950637519359589,-3.17076468467712,-0.562161445617676,-45.6209883911983,-23.2648742376815,-9.15112501602352,6.03527641296387,-14.1356191635132,-5.63921022415161,235.084264891437,-21.4625853912011,301.683199186183
21.815,0.989806532859802,-3.01344466209412,-0.40453252196312,-54.3897730778628,-18.0929644981414,-10.4438108872084,5.93509531021118,-14.8235807418823,-5.87312602996826,237.108295829322,0.240693198308605,298.710454972584
21.82,0.963624119758606,-2.88330435752869,-0.163556978106499,-62.5669780050397,-13.5436999259815,-11.6394098882097,5.31920862197876,-14.853910446167,-5.68688440322876,237.228589120984,15.7692248594763,292.724012731121
21.825,0.907897114753723,-2.78862977027893,0.201017752289772,-70.163883230143,-9.59332683081578,-12.5762326583531,4.06234502792358,-14.5375108718872,-5.03791809082031,236.392382721278,16.2943895670221,284.637587848203
21.83,0.83419793844223,-2.75180697441101,0.648743093013763,-77.1524713171975,-6.01295148629202,-13.1754827202788,2.5816433429718,-14.0918655395508,-4.0592474937439,234.629046443634,5.19174845087128,275.246296305489
21.835,0.740592122077942,-2.78758692741394,1.16024243831635,-83.5076344908142,-2.78814447745832,-13.3261105895924,1.15062987804413,-13.5619554519653,-2.85862636566162,231.911423455913,-16.3484044105259,264.64171727937
21.84,0.584274053573608,-2.9379563331604,1.6709498167038,-89.2577385266162,-0.340444696042056,-12.4408139127739,0.866328954696655,-12.7418737411499,-2.01471328735352,228.173971262838,-45.1795430198566,251.695776726528
21.845,0.34772065281868,-3.22039222717285,2.12775325775146,-94.8101085859463,1.04622223024464,-10.9551794664044,0.612428545951843,-11.7205305099487,-2.56076455116272,225.745401880792,-87.0634036519662,237.997395213961
21.85,0.0713160634040833,-3.63309979438782,2.5654981136322,-99.5617550783083,1.6068039232362,-9.3629214982228,0.142535001039505,-10.868745803833,-2.99969625473022,223.870747180055,-126.508695505084,224.75535230022
21.855,-0.222804829478264,-4.18949365615845,3.00501585006714,-103.223959077297,1.35566587158277,-7.88682797235019,-0.63435286283493,-10.3922901153564,-2.57374334335327,222.096769467684,-155.268928213094,212.60598938952
21.86,-0.480013608932495,-5.01781702041626,3.50929284095764,-107.12863479182,-0.854529235928527,-5.95343364475136,-0.799520671367645,-10.3027238845825,-1.97254741191864,218.884149010434,-174.512876916578,201.062040786471
21.865,-0.720385849475861,-5.98730611801147,4.04960966110229,-111.276676976661,-5.10157928165654,-3.7693444807432,-0.234075367450714,-10.3307113647461,-2.16925525665283,214.525026659483,-191.79523627157,190.837794014096
21.87,-0.968327343463898,-7.07421970367432,4.59300184249878,-115.657519329172,-10.9709179297994,-1.43946033986778,0.814858198165894,-10.363410949707,-2.69805073738098,209.26951028186,-205.681748514636,181.753396531169
21.875,-1.24372637271881,-8.2668514251709,5.11342144012451,-120.277008491283,-18.2319093288797,0.961653816149301,2.18019008636475,-10.3112993240356,-3.20851373672485,203.261785170944,-214.822945850701,173.735519426761
21.88,-1.73132765293121,-9.68072509765625,5.53020191192627,-123.560635595145,-24.0349729439586,3.24592723440785,3.52063345909119,-9.70566654205322,-4.06345081329346,198.109199744113,-215.549117902878,168.50821173041
21.885,-2.37676453590393,-11.4154691696167,5.99831676483154,-122.829272599199,-26.2951781629642,5.71446667003377,4.53640699386597,-8.87830924987793,-4.44528007507324,190.912284057184,-207.903171919534,162.924149593331
21.89,-3.12192583084106,-13.4721355438232,6.4920539855957,-116.69047615811,-24.7401319191545,8.25776871598441,5.28315591812134,-7.9794225692749,-4.1747670173645,180.841757522269,-192.077186480508,156.639952085191
21.895,-3.90147137641907,-15.8768129348755,6.98108053207397,-102.978707474769,-18.7341075253413,10.7440028238723,5.81009674072266,-7.19220876693726,-2.97653651237488,166.63464985994,-167.683302463591,149.170375246595
21.9,-4.330482006073,-17.8513889312744,7.16685581207275,-78.4752125820514,-10.1746792357951,10.534021464445,6.50930881500244,-6.55681610107422,-1.28512561321259,146.810927378949,-135.448333958742,141.199640107838
21.905,-4.13382911682129,-18.8641490936279,7.27748918533325,-49.2397865380111,-6.67630073914413,6.61687595893091,7.39094209671021,-5.85315227508545,0.133603394031525,123.21735028746,-98.7187936215128,132.574627488108
21.91,-3.43119621276855,-19.0048160552979,7.41913414001465,-16.3181825309959,-10.9567657778391,-0.745032178827378,8.18325996398926,-5.01377964019775,1.0669584274292,96.5272864451792,-57.8841934798898,122.86991222476
21.915,-2.42505192756653,-18.4075736999512,7.77217388153076,19.3340388986367,-28.1828768174684,-11.3107147183657,8.36092376708984,-3.91980385780334,1.14146900177002,67.4962845479028,-12.8981924079019,111.181846630224
21.92,-1.03527534008026,-16.914083480835,9.01712703704834,57.5810765147138,-55.331611768178,-19.7158396430512,6.52591514587402,-2.93729472160339,0.161498427391052,41.1903710351107,33.8011513720999,96.0747044503958
21.925,0.143705531954765,-15.0145597457886,10.4610748291016,92.4123296966783,-80.0262119387779,-23.7157606380035,3.96374797821045,-2.4929883480072,-1.11301743984222,17.9336059395212,74.9427821772934,78.5873369674663
21.93,0.909641444683075,-12.9241132736206,11.6522922515869,119.985796545831,-97.0986181088724,-22.8171126489049,1.07426035404205,-2.67045307159424,-2.35915303230286,-2.11235467536327,108.727568416142,59.099926171017
21.935,0.852776944637299,-11.0729007720947,11.5056638717651,130.65068614232,-95.3222293397247,-15.9555541275816,-1.47659587860107,-3.61414313316345,-2.91124844551086,-18.3031772302269,131.896949779037,38.1588769493651
21.94,0.409874111413956,-9.84191608428955,9.70860290527344,121.228672408719,-74.3991537608737,-6.48374703427089,-3.06250834465027,-4.39596319198608,-3.09739422798157,-32.0667921720098,143.357460791185,16.6682570467157
21.945,-0.0302808750420809,-9.0667085647583,7.40863847732544,102.857177918867,-47.5079647531977,2.63225458771948,-4.23321008682251,-5.0931830406189,-3.31000733375549,-45.1028980520853,144.456042077668,-5.15338498585061
21.95,-0.34865465760231,-8.69854068756104,5.01518821716309,80.2682943335306,-20.0073077205978,10.2391929338268,-5.06417655944824,-5.71892499923706,-3.59522819519043,-57.244604320726,136.414901348947,-26.1206446315556
21.955,-0.378544688224792,-8.67440795898438,3.29133129119873,64.4076934957906,-3.72561163326126,13.9212454625431,-5.35789394378662,-6.25715923309326,-3.77596187591553,-66.0134299885256,123.590606465223,-40.9201789968287
21.96,-0.240510240197182,-8.81375312805176,2.41767454147339,50.7231021351574,5.15292480185528,15.5149949732847,-5.02468204498291,-6.60562658309937,-3.80729341506958,-76.0400520674559,103.931634977202,-55.6656524148212
21.965,0.0090713798999786,-9.01073265075684,2.1203920841217,39.4314709653327,8.62673638872214,16.0699341829699,-4.53451585769653,-6.99195671081543,-3.75759291648865,-87.2184967574497,81.0557741636981,-70.009131634118
21.97,0.360254526138306,-9.22097492218018,2.31201195716858,31.3189410994068,7.46949999896782,16.0010107440553,-4.05585956573486,-7.53691673278809,-3.64403009414673,-98.7548501901413,56.717453735679,-83.3036782120085
21.975,0.860624730587006,-9.36617088317871,2.9016797542572,31.4797749788877,3.72611535971255,16.0013761591759,-3.68323564529419,-8.57119750976563,-3.43620896339417,-104.301237003758,35.8072291577514,-91.4310773997576
21.98,1.39594233036041,-9.49166107177734,3.57679653167725,38.1353367023907,3.71596527171908,16.6453605450705,-3.39356374740601,-9.65575313568115,-2.7508327960968,-108.070463236852,25.565218770892,-97.5152050067298
21.985,1.92453169822693,-9.5839786529541,4.18124198913574,49.823275938427,7.03596227913772,17.5160286642342,-3.11311292648315,-10.8736896514893,-1.83463907241821,-109.579743798128,20.1005773688089,-102.239079949927
21.99,2.42679905891418,-9.63284397125244,4.61879301071167,65.8364871078872,13.5076245743328,18.3594938474809,-2.82437562942505,-12.2947130203247,-0.780026316642761,-107.922132018646,16.5821505593967,-105.431086896262
21.995,2.95270848274231,-9.61434459686279,4.7112512588501,82.306928215861,20.4174759481827,18.3400192706099,-2.90343523025513,-14.2505912780762,0.863021492958069,-93.6192377833979,15.2348547644766,-98.8737091420779
22.0,3.45230102539063,-9.79892635345459,4.73298931121826,93.7618453030786,25.3066807428814,17.6783464023122,-3.74382758140564,-16.3632640838623,2.55682945251465,-76.8675636363488,22.0962135027667,-83.6496477840372
22.005,3.85832905769348,-10.1621627807617,4.64909696578979,100.34532804027,28.880252792105,16.7923889046915,-4.96757078170776,-18.3281726837158,4.23811721801758,-58.6509983274396,31.3296440058362,-62.8995672364843
22.01,4.11153984069824,-10.6955518722534,4.42532348632813,101.873794602925,31.6187761586866,16.0010329421701,-6.29729270935059,-19.8938636779785,5.85575151443481,-39.6629494913991,38.434929289955,-38.784812560378
22.015,4.11762857437134,-10.9858655929565,4.12312173843384,94.0753578161713,35.2586966655077,17.3713174462891,-6.26398515701294,-18.4680843353271,5.24500703811646,-22.737119180893,20.3384779802423,-26.9178796794051
22.02,3.91630816459656,-11.0099782943726,3.90332055091858,80.0286639766899,39.2521955750928,20.1149412566334,-5.69689702987671,-16.602180480957,3.62505340576172,-17.4055179110106,-12.6100788070115,-27.0513569437128
22.025,3.50452518463135,-10.8091726303101,3.82435321807861,61.3610193146147,44.1688389472348,24.0209147070994,-4.58288431167603,-14.5351696014404,1.61896431446075,-21.1593454826201,-54.7839398797697,-36.5757415525937
22.03,2.86225461959839,-10.4180135726929,3.9704692363739,39.7615159513115,50.7952494233602,28.9135602095926,-2.86336183547974,-12.551887512207,-0.020128108561039,-31.5453960213386,-99.8231805687905,-52.9348027657721
22.035,1.70911395549774,-10.0814199447632,4.25354433059692,20.042341468398,63.2650369985933,34.6709964534685,-0.972474753856659,-10.5986747741699,-0.619079113006592,-41.2918881367446,-122.094098357695,-64.0157430902694
22.04,0.127999618649483,-10.0986099243164,4.48746585845947,5.71800726934477,77.150360788744,39.9557323803608,0.784558057785034,-9.36681175231934,-1.31409871578217,-52.3150040797285,-128.741511665518,-73.1441065008839
22.045,-1.75857615470886,-10.5327682495117,4.67724466323853,-1.92711652997794,89.3653754777464,44.1549770783143,2.49687433242798,-8.90156173706055,-2.01139831542969,-63.5749909831285,-123.881640825757,-80.889288302679
22.05,-3.75936460494995,-11.5160112380981,4.84732007980347,-0.126360820842337,94.3534967795526,46.1341644092035,4.3607873916626,-9.29662036895752,-2.41391229629517,-72.9250213530665,-113.35021312565,-87.8345320092606
22.055,-5.37714862823486,-12.750599861145,4.70761108398438,4.61658761237462,91.7425408560993,46.0536091581323,6.2611837387085,-10.0601186752319,-1.84557068347931,-80.5566785806669,-102.894484412113,-90.1107813426266
22.06,-6.6507453918457,-13.9285840988159,3.95265507698059,7.19013843172513,84.1106787228238,44.2024332326675,8.07837963104248,-10.8049545288086,-0.978312015533447,-87.4466455662956,-88.3398089134907,-88.7109340722325
22.065,-7.61334896087646,-14.9837532043457,2.67529535293579,6.2315999288893,71.3111364446517,40.2905926497045,9.78848743438721,-11.3826475143433,-0.0896885618567467,-92.9715446047839,-69.6598084392069,-84.4918647502131
22.07,-8.31913757324219,-15.8243083953857,1.20920896530151,-0.685562788941135,51.5096325690302,33.1818478747711,11.3558044433594,-11.4868202209473,0.259159445762634,-94.8386177955419,-47.9207848017279,-79.3289179264113
22.075,-8.65498447418213,-15.7138204574585,0.238395437598228,-2.55702496321026,23.6030812997185,23.3374740259169,12.3774642944336,-11.2256689071655,-0.102637834846973,-95.8787941344323,-28.7846745399544,-75.9443133058598
22.08,-8.35206985473633,-14.6431550979614,-0.676968038082123,1.29509009777269,-6.85432791231322,12.9704097055437,12.7598457336426,-10.9373426437378,-0.6666579246521,-96.8678328470069,-10.0942153385041,-72.8909455392973
22.085,-7.29059886932373,-12.7100257873535,-1.59173858165741,9.49137515839594,-37.5749299262749,2.7520302791087,12.4759407043457,-10.6862421035767,-1.39556550979614,-97.9598913028327,8.69328036048464,-69.6167919078142
22.09,-5.18035459518433,-10.3795537948608,-2.32209372520447,14.9167182133158,-63.4371645958668,-6.39750778514984,11.4933319091797,-10.434757232666,-2.62355160713196,-99.0986750827706,27.9530785179379,-64.9928631227423
22.095,-2.92681550979614,-8.56636619567871,-2.49434781074524,15.0483154680544,-84.1611948019253,-15.5434751545764,10.1545896530151,-10.1995897293091,-3.89102864265442,-100.18214799081,46.1857050166804,-60.4929842333761
22.1,-0.910400331020355,-7.21680784225464,-2.41549181938171,12.548455986546,-100.53913465797,-24.5697596804977,8.84305477142334,-10.0665464401245,-4.72806215286255,-100.740393012053,62.1823563924979,-56.9452200539314
22.105,0.713219046592712,-6.33252191543579,-2.20716214179993,8.21027328804343,-112.524088085158,-33.2012080459735,7.65899610519409,-10.0859308242798,-4.95621156692505,-100.400194949873,75.2522443882083,-54.6249535664593
22.11,1.80410087108612,-5.95830678939819,-2.06100511550903,1.71540446464794,-118.649210487529,-39.5858059198184,6.34356737136841,-10.3986711502075,-4.54788684844971,-97.5993734278719,83.7523738291541,-53.2200587862686
22.115,2.48895668983459,-5.86688232421875,-1.9326171875,-6.99921799583717,-122.442847816716,-42.6773168778008,4.94784450531006,-10.7589673995972,-4.36690998077393,-95.2199677474712,88.681427655018,-52.3233676463672
22.12,3.00415945053101,-6.00487947463989,-1.70678806304932,-17.05929732953,-123.991005814748,-42.861667098594,3.47836995124817,-11.1167507171631,-4.48004150390625,-93.3612205573115,89.7955817728089,-51.936478411021
22.125,3.47193551063538,-6.35816764831543,-1.31931602954865,-28.0079454275406,-122.875690564798,-40.1472372243096,1.93547761440277,-11.438835144043,-4.91282367706299,-91.9025312072177,86.2748309915316,-52.0743252888502
22.13,4.01648092269897,-6.94996118545532,-0.806510448455811,-38.5815324703001,-113.002010081763,-33.925798909358,0.336763560771942,-11.6060733795166,-5.19670820236206,-87.2094057756644,69.4900372571971,-52.4808205822089
22.135,4.38275671005249,-7.56891584396362,-0.519672870635986,-48.9588062159352,-96.7372874414004,-26.1037484510963,-1.0843403339386,-11.4213809967041,-5.55435991287231,-81.553291973031,47.4815455814881,-51.7689407008697
22.14,4.49647903442383,-8.18964958190918,-0.418002516031265,-58.8001559985343,-76.7793449130289,-17.5000596819547,-2.15182495117188,-10.9527797698975,-6.09997892379761,-75.8105850321002,24.330153229319,-49.9021885290027
22.145,4.28306150436401,-8.79206848144531,-0.480362117290497,-67.8024682680162,-55.0493439554435,-8.71871171608553,-2.70395135879517,-10.2370281219482,-6.93596935272217,-70.6735246252527,3.21388574979426,-46.7808057386852
22.15,3.54415225982666,-9.43499660491943,-0.410713344812393,-72.9130958427757,-34.4820939115935,-1.27825368146861,-2.09772562980652,-9.64284706115723,-7.42632579803467,-66.0570544067544,-15.9557146370271,-43.562150809303
22.155,2.53234696388245,-9.9093656539917,-0.381976515054703,-75.7138149119394,-18.7313310534437,3.91239382828583,-1.05579304695129,-9.24390029907227,-7.46408796310425,-62.0061306817224,-33.1984144986029,-40.5644081033411
22.16,1.34224545955658,-10.1520671844482,-0.480501472949982,-77.3086026114349,-4.97690869250994,7.70198170906848,0.243702307343483,-9.00400829315186,-7.15034675598145,-58.4800865038383,-46.5879041210512,-37.8154311322348
22.165,0.0789879113435745,-10.0659885406494,-0.824568271636963,-78.9917183172769,10.1708679902382,11.0491159118332,1.59675121307373,-8.88995265960693,-6.58507299423218,-55.4682121364837,-53.4075406487962,-35.3693388998727
22.17,-1.01153087615967,-9.81659317016602,-1.3356796503067,-82.2827220254425,28.9587043449118,14.0822475354323,2.71906900405884,-8.94029521942139,-5.98646831512451,-52.2891996250442,-52.8789386485506,-33.3071408649058
22.175,-1.90803337097168,-9.57630062103271,-1.83810710906982,-85.4529270079472,47.3147455317672,16.2145514858139,3.45233726501465,-9.05685997009277,-5.39137411117554,-49.4608387803094,-47.7417928643385,-31.051207929226
22.18,-2.59253692626953,-9.35172557830811,-2.32403230667114,-88.1135793878015,64.0381666013146,17.3704448896226,3.81714987754822,-9.25002574920654,-4.70486164093018,-47.1526105012495,-38.6389436253687,-28.6787827021571
22.185,-3.01089262962341,-9.13890838623047,-2.79540228843689,-89.6563961779023,77.110465653802,17.3657047383386,3.830406665802,-9.557861328125,-3.73356437683105,-45.6858649430297,-26.0825799873111,-26.3847765844964
22.19,-3.12867474555969,-8.99867343902588,-3.28239297866821,-90.2171888597062,83.0818678187123,15.8355425812226,3.55838322639465,-9.86116218566895,-2.98033761978149,-44.4609046663337,-13.5968806326328,-25.0299966097934
22.195,-3.11212944984436,-8.94165802001953,-3.66578340530396,-89.7262212017874,83.4633680348034,13.355329285088,3.08216834068298,-10.1273040771484,-2.41716313362122,-43.3987658541671,-3.92728662888422,-24.2646397623476
22.2,-3.01367592811584,-8.97674942016602,-3.8899986743927,-87.9700224718262,78.2442770560241,9.97546908468882,2.43390798568726,-10.3477392196655,-2.04510283470154,-42.4046147449989,3.01003192382606,-23.9142254447165
22.205,-2.91790676116943,-9.13430023193359,-3.8222496509552,-84.2379524678179,66.3349133323797,5.55158800267012,1.66199088096619,-10.5053014755249,-1.89480972290039,-41.2374446988704,8.20889871247297,-23.6361052643555
22.21,-2.93082618713379,-9.39705467224121,-3.50553321838379,-77.8185513650572,49.9154800771276,0.0244739585133842,1.04302167892456,-10.5865392684937,-1.9408084154129,-39.654029264343,11.9611818075563,-23.0448038350764
22.215,-2.9806661605835,-9.62788867950439,-3.17454957962036,-69.7137464430825,32.6536659311594,-5.81621855942039,0.618678569793701,-10.5928936004639,-2.01361322402954,-38.2645399758252,14.6986063674552,-22.0868424832255
22.22,-3.04676222801208,-9.79440116882324,-2.88429689407349,-60.4433492486776,15.8744609991133,-11.6018216496598,0.398598462343216,-10.5208654403687,-2.06771945953369,-37.2109115793645,16.4942596851569,-20.8117674010419
22.225,-3.10444617271423,-9.88251686096191,-2.65673398971558,-51.4312356577368,2.09342160442741,-16.4015381596267,0.386074066162109,-10.3526725769043,-2.06025743484497,-36.5452857390846,17.2574820984871,-19.5042745335101
22.23,-3.08537983894348,-9.90627193450928,-2.5153284072876,-44.8570249023432,-7.75860312351424,-19.968891321611,0.479141145944595,-10.1590871810913,-2.04144024848938,-36.3398268186615,17.5546585066325,-18.7596609705736
22.235,-2.98092889785767,-9.87537670135498,-2.44259452819824,-40.6605259404361,-14.6632618460476,-22.5189424482353,0.625155389308929,-9.95570945739746,-2.06791234016418,-36.3147156281779,17.5043012294292,-18.6264347157179
22.24,-2.77712750434875,-9.79845142364502,-2.42117810249329,-38.9012126442134,-18.9459577952803,-24.0852175230405,0.791711270809174,-9.75297355651855,-2.1762421131134,-36.367991103704,17.2414448143159,-19.1357482617474
22.245,-2.40734100341797,-9.73142719268799,-2.34316229820251,-39.6260015830839,-21.2472158662923,-24.598798229754,0.851100742816925,-9.59391307830811,-2.49188423156738,-36.4083882575501,17.6073380481535,-20.2505973512863
22.25,-2.03346133232117,-9.74391937255859,-2.17413830757141,-40.7539560980927,-23.5322624833092,-24.3493272778666,0.703147351741791,-9.49365520477295,-2.88539838790894,-36.0156523802744,18.1748960323303,-21.5633733701411
22.255,-1.70182681083679,-9.77322483062744,-1.94550442695618,-41.8033122112276,-25.5695405730893,-23.6971108064748,0.472689718008041,-9.44727230072021,-3.23962068557739,-35.3092366502712,18.2344843101968,-22.820452611409
22.26,-1.43980717658997,-9.78762340545654,-1.66958141326904,-42.5586218504043,-27.2510972882533,-22.7618188524791,0.21952648460865,-9.45489501953125,-3.49001288414001,-34.3343705802244,17.3247919052103,-23.8571096953296
22.265,-1.25759673118591,-9.79508113861084,-1.3294643163681,-43.7969419771168,-29.0813574669323,-20.677349278176,-0.0834281966090202,-9.51182746887207,-3.62722778320313,-33.0840395658565,14.3917123076682,-24.1734123406983
22.27,-1.11093354225159,-9.83756065368652,-1.05230116844177,-45.8572651251566,-30.3811356357965,-17.35318500159,-0.388371139764786,-9.58235168457031,-3.82269978523254,-31.9683828064483,11.1271849740465,-24.1684911894013
22.275,-1.00570094585419,-9.86494255065918,-0.849100172519684,-48.4114109501882,-30.5717149891128,-13.1224061740123,-0.647456228733063,-9.67150402069092,-4.01108503341675,-30.750799134056,7.15172416717251,-23.7272763369441
22.28,-0.949117720127106,-9.83641242980957,-0.733151018619537,-51.2283995299549,-29.1245789040001,-8.19461337182389,-0.819794178009033,-9.78443622589111,-4.13994073867798,-29.2367271950771,2.1197611617445,-22.7314689069021
22.285,-0.847217381000519,-9.72086715698242,-0.590176045894623,-53.9146480437238,-25.625691558256,-3.48526410655768,-0.633213639259338,-9.882080078125,-4.26088333129883,-26.9405063885781,-4.86172054036544,-21.2576284896819
22.29,-0.717633783817291,-9.64170169830322,-0.421100407838821,-57.0951119703619,-21.3325642026135,0.446955626454587,-0.123152241110802,-9.95096492767334,-4.42612600326538,-24.5669285670867,-11.9562239439925,-19.717367897878
22.295,-0.606173157691956,-9.61080074310303,-0.26713615655899,-60.5496748034872,-16.2402551952079,3.45870406219644,0.620264053344727,-10.0168428421021,-4.52173900604248,-22.2572215520714,-17.9310292506568,-18.1178058961527
22.3,-0.57178121805191,-9.64680767059326,-0.181224882602692,-64.0228874681412,-10.2810782151382,5.29907975103616,1.50175046920776,-10.1118392944336,-4.39922285079956,-20.193736026446,-21.1512004820348,-16.4633189282168
22.305,-0.650196194648743,-9.66157722473145,-0.288237661123276,-66.1594730933588,-2.05963372582041,5.63990064109109,2.39032626152039,-10.2059841156006,-4.23909950256348,-18.6676788130211,-21.296852558538,-15.1451590127487
22.31,-0.764911770820618,-9.61743927001953,-0.476557374000549,-67.1417840696008,7.77857374287372,5.37678169058151,3.13631868362427,-10.2560729980469,-4.16315317153931,-17.3782125222562,-18.8581864493511,-13.8548423634322
22.315,-0.88121634721756,-9.52249050140381,-0.690352618694305,-67.0281911935144,18.9407207477342,4.67089956910727,3.70165133476257,-10.2616958618164,-4.10523509979248,-16.2798907829615,-13.6346652391213,-12.5349817308608
22.32,-0.941561341285706,-9.39068984985352,-0.838268220424652,-65.7947546520584,31.0792902519985,3.68675724839399,4.01091766357422,-10.22194480896,-3.9290919303894,-15.3383833568211,-4.90158152436163,-11.1062000715953
22.325,-0.918881118297577,-9.29130077362061,-0.961921691894531,-64.5629368654358,42.1634373503111,2.53571946875487,4.14973974227905,-10.1427087783813,-3.76575779914856,-14.4975204756481,5.1889134954789,-9.50849673509786
22.33,-0.821583807468414,-9.1648416519165,-1.08822739124298,-63.5968066073375,51.6751007318629,1.3857293761014,4.13822507858276,-10.0307493209839,-3.67861199378967,-13.5201801695745,15.1608155138737,-7.7586816706897
22.335,-0.672787070274353,-8.99984455108643,-1.20685267448425,-62.9054343689813,59.3813163044432,0.27316778628468,3.99305319786072,-9.90351390838623,-3.651451587677,-12.4400532004551,24.6137614666782,-5.87171341953992
22.34,-0.532003223896027,-8.78106498718262,-1.27725374698639,-62.4441916943303,64.6286091343055,-0.753797926214296,3.74328303337097,-9.8079080581665,-3.61954736709595,-11.4320205855724,32.8726076450042,-3.87252942919505
22.345,-0.436776667833328,-8.60747528076172,-1.28481507301331,-62.5526004568368,67.5379487018399,-1.60704265969204,3.24781703948975,-9.7651538848877,-3.49419808387756,-10.4544241474049,38.3415640190955,-2.0873871322957
22.35,-0.394471317529678,-8.49441051483154,-1.27781987190247,-63.1704252182103,69.0635056039081,-2.57925936339276,2.59031558036804,-9.75412654876709,-3.39692425727844,-9.53443693979193,40.8152331402315,-0.822472116585042
22.355,-0.412170380353928,-8.44481754302979,-1.27497231960297,-64.175460233821,69.5108283530306,-3.68475429541989,1.79456460475922,-9.77140998840332,-3.33589196205139,-8.62179986949952,39.9440834927314,-0.144171406217004
22.36,-0.515564620494843,-8.45712280273438,-1.31527554988861,-65.0576064858848,69.3516098132884,-4.69759835168602,0.887905597686768,-9.82217597961426,-3.22768425941467,-7.45479972432666,34.302395049625,-0.0561048813897772
22.365,-0.615409791469574,-8.51198863983154,-1.39948797225952,-66.3785514109869,68.9338276323263,-6.07516767944167,-0.0326862186193466,-9.8744478225708,-3.04490756988525,-6.51184130987445,24.668804253652,-0.69046846559079
22.37,-0.722079455852509,-8.5782642364502,-1.53012156486511,-67.8522671772547,68.5635562472307,-7.74196734401703,-0.808899343013763,-9.94329738616943,-2.83189558982849,-5.70847445969755,12.9776138475708,-1.78478381868963
22.375,-0.837711155414581,-8.64152240753174,-1.70783078670502,-69.3113526783204,68.4050070660272,-9.65415734933756,-1.34738492965698,-10.0225667953491,-2.63053512573242,-4.99489855701011,0.0841774991571652,-3.19344897002394
22.38,-0.94917368888855,-8.66916656494141,-1.91933715343475,-70.1650170415453,68.9181864991269,-11.5963122483206,-1.37280440330505,-10.017406463623,-2.66156029701233,-4.17004948123305,-11.973602506562,-4.35847348297937
22.385,-1.04886484146118,-8.66055011749268,-2.14358019828796,-70.5622198625382,69.3996533639103,-13.4529506175741,-1.12677824497223,-9.93170642852783,-2.92616939544678,-3.76924074724518,-21.4041155568112,-4.82654634680034
22.39,-1.13836312294006,-8.63341808319092,-2.34438705444336,-70.6018827710484,69.3686443050784,-15.1517945415274,-0.723952531814575,-9.80757904052734,-3.18563556671143,-3.53566023046179,-27.6086696441346,-4.63344964188809
22.395,-1.21878373622894,-8.59804916381836,-2.49947905540466,-70.3014773909729,68.4941205441284,-16.6349530443227,-0.214286342263222,-9.66554832458496,-3.31357574462891,-3.3610812356065,-30.1758235644405,-3.82068060943184
22.4,-1.30539321899414,-8.58944511413574,-2.57492136955261,-69.3936769483865,65.8966132631508,-17.7048594891229,0.435297787189484,-9.51340866088867,-3.30814123153687,-3.56991832490446,-30.6130649543481,-3.45643985448658
22.405,-1.36236941814423,-8.58869552612305,-2.61442422866821,-68.4589519000919,62.1308909171019,-18.4186962196593,0.965979754924774,-9.41337013244629,-3.1566002368927,-3.79245784089453,-28.7207166485664,-3.28237525825315
22.41,-1.41335237026215,-8.594313621521,-2.6153347492218,-67.7489059245449,57.5066001320039,-18.7702802071857,1.32580852508545,-9.36187267303467,-2.9364812374115,-4.02657623507505,-24.2605536016766,-3.13319133361879
22.415,-1.47679054737091,-8.60550689697266,-2.57317805290222,-67.4775356786312,52.2176431482046,-18.7325143837174,1.462975025177,-9.35905265808105,-2.70529127120972,-4.27129294841332,-16.8857610057402,-2.87885002996633
22.42,-1.58020317554474,-8.60757064819336,-2.53358030319214,-67.8077684948121,47.2037959388895,-18.2334649044631,1.39657318592072,-9.3866720199585,-2.65406322479248,-4.66113026416003,-9.27558216175855,-2.83590244079552
22.425,-1.7082394361496,-8.61241245269775,-2.54663014411926,-68.3018780397492,43.0256565254714,-17.4254347426304,1.29373586177826,-9.43685436248779,-2.62061929702759,-4.8394524161239,-2.91692385227751,-3.02781901708524
22.43,-1.85167133808136,-8.61841869354248,-2.60237622261047,-68.9334314813544,39.6128398085533,-16.3482934199519,1.1603080034256,-9.49449443817139,-2.59007883071899,-4.87810957927888,2.09966653176292,-3.32632432391101
22.435,-2.00008940696716,-8.62365341186523,-2.69160079956055,-69.67977991234,36.9357813143126,-15.0314414857099,1.00128030776978,-9.54118728637695,-2.54396915435791,-4.85663162254695,5.55719003845,-3.57845136561192
22.44,-2.10614252090454,-8.60902881622314,-2.79980039596558,-70.7602475371444,34.5007027619872,-13.418799671724,0.720647871494293,-9.48966979980469,-2.54676985740662,-4.89846567743964,9.85478732601751,-3.74686248620328
22.445,-2.18990397453308,-8.60532379150391,-2.9056499004364,-72.0095710986097,31.7776326984027,-11.9329543432639,0.401863813400269,-9.40449333190918,-2.56617188453674,-4.92652964407875,13.8928583425789,-3.8866589561537
22.45,-2.23123526573181,-8.62280082702637,-2.99387431144714,-73.2154683173322,28.4483457799392,-10.7030592548927,0.0629882514476776,-9.31855869293213,-2.58051419258118,-4.97465558385748,17.1186977771943,-4.05899188598911
22.455,-2.18539953231812,-8.67989635467529,-3.03592014312744,-73.9885501087292,23.9018730476026,-9.95628479085755,-0.272659212350845,-9.28732585906982,-2.55162167549133,-5.1171730304185,18.5153280284893,-4.37735169895846
22.46,-2.05164098739624,-8.74374675750732,-3.03761434555054,-74.2777949597009,19.8305816984656,-9.56272331446589,-0.5631502866745,-9.34011173248291,-2.47834944725037,-5.33467229368792,18.6660481053567,-4.89263952607762
22.465,-1.8800812959671,-8.82618999481201,-2.99726867675781,-74.254497184442,14.8855059563561,-9.36396395584487,-0.872696697711945,-9.42001914978027,-2.35991835594177,-5.6388855042257,18.3657656686863,-5.72380268485553
22.47,-1.67610323429108,-8.93510341644287,-2.91465187072754,-73.9362376898761,8.94699969003581,-9.3044072676033,-1.21236610412598,-9.50399589538574,-2.20840764045715,-5.92128906696998,17.6054068121657,-6.86926468225439
22.475,-1.43419218063354,-9.09150886535645,-2.78586268424988,-73.2850679449746,2.06722099877124,-9.29257140354531,-1.59374415874481,-9.54604530334473,-2.05623269081116,-5.85992920878753,16.0277065384263,-8.30976011594655
22.48,-1.14167129993439,-9.27903175354004,-2.65355825424194,-72.5347306835137,-3.78876526987449,-9.10704895153578,-1.89586699008942,-9.54237365722656,-1.93707489967346,-6.00388184884789,13.1528986997881,-9.81698991292431
22.485,-0.803168296813965,-9.44529247283936,-2.51989436149597,-71.7241511535732,-8.55723665259633,-8.86938056653414,-2.08359003067017,-9.50394535064697,-1.81890749931335,-6.34238901232149,9.64947183956693,-11.3728216284886
22.49,-0.418259561061859,-9.58668804168701,-2.36945986747742,-70.9017963775037,-12.1343194190533,-8.61094072249284,-2.15195655822754,-9.4433536529541,-1.70957982540131,-6.89479336805096,5.93829709177696,-13.004678472157
22.495,0.0196588914841413,-9.73878479003906,-2.1281795501709,-70.254956972536,-14.0989874753143,-8.35660923723731,-2.11298036575317,-9.4083948135376,-1.67774820327759,-7.76211810961586,3.31496273111352,-14.8586667280125
22.5,0.448216050863266,-9.9013843536377,-1.84410607814789,-69.0897608510777,-14.6144891727319,-8.45372684327207,-1.98249435424805,-9.4021463394165,-1.7782301902771,-8.80277341552182,3.00929383650888,-17.0929001526992
22.505,0.843026578426361,-10.060474395752,-1.54002177715302,-67.3156465349235,-13.615956497211,-8.68177149173317,-1.82671809196472,-9.45158672332764,-1.84883785247803,-9.80982333693767,4.17683527417346,-19.4737418803728
22.51,1.19599306583405,-10.2084445953369,-1.22848653793335,-64.8722351518107,-10.8985828113944,-8.949598577015,-1.67163681983948,-9.55550384521484,-1.82758939266205,-10.7014353774175,6.40485109228125,-21.8470396641082
22.515,1.51783263683319,-10.3238458633423,-0.952333748340607,-61.6777898279416,-5.38078119322738,-9.10176665398642,-1.5493528842926,-9.61609840393066,-1.67211711406708,-11.4004412059448,8.34540260435661,-23.5854167229775
22.52,1.76721799373627,-10.4295568466187,-0.7366663813591,-58.8264863777847,2.38004814506947,-9.02770605904233,-1.60219252109528,-9.56816387176514,-1.52471828460693,-12.6692572735278,11.5086373788134,-25.4423487903654
22.525,1.99731278419495,-10.612380027771,-0.480175912380219,-56.1147612584117,11.8054005605139,-8.84575323464777,-1.75159859657288,-9.53323268890381,-1.36623024940491,-14.1959872605859,15.6345625573476,-27.4540819726497
22.53,2.23207521438599,-10.9238243103027,-0.133395835757256,-53.3886722512141,22.7088268298035,-8.61187816595643,-1.95080184936523,-9.58196926116943,-1.19429349899292,-15.8340348169633,20.5454634479449,-29.6450290734713
22.535,2.41698575019836,-11.3893527984619,0.19081811606884,-49.6716525690419,35.5655394988759,-8.31723063535125,-2.00768899917603,-9.81875896453857,-1.15957117080688,-17.6498013342234,24.5497574715133,-31.9554942394845
22.54,2.45154428482056,-11.7973699569702,0.29427781701088,-45.0776809936696,49.5092238403898,-7.69665843038411,-1.98884534835815,-10.1444282531738,-1.04595625400543,-19.4975877783126,28.0424822790787,-34.2046174765617
22.545,2.3589129447937,-12.0799722671509,0.229036226868629,-39.5513817664015,63.807101301693,-6.70511474593148,-1.91422533988953,-10.4824523925781,-0.851406514644623,-21.3540144117019,31.2527463210656,-36.4822123571942
22.55,2.14973926544189,-12.1754312515259,0.0261947065591812,-32.9915929554404,77.8976381254568,-5.2840307098605,-1.79629588127136,-10.77268409729,-0.569341540336609,-23.2010017236582,34.3456130715983,-38.8615019243789
22.555,1.91319096088409,-11.9743814468384,-0.211829125881195,-26.3348393639272,90.3696523423593,-3.21396451041313,-1.67996144294739,-10.8574075698853,-0.534889936447144,-25.439912120379,36.573945212842,-41.7042505626003
22.56,1.68369746208191,-11.7118053436279,-0.426939368247986,-21.6727742176245,99.7489705634583,-1.52925833098982,-1.55141925811768,-10.8268270492554,-0.496253341436386,-27.3829148165927,38.5729230168513,-44.555103220272
22.565,1.42337656021118,-11.4164934158325,-0.630924224853516,-18.4367569473721,107.525509763733,-0.231307717976214,-1.40532040596008,-10.6924314498901,-0.463164806365967,-29.1370064331949,40.1692338485317,-47.3375583635951
22.57,1.08226132392883,-11.1220998764038,-0.837738573551178,-16.0220477266989,115.447969125436,0.648383241163552,-1.23359382152557,-10.4606742858887,-0.448279708623886,-30.822089233518,41.1141529541625,-49.9502491550975
22.575,0.533160388469696,-10.8149499893188,-0.993225812911987,-11.5291125783978,123.106701222906,0.679760436519503,-1.10842418670654,-10.2572841644287,-0.515084326267242,-32.4490505390987,40.9903796811181,-52.5108290183274
22.58,-0.176966309547424,-10.5104703903198,-1.09961903095245,-5.6652786358391,129.198096151155,-0.153588156009189,-1.0383517742157,-10.0546960830688,-0.632747054100037,-33.9929055179534,40.2954728198664,-55.1641286995401
22.585,-1.05770099163055,-10.2208118438721,-1.20699441432953,0.988990367641807,133.971770003591,-1.81246198636235,-1.01235294342041,-9.87161922454834,-0.784557819366455,-35.3195775566746,39.1994665147003,-57.7096001843259
22.59,-2.15010166168213,-9.96892929077148,-1.41010200977325,7.49152992036205,137.899156097105,-4.30775634018426,-1.01328074932098,-9.74846458435059,-0.945695400238037,-36.1547799185729,37.9299460838592,-59.7406662170559
22.595,-3.41801285743713,-9.787766456604,-1.82104122638702,12.6913930628541,141.501329563478,-7.22077012260535,-1.04274213314056,-9.72618007659912,-1.23565244674683,-36.9012034816394,35.6029006336359,-62.3921388226657
22.6,-4.69958257675171,-9.6649694442749,-2.34178113937378,17.1278160797363,144.335912710546,-10.2325778956156,-1.14257121086121,-9.77401638031006,-1.54307615756989,-37.4944532223792,33.1713327985438,-65.5577948991832
22.605,-5.91247272491455,-9.592360496521,-2.93897485733032,20.9718584974505,145.88495863317,-13.1937116413999,-1.30297887325287,-9.88459300994873,-1.82720351219177,-37.8406447755559,30.6775692608697,-69.127217608486
22.61,-6.86976432800293,-9.55519962310791,-3.55821061134338,24.4712154187,144.685700358321,-15.7807183603022,-1.48578202724457,-10.0533151626587,-2.00782537460327,-37.6676360838795,27.8925664569861,-72.8544859895078
22.615,-7.37001419067383,-9.51108074188232,-4.00802183151245,27.1874433402834,138.929107642808,-17.6666633637369,-1.621462225914,-10.1555309295654,-2.23695874214172,-37.6109523439575,23.8388628449619,-76.4689811171435
22.62,-7.59588766098022,-9.47411060333252,-4.28166532516479,28.674899739614,129.558306667603,-18.8716146012593,-1.70590960979462,-10.212911605835,-2.4589147567749,-37.5265277907216,19.5602018299814,-79.862745021372
22.625,-7.58089399337769,-9.44532775878906,-4.36661624908447,28.7105225912302,116.765376012548,-19.3637741271883,-1.72127342224121,-10.2274885177612,-2.67922449111938,-37.3791288933381,15.3842856431382,-83.0221173238531
22.63,-7.29874467849731,-9.4154806137085,-4.21116924285889,26.6990199278304,100.503597183718,-18.974700938855,-1.58835923671722,-10.1870603561401,-2.97938799858093,-37.1484255937426,11.7966536495081,-85.9912893485168
22.635,-6.81220483779907,-9.38008880615234,-3.88704133033752,22.7213892552345,83.7691556039449,-18.0452966079239,-1.3951051235199,-10.1247549057007,-3.23238587379456,-36.9805395439437,9.12118488179677,-88.9109766526438
22.64,-6.26151418685913,-9.33785915374756,-3.50251269340515,17.7987062883189,67.8891365383945,-16.9291822258413,-1.21814239025116,-10.0657958984375,-3.46145129203796,-36.720500581863,7.67773795260952,-91.8364422968087
22.645,-5.71574020385742,-9.30406379699707,-3.11401343345642,12.3069925776868,53.4766997292372,-15.7720628030765,-1.10202503204346,-10.0272512435913,-3.68847823143005,-36.3193157605839,7.67088812664565,-94.7845705086396
22.65,-5.3577995300293,-9.4061336517334,-2.89031147956848,6.68275313347568,41.5740193456957,-14.8138111681858,-1.18837475776672,-10.0754737854004,-4.03071165084839,-35.8342869521484,9.5496230116378,-97.7370632113502
22.655,-5.1901650428772,-9.6601676940918,-2.83354997634888,1.20069933804235,30.9898933210468,-14.0588020573326,-1.35627341270447,-10.1804695129395,-4.25148010253906,-35.1606458848776,12.8563011501749,-100.63434066481
22.66,-5.15365743637085,-9.98426818847656,-2.90867710113525,-3.44469961307697,22.408824430889,-13.4571537452346,-1.62740623950958,-10.3450479507446,-4.32456159591675,-34.8359352766406,15.941318305804,-103.556828346497
22.665,-5.21920776367188,-10.3378133773804,-3.09750032424927,-6.87703572998258,16.1594728403469,-12.9587796009345,-2.01896667480469,-10.578200340271,-4.22242975234985,-35.1297802600183,18.0796268462396,-106.476269763814
22.67,-5.29468393325806,-10.6975212097168,-3.2736644744873,-9.75506400281439,9.651880335023,-11.9826226251346,-2.5311906337738,-10.9555139541626,-3.84639644622803,-35.4398469426748,22.1132257964419,-108.094956295215
22.675,-5.23714303970337,-11.0072822570801,-3.39554142951965,-11.4758721075912,3.31485921105891,-10.4140304086535,-2.87760806083679,-11.2488403320313,-3.50028586387634,-35.6690066195179,25.3269049330138,-110.394032120787
22.68,-5.03496980667114,-11.2838268280029,-3.43809080123901,-11.7254762481674,-2.18344968754711,-8.26711582986357,-3.0453770160675,-11.4655733108521,-3.11906147003174,-36.2707838514364,27.8043187053623,-113.338499351223
22.685,-4.67006492614746,-11.5384359359741,-3.37652564048767,-10.1638969284165,-6.25991148988582,-5.51770770306592,-3.01333904266357,-11.6069068908691,-2.64880967140198,-37.6289601377043,29.5669736716364,-116.940010289247
22.69,-4.1444935798645,-11.9306259155273,-3.32951140403748,-5.66945316208244,-9.06108263219524,-2.42972261679909,-2.73803877830505,-11.6969575881958,-2.08702254295349,-39.9698298908077,31.6092343844161,-120.223336864785
22.695,-3.62800216674805,-12.3722229003906,-3.38539242744446,0.350959318702041,-11.0453174728811,0.591929326435017,-2.41669535636902,-11.8019580841064,-1.61931085586548,-42.4440693327394,34.2899162940114,-123.453797776148
22.7,-3.1362943649292,-12.8263320922852,-3.49826550483704,7.70231126569594,-12.0997893977043,3.50302558660747,-2.1061897277832,-11.9981327056885,-1.17612504959106,-44.9338440399383,37.6498263656187,-126.764759297068
22.705,-2.69100689888,-13.2475595474243,-3.61484146118164,16.2419439594802,-12.0112180658685,6.23950032332489,-1.87882125377655,-12.3882637023926,-0.67196923494339,-47.29229811506,41.7924897764877,-130.330036081545
22.71,-2.19427680969238,-13.5597829818726,-3.62505221366882,26.0939983560561,-11.4284765711668,8.97323871550606,-1.86755287647247,-12.9378252029419,-0.182654112577438,-48.7710306552732,46.2858219295344,-134.583768613602
22.715,-1.60985374450684,-13.8570747375488,-3.5678129196167,36.8592968559868,-11.37239815676,11.7126909878148,-1.99885737895966,-13.4996128082275,0.380853563547134,-50.2890231228356,50.2808268958316,-139.713268001038
22.72,-1.01194524765015,-14.1294364929199,-3.46897602081299,48.3464046247626,-11.7956854701932,14.4334669616117,-2.21048784255981,-14.0624132156372,1.06491363048553,-51.9059952767552,53.2496027695234,-145.746073566587
22.725,-0.543552160263062,-14.3453998565674,-3.36904978752136,60.3105976919693,-12.5517242320638,17.0864934352577,-2.40069699287415,-14.620587348938,1.96068394184113,-53.6488034208486,54.1732663264572,-152.809786904323
22.73,-0.0215434934943914,-14.4844799041748,-3.28966188430786,72.2685308908016,-12.2781734482575,19.7350990689634,-2.37882781028748,-15.0427312850952,2.95531964302063,-56.7217191888157,52.0182255301023,-160.520278175323
22.735,0.516251146793365,-14.4937219619751,-3.22383666038513,84.4894332028686,-11.2973002268358,22.3924131938608,-2.27029871940613,-15.3682594299316,3.85805583000183,-60.61309994012,48.9579558573835,-167.955936294501
22.74,1.02979445457458,-14.3785276412964,-3.14697599411011,96.9519466266356,-9.90653796181141,25.0059936175026,-2.00462746620178,-15.615553855896,4.67374801635742,-65.0125477279302,44.5865699017782,-174.758189990808
22.745,1.41416525840759,-14.1625509262085,-2.98905515670776,109.518012548409,-8.81668907218208,27.4145283471661,-1.31688272953033,-15.8166475296021,5.47797679901123,-69.2493345606567,36.8137702300741,-180.161388718665
22.75,1.63593220710754,-14.0458717346191,-2.72030591964722,121.635997570062,-7.94212518387061,29.2355148364995,-0.188975587487221,-15.7709054946899,5.62414503097534,-72.043086836867,29.082931825536,-182.626813801473
22.755,1.69931030273438,-14.1140384674072,-2.48566913604736,133.692046436322,-6.47419800292439,30.6376331447926,1.01960349082947,-15.6070489883423,5.19348382949829,-73.2797267370436,24.5761732281283,-182.399928577624
22.76,1.60043704509735,-14.2828388214111,-2.32117247581482,145.264914060316,-4.40216620309994,31.6628547844953,1.99368381500244,-15.3959770202637,3.9751877784729,-72.8775242175783,21.88440592151,-179.986959347642
22.765,1.31707060337067,-14.0737285614014,-2.25000286102295,154.002665782487,-2.48455580234277,32.3383878141662,1.62195897102356,-15.3398418426514,0.904270052909851,-70.5691388441674,11.2497399120977,-177.504759320232
22.77,1.22917628288269,-13.3492460250854,-1.7628448009491,164.469124723209,-0.365889471897454,33.1804306105183,-0.291495591402054,-16.5801010131836,0.618988215923309,-69.3266181511154,13.929403269733,-175.219774174918
22.775,1.34400236606598,-12.4719657897949,-0.967308104038239,175.595516541539,1.44211034654404,33.9364369289903,-1.98428761959076,-18.0801544189453,2.05130290985107,-68.0201395666753,21.0027873015596,-175.809492707857
22.78,1.63864517211914,-11.5808525085449,0.0473809875547886,186.73414805886,2.68711680156714,34.4766980621492,-2.7665843963623,-19.3321571350098,4.39394330978394,-66.7714307222352,27.6906472821003,-180.300068879573
22.785,1.85926115512848,-10.8287477493286,0.786247372627258,195.477896687122,2.83541813769469,34.4796691944381,-2.02146816253662,-19.0590515136719,3.69644737243652,-69.6773483649955,19.1922936903387,-188.81879009544
22.79,1.8764328956604,-10.2649240493774,0.953249573707581,202.639869126258,4.45782925662778,34.6438635269906,-1.37655937671661,-17.787260055542,1.96408581733704,-70.628138018218,6.34696481217857,-192.975547601661
22.795,1.74889695644379,-9.96577930450439,0.659413516521454,208.54328358817,8.28355609519579,35.1944519061745,-0.791545569896698,-16.0790328979492,-0.196890830993652,-70.823146749211,-8.4102962316609,-192.538989230671
22.8,1.5038275718689,-9.99013233184814,-0.0580808259546757,213.307190270092,14.7839478735872,36.2700837570465,-0.255797564983368,-14.2346963882446,-2.47232532501221,-70.9671681180499,-23.9548053061229,-187.16800167494
22.805,1.21706628799438,-10.40625,-1.12390434741974,217.263208516606,23.3124823637438,37.8410614170953,0.0989370122551918,-12.755054473877,-4.538161277771,-73.1086168379565,-41.2631876818522,-177.513488301992
22.81,1.07261407375336,-10.9173231124878,-2.25618124008179,221.894677830522,30.4103176190254,39.2031582319467,0.217466443777084,-11.6635313034058,-5.87661647796631,-76.3482233726177,-63.2439248838688,-167.168716011522
22.815,1.0404908657074,-11.3955698013306,-3.26918983459473,227.29679738849,35.1321708262278,40.2544302131438,0.150214046239853,-10.7654962539673,-6.86821746826172,-80.6156026226366,-88.8389318172785,-156.738361450752
22.82,1.10371267795563,-11.7372770309448,-4.00780868530273,233.592496935193,36.5802050812163,40.89469897613,-0.074061781167984,-9.91788291931152,-7.79459667205811,-85.9176462488857,-117.427344286527,-146.698475144454
22.825,1.31495726108551,-11.975606918335,-4.59788465499878,238.215660739078,31.1887303730697,40.6179533713394,-0.0843816325068474,-9.49253082275391,-8.33770656585693,-90.3442372084576,-135.547358041329,-136.828660548489
22.83,1.58435821533203,-12.2206611633301,-4.98074007034302,240.629312987977,22.2962953567658,40.1732397544799,0.24414835870266,-9.44666004180908,-8.32353496551514,-92.8837561833817,-146.011207849789,-128.765786157829
22.835,1.86731386184692,-12.4493751525879,-5.07822418212891,241.34440647332,11.3773978552325,39.8424707684491,0.805658400058746,-9.68834400177002,-7.96200656890869,-93.2799003250533,-152.074749266603,-120.759192525929
22.84,2.10882902145386,-12.631516456604,-4.77019500732422,240.872221835619,0.128724333099425,39.988623156309,1.48505413532257,-10.1242008209229,-7.49015426635742,-91.045779598488,-157.490242334966,-110.613643193171
22.845,2.19191861152649,-12.7936429977417,-4.09081077575684,238.891029844209,-7.24491057245311,41.711931110322,2.10966444015503,-10.4320936203003,-7.13537979125977,-86.5231356886182,-159.514054706797,-96.8068870690428
22.85,2.14939045906067,-12.925350189209,-3.38582468032837,235.385968007455,-11.3917105166383,44.5769393350485,2.77300357818604,-10.3909425735474,-6.87391519546509,-78.8678938178138,-155.966741319838,-81.2311802517732
22.855,1.99979472160339,-13.0133075714111,-2.71269488334656,230.423726292414,-12.753348001268,48.2796361105312,3.50658655166626,-9.93375873565674,-6.97862386703491,-67.4318075621379,-145.460298451714,-64.4404715736175
22.86,1.76355421543121,-13.0287485122681,-2.14724493026733,223.9790056784,-11.8052665180515,52.3780057446327,4.36767578125,-8.9130973815918,-8.00755405426025,-50.6774867167855,-124.861650028249,-47.1573165015876
22.865,1.558025598526,-12.9829740524292,-1.73847901821136,218.760864095915,-10.3707210329001,55.1141624506669,5.81119060516357,-7.57796144485474,-9.67322731018066,-39.5818546553835,-108.054398631924,-33.2189494623426
22.87,1.37907314300537,-12.9252166748047,-1.43720078468323,212.982086925977,-8.73642751924526,57.5031030751489,7.76936149597168,-6.31235218048096,-10.7790307998657,-35.9665501503311,-98.5872168573417,-22.1947219060712
22.875,1.21494269371033,-12.8539867401123,-1.23870754241943,206.337815505172,-7.13540556458488,59.5983660558879,10.1124610900879,-5.16344594955444,-11.2503423690796,-39.716399136749,-95.7400251810652,-13.6889934175533
22.88,1.03429138660431,-12.7458257675171,-1.15655314922333,198.512276527792,-6.14430200044689,61.1599317152604,12.5227365493774,-4.13946056365967,-11.2475309371948,-50.5034944778686,-96.7294258936657,-6.93636275311331
22.885,0.854674935340881,-12.5930233001709,-1.10681188106537,190.634145093803,-6.4242970677351,61.5371767234985,13.7880620956421,-3.85238218307495,-11.1943225860596,-65.9815330051016,-97.8060549521565,-0.486080337402595
22.89,0.698830902576447,-12.4358415603638,-1.0593169927597,182.752625885985,-7.03932230532255,61.0078370628225,14.2563829421997,-4.05093717575073,-10.8479804992676,-77.4444277532697,-90.7407228595877,5.80533422609115
22.895,0.571262657642365,-12.2899646759033,-1.00854539871216,174.952071740588,-7.622235835414,59.6281320202908,14.0105094909668,-4.67889928817749,-10.070198059082,-81.4508391354808,-71.9634058500096,12.1718564311844
22.9,0.470247685909271,-12.1883182525635,-0.958888232707977,167.576874455944,-7.39578091348223,57.3827824627299,13.0889358520508,-5.72515058517456,-8.45828151702881,-70.6472762082723,-33.0431779591469,19.5618957168956
22.905,0.36449146270752,-12.0286798477173,-0.900291383266449,161.658433577858,-6.39865995268546,54.819183655887,11.575963973999,-6.57980728149414,-7.24653768539429,-57.8203175507718,1.32461252324301,26.4871133088307
22.91,0.246551737189293,-11.8030071258545,-0.820415735244751,157.009588262693,-5.12477844605931,52.1843630514737,9.83077716827393,-7.03079128265381,-6.52017641067505,-43.5150122587462,34.2730081607211,34.9204076412007
22.915,0.119484186172485,-11.5198745727539,-0.715612173080444,153.600818432858,-3.8572532842295,49.5675980521313,8.02351665496826,-6.99880886077881,-6.26427268981934,-28.2191809804543,65.8710342047091,45.5580345376183
22.92,0.0312460418790579,-11.2865028381348,-0.595940232276917,151.393205670462,-3.57197186396711,47.0215699069282,6.58559083938599,-6.53363847732544,-6.00375509262085,-14.7061503113934,88.4098115222941,58.1675233870402
22.925,-0.0467861443758011,-10.9751577377319,-0.347494065761566,149.870496957278,-5.63743067393249,44.4240250599102,5.37972211837769,-5.83750534057617,-5.64658737182617,-3.38996802659719,96.4989479903128,70.4309163059338
22.93,-0.105054058134556,-10.604660987854,0.0178868044167757,148.901293114053,-9.88946419643367,41.7778868320422,4.30669689178467,-4.95442295074463,-5.21293354034424,6.72394515058638,96.3641337164751,83.0832338565463
22.935,-0.132911846041679,-10.1862516403198,0.494475096464157,148.450568930724,-16.2896528308327,39.0837733554441,3.33683204650879,-3.89963722229004,-4.72047472000122,16.0046239141262,90.7855562212997,96.5513901827602
22.94,-0.0493024103343487,-9.80255126953125,0.974721491336823,148.582937996839,-23.5193995295548,36.3737899343094,2.74552774429321,-2.71638536453247,-4.37236785888672,22.8484837077628,78.886383139897,111.148747533506
22.945,0.0795133411884308,-9.46768856048584,1.35994625091553,148.883794169399,-29.5049657992565,33.8829360572216,2.48053073883057,-1.65086090564728,-4.12716102600098,28.0088282294908,61.6012507281024,125.459865316516
22.95,0.232806026935577,-9.17917919158936,1.6185919046402,149.019578330099,-34.1218765649562,31.6499081609235,2.48263502120972,-0.770381152629852,-3.96193099021912,32.2999167736661,41.6496773511319,139.360365787002
22.955,0.395575314760208,-8.9378833770752,1.71779155731201,148.71467868555,-37.1872791248362,29.7213017959329,2.72106981277466,-0.139854252338409,-3.86333036422729,36.3166144207672,21.0329186810831,152.726089766233
22.96,0.524291455745697,-8.75280666351318,1.60120177268982,147.735912577487,-38.3760291536474,28.6142903484666,3.13871955871582,-0.0502344965934753,-3.91107439994812,40.9723787175606,6.79210702340852,165.568252424826
22.965,0.576050758361816,-8.58983898162842,1.40940725803375,145.586615970224,-38.6928611386767,27.4796627386386,3.50652503967285,-0.277869701385498,-4.03386163711548,46.5048080396088,-3.60937974283421,177.979785316628
22.97,0.561398208141327,-8.44756412506104,1.16203022003174,142.337003208429,-38.1878984231485,26.3659389227655,3.76518559455872,-0.692624151706696,-4.17953109741211,52.6058813459118,-11.8719735605804,189.693587063957
22.975,0.488474100828171,-8.32579803466797,0.879448354244232,137.990653311226,-36.8609190259147,25.3356902638337,3.83179879188538,-1.14538788795471,-4.2843074798584,58.9323474797307,-19.967583340385,200.3203505445
22.98,0.34327307343483,-8.1324634552002,0.592011272907257,132.959440345946,-34.4453509089534,24.4307294723948,3.79182982444763,-1.91778254508972,-4.11807489395142,67.4089264284184,-22.3107446219549,209.599900192392
22.985,0.191776841878891,-7.92342281341553,0.313385993242264,128.171587020794,-31.3974472937269,23.8949438206896,3.771639585495,-2.81553983688354,-3.89803171157837,75.4269333064205,-22.65153861814,216.55331963541
22.99,0.0448892787098885,-7.69258165359497,0.0541767030954361,123.848118257311,-27.9223597421457,23.7112049018271,3.83339428901672,-3.72336792945862,-3.74502730369568,83.5450570972768,-22.8314253103107,221.7378430268
22.995,-0.0831900238990784,-7.42021989822388,-0.164919167757034,120.358957100945,-24.3158132471566,23.858443289765,4.09020805358887,-4.44432878494263,-3.872230052948,93.1069940862144,-25.9277976554348,226.126143945885
23.0,-0.233866333961487,-7.16116094589233,-0.316979110240936,117.578755920048,-22.3208891604197,23.7796997463713,4.59004640579224,-4.96104335784912,-4.24582099914551,102.713177040595,-29.7102266441937,229.484985092887
23.005,-0.370633751153946,-6.9014573097229,-0.399734705686569,114.965525543601,-22.1206860705629,23.5369701911946,5.17965459823608,-5.35694456100464,-4.61184549331665,111.47369378327,-31.9741748068644,231.420305533832
23.01,-0.488006711006165,-6.62840557098389,-0.416095793247223,112.303971578776,-23.7485199328101,23.125063680466,5.79469347000122,-5.65660238265991,-4.91317939758301,119.584850781173,-32.1912826149171,232.069501354063
23.015,-0.5815389752388,-6.30890512466431,-0.36931636929512,109.160465805737,-27.4009243178867,22.4909625783003,6.30603790283203,-5.89240217208862,-5.0701117515564,127.882301188687,-29.4400926625197,231.85861243325
23.02,-0.628378570079803,-6.06840229034424,-0.313728451728821,105.17657355722,-31.7979354357106,21.7673706300819,6.63706350326538,-6.15982294082642,-4.97152137756348,137.388667758538,-23.4156523711569,232.535511500755
23.025,-0.69479101896286,-5.84627246856689,-0.251853078603745,100.396957440207,-36.1154482742374,20.950997392178,6.79516267776489,-6.3693323135376,-4.92378616333008,148.253476992034,-14.5869771707551,234.132655615514
23.03,-0.790999114513397,-5.6288161277771,-0.178701341152191,94.7403313733854,-39.9856451938309,20.0596611205859,6.72762823104858,-6.52575397491455,-4.89806604385376,159.911284848547,-2.8989147778703,236.864785925033
23.035,-0.898442924022675,-5.4127311706543,-0.0684710219502449,87.7826635527036,-42.5161414888614,19.1797961517049,6.18110752105713,-6.74112415313721,-4.45339250564575,169.57398078812,12.3749375920027,241.701707329182
23.04,-0.986244738101959,-5.20808935165405,0.0817965567111969,79.5603862071938,-43.9990165388062,18.421706625536,5.45985794067383,-6.9542121887207,-3.40212774276733,177.457658335716,28.4119972207237,247.861636375563
23.045,-1.04341351985931,-5.04072523117065,0.26081320643425,70.5793704675441,-45.0514496521622,17.8574390849918,4.640212059021,-7.04381275177002,-2.51442193984985,184.462973556048,38.6874379684757,254.288270648655
23.05,-1.06898880004883,-4.92484378814697,0.458369851112366,61.0283208001434,-45.9400572631809,17.5055631068784,3.77576422691345,-6.97446727752686,-2.08238410949707,190.988194779619,39.8972010742684,260.489180830056
23.055,-1.09316980838776,-4.89372396469116,0.616649329662323,51.2154904724236,-47.2082014109042,17.2680022973562,3.10995864868164,-6.8266921043396,-2.28408432006836,197.962514601498,24.9924869184189,265.363449708587
23.06,-1.10265529155731,-4.89836263656616,0.72251969575882,43.6816654593999,-48.5063164287056,17.0907008317864,2.57068109512329,-6.67486000061035,-2.43832111358643,203.656460821944,4.80150260443484,267.949058800031
23.065,-1.09563314914703,-4.9366250038147,0.789113581180573,36.2416872455722,-50.1477713957051,16.9374826132301,2.28629875183105,-6.68372821807861,-2.41240644454956,207.626194088312,-14.9619784618509,268.859277129583
23.07,-1.07032990455627,-5.00936079025269,0.821342170238495,27.6924419143048,-52.3176883440723,16.7871638099765,2.36261820793152,-6.96137380599976,-2.14693474769592,209.619393552283,-31.8048851531911,268.257291576895
23.075,-1.02855145931244,-5.11853122711182,0.822127044200897,17.043068800062,-55.0276956708691,16.5780507383474,3.2297785282135,-7.72731781005859,-2.0132839679718,211.034745352093,-55.5603582185763,264.931044092612
23.08,-0.954676389694214,-5.20976114273071,0.815833151340485,6.16424231084192,-57.1801683160961,16.4567909749175,4.47500801086426,-8.70740127563477,-2.02698683738708,212.242636986054,-83.6955398250705,259.350834182225
23.085,-0.86705070734024,-5.27077293395996,0.793537437915802,-4.95925436105275,-58.5316134509369,16.4522232859101,5.88407182693481,-9.78815841674805,-2.07279706001282,214.413435028824,-109.08489659276,252.832402166688
23.09,-0.779434382915497,-5.2899432182312,0.747158110141754,-16.3545123071912,-58.8391768692626,16.5944397772608,7.29648733139038,-10.8854427337646,-2.06095361709595,218.537598872326,-125.888965120933,246.365551739764
23.095,-0.680380880832672,-5.22924375534058,0.711037635803223,-27.5756712927069,-57.2548291139135,16.9624828131396,8.15435791015625,-11.7002630233765,-2.89014649391174,226.085558961837,-115.740260240777,243.513865799013
23.1,-0.561772048473358,-5.13934421539307,0.736230194568634,-38.3338424902388,-54.3340865455597,17.3663980025394,8.80428218841553,-12.2135848999023,-4.66008949279785,232.431774587641,-92.1048687311902,242.022152484282
23.105,-0.425185412168503,-5.01460552215576,0.823915183544159,-48.5390398650191,-50.1593041701187,17.7078152534862,9.34787273406982,-12.46533203125,-6.78961849212646,236.954479969213,-59.7380502546038,240.86719481639
23.11,-0.271220117807388,-4.84526491165161,0.980381608009338,-58.0356665851131,-44.7374897616788,17.8583355473204,9.904616355896,-12.4855422973633,-8.57621192932129,238.732378210167,-23.9426748901569,238.789314667089
23.115,-0.125495299696922,-4.71050834655762,1.25803363323212,-66.1623895841344,-37.3275131537804,17.4875843414356,10.183762550354,-12.2519073486328,-8.55693817138672,238.23473062724,5.86725373289872,237.393579170575
23.12,-0.025371890515089,-4.64354467391968,1.52904450893402,-72.8659675375026,-28.7179572521417,16.8977172518823,9.8110818862915,-11.8813314437866,-7.61971378326416,236.317523847974,33.7866747861541,237.697905079234
23.125,0.0323255658149719,-4.64972639083862,1.81338477134705,-77.8930618987129,-19.0982590609405,16.1177489222546,8.94182586669922,-11.4569129943848,-6.24860382080078,233.318005292828,57.7807434347207,239.116152879252
23.13,0.0530806072056293,-4.74339723587036,2.16375160217285,-80.5928307719438,-8.63801132349454,15.1508383150436,7.8572793006897,-11.1181316375732,-5.22164583206177,229.671258011932,73.1497004258141,240.548006416097
23.135,0.0297347083687782,-4.92148017883301,2.56896424293518,-81.1141791112909,2.20003829605037,13.8226030167761,6.37272262573242,-10.8100757598877,-4.77810192108154,227.078436240725,74.1291154018481,240.629422271003
23.14,0.0258398409932852,-5.16905736923218,2.90447998046875,-81.0319299733056,12.7949225089722,12.5029848559203,4.76714038848877,-10.4358530044556,-4.3000226020813,224.704795239984,69.1975685569371,239.868921688058
23.145,0.051352933049202,-5.48778438568115,3.15407609939575,-80.7937202958122,22.9758240471012,11.2931910142763,3.18106174468994,-9.97256946563721,-3.78418803215027,222.448783757128,60.8600727503185,238.569136689004
23.15,0.114803232252598,-5.8943657875061,3.30803775787354,-81.1149031113429,32.4339933870735,10.36309939556,1.92362022399902,-9.38076019287109,-3.44250655174255,220.32932141616,53.0111779410712,237.376394414623
23.155,0.191095113754272,-6.27526760101318,3.4719386100769,-81.8740376564548,40.8101753851511,9.82260262087476,1.02694714069366,-8.98290348052979,-3.41325068473816,217.228716061298,42.1676891430695,235.331954871498
23.16,0.256188184022903,-6.62411499023438,3.64875912666321,-82.5875123869651,47.2548345274625,9.56497898443929,0.239135220646858,-8.85047817230225,-3.50014877319336,213.295059854126,26.234044554798,231.691901175988
23.165,0.30754017829895,-6.94238471984863,3.84444952011108,-83.2058835634723,51.7431020952396,9.52875763749706,-0.52736234664917,-9.01306247711182,-3.50704574584961,208.445543581147,5.78306183298138,226.408053173688
23.17,0.357327282428741,-7.24334669113159,4.08379697799683,-83.9820526003742,55.0084516128826,9.53378038785796,-1.42918980121613,-9.53720283508301,-2.71482300758362,202.145745920942,-14.4165690736051,219.999450600005
23.175,0.447678178548813,-7.60693693161011,4.43485307693481,-84.9094625160677,57.0427175892388,9.38490958470836,-1.90038788318634,-9.99536895751953,-1.65718722343445,194.790055656567,-29.0892463354236,213.027507683958
23.18,0.57690042257309,-8.03377532958984,4.88501262664795,-85.0226319204256,57.8568385722639,8.86561542475417,-1.8868921995163,-10.1715698242188,-0.99620920419693,186.364184032277,-44.7968782565121,205.562370468323
23.185,0.735787093639374,-8.52362728118896,5.42947101593018,-83.6228597821124,57.484224432283,7.87653146217639,-1.40723276138306,-9.98703002929688,-0.891035795211792,176.653840693054,-63.5251169418091,197.688678657294
23.19,0.845619678497314,-9.05710697174072,6.03966760635376,-77.9791905841467,56.4671614535439,6.31079597231559,-0.879503190517426,-9.47602462768555,-0.694983899593353,164.251760783063,-82.8551670099704,190.01367704922
23.195,0.830527782440186,-9.60921001434326,6.6075119972229,-68.5238865085313,55.4425408704882,4.48282774899003,-0.437215745449066,-8.9594841003418,-0.28328737616539,150.366477974047,-97.7464752120265,182.326148874209
23.2,0.692716538906097,-10.1917419433594,7.07669591903687,-56.3854860514489,54.0079791636375,2.39549824641545,0.0188321657478809,-8.44283866882324,0.129564687609673,135.619498499343,-109.008897077866,173.862397020783
23.205,0.425839483737946,-10.8131189346313,7.40663909912109,-42.0542157952935,51.8190196478643,0.0083416369956691,0.531623423099518,-7.936119556427,0.428832858800888,120.219197770148,-116.594921811621,164.114774509069
23.21,0.0174334812909365,-11.4822978973389,7.50046300888062,-26.3163278437291,46.9080180119767,-3.17492677765533,0.918665885925293,-7.56839323043823,0.585698843002319,102.873959693658,-115.584204078621,151.97700925958
23.215,-0.428221136331558,-12.1472501754761,7.5585823059082,-10.7610313392468,37.7281037486016,-7.34407382014429,1.29720675945282,-7.1762490272522,0.832553327083588,84.105986382864,-104.500241395416,137.717623329344
23.22,-0.840566039085388,-12.7238817214966,7.60797834396362,4.60071126453575,23.9533726739445,-12.2063258346045,1.64936482906342,-6.68991470336914,1.06665194034576,66.4038914128077,-88.8472509876876,123.516785780674
23.225,-1.16140329837799,-13.1398515701294,7.66959047317505,19.7483240227438,5.0431196925504,-17.5710953568701,1.9592924118042,-6.0480899810791,1.20543777942657,51.8136886852171,-72.7264131123809,111.113326172471
23.23,-1.6276947259903,-13.4410696029663,7.63165140151978,32.4624650306287,-17.7723605411429,-21.4725455145583,1.96250700950623,-5.34382295608521,0.530781805515289,33.9897055743273,-50.8197117458726,92.2444709676361
23.235,-2.2307231426239,-13.6065654754639,7.37472295761108,41.2398352650799,-37.0553506059229,-23.2234166969669,1.77879202365875,-4.72637748718262,-0.461708217859268,16.2127414856838,-26.2286640732793,69.4749015579963
23.24,-2.91235184669495,-13.6247234344482,6.87892723083496,45.8764067303055,-50.669614923767,-22.8657367656062,1.43652665615082,-4.2755880355835,-1.55254197120667,-0.485762413441072,-1.43713327307321,44.9676295706678
23.245,-3.60558342933655,-13.4696140289307,6.10091304779053,45.7973199699059,-55.4951094214352,-20.2901099956348,0.959170877933502,-4.10457944869995,-2.47351431846619,-14.7269345770378,20.4495471014305,21.3066214365985
23.25,-4.11416387557983,-13.1838264465332,5.18504619598389,43.0171768456169,-51.8074014960861,-16.7016430113787,0.198308601975441,-4.40381813049316,-2.95570063591003,-27.7554794377021,36.3025271556041,1.17626593711221
23.255,-4.38919448852539,-12.8412637710571,4.42778778076172,41.1352172575628,-48.7742032781426,-13.5786175605659,-0.734737932682037,-4.91385173797607,-3.3218822479248,-40.1881807932893,45.5454704046401,-17.019455128554
23.26,-4.40413331985474,-12.4396600723267,3.90924501419067,40.4784501726365,-47.5949062311428,-11.1514551974885,-1.7360053062439,-5.58325719833374,-3.60130596160889,-52.1185473486314,47.5881853249995,-33.7359981976071
23.265,-4.08646154403687,-11.9607257843018,3.77512335777283,41.4165629947594,-49.7721485573949,-9.77439429193917,-2.62740969657898,-6.35869264602661,-3.80627775192261,-63.6059590608253,40.6151768994418,-49.5126252745965
23.27,-3.51891684532166,-11.4122591018677,3.92199230194092,45.1543703576705,-56.7633355314286,-8.22474731266834,-3.13365244865417,-7.16524076461792,-3.71136093139648,-74.4972216169767,25.841137922793,-64.5469815435347
23.275,-2.89677047729492,-10.8619003295898,4.15443277359009,50.6416487142104,-64.8647970758045,-5.98797348449729,-3.29886484146118,-7.91191291809082,-3.51037096977234,-84.9220847056538,9.15113867640186,-78.7299376569578
23.28,-2.26834774017334,-10.3304500579834,4.44001245498657,57.7035554669104,-72.3439430094277,-2.99156736117858,-3.11623072624207,-8.5826416015625,-3.3155152797699,-94.8897212709119,-8.24633412554016,-91.855218486837
23.285,-1.70265138149261,-9.85553646087646,4.76027488708496,66.3565172207245,-75.4507638364347,0.857350584303418,-2.51825046539307,-9.15687084197998,-3.38329482078552,-104.338038063006,-25.0400318652314,-103.266251608637
23.29,-1.18866860866547,-9.49661445617676,5.1429443359375,75.7025041186739,-71.5607593682482,4.9809615560087,-2.00356769561768,-9.58285045623779,-3.7156708240509,-109.914668954268,-38.290422977685,-110.153998782786
23.295,-0.694194495677948,-9.22030925750732,5.5443286895752,84.5537735848501,-62.9160484829515,8.98832404206168,-1.62974166870117,-10.1292152404785,-3.62773704528809,-112.157095190865,-42.5036900540045,-112.862674222694
23.3,-0.21691869199276,-8.98790073394775,5.91983270645142,92.144593111403,-50.1675823593927,12.7820202816301,-1.39598751068115,-10.8651647567749,-3.00374960899353,-111.116987153866,-38.1073124362261,-111.75990603025
23.305,0.221735641360283,-8.65207576751709,6.10503530502319,96.0892459231388,-34.1109277717167,16.2983783974974,-1.24108564853668,-11.8449983596802,-1.98847889900208,-106.497935123861,-32.5900290586624,-108.217066417197
23.31,0.486105591058731,-8.17907524108887,6.13317346572876,93.1753096382929,-17.6640354484538,20.2934704487065,-1.29975092411041,-13.0124664306641,-0.83633154630661,-93.7476316794158,-27.5643570843468,-96.765072650944
23.315,0.535904765129089,-7.7515082359314,6.06393957138062,84.0533666054983,-1.79754720109256,24.7553700711928,-1.92426598072052,-14.175464630127,0.635270833969116,-76.3285660881864,-18.0263786914702,-78.6455438395732
23.32,0.36619046330452,-7.4488205909729,5.90851545333862,68.8175573220851,13.2990434036853,29.651927564533,-3.18332123756409,-15.2235116958618,2.33394885063171,-56.0859788412492,-3.19240224353363,-54.8662948856871
23.325,0.101850636303425,-7.39303827285767,5.6165452003479,47.9839777119288,28.9241743235628,34.6420432815768,-4.51619863510132,-15.8021440505981,2.93871283531189,-39.4270620782235,8.31823467315924,-31.7424196581367
23.33,-0.248613908886909,-7.35183000564575,4.89016485214233,24.0036975077491,44.5515925030386,39.1130065650917,-4.49963760375977,-15.5171518325806,2.52654647827148,-26.9014001404851,-0.957548125406183,-18.7872959159555
23.335,-0.64679890871048,-7.26898002624512,3.92499303817749,-1.74596219738604,59.0439391103904,43.1271292308757,-3.60427403450012,-14.6461734771729,1.87153601646423,-18.4602852415155,-19.7855263556056,-14.5993790867405
23.34,-1.07461619377136,-7.1174259185791,2.82417941093445,-28.3656270664485,71.7962916115869,46.6472516347494,-2.05677795410156,-13.3251247406006,1.33056163787842,-14.5182859582722,-42.1998559189656,-18.8821228472974
23.345,-1.5235995054245,-6.98575305938721,1.82482981681824,-50.9817272480799,83.8602908180403,48.8695151529156,-0.344976216554642,-11.9488868713379,0.216498002409935,-18.9157683591488,-57.9882445817057,-30.8451991785747
23.35,-2.12221789360046,-7.20819902420044,0.894359827041626,-65.9158197550969,93.3210863657485,48.7212966328317,1.28011643886566,-11.0255537033081,-0.74733167886734,-28.5891432994899,-67.7830705307733,-45.0369457454597
23.355,-2.82832193374634,-8.01058292388916,0.155803710222244,-71.0682139366311,95.7038388388425,45.6177372211534,2.73493337631226,-10.6505241394043,-1.52179598808289,-40.6873105272663,-70.9069736608946,-59.18252364865
23.36,-3.61494493484497,-9.60814380645752,-0.28116363286972,-64.1688691012719,87.0135910823493,38.9123936638847,3.94253754615784,-10.9332981109619,-2.06415557861328,-53.0894792297163,-66.4124086587027,-71.4685313238855
23.365,-4.16397190093994,-12.3828277587891,-0.0081168077886104,-50.8269346709199,67.5551129672242,31.3568384040166,4.6291823387146,-11.9705686569214,-1.23493504524231,-62.4035042574446,-48.6548832884371,-77.2079597740147
23.37,-4.32014656066895,-15.5147399902344,0.60410487651825,-33.465857385744,31.5130789812806,20.5437815138618,5.17059803009033,-12.8335447311401,-0.171535074710846,-70.5524458618359,-30.214892246493,-78.9302739355035
23.375,-4.03219938278198,-18.6474781036377,1.38128566741943,-14.6537627604594,-17.6081627934958,6.70641717762883,5.78368902206421,-13.4932146072388,0.908744812011719,-77.5151475319361,-14.2878703803955,-77.799782005218
23.38,-3.20155191421509,-21.3333129882813,2.11722850799561,2.49434687851799,-76.4118192639797,-10.0949077489312,6.74648809432983,-13.8974895477295,1.73418569564819,-83.1737680139949,-5.08188784627939,-75.0598721102349
23.385,-2.23264622688293,-22.12082862854,2.36385321617126,10.3247726428061,-120.032842888834,-24.8694120322172,7.70164966583252,-13.6814050674438,2.0448887348175,-86.0073334628772,-3.49206441365007,-73.5265151321345
23.39,-1.65690779685974,-21.2868499755859,2.3788731098175,15.2744288805277,-148.158332456896,-34.7353436656392,8.33058929443359,-13.1644430160522,1.91441690921783,-88.0337208160257,-4.32174627515174,-72.3545844441546
23.395,-1.39035201072693,-19.0499992370605,2.2324059009552,19.3265171528132,-161.939987635824,-39.1878517780167,8.65110778808594,-12.5135259628296,1.41666841506958,-89.5141916393827,-6.03247515514768,-71.2670817245051
23.4,-1.25045537948608,-15.6476945877075,2.01318001747131,25.4666352355066,-162.083011797044,-37.0039022059997,8.697998046875,-11.9971952438354,0.645256400108337,-90.67388262837,-6.34903478638391,-69.8370176972229
23.405,-0.481198161840439,-12.220121383667,1.35565781593323,32.1097745524567,-149.439416398001,-30.5403951566737,8.50573253631592,-11.5798978805542,-0.726993918418884,-89.8999812142725,-4.17304067720269,-68.0155565097422
23.41,0.662359774112701,-9.2021598815918,0.345306545495987,32.5119019398412,-128.9492040578,-23.6459475669495,7.96587896347046,-11.1735095977783,-2.08899879455566,-88.0935464429659,0.882389951078979,-66.4022521674069
23.415,2.05586886405945,-6.68916320800781,-0.868409216403961,25.0554715078502,-103.008138759902,-17.3595575680856,7.09252595901489,-10.7849502563477,-3.36205673217773,-85.6393706817211,8.05886763093811,-65.1481133225766
23.42,3.45305776596069,-4.84628868103027,-1.90025019645691,6.77285485457237,-76.2938345762569,-13.3595469269005,5.93577241897583,-10.4680223464966,-4.53134441375732,-83.2703400586697,15.2023020828923,-64.5070659180251
23.425,4.35322523117065,-3.81975293159485,-2.28880977630615,-12.7361273868231,-55.6545636027037,-12.1948818526502,4.67874145507813,-10.1913499832153,-5.56004238128662,-81.7001000590512,20.1352491165831,-64.5000922948825
23.43,5.04094791412354,-3.1621253490448,-2.14197063446045,-28.7057004776761,-39.9971882135282,-12.2615777961217,3.33479881286621,-9.93628692626953,-6.37828826904297,-80.3891886818399,22.9340779308941,-64.1733633657458
23.435,5.55900382995605,-2.79591941833496,-1.49328625202179,-40.060794350174,-28.4010894086192,-12.9796185080922,1.92439520359039,-9.70197486877441,-6.94938230514526,-78.9702305421481,23.3718162170637,-63.0988584960869
23.44,5.82244873046875,-2.80695843696594,-0.391458034515381,-46.5501980617381,-17.6631543540508,-13.2462494564956,0.529602408409119,-9.50306129455566,-7.17192363739014,-76.2682623480044,20.3128989218006,-60.2329862524304
23.445,5.60242795944214,-3.2158842086792,0.415508031845093,-52.7854367739077,-1.12085122499372,-11.7593138590893,-0.489546269178391,-9.31929779052734,-7.22970533370972,-73.0458747202407,15.7469038012687,-55.3332339381059
23.45,4.95238542556763,-3.81246066093445,0.773758769035339,-59.6249491521375,19.5670781229283,-9.15438045493668,-1.4462593793869,-9.06320095062256,-7.38121128082275,-70.1221234535576,9.83444958399015,-49.5876105063995
23.455,3.88232946395874,-4.52814340591431,0.633353590965271,-67.3013577791799,43.4397196684305,-5.76019051765877,-2.40171694755554,-8.71352672576904,-7.70286178588867,-67.670406560414,2.31205660008975,-43.6946974603363
23.46,2.43285822868347,-5.34581327438354,0.130042597651482,-75.1639778535642,66.3349065021906,-2.73835944204151,-2.9996452331543,-8.35900020599365,-8.07175064086914,-64.7506987657195,-9.03320863019242,-40.1875490007911
23.465,0.96182245016098,-6.37264728546143,-0.536266982555389,-80.9921304610119,82.5244834013043,-0.657337245639468,-2.8209855556488,-8.0920877456665,-7.92434120178223,-61.932473921713,-18.0537404292853,-38.7025600072982
23.47,-0.510945856571198,-7.53449201583862,-1.41149973869324,-86.6477456598359,96.2772810309892,1.37486830810402,-2.11729407310486,-7.93819570541382,-7.48663806915283,-59.0496628089149,-26.1556544736938,-38.0435082240945
23.475,-1.97290825843811,-8.78731822967529,-2.51874089241028,-93.1132505394942,109.62885285826,3.84855076945326,-1.00738513469696,-7.9340124130249,-6.86668109893799,-56.0232503839118,-33.8177248261209,-37.517003091924
23.48,-3.38504338264465,-9.90804767608643,-3.62831592559814,-100.556312583732,121.102436852479,7.16387976946102,0.234834387898445,-8.3855037689209,-6.15245628356934,-53.0735307380043,-37.2184213723569,-35.1802416976063
23.485,-4.64929914474487,-10.7409887313843,-4.46735763549805,-105.227683862779,126.231143937972,9.68640779505106,1.38407742977142,-9.13166236877441,-5.25243139266968,-50.6811716038427,-34.644140149652,-31.7419244694219
23.49,-5.71009349822998,-11.2777585983276,-5.08497095108032,-106.325773375642,124.557378761104,10.9648356463435,2.40990686416626,-9.9998254776001,-4.27982139587402,-48.8122166959683,-27.2737154596898,-27.9925399358676
23.495,-6.5107307434082,-11.4935522079468,-5.5066819190979,-102.993815853213,115.300437039364,10.5637951128107,3.28054094314575,-10.8600406646729,-3.32029223442078,-47.471679373232,-15.7517549431267,-24.5422237728588
23.5,-7.00560903549194,-11.3817987442017,-5.7302770614624,-94.25468443283,93.7081736765806,6.99973367511951,3.42026376724243,-11.3204641342163,-2.30327367782593,-46.3760453133757,-0.298696071874852,-22.8962796640272
23.505,-7.32182502746582,-11.1845779418945,-5.71193552017212,-83.8745249322706,66.6598459217647,1.9387229423685,3.11256694793701,-11.5118408203125,-1.32915830612183,-44.9262727752434,13.6319186493014,-22.8332472632718
23.51,-7.41635513305664,-10.9200572967529,-5.42101097106934,-72.5420458161148,36.2334500374331,-4.1279281315084,2.51228857040405,-11.4760303497314,-0.549024343490601,-43.3827729662256,25.7116955927375,-24.1528022448778
23.515,-7.21809053421021,-10.605881690979,-4.79803133010864,-61.0492963110845,4.77995549203757,-10.6602937329519,1.79146230220795,-11.2481489181519,-0.167610213160515,-42.0655060979915,35.3856664670836,-26.7096033059493
23.52,-6.56070375442505,-10.2857656478882,-3.94092345237732,-50.7460105896336,-22.4230619602139,-16.560990633348,1.23918080329895,-10.9254007339478,-0.267340064048767,-41.3953894083324,42.0667389471367,-29.1726258697166
23.525,-5.90075731277466,-10.0380201339722,-3.25365042686462,-42.2748923771874,-44.8314697495636,-21.5565056149307,0.838771641254425,-10.6536903381348,-0.411703705787659,-41.0744661399901,46.9645788084936,-30.8330960833654
23.53,-5.19847822189331,-9.84928131103516,-2.68808555603027,-36.0158743614224,-62.685987221138,-25.5742602338058,0.53123950958252,-10.4088249206543,-0.599625945091248,-41.0920299714408,50.1911226063672,-31.7086375425019
23.535,-4.32598972320557,-9.69219398498535,-2.12333035469055,-32.8540124549888,-76.0206475000239,-28.4026074181622,0.216335296630859,-10.1324262619019,-0.879603385925293,-41.494785736229,51.6551907304324,-31.8246073244195
23.54,-3.30726742744446,-9.57344150543213,-1.52502703666687,-32.7660874298032,-86.497495158474,-29.6443597149327,-0.215394720435143,-9.88984680175781,-1.33986032009125,-42.0123843017217,51.4458761682227,-31.7142553730942
23.545,-2.34147334098816,-9.48195838928223,-1.03688025474548,-34.162966983003,-94.7182493717988,-29.6508688852117,-0.74606066942215,-9.72704601287842,-1.82234930992126,-42.3993418389596,49.9809337799438,-31.6412372357722
23.55,-1.47375094890594,-9.41347503662109,-0.682018041610718,-36.7352264697135,-100.162982479999,-28.3741391897016,-1.35575819015503,-9.64216899871826,-2.25909900665283,-42.6648620278493,46.9368823914092,-31.8088364176259
23.555,-0.771921277046204,-9.36169624328613,-0.487583667039871,-40.2674451386073,-100.847982151859,-25.4301073838254,-2.00027370452881,-9.62018871307373,-2.50568866729736,-42.9139624419742,41.0772221213202,-32.7344055973381
23.56,-0.219001740217209,-9.27983570098877,-0.380989879369736,-44.4369272872524,-96.0793899601664,-21.2950493885972,-2.51038241386414,-9.57027530670166,-2.81881141662598,-42.1337772538403,31.6669016715785,-34.2224784212413
23.565,0.26300522685051,-9.2252197265625,-0.253799229860306,-48.0410439424443,-90.0970458322057,-17.497954276143,-2.89487791061401,-9.53151416778564,-3.23303246498108,-40.780501628302,20.4695595556986,-35.6529317693062
23.57,0.684643030166626,-9.20623588562012,-0.0759962201118469,-50.9074250351939,-83.4101335404123,-14.2367003106811,-3.11649894714355,-9.50800800323486,-3.72889709472656,-38.9949262547206,7.87949491050253,-36.8103551354891
23.575,1.01711678504944,-9.20470714569092,0.1840540766716,-53.4343149903427,-74.1550359697483,-10.9057357270027,-2.99256587028503,-9.47982406616211,-4.18105220794678,-36.9778518645053,-6.0268970250299,-37.3096146430603
23.58,1.32488453388214,-9.1427755355835,0.405975967645645,-56.4659627553445,-61.6867988474568,-7.29113729275576,-2.39200830459595,-9.4351921081543,-4.51540851593018,-34.9309295476171,-19.8068758194037,-37.0769203433218
23.585,1.55695927143097,-9.07400798797607,0.59137624502182,-59.8729533209007,-47.4100266706889,-3.77343576405604,-1.47147560119629,-9.42677021026611,-4.69548892974854,-32.8811556267504,-31.8106122668101,-36.2344199242953
23.59,1.69766855239868,-9.02127075195313,0.73158586025238,-63.557976981906,-31.8547216284701,-0.510001527505831,-0.284513890743256,-9.48280143737793,-4.70996618270874,-30.9188559385841,-41.114453482486,-34.8009544628064
23.595,1.78077471256256,-9.02188491821289,0.761964321136475,-67.0047226635262,-15.8503811671944,2.31089141250603,1.09129893779755,-9.67536926269531,-4.60710573196411,-29.6930931146607,-45.310286500949,-32.7438756546224
23.6,1.7950747013092,-9.12063503265381,0.580729484558105,-70.4932212915427,0.530697534299499,4.55493106785009,2.47287797927856,-9.95754146575928,-4.41894960403442,-28.695571307137,-45.2002009270013,-30.6423357300362
23.605,1.71817791461945,-9.26469135284424,0.211853995919228,-73.5309479249059,16.5441747076114,6.33621622885909,3.65102791786194,-10.2338552474976,-4.18619918823242,-27.5908804164413,-40.8332682547349,-28.6503861906828
23.61,1.53880417346954,-9.42848205566406,-0.335318863391876,-75.7589692925424,31.6962544095366,7.65488328587302,4.51163578033447,-10.4514427185059,-3.932448387146,-26.1884701175611,-31.9475541445743,-26.8475099479337
23.615,1.35781943798065,-9.6082649230957,-0.932712495326996,-75.8465049969453,44.5374813322133,7.89219052462229,5.19144010543823,-10.5714254379272,-3.74031472206116,-24.352096919575,-17.6190740206949,-25.0911711990946
23.62,1.14397823810577,-9.78030872344971,-1.46484041213989,-74.8384032263972,54.9793789126804,7.42406216551431,5.61369276046753,-10.6279153823853,-3.61841082572937,-22.8274501402137,-5.48730909239113,-23.6176244800087
23.625,0.947381794452667,-9.91870880126953,-1.89742016792297,-73.0549725322152,63.1789971056187,6.47023222433755,5.73840379714966,-10.6248111724854,-3.46019577980042,-21.5696144554952,6.16183637670679,-22.0213187709702
23.63,0.808962523937225,-10.0007886886597,-2.19707059860229,-70.7036799104383,69.1240620610895,5.1758571619936,5.51552867889404,-10.5615701675415,-3.17864894866943,-20.5591716376092,18.663095756088,-19.9719478312646
23.635,0.727685868740082,-9.99429988861084,-2.39255547523499,-68.4247326523502,73.1167106121229,3.5885702908673,4.9559154510498,-10.4336757659912,-2.97861981391907,-18.99766061975,29.92216058395,-17.494259143802
23.64,0.623946845531464,-9.92259693145752,-2.49127101898193,-66.202790153075,76.4719112682975,1.85448280424014,4.32832670211792,-10.2906322479248,-2.95380258560181,-17.605630500861,37.9368479900155,-15.1448892202765
23.645,0.525960206985474,-9.78641128540039,-2.49413299560547,-64.1106690593543,79.4358650284353,0.0417440284637486,3.64863252639771,-10.1611080169678,-2.97866463661194,-16.4531299935224,43.4848877094118,-13.0210282374827
23.65,0.469617784023285,-9.58170223236084,-2.39491868019104,-62.2498318313085,82.2878105163742,-1.77007159121742,2.93276286125183,-10.0821676254272,-2.89930605888367,-15.6465922280233,47.3536878553201,-11.2621367054412
23.655,0.400370568037033,-9.3965368270874,-2.27038550376892,-61.016654837041,84.0866569475129,-3.5610640518626,2.18300080299377,-10.0318164825439,-2.86559271812439,-14.9197286191925,48.2458744854638,-10.3246146946815
23.66,0.298644572496414,-9.23538589477539,-2.15035796165466,-59.9164001542112,85.0325630154788,-5.30991371172027,1.39430773258209,-9.99962997436523,-2.84504222869873,-14.3163036041366,48.0251842431915,-9.67576806787148
23.665,0.148788318037987,-9.09556198120117,-2.04491329193115,-58.9553242360987,85.3332416031211,-6.87686839034791,0.598482489585876,-9.96431350708008,-2.85494709014893,-13.7862450660505,46.3366282916756,-9.27701137884238
23.67,-0.0818595215678215,-8.97375011444092,-1.97154188156128,-58.2120084091045,85.2932371851523,-7.9802325167974,-0.144444927573204,-9.88628387451172,-2.9346981048584,-13.2377996587187,42.1568837838025,-9.13763283109181
23.675,-0.389575839042664,-8.87264347076416,-1.92352688312531,-57.5732354575466,85.335686810844,-8.83271098842763,-0.843678414821625,-9.77076625823975,-3.07866168022156,-12.5883118479003,34.7797877065685,-8.78109866396443
23.68,-0.709147810935974,-8.7909460067749,-1.88836097717285,-57.1057465748996,85.745709896909,-9.34788995940689,-1.54486286640167,-9.64394950866699,-3.09104037284851,-11.9964315600891,25.8592259712625,-8.23078861498921
23.685,-1.03098714351654,-8.72926807403564,-1.86993551254272,-56.9227214108054,86.7034458525174,-9.48266069078865,-2.18169665336609,-9.5286226272583,-2.98393654823303,-11.415196975873,15.3396349889865,-7.69961504852108
23.69,-1.35112047195435,-8.69166946411133,-1.88564002513885,-57.3549699324297,88.6790644095652,-9.10845255541022,-2.53885364532471,-9.48260498046875,-2.85289263725281,-10.6512701992847,2.31258679352407,-7.80019214537045
23.695,-1.63559901714325,-8.63538265228271,-1.90109097957611,-58.024212357875,91.4631519681,-8.39858672610256,-2.49167013168335,-9.45442867279053,-2.792231798172,-9.87522837465607,-10.0206354181228,-8.74869539276824
23.7,-1.89391994476318,-8.57214736938477,-1.92840099334717,-58.6759080273426,94.1809115596047,-7.54817950933814,-2.24057173728943,-9.43335056304932,-2.755291223526,-9.31770991478554,-19.5957171061182,-9.85591089213598
23.705,-2.12985181808472,-8.50825595855713,-1.9630868434906,-59.2095985185199,96.3976016434082,-6.66504287984466,-1.82936882972717,-9.42280197143555,-2.76962304115295,-9.06640676465327,-26.2618792832131,-11.0662545640081
23.71,-2.35148406028748,-8.46133327484131,-1.9721143245697,-59.4109729858194,96.9592002875341,-6.05717738805468,-1.26208603382111,-9.44955158233643,-3.01046681404114,-9.29992239463954,-31.3797912547224,-12.8095485053062
23.715,-2.55819940567017,-8.45283508300781,-1.95689487457275,-59.5193680879475,95.2837480539408,-5.90560908706975,-0.49521866440773,-9.52461624145508,-3.28978729248047,-9.79878575123893,-31.8344462119189,-14.8833049278961
23.72,-2.74358558654785,-8.45257949829102,-1.94263482093811,-59.7676796152233,92.0013640445078,-6.10679017463836,0.299782127141953,-9.60255718231201,-3.44854378700256,-10.2409209716868,-27.3334693696437,-16.6797163965957
23.725,-2.90071201324463,-8.45108413696289,-1.93498122692108,-60.2395432340336,87.303880952264,-6.63801411375163,1.02565538883209,-9.65622901916504,-3.44878768920898,-10.4926364944902,-18.0105497280687,-17.9284218259412
23.73,-2.99709796905518,-8.45341014862061,-1.9095516204834,-60.9286410193962,81.3949750182593,-7.51419590312274,1.36877048015594,-9.59271240234375,-3.45442986488342,-10.3842840810444,-6.97811185752819,-18.2073086950366
23.735,-3.09012699127197,-8.44290065765381,-1.84953963756561,-61.1107338626688,74.3150331510558,-8.71265504583903,1.25100934505463,-9.49877166748047,-3.30502414703369,-10.379407325977,2.93653353882802,-17.9964061138449
23.74,-3.18070363998413,-8.43284893035889,-1.79343569278717,-61.2171072288025,66.494698777823,-10.0469717737887,0.907784700393677,-9.43955421447754,-3.0933518409729,-10.4126780311978,11.360118330406,-17.6232250681629
23.745,-3.26841831207275,-8.4312047958374,-1.76759302616119,-61.5054163438579,58.1598599147915,-11.4120610652703,0.46624618768692,-9.45126819610596,-2.87019872665405,-10.465682860478,17.9460522517363,-17.287779110098
23.75,-3.339763879776,-8.45430755615234,-1.87680506706238,-62.5918535539968,50.0259515567634,-12.5515953122433,0.204135879874229,-9.53203201293945,-2.73055148124695,-10.7894799309135,21.4928175160149,-17.6411799279436
23.755,-3.38025903701782,-8.46393966674805,-2.0780303478241,-63.5484010566896,42.1603740104684,-13.4616975285799,0.0444075837731361,-9.5793285369873,-2.52786231040955,-11.1468149377211,23.1714662781397,-18.4715926196865
23.76,-3.37270665168762,-8.45804309844971,-2.33097195625305,-64.5142307864645,34.5601493134284,-14.1172121275672,-0.0524275079369545,-9.58670806884766,-2.34164261817932,-11.6124067353261,24.0641037007687,-19.44193881205
23.765,-3.30047726631165,-8.43403053283691,-2.6067225933075,-65.600654336225,27.2391461647531,-14.4825282104199,-0.113948680460453,-9.54659175872803,-2.2361843585968,-12.2523536256476,24.9838723423283,-20.2924954392025
23.77,-3.10542678833008,-8.39987945556641,-2.81966066360474,-66.8137437441435,22.5435123462271,-14.5212963641489,-0.19926381111145,-9.45154666900635,-2.1358950138092,-12.6280601337752,24.7715815251878,-20.9532069583745
23.775,-2.83982372283936,-8.40108680725098,-2.88778185844421,-68.6917042564385,17.3105151022977,-14.3948268739297,-0.334504336118698,-9.31408309936523,-2.05933594703674,-13.0765252320363,23.7016921558605,-21.753956138552
23.78,-2.52448916435242,-8.45127773284912,-2.82932639122009,-70.9538014378442,11.5810980019444,-14.2428175988565,-0.519217491149902,-9.16887474060059,-1.97980105876923,-13.5239982453206,22.1912453397837,-22.5802263205632
23.785,-2.18175792694092,-8.57133674621582,-2.65747475624084,-73.2768785481597,5.36851801545944,-14.2388151080028,-0.756639778614044,-9.05888843536377,-1.86350786685944,-13.8777405726247,20.7303293480205,-23.290101541381
23.79,-1.8293023109436,-8.77131366729736,-2.43352699279785,-74.1487112145768,0.8706585142101,-14.5720053960944,-0.941644966602325,-9.10917663574219,-1.7620598077774,-14.4015819310188,16.8518064278288,-24.4605603235948
23.795,-1.44643104076385,-8.99800205230713,-2.1847665309906,-73.8740897986181,-2.40329448046619,-15.0685106298828,-1.1154693365097,-9.23146438598633,-1.70457887649536,-15.007291644352,12.2466760309,-25.9209896643796
23.8,-1.03814589977264,-9.24468326568604,-1.92913806438446,-72.5634174780277,-4.43275050954279,-15.6546706342642,-1.29976522922516,-9.40497207641602,-1.6622439622879,-15.6731975223878,7.65644313032472,-27.5598679425148
23.805,-0.61342716217041,-9.50633811950684,-1.6970477104187,-70.2847639180739,-4.9960336490728,-16.2186615521469,-1.53231954574585,-9.60501003265381,-1.57897543907166,-16.373869063299,4.30963336154554,-29.2026479662134
23.81,-0.150973498821259,-9.68285655975342,-1.52278470993042,-67.5819624408515,-3.39344053745991,-16.4157466606476,-1.65423667430878,-9.73714351654053,-1.62938940525055,-17.5180504002285,1.07055179095505,-31.2133805257842
23.815,0.381654858589172,-9.78591918945313,-1.35379302501678,-64.7262740092475,-0.149830991676727,-16.3988231594316,-1.71527242660522,-9.79373264312744,-1.64477372169495,-18.8032222095527,-1.47941982799841,-33.3255038284894
23.82,0.96597421169281,-9.84205913543701,-1.18630421161652,-61.6594507700201,4.72268136763925,-16.2096969288613,-1.71338021755219,-9.77394866943359,-1.61718237400055,-20.1760577893267,-3.01722197858797,-35.4589851327291
23.825,1.54111671447754,-9.91995620727539,-1.02860414981842,-58.0941808157326,11.5277960594352,-15.8987406140654,-1.61879241466522,-9.67122268676758,-1.58094370365143,-21.5993804198981,-2.7224416861808,-37.4798912590688
23.83,1.91407263278961,-9.9959192276001,-0.939278960227966,-53.413558045455,19.9434249612906,-15.5931989317341,-1.44319093227386,-9.57800674438477,-1.57689917087555,-23.3451084698617,-1.20210336880361,-39.5928580901364
23.835,2.17038297653198,-10.0837278366089,-0.894510447978973,-47.9443455392698,29.5413297263976,-15.3195935064144,-1.24315345287323,-9.52371120452881,-1.50934898853302,-25.1975206595663,1.40858052102162,-41.6647345031572
23.84,2.31403160095215,-10.1902170181274,-0.896638095378876,-41.8772831599389,40.2409849857627,-15.0752315360261,-1.03826248645782,-9.51047801971436,-1.37777471542358,-27.1219571940686,5.06105790374497,-43.6999464607134
23.845,2.27806830406189,-10.3335027694702,-0.98039710521698,-35.775755646056,52.0948226865494,-14.8210272630439,-0.863325953483582,-9.51889133453369,-1.27545666694641,-29.1723868130956,9.66396635475934,-45.8522893323462
23.85,1.98342442512512,-10.4396123886108,-1.12174355983734,-29.8674302781307,63.9171493096003,-14.7576670132083,-0.695631146430969,-9.52090167999268,-1.24160468578339,-31.203367468461,14.7097054248564,-48.3071173766567
23.855,1.48692333698273,-10.5085573196411,-1.30306613445282,-23.8820364707056,75.10764245329,-14.9887767090594,-0.574309706687927,-9.52554607391357,-1.24383795261383,-32.8980637600408,19.1601047163277,-50.5533309531476
23.86,0.804400622844696,-10.5394954681396,-1.5241733789444,-17.7391265481889,85.2839071467461,-15.5563415234254,-0.528712451457977,-9.54351139068604,-1.27007877826691,-34.1831092108653,22.7240205856122,-52.4833989786206
23.865,-0.0432589612901211,-10.5349502563477,-1.82197189331055,-11.5576730144122,93.1957592246679,-16.4376561999577,-0.67443972826004,-9.63476848602295,-1.30372989177704,-35.4268934889138,26.0761049679779,-54.6947444393985
23.87,-0.938900649547577,-10.5205135345459,-2.17989444732666,-6.9286723869947,98.2035787920404,-17.2416855784841,-0.948265671730042,-9.76702404022217,-1.38020944595337,-36.6728839180642,28.9423631173225,-57.395117784371
23.875,-1.81732976436615,-10.4876298904419,-2.60583710670471,-2.75411754223038,101.709808591142,-18.0023364255918,-1.24688518047333,-9.91558170318604,-1.52405571937561,-37.7704475063611,30.7424765485523,-60.3963097358638
23.88,-2.63705372810364,-10.4293432235718,-3.1025083065033,1.51759823758125,104.319938061706,-18.7212223734721,-1.51175439357758,-10.0658693313599,-1.74892628192902,-38.6225340958877,31.0811070823178,-63.6137727972358
23.885,-3.28776717185974,-10.3201198577881,-3.57563710212708,5.83875519547367,105.111352080835,-19.1486402438058,-1.64569175243378,-10.1738338470459,-2.00017690658569,-39.0615240142228,29.4211354724783,-67.0128983999627
23.89,-3.72394490242004,-10.2213611602783,-3.90479779243469,9.0201040584961,103.126239560841,-19.1966513510292,-1.72674810886383,-10.2414960861206,-2.24409866333008,-39.3829185656177,27.3386500681291,-70.2369252731271
23.895,-3.9924099445343,-10.1347932815552,-4.09269380569458,11.1284502665902,98.8009539670389,-18.8427177784283,-1.77336311340332,-10.2745065689087,-2.47534894943237,-39.6340612063045,25.152294561977,-73.2973349647239
23.9,-4.12016105651855,-10.0625352859497,-4.13282871246338,12.1512693872523,92.3395403706935,-18.0442891550213,-1.79810440540314,-10.2752408981323,-2.68889951705933,-39.8483276556624,23.1093286321655,-76.193239550161
23.905,-4.08367156982422,-10.0005073547363,-4.02252626419067,12.1490529908667,84.1778946144459,-16.7049880965248,-1.77442109584808,-10.2731008529663,-2.79041624069214,-39.6602140006365,21.1104379130682,-79.0387305093341
23.91,-3.9843602180481,-9.95494174957275,-3.87320065498352,11.7877428139622,75.8723299421971,-15.248972765491,-1.7216808795929,-10.2595863342285,-2.8761899471283,-39.5145363109239,19.9010009488084,-81.6813990011037
23.915,-3.85515952110291,-9.92247009277344,-3.69501829147339,11.0720508332925,67.7373082633343,-13.7420964308028,-1.65936088562012,-10.2418823242188,-2.99845576286316,-39.3570082430013,20.1127982847813,-83.9721829770235
23.92,-3.73514866828918,-9.89986991882324,-3.4985339641571,9.980633561475,60.1810426637925,-12.2631777679348,-1.61119604110718,-10.2286891937256,-3.22564840316772,-39.1185151126573,22.6489329009717,-85.6967715915059
23.925,-3.63777709007263,-9.8827543258667,-3.19804096221924,7.90021002048153,53.8050918094368,-11.0047768850624,-1.53739023208618,-10.2195644378662,-3.45061326026917,-38.828197921986,25.6404823329037,-87.7170254347797
23.93,-3.56803059577942,-9.83677101135254,-2.92194390296936,5.06694680746999,48.2601939770587,-10.0838505264386,-1.40952479839325,-10.1299686431885,-3.65497970581055,-38.9839501407243,26.5299795760617,-90.3691810593065
23.935,-3.51516127586365,-9.79272079467773,-2.62233710289001,1.7578824783133,43.4093628926644,-9.54245131300929,-1.28216409683228,-10.0081033706665,-3.78864169120789,-39.37660405573,26.8530372785196,-93.1700708831995
23.94,-3.46005582809448,-9.81278419494629,-2.19246077537537,-1.5770141598929,39.1028432436068,-9.48789944588204,-1.26173794269562,-9.95080280303955,-3.75115251541138,-39.5823669195713,29.7288047587361,-95.1844644241655
23.945,-3.41475772857666,-10.0810317993164,-1.83599781990051,-3.20918593931506,35.7493193988735,-10.1300687090048,-1.1839519739151,-10.0202808380127,-4.06891822814941,-39.6700938692709,32.5844761148672,-98.4339474123666
23.95,-3.4711377620697,-10.4284229278564,-1.93268215656281,-2.84333688826367,34.4821895342419,-10.5416388329168,-1.06791412830353,-10.2886457443237,-4.31856441497803,-39.5782756362584,35.4538932267029,-102.245117837153
23.955,-3.62827372550964,-10.7722539901733,-2.46075701713562,-0.606208690668574,34.9771835886764,-10.4268412822155,-0.919671654701233,-10.7395467758179,-4.41814517974854,-39.4213213042261,38.299541280227,-106.214892084656
23.96,-3.85923433303833,-10.9330816268921,-3.25806283950806,3.19623035112001,36.0390116272358,-9.21461674700067,-0.746939957141876,-11.3157920837402,-4.26958703994751,-39.5484755209097,40.9978450778809,-109.430053372278
23.965,-3.87289786338806,-11.0271120071411,-3.64798903465271,5.51462387265566,35.8205616870113,-6.75421313389329,-0.63325434923172,-11.7630968093872,-4.01353549957275,-40.1103985990212,44.5481535027915,-111.800627618082
23.97,-3.74024820327759,-11.2312326431274,-3.80642771720886,6.67993439978258,35.4219245262926,-4.29840324988957,-0.535840153694153,-12.103964805603,-3.61870455741882,-40.6776082435503,48.5853656230647,-113.695499678762
23.975,-3.49569821357727,-11.5887928009033,-3.79210472106934,7.19969728146856,35.0496450655811,-2.04758975443615,-0.441593110561371,-12.3537654876709,-3.09489631652832,-41.2425468501804,52.9731576930564,-115.264018470709
23.98,-3.22885584831238,-12.1252040863037,-3.70318293571472,9.11145613109773,34.5675054271645,0.315791608480571,-0.332134306430817,-12.5617141723633,-2.51914405822754,-42.1994665981829,57.440436089514,-116.834333602408
23.985,-2.99151110649109,-12.6115894317627,-3.59605002403259,14.1969759304683,32.2005785023774,2.41612776558641,-0.144214943051338,-12.7814064025879,-2.08427906036377,-43.0530011878136,60.5354748402028,-118.893703939059
23.99,-2.78329086303711,-13.0257120132446,-3.50578093528748,20.6332621146309,28.6572129647582,4.04233006639569,0.0200786199420691,-13.0346593856812,-1.70055794715881,-43.8159435633878,63.0232414717857,-121.402910534447
23.995,-2.60706496238708,-13.3684053421021,-3.44954013824463,27.6177418428996,24.285599905363,5.12550244611133,0.0923088863492012,-13.3449401855469,-1.3129540681839,-44.4797901393888,65.3618094511388,-124.411431278919
24.0,-2.47953987121582,-13.7255687713623,-3.46397304534912,33.4053863059273,20.217448735697,5.81350953564083,-0.188380017876625,-13.8316030502319,-0.715266704559326,-44.9640300609752,69.263930674913,-128.310417445864
24.005,-2.37119317054749,-14.1141624450684,-3.57565522193909,39.3521280728393,16.1548214815221,6.48969442149068,-0.494821757078171,-14.2592620849609,-0.142061665654182,-45.2158659658628,71.5630884627552,-133.494285139093
24.01,-2.24179029464722,-14.4868392944336,-3.74209308624268,46.1887956772798,11.9520336229367,7.37494029877723,-0.8295037150383,-14.6714992523193,0.494863450527191,-45.7082645484127,71.6578095261649,-139.726559549163
24.015,-2.06375813484192,-14.8107967376709,-3.92761015892029,54.3491368673959,7.52269607354482,8.64076559727735,-1.19896554946899,-15.0943651199341,1.26919651031494,-46.7094234316694,69.215641237481,-146.784958999724
24.02,-1.74405288696289,-14.9613485336304,-3.83896803855896,63.8077774904209,2.83591353985292,11.0670468659518,-1.66905164718628,-15.5981063842773,2.60567474365234,-48.3133396789906,66.1705038488683,-151.865936723297
24.025,-1.30517566204071,-14.9960136413574,-3.37549114227295,73.1252824995313,-2.0206971652397,14.2587473075482,-1.86964535713196,-16.0796203613281,4.16972732543945,-51.016339231699,60.6759103597274,-157.09873589174
24.03,-0.853835821151733,-14.9615793228149,-2.76210498809814,82.5859482736452,-6.91006268282735,17.8208173182095,-1.69777595996857,-16.4290447235107,5.47154188156128,-54.6113853956731,51.6901203178478,-162.428004652021
24.035,-0.474202692508698,-14.8910541534424,-2.16865348815918,92.4248289428594,-11.725088634932,21.4615062213122,-1.0486832857132,-16.5508480072021,6.10521411895752,-58.988320879979,38.1702253086711,-167.815603227814
24.04,-0.0639397948980331,-14.876690864563,-1.66830146312714,102.087408769217,-13.7569990497981,23.9920503276669,-0.454802751541138,-16.4865894317627,6.11189460754395,-63.0113774331974,23.5265661055414,-169.444275495782
24.045,0.316760390996933,-15.012864112854,-1.30511391162872,111.61679990676,-13.3978813636172,25.0896019631328,-0.0694593787193298,-16.4292488098145,5.76654624938965,-64.9837653107678,14.1317945814452,-168.418995799471
24.05,0.642661690711975,-15.15807056427,-1.11439967155457,121.492536276735,-11.2504767187544,24.8728749381264,-0.153274059295654,-16.4295902252197,4.57082319259644,-65.2710362370694,6.83031723605969,-166.214279037283
24.055,0.877841889858246,-15.1352157592773,-1.15378797054291,132.343739773405,-7.93451549936157,23.3899213410061,-1.06978261470795,-16.5558376312256,1.83318364620209,-64.2028561225819,-2.18155879236408,-164.592040807513
24.06,1.13454973697662,-14.5584278106689,-1.12805736064911,144.4524903793,-3.92103572513319,21.6163551475329,-2.94631552696228,-17.7393989562988,1.93328416347504,-62.1289579735667,10.1037075939031,-163.27875935466
24.065,1.41352987289429,-13.7894659042358,-0.915290474891663,157.101317703247,-0.805144353547543,20.2043296498487,-3.59475755691528,-18.6494541168213,2.90584278106689,-59.6793379484984,19.1117811279499,-165.374452637316
24.07,1.67186558246613,-12.8869791030884,-0.597166359424591,168.985054557125,1.21619757087763,19.2963891883843,-2.9293053150177,-18.95188331604,3.69154524803162,-58.106085835456,20.2520709645997,-170.624136033388
24.075,1.82598924636841,-11.9099493026733,-0.330188393592834,177.625721970433,1.82249105194145,19.1470368568982,-0.879405856132507,-18.0897350311279,2.47047328948975,-59.8075269388411,6.5851885769371,-178.550351999134
24.08,1.78501880168915,-10.9882593154907,-0.409498810768127,185.830664295829,3.12778075657909,20.4987108030762,0.498743087053299,-16.9821720123291,0.888874232769012,-61.5429277427797,-6.54836062381922,-180.955521153084
24.085,1.68859076499939,-10.3461236953735,-0.70968097448349,194.172114781978,6.05596631013747,22.8607080388298,1.31656885147095,-15.7508869171143,-0.617615878582001,-63.5100836954459,-17.2935847708925,-178.164077480814
24.09,1.57198059558868,-10.0297660827637,-1.20989036560059,202.416726846073,10.6697040260809,26.0183796242076,1.62830674648285,-14.4146823883057,-1.98021280765533,-66.283700573983,-25.5594899497257,-170.936412282241
24.095,1.48519563674927,-10.1217317581177,-1.91327881813049,209.668789480361,16.968532653197,29.5980612776437,1.50520610809326,-12.9744520187378,-3.1441490650177,-71.5370176306932,-31.5305130391371,-160.963270584512
24.1,1.45351195335388,-10.4767904281616,-2.65059971809387,216.037899900263,22.6984227441503,32.8448941524468,0.914995431900024,-11.5739793777466,-4.65476703643799,-75.8247576746279,-38.6689554765817,-153.470880914088
24.105,1.487264752388,-10.9135723114014,-3.23401165008545,221.618369357838,26.3730064610092,35.4957861919772,0.271735280752182,-10.4387369155884,-6.21124935150146,-79.7996409036302,-52.8258134371863,-146.79635175526
24.11,1.58305788040161,-11.3737878799438,-3.60338997840881,226.526078842546,27.4206755174191,37.4512727664464,-0.274677604436874,-9.69589900970459,-7.58907413482666,-83.549325965508,-75.6043952814358,-140.472470848042
24.115,1.71470868587494,-11.7667789459229,-3.66599345207214,231.207531480808,24.6602989605881,38.5102935972569,-0.438785642385483,-9.71346855163574,-8.04128646850586,-86.8301595219994,-108.635811654832,-133.981946985454
24.12,1.78620052337646,-12.0917291641235,-3.59248566627502,236.28217078883,19.4736599181028,39.1641544366914,-0.303538203239441,-10.0975666046143,-7.99583578109741,-88.842886496808,-134.102854994141,-126.304923641386
24.125,1.81361627578735,-12.34010887146,-3.4805154800415,241.150538383919,12.9093606209685,39.8371534661802,-0.101252041757107,-10.6408967971802,-7.66064071655273,-88.3267564219868,-151.006248133224,-116.961457083241
24.13,1.80333173274994,-12.5121536254883,-3.35923552513123,245.333701401471,5.45305014417481,40.7103829062826,0.104054965078831,-11.2263660430908,-7.11916780471802,-84.6028075129016,-158.835188544811,-105.760875750147
24.135,1.77314615249634,-12.6523675918579,-3.2029504776001,246.700449575148,-1.54927793561224,42.0610220788014,0.422351449728012,-11.4474878311157,-6.53980207443237,-76.338551824753,-158.392141494109,-92.9139797704591
24.14,1.74901473522186,-12.7577228546143,-2.99617600440979,244.950773675844,-6.53691877629897,43.8055514305656,0.880207002162933,-11.1683530807495,-6.3754768371582,-65.7775357451608,-150.633784257405,-78.862682383477
24.145,1.75322163105011,-12.8063926696777,-2.72494173049927,241.327850094772,-9.74283198778454,45.7621069296399,1.59222555160522,-10.4939699172974,-6.82353639602661,-53.0130255072417,-138.754582649135,-64.5855174708319
24.15,1.79784715175629,-12.7835454940796,-2.37957954406738,236.423145893299,-11.1983982338803,47.8312580971819,2.67349195480347,-9.46408843994141,-7.98431539535522,-38.3365506602447,-124.510824191721,-50.7876508379086
24.155,1.86029779911041,-12.6863126754761,-1.98323106765747,230.945580065759,-11.0370777034211,49.7388445550019,4.85262632369995,-8.19185256958008,-9.17668342590332,-28.31340002496,-113.288871196714,-41.0916850468877
24.16,1.87420725822449,-12.568977355957,-1.658846616745,224.457446769381,-10.5262128506763,51.5162476072414,6.96016645431519,-7.16916608810425,-9.92635345458984,-26.1534039263622,-111.008257372468,-34.92670849071
24.165,1.82288897037506,-12.4590950012207,-1.46401226520538,216.824819654918,-9.84973213225806,53.2400507499692,9.21620750427246,-6.18009424209595,-10.4854965209961,-31.6578994822524,-116.183730763208,-30.5581126673807
24.17,1.68906819820404,-12.3790512084961,-1.45249366760254,207.871015388922,-9.1438867230506,54.9679076099694,11.8050203323364,-5.05482816696167,-11.0431547164917,-45.1380222998921,-128.089624750754,-26.7152877308861
24.175,1.44543874263763,-12.322717666626,-1.60424876213074,200.99449021558,-8.44956640429389,56.0491777820012,13.7271156311035,-4.30454730987549,-11.2029218673706,-58.1082305148553,-135.146371295536,-23.0143685121349
24.18,1.16153144836426,-12.258020401001,-1.72173285484314,193.406095406182,-7.13981530546777,57.0153797570858,14.3891611099243,-4.44944381713867,-10.4134721755981,-66.5165758737346,-129.101462634778,-17.3651890590563
24.185,0.858796358108521,-12.1698741912842,-1.79339003562927,185.220332251975,-4.89344847660744,57.9429877482652,14.0489711761475,-5.24097061157227,-8.93590545654297,-68.4934989969139,-107.099558676524,-9.88273304500662
24.19,0.562735557556152,-12.0375213623047,-1.80117619037628,176.535159326036,-1.23487920547468,58.925127969778,12.9533729553223,-6.41659355163574,-7.04534006118774,-61.1953394159177,-64.3257039049938,-0.570446620587181
24.195,0.294420808553696,-11.8408174514771,-1.72003197669983,169.131261586498,4.01969439259944,59.2560642954435,11.4251461029053,-7.08928108215332,-6.27013254165649,-45.9663534914854,-11.9429614241716,10.3160880572764
24.2,0.0390011705458164,-11.6048002243042,-1.55379748344421,162.604633343958,9.03885036644685,59.1334828904093,9.76266574859619,-7.28658771514893,-6.07045412063599,-29.6537580552306,30.3723725030914,21.9708573333822
24.205,-0.206587165594101,-11.3194131851196,-1.313631772995,157.15922404703,13.1551731527818,58.3733989490027,8.09591388702393,-7.05557823181152,-6.16572046279907,-13.428393526187,60.5693457482969,34.1584829638129
24.21,-0.44555127620697,-10.9577674865723,-1.01249253749847,153.337787847921,15.2018325073869,56.5392882511792,6.63931751251221,-6.43744325637817,-6.11216926574707,1.20285970553248,75.557519693162,46.5739227238201
24.215,-0.637258648872375,-10.5304660797119,-0.712293088436127,151.542431643448,13.6745859872728,53.6052712101735,5.4526219367981,-5.61000537872314,-5.66542148590088,12.8363971251599,81.1166243190137,59.1112574548501
24.22,-0.743353486061096,-10.0932626724243,-0.412387520074844,150.700405922569,9.49939806934976,50.2202328726098,4.39635276794434,-4.61418437957764,-5.23923063278198,23.3366236673652,82.0265762711887,72.0952285009909
24.225,-0.763277888298035,-9.67883968353271,-0.129828050732613,150.538475797727,2.84639489202113,46.4838120381002,3.49022006988525,-3.49116468429565,-4.90195322036743,32.4920704855861,78.792174340675,85.5777213942725
24.23,-0.701522529125214,-9.3640604019165,0.0839668661355972,150.713834074477,-6.35148426297501,42.4179643497317,2.85592913627625,-2.33430981636047,-4.71007061004639,38.8873473601983,70.7669957640443,99.6368530082326
24.235,-0.545364081859589,-9.0161304473877,0.319801419973373,150.739392642352,-16.1668443220086,38.3580828316031,2.63029146194458,-1.38280391693115,-4.49082136154175,43.8739899260491,59.600298999423,113.333315237643
24.24,-0.375495195388794,-8.67559146881104,0.566623628139496,150.501182964858,-25.468586962062,34.5822074093529,2.60798168182373,-0.681250393390656,-4.34410238265991,48.3220481701824,46.5096916248653,126.222278352429
24.245,-0.214929178357124,-8.36476421356201,0.802550375461578,149.965600511281,-33.8265391852448,31.2002085059699,2.73911428451538,-0.2233667075634,-4.33472537994385,52.577703400491,31.6457212549623,138.160506455506
24.25,-0.0903692618012428,-8.14728260040283,0.936511993408203,149.08976535401,-40.3643586927406,28.4467662986937,2.9962158203125,0.0647691190242767,-4.66524267196655,57.3864434441251,14.4933455225179,148.924379153447
24.255,0.0167772695422173,-8.02209949493408,1.00509107112885,147.915655835685,-44.9644740232713,26.4981338190565,3.25672936439514,0.148968413472176,-5.0185661315918,61.609549407944,2.33120098000306,156.812783191949
24.26,0.0967894122004509,-7.94600343704224,1.042365193367,146.471316713037,-47.8934025733453,25.1388766553525,3.51965522766113,0.0520778335630894,-5.19274187088013,66.6666897713131,-5.24429907257171,164.753397196465
24.265,0.141016095876694,-7.909348487854,1.05571591854095,144.810638178619,-49.221000102699,24.3416398999557,3.76782011985779,-0.220300480723381,-5.1388258934021,72.9844098478998,-8.37335088466666,173.821825697113
24.27,0.113765224814415,-7.9415340423584,1.01830875873566,143.355480036326,-49.190988251486,24.3326530785553,3.86599087715149,-0.640905439853668,-5.06541776657104,79.8623488704001,-8.21431334493749,184.559087978048
24.275,0.0233474522829056,-7.9303503036499,0.942716836929321,141.078308627422,-48.1388556664535,24.7076577847456,3.94497442245483,-1.20901083946228,-5.00159645080566,87.136473015707,-8.768682233827,194.213929200076
24.28,-0.0985071361064911,-7.88269567489624,0.846800684928894,137.950013685665,-46.410828051724,25.4029864101786,4.03729391098022,-1.79762899875641,-5.00525951385498,95.2741584683461,-10.0615798408761,203.012264700185
24.285,-0.236691266298294,-7.79837036132813,0.739580810070038,133.93244177435,-44.1939501377184,26.3844248297542,4.16159248352051,-2.34640574455261,-5.1035795211792,104.454082977005,-12.0477536015126,211.01732836971
24.29,-0.389272898435593,-7.644690990448,0.634076476097107,129.466304019483,-42.2419435446313,27.3205978781528,4.33113479614258,-2.95483088493347,-5.16816377639771,112.588940731328,-12.9354656039763,218.077640273239
24.295,-0.507207989692688,-7.42995977401733,0.516406953334808,124.548362911399,-40.7920651385668,28.0199375321758,4.54595375061035,-3.58846545219421,-4.98765230178833,120.588109947599,-10.4923146218256,224.268223208615
24.3,-0.590793311595917,-7.17248249053955,0.382350534200668,119.035389383202,-39.9450977758231,28.4336881939804,4.80159759521484,-4.25903129577637,-4.69840478897095,129.429776167802,-6.08640675572093,230.073856682369
24.305,-0.638162016868591,-6.88421440124512,0.227543711662292,112.776955348611,-39.8181826157605,28.5055639821637,5.09702348709106,-4.97811985015869,-4.40229368209839,139.944101074228,-0.686472431400363,235.856841248835
24.31,-0.660282611846924,-6.54045724868774,-0.0036783239338547,105.905511836011,-41.0577390067128,28.1265892285183,5.30723285675049,-5.47277021408081,-4.35188484191895,152.990541030518,7.98770047488117,241.965789763251
24.315,-0.69170755147934,-6.19049167633057,-0.269947290420532,98.9608965068331,-42.8391172290492,27.3579641355546,5.11960029602051,-5.85714530944824,-4.00848197937012,162.949694500827,17.9442576195319,248.428104944567
24.32,-0.724100232124329,-5.83929300308228,-0.533837258815765,91.7338870064209,-45.1887706054253,26.2511678390472,4.6668848991394,-6.1191349029541,-3.5091769695282,170.4994440999,26.9345470485272,255.044126702965
24.325,-0.747061014175415,-5.49301815032959,-0.748143076896667,83.9398898426277,-48.1836378017466,24.8448643323402,4.09549522399902,-6.23410797119141,-3.01422119140625,176.306129422787,32.059005756356,261.574825738251
24.33,-0.750721454620361,-5.26383447647095,-0.836920142173767,75.1327843796248,-51.8366381208283,23.2778328140843,3.41971111297607,-6.25088214874268,-2.50354099273682,182.264704492436,24.1759190201237,266.143293387263
24.335,-0.75044459104538,-5.05187511444092,-0.864916145801544,65.8052936339478,-55.8361339365048,21.5870587586354,2.95854783058167,-6.3758659362793,-2.14411306381226,186.930352072958,12.9478777652455,268.70409523164
24.34,-0.743996500968933,-4.84736824035645,-0.838610708713531,56.0820412371927,-60.1195094895598,19.8762807866548,2.85778260231018,-6.67151165008545,-1.97207629680634,190.455276099818,-2.15669348869064,269.15267473557
24.345,-0.724878013134003,-4.64309358596802,-0.757749259471893,46.1056244637566,-64.6308016250291,18.336056053344,3.39798069000244,-7.25238513946533,-2.05805349349976,193.159908067738,-23.5701632030136,267.073291944652
24.35,-0.677408695220947,-4.46668148040771,-0.646700978279114,36.0582932512627,-69.1110505507206,17.268468457767,4.59282398223877,-8.09494781494141,-1.92282497882843,196.062957031047,-49.3977551531352,262.276695977362
24.355,-0.615844964981079,-4.30556488037109,-0.552864611148834,26.024897332223,-73.2640924340335,16.5359050560738,5.83550310134888,-8.92730712890625,-1.65361475944519,199.261753185418,-75.3038259768202,256.198838484048
24.36,-0.542753994464874,-4.15316724777222,-0.483285397291183,16.0104398202045,-76.7653498554196,16.0941950149018,6.9691333770752,-9.63844680786133,-1.43370497226715,203.337791516028,-99.8273538143734,249.402089920211
24.365,-0.459371507167816,-3.99572038650513,-0.443427890539169,6.00034124953689,-78.71897520334,15.8913315663632,7.7480673789978,-9.99325466156006,-1.7690441608429,210.027046562706,-120.169036860884,242.93488432345
24.37,-0.38661715388298,-3.85687279701233,-0.402752548456192,-1.42394343073398,-78.9899014869577,15.7698020104612,8.23901271820068,-9.80406284332275,-3.31308579444885,218.874053990841,-125.97292180621,238.269400667467
24.375,-0.337711006402969,-3.76615428924561,-0.329260319471359,-9.23848057418704,-77.5702671585381,15.6852101175906,8.56082439422607,-9.44083499908447,-5.23476123809814,226.111486359926,-116.123993928727,235.818100415863
24.38,-0.310750782489777,-3.74097752571106,-0.202725529670715,-18.1788763250691,-74.2650839776555,15.6384711331002,8.78011131286621,-9.0806999206543,-7.09291696548462,230.798758319361,-91.7200900242975,235.562378133338
24.385,-0.283639162778854,-3.83307123184204,0.0392396859824657,-28.7018926472139,-68.1723298417615,15.6782740604884,9.0888614654541,-9.18028545379639,-7.65990161895752,232.313803560296,-58.9996794845687,237.003083595347
24.39,-0.229211255908012,-4.00625133514404,0.364407062530518,-38.5279701268289,-60.162102549224,15.5998976397625,9.1740608215332,-9.63582134246826,-7.099937915802,234.708112713466,-36.4221169377818,238.184187227382
24.395,-0.144987016916275,-4.21160936355591,0.726285636425018,-47.6514328767138,-51.1808306774804,15.4006798046935,9.01713466644287,-10.1375398635864,-6.31469535827637,238.034387518505,-22.6166363514813,239.163936882686
24.4,-0.0251052808016539,-4.43418836593628,1.10458099842072,-56.0059939109738,-41.5597442503304,15.0791640174408,8.54923343658447,-10.5868158340454,-5.61315298080444,242.135560945261,-17.0666056319419,239.985444715298
24.405,0.163054078817368,-4.68078470230103,1.45560932159424,-63.2526265448714,-31.5887096659602,14.6611905911818,7.33117628097534,-11.0349740982056,-5.04386281967163,245.37774246124,-17.2155652275507,240.883396025101
24.41,0.366686671972275,-4.86256074905396,1.76908147335052,-69.9331526097908,-21.3506317605154,13.8993393383276,5.71460580825806,-11.2958860397339,-4.59721183776855,247.477943668749,-22.1980003968728,241.564365885351
24.415,0.590622067451477,-5.01884841918945,2.06493377685547,-76.1763143413977,-11.0082449136135,12.8424930689941,4.11574935913086,-11.2884721755981,-4.41386222839355,248.822944520107,-29.2592804797165,241.888253455793
24.42,0.835373342037201,-5.17027807235718,2.35482335090637,-82.0032853261189,-0.66752441942569,11.5162769454,2.77736926078796,-10.9632453918457,-4.57364845275879,249.584756499374,-37.1494193862669,241.682063705129
24.425,1.0439920425415,-5.34005069732666,2.67680406570435,-87.0092061009021,9.20562053409011,10.2125492196482,2.09730100631714,-10.4680576324463,-4.91398143768311,249.940008298485,-47.4588898440112,239.519762417687
24.43,1.17282617092133,-5.45537900924683,2.92924547195435,-91.2124293840471,18.6044961481039,9.04708159817036,1.81887245178223,-10.2299795150757,-5.19939661026001,249.562298837383,-58.5840419830059,235.397333442234
24.435,1.27896404266357,-5.56291007995605,3.20128321647644,-94.6984008420707,27.2458773161802,8.12302957422757,1.81880509853363,-10.3813467025757,-5.48735523223877,248.313193841971,-69.0892622472682,229.533971209615
24.44,1.40645384788513,-5.69929504394531,3.56506204605103,-97.4912378729323,34.8579660518085,7.5372785274228,2.0160219669342,-11.0513305664063,-5.8237476348877,246.029069300492,-77.7939900048018,221.997608781314
24.445,1.43570971488953,-5.87171506881714,4.16572237014771,-99.7886403021577,39.0446022205541,7.53260155538863,2.14861583709717,-12.2649822235107,-5.95415306091309,244.610903462744,-80.2174708959166,214.089520137625
24.45,1.40327942371368,-6.04678821563721,4.82384347915649,-102.270567122,40.6482145244572,7.75883364239873,2.05615711212158,-13.1814107894897,-6.02760410308838,243.081241616985,-77.7500377374928,206.757571610805
24.455,1.3513890504837,-6.25569009780884,5.50019550323486,-104.611757893995,40.0830061253548,8.20768891521623,1.68881249427795,-13.5705394744873,-5.80357694625854,241.627285587986,-72.3533823308607,200.074859885351
24.46,1.33159482479095,-6.54019403457642,6.14689207077026,-106.392702399319,37.7025554260112,8.88588144979524,0.962826490402222,-13.1027383804321,-4.95699262619019,240.490141053449,-66.2668709878681,194.183084065785
24.465,1.30902719497681,-6.95309257507324,6.60373258590698,-105.283971451729,35.6610528642294,9.396244283636,0.862920641899109,-12.0070037841797,-2.13876271247864,233.935700280608,-53.5710246416751,189.25058099439
24.47,1.23704814910889,-7.48379278182983,6.82826519012451,-103.085702388117,34.5551427847668,9.53172023204955,1.87221002578735,-10.5296106338501,-0.446767389774323,222.283069707486,-49.7043999110175,184.220911651862
24.475,1.08849763870239,-8.1471643447876,6.81252861022949,-99.32539638208,34.4507023621681,9.19008185372833,3.54875516891479,-8.87934112548828,0.100611545145512,205.543969938699,-52.8362055700084,179.489885500605
24.48,0.808763802051544,-8.98646259307861,6.52061653137207,-92.7539006268815,35.5151805141254,8.14920968931623,5.07458066940308,-7.40765762329102,-0.325848817825317,183.17161701043,-58.6091292678274,175.950126302867
24.485,0.33512082695961,-10.0968523025513,6.24600744247437,-82.3760497302616,36.5140956802398,6.00536271923732,6.12588691711426,-5.62469911575317,0.0945670083165169,153.186499157805,-51.1116920876069,174.766782368784
24.49,-0.251438528299332,-11.5144119262695,6.05170011520386,-69.2727142981856,36.208796469624,2.94068394596586,7.06810808181763,-3.86586356163025,0.565763115882874,126.038409659972,-39.9476864175186,174.124812888695
24.495,-0.923078179359436,-13.2249908447266,5.90483570098877,-53.3993034406572,34.2700472737159,-1.07292891022962,7.83146905899048,-2.35006809234619,0.832813501358032,101.142267682438,-24.1312034791749,172.858031363711
24.5,-1.63600707054138,-15.2009325027466,5.6912317276001,-33.9812156491889,30.0419962529379,-6.26972988681772,8.06383991241455,-1.61429691314697,0.425046145915985,73.2008039011841,3.12108802496612,168.177056838691
24.505,-2.22609829902649,-16.8434658050537,5.6032018661499,-11.6041507441668,21.850032994512,-12.5506442084013,6.8502082824707,-1.6892032623291,-0.710329413414001,44.277800955064,46.6232059537764,154.998111212503
24.51,-2.57586002349854,-17.8757476806641,5.65776920318604,12.2277009116121,8.9554631481911,-18.9871745718267,4.57662439346313,-2.23914980888367,-2.04625654220581,19.1541675743917,94.6569894051329,135.527222643656
24.515,-2.6582567691803,-18.1513004302979,5.81835794448853,36.5441314371149,-8.83253340350921,-25.0367619121662,1.5617743730545,-3.16306495666504,-3.40543055534363,-1.05437971726945,141.659352820115,110.633040930414
24.52,-2.46461820602417,-17.2633972167969,5.89725685119629,58.3216944169857,-31.6657541997979,-29.095950166094,-1.09319245815277,-4.32491683959961,-4.48748636245728,-15.9220622949864,173.387302722495,82.1632551866698
24.525,-2.35641527175903,-15.498685836792,5.63740873336792,72.3299001404941,-51.6181130485229,-29.4664742681889,-2.72238969802856,-5.25632953643799,-4.93152236938477,-27.4087107335406,188.981949654333,54.6220370756837
24.53,-2.33663988113403,-13.6756019592285,5.26532793045044,78.2635791706185,-65.4924163284478,-26.8070649827635,-3.84056687355042,-5.92813968658447,-5.00452089309692,-37.5300214324821,193.198771844116,28.5778529967919
24.535,-2.40304040908813,-12.0452184677124,4.86285448074341,75.7977374462714,-71.9293915079429,-21.3734172715866,-4.65076065063477,-6.35269260406494,-4.76757335662842,-46.9951951314482,186.742767757593,4.31104251494868
24.54,-2.50727462768555,-10.3799982070923,4.48985528945923,65.1903375520257,-70.3667193579249,-14.1569740738204,-5.48945379257202,-6.77384948730469,-4.0679612159729,-56.2759400624456,165.020990347768,-17.8732987842446
24.545,-2.53676342964172,-8.87635326385498,4.48114061355591,55.6906338317105,-69.1515467423096,-7.67640350440043,-6.11639261245728,-7.27788782119751,-3.23553609848022,-66.1268726004503,134.915483580833,-38.7543294261123
24.55,-2.46470522880554,-7.71949243545532,4.7970986366272,48.9926600485563,-69.193463613246,-2.00286524886409,-6.43060970306396,-7.91496562957764,-2.52991819381714,-75.9555216462878,99.6799719924629,-58.1223621762481
24.555,-2.26781272888184,-7.03909301757813,5.42439222335815,46.1616695809911,-70.7878893127154,2.78801598452456,-6.36525869369507,-8.70157051086426,-2.09028506278992,-85.3195470738352,61.4447232828932,-75.6691932860917
24.56,-1.88308191299438,-7.06301355361938,6.17458724975586,47.4770786377709,-69.3543009078214,6.81803057951648,-5.98904275894165,-9.32494926452637,-1.82861542701721,-91.9076401887169,32.7740480152809,-89.352582533431
24.565,-1.40692317485809,-7.58338737487793,6.85379981994629,51.2075093963785,-61.8103296487857,10.2270855697493,-5.51662969589233,-9.91600608825684,-1.37503397464752,-97.6902490947789,11.8540050404214,-101.213677310211
24.57,-0.846076309680939,-8.46339321136475,7.32864379882813,55.9240248107445,-51.1321450890765,12.7785872577985,-5.01805114746094,-10.6011343002319,-0.886267244815826,-101.435303288399,-3.9513775598605,-110.078108550918
24.575,-0.200720548629761,-9.61615180969238,7.48044204711914,60.5496748034872,-39.4966309700147,14.2317219565498,-4.54744529724121,-11.4866905212402,-0.484902590513229,-102.037411784493,-16.426980614285,-114.827705986529
24.58,0.692722797393799,-10.7570734024048,7.10508346557617,65.2608387646385,-20.9506592978141,14.7110868306161,-5.0215539932251,-13.0136604309082,1.29267418384552,-90.206772821222,-21.9173752446337,-106.995200216195
24.585,1.62551844120026,-11.693151473999,6.63135528564453,68.0817615333672,0.604436363300662,15.2793107582369,-5.96420097351074,-14.9746856689453,3.58118891716003,-76.8384670304846,-19.3018584623622,-91.0046345389278
24.59,2.43460726737976,-12.3410749435425,6.05890607833862,68.2437189789665,23.0448396935696,16.5862264747839,-6.86123466491699,-17.0745449066162,5.63982343673706,-61.8874698052718,-16.3598313170073,-69.1223067024728
24.595,2.90560388565063,-12.5740032196045,5.37970161437988,64.5763172060199,43.7702700884079,19.5051112316834,-7.06316041946411,-18.9530048370361,6.52012300491333,-45.17544149126,-22.8402977260425,-43.7424302373509
24.6,2.68625235557556,-12.1646966934204,4.76953363418579,54.7919926728011,61.1707712254732,26.0076647649471,-5.67151594161987,-18.2259063720703,4.99421644210815,-29.1855656630992,-52.4117263885651,-28.5774090344958
24.605,2.08952450752258,-11.4759120941162,4.32527780532837,41.3412806497275,76.8800287315841,34.4722242882428,-3.91610264778137,-16.4641208648682,2.84153437614441,-19.9430373480552,-82.8500648586604,-24.7324223431288
24.61,1.21306622028351,-10.6043996810913,4.00247764587402,25.130490890599,91.0887073374215,44.1967744209402,-1.91882908344269,-14.1652498245239,0.763038694858551,-17.4762052462784,-110.323715323282,-30.9819498110421
24.615,0.179501086473465,-9.67605304718018,3.71948671340942,7.32834987090128,103.828157611276,54.1545106269963,0.244232684373856,-12.0502252578735,-0.0926330462098122,-21.9177884710785,-129.600121085702,-45.9501966790037
24.62,-0.8479363322258,-9.01165390014648,3.41827487945557,-9.47392060997197,112.680137417126,61.5417734408099,2.00053024291992,-10.7770776748657,-0.814036667346954,-33.0136886174054,-127.207765366635,-61.0226722336998
24.625,-2.02119421958923,-8.81183624267578,3.19740080833435,-22.8808383138611,117.322787750713,65.5920892790058,3.37935638427734,-10.0384759902954,-1.45742726325989,-43.0507608857658,-114.686280089574,-73.8187720965302
24.63,-3.26839756965637,-9.05768489837646,3.05579924583435,-31.1155414810184,116.636189814586,65.7861964250284,4.48241090774536,-9.78549766540527,-1.75577688217163,-50.9118885638165,-95.7218841986296,-83.4838517721243
24.635,-4.3319239616394,-9.66173267364502,2.96174001693726,-29.4098759056315,106.994927008628,60.5416356708341,5.56982564926147,-10.0317220687866,-0.880453050136566,-55.9542210770651,-76.2562890263893,-88.1127392745336
24.64,-5.46215867996216,-10.9085378646851,2.71627449989319,-18.6191417812317,85.5808359605341,50.1401659800643,6.52123117446899,-10.3811807632446,0.0995291694998741,-62.4245549004666,-55.4804723260438,-87.9951507377827
24.645,-6.44153594970703,-12.5773696899414,2.24351835250854,-5.36370358586823,55.8697760332616,36.823489589263,7.55152702331543,-10.7404432296753,0.945711255073547,-69.3758911357878,-36.2259299991569,-85.6643418533266
24.65,-7.12171936035156,-14.4684219360352,1.52063548564911,7.67498026373213,18.9977886857969,21.2421734791375,8.64598178863525,-11.0679893493652,1.54974663257599,-76.0828090516602,-20.0124167020969,-82.0901653323615
24.655,-7.02803516387939,-15.8699922561646,0.516943275928497,14.6038152946064,-23.209430177094,4.19048796855066,9.52094745635986,-11.2634935379028,1.64447557926178,-80.1069174540108,-11.1006018777968,-79.265390336941
24.66,-6.27455759048462,-16.2931118011475,-0.211096942424774,18.0752845534748,-64.6541881927472,-12.7461933781124,9.68661308288574,-11.3411912918091,1.17222714424133,-83.5694613631812,-4.46163025690089,-76.2547317432586
24.665,-5.18653297424316,-15.8190479278564,-0.683982670307159,21.5389793495204,-101.397040568669,-27.9335117335131,9.41701698303223,-11.3884954452515,0.336834043264389,-86.9993911190648,1.61823798007192,-72.7844560599477
24.67,-3.87503862380981,-14.4633274078369,-0.908411204814911,25.9887690466083,-130.848461099927,-40.280671799935,8.8023796081543,-11.425708770752,-0.839133024215698,-90.550426959122,7.77218751599975,-68.8495157772116
24.675,-2.41790628433228,-12.3509664535522,-0.945382177829742,29.8911412798344,-144.301106066536,-45.9931449085048,7.91967868804932,-11.3824672698975,-2.64486479759216,-94.005922113069,14.4926829941685,-65.2769853318365
24.68,-0.8500617146492,-10.4303159713745,-0.895686388015747,33.5697582233982,-148.570589014819,-48.715501217321,6.91280460357666,-11.3645048141479,-4.01383018493652,-97.4483920962688,24.7760313934321,-62.7936993043491
24.685,0.737132251262665,-8.85701656341553,-0.925958216190338,35.135312713246,-145.464970301106,-49.5935766766395,6.00879573822021,-11.3950023651123,-4.84178447723389,-99.8703020438744,35.5049898718838,-61.7017364711716
24.69,2.28114771842957,-7.73466444015503,-1.13679051399231,33.0333288263637,-135.542262720208,-49.1026875658961,5.3382511138916,-11.4795427322388,-5.062424659729,-100.621479418603,44.9406673989192,-62.2015902052007
24.695,3.50507688522339,-7.10209035873413,-1.67585790157318,19.34460690883,-119.045907874523,-46.7574191709671,4.99222373962402,-11.4499454498291,-5.01362419128418,-98.5913422916004,50.9511758119225,-63.6409432897541
24.7,4.31818962097168,-6.61479187011719,-2.07296872138977,0.0578749142410155,-102.788855536599,-42.6322410443733,4.45649862289429,-11.2207145690918,-5.22054529190063,-95.9984658788801,55.5976510514446,-63.6943143879286
24.705,4.78204822540283,-6.28251934051514,-2.17198014259338,-20.462165875922,-86.5213120281098,-36.5643385517744,3.69914054870605,-10.8910865783691,-5.65152597427368,-93.6416271434972,58.6433143646233,-62.5203414733868
24.71,4.92426776885986,-6.12252569198608,-1.83036422729492,-38.8170783740172,-70.0438221649125,-28.3051815998412,2.68116140365601,-10.5339012145996,-6.29508495330811,-92.1710191133017,59.8016871271008,-60.1701485120663
24.715,4.8096342086792,-6.32431411743164,-1.09638607501984,-47.4288335965685,-51.0078766273173,-17.9660305550586,1.96251177787781,-10.3306379318237,-6.77652454376221,-89.1170297995248,57.7026470517508,-57.1886684865182
24.72,4.51474046707153,-6.62407255172729,-0.547757923603058,-52.3967375384315,-30.1222646360639,-8.21335114203817,1.28101909160614,-10.0627164840698,-7.28360891342163,-84.7738627704754,53.4088383847385,-54.4504251576926
24.725,3.99703907966614,-6.99669504165649,-0.248803779482841,-55.7606501008923,-8.16792099254748,0.386403731626176,0.653596878051758,-9.72056293487549,-7.80285263061523,-79.5249511857798,46.6607583338331,-52.146472577053
24.73,3.18593192100525,-7.4162425994873,-0.299546957015991,-59.9600928743317,13.9561904178842,7.0328477128762,0.105654157698154,-9.28643798828125,-8.31824684143066,-73.782367188254,36.9435779752502,-50.5502505378319
24.735,2.44923210144043,-7.71656847000122,-0.42065292596817,-65.0663627884008,32.5248451483184,10.5145383498375,-0.126887708902359,-8.88618659973145,-8.35195732116699,-69.5513655257546,28.78405299274,-49.5429478994167
24.74,1.52851796150208,-7.96136283874512,-0.59019273519516,-69.5657840550925,48.8421909811409,12.4320541951633,-0.196874767541885,-8.55958557128906,-8.01679420471191,-64.7749664278405,19.6811269141419,-47.7718696023487
24.745,0.424930900335312,-8.14642715454102,-0.896958589553833,-73.7201168441585,63.5951605317475,13.2687916420776,-0.11290692538023,-8.33602619171143,-7.34047365188599,-59.6332478319791,10.1085433678355,-44.9445845124082
24.75,-0.851413488388062,-8.25081634521484,-1.52594149112701,-78.1483402189421,77.7833485700749,13.6584112455445,0.1410161703825,-8.27785873413086,-6.32771635055542,-54.6454782849152,1.17776164181874,-40.538231403347
24.755,-2.00273752212524,-8.31916904449463,-2.41817188262939,-84.3610188162831,91.3091107117487,13.8086293035079,0.546027004718781,-8.56225967407227,-5.16301774978638,-51.6187072749807,-4.79888493443543,-35.6417609949187
24.76,-2.95711612701416,-8.50539779663086,-3.24762773513794,-90.4053332505834,102.500724006462,13.1237423297686,0.989678740501404,-9.0889835357666,-4.17082357406616,-49.4546437987322,-9.05596511295961,-31.8759635167888
24.765,-3.68725895881653,-8.83661651611328,-3.95315170288086,-95.3789950419167,110.024628169716,11.3674855431995,1.40998578071594,-9.82365703582764,-3.34925746917725,-47.8597707218722,-11.5794911999421,-29.6396878655404
24.77,-4.11954641342163,-9.34891414642334,-4.46411895751953,-97.2699807249589,110.2758356972,7.97176137467929,1.66539394855499,-10.7216358184814,-2.59039521217346,-46.4313254494232,-11.7222404460481,-29.6429219601124
24.775,-4.37569808959961,-9.87263298034668,-4.79489803314209,-96.6349370566878,105.617312003982,4.67570546096202,1.70120751857758,-11.413966178894,-1.89721870422363,-44.9644774383658,-9.94699231849174,-30.5698469323748
24.78,-4.55247163772583,-10.3282527923584,-4.87975835800171,-93.4799224148971,95.0771484919263,0.499184802377205,1.70049023628235,-11.8032531738281,-1.4730532169342,-43.5814187729516,-7.97927031389808,-31.5888360244598
24.785,-4.66258096694946,-10.6921520233154,-4.68522453308105,-87.6006526717011,78.2278231303135,-4.77029376256976,1.71674561500549,-11.8629217147827,-1.35141789913177,-42.2302809966235,-6.13503812949824,-32.3426703427758
24.79,-4.66860342025757,-10.9336318969727,-4.12081003189087,-78.0377867770363,54.0461496758141,-11.1442314186675,1.8165944814682,-11.5663509368896,-1.48541021347046,-40.5468306115121,-4.16325771187712,-31.9959836008843
24.795,-4.60520601272583,-11.0260457992554,-3.45676136016846,-67.1774035061225,29.1395643390391,-17.0929667470436,1.89073824882507,-11.2788248062134,-1.63918042182922,-39.2764768975922,-0.315212056257325,-30.6882994880558
24.8,-4.50810527801514,-10.9906349182129,-2.86033463478088,-56.5478464782092,6.13240210336544,-22.3608218614022,1.92735552787781,-10.9793796539307,-1.8156932592392,-38.316978753178,5.28218912010554,-29.169067341159
24.805,-4.38618564605713,-10.8275194168091,-2.40590262413025,-46.928498334203,-13.7158224006131,-26.7457042708074,1.91708743572235,-10.6539745330811,-2.01892161369324,-37.6377915723011,12.2656810322656,-27.7690885896233
24.81,-4.22073936462402,-10.5112104415894,-2.21159195899963,-40.2937721027631,-28.0207691077073,-29.5041871576911,1.82695353031158,-10.2509183883667,-2.26680850982666,-37.1979581256036,17.6407974373501,-27.1266512415757
24.815,-3.97508764266968,-10.1218338012695,-2.15048480033875,-36.4914945842762,-38.5841040365226,-30.5939575001449,1.55940520763397,-9.86722850799561,-2.56894516944885,-37.1180790632603,23.4592870346695,-26.9324877464925
24.82,-3.65589690208435,-9.7053050994873,-2.1411509513855,-34.9949318352347,-46.6455235968894,-30.3509735204217,1.14962410926819,-9.54254245758057,-2.86564135551453,-37.1080352700858,28.9024440767184,-27.2132819459136
24.825,-3.26006865501404,-9.29226398468018,-2.13719296455383,-35.6806999033769,-52.7136719762984,-28.8709739801175,0.608041286468506,-9.30536842346191,-3.12815356254578,-37.0092365837415,33.4320650248253,-28.0054677764191
24.83,-2.74205732345581,-9.02518177032471,-2.0252857208252,-39.0259250682687,-56.6689286567206,-26.0183369355252,-0.0695807039737701,-9.23330020904541,-3.41160559654236,-36.6533973883622,35.51353785363,-29.2363515346728
24.835,-2.32683157920837,-8.88838958740234,-1.88808393478394,-43.8248808659167,-59.177824478501,-22.6843679223857,-0.81386524438858,-9.28755187988281,-3.62805080413818,-35.6682211477633,35.2413104189754,-30.4512816785726
24.84,-1.93679881095886,-8.84697532653809,-1.72369563579559,-49.4140144184544,-60.0783575998105,-19.0829287013484,-1.54579615592957,-9.4161901473999,-3.85136675834656,-34.1469296988318,32.2626854125004,-31.4792968656458
24.845,-1.51174426078796,-8.87899303436279,-1.52895057201385,-55.3135766536746,-59.1431202873282,-15.3678590381843,-2.20172643661499,-9.58243370056152,-4.14077472686768,-32.1309071577487,26.1312450851474,-32.1728786701985
24.85,-1.10317480564117,-8.94283676147461,-1.24954533576965,-59.9637128745918,-55.5046272900436,-11.3362596258615,-2.54848408699036,-9.70207118988037,-4.45496654510498,-29.7932475935552,15.4899657450712,-32.0420771324981
24.855,-0.767134308815002,-9.00812530517578,-0.923748373985291,-63.8623302113218,-50.3027347275944,-7.34191462659292,-2.51660084724426,-9.74845409393311,-4.63449907302856,-27.3161872834963,3.52626701280573,-31.3167110426428
24.86,-0.50329178571701,-9.07125759124756,-0.586730897426605,-67.1937822997522,-43.7224553491232,-3.45907225208138,-2.10253477096558,-9.73548126220703,-4.69635105133057,-24.9474076698969,-8.78598395676828,-30.0969348795269
24.865,-0.316785365343094,-9.12754535675049,-0.281819522380829,-70.1460974175443,-35.8902159561671,0.210405204681859,-1.27243804931641,-9.67604732513428,-4.65280151367188,-23.0064232945828,-20.2500167852069,-28.4705524324782
24.87,-0.198401719331741,-9.09947872161865,-0.169114962220192,-72.7659940586211,-26.4053866803169,3.08519687498158,-0.20437952876091,-9.7039852142334,-4.28114891052246,-21.9608955024777,-28.1237188415196,-26.9575733237666
24.875,-0.0894338339567184,-9.0428581237793,-0.179781839251518,-74.6866705739854,-18.1454066905887,5.09479391560295,0.720221936702728,-9.73369407653809,-3.96468424797058,-20.9344785796703,-33.0781826786432,-25.5587403364643
24.88,0.0270812977105379,-8.97426319122314,-0.292646676301956,-76.1210239600664,-10.4172901164349,6.42320850633613,1.56146168708801,-9.7618932723999,-3.76892924308777,-19.8698365031729,-34.5460757086436,-24.2221081743859
24.885,0.177898854017258,-8.91797542572021,-0.485594838857651,-77.4598776411723,-1.66111801440297,7.3548117312932,2.46457886695862,-9.79122257232666,-3.79038834571838,-18.746557252651,-31.0148030209499,-22.8557322460194
24.89,0.314621031284332,-8.96757507324219,-0.745966196060181,-78.420960389474,8.15639760964402,7.43639321828712,3.30832457542419,-9.90398788452148,-3.62933945655823,-18.131899991505,-25.3425409435713,-21.7643294883539
24.895,0.435916602611542,-9.06908321380615,-1.00155520439148,-78.5635269280196,17.262461306392,6.68778015270481,3.97189211845398,-9.99246501922607,-3.44228601455688,-17.6539284760294,-17.5902369620191,-20.4883801419566
24.9,0.542318999767303,-9.19978904724121,-1.22838699817657,-77.7998161561638,25.3545979350036,5.14984566720008,4.41590881347656,-10.0346202850342,-3.26077389717102,-17.2303167286107,-7.54887704240712,-18.8863285362788
24.905,0.634510219097137,-9.31591510772705,-1.38035798072815,-75.9524207404046,32.1053520049691,2.86252950638799,4.54980516433716,-10.0013151168823,-3.12016725540161,-16.7617606289059,5.61983824106465,-16.6838350006652
24.91,0.730892598628998,-9.35093688964844,-1.44489920139313,-73.3808750084624,37.5461714147746,0.331099743277436,4.35780191421509,-9.96430778503418,-2.89811062812805,-16.2835278586945,20.1548551745957,-14.2803033845688
24.915,0.79158216714859,-9.31268978118896,-1.48920750617981,-70.6057008467945,42.335701551368,-2.03134948558057,3.89785647392273,-9.93128871917725,-2.67198657989502,-15.9223696534991,34.1611467375892,-11.9685345061978
24.92,0.798485398292542,-9.21631050109863,-1.52930068969727,-67.825923137626,46.6797735804824,-4.08859776783335,3.15778565406799,-9.9075756072998,-2.45194888114929,-15.6646341727159,46.4687104898453,-9.86618435042132
24.925,0.707050502300262,-9.12460517883301,-1.57272982597351,-65.4496866650002,50.8802442973919,-5.61804617018117,2.02277374267578,-9.91028308868408,-2.20799708366394,-15.3198513460556,53.5125582223798,-8.22950966206713
24.93,0.585551738739014,-9.08005428314209,-1.63110411167145,-63.7737699785434,54.9449957403986,-6.85870520979755,0.707879245281219,-9.85325336456299,-2.04054856300354,-14.8308149241245,52.1888743914205,-7.50579903931185
24.935,0.466124683618546,-9.05964756011963,-1.67840039730072,-62.6310110285085,58.7902863751836,-7.90010756764398,-0.583804428577423,-9.77619361877441,-1.90067148208618,-14.4253287912157,45.04356761386,-7.5080555630589
24.94,0.354947954416275,-9.05953311920166,-1.7088897228241,-61.9710439999561,62.3365205922543,-8.77721314010034,-1.72843718528748,-9.70088768005371,-1.78627192974091,-14.1603174514192,33.0251086936976,-8.18918422520737
24.945,0.21256023645401,-9.1061544418335,-1.75107085704803,-61.7172751515334,65.2320358569086,-9.57331266900035,-2.29960513114929,-9.69741821289063,-1.8082720041275,-13.8438227069801,18.1754117116126,-9.50519263108687
24.95,0.0259631611406803,-9.16368293762207,-1.7622092962265,-61.4673926807485,67.4839492262618,-10.5729117078054,-2.29260206222534,-9.75945854187012,-2.16128349304199,-13.5531631530765,4.95968423608364,-10.964745146337
24.955,-0.183688268065453,-9.22521591186523,-1.73375761508942,-60.9769372870174,69.2572097687697,-11.6559372384538,-2.01426219940186,-9.83795642852783,-2.60550355911255,-13.3229755327633,-5.20349893756464,-12.2505367953284
24.96,-0.405327886343002,-9.28667736053467,-1.66011381149292,-60.0906382799382,70.631232093912,-12.7448392931095,-1.60827076435089,-9.90610313415527,-3.01328921318054,-13.1685970358218,-11.3509624618236,-13.1737265078884
24.965,-0.617683291435242,-9.3363094329834,-1.56123459339142,-58.5770888504309,71.9468972827857,-13.5009813615913,-1.01737654209137,-9.93090724945068,-3.27397418022156,-12.976561144665,-12.6745293257934,-13.5233715754642
24.97,-0.817624151706696,-9.32256984710693,-1.46112287044525,-56.7633082106719,73.2821309636315,-13.9013892488522,-0.382104218006134,-9.87058448791504,-3.41750931739807,-12.8795920952447,-12.8618984901997,-13.7547305732201
24.975,-1.02157700061798,-9.25718116760254,-1.35861611366272,-55.0307624258065,74.3764775328293,-14.0387921643854,0.182437911629677,-9.75055599212646,-3.44896149635315,-12.86874746239,-11.98473827623,-13.9156097027042
24.98,-1.24286186695099,-9.14630889892578,-1.25264239311218,-53.6880326123466,75.0079080310294,-13.9708906925253,0.580302476882935,-9.58739757537842,-3.36550140380859,-12.9421805337041,-10.0349139285827,-14.0397424144536
24.985,-1.50180959701538,-9.02438735961914,-1.1626660823822,-52.304178229894,74.9793441799204,-13.580994466397,0.749086081981659,-9.45975589752197,-3.32971501350403,-12.8911812187189,-6.96330016542619,-14.1018083434415
24.99,-1.78064572811127,-8.91054058074951,-1.13239467144012,-50.9724142851466,74.6130684554893,-12.9085000171331,0.860011875629425,-9.41228580474854,-3.27763843536377,-12.7485105197884,-2.97700304999058,-14.2447548112598
24.995,-2.06311917304993,-8.81835079193115,-1.19455301761627,-49.8872474901933,73.9481563699778,-12.0161776369796,0.950986921787262,-9.42297077178955,-3.24068069458008,-12.5378580942751,1.50949229714033,-14.5074805990053
25.0,-2.32909178733826,-8.76654243469238,-1.39736723899841,-49.3120294488624,73.0107265667719,-10.965985679445,1.06810343265533,-9.46862316131592,-3.25946736335754,-12.2837613967722,6.01389960192619,-14.9480721967007
