time_s,axx_thigh,axy_thigh,axz_thigh,gxx_thigh,gxy_thigh,gxz_thigh,axx_shank,axy_shank,axz_shank,gxx_shank,gxy_shank,gxz_shank
10.0,-0.555387675762177,-9.92728424072266,-0.0840648785233498,-11.2990666845098,-15.5777541664734,-3.78638751026968,-3.86353659629822,-9.37710952758789,-2.54822826385498,-8.48177330755144,-1.68612205629392,-29.8632262966965
10.005,-0.43336495757103,-9.89511108398438,-0.0808560475707054,-10.8628643371298,-13.4567814999248,-4.70908715675681,-3.64107871055603,-9.52410221099854,-2.55731344223022,-8.76772088470132,-2.77007542545247,-30.6847375444036
10.01,-0.341346234083176,-9.85980224609375,-0.114157825708389,-10.457918642939,-11.3940387573716,-5.66462635277336,-3.44680595397949,-9.69583606719971,-2.52138829231262,-8.86062938666006,-3.76402461715341,-31.1544564838145
10.015,-0.224035069346428,-9.79369831085205,-0.188378512859344,-10.2062500776861,-9.55903074344585,-6.50639807599277,-3.32619547843933,-9.76502513885498,-2.52036547660828,-8.63143812019205,-5.62885964029777,-31.5998155535506
10.02,-0.131723895668983,-9.7061014175415,-0.292914301156998,-9.90957910353935,-6.60563730953847,-7.81125961314681,-3.20315837860107,-9.77516937255859,-2.56045389175415,-8.63267865330005,-7.05138484628361,-31.7222466944231
10.025,-0.0621956251561642,-9.62996673583984,-0.435985147953033,-9.39598815154212,-3.19325729784035,-9.40604048245309,-3.02629613876343,-9.73479747772217,-2.65623593330383,-8.70113849312474,-7.82347626025103,-31.6406156885577
10.03,-0.0150804687291384,-9.5922212600708,-0.6264927983284,-8.51536503166321,0.181381703186065,-11.17065827434,-2.75140476226807,-9.64760875701904,-2.82272744178772,-8.71102689949563,-7.73966130139851,-31.4370316550617
10.035,0.0510402396321297,-9.5612850189209,-0.852964997291565,-7.4055250321069,3.31405324873685,-13.1418039112551,-2.53851556777954,-9.65923690795898,-2.866863489151,-8.16274370915661,-7.42687278835777,-31.9500437485268
10.04,0.12851494550705,-9.57349967956543,-1.10515356063843,-6.36068538156066,6.37747270588008,-15.1256554075738,-2.42711663246155,-9.69182300567627,-2.86908054351807,-7.5092738980521,-6.97545918280928,-32.2556742233173
10.045,0.222596913576126,-9.61838436126709,-1.35424566268921,-5.38569423367473,9.35435217213537,-17.0089041938336,-2.36877298355103,-9.70908260345459,-2.90127110481262,-6.93684513522344,-6.44484441119262,-32.2355798067792
10.05,0.34116393327713,-9.68528461456299,-1.56380236148834,-4.49201307276322,12.2163158400393,-18.6414423488717,-2.30671095848083,-9.6642427444458,-3.05606627464294,-6.68566919736445,-5.90359716947236,-31.716034637373
10.055,0.461423069238663,-9.7141637802124,-1.69657731056213,-3.68714016587434,14.2845662763845,-20.056438978845,-2.25493407249451,-9.6222677230835,-3.18709683418274,-5.49327013998926,-3.74379658503959,-31.5519051916176
10.06,0.564304947853088,-9.72110176086426,-1.78167915344238,-3.14805980166826,15.8345385434146,-21.2334906011551,-2.26106095314026,-9.60235118865967,-3.23871374130249,-4.17173525729757,-1.28509582346967,-31.6660513130268
10.065,0.640272974967957,-9.72311592102051,-1.82306480407715,-3.02827215744799,17.1249234946228,-22.1942062267889,-2.29268646240234,-9.59235095977783,-3.23219919204712,-2.88434641125748,0.981026473791278,-31.9000501788969
10.07,0.670432388782501,-9.75024127960205,-1.82056570053101,-3.64412619580254,18.5895516941999,-22.9589005458852,-2.28608369827271,-9.56828212738037,-3.20761680603027,-1.85859329746002,2.24198846415894,-31.9744685049988
10.075,0.670738399028778,-9.76068305969238,-1.7505692243576,-4.77718200834772,20.0398826002968,-23.5203591711332,-2.31481575965881,-9.54672145843506,-3.21401166915894,-0.611939592908185,4.35966876608412,-31.6365175750557
10.08,0.636784911155701,-9.78588485717773,-1.64171373844147,-5.8878651093797,21.2809826140015,-23.9403372579135,-2.37047839164734,-9.53920459747314,-3.22688460350037,0.490842099832005,6.61224679822093,-31.185089882242
10.085,0.570626080036163,-9.81347560882568,-1.50536572933197,-6.92413458006487,22.326968028781,-24.2307688542535,-2.44283986091614,-9.55832004547119,-3.19396471977234,1.3582747904023,8.59835268385251,-30.7783555322624
10.09,0.476912409067154,-9.79625511169434,-1.36167764663696,-7.92404481936394,23.2720544740465,-24.3921252432059,-2.5067093372345,-9.63892078399658,-2.96793842315674,1.83549338424363,9.3886243538432,-30.7718122110375
10.095,0.351076900959015,-9.79339981079102,-1.28130316734314,-9.09444810629075,24.4805625325792,-24.5013177699196,-2.54899525642395,-9.67404842376709,-2.78352069854736,2.62565534432078,10.4558217748638,-30.7628919839815
10.1,0.229466542601585,-9.84846305847168,-1.24896442890167,-9.91913368441456,25.6550545414979,-24.6287178734132,-2.59968042373657,-9.69358158111572,-2.62270879745483,3.33072360606674,12.0229267176532,-30.4872221339852
10.105,0.117324233055115,-9.9626350402832,-1.26412916183472,-10.2668082424148,26.6609638213224,-24.7883906207352,-2.64380216598511,-9.69439792633057,-2.50335454940796,3.86108075148564,14.3110033773407,-29.9785301351701
10.11,0.0027694606687873,-10.0979309082031,-1.33958983421326,-10.0409782827921,27.1677792256629,-24.9756009832434,-2.58155298233032,-9.63204383850098,-2.52677130699158,4.19655274964681,18.1287034629735,-29.658593829163
10.115,-0.0566396154463291,-10.2182388305664,-1.46513056755066,-9.76107883815223,27.2280402771627,-25.0800738492406,-2.49738788604736,-9.61448383331299,-2.40926551818848,4.63519091323962,20.1141438320478,-30.123374541804
10.12,-0.0951706618070602,-10.3174743652344,-1.60970830917358,-9.3471147329361,26.9994850720611,-25.2190903969652,-2.56239223480225,-9.61500549316406,-2.25486087799072,5.08255378972347,20.7219418757197,-31.0255878896493
10.125,-0.128510937094688,-10.3913259506226,-1.75804400444031,-8.75940769070776,26.5227976321495,-25.4098234295378,-2.82456517219543,-9.61122417449951,-2.11851501464844,5.4147929739731,20.2324905197966,-32.1804294443259
10.13,-0.193141877651215,-10.4273099899292,-1.86851322650909,-7.93402201819404,25.7618838227588,-25.4584475462391,-3.1601197719574,-9.49298858642578,-2.16305208206177,4.89865564207593,19.9831715396182,-32.9551743867859
10.135,-0.202158033847809,-10.4475374221802,-1.9808474779129,-6.45288183629843,24.4925904957076,-25.1442981180062,-3.33740663528442,-9.29829502105713,-2.28812074661255,4.27858076025773,20.3982489656691,-33.3735439640167
10.14,-0.134733617305756,-10.4474029541016,-2.10812473297119,-4.54638351299064,23.0664879781439,-24.4213891887048,-3.38154220581055,-9.10968017578125,-2.48316645622253,3.55915757531052,20.4319593643177,-33.9377927215406
10.145,0.021164434030652,-10.4248199462891,-2.25180912017822,-2.35825706685278,21.7038788991047,-23.2468681514821,-3.30210304260254,-8.97906970977783,-2.73956346511841,2.76831345009001,19.5611307357085,-34.904390847597
10.15,0.207845389842987,-10.4062967300415,-2.299072265625,-0.71219545742316,21.1869701827182,-21.6950047758256,-3.16601729393005,-9.05097675323486,-2.93233799934387,2.46449767118456,18.6848089274595,-35.9725538866116
10.155,0.410212874412537,-10.4269466400146,-2.18690252304077,0.226696139667265,21.3299619005397,-20.2852571462295,-3.05569291114807,-9.16670703887939,-3.14181685447693,2.72545934913347,19.8260174245527,-36.7740116989155
10.16,0.582844436168671,-10.4905614852905,-1.94162917137146,0.733748546235958,21.7637369694434,-19.0809957578133,-2.94778251647949,-9.30681991577148,-3.34091520309448,3.32237348636298,22.1034620410234,-37.4533286533866
10.165,0.687767088413239,-10.6027879714966,-1.57605946063995,1.00166346348165,22.2123164733732,-18.1452410585014,-2.82385206222534,-9.45733642578125,-3.50744009017944,4.09368241678361,24.8852649012808,-38.1180870596418
10.17,0.748822331428528,-10.7067127227783,-1.24579071998596,1.13059118147187,22.7727744759078,-17.3839823245576,-2.77261424064636,-9.56453418731689,-3.57131743431091,4.69007745963619,27.1805141133704,-38.6565894190894
10.175,0.808243036270142,-10.7702598571777,-1.02056276798248,1.4208444458415,24.1261593844729,-16.5178409132664,-2.78574967384338,-9.66539859771729,-3.58666729927063,5.67666199986457,30.7856774950526,-39.4028661330887
10.18,0.857517063617706,-10.8103189468384,-0.829910278320313,1.94412391445468,26.1233135279738,-15.5854825255192,-2.86601829528809,-9.78100490570068,-3.5342845916748,6.90742665669455,34.9162480559962,-40.2581355907686
10.185,0.885169267654419,-10.8463048934937,-0.587959349155426,2.80843995769019,28.6263610002773,-14.6303983908561,-3.02205038070679,-9.93896389007568,-3.38482999801636,8.2177062414077,38.6269600584699,-41.1066636517376
10.19,0.857241034507751,-10.8824863433838,-0.355597823858261,4.0101667055941,31.9350105021636,-13.8836170966318,-3.19214749336243,-9.95196628570557,-3.22903084754944,9.00057569388539,41.7852122099271,-41.9764165255524
10.195,0.782749235630035,-10.9451465606689,-0.165825620293617,5.20072758830891,36.0141224179003,-13.3761664846985,-3.30715775489807,-9.93764686584473,-3.11157631874084,9.65097362741068,44.8686635446889,-43.0561977163452
10.2,0.669841945171356,-11.025839805603,-0.0307117979973555,6.36135815519391,40.7714140616113,-13.13869788273,-3.38846945762634,-9.94015693664551,-3.0062198638916,10.2477904344445,47.5274137168593,-44.4212724936747
10.205,0.528964877128601,-11.1076946258545,0.0245960410684347,7.49004350044393,46.1071168600902,-13.2544414146314,-3.48033857345581,-10.032543182373,-2.85980033874512,10.8932834383721,49.0035132191475,-46.2243877930447
10.21,0.404512673616409,-11.1683187484741,-0.0090440129861235,8.92742266032726,51.1809946020205,-13.7364538407748,-3.68963718414307,-10.1934623718262,-2.72149229049683,11.1181076526395,48.8460363776437,-48.2284370125128
10.215,0.277873635292053,-11.2392320632935,-0.082418404519558,10.235017126923,55.1448573207969,-14.2996456265246,-3.94430589675903,-10.3301944732666,-2.63874912261963,10.9196863883824,48.5536428094646,-50.1018691093881
10.22,0.133620113134384,-11.3362045288086,-0.181221559643745,11.6227254436147,58.4777710697097,-15.0044622384883,-4.19337224960327,-10.4466133117676,-2.60271453857422,10.4118951207642,48.1187988159557,-51.9147242585145
10.225,-0.0679616332054138,-11.496018409729,-0.284044772386551,13.8678922936152,62.8244351556141,-16.1432818769194,-4.31424713134766,-10.585865020752,-2.5746169090271,9.89882070182294,46.9616759780964,-53.9858151997808
10.23,-0.357002466917038,-11.7086057662964,-0.416200548410416,16.354575486441,66.2164437012259,-17.3614529455803,-4.45947790145874,-10.813455581665,-2.51295042037964,9.55830076697831,44.8931361124851,-56.1776502251946
10.235,-0.698325335979462,-11.951789855957,-0.53948587179184,18.9080143868936,69.0368132246317,-18.6568239348826,-4.70880126953125,-11.0654268264771,-2.42226409912109,9.35835124789441,42.6639843485409,-58.3908159313863
10.24,-1.08821761608124,-12.2192344665527,-0.642674326896667,21.5454868122521,71.3102826710055,-19.9573056132314,-5.04910039901733,-11.3129711151123,-2.31327104568481,9.19970729781617,40.4241774894916,-60.5736282769065
10.245,-1.54453098773956,-12.5035448074341,-0.711579442024231,24.522376950678,72.7693203607469,-20.9286353528354,-5.33943128585815,-11.4856147766113,-2.23141312599182,8.65111418764357,38.1227110977099,-62.5842993647748
10.25,-1.95873653888702,-12.7398118972778,-0.790400922298431,28.2609680777964,73.4565808252228,-21.5390630193377,-5.42552423477173,-11.5742483139038,-2.16116046905518,8.13134703708935,36.5199662278314,-64.2681390706689
10.255,-2.29943132400513,-12.9402503967285,-0.887087106704712,32.3920560255696,73.6037782320257,-21.6281099030945,-5.42974615097046,-11.6403198242188,-2.07589364051819,7.42559212788839,34.5356152739297,-66.4341013395067
10.26,-2.53646540641785,-13.1028690338135,-1.00335204601288,36.7398300172141,73.2796174540169,-21.0860097415016,-5.39991521835327,-11.6967067718506,-1.96837556362152,6.46660838209604,31.8389677971495,-69.2879319596564
10.265,-2.53337025642395,-13.187084197998,-1.12658429145813,40.8149940836105,72.531609287063,-19.6062441351765,-5.40253448486328,-11.6830806732178,-1.85766422748566,5.3536943705264,28.8508317522552,-72.1303903148381
10.27,-2.39029431343079,-13.202428817749,-1.16448152065277,44.4642343835541,71.2903726695749,-17.2841813079527,-5.50888252258301,-11.6170310974121,-1.72158598899841,4.05241740202615,26.624248139439,-74.8106863187453
10.275,-2.17336678504944,-13.1929216384888,-1.13119792938232,47.7458056004759,69.4472597824253,-14.4050397142861,-5.60599184036255,-11.5047931671143,-1.53977167606354,2.43276183753633,25.2173060100445,-77.4148052228394
10.28,-1.90664994716644,-13.177077293396,-1.02512097358704,50.6501147336866,66.8885957872576,-11.0993015805335,-5.62754917144775,-11.3503799438477,-1.30548918247223,0.416445945164507,24.6788378015428,-79.9998064274466
10.285,-1.46886920928955,-13.0947856903076,-0.753941357135773,52.8186622291253,63.2023700129584,-7.56311115663743,-5.4623589515686,-11.2130012512207,-1.13679730892181,-1.85207089368948,24.5163032049586,-82.8518885191688
10.29,-1.03883051872253,-12.9699535369873,-0.383877635002136,54.6862784199223,58.7248531629349,-4.31352955758021,-5.31007862091064,-11.113091468811,-0.950493335723877,-3.81754640637645,25.0931365860282,-85.4830959535112
10.295,-0.642072856426239,-12.8027420043945,0.0285931620746851,56.5962759345192,53.8878224757586,-1.3923118641923,-5.17913913726807,-11.0273714065552,-0.773476660251617,-5.72078929077108,25.9777724420445,-87.8160358569883
10.3,-0.300960958003998,-12.5906867980957,0.441116273403168,58.8244919625471,49.01291497454,1.14720561662792,-5.07755613327026,-10.9381799697876,-0.627725780010223,-7.74965386815424,26.845561636473,-89.7708291672567
10.305,-0.0551834478974342,-12.3761224746704,0.757452845573425,62.2011530730938,44.4504988731332,3.17668640514026,-4.93733406066895,-10.8662014007568,-0.512851774692535,-10.0115905401144,27.8452503215109,-92.0159055172507
10.31,0.163296431303024,-12.1346006393433,0.954459309577942,65.9508381349716,40.5308377235705,4.93411414226522,-4.71374845504761,-10.8033227920532,-0.326048314571381,-12.1157575262102,29.1009293739989,-94.4582513908531
10.315,0.34054771065712,-11.8549690246582,1.02156472206116,69.6542076840875,37.4170740092722,6.31614272977524,-4.42890071868896,-10.7306880950928,-0.125027611851692,-14.1508900828173,30.4937347193588,-96.9356497952759
10.32,0.455895870923996,-11.520281791687,0.935495018959045,72.7808497200659,35.3761895796102,7.16405052419027,-4.10584688186646,-10.6238574981689,0.0187936704605818,-16.2231643543573,31.8848871589395,-99.2470199613541
10.325,0.499046683311462,-11.1748628616333,0.789222598075867,78.1467487848655,32.5943423231233,8.35926191195621,-3.82677388191223,-10.4411907196045,0.0169130600988865,-17.695782167716,32.9435767255752,-100.725291463798
10.33,0.500343501567841,-10.7853403091431,0.623943507671356,83.954403994614,30.391360428984,9.33644939254712,-3.61640977859497,-10.2383213043213,-0.0262933131307364,-19.5752145857771,34.3898795276091,-102.631351374339
10.335,0.485668063163757,-10.3660402297974,0.453095763921738,89.929610574892,28.7871197476773,10.1350112046429,-3.47671318054199,-10.0385646820068,-0.091214582324028,-21.6572970089652,36.0966071974119,-104.660607406939
10.34,0.49918395280838,-9.94448280334473,0.297218531370163,95.7596551447398,27.7433865877766,10.8702964367204,-3.41623115539551,-9.8805685043335,-0.153966054320335,-23.4705722147256,37.7743851104176,-106.11618902096
10.345,0.614609241485596,-9.51696014404297,0.199267789721489,101.258599464382,27.8742444745376,11.7367904565275,-3.29373526573181,-9.67157077789307,-0.302604049444199,-25.1819529509005,39.3242609010256,-107.026011199541
10.35,0.714405655860901,-9.10963344573975,0.13451911509037,106.548854184124,28.1743356659113,12.4863490764231,-3.10133695602417,-9.5111837387085,-0.536920070648193,-26.9194455002723,40.9234813932924,-107.497280591893
10.355,0.796266138553619,-8.7411994934082,0.100928097963333,111.579711979567,28.5650276090779,13.1392682035257,-2.8050389289856,-9.43416595458984,-0.844984292984009,-28.6360274255001,42.6696260847954,-107.530215764071
10.36,0.894590020179749,-8.4600772857666,0.10437048971653,116.135605250316,29.1913883993666,13.8360362913262,-2.29936337471008,-9.51298046112061,-1.19887173175812,-30.1464674113878,44.7954644073539,-107.046665691591
10.365,0.980608582496643,-8.29806518554688,0.201869249343872,120.79046113195,29.0982246190876,14.6668733085713,-1.67068076133728,-9.74978446960449,-1.51866471767426,-31.2207537149933,46.7285001500213,-106.264185559896
10.37,1.07166755199432,-8.20753955841064,0.347230225801468,126.550154753346,27.5481780737503,15.6331418780003,-1.21268606185913,-10.019287109375,-1.66844880580902,-32.2652091673987,47.6886539925958,-105.463455162739
10.375,1.17839097976685,-8.16810512542725,0.491814345121384,133.592298353683,24.2395934586611,16.6492110642151,-1.07214999198914,-10.2572507858276,-1.63369691371918,-33.6466729836417,47.4534086172022,-104.928029803512
10.38,1.33301222324371,-8.13222312927246,0.454833149909973,141.739853429673,18.5021116124454,17.3140941214227,-1.64030933380127,-10.28919506073,-1.48252987861633,-36.6707221631919,45.7643916279173,-105.700428575992
10.385,1.59596836566925,-8.03852272033691,0.336560904979706,148.628782226548,14.084393922379,17.6928622618458,-2.81294703483582,-9.95580005645752,-1.54634606838226,-40.6886185084924,43.8309802248456,-107.560890143634
10.39,1.89144361019135,-7.92362022399902,0.0081965131685137,154.046761483769,11.2314068305917,17.933517147062,-3.9460027217865,-9.40195941925049,-1.92737638950348,-44.7081062878694,42.8052360756714,-109.48838318779
10.395,2.17933940887451,-7.80713319778442,-0.565985321998596,157.729544842726,9.96992980127194,18.2782726529657,-4.73209142684937,-8.69809722900391,-2.64470362663269,-48.529815694545,42.6275316289406,-110.986018276531
10.4,2.33923363685608,-7.75062274932861,-1.26506066322327,158.514388219874,9.44934558933826,20.2923212693786,-4.49319839477539,-8.06425857543945,-3.49055194854736,-53.2870595269318,39.4257506819029,-110.869768456857
10.405,2.36848020553589,-7.85323810577393,-1.6112984418869,158.658382267956,8.15859436923582,23.433603815843,-3.77157664299011,-7.7291407585144,-4.16082191467285,-57.3734934054587,32.3484486828136,-110.799615583892
10.41,2.40720725059509,-8.06653118133545,-1.71467804908752,158.192194536346,7.26328378132044,26.6236778186433,-2.92662167549133,-7.65154409408569,-4.57961893081665,-61.5816890663195,22.0766381806055,-110.692101576167
10.415,2.53526210784912,-8.37551498413086,-1.61740016937256,157.106672571556,7.41237229674984,29.2423552709532,-2.11013889312744,-7.83160591125488,-4.70534086227417,-66.1995594735976,9.22046765779843,-110.495439939395
10.42,2.84919047355652,-8.85998249053955,-1.27713167667389,155.556233290341,8.81839918079552,30.3226350655554,-0.76371705532074,-8.40567493438721,-4.7616229057312,-68.7584898461429,1.48743932385765,-110.107451043592
10.425,3.08489894866943,-9.43925476074219,-0.93974894285202,153.821706750617,12.179527587396,31.647056556945,0.480197370052338,-9.09881019592285,-4.93342065811157,-70.9629334007645,-5.95392413771113,-109.962562240729
10.43,3.14013123512268,-10.0578327178955,-0.596461176872253,153.032451071265,16.4742045422065,33.2178327264133,1.58983194828033,-9.81535530090332,-5.17873954772949,-72.768480247479,-12.3857941776885,-109.531331417291
10.435,2.92245006561279,-10.6739492416382,-0.239910081028938,154.145184509708,20.9465150805352,35.051810235548,2.53167724609375,-10.4806041717529,-5.46865606307983,-74.1153662310488,-17.1750331774686,-108.374836956835
10.44,2.38675570487976,-11.0854654312134,0.0368716046214104,157.167010462684,22.2816463085434,38.2282136147245,3.37282133102417,-10.9758443832397,-5.69443988800049,-74.3449220588638,-19.0319840278766,-105.895177759797
10.445,1.81525993347168,-11.34912109375,0.220121681690216,158.729238650406,22.5159935140611,41.9634084302781,4.19638872146606,-11.3593282699585,-5.89289808273315,-74.2101965774853,-21.4809193264807,-102.821626784237
10.45,1.27027559280396,-11.5148754119873,0.271768510341644,158.202084650264,22.2773159686096,45.8693818807442,4.98407077789307,-11.6155128479004,-6.06022930145264,-73.4481865227328,-24.0441646710341,-99.2754403784905
10.455,0.832132756710052,-11.6379699707031,0.133855223655701,154.633570356121,22.3179521790766,49.4717670829815,5.71010398864746,-11.7150774002075,-6.18926239013672,-71.6802262070209,-26.1303486228189,-95.372622475421
10.46,0.49059671163559,-11.7829933166504,-0.0813543349504471,146.961273502959,22.943295271179,51.578685781539,6.30471324920654,-11.6582479476929,-6.28900384902954,-67.4208997500334,-24.1164605158514,-90.9478961574925
10.465,0.266379952430725,-11.9231405258179,-0.238011583685875,138.041142069571,22.7590116447302,52.6175234033521,6.77858924865723,-11.5344181060791,-6.45714330673218,-61.5291444210346,-19.3471887203362,-86.3535694122835
10.47,0.148284241557121,-12.0502376556396,-0.333176553249359,128.573065540207,21.3524776191386,52.6900429368647,7.06150102615356,-11.2989139556885,-6.70113229751587,-54.2047569136255,-12.2688903674018,-81.2286599119695
10.475,0.124082319438457,-12.1502418518066,-0.369105815887451,119.524854399503,17.9599875451904,51.8423310835015,6.99915218353271,-10.8459281921387,-7.03278875350952,-45.5851059923936,-3.34269906211588,-74.7962199780832
10.48,0.189733773469925,-12.2824926376343,-0.433558017015457,112.061110542458,14.0160800778478,50.5440862921059,6.2550368309021,-10.2200870513916,-6.93208456039429,-35.5611271966721,7.25017408698225,-66.9109031850869
10.485,0.308321416378021,-12.3973197937012,-0.505116999149323,105.957311990676,10.5578852916313,49.1863539681341,5.18695068359375,-9.53911399841309,-6.48431062698364,-25.6841699303824,18.9559247488266,-59.1458113818611
10.49,0.468647450208664,-12.4779472351074,-0.570794403553009,101.149418890499,7.5253888756251,47.9229431415056,3.99801826477051,-8.86167430877686,-5.80785083770752,-14.4897118618795,33.6949726663575,-50.2585024225294
10.495,0.655355393886566,-12.4905281066895,-0.600058913230896,97.6506135070253,4.40556294155155,47.0676941743933,3.13805484771729,-8.31594657897949,-5.19528579711914,2.96657335112797,57.5311410016918,-35.960618131037
10.5,0.834414005279541,-12.4078617095947,-0.545997500419617,94.9211469712832,-0.694162477353857,46.3880596161258,2.01581978797913,-7.37496948242188,-4.441002368927,17.7179785749712,76.007233008494,-21.7336465710549
10.505,0.974355697631836,-12.268648147583,-0.4304458796978,92.2774471209489,-7.09940961388527,45.7879250447026,1.06388115882874,-6.36328554153442,-4.00037479400635,27.7873098267817,84.0446854350632,-8.66306189604921
10.51,1.06934261322021,-12.0726623535156,-0.262778788805008,89.6023625513784,-14.3998282799494,45.2396281939852,0.402445256710052,-5.41412353515625,-3.93944001197815,32.6306823446023,79.981904501632,2.97762267621435
10.515,1.12359833717346,-11.7801485061646,-0.0649090483784676,87.0328522158087,-21.3548254966658,44.7101621748096,0.159904509782791,-4.8246750831604,-4.11099624633789,31.687149767373,61.1433548461447,12.9974828678664
10.52,1.16542387008667,-11.429253578186,0.144018515944481,84.8689663244787,-26.0903168840934,44.2974958055358,0.324465334415436,-4.69998836517334,-4.02860307693481,32.1646175563973,42.1563373686689,21.8175759355761
10.525,1.21341001987457,-11.0402336120605,0.374515324831009,82.2608585899093,-31.1023114045961,43.8409762066959,0.62563019990921,-4.78371000289917,-3.88544845581055,34.5288124055164,28.6866681555539,30.4159730156582
10.53,1.27029395103455,-10.6228847503662,0.618547737598419,79.0126665074613,-36.9909043560092,43.3348626042925,0.958679378032684,-4.97464036941528,-3.75524473190308,38.7141610836034,22.6746400254603,39.1099090743031
10.535,1.30530762672424,-10.2093992233276,0.77754819393158,76.0057030461199,-41.6237021417184,43.1859405747241,1.19557118415833,-5.11606311798096,-3.71161198616028,42.443611710065,22.6822522712903,47.803039170626
10.54,1.31315338611603,-9.81030082702637,0.866196751594543,73.1169974800681,-44.5749619952838,43.329640924672,1.42526924610138,-5.24843406677246,-3.5732946395874,44.7799393873704,21.9936189387913,55.6585558482736
10.545,1.29603445529938,-9.44515514373779,0.907276034355164,70.487968876071,-46.05317544112,43.7580850309286,1.63074350357056,-5.40637540817261,-3.3774254322052,46.4312605626261,20.5308895318034,62.8812896502653
10.55,1.25330221652985,-9.1283130645752,0.910106062889099,68.2401672805981,-46.0580863471333,44.483475026446,1.79644906520844,-5.60926866531372,-3.142733335495,47.7227605422163,18.1998945246925,69.5430873364806
10.555,1.17730808258057,-8.89822006225586,0.873582124710083,66.9582500564134,-44.0773929595321,45.5155780817375,1.82859003543854,-5.85151243209839,-2.91113090515137,48.4655743503064,14.819154083664,75.6241823394613
10.56,1.1132550239563,-8.7029914855957,0.856392085552216,66.1936172090197,-40.6927985842644,46.6270615955628,1.77600169181824,-6.08235025405884,-2.70625686645508,48.8491782646619,11.607946621798,81.3292276173087
10.565,1.08812749385834,-8.55474472045898,0.854592800140381,65.8080803511291,-36.5316834173526,47.7284979011191,1.68591332435608,-6.30687046051025,-2.53494596481323,49.0072083514885,8.86626856159355,86.2882386528723
10.57,1.1257860660553,-8.46599864959717,0.86598813533783,65.714868759526,-32.0458610572983,48.7480948800403,1.59362030029297,-6.52873611450195,-2.40469312667847,49.0322068438507,6.86164048359337,90.1610515349179
10.575,1.22600567340851,-8.41558647155762,0.878666460514069,65.242055744421,-28.5151894262516,49.5812720908497,1.54268062114716,-6.67023611068726,-2.26402306556702,49.6280213206238,4.01134960898098,96.5977603370354
10.58,1.36791884899139,-8.37366104125977,0.87839549779892,64.1527430246415,-25.4567570744195,50.1058750153363,1.49277150630951,-6.84513998031616,-2.06292128562927,50.4393419260892,1.69263880381405,102.853913088444
10.585,1.53787612915039,-8.35774421691895,0.858631134033203,62.481498187577,-22.7428275114918,50.3475680893063,1.43451952934265,-7.02265930175781,-1.83448529243469,51.0735113301466,-0.267781968680713,108.969350282571
10.59,1.72088551521301,-8.39185428619385,0.809651732444763,60.2269961765283,-20.2394180391623,50.3168390682305,1.35550570487976,-7.1643123626709,-1.61819696426392,51.0235655718408,-2.06007534023894,114.9833113562
10.595,1.84352827072144,-8.47822761535645,0.811215579509735,57.741544979074,-17.6867594878224,49.3877899071361,1.23548972606659,-7.29198122024536,-1.39559769630432,49.9621029484021,-3.09912256348218,120.761610412896
10.6,1.90390610694885,-8.58093738555908,0.846456706523895,55.5241206499348,-15.174144628039,47.9622816160303,1.07006525993347,-7.41859865188599,-1.24968779087067,48.3549526065089,-4.75001621158446,126.252549750831
10.605,1.89496946334839,-8.68404579162598,0.912959516048431,53.7392522009325,-12.7332006507638,46.0943751421935,0.906710565090179,-7.55049467086792,-1.15884459018707,46.4055688060631,-7.5204344271559,131.521931412469
10.61,1.79626512527466,-8.76117610931396,1.01121342182159,52.6916924275493,-10.4219986780939,43.7976523167905,0.836066067218781,-7.69885540008545,-1.07915818691254,44.4143979082751,-12.3464463116537,136.676593216807
10.615,1.65096402168274,-8.77717971801758,1.12414252758026,52.6509469340556,-8.93755524596098,41.5544508537236,0.863639354705811,-7.89449119567871,-0.979960262775421,42.9100863096202,-16.9460527930912,142.168598064253
10.62,1.50197720527649,-8.75559425354004,1.22724485397339,52.6829497854117,-8.28121077898954,39.5958462978983,0.908684194087982,-8.10330677032471,-0.969203174114227,41.8991431803775,-20.6605043241355,147.700231669263
10.625,1.36337125301361,-8.69801807403564,1.32012915611267,52.6733431243441,-8.50478933750709,37.6931741611862,0.962067723274231,-8.32775497436523,-1.04691064357758,41.2429839822873,-23.5815764491167,153.147362173861
10.63,1.26140642166138,-8.59727478027344,1.40963900089264,52.6253166491951,-9.83855708900227,35.1022682580415,1.02734184265137,-8.58878803253174,-1.1819384098053,40.5683320470193,-26.1436657841531,158.249472502726
10.635,1.20884203910828,-8.45470809936523,1.45738959312439,52.3118621927103,-12.1132943892407,32.6347702128206,1.14020991325378,-8.92852783203125,-1.22431898117065,40.1509596774073,-28.1242925774099,162.368923515701
10.64,1.16993796825409,-8.29713439941406,1.47214770317078,51.6113853121905,-14.9351750920004,30.2793589869742,1.27978384494781,-9.2759838104248,-1.28720605373383,40.0917829184383,-28.9821831201837,165.603646465105
10.645,1.13534414768219,-8.13390445709229,1.45964062213898,50.4506527193548,-18.2149516767178,28.0384832033197,1.43190360069275,-9.59245300292969,-1.40505659580231,40.4259909047162,-28.6747528905468,168.295587941547
10.65,1.09716522693634,-7.98183679580688,1.43782913684845,48.6095000964969,-21.9299649908213,25.9348890993406,1.55137801170349,-9.76831245422363,-1.6255167722702,41.2169165653199,-27.5445495357538,171.942622090389
10.655,1.0293380022049,-7.85874557495117,1.43822634220123,46.4292046756859,-26.2140235627934,23.8958573584911,1.59870982170105,-9.82383823394775,-1.70669686794281,41.816385193299,-26.466945467759,175.028378613996
10.66,0.955895960330963,-7.76045608520508,1.47725331783295,44.2756733511376,-30.6187237660754,21.9019407246568,1.57269692420959,-9.81003284454346,-1.69348680973053,42.4185551610949,-24.4533339834529,178.002762072996
10.665,0.88829517364502,-7.68677234649658,1.55936765670776,42.3148865498724,-34.9542614738219,19.9502585655552,1.45884919166565,-9.73607921600342,-1.6038430929184,43.0917795868263,-21.1631498979877,181.013605081786
10.67,0.853494942188263,-7.64141607284546,1.66541504859924,40.8616989171551,-38.9051673237428,18.0599951750177,1.16288828849792,-9.55252933502197,-1.48156893253326,43.8482537732565,-16.824557388135,184.034133298819
10.675,0.862555384635925,-7.60041666030884,1.73589074611664,39.9390633036914,-41.8600642530413,16.0630732579486,0.809452772140503,-9.44197654724121,-1.43072187900543,43.898431757994,-15.5018331987541,186.665450016188
10.68,0.911417782306671,-7.56744909286499,1.82446157932281,39.2928556912219,-43.739541067332,14.0497810849863,0.491660445928574,-9.44404220581055,-1.44654858112335,43.4063063830108,-17.4015427409137,188.925204442709
10.685,0.99825656414032,-7.54555416107178,1.95811593532562,38.7926570326398,-44.4204733615418,12.0751179006486,0.269262433052063,-9.59194374084473,-1.53243374824524,42.4847533545306,-22.7190038116668,190.817904503233
10.69,1.08896791934967,-7.54653120040894,2.09471440315247,38.2286302562639,-43.5165251456473,10.2876727627819,0.29751381278038,-9.99460792541504,-1.72778415679932,42.1500228587812,-29.7852152910913,192.628478369176
10.695,1.17049312591553,-7.55976581573486,2.22132253646851,37.4567198423095,-41.5893633656661,8.61719290690434,0.44186395406723,-10.4312257766724,-1.99796140193939,42.8894830439889,-35.8875146163503,194.2083011242
10.7,1.23566710948944,-7.57975959777832,2.34706139564514,36.4763691303592,-38.7427522554691,7.11797748314395,0.61348295211792,-10.8352794647217,-2.288254737854,44.7166610998049,-39.978097834798,195.646520397352
10.705,1.27778565883636,-7.60254859924316,2.4791374206543,35.274378779842,-35.0029846282662,5.84373226894449,0.743339002132416,-11.151834487915,-2.55635094642639,47.7089225789578,-41.0998232172838,197.005441174239
10.71,1.27614521980286,-7.6279091835022,2.57415080070496,33.6116853396183,-30.518511230573,4.6682733613714,0.632408559322357,-11.2307090759277,-2.64085602760315,51.2974049311396,-37.893558251056,197.900291578159
10.715,1.23392868041992,-7.64992618560791,2.66342854499817,32.1273725348532,-26.3706551683874,3.74787719618185,0.335460007190704,-11.1186923980713,-2.59271168708801,54.3152420536397,-33.9749899317605,198.410943841266
10.72,1.16386485099792,-7.67707252502441,2.74268865585327,30.4365933567624,-21.3035905401543,2.85031904914272,-0.095362700521946,-10.8804206848145,-2.44940876960754,56.5358014396079,-30.3447785388445,198.601724685163
10.725,1.07980394363403,-7.7203893661499,2.80577945709229,28.0399534015385,-13.6687820340256,1.68558524611383,-0.604843497276306,-10.5873928070068,-2.25073075294495,57.6130144792727,-28.2823397397094,198.52891486861
10.73,0.973798453807831,-7.75562143325806,2.8712272644043,25.6111022741889,-5.4284379843875,0.636689530417667,-0.942203402519226,-10.4651250839233,-2.1853654384613,58.5519264335285,-27.6490309394874,197.845199272314
10.735,0.867220520973206,-7.7661919593811,2.94310736656189,23.5639887120039,2.58007834576293,-0.156464626145117,-1.31654524803162,-10.3751440048218,-2.16702270507813,58.6878198772551,-30.1482603360449,197.055451819342
10.74,0.765088796615601,-7.76275539398193,3.01156544685364,21.9135127726581,10.0506959344337,-0.689459411862627,-1.66337621212006,-10.3288278579712,-2.20457029342651,58.043534963037,-35.6701609214876,196.243834100647
10.745,0.675130486488342,-7.76576948165894,3.05714201927185,20.6860731372934,16.4350163318435,-0.941265701476813,-1.83559286594391,-10.3669052124023,-2.32977676391602,56.650179787449,-44.1454489644221,195.514397218047
10.75,0.595425724983215,-7.78290843963623,3.11345338821411,20.0003392200971,21.3560361476962,-1.03406310613984,-1.81990110874176,-10.4877824783325,-2.43012547492981,55.1719185302885,-53.5747641702457,194.947546158449
10.755,0.519691526889801,-7.8137354850769,3.17125058174133,19.2754375831053,25.315143347263,-0.862324349401362,-1.74326348304749,-10.6487588882446,-2.51778554916382,53.8875834191377,-62.375117991254,194.535057374094
10.76,0.443611890077591,-7.85733413696289,3.22565293312073,18.4331027961661,28.499879557227,-0.44207502940579,-1.63567626476288,-10.8292989730835,-2.59738659858704,52.9464550684962,-70.0978899423824,194.333457510552
10.765,0.356884092092514,-7.91235876083374,3.26551699638367,17.4462224233693,31.2031113363671,0.164283498537702,-1.53541994094849,-10.9869661331177,-2.6772403717041,52.71263037245,-75.9156470019133,194.529306354813
10.77,0.297371745109558,-7.94627904891968,3.27515149116516,16.2894923213872,34.239219214897,0.831103554705234,-1.51272320747375,-11.1058912277222,-2.72190308570862,53.0393832072488,-80.2166785939729,195.074082243013
10.775,0.23346571624279,-7.96707391738892,3.27896547317505,14.9960593982619,37.9212478379512,1.50859796924588,-1.53380012512207,-11.1960077285767,-2.71834111213684,53.4670691625075,-84.2276662029278,195.653664775223
10.78,0.153691381216049,-7.97640180587769,3.27963304519653,13.5901426510166,42.3349468154647,2.16883308272328,-1.58421993255615,-11.264232635498,-2.67086315155029,53.8579677188965,-88.3597530658671,196.125576205358
10.785,0.0361093990504742,-7.97402000427246,3.26522660255432,12.1516245570892,47.5674317952064,2.73124003704883,-1.63042616844177,-11.332911491394,-2.61260628700256,54.0290400519432,-93.3048441759022,196.139195602563
10.79,-0.071932852268219,-7.91704368591309,3.24627280235291,10.591549586503,52.7297502416046,2.86004737295493,-1.65136826038361,-11.3991050720215,-2.55289077758789,54.1716578169077,-98.326535857479,195.879074678212
10.795,-0.182092368602753,-7.83646059036255,3.23865556716919,8.96352789405359,57.3780149906893,2.65382517889203,-1.67788791656494,-11.4666976928711,-2.50723099708557,54.3114717892178,-102.865155579817,195.480355555223
10.8,-0.302127659320831,-7.74309301376343,3.24569320678711,7.25550931849768,61.2885851584667,2.13064143964892,-1.71808433532715,-11.5311727523804,-2.48582625389099,54.4725857064547,-106.592915734459,194.998075897929
10.805,-0.461520582437515,-7.64419364929199,3.24741768836975,5.24065943551774,64.0214941095506,1.24773575592676,-1.75054121017456,-11.5453605651855,-2.52408909797668,54.7779156529217,-108.547449497539,194.535289600525
10.81,-0.614388763904572,-7.50387763977051,3.25477409362793,2.96638765535991,65.4497754574594,0.130942770537718,-1.76727485656738,-11.5606775283813,-2.56138610839844,55.4948430440576,-110.252155431348,193.531661603884
10.815,-0.774111270904541,-7.36527490615845,3.24311447143555,0.786590037945497,65.8776594882041,-0.977426643933564,-1.75881731510162,-11.5783052444458,-2.5966808795929,56.5154064947463,-110.774753695313,192.291312910988
10.82,-0.947409152984619,-7.25096464157104,3.19868016242981,-1.22037882058844,65.4012947747307,-1.99630976136476,-1.71840965747833,-11.5986194610596,-2.62779021263123,57.8063020025949,-109.48500907434,190.942446172559
10.825,-1.12130606174469,-7.15595197677612,3.12698984146118,-5.10060640658663,63.8613876452163,-3.77695715346,-1.63952541351318,-11.6148471832275,-2.62725496292114,59.4898001990305,-105.077474342552,189.139849967566
10.83,-1.26255333423615,-7.06869077682495,3.05387020111084,-9.21843909161493,61.6297872584547,-5.66782885772045,-1.60609185695648,-11.6139898300171,-2.63190793991089,61.295907121257,-99.1229359147025,187.039266269463
10.835,-1.37844741344452,-6.99893474578857,2.98638510704041,-13.4395096590612,58.8770912493453,-7.71800789418227,-1.62877106666565,-11.5795164108276,-2.62440991401672,63.0275718117195,-92.6093601636656,184.647170097585
10.84,-1.47324359416962,-6.95551776885986,2.93050289154053,-17.6631919200913,55.7071697196912,-9.97631517437225,-1.7194846868515,-11.4962158203125,-2.59021639823914,64.5234105607089,-86.2888670302759,181.950857300074
10.845,-1.55052411556244,-6.95369291305542,2.94179463386536,-21.4941152519572,51.9267727122104,-12.1963307065279,-1.78202867507935,-11.4061517715454,-2.42381477355957,64.980439008642,-79.944823404628,178.787687412414
10.85,-1.62011635303497,-6.96409273147583,2.99402785301208,-24.8534686631471,47.8617309861639,-14.3051123391816,-1.74018239974976,-11.3782749176025,-2.23788952827454,64.9989898024278,-73.0591389476089,175.19761704125
10.855,-1.67483222484589,-6.98294591903687,3.09268188476563,-27.7080471890109,43.4438485177838,-16.2673573858345,-1.51687896251678,-11.4449863433838,-2.1517870426178,64.961676478992,-65.7195337787291,171.390360314858
10.86,-1.70449686050415,-7.00616598129272,3.2482123374939,-29.9773007011195,38.5602837517922,-18.0274322481497,-1.00133216381073,-11.6542673110962,-2.32313418388367,65.3449457140781,-58.0013448845338,167.612746609465
10.865,-1.74550151824951,-7.08697891235352,3.42007637023926,-31.6796092385293,33.211350876891,-19.0086521016719,0.0214301832020283,-11.8374605178833,-2.59481430053711,65.4549664012286,-49.5878188271691,163.442465328687
10.87,-1.82604968547821,-7.22847080230713,3.60350513458252,-33.0819426977813,27.331994048783,-19.5711437930318,1.07447814941406,-11.6912965774536,-2.66701459884644,64.332021829976,-40.5650501411231,158.252040653854
10.875,-1.93011844158173,-7.42075824737549,3.79947280883789,-34.3318980517449,20.7208524605471,-19.7736879302266,1.94429874420166,-11.2090826034546,-2.46484208106995,62.531194643978,-30.0516575555189,152.092903909416
10.88,-2.02685594558716,-7.65013313293457,4.01164674758911,-35.6649699777184,12.9262303344448,-19.6518646761903,2.25725769996643,-10.3746919631958,-1.84907221794128,61.1338882039551,-16.2117067120246,145.026581439418
10.885,-2.22709918022156,-8.12521457672119,4.3649582862854,-36.7049004297987,4.08689320874861,-19.1962142189223,1.92675936222076,-9.32700538635254,-1.15728056430817,62.8383072698184,0.913151362192571,139.362920277752
10.89,-2.44410085678101,-8.69823169708252,4.76273536682129,-37.5293247531867,-4.82248366490465,-18.448291429333,1.33920729160309,-8.37343788146973,-0.835259735584259,66.3446190311903,27.5990134641954,130.811045323654
10.895,-2.65409827232361,-9.35875225067139,5.17944192886353,-38.0860944535695,-13.303055286049,-17.348415822002,0.425343900918961,-7.43402004241943,-0.940039694309235,70.0063244263692,60.3176942585169,118.724766040128
10.9,-2.81887054443359,-10.1381168365479,5.57766914367676,-38.1709493087231,-20.2190845660032,-15.6758630037114,-1.18648290634155,-6.1656060218811,-1.51421868801117,69.520404278247,87.0716203695377,102.46321943773
10.905,-2.95065975189209,-11.095157623291,5.89065217971802,-36.271149266557,-23.4902277916097,-13.2576345280684,-2.95633602142334,-5.35299777984619,-2.15782904624939,60.5629458610446,98.8689826511722,80.8121686367604
10.91,-3.05330681800842,-12.1803531646729,6.11540079116821,-32.5743401141389,-23.9357610311696,-10.453876024724,-4.49775123596191,-4.89710426330566,-2.45760440826416,47.8458200604924,102.762948629077,56.6138158603078
10.915,-3.10986876487732,-13.3834323883057,6.23068284988403,-27.1967836239734,-21.9891058912972,-7.43480434553145,-5.67256355285645,-4.77889966964722,-2.36075782775879,33.056418280853,101.099148698208,31.2590608309533
10.92,-3.03743577003479,-14.7059917449951,6.14040660858154,-20.4933917932601,-18.8536016848707,-4.63462272687804,-6.22246742248535,-5.00868606567383,-2.03421640396118,19.3573298437064,97.7706131005533,8.39653340048333
10.925,-2.75339269638062,-15.8912763595581,5.93661737442017,-7.43678510039075,-14.4947286358249,0.17492397276923,-6.21535158157349,-5.43073987960815,-1.98944389820099,6.78697242869996,92.1712581699227,-8.77816253639497
10.93,-2.274010181427,-16.693042755127,5.74323654174805,8.56364080871686,-12.0348479590758,5.75899566144084,-5.8734335899353,-6.01316404342651,-2.16781377792358,-5.48631658052736,83.0258466071399,-21.0465739367813
10.935,-1.60564970970154,-16.952600479126,5.62344312667847,26.1321671606854,-12.9687602148592,11.6508436248803,-5.27457284927368,-6.7429313659668,-2.53051972389221,-17.5539532896007,69.6754564025954,-28.5788211761067
10.94,-0.803294241428375,-16.1734504699707,5.73928356170654,42.9029111958971,-20.1936199132301,17.318654980241,-4.51424169540405,-7.56345844268799,-2.87254691123962,-27.9344645449023,51.2420735686733,-31.813197493411
10.945,-0.0467886477708817,-14.5521554946899,6.02096843719482,56.8939526540213,-30.1688670167709,22.0626140946921,-3.80758094787598,-8.28541278839111,-3.04263305664063,-34.4891938932357,33.9854913476094,-33.5457398631819
10.95,0.575348019599915,-12.3764448165894,6.29276847839355,67.7128971672406,-39.680083020932,25.866899688795,-3.24760675430298,-8.8293342590332,-3.06726694107056,-38.0790491134406,20.7677673224086,-34.3320141649608
10.955,1.00684916973114,-9.78993320465088,6.45109033584595,74.7667203910579,-46.5714536104352,28.6211529810351,-2.89936971664429,-9.13352680206299,-2.95316815376282,-39.0752185435086,13.4144146902769,-34.4218038317898
10.96,1.21021378040314,-7.19861936569214,6.31053590774536,74.280608997639,-43.0393749604194,29.4289150579429,-2.90342617034912,-9.02038288116455,-2.71510148048401,-38.9451375907657,13.5563998089695,-33.9797198377607
10.965,1.34527385234833,-4.90961694717407,6.00866270065308,68.0686680607283,-30.1616645822911,28.8704651310244,-3.02668118476868,-8.78049945831299,-2.45114994049072,-39.3456974497357,14.6934786029358,-33.5625421285401
10.97,1.39857804775238,-3.02354335784912,5.60584783554077,57.7323378840729,-10.4373520895745,27.067826237349,-3.22026324272156,-8.51847457885742,-2.12147736549377,-40.5437741018585,14.8502024160836,-33.179494874602
10.975,1.35441482067108,-1.64515161514282,5.14396667480469,44.2937357863977,14.5637306219149,24.0419380293647,-3.4495792388916,-8.31620597839355,-1.69035303592682,-42.8006052074141,12.3942525132019,-32.840020812474
10.98,1.21471810340881,-1.13028955459595,4.7923436164856,29.3203252954235,40.4392141509494,19.6691467623377,-3.96019792556763,-8.08638858795166,-0.832192480564117,-45.3451512015673,5.40476284117694,-32.9890111439341
10.985,0.973294496536255,-0.799425661563873,4.24858045578003,14.6022887473269,63.8096216414968,14.8612809829174,-4.57281637191772,-7.95791959762573,-0.122716702520847,-47.2376019601865,-2.44981916777138,-33.5670671288652
10.99,0.660026252269745,-0.809770464897156,3.57570433616638,0.222082987213156,84.1047569488134,9.75550455001585,-5.29863548278809,-7.96344757080078,0.363699674606323,-48.4558003496042,-10.3826021469613,-33.8356199217464
10.995,0.306930810213089,-1.3850919008255,2.84297037124634,-13.6907137714505,100.371678910088,4.50123596257686,-6.16043710708618,-8.15429782867432,0.516453206539154,-48.9200414773007,-17.4109427887589,-32.8429031523038
11.0,0.0495858862996101,-2.50522923469543,2.26030206680298,-26.8845449411608,109.924244879485,-1.31590349844272,-7.41488695144653,-8.57125377655029,0.734077513217926,-48.0894119270517,-25.5983742166705,-27.8387684719885
11.005,-0.0988767147064209,-3.79338717460632,1.84630799293518,-39.1482810770603,114.85386561105,-7.65724823887313,-8.7276554107666,-9.23477745056152,1.35343873500824,-45.9432640369962,-37.594037380478,-21.0872169774374
11.01,-0.16179646551609,-5.20384788513184,1.58054423332214,-50.0333520667291,115.653639781723,-14.2271790269781,-9.9129810333252,-10.0443172454834,2.25631713867188,-42.6476294605733,-51.004068796855,-13.7419034779588
11.015,-0.175773248076439,-6.70252466201782,1.43791770935059,-58.5669460195134,112.603017751207,-20.4937093970565,-10.6406726837158,-10.8225708007813,3.21310186386108,-38.3982750797741,-61.1627389230092,-7.68787566088512
11.02,-0.204900085926056,-8.3489236831665,1.25895774364471,-63.4701339189904,108.074151539003,-25.185697602113,-10.4247074127197,-10.932318687439,2.61828470230103,-39.692353455776,-62.6150761971749,-8.91792272096542
11.025,-0.313624382019043,-10.0893135070801,0.992062032222748,-68.290580906862,100.642010967248,-31.1563723518767,-9.67321872711182,-10.8838939666748,1.1872706413269,-47.8635956278074,-66.720156492136,-16.1572923024544
11.03,-0.509982347488403,-11.8943195343018,0.648217737674713,-72.6948098270912,90.4490942725957,-37.8919326660335,-8.48220157623291,-10.953782081604,-0.632905125617981,-61.4278663760216,-76.2345075531262,-28.1929257332847
11.035,-0.801883161067963,-13.7039003372192,0.271156758069992,-74.3848513447517,78.177143126672,-42.929682122349,-6.942542552948,-11.7714738845825,-1.83730161190033,-76.0729667490662,-95.5383092043072,-42.3955135179298
11.04,-1.17681181430817,-15.6084814071655,-0.085610419511795,-72.8965736151734,62.4245549004666,-45.3030704060909,-4.8994140625,-13.3081245422363,-1.5801100730896,-84.8569451915394,-109.646939199182,-51.9446609776467
11.045,-1.62900984287262,-17.6707401275635,-0.451406300067902,-68.9142318195975,44.6218888099763,-45.9224968468248,-2.82190990447998,-14.7199182510376,-0.803342044353485,-93.4478615069331,-122.040549674602,-61.9198380717485
11.05,-2.14358949661255,-19.859920501709,-0.841707706451416,-62.396892634328,25.4144355147748,-44.7956898035965,-0.619171559810638,-15.9274215698242,0.277893155813217,-101.881396603471,-131.08116564495,-72.1897309983471
11.055,-2.65683174133301,-21.9698314666748,-1.29941725730896,-52.4693082983629,6.38303546807223,-41.048347496604,2.60190200805664,-17.4037609100342,1.60176384449005,-104.655887746222,-125.64474487697,-77.0620942540999
11.06,-2.81588387489319,-23.179874420166,-1.54504203796387,-41.1273044834094,-12.4714182828974,-33.6089361884774,4.63957691192627,-17.7744998931885,2.07335710525513,-99.5018065079631,-107.435761078039,-75.4458187794756
11.065,-2.60991311073303,-23.1320819854736,-1.45726323127747,-29.3526730713327,-30.960052224563,-23.1405477193144,5.36991739273071,-17.1084060668945,1.89275717735291,-86.9211854530682,-79.8796907207028,-69.3558445305738
11.07,-2.03418922424316,-21.6556949615479,-0.987615346908569,-17.31911601801,-48.9765920285339,-9.94328950218795,4.74148511886597,-15.4401159286499,1.129390001297,-67.1416611261958,-43.6125336997156,-59.8935190204916
11.075,-1.17190897464752,-18.683536529541,-0.165353834629059,-3.82446282668474,-66.2817061587453,4.64816912643629,3.01042747497559,-13.1168422698975,-0.0485220737755299,-42.4605095980717,3.36111581343918,-51.4467948286661
11.08,-0.539888262748718,-16.2589988708496,0.526070237159729,9.97946645290057,-84.4112685180069,16.1566775854291,1.17097330093384,-11.1300048828125,-1.04565620422363,-22.4178829692758,47.9041259703422,-46.3086962330648
11.085,0.066834345459938,-13.5848569869995,1.29741764068604,22.1004140691063,-102.104552544034,24.3790522611345,-0.786599516868591,-9.46774673461914,-1.97922539710999,-5.69816428914542,87.8228728763474,-42.3687118556267
11.09,0.740696489810944,-10.2943744659424,2.23474812507629,31.1353251239493,-118.146276338184,29.0006417064156,-2.88051700592041,-8.14258098602295,-2.88177561759949,8.09240215221558,121.301140715813,-38.5045494081649
11.095,1.22374403476715,-7.60955667495728,2.80498337745667,32.4386686515603,-123.074763258347,29.5741863514,-5.22837829589844,-7.1677622795105,-3.28917598724365,16.8660388345118,141.110902290141,-33.3665840012524
11.1,1.66999185085297,-5.36445426940918,3.16708993911743,29.3303144470846,-114.549375777851,27.7266338412898,-7.49848651885986,-6.30632400512695,-3.32568621635437,19.8907949386411,136.224134165429,-30.5518049876822
11.105,2.08964562416077,-3.53668618202209,3.40935039520264,23.8303917028438,-94.7794751875188,23.6759901540138,-9.35425853729248,-5.57804441452026,-3.36506462097168,13.7570178328184,111.071156584535,-29.7271860039028
11.11,2.48919939994812,-2.1339898109436,3.5946934223175,17.4003423351671,-64.8350925831041,17.4608851319701,-10.5024347305298,-5.00681781768799,-3.7049674987793,-4.8098307394672,67.9373303531781,-30.7495184735866
11.115,2.78310298919678,-1.34827542304993,3.37463808059692,11.621957047333,-32.6231827968936,9.63020387591832,-10.782057762146,-5.0529203414917,-3.28835344314575,-25.5721701959198,28.305145741348,-31.7257198456161
11.12,2.99111795425415,-0.914064764976501,2.78968167304993,6.44205385202984,-7.78700646517774,3.15276110625135,-10.5836048126221,-5.31337547302246,-2.8163104057312,-37.9575298028223,0.217147708630359,-32.4434531990739
11.125,3.0748987197876,-0.886083662509918,1.92184734344482,0.39398126622135,15.3828513034125,-3.74243012031877,-9.96640491485596,-5.65333843231201,-2.66127467155457,-45.7397756261486,-22.4271856869253,-33.1540729105112
11.13,2.9767107963562,-1.36433827877045,0.852430105209351,-8.43175839358037,43.9315752509415,-13.3125902301303,-8.97279167175293,-5.90950679779053,-3.31556439399719,-53.3063513962425,-46.8738738963158,-34.1728434365428
11.135,2.58940744400024,-2.69515752792358,-0.284606605768204,-16.4461853986838,60.9740617773768,-21.9904019196922,-7.01762866973877,-6.47097682952881,-4.24944114685059,-53.9768403312114,-48.7312721241145,-34.3995100943389
11.14,2.08248710632324,-4.33481359481812,-1.39709210395813,-23.9944135731198,70.4762414412661,-28.9223813989056,-4.94614124298096,-7.12456321716309,-4.33630466461182,-49.5715254109041,-41.6104379143502,-34.243095347251
11.145,1.50508558750153,-6.13256216049194,-2.44206237792969,-31.5247415292884,72.8915875770793,-34.009540443677,-2.82755947113037,-7.84432363510132,-3.74825239181519,-42.2812751889668,-28.0576811575293,-33.6873672507166
11.15,0.925042986869812,-7.87665796279907,-3.34070682525635,-39.8483686367974,67.9158903893734,-36.9599943349203,-0.699125647544861,-8.61050987243652,-2.85891103744507,-35.7619210978921,-10.7877851902257,-32.6164755511287
11.155,0.455120176076889,-9.42617225646973,-4.05838918685913,-48.7238989349055,55.421722453898,-38.4846803878693,0.683118224143982,-9.23286628723145,-2.40967559814453,-32.0097225263998,2.9631386197491,-32.6134019660022
11.16,-0.004143226891756,-10.7925567626953,-4.60128545761108,-56.4620763777068,39.8384819379738,-39.449178230756,1.03070604801178,-9.68100357055664,-1.88284659385681,-29.5500211421164,8.35979039784324,-33.0102974284825
11.165,-0.504574060440063,-11.9345951080322,-4.91696310043335,-62.1049771793908,22.4114079499426,-39.7727789332529,0.320463687181473,-9.96082210540771,-1.27868807315826,-28.0293187970008,7.37047677015462,-33.1441793814985
11.17,-1.16451644897461,-12.7078256607056,-4.82998752593994,-63.2896734909295,4.98472883222278,-38.8476878667826,-1.50629389286041,-10.0852355957031,-0.779192566871643,-27.0408589429585,6.89893502400893,-31.3053421927693
11.175,-1.88978707790375,-13.0547380447388,-4.42390775680542,-59.9597513648732,-11.4434705439423,-35.7469049270019,-3.35638284683228,-10.0003490447998,-0.999721944332123,-26.7368011192243,10.6097742387559,-28.9172553419335
11.18,-2.50616502761841,-13.1912603378296,-4.00278091430664,-55.1421149998452,-25.8481610648071,-31.2975626073046,-4.81901264190674,-9.8099422454834,-1.43459820747375,-27.156343781445,11.5982255550618,-27.2300159093801
11.185,-3.02696418762207,-13.1731357574463,-3.58925795555115,-49.885184773064,-37.5103163367266,-25.779398135338,-5.80384206771851,-9.51947784423828,-1.89263486862183,-27.9742725949324,8.81746002978464,-26.6128468461669
11.19,-3.68853569030762,-13.0445671081543,-2.98498868942261,-46.0547190638725,-44.0994920365917,-19.6707006303739,-6.30006694793701,-9.05068016052246,-1.98730790615082,-27.6337261931047,4.28705019482854,-27.5387046013715
11.195,-4.01175260543823,-12.7969369888306,-2.52717471122742,-43.1470767983468,-46.8141780429699,-14.199805336332,-6.65268182754517,-8.56392288208008,-2.11428165435791,-28.4404449586168,-1.35177597212874,-29.0677790508623
11.2,-4.01839590072632,-12.4460868835449,-2.15303254127502,-40.0774190306138,-47.0010929997965,-9.59540320832346,-6.85005521774292,-8.13948440551758,-2.27278637886047,-29.7090313610889,-7.10934455091987,-30.4720761895007
11.205,-3.70232391357422,-11.9988880157471,-1.83337593078613,-36.2332963581768,-45.091775089022,-6.00203513645105,-6.87261724472046,-7.83207607269287,-2.4602165222168,-31.2861015498774,-12.6760379438263,-31.5435587004518
11.21,-3.0336549282074,-11.4925546646118,-1.48645520210266,-29.738862212289,-41.4670141870637,-3.73052680814273,-6.63460159301758,-7.84303331375122,-2.64996147155762,-33.7140015733851,-18.2668320861059,-32.6510602139911
11.215,-2.27961015701294,-10.9522161483765,-1.11641108989716,-22.5054852680231,-38.4832767839949,-2.33070451062777,-6.01407194137573,-8.07576560974121,-3.01062941551208,-34.9639979084837,-20.609737235582,-33.499926369324
11.22,-1.53749942779541,-10.4018115997314,-0.784544110298157,-16.0627061352807,-36.1750485049349,-1.47094996654077,-5.20768451690674,-8.41127681732178,-3.43862009048462,-35.3673137487838,-21.5971162121883,-34.0207931803346
11.225,-0.868604600429535,-9.86406230926514,-0.531660676002502,-11.1090866802932,-34.49113366696,-0.963735849907391,-4.32021999359131,-8.78149509429932,-3.87541317939758,-34.9844987212775,-21.9351730100635,-34.1322038109812
11.23,-0.439614742994308,-9.53061676025391,-0.471749782562256,-4.89759440143364,-31.5068088676226,-0.0438958748926865,-3.55537033081055,-8.98879528045654,-4.18451738357544,-32.6056497012942,-17.7135338293688,-33.3548292456908
11.235,-0.122743897140026,-9.41496276855469,-0.558951437473297,-0.431071834776737,-27.6566705060741,0.794478106024069,-2.93474149703979,-9.1359281539917,-4.22239780426025,-29.1109629218897,-10.8112605504031,-32.5525108295515
11.24,0.134596601128578,-9.43587493896484,-0.759792149066925,2.69626541307355,-22.9435633561039,1.5654125499791,-2.50824284553528,-9.25142955780029,-4.10588312149048,-25.0370965914356,-2.95903794492616,-31.7395099975503
11.245,0.370618283748627,-9.53706741333008,-1.05458724498749,4.72539850226844,-17.3169184046445,2.27594261518354,-2.32748341560364,-9.35607433319092,-3.91850590705872,-20.7757347380755,4.52380717646281,-30.9265228259275
11.25,0.488761931657791,-9.81802368164063,-1.3623605966568,5.63238700611725,-12.0956152983478,2.85870438700938,-2.66003131866455,-9.38424777984619,-3.77533173561096,-17.4697763307221,11.376247822131,-30.1039768045612
11.255,0.585537672042847,-10.0983591079712,-1.61915051937103,5.74218656589344,-7.98872414948302,3.66224113814188,-3.15065932273865,-9.40917778015137,-3.61617112159729,-14.7046801131746,17.1596259782483,-29.3141337289409
11.26,0.660409271717072,-10.3669700622559,-1.81589233875275,5.08034379664014,-5.08282230153521,4.62321929917188,-3.72192287445068,-9.43253612518311,-3.4155261516571,-12.5103939036224,21.2997980776176,-28.6752993056804
11.265,0.711017966270447,-10.6090021133423,-1.93657755851746,3.6195968520589,-3.57906843051475,5.67417581100668,-4.28272104263306,-9.45630073547363,-3.13817000389099,-10.9684530852827,22.9490036017778,-28.3477370934649
11.27,0.776857554912567,-10.7375078201294,-1.95176446437836,0.898874666001657,-3.10687674918085,6.92814133978673,-4.63440895080566,-9.34747409820557,-2.94354653358459,-10.4134045925708,21.8680868920356,-28.4872881034921
11.275,0.837323486804962,-10.7839097976685,-1.91898953914642,-2.45380586381255,-3.06991069817568,8.19280934810936,-4.81214809417725,-9.20104026794434,-2.81797528266907,-10.4534107180868,20.2120921598404,-28.790002087507
11.28,0.894923865795135,-10.7545166015625,-1.85443186759949,-6.18483746562363,-3.46627980920304,9.44316341436575,-4.7992000579834,-9.04941272735596,-2.71444630622864,-10.9237042471617,17.9587598186871,-29.3151787478839
11.285,0.956277966499329,-10.6499977111816,-1.77934539318085,-9.9196348495449,-4.40078863932171,10.6505427841381,-4.54007768630981,-8.94346141815186,-2.5476496219635,-11.5986370739593,14.7761785334063,-30.2305948513949
11.29,1.1250364780426,-10.381422996521,-1.66784226894379,-13.936720963655,-5.37704934861961,11.5882722618938,-4.21912384033203,-8.9348030090332,-2.47270202636719,-12.0102054903241,12.0212260005499,-31.2095419594707
11.295,1.28814280033112,-10.0720100402832,-1.55289769172668,-17.9704496874516,-5.68443774334781,12.1989893576623,-3.80618786811829,-8.99893951416016,-2.45516490936279,-12.0629277205274,9.64269970700486,-31.7179607507189
11.3,1.42103517055511,-9.76533985137939,-1.43314206600189,-21.8103342275086,-5.1017005175143,12.364624006356,-3.35979151725769,-9.12199306488037,-2.5100302696228,-11.7272862482974,7.92692459787275,-31.5843485901751
11.305,1.49062514305115,-9.5436315536499,-1.29216253757477,-24.9230273096545,-3.16267896781303,11.7220995733965,-3.05810022354126,-9.27785873413086,-2.70001673698425,-10.9168253928938,7.78571385187732,-30.4456296970344
11.31,1.51197707653046,-9.39967346191406,-1.12600564956665,-26.2956596913007,0.418437158750977,10.3280033222835,-2.73751974105835,-9.41737461090088,-2.79739141464233,-10.1199062412934,8.96492637528615,-29.2766530658704
11.315,1.51329970359802,-9.30515575408936,-0.971740126609802,-26.3516552896637,4.57947535263253,8.58559389048293,-2.41320180892944,-9.524733543396,-2.79781532287598,-9.04641309340535,10.493578206822,-28.1118718784042
11.32,1.51280307769775,-9.24685859680176,-0.838904619216919,-25.2788204012569,8.92279349961728,6.70070543193541,-2.11279559135437,-9.57830142974854,-2.73344278335571,-7.71065946440899,12.1822536866485,-26.9644496167135
11.325,1.56725919246674,-9.19140815734863,-0.73494416475296,-23.530153662403,12.6549002158924,5.23063997489216,-1.95017647743225,-9.49293041229248,-2.75866913795471,-6.4695556087229,14.1179933304535,-25.8613791883984
11.33,1.56468319892883,-9.12744235992432,-0.664470970630646,-20.3787641435143,18.5420408983333,2.88460894665371,-1.95070242881775,-9.3514404296875,-2.80268239974976,-5.07470077972524,16.6482684981097,-24.7394369474064
11.335,1.5217068195343,-9.06094455718994,-0.640160143375397,-16.7401840613178,25.008208306341,0.348542765757179,-2.03386950492859,-9.1983060836792,-2.82597064971924,-3.76338001805049,19.0142870077371,-23.6929563439121
11.34,1.43709206581116,-8.99764728546143,-0.667283236980438,-12.9991929764798,31.4477140709236,-2.13286253178965,-2.18323922157288,-9.05716037750244,-2.80538272857666,-2.61774171639367,20.8065354761376,-22.7416100302723
11.345,1.26529693603516,-8.96761989593506,-0.741614997386932,-9.83810885783799,37.20432386191,-4.44083873418055,-2.46803045272827,-8.99770164489746,-2.66954374313354,-1.62155008821085,20.8766439528732,-21.7644951204413
11.35,1.04101157188416,-8.97007656097412,-0.843075931072235,-7.31350018587202,41.9823280542791,-6.49400384397014,-2.83334946632385,-9.00434970855713,-2.61114573478699,-0.663445035583047,20.0496156198641,-20.7429959338363
11.355,0.788132727146149,-9.00030708312988,-0.951201140880585,-5.29952712842679,46.0318754961933,-8.42611153468407,-3.18044090270996,-9.00649166107178,-2.61847305297852,-0.0905854305580404,19.2045333893314,-19.7474326830571
11.36,0.521229267120361,-9.0571870803833,-1.05606329441071,-3.75191298420768,49.4246900041271,-10.3004742448338,-3.44854378700256,-8.97225379943848,-2.68230891227722,-0.0903255031735031,18.7438507901923,-18.8058672003088
11.365,0.304120928049088,-9.13746452331543,-1.16672420501709,-2.55852418973307,51.8039249297985,-12.1071147755891,-3.50036430358887,-9.00331211090088,-2.68234181404114,-0.351785318024363,17.5785453857073,-17.7294276795675
11.37,0.0929144397377968,-9.21732902526855,-1.24055826663971,-1.34861551553373,53.8420772837924,-13.9137749431384,-3.4684317111969,-9.09127998352051,-2.54069089889526,-0.655057243117154,15.8508097615648,-17.0738217268
11.375,-0.0937341824173927,-9.28316783905029,-1.290167927742,-0.224019052358164,55.5759686159244,-15.700414118683,-3.37482595443726,-9.17976188659668,-2.3554368019104,-1.08426862507743,13.7401199448118,-16.6725207923051
11.38,-0.239472731947899,-9.32328796386719,-1.32410025596619,0.728991586283309,57.0162745118671,-17.4498577915551,-3.23334383964539,-9.22390174865723,-2.20197319984436,-1.71408858601565,11.365874472329,-16.4085476412624
11.385,-0.317349910736084,-9.33877658843994,-1.29852223396301,1.23737766732873,57.9668046179011,-18.9378879267759,-3.12058782577515,-9.13487148284912,-2.27756381034851,-2.12762441702648,9.93054522297035,-16.0687867111893
11.39,-0.427987962961197,-9.35172843933105,-1.2623655796051,1.3145224128482,58.3637615520839,-20.2728927962845,-3.01549386978149,-9.05929279327393,-2.32740902900696,-2.47330007747742,8.93985958103221,-15.9345359279581
11.395,-0.574250161647797,-9.37059783935547,-1.20203304290771,0.886350180137117,57.9355428420699,-21.4442087672392,-2.94234371185303,-8.99265766143799,-2.34835147857666,-2.79087143048445,8.15652396814366,-15.9714735909896
11.4,-0.762474179267883,-9.40646076202393,-1.09858083724976,-0.179079462528308,56.2774392889684,-22.4258435547534,-2.93410277366638,-8.92999267578125,-2.33420181274414,-3.12812696179264,7.29834911874564,-16.1496356603948
11.405,-1.0159147977829,-9.47032833099365,-0.966636836528778,-1.94673582148198,52.8630140625007,-23.1319024073724,-3.15933394432068,-8.93783092498779,-2.36984825134277,-3.0954016044884,6.40396487523645,-16.1766575962986
11.41,-1.2792934179306,-9.54172325134277,-0.863199412822723,-4.07357519364073,48.7255825765359,-23.6181077158925,-3.43609094619751,-8.91722202301025,-2.42170977592468,-3.14016303577067,5.56514550128577,-16.2213253259232
11.415,-1.55153012275696,-9.62415885925293,-0.788219213485718,-6.37935613054371,44.0494404103538,-23.9115753313186,-3.70783185958862,-8.86975193023682,-2.50155282020569,-3.26499690912711,4.90632509074021,-16.284931462569
11.42,-1.83732974529266,-9.72760581970215,-0.73859840631485,-8.5775137766948,39.0183059922495,-24.0375410950865,-3.88604927062988,-8.80601406097412,-2.63815236091614,-3.43612836599884,4.67255759752829,-16.3541520147125
11.425,-2.09519076347351,-9.86950492858887,-0.746259927749634,-9.8736266952957,35.0818733131798,-24.0113370743358,-3.98637127876282,-8.88178825378418,-2.68636751174927,-3.6009269568495,3.27975630759328,-16.7310162399044
11.43,-2.29144191741943,-10.01598072052,-0.788419902324677,-11.1228281671297,29.6702290564141,-23.6414225666243,-4.05826044082642,-8.953537940979,-2.68313527107239,-3.84478520078646,1.7167107383267,-16.9813956069514
11.435,-2.42484402656555,-10.1563854217529,-0.86165577173233,-12.2692190702556,22.8803499553355,-22.9137837313227,-4.07915639877319,-8.99501991271973,-2.66099548339844,-4.1805094890601,0.276532855070101,-17.1426700336338
11.44,-2.49832105636597,-10.2715158462524,-0.967121243476868,-12.8298708794079,15.8035960789271,-21.8247954455288,-3.96080446243286,-8.97933483123779,-2.69945907592773,-4.6226511128103,-0.536477795328033,-17.4733468121108
11.445,-2.46204662322998,-10.2976379394531,-1.04877030849457,-12.7783780832552,9.25464080176329,-20.3600425949993,-3.83496236801147,-8.97225093841553,-2.75443315505981,-4.89679014665887,-1.17126442437076,-18.0886000072617
11.45,-2.39034676551819,-10.2726001739502,-1.10186064243317,-12.4002793013708,3.29316973190612,-18.6400353299027,-3.689457654953,-9.00055885314941,-2.80975532531738,-4.80502698204657,-1.425475954429,-18.6566924537411
11.455,-2.29713201522827,-10.2098979949951,-1.1235625743866,-11.8039687821092,-2.08198231822811,-16.7032925020633,-3.54237914085388,-9.06676769256592,-2.84022951126099,-4.35102003904759,-1.36438503494511,-19.1238056759837
11.46,-2.17299127578735,-10.1346645355225,-1.10541379451752,-11.2097500082809,-6.93592988987466,-14.6090677100782,-3.49031138420105,-9.15579986572266,-2.74443697929382,-3.74974269159891,-1.49494890340667,-19.5705307835538
11.465,-2.04346203804016,-10.0524044036865,-1.02352929115295,-10.7829195342157,-11.2953843587736,-12.7070410262426,-3.46047854423523,-9.20792484283447,-2.63901782035828,-3.49086955743214,-1.35563620294856,-19.6864168956541
11.47,-1.89788436889648,-9.96134090423584,-0.92419046163559,-10.5616444569958,-15.1289970776252,-11.1118973031367,-3.4338595867157,-9.22531986236572,-2.59373044967651,-3.54102342306414,-1.22379829076339,-19.6662302715621
11.475,-1.73378336429596,-9.86568069458008,-0.821055471897125,-10.5822750433838,-18.38139143396,-9.87780847861504,-3.40908312797546,-9.21996116638184,-2.61830854415894,-3.84428062056153,-1.21157854872971,-19.6174200322059
11.48,-1.56468522548676,-9.80615615844727,-0.700480878353119,-10.9792712511543,-20.8272377795119,-9.04606304621038,-3.42668151855469,-9.29034996032715,-2.58375096321106,-3.96778837000193,-1.45153782186765,-19.8979649297223
11.485,-1.43556034564972,-9.78861522674561,-0.614743888378143,-11.3566631084596,-22.4795459171026,-8.7402088827245,-3.52757453918457,-9.34724712371826,-2.53313112258911,-3.98093520349373,-1.61341746734348,-20.1694956850816
11.49,-1.27685165405273,-9.79254913330078,-0.53144109249115,-11.7303461730456,-23.4118735689986,-8.7788848288997,-3.67554235458374,-9.35688400268555,-2.50792598724365,-4.09138277746743,-1.97821232138516,-20.3743672092361
11.495,-1.05506825447083,-9.81056880950928,-0.434940218925476,-12.0972058786508,-23.6080041585628,-9.08674194535969,-3.84658408164978,-9.30369472503662,-2.53234434127808,-4.41423813557111,-2.67729648364454,-20.4911292930975
11.5,-0.857745230197906,-9.88297653198242,-0.349260479211807,-12.2538870031163,-22.7971428833191,-9.68589382331602,-3.9056932926178,-9.27553939819336,-2.62267994880676,-4.95130060576427,-3.20303706151475,-20.7480041700452
11.505,-0.659254550933838,-9.91579532623291,-0.280842155218124,-12.0845162409465,-21.6303245919329,-10.4347446648588,-3.87299203872681,-9.30278301239014,-2.6884593963623,-5.11885667204891,-4.24431028609719,-21.2044691273717
11.51,-0.475888222455978,-9.91674995422363,-0.239810779690742,-11.7455177307395,-20.2951557978842,-11.24774549686,-3.81296968460083,-9.36237335205078,-2.73599529266357,-4.9168559617799,-5.36413388778594,-21.7064658332529
11.515,-0.321539551019669,-9.89003944396973,-0.235902175307274,-11.3510085656005,-18.9306530488976,-12.0607326684829,-3.77528142929077,-9.43794345855713,-2.76919555664063,-4.32263291908337,-6.21951518981343,-22.1341569111534
11.52,-0.235472738742828,-9.82899475097656,-0.260175496339798,-11.2370135621266,-17.6543075515284,-12.7880103575322,-3.77265167236328,-9.42373275756836,-2.74530792236328,-3.9185900905235,-6.26713740314087,-22.2008280951892
11.525,-0.147726818919182,-9.76564407348633,-0.293670386075974,-11.2913801603726,-16.6358119406109,-13.3872518817214,-3.72255158424377,-9.37155151367188,-2.73525309562683,-3.68609685447862,-6.41821478427921,-22.4296684606886
11.53,-0.0761527046561241,-9.70357704162598,-0.33526548743248,-11.467094460734,-15.6641594745686,-14.0537067362117,-3.60664081573486,-9.29932880401611,-2.73611426353455,-3.55650340648773,-6.48361939511078,-22.7686883152368
11.535,-0.0444224402308464,-9.6474027633667,-0.384175032377243,-11.714425855864,-14.4778427006493,-15.0378584484351,-3.39681458473206,-9.22804737091064,-2.74506688117981,-3.45147110530881,-6.21913952940908,-23.1610451170136
11.54,-0.0316714011132717,-9.63608932495117,-0.438949286937714,-12.1173626206651,-12.9526921948367,-16.0243153495034,-3.25161910057068,-9.22269821166992,-2.73895788192749,-2.50249465386758,-4.44204938521094,-23.7519094141858
11.545,-0.0320090726017952,-9.63799571990967,-0.518224895000458,-12.2903064255444,-10.9460534798996,-17.073599745652,-3.23432445526123,-9.19572925567627,-2.73551821708679,-1.90400850591191,-2.44001699253877,-24.176422746575
11.55,-0.040176447480917,-9.64891910552979,-0.61861789226532,-12.2117524199001,-8.40993167031395,-18.1290364346955,-3.30223345756531,-9.14059829711914,-2.73080158233643,-1.56525620268013,-0.445661972617531,-24.4693968808335
11.555,-0.0476533249020576,-9.66517543792725,-0.733977735042572,-11.8550671348373,-5.21267017407268,-19.0775208990731,-3.37675499916077,-9.05115985870361,-2.71532869338989,-1.21588914514793,1.2349995875588,-24.7213523140315
11.56,-0.078304648399353,-9.73502826690674,-0.828339457511902,-11.1411031920277,-2.16740984205498,-20.0088803716542,-3.54902935028076,-8.94497871398926,-2.71423482894897,-1.14468698437148,2.55361349716325,-25.003398145618
11.565,-0.10362271219492,-9.83546829223633,-0.91020268201828,-10.2044255634041,0.576001432012253,-20.8938850578856,-3.73637175559998,-8.91720676422119,-2.63603663444519,-1.18002296804254,3.16576279822329,-25.4992084076584
11.57,-0.117841981351376,-9.95381927490234,-0.978595674037933,-9.06331695782748,3.05678478213821,-21.7277794385579,-3.92121434211731,-8.95360851287842,-2.52372932434082,-1.13420349776916,3.58790520119687,-26.1581509078354
11.575,-0.113547466695309,-10.0632028579712,-1.0263763666153,-7.70344593087181,5.4196513729071,-22.5027087961255,-4.08229160308838,-8.98400402069092,-2.5325562953949,-0.516243466633576,5.43043496094608,-26.7809702450395
11.58,-0.0986140072345734,-10.141975402832,-1.0379786491394,-6.04869002423729,7.57243863372273,-23.091701621465,-4.10497140884399,-8.9389181137085,-2.6657121181488,-0.166868698458125,7.6322463314163,-27.5191087886428
11.585,-0.0665961876511574,-10.2138376235962,-1.02116739749908,-4.35970035570903,9.68808716781324,-23.4577007232348,-3.99340343475342,-8.92614555358887,-2.74875688552856,0.215837179423576,9.38758531131571,-28.5127783694746
11.59,-0.0231794007122517,-10.2695770263672,-0.975327372550964,-2.70565329464432,11.7334470789288,-23.5714831370707,-3.78475522994995,-8.96051597595215,-2.74900150299072,0.618321871079033,10.5221813315187,-29.6553699798747
11.595,-0.0013408194063231,-10.242506980896,-0.889822363853455,-1.14871903713761,13.3808759001312,-23.3337157143261,-3.64832758903503,-9.00344562530518,-2.68833756446838,0.675424920582985,11.0285245990329,-30.3091488570392
11.6,0.0025714910589158,-10.1991519927979,-0.7867032289505,0.0050922261913618,15.2812488244139,-22.9019914097206,-3.63224959373474,-9.00469589233398,-2.64663362503052,0.842738835317204,11.4644195879003,-31.0331454939659
11.605,-0.0205937121063471,-10.1308965682983,-0.692285716533661,0.916934006332288,17.3699940971374,-22.3779331928204,-3.64472913742065,-8.96227931976318,-2.60883164405823,0.926394031776168,11.8111746316835,-31.5876100055038
11.61,-0.0746801570057869,-10.0375194549561,-0.617152512073517,1.64361501432458,19.6195288531122,-21.8114646238162,-3.63825988769531,-8.89020252227783,-2.5705828666687,0.882675058115974,12.187446337965,-31.9923328647729
11.615,-0.158502355217934,-9.94717121124268,-0.571420550346375,2.2569250206567,21.9396792273684,-21.3455825431715,-3.47807788848877,-8.91690444946289,-2.53753423690796,0.91591545437231,13.6161784783591,-33.1073066052641
11.62,-0.235172837972641,-9.88090133666992,-0.555092453956604,2.79533858764505,24.0368478308858,-21.0936151571424,-3.31218099594116,-8.96487998962402,-2.48979496955872,0.78159167349437,14.7540282299279,-34.3648024880714
11.625,-0.281386882066727,-9.82161235809326,-0.569249212741852,3.25839617162453,25.8658205189062,-20.9281726075191,-3.20993947982788,-8.9962682723999,-2.46949744224548,0.577151411752901,15.2512523411265,-35.4777271718117
11.63,-0.285006940364838,-9.76124095916748,-0.616213619709015,3.64658292946962,27.4405855188497,-20.7907884750062,-3.21179628372192,-8.98557949066162,-2.50173711776733,0.351794202606369,15.0147365505473,-36.28412662598
11.635,-0.279407292604446,-9.71009063720703,-0.697044968605042,4.04836240409328,29.7107218329085,-20.7527357835927,-3.32304930686951,-8.85024547576904,-2.61054086685181,0.135476508702512,16.3315850696947,-36.7405847531174
11.64,-0.278773277997971,-9.66181755065918,-0.772257089614868,4.6614508561642,31.4366935606978,-20.6348313505927,-3.38700175285339,-8.76730918884277,-2.56452083587646,-0.0225913325950198,16.7414715519764,-37.4732659755738
11.645,-0.286148905754089,-9.63091659545898,-0.840030908584595,5.3301494277969,32.4044494038186,-20.5168090968294,-3.42676448822021,-8.73048305511475,-2.49383497238159,-0.0666667951056367,16.3517955994488,-38.3476019063218
11.65,-0.3044473528862,-9.62998676300049,-0.898463070392609,5.93393943108649,32.3972025731092,-20.4621317249762,-3.45925045013428,-8.73758697509766,-2.50056791305542,0.0545957497586416,15.1990867713406,-39.2651592741375
11.655,-0.355782061815262,-9.68338394165039,-0.969773650169373,6.37370628343964,31.044517758934,-20.419357665299,-3.47995376586914,-8.87200546264648,-2.60827350616455,0.346955093620695,16.2616832061815,-39.9736001552296
11.66,-0.377023279666901,-9.77997398376465,-1.02616000175476,6.66823215130023,29.3179415594032,-20.4615494513495,-3.36136722564697,-9.05204010009766,-2.65252566337585,0.355024668640374,16.9951140418994,-40.8736107670676
11.665,-0.363074570894241,-9.89113903045654,-1.07501399517059,6.85958971929507,27.3329878413072,-20.4931561517337,-3.15954732894897,-9.24448585510254,-2.6772255897522,0.210730812606198,17.273908703441,-41.8560924980389
11.67,-0.304825901985168,-9.98204708099365,-1.12504315376282,6.9927024222558,25.2149086136458,-20.3933107388991,-2.93852019309998,-9.40857791900635,-2.73602676391602,0.0681068377724921,16.9054490260228,-42.7903155274295
11.675,-0.207036837935448,-9.98127269744873,-1.14261758327484,6.92934686817523,23.6343635661171,-20.2776636834198,-2.81485891342163,-9.52176761627197,-2.72477698326111,0.160356259826864,16.826075397678,-43.2977097903022
11.68,-0.140877991914749,-9.98396110534668,-1.13025748729706,6.79717288933856,22.6383478153054,-20.2039710649172,-2.75277066230774,-9.59587860107422,-2.69640302658081,0.523127496904156,17.3139131214097,-43.6200503228972
11.685,-0.0902400985360146,-10.0017433166504,-1.08442616462708,6.62066628703344,22.1658899700373,-20.1706926757336,-2.71790742874146,-9.6458625793457,-2.69001173973083,1.09841341324,18.5043245937364,-43.818542450367
11.69,-0.0187424849718809,-10.0482263565063,-0.994633734226227,6.42811386282067,22.1516285350503,-20.1730729966594,-2.65182280540466,-9.69626522064209,-2.77644371986389,1.7949229143474,20.6984511476168,-43.970684914129
11.695,0.0366272293031216,-10.1165523529053,-0.865020334720612,5.92319170154066,22.4454530278605,-20.2845621744815,-2.5605354309082,-9.68853664398193,-2.85464477539063,2.65832755421553,23.5408838895891,-44.6619820204043
11.7,0.0751114785671234,-10.1750860214233,-0.709011852741241,5.10900924681304,22.9748439149553,-20.2852759292498,-2.55300068855286,-9.64919376373291,-2.91971302032471,3.73899624271354,26.5023958570986,-45.5399891778311
11.705,0.0971773341298103,-10.2152233123779,-0.541225433349609,4.06068363846916,23.8210975229307,-20.168797298239,-2.64219284057617,-9.59083843231201,-2.96470284461975,4.90571506946996,29.2171416276321,-46.5802304035186
11.71,0.102966457605362,-10.2217578887939,-0.398230284452438,2.97431985286383,25.2758987878394,-19.9857635964082,-2.83503079414368,-9.53875827789307,-2.96936583518982,5.76627749686972,30.7908581935381,-47.8544329290358
11.715,0.0700369328260422,-10.1913213729858,-0.229053318500519,1.86569434631931,27.3449765308479,-19.667338469755,-3.04374289512634,-9.42621898651123,-3.02640056610107,6.16209080125337,31.8371919479653,-48.6557575526509
11.72,0.0199160613119602,-10.152304649353,-0.0578669309616089,1.07643888041107,29.4357418320184,-19.3701859672717,-3.18609547615051,-9.32522010803223,-3.0573902130127,6.35346971358936,32.6632657620379,-49.5864015629164
11.725,-0.0517643317580223,-10.1150979995728,0.105080477893353,0.65327584440425,31.35775706446,-19.1274683649261,-3.24410510063171,-9.26477241516113,-3.0649082660675,6.39639147610737,33.3525377172243,-50.8043267447672
11.73,-0.186916336417198,-10.0997819900513,0.23613552749157,0.472611471163594,32.8148652257609,-18.93729882296,-3.21608376502991,-9.30826187133789,-3.13938164710999,6.29176663840112,33.9873628194419,-52.444528372054
11.735,-0.365374326705933,-10.1742172241211,0.297897398471832,0.337567185369497,35.1068957112042,-18.7490127056576,-3.38713455200195,-9.41194152832031,-3.31033778190613,6.41537598690542,33.7187451397637,-54.3605637738773
11.74,-0.610183000564575,-10.3503036499023,0.302517145872116,0.344428057029922,37.8601176448796,-18.6510473023921,-3.71565461158752,-9.55124378204346,-3.51357173919678,6.56610545528291,33.2574648990723,-56.3037867436918
11.745,-0.932899296283722,-10.640380859375,0.250946372747421,0.567828630422656,40.8879268435679,-18.6871516823448,-4.18064498901367,-9.72698783874512,-3.70846390724182,6.65813115529143,32.7946786016689,-58.2109497297832
11.75,-1.34601879119873,-11.085036277771,0.131667792797089,1.30458491449265,43.6099860391552,-18.9414942666577,-4.68915414810181,-10.0043849945068,-3.73855042457581,6.55114051081141,31.9531753902612,-60.2530533482119
11.755,-1.76152634620667,-11.5998468399048,-0.0528478920459747,3.10743618436256,45.2694453848069,-19.2119373143916,-5.18593549728394,-10.2941293716431,-3.62650299072266,6.53864596038534,30.9174113535747,-62.0346125705614
11.76,-2.13229370117188,-12.1271476745605,-0.306752175092697,5.99114696114041,46.111587218902,-19.2833435270695,-5.59851408004761,-10.5345840454102,-3.4676034450531,6.54437392777804,29.717852550402,-64.1107646820026
11.765,-2.42152166366577,-12.6355075836182,-0.635780870914459,10.0695967754144,46.2415827942802,-19.0006010161877,-5.89074039459229,-10.6976947784424,-3.30718779563904,6.50059711095332,28.4393896943901,-66.7348345686623
11.77,-2.45928907394409,-13.0945568084717,-1.03435015678406,16.1715025110226,46.0394262703208,-17.8146052611594,-6.18465185165405,-10.9133071899414,-3.10296177864075,5.89459412637264,28.4844023485677,-68.8979691391837
11.775,-2.31668472290039,-13.479024887085,-1.36054563522339,22.9708363014598,46.2499053797839,-15.8116249662965,-6.18283224105835,-11.1374034881592,-2.83216094970703,4.87734929384689,29.0769110137826,-71.272498064517
11.78,-2.06910395622253,-13.7509536743164,-1.59508323669434,29.8163575386119,46.8660669900945,-13.0432895315351,-5.98302221298218,-11.3829154968262,-2.41379880905151,3.84620588013383,29.9682404551855,-73.7226440141515
11.785,-1.77012836933136,-13.8732376098633,-1.71700215339661,36.1925611099669,47.9072200460362,-9.50383513098933,-5.65089225769043,-11.6614465713501,-1.77438223361969,3.11656494563169,30.9787635277943,-76.1449569429181
11.79,-1.16527509689331,-13.9253597259521,-1.68629109859467,39.7852235379206,48.9747649529309,-5.45054517229671,-5.43842172622681,-11.9106817245483,-1.31957304477692,1.73786799633276,31.3185995899483,-78.6458716886533
11.795,-0.56477415561676,-13.8921499252319,-1.39856147766113,41.6594240310775,49.4120404937843,-1.65378388533826,-5.27099800109863,-12.1149101257324,-0.958973944187164,0.0501439438484077,32.177400255429,-80.9907166118537
11.8,-0.020941624417901,-13.8163585662842,-0.90410453081131,42.2130859953879,48.9408667240801,1.70752413389303,-5.11326599121094,-12.256139755249,-0.636329531669617,-1.83753987967369,33.6503373801314,-83.1302187278469
11.805,0.396133005619049,-13.7484216690063,-0.250204533338547,41.8445802141928,47.1418461231175,4.37508023417261,-4.92155265808105,-12.306923866272,-0.283879190683365,-3.80353128508641,35.9042178439656,-84.9866641442563
11.81,0.685515820980072,-13.6285247802734,0.455748289823532,41.9634528265077,44.0098184829786,5.73497516679038,-4.77250051498413,-12.3208341598511,0.0074571268633008,-5.61353397646073,36.8777247063675,-87.154914526466
11.815,0.917762279510498,-13.4710512161255,1.03609645366669,42.9597964263996,41.2723128145833,6.4968366649284,-4.78084564208984,-12.2828483581543,0.16773633658886,-7.60800172118369,37.1003581374587,-89.3381161927689
11.82,1.11173450946808,-13.2751426696777,1.46894633769989,44.7501734229675,39.2536060091564,6.76442597424975,-4.92055368423462,-12.1813716888428,0.247257500886917,-9.74750895981871,36.8768948383834,-91.6373969240162
11.825,1.29171550273895,-13.0336093902588,1.71599042415619,47.2190170154549,38.461929027744,6.60761891817142,-5.14404296875,-11.989330291748,0.340185731649399,-11.9367852256147,36.6821012583492,-94.2878245106829
11.83,1.39390766620636,-12.702184677124,1.75349831581116,52.8374998908561,37.9291469517263,6.25172764259968,-5.23415184020996,-11.6536054611206,0.504589974880219,-14.1371511573018,35.9974328506633,-96.9472679470541
11.835,1.43756783008575,-12.3222570419312,1.69933712482452,59.9553663834261,37.4461637849472,5.92212960712472,-5.22849464416504,-11.3046436309814,0.610387921333313,-16.0101580749012,34.7825471029932,-99.2372049795168
11.84,1.41438412666321,-11.911114692688,1.57488107681274,68.1350438390824,36.8620323467494,5.63116568291629,-5.15792751312256,-10.986349105835,0.649347603321075,-17.8335948945993,32.9648083686102,-101.485614461826
11.845,1.2870968580246,-11.5011568069458,1.39305853843689,76.8002384617,35.8044561009484,5.33629318295532,-5.09263134002686,-10.781795501709,0.638747990131378,-20.5341355792065,30.2927529879366,-104.780518208007
11.85,1.09821259975433,-11.1118135452271,1.20836079120636,84.8893680995295,34.1585956619342,5.23753120887788,-4.91688585281372,-10.4867277145386,0.5281623005867,-23.2123620357952,27.9518559140764,-107.754273289604
11.855,0.911898672580719,-10.758885383606,1.04463887214661,92.4859386453635,32.60136375759,5.14719768823623,-4.66603803634644,-10.2359714508057,0.374820470809937,-25.9282416177309,26.1995828353407,-110.244601242126
11.86,0.744454026222229,-10.4382276535034,0.89775139093399,99.5225702830399,31.3784593678343,5.05704900958899,-4.33210420608521,-10.0707845687866,0.189620733261108,-28.7110348554179,25.0823073210992,-112.246461385965
11.865,0.607772707939148,-10.114691734314,0.724519610404968,105.601302040568,30.9595604509428,5.11629833931791,-3.84247970581055,-10.0488901138306,-0.0338081233203411,-31.6373337826615,24.5589918872712,-113.898615844299
11.87,0.546653807163239,-9.83268737792969,0.549476802349091,110.906132383998,31.6437507453867,5.59579085254433,-3.30919766426086,-10.1354360580444,-0.312344908714294,-34.4440019465923,24.8552069462908,-115.349436816469
11.875,0.536289870738983,-9.57968616485596,0.398836612701416,115.596976532369,33.0349407510079,6.43925731645155,-2.79046034812927,-10.2820320129395,-0.647230386734009,-36.9854026386328,25.9371669674288,-116.312507149819
11.88,0.562215983867645,-9.36251926422119,0.286848783493042,119.732983923892,34.9534930775403,7.64195373777418,-2.30359148979187,-10.4703817367554,-1.04990744590759,-39.1996680052809,27.8225553104462,-116.611368907142
11.885,0.564245820045471,-9.26302337646484,0.249322637915611,123.500857779529,36.8747569891731,9.22967731412054,-1.82349061965942,-10.6722002029419,-1.5944197177887,-41.058732799237,30.5492948931622,-115.744030505199
11.89,0.595847189426422,-9.16308498382568,0.240593507885933,127.521475955214,37.5308991117904,11.2827792446603,-1.30339431762695,-10.8574752807617,-2.14928126335144,-42.668386405461,32.7757658078571,-114.241942133119
11.895,0.63273012638092,-9.08585357666016,0.286301702260971,132.143656211858,36.3541258196889,13.6004920951565,-0.884304761886597,-11.0351724624634,-2.55841946601868,-43.8221863562892,34.0998252992208,-112.381589848504
11.9,0.667583882808685,-9.04450035095215,0.396308958530426,137.587153055818,32.9405441215837,16.0697122018219,-0.669028401374817,-11.1995611190796,-2.72642517089844,-44.3825282456078,34.3627534313204,-110.340927399991
11.905,0.794291198253632,-9.03347301483154,0.450106143951416,143.891786489955,27.2469718539946,18.2972657015002,-1.06755745410919,-11.1698923110962,-2.56434440612793,-44.289552295531,35.4304007910526,-109.054297345279
11.91,0.998887240886688,-9.0296630859375,0.374286532402039,149.260205894559,22.208520595742,20.238704284394,-1.91385924816132,-10.8796339035034,-2.49291849136353,-44.7853591424768,36.2313395089796,-108.641487542032
11.915,1.24991142749786,-9.00463962554932,0.0457264333963394,153.217371612854,18.1647514938655,21.871930580991,-2.76749610900879,-10.4451189041138,-2.56762647628784,-46.1855991487482,37.1411377818982,-108.697488263037
11.92,1.52516627311707,-8.93447685241699,-0.649044513702393,155.298803460524,15.4468262702734,23.1604884565962,-3.27836489677429,-9.95010566711426,-2.84157156944275,-48.7968829212817,38.4653748581803,-108.92862869474
11.925,1.60159122943878,-8.84592151641846,-1.59697711467743,154.344257203258,13.8667755576859,24.8350305674826,-3.34010791778564,-9.05881214141846,-3.68132448196411,-54.0020232386812,36.249753698982,-108.04694006535
11.93,1.60913836956024,-8.83277034759521,-2.07467031478882,152.666284629861,10.8319935896286,28.0880020748023,-2.78870677947998,-8.3311071395874,-4.55257272720337,-59.6848499111586,26.4559078820602,-106.72046268702
11.935,1.61033916473389,-8.87082481384277,-2.13480496406555,151.411018803817,5.86187154383275,32.1142005150389,-1.85209548473358,-7.84505176544189,-5.22060871124268,-64.3272202069895,14.1564669322746,-104.782942925163
11.94,1.68327009677887,-8.93361663818359,-1.81144976615906,152.050993868669,-1.7963036797768,35.9614479990211,-0.787020564079285,-7.71731185913086,-5.37491083145142,-65.9416993418621,5.53200371588558,-101.978467251956
11.945,1.861931681633,-9.20891666412354,-1.24884557723999,151.604955195111,-10.840953944046,38.051584922788,0.15393391251564,-7.98733139038086,-5.15508937835693,-63.7067385020289,7.04268873480972,-98.6236422561854
11.95,2.05047821998596,-9.55448150634766,-0.77130800485611,150.254353588632,-17.6515823060495,39.2457683670839,1.01199173927307,-8.36220264434814,-5.1334547996521,-62.6222683863709,6.02149135718866,-96.5519912394071
11.955,2.19614100456238,-9.93340969085693,-0.445943474769592,148.208397743512,-20.8779843774978,39.9196519060702,1.86837387084961,-8.82761478424072,-5.30525398254395,-63.0063367535899,1.64326646123349,-95.7750299005615
11.96,2.20451235771179,-10.2942676544189,-0.381780833005905,145.771235983489,-17.9656924606947,40.6395948257246,2.87245678901672,-9.39681529998779,-5.62160015106201,-65.0898449787673,-6.67541622964662,-96.2578559729897
11.965,1.96552085876465,-10.6111764907837,-0.231747522950172,144.497405703282,-13.2089873594786,41.8944918215527,4.22801351547241,-10.2140893936157,-5.83505964279175,-64.8360829605338,-8.69279285573263,-96.1825872883362
11.97,1.62596595287323,-10.8466901779175,-0.0813929811120033,143.927030266073,-10.8380681891217,43.4885282002395,5.61554908752441,-11.0854425430298,-6.14929914474487,-62.1112609534272,-5.80307599479681,-95.183118876899
11.975,1.24732339382172,-11.00306224823,0.0096300672739744,143.10938832053,-10.9278877380283,45.4028389792973,6.85281372070313,-11.9066200256348,-6.50692129135132,-56.8867365591632,1.12567963512839,-92.7077900197947
11.98,0.95149701833725,-11.0932636260986,-0.106498420238495,139.42358601796,-12.3819419509966,47.6828961431255,7.51214456558228,-12.4403238296509,-6.67083644866943,-48.90058568345,10.4423970380502,-87.150693469559
11.985,0.806183516979218,-11.1562643051147,-0.237448155879974,130.848693326359,-11.9938514561301,49.3329742239522,7.10091066360474,-12.3734912872314,-6.05769538879395,-37.4538750685202,24.0324321135874,-78.4371479378069
11.99,0.728071510791779,-11.2397937774658,-0.417597651481628,120.102278591936,-11.5924514838922,50.1266422055077,6.05765056610107,-11.81591796875,-5.12802505493164,-26.5159828109051,37.6045695321782,-69.6228434554188
11.995,0.722080886363983,-11.3416833877563,-0.619016885757446,108.181761169377,-11.8759333627517,49.9728400057773,4.6223783493042,-10.873441696167,-4.0902247428894,-15.9887727526099,51.2647600420015,-60.3189988246484
12.0,0.894482374191284,-11.4040803909302,-0.676987171173096,97.0241553865409,-14.2736900539049,48.6730276859672,3.47662019729614,-9.93019771575928,-3.45629382133484,-1.44488937976259,69.7986661850333,-45.6556823370874
12.005,1.1617842912674,-11.4056968688965,-0.62170398235321,88.0700642525994,-17.2035970285776,46.7834695124616,1.96952450275421,-8.3925838470459,-3.011803150177,8.62882386528723,78.7805015473834,-32.5905003417151
12.01,1.45844268798828,-11.353401184082,-0.507290780544281,81.1987983249182,-19.3714802881194,44.5731178442079,0.660253942012787,-6.8378324508667,-3.05906009674072,13.6525535045576,77.5439367792876,-21.3941212825082
12.015,1.75904154777527,-11.2450590133667,-0.347440212965012,76.504033647964,-20.2186781697476,42.1657732750073,-0.214138105511665,-5.52488660812378,-3.61938047409058,13.5659023096522,65.8422312969792,-12.1764053371716
12.02,2.03315997123718,-11.0582132339478,-0.117637611925602,74.5462418846499,-19.0254065557059,39.8923960361873,-0.344377994537354,-4.94218015670776,-3.90900993347168,10.7426487388693,46.0883440851564,-4.60467533557529
12.025,2.21824860572815,-10.8472948074341,0.112855181097984,73.8196736815006,-17.5866733108196,38.2208472557047,-0.0193930361419916,-4.7845458984375,-3.84317660331726,11.695812736602,33.988226838372,2.60281092286802
12.03,2.31803107261658,-10.616156578064,0.346506863832474,73.545216190082,-15.7640595289165,36.5109845290728,0.472248286008835,-4.80246305465698,-3.78847622871399,14.2683112799335,27.1914526613262,9.80608380836709
12.035,2.32705235481262,-10.3679971694946,0.582359910011292,73.3562521765045,-13.5314064392491,34.4473794751369,0.982383072376251,-4.87223815917969,-3.92997860908508,17.3063743001133,24.3360032863432,17.1788444230254
12.04,2.19705104827881,-10.1439733505249,0.776566863059998,73.6032591376488,-12.1167427809979,32.4717677482782,1.4188244342804,-4.96230506896973,-4.10515022277832,18.915022160982,17.9312939204872,24.4316344724598
12.045,1.96533918380737,-9.93404483795166,0.9180828332901,74.0384104896703,-10.9151870012667,30.7654362294473,1.83590757846832,-5.16054487228394,-4.06157827377319,21.1993652685144,12.8487640364258,31.6611130862569
12.05,1.66325044631958,-9.74297332763672,1.02415895462036,74.5294327891025,-9.85980495373653,29.4623795697814,2.17230844497681,-5.46287775039673,-3.88740158081055,23.9940157146006,9.91167426406725,38.9304936651852
12.055,1.31141483783722,-9.57569980621338,1.10635578632355,74.9744469342855,-8.90627297956232,28.6939388919254,2.37427806854248,-5.87242984771729,-3.64477491378784,27.1985816712724,9.90662590049697,46.2925394205831
12.06,0.920634508132935,-9.41591548919678,1.12185800075531,74.7704086932097,-8.51082551718609,28.7457356314962,2.37135148048401,-6.27928304672241,-3.33733510971069,30.4047646752302,10.260691808013,53.5504316213275
12.065,0.593520045280457,-9.2475061416626,1.12173891067505,74.2017681240495,-8.81236385489017,29.2563674040355,2.31878542900085,-6.59811067581177,-3.02596116065979,33.7992218436594,10.7260274735241,60.0419731821018
12.07,0.347676157951355,-9.07618522644043,1.09621953964233,73.2101475999687,-9.71255290542023,30.2295498324518,2.22670531272888,-6.80259275436401,-2.7436888217926,36.9100724822767,11.1981361253709,65.4254326632575
12.075,0.21147333085537,-8.90890598297119,1.03105914592743,71.6896586982647,-11.1338896584905,31.7055263913349,2.10479354858398,-6.85086536407471,-2.53426313400269,39.1226098110648,11.5462461079307,69.1862304429149
12.08,0.198580637574196,-8.77136516571045,0.975302159786224,69.1907178771996,-12.7475423404735,33.3807293230235,1.97037780284882,-6.77990674972534,-2.46884441375732,41.6193444810279,10.0041755159967,75.1626186459194
12.085,0.24723744392395,-8.67990398406982,0.91670823097229,66.4107762434911,-14.1619464515362,34.866684788284,1.79144060611725,-6.67552375793457,-2.37956142425537,43.1778024043281,6.21705888303316,81.0926640154053
12.09,0.369583696126938,-8.6196928024292,0.847799301147461,63.3387005887919,-15.2406262743253,36.1535538996169,1.59097003936768,-6.5624098777771,-2.25382900238037,43.9348537417431,0.946960051532193,86.9777940609093
12.095,0.602879226207733,-8.56420230865479,0.754608988761902,59.8492457342916,-15.7308784699286,37.24263097787,1.41362547874451,-6.47740173339844,-2.08163595199585,44.1941891943393,-4.48096225357297,93.0540942710927
12.1,0.878913342952728,-8.54706764221191,0.692205250263214,56.2010538683856,-15.7136783460512,37.9403040657356,1.23359942436218,-6.47034454345703,-1.98976027965546,44.0988090176747,-9.28092934610503,98.8459649136693
12.105,1.14493525028229,-8.53079795837402,0.636369943618774,52.6346398574122,-15.5343209935412,38.3484727554409,1.04792928695679,-6.52021408081055,-1.94399988651276,43.5545453936622,-14.1568869889085,104.442690221469
12.11,1.38353788852692,-8.51387596130371,0.593613266944885,49.2178821213429,-15.1928012897569,38.5278232777617,0.858261466026306,-6.62584400177002,-1.93181478977203,42.6404338562827,-18.9283324921271,109.869931215205
12.115,1.56077146530151,-8.50546646118164,0.592869579792023,46.0743968388713,-14.5488032434839,38.5970301695269,0.670100510120392,-6.79655647277832,-1.93221497535706,41.5870206107808,-22.8046868272573,115.154489557179
12.12,1.67007112503052,-8.50926208496094,0.598592638969421,43.8096188082163,-13.8113127140781,38.4377501580822,0.477615028619766,-7.06218385696411,-1.91117107868195,40.8970963725287,-25.5057073326537,120.318194531978
12.125,1.7338879108429,-8.52382183074951,0.62917023897171,42.1974619376615,-13.2205047659666,38.1456263823753,0.316800802946091,-7.37911891937256,-1.88597071170807,40.5011605516268,-28.2018527905299,125.150307482952
12.13,1.7522736787796,-8.543044090271,0.689201593399048,41.0513903458793,-12.7653418134506,37.6811120471119,0.21076637506485,-7.73659944534302,-1.86087024211884,40.2979111974001,-31.3207135334964,129.599779576244
12.135,1.7030189037323,-8.53989887237549,0.781762599945068,39.7269893450571,-12.1541320902882,36.7639644906464,0.231356024742126,-8.12801361083984,-1.83844375610352,39.884128092197,-35.6872432246018,133.639262734416
12.14,1.6252509355545,-8.51894855499268,0.884854972362518,38.6158849067307,-11.7276695926646,35.4947821541692,0.356846690177917,-8.55769729614258,-1.85358893871307,39.6375924141054,-39.835394692469,136.875174136736
12.145,1.52737867832184,-8.49591732025146,0.965014576911926,37.4961675998609,-11.3152713083157,34.070066165007,0.535617113113403,-8.98793697357178,-1.91507196426392,39.6262679604615,-43.002437297388,139.367537485631
12.15,1.41727423667908,-8.47420883178711,1.01268064975739,36.2738608516575,-10.8569852518017,32.5763789256061,0.747307300567627,-9.39144897460938,-2.01600098609924,39.931454472956,-44.9962344029118,141.304510832355
12.155,1.3398152589798,-8.43833637237549,1.0491259098053,34.809598067201,-10.3390520070396,31.2046208081737,0.957676291465759,-9.65353488922119,-2.06554985046387,40.9578474901014,-46.6224443876839,144.211931116732
12.16,1.25394642353058,-8.42473220825195,1.06158232688904,33.2563003518188,-9.71889388229094,29.9415890570441,1.06025409698486,-9.79860591888428,-2.05181360244751,42.2897138876863,-46.2194598115586,147.081607775756
12.165,1.16497611999512,-8.42617321014404,1.07009494304657,31.5905469868469,-9.30417333362423,28.8097754851542,1.11031901836395,-9.88156604766846,-1.99297285079956,43.6074417936894,-44.3785496604163,150.028192364835
12.17,1.07549285888672,-8.43957614898682,1.08424258232117,29.8019048583282,-9.29410478101398,27.8396905475265,1.12699437141418,-9.92384910583496,-1.89955365657806,44.7293754969448,-41.4138821455102,153.104673491549
12.175,0.984760403633118,-8.46308612823486,1.08995389938354,28.0374347692821,-10.1462793092261,27.2357600984721,0.981872320175171,-9.85182952880859,-1.83341455459595,45.4360917552715,-38.8012186747644,156.098072197199
12.18,0.903154611587524,-8.49196529388428,1.13259840011597,26.7685768667905,-11.8241084486506,26.7067943906531,0.773544132709503,-9.77694988250732,-1.79347264766693,45.6104528244036,-38.0024109758585,158.700387931352
12.185,0.835013449192047,-8.52346324920654,1.18033623695374,26.0466531922768,-14.1594312343744,26.2099613077845,0.547316133975983,-9.74969863891602,-1.76222896575928,45.2935013110637,-38.7477143879011,161.006806210282
12.19,0.784614086151123,-8.55555438995361,1.20813703536987,25.9460035246675,-17.0586604143899,25.7131350551051,0.338152438402176,-9.81317138671875,-1.72628784179688,44.4878258569473,-40.9169790532026,163.074973830583
12.195,0.74552971124649,-8.5949764251709,1.25235497951508,26.5447805959931,-20.5489656274419,25.1595260247608,0.221542030572891,-10.0425043106079,-1.80972290039063,43.747515313188,-43.9336721190167,165.012848762278
12.2,0.739623129367828,-8.61799621582031,1.31077873706818,27.2950973668866,-23.6453021140729,24.4297749534583,0.169310435652733,-10.3080015182495,-1.9962899684906,43.4931624835913,-46.9025402002624,166.70632586509
12.205,0.746160209178925,-8.63129138946533,1.3807133436203,28.1143768502823,-26.2893673795278,23.5409043801566,0.14970850944519,-10.5600080490112,-2.22560524940491,43.4860215208141,-49.5984534317069,168.252475787506
12.21,0.740047574043274,-8.64250755310059,1.45965790748596,28.9041789447676,-28.3731249066099,22.5020599281543,0.125356212258339,-10.7350978851318,-2.42508959770203,43.4451394235369,-51.7175537726492,169.761920273322
12.215,0.701424896717072,-8.6557731628418,1.56022930145264,29.2330013268849,-29.2284729114652,21.4722262032146,0.0101880636066198,-10.7629528045654,-2.38606762886047,43.8063642230768,-51.0169368732513,171.312209290375
12.22,0.676390767097473,-8.66956233978271,1.67317056655884,29.3068493321911,-29.2755773110762,20.5096886246197,-0.154251635074615,-10.7246208190918,-2.29844403266907,44.281957125174,-49.5632950329542,172.698218597511
12.225,0.672293186187744,-8.64799118041992,1.79027950763702,29.0543884649945,-28.6168516694053,19.6300046557517,-0.350220918655396,-10.6510038375854,-2.22459936141968,44.6689317378848,-48.3504924929809,173.840963887167
12.23,0.700406014919281,-8.51951026916504,1.89742863178253,28.2844314851427,-27.3278139730109,18.865243742311,-0.551795542240143,-10.5884056091309,-2.26419019699097,44.6036385445141,-49.0694382050164,174.586793223776
12.235,0.662687838077545,-8.5409574508667,2.02181077003479,27.277166412768,-24.6860573114955,17.6250316531984,-0.64960253238678,-10.5742073059082,-2.3030469417572,43.6347044937615,-52.6734182564249,175.667206207067
12.24,0.635028541088104,-8.57062721252441,2.18081045150757,26.0771960906978,-21.4631300987874,16.2678781877587,-0.71006053686142,-10.5887956619263,-2.36749815940857,42.4394760305226,-57.5827362506821,176.677350204177
12.245,0.623184382915497,-8.59362411499023,2.36547946929932,24.7629754868336,-17.9502767237379,14.8643648133276,-0.729549169540405,-10.6309013366699,-2.45604062080383,41.2370519629931,-63.1362196308469,177.634683178624
12.25,0.617742657661438,-8.61754417419434,2.54579830169678,23.536131785474,-14.6878266213976,13.4852258227233,-0.669660091400146,-10.7064628601074,-2.55691647529602,40.4178732248876,-68.0434100211776,178.732390200894
12.255,0.625198304653168,-8.62400531768799,2.73438572883606,22.4307151871789,-12.0843096277241,12.3266131498513,-0.59021407365799,-10.8076114654541,-2.62232089042664,40.5771771419944,-70.8783893192181,180.131813999559
12.26,0.629859089851379,-8.62148857116699,2.91865921020508,21.299432662497,-9.83283168293051,11.2767746546062,-0.51672101020813,-10.9129886627197,-2.69491124153137,41.1806482608272,-72.7511588877439,181.536701949561
12.265,0.631564021110535,-8.613112449646,3.09123229980469,20.0658748851833,-7.77977244107305,10.3599720226937,-0.459857791662216,-11.0176687240601,-2.78180003166199,42.031037548345,-74.0680603408573,182.927697294791
12.27,0.645253658294678,-8.60494422912598,3.23021554946899,18.5207768118997,-5.51513485618294,9.80118229386396,-0.443940460681915,-11.1200304031372,-2.87352085113525,42.7421217126459,-75.6152757727836,184.510620955698
12.275,0.633013486862183,-8.57031631469727,3.30512642860413,16.8790161939348,-2.65553486061865,9.31296378708603,-0.480487316846848,-11.1780481338501,-2.91911602020264,43.3650110592889,-77.2053233209951,186.251526892107
12.28,0.627689599990845,-8.52595520019531,3.33684897422791,15.0557023176418,0.770150359582658,8.78897728717204,-0.590428471565247,-11.2032670974731,-2.92300343513489,44.129855642547,-78.5201142456551,188.093847477313
12.285,0.636366546154022,-8.47708129882813,3.33316993713379,13.0321452241305,4.7717934159794,8.17901663485416,-0.780056893825531,-11.2038288116455,-2.88714599609375,45.0768750313476,-79.4936074476786,190.03590248478
12.29,0.623663544654846,-8.42189598083496,3.30974173545837,10.9376429557104,9.36626914468975,7.38280867670108,-1.02380967140198,-11.2213172912598,-2.82552766799927,45.8594166347451,-80.5408735229275,192.194474488935
12.295,0.613497197628021,-8.3331823348999,3.23948407173157,8.97317041361436,14.2308408621468,6.44954699643617,-1.28265118598938,-11.2766036987305,-2.76632356643677,46.3780397286133,-82.4357592439858,194.163153573786
12.3,0.598138451576233,-8.23599720001221,3.15041589736938,7.16715143007345,18.979178127856,5.32984548437883,-1.51828050613403,-11.3684434890747,-2.70274305343628,46.712479941323,-85.1056187188413,195.683266815086
12.305,0.57268351316452,-8.14154624938965,3.05552792549133,5.54141400901456,23.3816721800361,3.98651162606423,-1.70834279060364,-11.498948097229,-2.6328763961792,46.9110062197386,-88.4725468098207,196.592542578533
12.31,0.527480483055115,-8.02194309234619,2.94128489494324,4.06037756061698,27.0916516447213,2.4056905962044,-1.83752059936523,-11.6814098358154,-2.59122037887573,47.2691642643412,-91.0490580892896,196.876159353629
12.315,0.481585264205933,-7.88200998306274,2.82871317863464,2.55137127412478,29.942890208081,0.818214454132891,-1.8804897069931,-11.8419303894043,-2.55822515487671,48.103062060108,-94.6470173289447,196.669354885939
12.32,0.415732264518738,-7.74214363098145,2.72632813453674,0.993254753561423,32.0466738498095,-0.711813340355609,-1.86947989463806,-12.0107440948486,-2.52305293083191,49.4411849109727,-98.1334737303994,195.883637244578
12.325,0.313365757465363,-7.61858081817627,2.6415319442749,-0.633804522545277,33.44581078053,-2.12985426034708,-1.82683837413788,-12.212423324585,-2.47694373130798,51.337074669839,-100.59986186988,194.413152157787
12.33,0.242677643895149,-7.48602437973022,2.58626556396484,-1.8091237314055,34.0067127453606,-2.93230202319379,-1.71762609481812,-12.3378944396973,-2.43009161949158,53.9966239741423,-100.222924220155,192.240974416805
12.335,0.145502343773842,-7.36424398422241,2.53995156288147,-3.5907337532869,34.5157599140125,-4.1157597226152,-1.61216700077057,-12.3616561889648,-2.37900495529175,56.8282394040166,-98.1630484495056,189.732245934659
12.34,0.032381035387516,-7.26219654083252,2.51172137260437,-5.78454355714445,34.7630810638586,-5.44009498286659,-1.52389323711395,-12.2881641387939,-2.32298874855042,59.6683891552588,-94.6419698191481,186.826109725845
12.345,-0.084668830037117,-7.19265365600586,2.51443815231323,-8.17840191782886,34.4648476839392,-6.61444014271815,-1.47100341320038,-12.1155319213867,-2.26079106330872,62.3122734207007,-89.8259009825345,183.415509405313
12.35,-0.201011210680008,-7.18752717971802,2.56864166259766,-10.5901604967806,33.2585713897178,-7.81568899082356,-1.58400857448578,-11.8006677627563,-2.2116072177887,64.5210951265803,-85.0517695074249,179.669628758803
12.355,-0.315189719200134,-7.21221876144409,2.64020347595215,-13.091108539688,31.5280268502792,-9.09967063968487,-1.75886237621307,-11.4693984985352,-2.12916493415833,65.9691157211905,-80.8664549802837,176.094502841543
12.36,-0.428732365369797,-7.26638650894165,2.73375868797302,-15.7412040084063,29.2897362932256,-10.4504703216491,-1.95351886749268,-11.1514625549316,-1.99925696849823,66.4417443211879,-77.5601243276206,172.629274668029
12.365,-0.54462081193924,-7.356125831604,2.86399745941162,-18.6622402748944,26.4811556763272,-11.8390947374633,-2.10134863853455,-10.8913631439209,-1.79483997821808,65.4640027415006,-75.7175237046587,169.11693184962
12.37,-0.684712529182434,-7.48231554031372,3.03974175453186,-21.8744936094771,22.9785936888096,-13.000845882259,-2.10874319076538,-10.7807083129883,-1.73279690742493,63.2781919429348,-75.3403811492581,164.804855841672
12.375,-0.843277215957642,-7.63750600814819,3.24863004684448,-25.1976726312753,19.3434116257252,-13.9808695989027,-1.9292004108429,-10.723876953125,-1.77855265140533,60.0372603515745,-74.9114384391922,159.73210166586
12.38,-1.02180433273315,-7.81702518463135,3.4743664264679,-28.5662536280339,15.7806398131267,-14.7030050092807,-1.53133404254913,-10.667628288269,-1.88487231731415,55.9515709636671,-73.8534421367572,153.992092649652
12.385,-1.2285258769989,-8.0122013092041,3.67557144165039,-31.8593285910653,12.6891886192995,-14.9058223540423,-0.820901215076447,-10.4919090270996,-1.93242394924164,51.5006508702716,-70.9816412889011,147.781702165683
12.39,-1.43766093254089,-8.19296455383301,3.83676481246948,-34.7443458549653,10.2263504706399,-14.712177953336,-0.061794962733984,-10.0863666534424,-1.818687915802,48.1504704031371,-66.9021537127601,142.141509534005
12.395,-1.73046314716339,-8.44288063049316,4.06140089035034,-37.202414824037,8.1150280076149,-14.3393418322071,0.535935163497925,-9.60078811645508,-1.65022349357605,44.2026791194776,-59.0177248443559,133.862145467412
12.4,-2.11760544776917,-8.7708625793457,4.35807228088379,-39.1194713391411,6.2279137611716,-13.8030823361282,0.945701241493225,-8.98381233215332,-1.45184254646301,39.5858605613317,-46.5845470830741,122.405978455576
12.405,-2.56763935089111,-9.13493251800537,4.66342544555664,-39.9821447218813,4.24800114956993,-12.9597110679826,1.25347530841827,-7.84597444534302,-1.23277390003204,35.6650451097993,-28.72879334726,108.473512699774
12.41,-3.03787708282471,-9.58273983001709,4.97461414337158,-39.4711304587484,2.26707062633852,-11.8423757895858,0.882675409317017,-6.61458301544189,-1.24627661705017,30.4371875832202,-10.0554830432682,91.6630716051062
12.415,-3.50448727607727,-10.1203985214233,5.23923301696777,-37.3604893070932,0.667243527896073,-10.5133652648475,0.0285888109356165,-5.53634548187256,-1.37279963493347,23.2409310095461,6.07690724324591,72.2036919050107
12.42,-3.95067691802979,-10.76136302948,5.43019008636475,-33.4588940078851,-0.341980608151236,-8.98138115477036,-1.23681426048279,-4.73667001724243,-1.56561231613159,13.8184007428893,17.9386944304529,50.1647307554143
12.425,-4.30853843688965,-11.5739994049072,5.48649835586548,-27.256979788676,-0.23071824063433,-7.19766956905872,-2.75399017333984,-4.5020956993103,-1.75137686729431,2.41740479751779,21.5634672852422,26.1332958494457
12.43,-4.56037998199463,-12.4259090423584,5.41298580169678,-20.5176184742461,-0.0027146074925533,-5.39562276740699,-4.02245855331421,-4.66343212127686,-1.94806385040283,-8.98742074954395,19.933876356831,4.03382904219996
12.435,-4.67112588882446,-13.180157661438,5.29442596435547,-10.5006244007245,-0.177037169265408,-2.79577315843099,-4.95534086227417,-5.08593082427979,-2.17695450782776,-20.3162508371358,14.7080610568138,-15.1025574153481
12.44,-4.60249137878418,-13.738410949707,5.181800365448,4.30371286819561,-1.21333380062469,1.0449274825101,-5.47324991226196,-5.71166324615479,-2.44411206245422,-31.5214732837706,6.44360857383967,-30.4847154545598
12.445,-4.13968420028687,-13.7291574478149,5.23247289657593,21.7607777899855,-6.05179904097012,5.89861497335966,-5.30815076828003,-6.51686334609985,-2.62430667877197,-42.5803350217758,-6.97902240712191,-40.6306541081011
12.45,-3.46935534477234,-13.1760854721069,5.40009593963623,39.101910922785,-14.5318609592476,10.7886705534969,-4.70496463775635,-7.35312366485596,-2.69785284996033,-51.9900031884518,-22.1018449937374,-47.6250341955717
12.455,-2.69147706031799,-12.1613607406616,5.63508701324463,55.1660684732644,-25.4454309132283,15.3193595724353,-3.80731606483459,-8.14474773406982,-2.67857551574707,-59.0704948858834,-36.3293902896097,-52.1900047877281
12.46,-1.87903487682343,-10.722113609314,5.90210676193237,68.9509645769538,-37.9799601440567,19.1537065366227,-2.71149158477783,-8.82875537872314,-2.57179570198059,-63.1380023102202,-47.5410706801048,-54.7515921038605
12.465,-1.21248054504395,-8.9622049331665,6.07929134368896,76.1721206052473,-47.6327010829151,21.5940392119672,-1.68082273006439,-9.12420272827148,-2.39926886558533,-62.9161850867349,-49.8148440698966,-55.2423446108205
12.47,-0.659929156303406,-7.20292663574219,6.07699537277222,77.7750225694767,-51.318394102459,23.3722840850219,-0.850663065910339,-9.19292449951172,-2.31414270401001,-61.1314225056647,-48.0539529999756,-55.2620701971435
12.475,-0.209735631942749,-5.54058361053467,5.8745379447937,73.9531150873152,-48.3564210971805,24.2807470559578,-0.268719226121902,-9.1486930847168,-2.29199314117432,-58.0643533796272,-41.6889645992378,-54.7486619527066
12.48,0.14485727250576,-4.10363245010376,5.43053674697876,64.5321600330357,-37.380290025497,23.9915739219723,-0.0140238283202052,-9.12576770782471,-2.30697751045227,-53.9689856136659,-29.6502849040376,-53.5830970010331
12.485,0.329260051250458,-3.20134520530701,4.80533170700073,50.0213821602086,-17.5660649225464,21.7446944020374,-0.058945070952177,-9.30782699584961,-2.17762732505798,-49.4228731738079,-16.2296974302984,-50.8121473113669
12.49,0.393023818731308,-2.73554992675781,4.22599411010742,33.750737745836,5.55804039700167,18.1392339071263,-0.724186182022095,-9.6124267578125,-1.88853967189789,-43.9542822148372,-4.56164172870963,-45.106760524061
12.495,0.363830924034119,-2.64260697364807,3.58311295509338,16.5310231783645,30.2601832308794,13.268706264713,-2.06460809707642,-9.98098182678223,-1.34924709796906,-36.7819108126906,5.25924608779664,-35.9541738475551
12.5,0.279131323099136,-2.85151600837708,2.63879370689392,-0.551938568844592,54.0070058616807,7.11407744512787,-4.22147130966187,-10.3179006576538,-0.363620728254318,-26.295714332814,13.1891507825816,-22.1598537903583
12.505,0.200374707579613,-3.64279627799988,1.76125705242157,-15.7240585260423,72.5802812150885,-0.209164578192363,-6.39887857437134,-10.2109699249268,0.565658986568451,-12.3004936526915,18.0350342486959,-7.40311995174541
12.51,0.202494010329247,-4.76898145675659,0.935642302036285,-28.9353143620991,86.3504753365894,-8.16499511026177,-8.31974506378174,-9.68196487426758,0.101802550256252,-3.90767416756935,23.0795575451208,2.82933905588996
12.515,0.289770752191544,-6.18971014022827,0.143551766872406,-40.0074471576616,95.0203076576534,-16.55998659554,-9.87224674224854,-9.09987449645996,-1.76940929889679,-4.50917861880794,28.4972533494911,6.23772447414068
12.52,0.455153614282608,-7.90432977676392,-0.660083055496216,-48.2455978628024,97.1266150542803,-25.0662751595699,-10.7983417510986,-9.52536964416504,-4.73117733001709,-21.4768417035462,33.6360896055228,-2.49349716029656
12.525,0.564726412296295,-10.0837097167969,-1.34628164768219,-54.3167446952571,92.4259490938833,-32.5917980776574,-11.1376523971558,-11.5113353729248,-5.17262649536133,-46.2186299435744,13.1979224530232,-23.0400039196372
12.53,0.527844071388245,-12.7280321121216,-1.84532725811005,-58.0733419085749,85.3339929239298,-38.5505234114683,-9.99952125549316,-14.3036203384399,-3.56337261199951,-73.4579332026784,-28.8174184668355,-47.2684573397621
12.535,0.37134200334549,-15.8347101211548,-2.12111616134644,-59.4644875179664,75.8238902406033,-43.2538668060199,-7.05551433563232,-17.593822479248,-0.34528860449791,-100.661531647896,-86.320046843837,-71.4578693985911
12.54,0.311097353696823,-19.3914947509766,-2.07488131523132,-58.4001527999817,59.3545966044101,-48.7411485776544,-1.66361093521118,-20.6968860626221,2.88916730880737,-121.284365771212,-134.890334824309,-86.3770311120824
12.545,0.558802485466003,-22.6439056396484,-1.8486350774765,-52.9434429550722,42.5733853042953,-49.9408678902725,3.23631882667542,-22.0049419403076,4.4210205078125,-124.80609326954,-144.280164706541,-88.2773126825851
12.55,0.992232203483582,-24.8182334899902,-1.50425004959106,-45.2271391930879,27.0305709705211,-46.2260509441076,6.23114776611328,-21.5939083099365,4.50653457641602,-114.485390565706,-125.728086845222,-80.7168670072712
12.555,1.55014479160309,-25.4163722991943,-1.03651928901672,-36.2828391353215,13.4260994363995,-36.9259834079482,6.85965633392334,-19.3752861022949,3.14080715179443,-90.8072830530495,-82.783115344416,-64.8364381303706
12.56,2.03229570388794,-22.8507194519043,-0.263175815343857,-29.0631174467537,2.78663116367034,-19.6277131272851,5.79445648193359,-14.8621139526367,-0.0585185289382935,-52.1511273509724,-19.9167803933384,-42.3424258726059
12.565,2.11472749710083,-18.9512386322021,0.640601873397827,-23.4400515144194,-6.32171531036433,-1.34001139817022,4.32475519180298,-11.4157838821411,-2.39493703842163,-19.3485701260959,41.7893410592804,-28.7714068974917
12.57,1.86444079875946,-14.8892507553101,1.52950954437256,-17.9407998362645,-14.5262499588445,15.0407920146836,2.8831627368927,-9.01035499572754,-3.4169487953186,5.4997336333782,92.4655027193668,-24.6738227351447
12.575,1.31719255447388,-11.3142671585083,2.31831192970276,-11.7249375169966,-22.1087639753666,27.7151949819774,1.6520254611969,-7.66925668716431,-2.87811875343323,20.6455035211708,125.612711289762,-30.551996232979
12.58,0.812812149524689,-8.95242404937744,2.86802673339844,-3.53299176093044,-29.085827825744,33.7141654979252,-0.224328249692917,-7.01972961425781,-1.94627034664154,22.5301951848929,129.041384290839,-40.7450597766988
12.585,0.562447547912598,-7.41491937637329,3.15088939666748,3.97687294848487,-33.5984347726285,35.5901589157392,-2.79404544830322,-6.57753658294678,-1.48687255382538,17.0128930243089,120.309137701139,-45.3511685982261
12.59,0.509271085262299,-6.07082033157349,3.33557772636414,9.69055201232997,-34.5951198819789,34.0514538995188,-5.65227508544922,-6.27074098587036,-1.49460029602051,6.41108022480431,102.61299182585,-45.1478885081482
12.595,0.620125412940979,-4.42979574203491,3.55033421516418,12.611339830687,-31.0237266631005,29.452721682295,-8.49445343017578,-6.050377368927,-1.99381470680237,-7.74201600911487,77.9486801291243,-40.4596432467569
12.6,1.08983039855957,-3.2141580581665,3.8009626865387,11.2272762736911,-19.4025593563902,21.835672521782,-10.6568717956543,-6.17359447479248,-2.27559375762939,-23.1834857035317,43.6790221761911,-36.1087307831887
12.605,1.5949375629425,-2.39969205856323,3.94542455673218,8.4317643699959,-5.03201380495996,12.8868551476533,-11.914852142334,-6.41868352890015,-2.12936878204346,-34.9003405454192,7.6304815812895,-34.9644691915365
12.61,2.08784580230713,-1.9961701631546,3.857581615448,4.42858665547002,10.2932299754453,3.0172465245803,-12.1907119750977,-6.64887046813965,-1.90640461444855,-42.2784406604612,-22.9187987977208,-36.0336430985482
12.615,2.50781083106995,-2.04748106002808,3.36108303070068,-0.619121270016189,24.3917547054434,-7.32762928594384,-11.3113040924072,-6.69116497039795,-2.0421314239502,-44.2124292145178,-38.4014750234002,-38.238636483398
12.62,2.74886608123779,-2.60760879516602,2.3153293132782,-5.94663333765896,35.6229574841336,-16.6421691391809,-9.57458019256592,-6.51266241073608,-2.55254721641541,-44.8851652817237,-36.7801964352089,-38.6541510415557
12.625,2.79560089111328,-3.52833819389343,1.09050536155701,-10.1109510095179,45.4234183392665,-24.3471433248795,-7.72886323928833,-6.46893644332886,-2.85817694664001,-46.1904793189102,-34.5971211274057,-38.2677740703972
12.63,2.62441945075989,-4.74428606033325,-0.214891374111176,-12.858791607901,53.5760721514717,-30.0638699337548,-5.97800493240356,-6.58550834655762,-2.9390013217926,-47.763465054575,-32.0773721350342,-37.4732079189659
12.635,2.16929793357849,-6.17824411392212,-1.46168255805969,-13.7130476362628,59.3449592074912,-32.9265456488798,-4.63945913314819,-6.89018154144287,-2.7944221496582,-48.7415481437208,-27.8707883988175,-36.8694704227555
12.64,1.50182902812958,-7.54807996749878,-2.44498562812805,-14.1014600037939,65.5498035778543,-36.0747198562166,-2.56283783912659,-7.39615392684937,-2.53108596801758,-43.299909111215,-16.776255997872,-37.0494971338042
12.645,0.822906374931335,-8.80282020568848,-3.20481705665588,-14.2386306928952,67.2487858131383,-38.1792821395106,-0.714249968528748,-7.92572259902954,-2.19795989990234,-36.2334090562981,-3.29580042195364,-37.0474685676207
12.65,0.176366150379181,-9.90351486206055,-3.72663927078247,-14.4644162562884,63.6224403072926,-39.0852008649806,0.658491551876068,-8.47116661071777,-1.78327965736389,-29.4786764011411,9.54842260589117,-36.7176114118441
12.655,-0.380376994609833,-10.7413816452026,-3.93197107315063,-15.6975095807385,53.5997694927971,-38.7158276497609,1.14253175258636,-9.07608795166016,-1.2276029586792,-26.9543084933434,14.5439521016259,-35.9572542628707
12.66,-0.984956502914429,-11.2418327331543,-3.83219432830811,-18.1140885656969,40.1628886027927,-36.7934094361583,0.845355153083801,-9.67502593994141,-0.820783674716949,-27.7546973810421,11.8814120282397,-34.8431684469716
12.665,-1.60100698471069,-11.5238275527954,-3.54765295982361,-21.0170538591885,25.83019766729,-34.0295597281343,0.217332482337952,-10.1287326812744,-0.7475466132164,-29.068028352767,9.03980403160971,-33.0023300128156
12.67,-2.21369910240173,-11.6266222000122,-3.11510229110718,-24.1856691151639,11.5729495862645,-30.5933598585926,-0.631936609745026,-10.3855981826782,-1.04781723022461,-29.8375447854173,8.56676988913037,-30.3464826710425
12.675,-2.79019546508789,-11.6144676208496,-2.58572340011597,-27.2869369983757,-0.594737014431568,-26.5622163613969,-1.641357421875,-10.3440265655518,-1.72318983078003,-27.9435384512146,14.8723066157851,-26.8367865509368
12.68,-3.24323463439941,-11.4900197982788,-2.09019660949707,-29.689568737049,-9.47160005320146,-22.4121234122582,-2.74938011169434,-10.1423768997192,-2.26159000396729,-23.3262366571849,23.9950521958072,-23.9128662370717
12.685,-3.56009912490845,-11.3152017593384,-1.68057036399841,-31.2501747548431,-15.9971482720797,-18.4085431434581,-3.84297156333923,-9.83413887023926,-2.56446743011475,-18.0246284554954,31.538101379305,-21.8247339738262
12.69,-3.7521026134491,-11.0933618545532,-1.34831976890564,-31.8315638720892,-20.412025457225,-14.6918888764065,-4.85557413101196,-9.43031024932861,-2.61458992958069,-13.3620348233057,35.1346809207478,-20.7012686006494
12.695,-3.97877407073975,-10.6935873031616,-0.860640823841095,-30.9411155250892,-22.6455639101636,-11.6188313820141,-5.56916999816895,-8.89842319488525,-2.6039936542511,-14.488868333517,28.3370529700558,-20.6770487498525
12.7,-4.06613206863403,-10.2780904769897,-0.460410863161087,-28.945658683597,-23.6668189175057,-9.196466373055,-5.99504709243774,-8.41921806335449,-2.76218557357788,-19.9162544687723,16.0611727578121,-21.42041921836
12.705,-4.06307125091553,-9.89394760131836,-0.122375756502151,-26.3492852140218,-24.1003771279034,-7.34101474916977,-6.24031591415405,-8.05800247192383,-2.99903106689453,-25.5518623359701,4.17028256143847,-22.3135569523457
12.71,-3.98880052566528,-9.57216739654541,0.158346369862556,-23.4031992287526,-24.2893974905416,-6.05086202439336,-6.35385417938232,-7.85462474822998,-3.26253271102905,-29.2915497084502,-4.36507870279359,-23.0493305429489
12.715,-3.81499266624451,-9.39232540130615,0.291909694671631,-20.4410571762921,-25.0648578953171,-5.52591502912733,-6.37853288650513,-7.78797340393066,-3.39434742927551,-31.929641973476,-12.1609076379449,-23.818939183153
12.72,-3.58107304573059,-9.30300331115723,0.206978932023048,-17.6145831713156,-26.28155193557,-5.65833446788731,-6.37475204467773,-7.75226974487305,-3.4597487449646,-32.670925819192,-14.7852712227389,-24.1328290641974
12.725,-3.29786443710327,-9.31160163879395,-0.0699637159705162,-15.1209835581815,-27.5681222261268,-6.28978289533405,-6.30270004272461,-7.79650115966797,-3.48024392127991,-32.3108280008652,-14.3648133151694,-24.3482566457142
12.73,-2.97096252441406,-9.43000411987305,-0.529596328735352,-13.1376067600101,-28.6332748592646,-7.32478878102276,-6.12650918960571,-7.96455049514771,-3.47020196914673,-31.4150145402722,-12.4057536979906,-24.7435435986449
12.735,-2.64271974563599,-9.77761745452881,-1.14130163192749,-12.4168442176554,-30.0787973121859,-8.07759600964229,-5.66287088394165,-8.28851509094238,-3.48748087882996,-30.6868378275734,-10.5821674679044,-25.6882373080331
12.74,-2.28633689880371,-10.2085018157959,-1.76921820640564,-11.861227111695,-32.8783996454203,-8.85723819773715,-5.02969932556152,-8.68499565124512,-3.41484832763672,-30.5664830642086,-8.80995450566044,-26.3944156889626
12.745,-1.92162752151489,-10.6633424758911,-2.31005430221558,-11.4379850482651,-36.9214788981906,-9.28773733716024,-4.2932710647583,-9.11369705200195,-3.27669405937195,-30.454997301481,-6.99932727886389,-26.9586166351623
12.75,-1.57284438610077,-11.0694570541382,-2.62733459472656,-11.1161268977802,-42.1647248409697,-8.86985697222875,-3.52891325950623,-9.52646923065186,-3.09862279891968,-29.6005474665016,-5.03452304570629,-27.4912108809778
12.755,-1.25242900848389,-11.2698831558228,-2.58070826530457,-10.1685525561096,-48.6878765172228,-7.18265595948938,-3.01518869400024,-9.85457515716553,-3.12257480621338,-27.9040087313932,-2.07205997435478,-27.9182957795896
12.76,-0.95434045791626,-11.3331279754639,-2.34991121292114,-9.11807799949806,-55.4658898721659,-4.72064340994565,-2.80425953865051,-10.1146459579468,-3.17329454421997,-25.0915485670462,2.83885393629061,-28.0778592438848
12.765,-0.680525124073029,-11.2838001251221,-1.98394501209259,-8.46226884860282,-62.0371602311218,-1.61210767184842,-2.91375017166138,-10.2597284317017,-3.21969795227051,-21.3713682148356,9.57350220674982,-27.9291677332009
12.77,-0.437861382961273,-11.1494607925415,-1.54250657558441,-9.13038941547701,-67.6132105563043,2.01998938688696,-3.40529227256775,-10.1870107650757,-3.22088289260864,-17.0712330851046,17.987468811316,-27.3796516937167
12.775,-0.255446881055832,-10.9890518188477,-1.09933471679688,-11.5057789446457,-70.5132610665675,5.63180046362228,-4.05312156677246,-9.83471298217773,-3.31982755661011,-14.7747202880185,22.5567834037844,-27.0858835499672
12.78,-0.0925701335072517,-10.8257465362549,-0.721483886241913,-14.4869456352656,-71.4278165662431,8.93600735434032,-4.6330509185791,-9.45704078674316,-3.40646934509277,-13.8725188930042,23.8018073611673,-27.1620982158208
12.785,0.0637885481119156,-10.668529510498,-0.433591306209564,-17.7208592072537,-70.3980699262153,11.7969311259431,-5.08105850219727,-9.12164878845215,-3.45133924484253,-13.9493004645589,22.2688175057348,-27.5877829256527
12.79,0.236107811331749,-10.5356693267822,-0.291123420000076,-20.6040459804561,-67.1159932752949,13.8840516674178,-5.280433177948,-8.93675899505615,-3.40493416786194,-14.1073988532772,19.1052190237048,-28.2935173442861
12.795,0.521985292434692,-10.3275632858276,-0.104689672589302,-22.5754315277659,-61.7560911165866,15.0881508388412,-5.25821876525879,-8.89168834686279,-3.33717346191406,-13.9647383996304,16.7670574406072,-29.0264427460054
12.8,0.833743691444397,-10.1155586242676,0.0703680887818336,-23.5748043165546,-54.9774664597128,15.6405406804187,-5.03899240493774,-8.89338397979736,-3.26978230476379,-13.9402581478715,15.0911817352854,-29.6117353163621
12.805,1.1482834815979,-9.9263916015625,0.212191805243492,-23.581841118947,-46.8588748008985,15.5779197985607,-4.60947322845459,-8.93630218505859,-3.20816850662231,-14.1022864566834,13.8664383170956,-30.0409136679544
12.81,1.44548451900482,-9.81348323822021,0.274119168519974,-22.5619077532092,-37.1087046286244,14.8402559531048,-3.88311004638672,-9.08762836456299,-3.15584421157837,-14.3507397103845,12.2706158439409,-30.4492770180512
12.815,1.72803616523743,-9.69690322875977,0.275397658348083,-20.7846139839965,-26.2862425679825,13.5620483754131,-3.12027955055237,-9.30907821655273,-3.14136838912964,-14.0828050496233,10.7588516551279,-30.8125542894366
12.82,1.96210169792175,-9.58845520019531,0.204519957304001,-18.6756718418973,-15.4514366479631,12.030978656911,-2.52278804779053,-9.52365589141846,-3.09278202056885,-13.3241358111486,10.5706406699063,-30.6903041485771
12.825,2.12490344047546,-9.48961734771729,0.0553664676845074,-16.4895400244405,-5.25485171483938,10.3806905477673,-2.15987777709961,-9.68966674804688,-3.0079517364502,-12.1306174565232,12.0518056112377,-29.9351447735622
12.83,2.13939142227173,-9.37773895263672,-0.171335831284523,-15.1741309676606,2.01074259141123,8.95241773759492,-1.98918759822845,-9.68701267242432,-3.07622790336609,-11.0014539980312,14.2294176214785,-28.7005573452311
12.835,2.11940741539001,-9.28115940093994,-0.431400805711746,-13.4987410595435,12.6162507367002,6.74357255294006,-1.80961441993713,-9.64976978302002,-3.14052438735962,-9.85113915122708,15.0618033841179,-27.6805437247706
12.84,2.07191395759583,-9.19641399383545,-0.704544603824615,-11.8117415373847,23.9302268703946,4.17888219649034,-1.68967962265015,-9.61010074615479,-3.16270399093628,-8.62827915770092,15.2816449753858,-26.7207638350531
12.845,1.99721467494965,-9.12432861328125,-0.977890491485596,-10.3036904101592,34.5341911794878,1.47965450902942,-1.6723564863205,-9.58351135253906,-3.12195253372192,-7.30773209111795,15.2602750210201,-25.7363269624319
12.85,1.86214315891266,-9.10083198547363,-1.1992734670639,-9.10671256471916,43.1857185935761,-1.04963977942888,-1.82057440280914,-9.54599761962891,-3.04803657531738,-5.99776114557792,15.333648328179,-24.6053295981478
12.855,1.71206247806549,-9.07091999053955,-1.41321957111359,-8.1509018686831,50.0721168053635,-3.57895893404462,-1.98971819877625,-9.42115116119385,-3.05183506011963,-5.35442050501254,15.4360550619523,-23.4478737885664
12.86,1.55716145038605,-9.03365898132324,-1.59744238853455,-7.17592310051504,55.2825061231402,-6.10498871224477,-2.11516928672791,-9.27407646179199,-3.07119512557983,-5.12524375269652,15.3152102325145,-22.473424360059
12.865,1.40525460243225,-8.98785400390625,-1.73238396644592,-5.97339956835577,58.7852115446303,-8.6248896763253,-2.14282131195068,-9.15523147583008,-3.0576012134552,-5.13464550808904,14.7566476074746,-21.8599026178626
12.87,1.18503797054291,-8.906418800354,-1.79698348045349,-4.75756698571191,60.1140658287913,-11.109082411425,-2.10025787353516,-9.15447807312012,-2.9995493888855,-5.0387910601639,12.551019015032,-21.3555016853936
12.875,0.984625339508057,-8.83603191375732,-1.82055294513702,-3.88420905267578,60.8581329765942,-13.6237838939999,-2.06969046592712,-9.18179702758789,-2.88045930862427,-4.65533314110198,10.5090665145387,-20.8707768203762
12.88,0.792072117328644,-8.77828598022461,-1.8234931230545,-3.41941425276959,61.1049896735768,-16.1916515690741,-2.06421232223511,-9.19780445098877,-2.76912021636963,-4.22148891653288,9.05665154697119,-20.2622462389158
12.885,0.592975318431854,-8.73615455627441,-1.8298487663269,-3.47764374987806,60.9263870569701,-18.8452449484212,-2.10220265388489,-9.15214538574219,-2.75255537033081,-4.03142310806482,8.77418053610885,-19.340117766998
12.89,0.45318540930748,-8.74877262115479,-1.82792663574219,-4.05249637608843,59.9504144962778,-21.2770979439111,-2.08419632911682,-9.11963367462158,-2.75694704055786,-3.84309515585371,8.78188157439804,-18.47504015767
12.895,0.243429243564606,-8.80542182922363,-1.80411422252655,-5.04304840245094,58.4435449917788,-23.6036482054196,-2.01647186279297,-9.181565284729,-2.70931029319763,-3.70122273528243,8.00405365530147,-17.9021238900893
12.9,-0.0215537250041962,-8.90084743499756,-1.75538921356201,-6.39467197598382,56.3670308803115,-25.7684834930443,-1.95528554916382,-9.30416202545166,-2.63425898551941,-3.53706618221376,6.7017039202147,-17.4665097927516
12.905,-0.30604162812233,-9.03029727935791,-1.67483592033386,-8.05249250312155,53.5594406408427,-27.6354354479445,-2.00725674629211,-9.42125225067139,-2.58322739601135,-3.21333143725443,5.42738698902896,-16.8644781362864
12.91,-0.596382021903992,-9.19539833068848,-1.6200966835022,-10.1964846147203,49.9303698895182,-29.1180082620186,-2.18419027328491,-9.40438079833984,-2.67042112350464,-3.10293765102046,5.08798848586868,-15.7642934628956
12.915,-0.891036927700043,-9.37357234954834,-1.56724417209625,-12.4950140251589,45.6677137153104,-30.1852526405897,-2.32218050956726,-9.35422897338867,-2.77187299728394,-3.1406212987753,5.25842902641718,-14.7721453067014
12.92,-1.18277788162231,-9.55160808563232,-1.51805400848389,-14.7519979561972,40.8783270126895,-30.8215257429114,-2.40126943588257,-9.30537700653076,-2.84155464172363,-3.18554665459764,5.63649579178984,-14.087251502773
12.925,-1.45087122917175,-9.69927215576172,-1.48672676086426,-16.5138315922236,35.7568360220551,-30.9533927901223,-2.41764616966248,-9.32192134857178,-2.78775477409363,-2.85239969551863,5.51647186571297,-14.0966481355236
12.93,-1.71481049060822,-9.78613090515137,-1.44898533821106,-17.7375931707202,31.4753012049813,-30.6773985061404,-2.5122857093811,-9.34564971923828,-2.77486419677734,-2.72227797508413,4.36761654495707,-14.0885313094687
12.935,-1.9749960899353,-9.83506393432617,-1.41787219047546,-19.2768685077364,25.7924489192946,-30.0640338582949,-2.64942336082458,-9.33879661560059,-2.83609986305237,-2.85019589229424,3.04822036524925,-13.9700121594433
12.94,-2.22610855102539,-9.85101509094238,-1.39591538906097,-21.1769673706787,18.6294758574459,-29.1420778486537,-2.80917906761169,-9.29574298858643,-2.9560239315033,-3.15122196581057,1.8982675184711,-13.7455900725633
12.945,-2.4429235458374,-9.83418941497803,-1.38186931610107,-22.7957409869919,11.8599447436784,-27.9753483497267,-2.93454241752625,-9.2280387878418,-3.02937626838684,-3.17399509716386,1.6460576607265,-13.529152476823
12.95,-2.62889409065247,-9.78576278686523,-1.38083076477051,-23.7595097071847,5.65480411386006,-26.649017820464,-2.99566388130188,-9.20182991027832,-2.99925851821899,-2.89091982800339,1.36840876341819,-13.4014518450058
12.955,-2.77941703796387,-9.7566967010498,-1.39148342609406,-24.3570795425745,-0.009480586881272,-25.1735466955795,-3.06246852874756,-9.20018291473389,-2.9251537322998,-2.65414470367914,0.780526163983848,-13.4078090435758
12.96,-2.8885805606842,-9.76937484741211,-1.4159414768219,-24.6735409898414,-5.08371577565601,-23.5528862395081,-3.16226148605347,-9.20792675018311,-2.83979535102844,-2.60318551605532,-0.25414424202274,-13.5365914066028
12.965,-2.9306116104126,-9.85787391662598,-1.47181355953217,-24.6869366983511,-9.24483691898339,-21.8271655211708,-3.31976866722107,-9.14411354064941,-2.85247564315796,-2.8741847973198,-1.96729127578913,-13.5365914066028
12.97,-2.87661695480347,-9.98032093048096,-1.51393711566925,-24.3092767561209,-13.2771552087163,-20.0746277726047,-3.52099347114563,-9.04356288909912,-2.89325571060181,-3.138138525012,-2.82454746474379,-13.649289527908
12.975,-2.77265977859497,-10.0970029830933,-1.55247557163239,-23.7191586571156,-17.6007195948477,-18.2943509182719,-3.71107220649719,-8.96328544616699,-2.89569807052612,-3.44178461640526,-3.59363786434462,-14.0660830389878
12.98,-2.63761472702026,-10.1857061386108,-1.59346616268158,-23.010014266539,-22.47798351133,-16.4783436368435,-3.86239147186279,-8.9331169128418,-2.82226467132568,-3.83626197847593,-4.69683721248039,-14.8977405327069
12.985,-2.42357158660889,-10.229603767395,-1.65260481834412,-22.3794768155728,-28.3513434333467,-14.5192114489048,-4.01026964187622,-8.92827129364014,-2.66676306724548,-4.75836184897657,-6.52986105645224,-16.015714433791
12.99,-2.25026440620422,-10.2639875411987,-1.67408394813538,-21.9004397905867,-34.3368260332311,-12.635192558816,-4.21130084991455,-8.87128734588623,-2.56762623786926,-5.7108381320372,-8.16821383690814,-16.9374279717168
12.995,-2.0451648235321,-10.2874116897583,-1.66065561771393,-21.5199914236278,-40.2664342706101,-10.7899426762298,-4.38174533843994,-8.78059864044189,-2.52303171157837,-6.62890648338024,-9.31949515547986,-17.7366659725404
13.0,-1.74860084056854,-10.2980527877808,-1.61237359046936,-21.2020495328583,-46.0030384375176,-8.95690858697421,-4.45308065414429,-8.66881275177002,-2.53486776351929,-7.45889698405502,-9.72115979754809,-18.4646565625843
13.005,-1.36510932445526,-10.3123807907104,-1.48454320430756,-20.6488793421681,-50.5055469497141,-7.26110836606979,-4.33252334594727,-8.69135093688965,-2.51906561851501,-8.05012925766873,-8.84014650311284,-19.8326153872909
13.01,-0.943689167499542,-10.3372774124146,-1.34135448932648,-19.943981621708,-53.7238501243541,-5.81355350498361,-4.17772197723389,-8.78552627563477,-2.51204371452332,-8.29747004430875,-8.09176609084913,-21.3770338567521
13.015,-0.485069364309311,-10.3653059005737,-1.1725240945816,-19.1387313468675,-55.4760429483671,-4.6611998467122,-4.02465629577637,-8.89884757995605,-2.55232429504395,-8.34151964181346,-7.16282621278154,-22.8177973753692
13.02,0.012695936486125,-10.3873672485352,-0.963159680366516,-18.2899539839937,-55.4208106236438,-3.88574968722044,-3.91866588592529,-8.96683692932129,-2.6919469833374,-8.34328780703485,-5.64593767454374,-23.7950010776594
13.025,0.46389564871788,-10.3473348617554,-0.676388204097748,-17.5197545324264,-53.6014292287654,-3.36218495148769,-3.85831618309021,-9.01994800567627,-2.85121059417725,-8.47042409447182,-4.00978549566105,-24.1208198840892
13.03,0.842229187488556,-10.2996950149536,-0.392171323299408,-16.8215982086771,-51.4216153362908,-3.1591212930291,-3.81252813339233,-9.06835269927979,-2.91145849227905,-8.43486442210544,-2.1023373491718,-24.6302239301252
13.035,1.15355575084686,-10.2462358474731,-0.126413822174072,-16.1084479121523,-48.2601495808291,-3.2196901299283,-3.77273964881897,-9.12250232696533,-2.89086604118347,-8.21620701488488,-0.327490495229186,-25.3734390118291
13.04,1.40469205379486,-10.1840047836304,0.097222812473774,-15.2145161686756,-42.6888838031602,-3.45666695827648,-3.72663044929504,-9.20173072814941,-2.82785248756409,-7.78684254063766,0.519515340689424,-26.3823364994154
13.045,1.58133316040039,-10.142128944397,0.252251148223877,-14.2767559550686,-35.4403728672409,-4.00511321938193,-3.66526460647583,-9.25874042510986,-2.83672475814819,-7.7354598812853,1.17331422817371,-27.0998393339888
13.05,1.70518493652344,-10.1159915924072,0.33512943983078,-13.0486315932397,-27.4328998484862,-4.89980823649837,-3.55571579933167,-9.3094539642334,-2.83215260505676,-7.69091167997119,1.8108035310545,-27.7475308050555
13.055,1.77130734920502,-10.1092281341553,0.3387810587883,-11.4178564807811,-18.9240431333283,-6.10521325471373,-3.39546203613281,-9.36066722869873,-2.7928900718689,-7.57360232720257,2.47280937107423,-28.4237280706232
13.06,1.75218725204468,-10.1358547210693,0.236705169081688,-9.11083287633597,-10.2836233143777,-7.53354412149409,-3.18453097343445,-9.42639923095703,-2.68500757217407,-7.28032851839421,3.2160018277765,-29.3364547871485
13.065,1.79943561553955,-10.1231718063354,0.0703017488121986,-6.56350784896419,-1.63203752351629,-9.0451145036894,-3.0267345905304,-9.52459239959717,-2.57047128677368,-6.60612993693236,4.34754005766547,-30.2077990950399
13.07,1.84529745578766,-10.0785617828369,-0.131109282374382,-4.12158459331675,7.75580701482277,-10.5863313219771,-2.9038360118866,-9.59367084503174,-2.47485828399658,-5.89459455325946,5.95531322743358,-30.8592181418461
13.075,1.85504460334778,-10.0106782913208,-0.356805562973022,-1.82439902259741,17.6204776245693,-12.1842959132103,-2.80604982376099,-9.60949230194092,-2.42340636253357,-5.26839299175576,7.9629675061229,-31.257261076107
13.08,1.7343682050705,-9.95253753662109,-0.586069583892822,0.490185441176331,26.0262036059018,-14.0190768233461,-2.70594668388367,-9.52095699310303,-2.5083122253418,-4.95639549999828,9.92629257643837,-31.4243787296243
13.085,1.56322610378265,-9.95745468139648,-0.748087584972382,2.87150629594809,33.0064452017906,-15.8947381232118,-2.68112301826477,-9.4560375213623,-2.5073516368866,-4.28111860242121,11.4179649100341,-32.016197545733
13.09,1.40644299983978,-9.9865083694458,-0.855268478393555,5.01028526566285,38.7705647857694,-17.6713300904873,-2.73100757598877,-9.41761207580566,-2.48723006248474,-3.63775064109915,12.7395108917832,-32.7593835991329
13.095,1.27898991107941,-10.0279445648193,-0.918347954750061,6.79985629990872,43.3365394157337,-19.2979840375555,-2.85067653656006,-9.39988422393799,-2.48734259605408,-3.18861319609157,13.9256680100307,-33.5052334263091
13.1,1.11877369880676,-10.0887079238892,-1.00279569625854,8.2980395113308,46.5764874598535,-20.7774081344221,-2.98363757133484,-9.3419303894043,-2.64420413970947,-3.13753191883634,14.4676810867116,-33.777976540246
13.105,0.95428729057312,-10.1183471679688,-1.02239525318146,9.67475463855338,48.7433035023375,-22.0605804058668,-3.0224449634552,-9.30249786376953,-2.73766851425171,-3.29283718707091,15.1011281982642,-34.2904251431046
13.11,0.762814939022064,-10.1093454360962,-0.996825754642487,10.9410930550149,50.2579252715445,-23.1579988526438,-3.01412963867188,-9.27408409118652,-2.76904273033142,-3.46787465837424,15.8423539873724,-35.1125135417965
13.115,0.532660841941833,-10.0563306808472,-0.93674647808075,12.0791664952791,51.3168094985716,-24.0474312090047,-2.98301696777344,-9.25297737121582,-2.73296403884888,-3.58661771053832,16.6293557042979,-36.2854243619223
13.12,0.29608616232872,-9.97267818450928,-0.892245352268219,12.7719653893982,52.1093197630627,-24.414688773129,-2.96729731559753,-9.23262786865234,-2.58258152008057,-4.0340753558969,16.0829422782442,-37.5764837943111
13.125,0.0277461875230074,-9.89966106414795,-0.863061487674713,13.270921807325,52.6542629908976,-24.5170955069023,-2.99485874176025,-9.16861629486084,-2.39805793762207,-4.89791584721145,14.6842168664212,-38.8043332410259
13.13,-0.261369675397873,-9.85043334960938,-0.844939649105072,13.7222991274935,52.9093739714922,-24.3914558846672,-3.02602052688599,-9.07711410522461,-2.23574614524841,-6.03263566459318,13.2238626577173,-40.0226887247945
13.135,-0.563786745071411,-9.83692073822021,-0.835170388221741,14.2395971646628,52.8232589464367,-24.0531036811104,-3.02942061424255,-8.96930885314941,-2.14185833930969,-7.33901094242202,12.3274182583997,-41.2737369090253
13.14,-0.811936497688293,-9.90471649169922,-0.863617718219757,15.0074299556827,52.1517079170518,-23.2758947479074,-2.91177988052368,-8.95284938812256,-2.09206676483154,-8.05309868241039,12.4655502966267,-43.0369502432641
13.145,-1.03132927417755,-10.0061359405518,-0.954136610031128,15.7569732076526,51.2586026264647,-22.4327710741191,-2.9451699256897,-8.95656967163086,-2.04749774932861,-8.07590639159636,13.461668500276,-44.8311521457672
13.15,-1.19580805301666,-10.1344137191772,-1.09365880489349,16.4757140140131,50.1712774917337,-21.456484324725,-3.1396484375,-8.93094062805176,-2.03169989585876,-7.61477470751941,15.0688418940576,-46.4664121311896
13.155,-1.26828479766846,-10.2831182479858,-1.26953434944153,17.1455557885581,48.9091370802908,-20.2523031910315,-3.5202431678772,-8.81147861480713,-2.07647228240967,-6.89298208726044,17.0238213269809,-47.6918812569787
13.16,-1.24565148353577,-10.3631572723389,-1.44216370582581,18.1027777724314,46.6893085245637,-18.6603688030619,-3.82555556297302,-8.58133697509766,-2.14953470230103,-7.16615166113369,18.9965507140099,-48.7359849546418
13.165,-1.12854957580566,-10.3392782211304,-1.61084949970245,19.4289682828161,43.5999285856024,-16.6900965765868,-4.01231002807617,-8.33657169342041,-2.29861068725586,-7.59752847986513,19.9649878685004,-50.0824542966723
13.17,-0.951755821704865,-10.2530641555786,-1.75229370594025,20.9192575031049,39.8898859416673,-14.3723384760874,-4.08989286422729,-8.13541316986084,-2.52598094940186,-8.19619626816404,20.05405182773,-51.6242943697218
13.175,-0.774811267852783,-10.1804513931274,-1.81955754756927,22.1941703682958,35.9561546024144,-11.7279795124982,-4.06915092468262,-8.08266735076904,-2.8391854763031,-9.08505488863469,19.5154521380868,-53.1284283834583
13.18,-0.660982668399811,-10.1713790893555,-1.6950478553772,22.5594591303918,32.6167487586955,-9.41873012015733,-3.96359944343567,-8.27266407012939,-2.98940205574036,-9.46692905758281,19.2905562068331,-54.3825091716805
13.185,-0.613725185394287,-10.2120304107666,-1.45584344863892,22.4969526542024,29.7863320270205,-7.45936741333411,-3.81841444969177,-8.50773143768311,-3.14575958251953,-9.8276168334992,19.1890715485977,-55.9922140043233
13.19,-0.617498993873596,-10.2793970108032,-1.15167701244354,22.275181534494,27.5455108848794,-5.84204948108773,-3.60848879814148,-8.79384231567383,-3.32833647727966,-10.1804362314917,19.3684869577156,-57.8919320842194
13.195,-0.630480468273163,-10.3139991760254,-0.893291354179382,22.4856555213152,26.2133917702952,-4.56968939909919,-3.23847031593323,-9.22489452362061,-3.53642416000366,-10.386756609524,20.3816772191953,-59.6969325158003
13.2,-0.655695855617523,-10.3373908996582,-0.572951197624207,22.9713878392353,26.4393805318161,-3.49073978383791,-2.84399080276489,-9.68092060089111,-3.50972962379456,-9.65784650526301,22.5053042680101,-61.1745346597058
13.205,-0.663930296897888,-10.3617849349976,-0.288454234600067,23.5444987672073,27.7461237860865,-2.64447571713534,-2.48935723304749,-10.0889282226563,-3.44681930541992,-8.79583906596697,25.196094857577,-62.1490728806724
13.21,-0.646380126476288,-10.3849630355835,-0.0630613937973976,24.1160148460081,29.9807431164612,-2.05518236347227,-2.19517087936401,-10.42005443573,-3.3906455039978,-7.9706429312027,28.2878431646331,-62.6108414798895
13.215,-0.59117728471756,-10.3843603134155,0.092473492026329,24.4586034743976,32.907171817299,-1.79691690269822,-1.99326252937317,-10.6126050949097,-3.34308385848999,-7.17303051540154,31.548206644182,-62.690126315775
13.22,-0.485908299684525,-10.399227142334,0.201266571879387,24.6764660183535,35.7900204961376,-1.95110650222055,-1.831498503685,-10.6948118209839,-3.16182351112366,-6.22874960557129,35.2097651902937,-62.7100089964489
13.225,-0.36685910820961,-10.4345245361328,0.287294834852219,24.7350280602972,38.4948266338814,-2.39252391247532,-1.75149023532867,-10.7212352752686,-2.92033886909485,-5.38285074054589,38.2697275044999,-62.9398175412632
13.23,-0.247000947594643,-10.4923877716064,0.354185521602631,24.6503849410078,40.9126316377959,-3.05529046481386,-1.78965282440186,-10.7174472808838,-2.64645648002625,-4.67276976027938,40.4475299062638,-63.4309491237221
13.235,-0.133762076497078,-10.5711555480957,0.370711356401443,24.6861836699951,42.5861236070974,-3.68493956430112,-2.10243773460388,-10.7519178390503,-2.37578582763672,-3.69951305355582,42.4067525942091,-63.8016576409245
13.24,-0.0465734302997589,-10.6531352996826,0.402449637651443,24.7372820227233,45.1584206598484,-4.86686409969728,-2.44476175308228,-10.7631950378418,-2.26523733139038,-3.05470349543206,44.0816959787092,-64.3186278290136
13.245,0.0132791297510266,-10.7446126937866,0.442652374505997,24.8644174563866,48.0091947703445,-6.33005241001998,-2.74411368370056,-10.7802762985229,-2.25050139427185,-2.7645621821318,45.1941562095859,-65.1765064189564
13.25,0.0395684726536274,-10.8538179397583,0.490884453058243,25.0921974350174,50.8281197087409,-7.949050995689,-2.96439814567566,-10.8257427215576,-2.30053305625916,-2.82250929360677,45.5752875954617,-66.4893302491354
13.255,-0.0402421094477177,-11.0596313476563,0.594954192638397,25.2106260850362,53.6438276280382,-9.75901782857018,-3.1877326965332,-11.0248069763184,-2.37164855003357,-2.50634624022923,45.3912993746945,-68.1196895738283
13.26,-0.223396137356758,-11.4151182174683,0.679162681102753,25.607472028645,56.2918714786847,-11.8392928129492,-3.53892779350281,-11.2847270965576,-2.50967836380005,-2.19017806420981,44.8452496562141,-69.5696772629194
13.265,-0.497479885816574,-11.8987817764282,0.735919058322906,26.6857813136716,58.8848025329183,-14.0238212434983,-3.92050051689148,-11.5372257232666,-2.67561197280884,-1.95267125587072,43.8851367947746,-71.2648619130249
13.27,-0.858180165290833,-12.5013608932495,0.757500886917114,28.8080645227671,61.5088246082538,-16.1868192102363,-4.25672245025635,-11.7275047302246,-2.84010887145996,-1.86125344269833,42.4442264270903,-73.5589585306921
13.275,-1.24661099910736,-13.0213298797607,0.635391891002655,33.2492515965954,63.5473833585033,-17.5319037314126,-4.769944190979,-12.0885553359985,-2.92705225944519,-2.73208569984544,40.4271554519697,-75.8921921323035
13.28,-1.5925589799881,-13.4001607894897,0.447550386190414,38.7924043156405,65.4373376829808,-17.9658290644781,-5.13699245452881,-12.4315271377563,-2.83217239379883,-3.91367192743427,38.2117528588248,-78.4298464655842
13.285,-1.86921644210815,-13.6262235641479,0.217550441622734,44.9666562687111,67.3799800867159,-17.4461148478899,-5.39189147949219,-12.7199850082397,-2.62873148918152,-5.36207586641165,35.9719801507213,-81.0564435222367
13.29,-2.03757190704346,-13.6731586456299,-0.0282322522252798,51.2289356998048,69.6322622862843,-15.8460269215985,-5.56876277923584,-12.9039583206177,-2.40042495727539,-7.04262085980484,33.9245455696453,-83.6337471036494
13.295,-2.05442023277283,-13.6328163146973,-0.149951905012131,56.4744219446316,72.039432685661,-12.9692169837599,-5.75500345230103,-12.8496389389038,-2.25620079040527,-8.81050604343592,33.2690523149992,-85.5202726731636
13.3,-1.98265588283539,-13.5206069946289,-0.200734362006187,60.7450591948846,73.7469389970292,-9.49932549858983,-5.86484813690186,-12.6799421310425,-2.08788347244263,-10.7680792406966,33.0989259631525,-87.2686644969034
13.305,-1.83995985984802,-13.3539791107178,-0.138409614562988,64.0432824130029,74.2797483938035,-5.70613127792541,-5.84963941574097,-12.4525880813599,-1.85920143127441,-12.9432264064207,33.3350626782328,-88.9721888079855
13.31,-1.64574539661407,-13.1586427688599,0.134421661496162,66.2669529501381,72.70411937493,-1.99479794168066,-5.61304807662964,-12.2579307556152,-1.50646233558655,-15.4009086160307,33.9657486858134,-90.7446570485496
13.315,-1.47663533687592,-12.9346923828125,0.596740305423737,67.749472830246,68.6492546307469,1.44447337855345,-5.27678108215332,-12.1938047409058,-1.15915775299072,-17.8893787570981,34.6964593986943,-92.6515297516013
13.32,-1.34281051158905,-12.6941709518433,1.07771944999695,69.3503803792378,63.4264685196266,4.41061215889548,-4.95137405395508,-12.1837768554688,-0.891648948192596,-20.2355641049231,36.1620165039986,-94.3891503670201
13.325,-1.25071287155151,-12.4389343261719,1.51754713058472,71.3592619575436,57.4114487666765,6.80971140910741,-4.64938306808472,-12.1985397338867,-0.722184658050537,-22.335753359601,38.3922576831153,-95.8910270032358
13.33,-1.21917355060577,-12.1686611175537,1.80060219764709,74.3431393794904,51.1482677506123,8.39015827266677,-4.36926889419556,-12.18288230896,-0.685724675655365,-23.9288096061418,41.3126519118214,-97.052760218785
13.335,-1.22723484039307,-11.9628210067749,1.8465416431427,77.4008921275001,46.5011880393487,9.14359644001087,-3.99931693077087,-12.1805582046509,-0.668571054935455,-24.8228574628344,44.2299076686039,-97.8001263479569
13.34,-1.2518230676651,-11.7682361602783,1.75942194461823,82.070863217767,40.7349886627676,9.89514008363395,-3.57052206993103,-12.2169542312622,-0.754157960414886,-25.1457649011305,47.0032957358038,-98.2157980004656
13.345,-1.28897857666016,-11.5795335769653,1.57920241355896,88.5212802095487,33.5770665258101,10.8234447541087,-3.13520073890686,-12.2855358123779,-0.92933052778244,-24.8861169673797,50.1271100734658,-98.2535143050624
13.35,-1.343297123909,-11.4248123168945,1.38830375671387,95.9988893506087,26.4904686392605,11.9371190511103,-2.90650224685669,-12.3304300308228,-1.04926514625549,-23.8627753372461,56.0487372347997,-97.6147276931261
13.355,-1.41362774372101,-11.2427635192871,1.23718547821045,104.331563043673,18.6357937824281,13.3024747199695,-2.89357113838196,-12.3656949996948,-0.965416014194489,-22.7150081510024,61.9735916605165,-96.537681993096
13.36,-1.43038749694824,-10.9924030303955,1.05694568157196,113.357050145009,9.77439429193917,14.7959058272766,-3.40105390548706,-12.3000631332397,-0.670322477817535,-21.9006908000386,67.2248118491515,-95.7758768440186
13.365,-1.36190760135651,-10.6491193771362,0.826598763465881,122.920510266132,-0.0471842041015443,16.3692638082511,-4.54149198532104,-12.0758018493652,-0.205257683992386,-21.6959575872148,71.7668125151291,-95.6777953275372
13.37,-1.15958333015442,-10.145788192749,0.575020313262939,132.056120507455,-9.54865824741754,17.9452650724344,-6.24733924865723,-11.5072603225708,0.0262642614543438,-22.967358027625,77.3446318593067,-96.8804891875389
13.375,-0.873978912830353,-9.57655906677246,0.287789314985275,139.318974840632,-16.6259611002804,19.0622571338254,-7.43241405487061,-10.8290004730225,-0.0908911600708961,-25.772287908412,79.8635578138832,-98.8514358951945
13.38,-0.532580316066742,-9.05772495269775,-0.0966398119926453,144.501818005486,-21.1636348414188,19.9902271250308,-7.8267560005188,-10.2234239578247,-0.362237215042114,-29.5923683149705,80.0412110341952,-100.791243770424
13.385,-0.148490786552429,-8.65978336334229,-0.591807723045349,147.407762969003,-23.0636466194492,20.8980309827118,-7.25978422164917,-9.80325222015381,-0.692558765411377,-34.1750769084014,77.9895246603609,-102.249045195926
13.39,0.247755497694016,-8.49653911590576,-0.759565532207489,148.541710975008,-24.1978370971703,22.4491857262419,-6.01642274856567,-9.79195213317871,-1.06141567230225,-38.8844172090443,71.2472331947771,-102.734917532724
13.395,0.615644931793213,-8.45305919647217,-0.73716127872467,150.221937510832,-26.3369054961511,23.7277886011319,-4.82332754135132,-10.0008859634399,-1.39426517486572,-42.0096385656754,65.3551636770764,-103.024551704478
13.4,1.07247042655945,-8.49583339691162,-0.52728396654129,152.550540244186,-28.6465851904097,24.7582387506442,-3.75020480155945,-10.2715702056885,-1.776970744133,-43.7376935011615,61.826373763146,-103.119423032049
13.405,1.71703279018402,-8.60347461700439,-0.120596051216125,155.64849548565,-30.4733124537404,25.5447623543278,-2.8598792552948,-10.4816465377808,-2.28092527389526,-44.1318568879738,62.0098053234959,-103.008801288252
13.41,2.3644962310791,-8.7958812713623,0.427611798048019,160.386775297806,-31.6617619542281,26.5057887535688,-2.32065176963806,-10.4360065460205,-3.04962253570557,-45.1426326775819,60.0252870299595,-102.619419033859
13.415,2.84492135047913,-9.04463672637939,1.0170294046402,166.734302319931,-32.9917329743184,27.9538349613884,-1.85445654392242,-10.3318738937378,-3.78627324104309,-46.2476616626416,56.1332642408732,-102.123731715223
13.42,3.13343954086304,-9.3062686920166,1.51265585422516,173.588984548307,-33.7820302575184,30.1257412023514,-1.39905047416687,-10.2240238189697,-4.45990705490112,-47.7300244483986,49.8284634671016,-101.525967219442
13.425,3.1840443611145,-9.52715110778809,1.73766028881073,179.605110791903,-33.1352933053883,33.3747563225943,-0.877060949802399,-10.1809854507446,-5.02676391601563,-49.9744246096648,40.2904458006373,-100.823571055766
13.43,3.01274418830872,-9.70760536193848,1.64909207820892,182.144260936612,-30.2193694354939,36.879391272525,-0.410546511411667,-10.2618045806885,-5.31108331680298,-52.5900592126995,30.8087908552039,-100.457069935092
13.435,2.7881600856781,-9.90846347808838,1.48428690433502,182.893163858347,-27.4547615764721,39.665097585893,0.330277174711227,-10.3925762176514,-5.6113486289978,-55.1711398887231,20.7719422755388,-100.344645021353
13.44,2.53923344612122,-10.1370916366577,1.27345585823059,182.003272171764,-24.2932872832739,42.2513828660642,1.26948714256287,-10.5238656997681,-5.91007947921753,-57.8784766115545,9.80673523765918,-100.343067247655
13.445,2.30048823356628,-10.4039726257324,1.04401397705078,179.41150224969,-19.3997231203374,45.7041732650999,2.24939823150635,-10.5698375701904,-6.14257383346558,-61.0727648410727,-2.82723770550313,-100.201279350675
13.45,2.02519917488098,-10.7594594955444,0.869607865810394,174.794321691518,-13.8038959824131,48.1701823290817,3.11042213439941,-10.4113988876343,-6.2812933921814,-63.5843961536156,-14.5431136959052,-99.2044405620682
13.455,1.75230813026428,-11.1179285049438,0.743023216724396,169.361097452069,-8.29200418542545,49.763334198271,3.75058031082153,-10.1153612136841,-6.42156982421875,-65.1439059260479,-24.5337065269638,-97.4350390764414
13.46,1.48134887218475,-11.4597492218018,0.660223245620728,163.46301053771,-3.28047817321118,50.5426519523802,4.16886043548584,-9.71358013153076,-6.60562324523926,-65.7892836705333,-32.7510883343859,-94.8215696433736
13.465,1.19698083400726,-11.7574481964111,0.61606901884079,157.639591251357,0.259648040472448,50.564436840738,4.37923049926758,-9.2648286819458,-6.92558908462524,-65.6459658111789,-39.188162551624,-91.0493244666672
13.47,0.936529159545898,-12.0193796157837,0.538960039615631,152.231939240161,2.89689005366821,50.0368457084895,4.57410860061646,-8.85538387298584,-7.38038063049316,-64.7891322401791,-45.6569186013272,-86.576841466062
13.475,0.740165591239929,-12.2416734695435,0.409557402133942,147.232472994144,5.5827507407583,49.3873800957859,4.83554315567017,-8.50576877593994,-7.76087713241577,-63.5493777737409,-52.7652194139645,-81.5687896722578
13.48,0.638948917388916,-12.4191932678223,0.222834765911102,142.656109646452,8.46300736280683,48.7863473544869,5.21871662139893,-8.24480438232422,-7.93928337097168,-61.4442998111647,-59.6851572696712,-76.1641702650534
13.485,0.73764842748642,-12.5318384170532,-0.0253252051770687,138.580262561138,11.266452531223,48.6010033411695,5.89910125732422,-8.18646335601807,-7.5283374786377,-55.8920697707126,-61.9452668660284,-70.8470250905494
13.49,0.885962069034576,-12.5539779663086,-0.236994802951813,134.145502695319,12.253310705905,48.9663740655355,6.83253860473633,-8.14299774169922,-7.14270782470703,-47.4351720121183,-53.6865504612967,-66.3010082733398
13.495,0.987896740436554,-12.5176057815552,-0.372229307889938,129.154997657493,11.5111978459785,49.7876189358649,7.72978496551514,-8.04738235473633,-7.11610698699951,-40.1929414351408,-42.6967009546653,-62.6704758615329
13.5,1.00887501239777,-12.4277877807617,-0.411506772041321,123.565471369078,8.90802577685807,50.9923106261989,8.44285488128662,-7.90010738372803,-7.47653293609619,-35.0495221221761,-31.2680698504685,-59.6301059449609
13.505,0.947851657867432,-12.2516641616821,-0.327608317136765,117.710838118218,3.57836513447365,52.1479683884813,8.59233570098877,-7.90243005752563,-7.44049453735352,-27.4461948117056,-17.0061072313685,-53.9516574237416
13.51,0.752442359924316,-12.0548133850098,-0.187653884291649,112.617921223976,-2.56537807112177,53.2568735058949,8.29925918579102,-7.87486410140991,-6.73500394821167,-13.7435444309069,-1.34465571336241,-45.7129261525213
13.515,0.487579554319382,-11.8384799957275,-0.074319526553154,107.821919483144,-9.15678041265629,54.3271675639305,7.42280721664429,-7.69649648666382,-5.74056816101074,4.84851522337886,19.677875744097,-35.4146025635024
13.52,0.184169888496399,-11.6007070541382,-0.0287171956151724,103.05810842387,-16.0707213622717,55.3309970511527,5.8630199432373,-7.28407049179077,-4.68100452423096,27.3401407569155,47.8518477024349,-23.2493167742995
13.525,-0.148875758051872,-11.3139028549194,0.0211801324039698,97.6801404148073,-24.0884038062883,55.7282886646048,3.74182057380676,-6.4384560585022,-4.25916624069214,42.5189726022724,72.4074910894655,-9.98749534026992
13.53,-0.429794251918793,-11.0047473907471,0.086665116250515,93.1577902030718,-31.8133682481403,55.3862976777677,1.97782075405121,-5.57131004333496,-3.80259227752686,49.1498841730608,81.1755142100376,2.41980582245446
13.535,-0.624252319335938,-10.6771535873413,0.142738491296768,89.6313840251618,-38.1315664379688,54.6544941346196,0.666157841682434,-4.77743911743164,-3.23625493049622,50.9304359425077,77.7496552468993,14.0687954778619
13.54,-0.699629962444305,-10.3331069946289,0.168926656246185,87.2735822331058,-42.0701745322892,53.7871728081493,-0.0897529125213623,-4.1367883682251,-2.49371838569641,50.5066192894138,64.2436665028727,24.9896216540621
13.545,-0.528778791427612,-10.0000553131104,0.0852819234132767,83.4673841860354,-46.065790800517,51.7516261713238,-0.442514479160309,-3.59861397743225,-1.96160578727722,50.8650915227182,49.7621423302608,36.0055129644515
13.55,-0.303152948617935,-9.71159648895264,0.0008747077081352,78.7236265621647,-47.0070899058878,49.4771424418582,-0.6352778673172,-3.19221949577332,-1.74662578105927,50.0118608765056,35.1275672787272,47.0863781568679
13.555,-0.0271538943052292,-9.48259449005127,0.009854394942522,73.7303484675352,-45.4012987716394,47.0884442890918,-0.59467738866806,-2.98172450065613,-1.81245481967926,48.0751675675377,18.7783551983319,57.5384151531579
13.56,0.297563135623932,-9.33629894256592,0.2376948595047,69.3328404534492,-41.6897808068437,44.7334565349739,-0.210584655404091,-3.06275725364685,-2.1350564956665,45.1327869598933,-1.37938455724928,66.4415599060803
13.565,0.681078791618347,-9.25078773498535,0.55699497461319,68.7987128301651,-38.1677049688674,42.9420686704088,0.58274918794632,-3.44496989250183,-2.65942192077637,44.0249234463281,-24.084695013569,72.5390337026908
13.57,1.05625689029694,-9.16414833068848,0.86856997013092,69.9831086133803,-34.6501029047975,41.9662258833108,1.52602434158325,-3.95592737197876,-3.11833500862122,44.2521843305819,-42.9276569712601,77.404908278732
13.575,1.39984059333801,-9.07223510742188,1.15799283981323,72.068679555687,-30.9022141826714,41.8114128155833,2.51238965988159,-4.53338718414307,-3.46265339851379,45.1957066625275,-56.3205821788608,81.3905490556771
13.58,1.67150580883026,-8.97315979003906,1.40603697299957,73.8274191160194,-26.4744416003731,42.5479291892587,3.3712215423584,-5.08456611633301,-3.61533164978027,45.8108710652192,-61.356251842574,84.9033085156255
13.585,1.84685564041138,-8.89083099365234,1.60962760448456,73.8076320579939,-21.986185985427,43.8508321696682,3.83993744850159,-5.45731067657471,-3.5829930305481,46.7160077340293,-63.3627974961837,91.3994946050354
13.59,1.96205770969391,-8.79750061035156,1.75452792644501,72.2400421717735,-17.7841921363326,45.3092380669114,4.23142051696777,-5.90291786193848,-3.38795232772827,48.5172925427018,-60.5082497061711,98.8070874769136
13.595,2.02420544624329,-8.70040512084961,1.84453511238098,69.399762646937,-13.9940604017373,46.7851565691865,4.48864269256592,-6.38307237625122,-3.04702258110046,51.6398467104619,-52.6136165351469,106.831555713871
13.6,2.03595876693726,-8.63034343719482,1.89088094234467,65.8875632625006,-10.8925235798269,48.0281690358588,4.31972599029541,-6.69807243347168,-2.58773708343506,57.2200600359436,-39.3661743568674,115.425620746472
13.605,2.00540542602539,-8.4953031539917,1.94930911064148,62.550237211384,-9.64710688656681,48.794608468288,3.83989286422729,-6.84453725814819,-2.20525121688843,63.1846866531973,-25.9144138997562,124.211798509858
13.61,1.93876075744629,-8.32738018035889,1.97654068470001,59.2071601409862,-9.59374517990244,49.104794679255,3.29371047019958,-6.89678716659546,-1.95456516742706,68.2408981108393,-16.0121798108956,132.602139490085
13.615,1.83892285823822,-8.13755035400391,1.96218585968018,55.8017815000742,-10.5492860834663,48.8652838507248,2.77197909355164,-6.88182830810547,-1.86334836483002,71.8916205618328,-10.9684300333942,140.41389514572
13.62,1.71319937705994,-7.94493532180786,1.90103900432587,52.2508276222871,-12.3230759656348,47.6196895725462,2.45386719703674,-6.85137176513672,-2.00572276115417,73.1100101965472,-13.1378099581379,147.382177080372
13.625,1.5810934305191,-7.72391510009766,1.83810746669769,48.7257738218327,-14.3450723609207,45.4059193946129,2.40175724029541,-6.82014131546021,-2.10438871383667,73.2043897504984,-18.7552640362954,153.834574827013
13.63,1.46633648872375,-7.50764417648315,1.79906833171844,45.5918781249557,-16.1664020672599,42.669431424404,2.46190857887268,-6.778639793396,-2.12993288040161,72.6406737477297,-24.6069722586432,160.162116715626
13.635,1.37470746040344,-7.30264854431152,1.78900551795959,43.0313358277663,-17.5485659778928,39.657765377819,2.57240271568298,-6.72799777984619,-2.06858563423157,71.6040012958835,-29.4043741882551,166.493579132823
13.64,1.2828369140625,-7.06878709793091,1.77200365066528,41.3994465406994,-17.8681419914212,37.2570358468296,2.63261961936951,-6.70594787597656,-1.90936052799225,70.4586878550991,-31.6184278190389,172.815356341777
13.645,1.22812080383301,-6.85767984390259,1.75271737575531,39.2299906301011,-17.46716036827,33.4328641569582,2.60788679122925,-6.74080038070679,-1.75080120563507,70.7206187795799,-31.7978398130622,179.163648345088
13.65,1.20261442661285,-6.66134119033813,1.72747242450714,36.8290698538149,-16.3585933452203,29.2101577592058,2.53719472885132,-6.79627180099487,-1.66024041175842,72.1892460549161,-30.380169164029,185.570748277154
13.655,1.2039567232132,-6.47848749160767,1.69611465930939,34.3167350317875,-14.5412780825658,25.1140625780979,2.4447979927063,-6.8573579788208,-1.67371964454651,74.7300354450258,-27.5779628211735,191.956619981279
13.66,1.23591768741608,-6.3470983505249,1.69673156738281,31.1772044288453,-12.5785105264413,21.2592318765896,2.44283151626587,-6.97806787490845,-1.73232054710388,76.6201263732868,-24.6573995452854,196.515443403182
13.665,1.20920753479004,-6.2650408744812,1.6894679069519,27.6437836466576,-11.4418688645819,17.7029811871012,2.44747757911682,-7.13529253005981,-1.77497208118439,79.411344649315,-19.9098699494456,202.974794282398
13.67,1.15696132183075,-6.21037292480469,1.67805814743042,24.0271506698116,-11.2938364671529,14.4791984931996,2.43450212478638,-7.35400390625,-1.82581984996796,82.3480186339078,-14.5135680051031,209.892068364329
13.675,1.10398840904236,-6.16730833053589,1.66522037982941,20.569492053445,-12.3242618572295,11.6352084680965,2.38353800773621,-7.65784215927124,-1.90458345413208,84.8376157561883,-9.3665193003681,216.147100964713
13.68,1.09014534950256,-6.15616512298584,1.64906525611877,17.409296713169,-14.556072272308,9.02633831366103,2.21911644935608,-7.88573551177979,-1.97444498538971,85.1426315139536,-7.39326313499943,221.541106257947
13.685,1.10088813304901,-6.16148710250854,1.64476454257965,14.377724080248,-16.8526465410967,6.58150582431399,1.92694580554962,-8.0748815536499,-2.01313090324402,83.7492934138385,-7.25436355426441,226.160622740815
13.69,1.12705266475677,-6.18138599395752,1.6453777551651,11.4396960106522,-19.1268468177116,4.2763891233078,1.51631605625153,-8.25215148925781,-2.0395610332489,81.3276976549346,-8.09244740221883,230.051945435512
13.695,1.15831124782562,-6.21461248397827,1.64256310462952,8.55832862908988,-21.2674793300124,2.091176820068,0.989787101745605,-8.45039176940918,-2.07656335830688,78.6406875750733,-8.90545421063556,233.217137059166
13.7,1.30145752429962,-6.32501125335693,1.65076923370361,5.80850087254509,-21.9641859461104,0.0258726898749422,0.473069995641708,-8.68397617340088,-2.24182176589966,76.4882900619272,-10.6041879977885,235.637892704801
13.705,1.50879430770874,-6.45980787277222,1.67982172966003,3.37484940286937,-21.4057991984416,-1.99573004905895,0.0674004778265953,-8.91084289550781,-2.47921967506409,74.0942472861352,-14.8693713419892,237.726974364342
13.71,1.75329351425171,-6.60932874679565,1.72531342506409,1.29183668657194,-19.4503843409587,-3.98270891824382,-0.191844940185547,-9.12800788879395,-2.72897553443909,71.2744856495654,-21.2916103883501,239.505856152536
13.715,1.99267613887787,-6.76234912872314,1.77958917617798,-0.357767309757251,-15.6620762668718,-5.94059801175361,-0.232880473136902,-9.33322143554688,-2.88502597808838,67.7171455449044,-29.1453529243607,240.938966444188
13.72,2.18240642547607,-6.88532447814941,1.87439918518066,-1.56993765702594,-10.3103728964884,-7.65721323415364,-0.189304500818253,-9.59483814239502,-2.87159514427185,64.5462780340501,-34.9822037777164,241.916530438957
13.725,2.33503389358521,-6.98793029785156,1.97210216522217,-2.67672808383955,-4.31972453915741,-9.39669166102663,-0.164289116859436,-9.95536518096924,-2.83422660827637,62.0871094045221,-39.2980739557478,242.581299090496
13.73,2.43402886390686,-7.0752854347229,2.06813859939575,-3.80073048063988,1.97975060805229,-11.1557385798717,-0.190291047096252,-10.4089298248291,-2.82562708854675,60.5097591779777,-42.243739884383,242.977040251007
13.735,2.42186665534973,-7.15737199783325,2.16278100013733,-5.17939562687049,7.99195056009221,-12.8304949879433,-0.328850656747818,-10.9314594268799,-2.94881558418274,60.2710304061074,-43.9529400826653,243.154843735481
13.74,2.30490469932556,-7.21730041503906,2.28977060317993,-6.46966318420233,12.1490751889815,-14.0609791801305,-0.62403392791748,-11.3755941390991,-3.16407370567322,60.7312485523828,-46.9466563921115,242.726918723601
13.745,2.11953854560852,-7.27447271347046,2.42601633071899,-8.38097935219592,17.0109020241659,-15.4711724795699,-0.934215247631073,-11.6989250183105,-3.31909656524658,61.6833222811693,-50.3187242004414,241.511008447555
13.75,1.87352824211121,-7.33685255050659,2.56599569320679,-10.9396962813296,22.788222656263,-17.0619440278334,-1.26514732837677,-11.9103469848633,-3.39120149612427,63.0165956977233,-53.7340475967849,239.59585072504
13.755,1.56669592857361,-7.42220163345337,2.70702791213989,-13.5593402054071,27.904953005046,-18.2133585350939,-1.78530156612396,-12.0937795639038,-3.42684316635132,64.4217910062375,-56.5350091376642,237.577721070598
13.76,1.22332441806793,-7.53124570846558,2.83455109596252,-16.0299536706632,32.2819397157706,-18.6983344095634,-2.31880378723145,-12.1711835861206,-3.40667653083801,65.2242357808764,-60.94482173754,235.164342029266
13.765,0.877588450908661,-7.6487455368042,2.95408463478088,-18.0274305406024,35.9144972786665,-18.5959959776818,-2.82936477661133,-12.2149105072021,-3.37369728088379,65.385920018909,-67.358533292722,232.612200864756
13.77,0.543538391590118,-7.77080249786377,3.0641131401062,-19.3916481291911,38.7819370507375,-17.9423981005303,-3.29152631759644,-12.2537221908569,-3.34574770927429,64.901092701054,-75.9224020590024,230.012767470432
13.775,0.240189462900162,-7.90603065490723,3.1393301486969,-19.8512122848536,40.9177269589167,-16.9552154918628,-3.60715413093567,-12.3271894454956,-3.35053539276123,63.9884428241569,-86.2189532139317,227.427554529961
13.78,-0.0361740849912167,-8.07854843139648,3.22763156890869,-20.1473300136776,42.401848518385,-15.7470182069373,-3.83288478851318,-12.4419546127319,-3.33239579200745,63.0489161528758,-96.2482390666383,224.534286397544
13.785,-0.288168638944626,-8.24838829040527,3.33579516410828,-20.2742434661929,43.2016192739639,-14.523065383144,-3.98183155059814,-12.5734386444092,-3.29773783683777,62.0631559311028,-105.785635185888,221.177562609184
13.79,-0.512245059013367,-8.39339160919189,3.46522116661072,-20.2304739064442,43.2299030873169,-13.392690419848,-4.05422353744507,-12.7065725326538,-3.25112533569336,61.0026392888641,-114.632799708373,217.248646553296
13.795,-0.644032537937164,-8.49709224700928,3.55686163902283,-20.2132532919993,41.9130494455276,-12.3897206826876,-4.00638771057129,-12.7868661880493,-3.23035430908203,59.5838587340907,-121.845301886988,212.730640341873
13.8,-0.841477811336517,-8.60596466064453,3.72493076324463,-20.3039206381366,39.8970371497283,-11.4007622248358,-3.85611653327942,-12.8072147369385,-3.20259857177734,58.0431388120651,-127.777006992442,207.989259623833
13.805,-1.10192060470581,-8.70116901397705,3.93203735351563,-20.5100881906862,37.5118326387223,-10.4963640702297,-3.64286589622498,-12.78102684021,-3.18793487548828,56.3414893879102,-132.897668115093,203.143254068087
13.81,-1.42710030078888,-8.76687622070313,4.15081071853638,-20.8448767430435,34.9974590052276,-9.73785619497419,-3.39418363571167,-12.7161207199097,-3.20314478874207,54.4380078737815,-137.531527995218,198.280760435685
13.815,-1.77352774143219,-8.78124618530273,4.41350221633911,-21.3445050808299,33.6643597584975,-9.08969514840207,-3.21490049362183,-12.6149425506592,-3.17133259773254,52.4287847860172,-140.160973240754,194.756833616444
13.82,-2.07343983650208,-8.7421875,4.68973970413208,-22.2042790482674,33.6574954183816,-8.68244938800829,-3.10685038566589,-12.5228939056396,-3.13108420372009,49.3173057699962,-143.357911583671,189.648207287111
13.825,-2.32890105247498,-8.65527153015137,4.95780515670776,-23.5537007395666,34.9031170173168,-8.53246099515575,-3.02535367012024,-12.4153652191162,-3.04648447036743,45.5333673094308,-146.274156472456,183.638801949659
13.83,-2.53908610343933,-8.52381801605225,5.18978500366211,-25.5931422917663,37.4049196876441,-8.68005028406233,-2.91631627082825,-12.2602500915527,-2.86899709701538,41.5652493828014,-147.822464734649,177.518528981599
13.835,-2.6898307800293,-8.37603378295898,5.30143690109253,-28.3072357792341,40.6530776191462,-9.16694629546221,-2.66310167312622,-12.18248462677,-2.59830212593079,37.3613430807394,-146.962707842685,170.651169922123
13.84,-2.85875058174133,-8.2623815536499,5.30605030059814,-31.0064872656354,43.3495919072376,-9.60241268995919,-2.09112620353699,-12.2758178710938,-2.42869591712952,33.4455546484361,-143.650626170741,163.397058231084
13.845,-3.06937837600708,-8.19576930999756,5.20834350585938,-34.2909954639003,45.8189887450478,-9.9580614938154,-1.06648397445679,-12.5565176010132,-2.45609545707703,29.9991573064636,-137.281570392352,156.065833704316
13.85,-3.36252379417419,-8.20029354095459,5.00508594512939,-39.4319900597097,48.788881354669,-10.2128352338197,0.693812906742096,-13.0652618408203,-2.86252355575562,27.3598953715425,-126.392705232599,149.198215097652
13.855,-3.67857837677002,-8.37083530426025,4.68169355392456,-44.3502419414012,49.8144718245868,-9.46937938794755,3.37749552726746,-13.2424144744873,-3.14940714836121,25.3489579062965,-112.308267767764,142.560432356558
13.86,-4.00417470932007,-8.70629119873047,4.38134717941284,-48.0980145503114,48.4816731061802,-8.2710261131634,5.83773946762085,-12.7254467010498,-3.02287340164185,23.8546764404378,-96.4232490037416,134.640746051658
13.865,-4.32799863815308,-9.19274616241455,4.14430332183838,-50.3799705067289,44.3654869236287,-6.86217921476415,7.56377267837524,-11.5888204574585,-2.40682172775269,24.6389990156614,-74.5900712085539,125.635947593319
13.87,-4.62183237075806,-9.80384826660156,4.04135704040527,-50.548307349013,36.1270903316777,-5.73712539571846,7.41999197006226,-10.1246490478516,-1.14222991466522,33.0753447350431,-33.6950170625871,116.569513507909
13.875,-4.72039794921875,-10.3507404327393,4.01776552200317,-49.2659290870594,24.6338746662366,-5.16420485926956,5.46486616134644,-8.28780746459961,-0.559729516506195,47.7978823778027,26.5788871456136,107.039459842017
13.88,-4.6356897354126,-10.8230876922607,4.02632141113281,-47.5435602840572,12.2841029062307,-4.8992255359848,2.83386015892029,-6.73053121566772,-0.857212960720062,58.0783142862907,79.4091589887806,94.9509744073886
13.885,-4.37723731994629,-11.2099828720093,4.04839038848877,-45.5173744214892,0.0737007760429457,-4.82541296228494,-0.0662998110055923,-5.67233562469482,-1.85820710659027,60.8289270877032,115.971188936616,79.8834063436113
13.89,-3.97751092910767,-11.4708652496338,4.04421949386597,-42.8121311516385,-9.74795292211476,-4.64201939486234,-2.47301936149597,-5.48539161682129,-2.54127812385559,52.3685834986727,121.905967627196,61.9684485280714
13.895,-3.65475940704346,-11.6627683639526,4.05724573135376,-36.7195238648117,-16.5336698766679,-3.88138562322762,-4.06838226318359,-5.68634414672852,-2.34248924255371,44.3035097871,119.814003627826,47.872478288823
13.9,-3.2818455696106,-11.8838386535645,4.10020351409912,-27.0807148043128,-21.5843437584403,-2.17124627393441,-5.02964401245117,-5.95531988143921,-1.98544585704803,34.2341307239653,114.858400856659,31.4469081086016
13.905,-2.83042216300964,-12.1542482376099,4.18351459503174,-13.7527122523203,-25.4966829452128,0.708065754296241,-5.44522476196289,-6.1972222328186,-1.73307693004608,21.5452272650637,108.739862756648,11.3858570445196
13.91,-2.43587875366211,-12.35817527771,4.34804105758667,3.0850402075175,-29.900665978632,5.25279070525733,-5.69355916976929,-6.51391935348511,-1.7384592294693,8.41500564709363,101.581380544179,-5.26663934068636
13.915,-2.00948643684387,-12.3962993621826,4.58571529388428,19.309726840286,-35.5158737783262,10.750802277191,-5.61478805541992,-6.70872688293457,-2.04837536811829,-4.68297491667303,88.7742157748927,-18.0614961090878
13.92,-1.51843345165253,-12.2226285934448,4.86471509933472,33.6897953829666,-40.6504684868833,16.4024107162932,-5.30814170837402,-6.84542798995972,-2.39432668685913,-16.3366342870387,72.9291536175144,-27.9339983844914
13.925,-0.939310014247894,-11.791205406189,5.16965532302856,45.3419819937925,-44.1662332300665,21.7375483166183,-4.81562042236328,-6.96122312545776,-2.62739682197571,-25.6340943984824,55.6114548637572,-35.2247916064677
13.93,-0.227116599678993,-10.9235420227051,5.48459768295288,51.9119341262385,-42.1282755364639,25.7385177456082,-4.17843151092529,-7.17790842056274,-2.5817985534668,-31.0206360025011,43.2310915402325,-40.1026224286511
13.935,0.45448163151741,-9.74653816223145,5.77814245223999,55.0954409021519,-37.3867274787898,27.9430996115605,-3.54540181159973,-7.48915576934814,-2.45398044586182,-34.9241676603388,34.8963414696602,-43.9381185721664
13.94,1.04884278774261,-8.36946868896484,6.00460529327393,55.978119908971,-28.6310260194804,29.1331986027327,-2.96001815795898,-7.81653308868408,-2.30301356315613,-38.0753949622347,28.9719617420908,-46.962847355539
13.945,1.50554323196411,-6.86705636978149,6.12351751327515,55.2831652363951,-14.5723042168706,29.8690353725856,-2.45980954170227,-8.09860134124756,-2.17449593544006,-41.0098457202527,24.3040089727235,-49.3114762035396
13.95,1.71511912345886,-5.41480779647827,5.95137882232666,50.1353848476453,2.16187802915751,28.3306616205399,-2.07705998420715,-8.15170001983643,-2.14674949645996,-43.9417078365752,21.4306576719259,-51.7066391303555
13.955,1.79680991172791,-4.13215446472168,5.59690999984741,42.2185467316294,18.0583900805628,25.5187051826442,-1.83670854568481,-8.21700477600098,-2.13595199584961,-47.4676119955813,18.5849071655643,-53.922168082
13.96,1.74682748317719,-3.09232044219971,5.10598516464233,31.7672610561481,32.4924837120309,21.482135100153,-1.83430433273315,-8.33501529693604,-2.05331635475159,-51.3480746894973,14.3156957173005,-55.1845407198747
13.965,1.55028343200684,-2.40598464012146,4.52574253082275,18.8813271302591,44.5667213720502,16.1882723329822,-2.20819997787476,-8.56066513061523,-1.78176391124725,-55.3094887854563,6.69040379911974,-54.4485639311437
13.97,1.25325286388397,-2.44420218467712,3.84740114212036,4.39799936081941,53.1652157823279,9.52528363253046,-3.66705656051636,-8.83814525604248,-1.35670554637909,-55.8079594061784,-1.92169122534284,-49.6830760604287
13.975,0.950427711009979,-2.90550470352173,3.13697171211243,-9.61007701598159,59.3523084910381,2.38761855599078,-5.68969202041626,-9.00737476348877,-0.907354891300201,-53.9020019484756,-6.63395399317688,-43.428671837448
13.98,0.672067642211914,-3.73521494865417,2.42080116271973,-22.5936220290729,63.1759781620055,-4.94336221840142,-7.90786409378052,-9.13597106933594,-0.321425884962082,-48.9209054962308,-8.17398620053045,-34.0219508973989
13.985,0.468114852905273,-4.90024566650391,1.74125683307648,-33.6222209064131,64.3663093796095,-12.0490530450022,-9.699294090271,-9.3646183013916,0.641812264919281,-39.1587244363012,-8.10086475659723,-17.7119628858597
13.99,0.410534709692001,-6.14720630645752,1.20816075801849,-41.6154341977281,64.1254905698532,-18.684952361432,-12.2862501144409,-9.85874176025391,2.04800486564636,-24.5085202043993,-8.73566509937915,1.60797113853234
13.995,0.411506712436676,-7.21214437484741,0.78454202413559,-47.3285869101203,63.3129302850534,-25.0428868843045,-14.5165185928345,-10.0549812316895,2.29089856147766,-12.1975609943521,-9.51014964087701,17.1501183549237
14.0,0.451063543558121,-8.25371360778809,0.39133358001709,-51.1088712194797,61.6040032943379,-30.9966859441764,-16.0198135375977,-9.9227876663208,1.24492716789246,-6.00141999253893,-12.5157769464621,25.9126363430247
14.005,0.506560623645782,-9.82731056213379,-0.185268640518188,-53.5159494113027,57.6603340298426,-36.0728108183436,-16.0718364715576,-9.54830169677734,-0.988270401954651,-14.8313852449202,-24.2462528931019,21.014827217519
14.01,0.550812721252441,-11.4423666000366,-0.601650536060333,-56.6241328610491,49.0421003728635,-39.665196623636,-14.3748397827148,-9.9713830947876,-2.25468230247498,-37.4497086531265,-58.0877399473453,2.83099089445205
14.015,0.480999886989594,-13.1643676757813,-0.826282739639282,-60.1870054189379,37.3655163263223,-42.0260002838321,-11.3393888473511,-11.1312675476074,-2.33403301239014,-66.2636334782015,-103.032085403133,-20.746450302009
14.02,0.239284187555313,-15.0571718215942,-0.862445175647736,-63.776406431563,23.3664186600721,-43.1632028749772,-7.0527811050415,-13.0333490371704,-1.28105413913727,-98.1636085250175,-153.078705112324,-46.5794927430883
14.025,-0.341425031423569,-17.3533020019531,-0.75697261095047,-65.6406929051396,8.86251537264463,-42.8619198155933,-1.51184976100922,-15.7635717391968,0.428563266992569,-126.231171258729,-191.233070721743,-67.9165392573446
14.03,-1.07235300540924,-19.8844127655029,-0.68913346529007,-64.8116308833051,-3.02996390992804,-41.1076984253968,4.02705097198486,-18.5046920776367,1.5139297246933,-139.004144101029,-203.482318318865,-79.7502927868769
14.035,-1.65730452537537,-22.1522693634033,-0.654652237892151,-62.9393257676429,-11.6650085834453,-38.0910668312853,8.747633934021,-20.4315528869629,2.41268539428711,-135.601097969719,-188.741622618197,-82.1687329983842
14.04,-1.9514867067337,-23.812032699585,-0.637817084789276,-60.3727865643622,-17.0688356887059,-33.293791260173,11.9888019561768,-21.0059947967529,3.19931077957153,-115.179733936351,-146.295671568341,-74.9531572346426
14.045,-1.64758729934692,-23.5409698486328,-0.516350746154785,-55.6269423177002,-22.0420637630269,-22.3616858803322,10.9111309051514,-18.3954429626465,3.31279468536377,-77.4695218682804,-80.152727532774,-58.465811408473
14.05,-1.03690266609192,-21.3745079040527,-0.096482053399086,-47.6236749879269,-24.3379379374256,-8.58340139975935,8.06802463531494,-15.125560760498,2.08746147155762,-48.2355574847225,-24.2539966200734,-47.3629188559833
14.055,-0.38415315747261,-18.2318706512451,0.560287594795227,-36.2466049817746,-27.5976542565506,5.35338914644787,5.22200679779053,-12.3731546401978,0.507100582122803,-21.0823829110523,35.9366680727123,-38.6459035881329
14.06,0.166458681225777,-14.5997276306152,1.42773306369781,-21.3816493570837,-33.9893708950579,17.8347748097784,3.22569727897644,-10.7166223526001,-0.944729030132294,6.08793159545313,105.357259381523,-31.2432762637814
14.065,0.492068439722061,-11.4816341400146,2.38116693496704,-5.45465523862977,-46.9846971306939,25.1847106397779,0.685195207595825,-8.86994743347168,-2.55492305755615,12.3619286429548,130.506391565915,-31.9691136366895
14.07,0.767037928104401,-8.88924598693848,3.14797949790955,7.53316504599516,-60.0657490706027,29.0380677279727,-1.64797711372375,-7.67393064498901,-3.2071578502655,11.4977449346345,131.297737283152,-34.4868477232558
14.075,1.05860984325409,-6.71301651000977,3.7274808883667,16.1879035027671,-69.2252991249674,30.1161345412838,-4.01757335662842,-6.99147176742554,-3.21898102760315,6.82102006793883,119.04980108235,-36.9116229352183
14.08,1.42132043838501,-4.89123678207397,4.1076545715332,19.134834723946,-71.0338375945384,28.8230875238466,-6.61983251571655,-6.74489116668701,-2.80392599105835,0.745270274952976,101.972866496836,-37.7375567304129
14.085,1.82232201099396,-3.69335055351257,4.28887128829956,15.7768678411576,-54.8453671860702,24.0416955576492,-9.4413480758667,-6.63933658599854,-2.4890308380127,-3.16319357987831,85.4288027797988,-35.354285162942
14.09,2.21034955978394,-2.91068696975708,4.21468067169189,11.8729425936689,-30.9311536941847,17.0099936090063,-11.7870407104492,-6.27090120315552,-2.62526750564575,-10.2166823378697,66.2301245701334,-33.5576312225268
14.095,2.54019689559937,-2.47459745407104,3.91700458526611,7.76316227478523,-3.01657695259823,8.15262222258029,-13.4378814697266,-5.743736743927,-2.8151707649231,-20.7104910635762,40.37427954251,-32.9875938796813
14.1,2.75059056282043,-2.32549238204956,3.41875910758972,3.85900437397796,24.5254898093922,-2.13733267715801,-14.0652294158936,-5.17649126052856,-2.56348943710327,-35.2802698180012,2.32034887662897,-34.5426367083965
14.105,2.96247482299805,-2.35653209686279,2.39201998710632,-0.0367645170689585,43.8337054703244,-12.0960908502687,-12.9130191802979,-4.87132883071899,-1.83174192905426,-50.0145861219845,-45.5825344261711,-37.3276360971854
14.11,2.99362230300903,-2.71728515625,1.3124372959137,-3.34049099002327,56.7851784763943,-20.506567228169,-10.9635639190674,-4.94019079208374,-1.67920172214508,-61.059842123163,-78.6813408610132,-39.5733681453398
14.115,2.81374979019165,-3.42245554924011,0.240743458271027,-6.43948868910968,64.1014004926505,-27.1245680338789,-8.53721141815186,-5.32109308242798,-2.20408344268799,-66.9031031090548,-92.8967198824264,-40.944617413679
14.12,2.36244678497314,-4.52041387557983,-0.757226943969727,-10.107501763987,66.3586414095564,-31.4268478430092,-6.08733081817627,-5.91765928268433,-3.55228352546692,-64.5358141842417,-81.1066863937714,-40.9004192595599
14.125,1.71538603305817,-5.87854862213135,-1.60604619979858,-16.8838775810766,63.8208777932489,-33.4679440085354,-3.97362875938416,-6.64892435073853,-4.1909327507019,-56.9177251274275,-57.6618639922167,-38.7855912019434
14.13,1.080681681633,-7.26704883575439,-2.30908393859863,-25.1565070811476,58.207650748414,-34.5898401457504,-2.07852697372437,-7.45071315765381,-4.04761648178101,-49.5275560681221,-37.7259966352427,-36.6448289160484
14.135,0.512401044368744,-8.62360763549805,-2.85414600372314,-33.7272794611316,50.5858392385022,-35.0769931430178,-0.496966063976288,-8.23596000671387,-3.33501243591309,-41.9093030867679,-20.3956278805751,-34.5697491443068
14.14,0.0981903225183487,-9.84763431549072,-3.1901707649231,-39.7241206656057,43.2511518058248,-35.2112473413436,0.423601806163788,-8.77321720123291,-2.646399974823,-30.7233861698221,2.23473245538286,-32.0893078906088
14.145,-0.251182854175568,-10.7862243652344,-3.26798939704895,-46.754540246232,31.5312950957971,-35.0115291949178,1.22818231582642,-9.45705795288086,-1.83273231983185,-21.7981662455022,19.599726427161,-30.2242086245209
14.15,-0.689456403255463,-11.4915180206299,-3.14437079429626,-51.197407546596,18.9557386261718,-34.1267020936048,1.29965710639954,-10.0251188278198,-1.27189481258392,-17.3888078532062,29.1603144537376,-28.886861000127
14.155,-1.26316821575165,-11.9678392410278,-2.83094906806946,-52.2864880399437,6.34545149839059,-32.3207761713913,0.525421559810638,-10.4270839691162,-1.01489043235779,-17.9379977511575,29.52065474378,-28.0247391551623
14.16,-2.03575730323792,-12.1832256317139,-2.32524967193604,-50.0671478427423,-5.997855060679,-28.8435883366404,-1.0028954744339,-10.6905221939087,-0.921845257282257,-23.256435538962,16.7058487003602,-27.4802655028329
14.165,-2.7888069152832,-12.2485752105713,-1.76197528839111,-47.1968837874495,-15.754599716916,-24.2343273828111,-2.40451908111572,-10.6698980331421,-0.896319329738617,-26.4217927947033,6.42323668086646,-26.4630744580469
14.17,-3.43448877334595,-12.1641006469727,-1.23011791706085,-44.3259572038072,-22.2798038650148,-19.0489246045655,-3.5729775428772,-10.4108238220215,-1.0980476140976,-26.8791559219057,4.49844540341408,-25.0033537493884
14.175,-3.91012263298035,-11.9115724563599,-0.769138038158417,-41.6572622762052,-25.1060456435596,-13.5790606690883,-4.46876764297485,-9.93306159973145,-1.57301998138428,-24.4947949392622,12.3613497844227,-23.2608563789023
14.18,-3.98263144493103,-11.3820190429688,-0.442136973142624,-39.0258635965661,-23.0755516391725,-8.77341043227994,-5.12694883346558,-9.32886505126953,-2.19307088851929,-20.4018638432873,23.3410325544745,-22.5412156951187
14.185,-3.72636985778809,-10.752067565918,-0.216222420334816,-35.7365606055039,-17.798701165677,-5.33246955768059,-5.58324575424194,-8.82018947601318,-2.36989045143127,-19.1533308762184,22.8405487354945,-23.3978938793148
14.19,-3.31605362892151,-10.1528120040894,-0.0717947855591774,-31.3292820058102,-10.4172183994486,-3.30394307466135,-5.91481256484985,-8.34449291229248,-2.30181241035461,-21.0714990046099,14.2529655524158,-25.2183937176698
14.195,-2.85053372383118,-9.6649112701416,-0.0016320253489539,-25.4860380953914,-1.55049531011009,-2.81884767188141,-6.16464757919312,-7.87713241577148,-2.10575675964355,-26.4049939444397,-0.668396015596807,-27.6381487405923
14.2,-2.6033833026886,-9.46410083770752,0.0195534434169531,-17.9718652441571,6.39410549716953,-4.36987392247776,-6.49849557876587,-7.53569221496582,-2.2470178604126,-33.4003729470765,-14.5107164011246,-28.9499207216391
14.205,-2.27964806556702,-9.29204559326172,-0.018593056127429,-9.90606667875868,10.9373885311638,-6.63905614448688,-6.76291036605835,-7.36552286148071,-2.604896068573,-38.2771997314519,-23.8633302901162,-29.4552249466258
14.21,-1.97875559329987,-9.21316146850586,-0.202325820922852,-2.30979089827601,11.5181245115705,-9.24745544275644,-6.90648126602173,-7.36319828033447,-3.01408505439758,-40.836485273834,-28.8556675261875,-29.4901374585684
14.215,-1.78124058246613,-9.28441905975342,-0.609209656715393,3.97546037998715,7.44701416244649,-11.9142362098435,-6.88089036941528,-7.5362663269043,-3.34615588188171,-40.7779607979307,-29.3237847862381,-29.2933528783911
14.22,-1.65237987041473,-9.53773975372314,-1.30852317810059,6.52009431282594,-2.21823925608457,-13.1692134603944,-6.63548564910889,-7.75532150268555,-3.48312425613403,-39.0422799562362,-26.9589974182086,-29.4949903079737
14.225,-1.55491089820862,-9.86001586914063,-2.02586603164673,6.72083741451402,-13.532164590247,-13.2679771420191,-6.09284639358521,-8.09427928924561,-3.59528970718384,-38.3545550388968,-25.329433810554,-30.04288417753
14.23,-1.4830676317215,-10.2086505889893,-2.66271352767944,5.14552044990817,-25.2140958211346,-12.3596695578868,-5.34135770797729,-8.4916353225708,-3.64173078536987,-38.6582115890173,-24.9671076430105,-30.8539384056177
14.235,-1.43157660961151,-10.5321483612061,-3.08908581733704,2.37095332130277,-35.6832953752615,-10.5542089423106,-4.47600364685059,-8.87460803985596,-3.56597781181335,-39.9584268899884,-26.6379273007992,-31.8439982314732
14.24,-1.30042290687561,-10.8334178924561,-3.14766812324524,0.493736445853651,-41.4716621307939,-8.57569096996005,-3.67523550987244,-9.23173809051514,-3.5427770614624,-39.2516389146755,-25.6134911328511,-32.137587082757
14.245,-1.1160831451416,-11.0451097488403,-2.99734258651733,-1.69325053263159,-47.9965555052854,-5.69801530564414,-3.05150651931763,-9.53872013092041,-3.59451675415039,-36.6667162572437,-20.7584424066443,-31.8365362498049
14.25,-0.899717688560486,-11.1447296142578,-2.69189667701721,-3.95759175134475,-54.6496822663493,-2.14856812489927,-2.6343207359314,-9.78030204772949,-3.67856407165527,-32.6281244387581,-12.9856137066362,-31.0324180788193
14.255,-0.685261428356171,-11.0849504470825,-2.30019068717957,-5.73999877092492,-59.7217397628658,1.63609892475151,-2.48948502540588,-9.92325687408447,-3.71518468856812,-27.7735282125839,-3.83695695022398,-29.8350688418432
14.26,-0.45739758014679,-10.8896389007568,-1.92283129692078,-8.15207153857846,-62.2515530389793,5.33843658169424,-2.56621789932251,-9.98516464233398,-3.63299369812012,-23.9299826911318,3.07478361126166,-29.2035768719405
14.265,-0.27476042509079,-10.651517868042,-1.62984108924866,-11.3289854743954,-62.5295280778205,8.7703897811195,-2.79486060142517,-9.92792224884033,-3.58862900733948,-21.1236560366594,7.58895061604124,-28.6591459082933
14.27,-0.137327238917351,-10.4008045196533,-1.41328585147858,-15.2374843873071,-60.719323042092,11.7393919048276,-3.14810919761658,-9.74466037750244,-3.61493134498596,-19.3811330529639,9.7818118773778,-28.1129647086714
14.275,-0.0278199799358845,-10.1905422210693,-1.23156940937042,-19.798179281043,-57.0015998504353,13.7115467021927,-3.58319211006165,-9.41779804229736,-3.75690293312073,-18.8669393367724,9.72263084954058,-27.4806240877643
14.28,0.127604767680168,-10.0304441452026,-1.03548038005829,-23.9147018504111,-52.5723007208575,14.7406632572695,-3.91636991500854,-9.16571807861328,-3.86692142486572,-18.1921576279102,9.27484450132819,-27.0216370830868
14.285,0.318960607051849,-9.87374401092529,-0.842676103115082,-27.0477762170404,-47.7028949370153,15.1557475135095,-4.10678243637085,-9.06770420074463,-3.86431193351746,-17.0351748089288,9.32819681648245,-26.9788374102002
14.29,0.534117937088013,-9.72152233123779,-0.665297865867615,-28.9540803068437,-42.3009666243439,14.9826910105089,-4.13246154785156,-9.12858867645264,-3.75071907043457,-15.5671144392938,9.89166010225182,-27.3011335465656
14.295,0.726458430290222,-9.62558364868164,-0.542346775531769,-29.037357388299,-35.6637815248028,14.0133172663285,-3.93174529075623,-9.29164218902588,-3.61449289321899,-14.908161693833,10.1173526043175,-27.5072515802436
14.3,0.856604874134064,-9.58689403533936,-0.479195445775986,-28.1330369270948,-28.060218572806,12.6474092059202,-3.70293140411377,-9.3607063293457,-3.57568359375,-14.4994090229536,8.93386609003552,-27.3788832974351
14.305,0.993912816047668,-9.54148197174072,-0.448922872543335,-26.6821783888844,-19.8576087570113,11.0526155300092,-3.39048647880554,-9.42522144317627,-3.585125207901,-14.4439478868931,6.93071077157512,-26.9136517923089
14.31,1.15312051773071,-9.46812438964844,-0.454323023557663,-24.8574540785278,-11.1662126749639,9.2783851006392,-2.98347449302673,-9.5185079574585,-3.61515212059021,-14.5945518505446,4.57509335939314,-26.1600855589178
14.315,1.25961565971375,-9.37463092803955,-0.583560824394226,-22.9639361028508,-2.00772065959032,7.31649863891766,-2.56803250312805,-9.6622953414917,-3.56758069992065,-13.4016029629412,4.18842952028955,-25.5972130845116
14.32,1.28166806697845,-9.30023670196533,-0.730325758457184,-21.5507614258387,6.81533436234162,5.09667904781388,-2.30995535850525,-9.74905490875244,-3.45078372955322,-11.1186643130569,6.23629995281191,-24.6626075645275
14.325,1.24701583385468,-9.24137592315674,-0.883625149726868,-20.4445371576742,15.0861051971848,2.63984420854783,-2.20317125320435,-9.74266529083252,-3.36271452903748,-8.59004461250083,9.23049266795271,-23.5146798688383
14.33,1.16807734966278,-9.19888591766357,-1.03574788570404,-19.5554975371906,22.6168310118726,-0.0327739923865917,-2.24783658981323,-9.6219310760498,-3.35705137252808,-6.28190811410785,12.3424156462697,-22.2426510510245
14.335,1.06157982349396,-9.20616149902344,-1.14579224586487,-18.6081656672354,28.640147737117,-2.50070002166316,-2.35315179824829,-9.44158554077148,-3.4407217502594,-4.80995539041956,13.8491126884922,-21.1609778978317
14.34,0.962019383907318,-9.22502422332764,-1.27742028236389,-17.5205758626741,32.7422090884649,-4.32578249006439,-2.50010466575623,-9.32553672790527,-3.34155225753784,-3.34284313641869,15.290975013792,-20.3370880367462
14.345,0.898505449295044,-9.23026371002197,-1.43080794811249,-15.8706702441239,36.466315091901,-6.1230093125962,-2.67750573158264,-9.2402925491333,-3.12814927101135,-1.87091858726072,16.8813709016512,-19.6005853234491
14.35,0.896413564682007,-9.20098114013672,-1.6074275970459,-13.2881005868612,41.0176594566631,-8.38015546062728,-2.8783130645752,-9.16108131408691,-2.84812378883362,-0.386203495025704,18.7992163036045,-18.8211941448063
14.355,0.878137648105621,-9.14795780181885,-1.64799439907074,-10.8954204338087,45.0757582954183,-10.4300275654633,-3.0526647567749,-8.99547004699707,-2.72879719734192,0.0527524758017575,19.3679302972983,-17.7580205589804
14.36,0.794953942298889,-9.11657047271729,-1.62235176563263,-8.71576790455326,48.229027823876,-12.3677334499757,-3.12486457824707,-8.82192897796631,-2.65730094909668,0.124333468618246,19.0580838882425,-17.0712245473681
14.365,0.658837378025055,-9.10471820831299,-1.54337728023529,-6.88705860570275,50.4399532280199,-14.1724333532331,-3.12061142921448,-8.69113159179688,-2.5948326587677,0.0616617738881115,18.4624282133676,-16.7816620926
14.37,0.480761647224426,-9.11126518249512,-1.42314863204956,-5.60956990542118,51.5889174049157,-15.8077146829966,-3.06631135940552,-8.67002868652344,-2.49333548545837,0.147307436881605,18.3037134000767,-16.9460937742262
14.375,0.306229412555695,-9.14537239074707,-1.26308417320251,-5.27498241675753,51.5231939096273,-17.4418767155099,-3.07957196235657,-8.67916774749756,-2.39140462875366,0.775446157427798,18.6016838177131,-17.3306043961939
14.38,0.139689266681671,-9.19637203216553,-1.13060796260834,-5.40002695876118,51.0196894394869,-18.9564865318859,-3.156414270401,-8.69835758209229,-2.32507801055908,1.06804713924206,18.4164866534628,-17.5196503720416
14.385,-0.0321751646697521,-9.272216796875,-1.02578771114349,-5.84820220086944,50.099335109206,-20.3144203464382,-3.28989720344543,-8.72591304779053,-2.31253910064697,0.972836756811316,17.6374318616366,-17.4473101309947
14.39,-0.235623717308044,-9.39171314239502,-0.944565713405609,-6.44575581455999,48.6761285918504,-21.4413042292946,-3.4732518196106,-8.7616491317749,-2.3901104927063,0.442372516160655,16.0912050995926,-17.0049085331692
14.395,-0.406339168548584,-9.54118347167969,-0.923914670944214,-7.22888353356567,46.4836037173305,-22.161708186718,-3.58564567565918,-8.84592342376709,-2.4672167301178,0.384051371787341,15.7947287858372,-16.6114828067873
14.4,-0.546348810195923,-9.663161277771,-0.939654946327209,-8.06888751845052,44.1030369047709,-22.5936237366202,-3.63388466835022,-8.96400260925293,-2.46977138519287,0.537543678364526,15.9493642686462,-16.2579095266651
14.405,-0.665995836257935,-9.76894378662109,-0.988977789878845,-9.00459355266465,41.696221675231,-22.752565653701,-3.61549091339111,-9.10356903076172,-2.43212413787842,0.630318671469338,16.1167568372776,-15.9271576161072
14.41,-0.792781174182892,-9.91082096099854,-1.07555794715881,-10.2044477615189,39.5200960849082,-22.6159413797332,-3.51472306251526,-9.23610305786133,-2.47748637199402,-0.041294766767995,15.3132789965267,-15.5750852700552
14.415,-0.893199980258942,-10.045280456543,-1.16816687583923,-11.1749040906828,37.4424686526063,-22.2480212872594,-3.42213869094849,-9.25412940979004,-2.5719108581543,-1.03004716835128,13.5860385610991,-15.2299284905378
14.42,-0.992601871490479,-10.1622409820557,-1.25811815261841,-12.0319502513204,35.3005588949307,-21.6689902928243,-3.36969423294067,-9.25317096710205,-2.57257223129272,-1.68917952644285,12.414921519404,-14.9015551933583
14.425,-1.09768855571747,-10.262547492981,-1.33553433418274,-12.7674216060528,33.0432940723628,-20.9234973430322,-3.36750197410583,-9.25618171691895,-2.47192192077637,-1.82873555239014,12.1632947890598,-14.6695370823476
14.43,-1.21438550949097,-10.3602313995361,-1.3630074262619,-13.2272231107889,30.5950708209797,-20.1997243948008,-3.43079400062561,-9.27475643157959,-2.37755656242371,-1.20901061104519,13.0469897865179,-14.8953687495176
14.435,-1.27840399742126,-10.423285484314,-1.36159384250641,-13.5054756260651,28.3180035724606,-19.3989410636774,-3.50683212280273,-9.21597576141357,-2.45088052749634,-1.15260199968076,13.6407406923881,-15.1137981991746
14.44,-1.31079304218292,-10.4575862884521,-1.3355724811554,-13.5470902611307,26.3701309513686,-18.6702076905613,-3.56726932525635,-9.13935947418213,-2.52479815483093,-1.41327659624112,13.9430977990189,-15.3350382716751
14.445,-1.31856429576874,-10.4628429412842,-1.28031480312347,-13.3108254800035,24.6310008641433,-18.0073088033075,-3.6034243106842,-9.07157039642334,-2.53852963447571,-1.85738435397693,13.956352634877,-15.5901116862292
14.45,-1.30783712863922,-10.4277544021606,-1.15318071842194,-12.6773980052448,21.6200758930833,-16.932578537406,-3.62769889831543,-9.06665706634521,-2.46520519256592,-2.013595902937,13.7756890086882,-16.0983972887886
14.455,-1.28871393203735,-10.3497533798218,-1.00755500793457,-11.9439961978309,18.2520618020258,-15.863962998359,-3.68136405944824,-9.05827903747559,-2.46267819404602,-2.40974345970315,13.7060586451945,-16.7780489225291
14.46,-1.27275776863098,-10.2550029754639,-0.854276359081268,-11.267596587909,14.7469162954547,-14.7431716442422,-3.76829600334167,-9.02117443084717,-2.50658416748047,-2.70608381000544,13.9588072341099,-17.2451433617515
14.465,-1.26616442203522,-10.1589012145996,-0.698403120040894,-10.7338155967252,11.2146788435407,-13.5393806851051,-3.89207339286804,-8.93998432159424,-2.57940149307251,-2.73470507739214,14.6434116087723,-17.3097330456377
14.47,-1.2674458026886,-10.1067676544189,-0.535675287246704,-10.3354772567828,7.68355129736685,-12.3035740680072,-4.04702711105347,-8.80699920654297,-2.55076861381531,-2.80056282858646,15.4003007291945,-17.4125991096327
14.475,-1.24632048606873,-10.0976190567017,-0.433999687433243,-9.79770572757642,4.3306263748464,-11.2882963299624,-4.21819448471069,-8.7444019317627,-2.50167560577393,-3.29117275534754,14.5309849874866,-17.9889663302915
14.48,-1.19818353652954,-10.1098537445068,-0.390093505382538,-9.12476560846915,1.28914687269943,-10.40525361557,-4.35040712356567,-8.75666046142578,-2.46310877799988,-4.14758883103428,12.4490255077035,-18.8838525927047
14.485,-1.117715716362,-10.1275882720947,-0.404880940914154,-8.31177843684628,-1.31576977614537,-9.59226729772078,-4.39736938476563,-8.8519115447998,-2.46037411689758,-5.34529238407364,9.40934031759585,-19.9934065780895
14.49,-0.980668008327484,-10.1475019454956,-0.514750003814697,-7.52653378608472,-2.73715818252124,-8.82552392187349,-4.3316445350647,-8.86981773376465,-2.49998807907104,-5.8584500459454,9.07738714751771,-20.79606479614
14.495,-0.83650940656662,-10.1691389083862,-0.607897579669952,-6.82936570533094,-3.40196375977044,-8.20557155657352,-4.20131301879883,-8.923996925354,-2.59290719032288,-6.17883330245636,9.67679259624698,-21.5247862164251
14.5,-0.695739984512329,-10.1842794418335,-0.680246412754059,-6.23136898311799,-3.38315384568305,-7.72130858309868,-4.01478052139282,-9.02376270294189,-2.69070935249329,-6.37354065135227,10.3212235057586,-22.2989249795962
14.505,-0.571812987327576,-10.1821002960205,-0.725074052810669,-5.75411250307111,-2.71981974731316,-7.36922172289463,-3.77828574180603,-9.18431854248047,-2.73293304443359,-6.51720941167526,9.90054703213566,-23.2719366532833
14.51,-0.379153192043304,-10.1615333557129,-0.786506772041321,-5.52449691110091,-1.1963107280572,-7.08640792191332,-3.63216161727905,-9.2519063949585,-2.75192546844482,-6.44531654801899,10.463076289536,-23.686114201911
14.515,-0.207053154706955,-10.1133050918579,-0.828252017498016,-5.27397112187354,1.01476120498879,-6.9378338051058,-3.54635715484619,-9.26144790649414,-2.8393669128418,-6.14037250724002,11.9935978853572,-23.7045181466296
14.52,-0.062223207205534,-10.0449838638306,-0.843638837337494,-4.90177618475298,3.6844998708733,-6.95740528528565,-3.50408101081848,-9.22528553009033,-2.96186757087708,-5.66353779137439,14.0742903650492,-23.5018032547055
14.525,0.0491510592401028,-9.9697732925415,-0.821073472499847,-4.23246246920815,6.44565592304338,-7.22022541501904,-3.48126316070557,-9.15831565856934,-3.0502028465271,-5.11444223541096,15.9730069684582,-23.3684489338029
14.53,0.066974975168705,-9.89529132843018,-0.811627924442291,-3.50873263654584,8.94568060975235,-7.66229062602789,-3.44655680656433,-9.16069316864014,-3.08253812789917,-4.84796069739562,16.631148628955,-23.6665525401281
14.535,0.0950493812561035,-9.83024501800537,-0.787373423576355,-2.97710230117696,11.6371320201215,-8.20720567933245,-3.42648863792419,-9.18274116516113,-3.09544110298157,-4.62872357786926,16.7189814465868,-24.2541622521608
14.54,0.124330297112465,-9.77772235870361,-0.751228511333466,-2.61783392394747,14.230263711162,-8.80297490610234,-3.42476797103882,-9.21045207977295,-3.09727883338928,-4.4634910565629,16.3774976012956,-25.0086198252385
14.545,0.0908718854188919,-9.7446813583374,-0.720757961273193,-2.29953729022794,15.708668402295,-9.33074106194828,-3.44420552253723,-9.22165203094482,-3.09808850288391,-4.46242810837331,15.7341074418587,-25.6398966441823
14.55,0.0381618775427341,-9.76158809661865,-0.704957127571106,-1.57376661838597,17.9555052335476,-10.4237950178456,-3.47786736488342,-9.22176361083984,-3.11328411102295,-4.26941208507063,16.22402666574,-26.1342179249837
14.555,-0.0195949357002974,-9.79810523986816,-0.725202858448029,-0.537963628276776,20.0849345280622,-11.6340507510322,-3.44104766845703,-9.24244403839111,-3.12702560424805,-3.93422396664684,17.182834961048,-26.6402973764412
14.56,-0.0753265470266342,-9.84024333953857,-0.791708886623383,0.727481580868207,21.9133266500032,-12.840195564112,-3.31728506088257,-9.28395843505859,-3.13211965560913,-3.4802804163411,18.3570862057985,-27.1836901513345
14.565,-0.110235072672367,-9.85306262969971,-0.930763304233551,1.9448570925734,23.4695715920122,-13.9241824438862,-3.11446952819824,-9.31587982177734,-3.11083841323853,-2.9670740893715,19.2284578344466,-27.7349256909422
14.57,-0.159647971391678,-9.88368511199951,-1.06743097305298,2.84529096269653,25.3854908806196,-14.9933973320329,-2.94332695007324,-9.35419082641602,-3.08781456947327,-2.59502109211962,19.535003554586,-28.2631452005943
14.575,-0.200971961021423,-9.94222545623779,-1.18779230117798,3.59766127265258,27.4735497193315,-16.0182586792569,-2.83418488502502,-9.4083890914917,-3.06740617752075,-2.06428102922037,20.0061500035334,-28.6974052129292
14.58,-0.229332014918327,-10.0275020599365,-1.28357660770416,4.25769489554947,29.6978161904718,-16.9806955125615,-2.79683470726013,-9.47953605651855,-3.05382061004639,-1.29183743362388,20.9281418716678,-29.0518817855691
14.585,-0.269881844520569,-10.0952911376953,-1.33097398281097,4.84381519945625,32.2435403922568,-17.8285729980121,-2.81070709228516,-9.5460376739502,-3.0680775642395,-0.477794144000606,22.543850440591,-29.6585733385955
14.59,-0.329596310853958,-10.1168918609619,-1.35817873477936,5.20511385041653,34.6014207314882,-18.4939922250695,-2.88515615463257,-9.57565784454346,-3.00145030021667,0.415509382154995,23.8662006771149,-30.4607961320864
14.595,-0.403566420078278,-10.1118450164795,-1.36897897720337,5.32314378814258,36.9098334256557,-19.0480947365814,-2.99517607688904,-9.55983638763428,-2.92779231071472,1.17592133272424,24.7696878552404,-31.2908212105938
14.6,-0.489571422338486,-10.0901565551758,-1.363640666008,5.1990494962072,39.2039300433229,-19.5214712422929,-3.12510442733765,-9.49225997924805,-2.891273021698,1.67719606626577,25.1779060638173,-32.0400997927334
14.605,-0.580019950866699,-10.0729856491089,-1.32736480236053,5.2719361523877,40.8514228975488,-19.9002462129051,-3.19499135017395,-9.38601589202881,-2.992356300354,1.79524905588027,25.3267854047033,-32.3203356241899
14.61,-0.720013737678528,-10.0324516296387,-1.28025484085083,5.42027035880063,41.7099674309356,-20.2229863115665,-3.22543787956238,-9.30612277984619,-3.03881812095642,2.11164604323688,26.1590268795965,-32.6839407446555
14.615,-0.892327010631561,-9.97358417510986,-1.23504781723022,5.62680674156535,41.9745894499494,-20.5367942303409,-3.24572420120239,-9.25137519836426,-3.04090857505798,2.74548375623266,27.5276994590713,-33.1705678173568
14.62,-1.08522832393646,-9.89926147460938,-1.20199835300446,5.88138325985736,41.7641479065268,-20.8786127549015,-3.27853345870972,-9.22235584259033,-3.00406980514526,3.81098857099959,29.3486979012357,-33.8193094300084
14.625,-1.26531517505646,-9.85532855987549,-1.21610546112061,6.39566619539488,40.8926396740952,-20.9966623294214,-3.34528017044067,-9.19809150695801,-3.00834202766418,4.65683620960621,30.3936861083964,-34.1621644357755
14.63,-1.42590975761414,-9.81359577178955,-1.23188769817352,6.85789882058867,39.4586756087969,-21.17275997415,-3.40521621704102,-9.15024948120117,-3.09042429924011,5.12302607565038,31.1417489168637,-34.4342928326871
14.635,-1.55642092227936,-9.76712417602539,-1.26891088485718,7.29950342071538,37.6506937996433,-21.3530154965358,-3.42695236206055,-9.08180332183838,-3.19244885444641,5.34629642188163,31.7533411306196,-34.6584767167199
14.64,-1.64122760295868,-9.70682621002197,-1.35339152812958,7.75837175085611,35.6766700917666,-21.4700422502275,-3.36811184883118,-8.99489974975586,-3.24324345588684,5.47976173335826,32.4195680275464,-34.859656523628
14.645,-1.65588760375977,-9.65548706054688,-1.4479044675827,7.9626831994987,34.1737825875537,-21.4749309581259,-3.19669222831726,-8.98763847351074,-3.13680624961853,5.21047682957546,32.2102056540126,-35.5406161385946
14.65,-1.62361228466034,-9.63358974456787,-1.53690218925476,8.22753488362335,32.0809272484972,-21.3661243371003,-3.01673269271851,-9.03318405151367,-3.0606381893158,4.72474109656083,30.720350150736,-36.4082311631992
14.655,-1.55863904953003,-9.64446926116943,-1.61227798461914,8.45647001799748,29.5510525006811,-21.1900727961486,-2.82844257354736,-9.11014938354492,-3.03407120704651,4.08315922970673,28.5394400128997,-37.3700891379716
14.66,-1.48205828666687,-9.69573402404785,-1.65887451171875,8.42977593117378,26.9396509073845,-21.0278797090229,-2.62038946151733,-9.1841459274292,-3.07921719551086,3.36454563561958,26.7541617525472,-38.2918812230728
14.665,-1.40598678588867,-9.78139019012451,-1.6686133146286,8.42619947336963,24.2653552246631,-20.9054263700357,-2.39759540557861,-9.2976131439209,-3.06545686721802,3.3591743321676,26.8001921049112,-39.3614717716239
14.67,-1.31751370429993,-9.87579250335693,-1.67274808883667,8.34161611823549,21.81328486923,-20.7230244607032,-2.25251221656799,-9.41400909423828,-3.00329256057739,3.62162114937417,26.7949977460474,-40.5435282150484
14.675,-1.21412408351898,-9.9665641784668,-1.67573070526123,8.21205852873774,19.6659758470155,-20.4733844616338,-2.2303946018219,-9.5090446472168,-2.91421318054199,4.0593129048801,26.7074739944756,-41.6327453121795
14.68,-1.09184122085571,-10.0267057418823,-1.6790417432785,8.17612490351431,17.987562726417,-20.1654470904511,-2.44045162200928,-9.52340698242188,-2.85446500778198,4.58084864754253,27.124212864042,-42.0362455675872
14.685,-0.9361811876297,-10.0610113143921,-1.63466560840607,8.2021265799109,16.5762168325552,-19.7745843925552,-2.71927905082703,-9.45930194854736,-2.886061668396,4.7044703757647,27.6692653749036,-42.0600760976013
14.69,-0.791560471057892,-10.0847129821777,-1.55035221576691,8.28322824611563,15.2217134805135,-19.421986121937,-2.88479852676392,-9.38731479644775,-2.95832324028015,4.66292190815669,28.0788854798076,-42.242735846575
14.695,-0.665065884590149,-10.1005792617798,-1.43151617050171,8.3609267705664,13.9286553640189,-19.0902455414968,-2.91644358634949,-9.3235034942627,-3.05673241615295,4.51885998506961,28.2968487690538,-42.7245203151547
14.7,-0.545352816581726,-10.1063013076782,-1.29567468166351,8.16904455866594,12.9287489667012,-18.5769397498974,-2.90031504631042,-9.27221775054932,-3.16422200202942,4.33194289380892,28.3245434785909,-43.6215871154605
14.705,-0.452211052179337,-10.1199560165405,-1.19145619869232,7.69047284031701,12.4273072136902,-18.3083818343744,-2.91939663887024,-9.30071353912354,-3.1395947933197,4.54749427250441,28.4089424186174,-44.9063730190965
14.71,-0.374089241027832,-10.1404161453247,-1.04841578006744,7.27552945672863,12.2357801716266,-18.1541220119697,-2.95951342582703,-9.36207485198975,-3.130042552948,4.80966169228525,28.3472999613581,-46.2432732660998
14.715,-0.310591846704483,-10.1683120727539,-0.847375333309174,7.08704483705343,12.2657809237822,-18.0818210445105,-3.00659465789795,-9.43670177459717,-3.18087649345398,4.96557185914819,28.035793816334,-47.5109222251083
14.72,-0.286565393209457,-10.2100734710693,-0.638338625431061,7.44837678518591,12.2512522576439,-18.1629244182625,-2.98179650306702,-9.48861026763916,-3.24604654312134,4.7591818985638,27.2379218533444,-48.6483331370231
14.725,-0.267085194587708,-10.2407655715942,-0.471922904253006,7.77509803035982,12.8949045255902,-18.2032327796494,-2.87039279937744,-9.56886577606201,-3.20332956314087,4.74145883832808,27.3240283406634,-49.6502365108993
14.73,-0.233056619763374,-10.2705745697021,-0.344609588384628,8.02210072263594,14.2243923097967,-18.2048822703339,-2.75439190864563,-9.67966842651367,-3.12597632408142,4.77924259104295,27.772198033243,-50.5716324450286
14.735,-0.17499352991581,-10.3041324615479,-0.255587309598923,8.16585998296542,16.2913467177469,-18.1702788244513,-2.68012809753418,-9.81979656219482,-3.05011057853699,4.80374247959578,28.3205324500008,-51.4494073760236
14.74,-0.118090860545635,-10.3288841247559,-0.184573456645012,8.29115809574202,19.0765783329676,-18.1610495313354,-2.70712995529175,-9.91582870483398,-2.96471905708313,4.78625932975467,28.8508727333902,-52.505713206639
14.745,-0.0409244149923325,-10.3371648788452,-0.0950580611824989,8.3946943720493,21.3855391498161,-18.1654191448569,-2.72737836837769,-9.95000457763672,-2.90263438224792,4.84424763580807,30.1209839755945,-53.5446840171409
14.75,0.0436316654086113,-10.3250370025635,0.016389325261116,8.74693576528332,24.0751122581635,-18.2543157644519,-2.7240948677063,-9.94725894927979,-2.78739953041077,4.94749704417022,31.4900475833994,-54.7023464399447
14.755,0.125783041119576,-10.2881183624268,0.153841808438301,9.57837810804356,27.8506137275566,-18.4893750171906,-2.68248391151428,-9.92517757415771,-2.55490565299988,5.07473365001062,32.4540946338008,-56.0942365399558
14.76,0.165870383381844,-10.2506265640259,0.266047060489655,10.4909468764443,31.5543196634892,-18.7603764328892,-2.73022723197937,-9.87311935424805,-2.38743019104004,5.27192761465124,32.8863534007088,-57.482298318937
14.765,0.152932167053223,-10.2353944778442,0.388688892126083,11.5048158879727,35.2100008318201,-19.0673524549462,-2.88281345367432,-9.79557514190674,-2.29884266853333,5.27023714283166,33.2869918068543,-58.6044983995701
14.77,0.0900102257728577,-10.2558212280273,0.503679871559143,12.7576911478065,38.7314414622036,-19.4583978604024,-3.08328294754028,-9.71959209442139,-2.24925565719604,5.13712145166317,33.8967569450071,-59.8136126373916
14.775,-0.0229185707867146,-10.3314828872681,0.587706327438354,14.4409733395096,42.0000045838511,-20.0004041068942,-3.26375436782837,-9.67927742004395,-2.19155406951904,4.94722767858483,35.0341985927731,-61.5595524232195
14.78,-0.166858583688736,-10.5019645690918,0.596511125564575,16.8545470412332,44.8551466003215,-20.5248721351446,-3.50273728370667,-9.68174648284912,-2.08544683456421,4.62680301405202,35.7633964187529,-63.9070611201962
14.785,-0.321979910135269,-10.7105741500854,0.57911604642868,19.8757002205754,47.3324459670013,-20.9388789290431,-3.77777481079102,-9.74331378936768,-1.97280406951904,4.02907224232987,35.6199385405205,-66.6744556963994
14.79,-0.467486917972565,-10.9427185058594,0.534592032432556,23.4903165840689,49.501338386993,-21.1420582738307,-4.10079574584961,-9.84802341461182,-1.87556195259094,3.17408666438742,34.6609424150103,-69.682190969117
14.795,-0.56505274772644,-11.1791877746582,0.453162997961044,27.747037323888,51.4571801312991,-20.9318284662723,-4.5018162727356,-9.96846771240234,-1.83249866962433,2.08820568777905,32.9576537454546,-72.6345265774767
14.8,-0.614553391933441,-11.3551597595215,0.395833015441895,32.3513515132109,52.527907906347,-20.1350527486445,-4.9037938117981,-10.0739393234253,-1.79306137561798,0.587517664561423,31.8755741960061,-75.3945103984305
14.805,-0.673359870910645,-11.5630970001221,0.342855542898178,36.857838610599,53.0881336824498,-18.7965815581321,-5.19269132614136,-10.2101535797119,-1.67915141582489,-1.21728442472931,30.7292089060895,-78.3318332509945
14.81,-0.740532100200653,-11.7960596084595,0.299760788679123,41.0541634026823,53.186710387646,-16.9476595950934,-5.35238695144653,-10.3850574493408,-1.5150865316391,-3.28149779238822,29.4994094403667,-81.4689732877272
14.815,-0.793233752250671,-12.0025081634521,0.290715754032135,44.4563830811032,52.7875438872667,-14.6164733426858,-5.36570310592651,-10.60866355896,-1.39544904232025,-5.53891245223104,28.3721123310654,-84.7550660898795
14.82,-0.885679364204407,-12.2156581878662,0.320310056209564,47.4104501424175,52.0115319447157,-12.2015156738815,-5.36985874176025,-10.8624124526978,-1.42869329452515,-7.54163106547139,27.6365777970832,-87.7285138129637
14.825,-0.997805535793304,-12.4373397827148,0.37568610906601,50.6159125614178,50.8846497694065,-9.76207263067647,-5.41445207595825,-11.1334257125854,-1.45688164234161,-9.27498537397982,27.1356107422195,-90.7007389321865
14.83,-1.11927592754364,-12.659930229187,0.441229909658432,54.2885838253091,49.4140929656299,-7.27228084800464,-5.50471496582031,-11.4140586853027,-1.42066872119904,-10.8140626355101,26.7346718077506,-93.7255155268833
14.835,-1.22191739082336,-12.8460302352905,0.456933975219727,58.7360956543088,47.6074430433644,-4.55215886482071,-5.61546564102173,-11.6815233230591,-1.20104813575745,-12.5239432913885,25.9631387617478,-96.7424305738454
14.84,-1.26230466365814,-12.9419116973877,0.373150497674942,63.3038597938357,45.9187539031596,-1.87329890818647,-5.72471046447754,-11.9326610565186,-0.937936425209045,-14.4521099629513,24.8450402097113,-99.4577859387623
14.845,-1.22162520885468,-12.9638032913208,0.264433026313782,67.2919047973686,44.340030808592,0.462978129669526,-5.79077672958374,-12.1245346069336,-0.727864801883698,-16.1672968220411,24.2123051453796,-101.573846845524
14.85,-1.09690487384796,-12.9112281799316,0.168589130043983,70.698926098776,42.6857316708582,2.50348716573134,-5.79070329666138,-12.2408494949341,-0.609169661998749,-17.6694995997898,24.3407161168705,-103.114293559983
14.855,-0.936352729797363,-12.754222869873,0.189291015267372,75.5842803743301,39.4660044017763,5.53702091671777,-5.66619968414307,-12.2841367721558,-0.609821140766144,-20.1979058569343,25.0274301662127,-105.237123184212
14.86,-0.743554055690765,-12.5627994537354,0.342565447092056,80.1301742481346,35.6455551650026,8.24492625279749,-5.36059188842773,-12.3322553634644,-0.580833554267883,-22.5707443104479,25.8793477085574,-107.235506761763
14.865,-0.543392956256866,-12.3561677932739,0.555437386035919,84.4279819909059,31.634038216387,10.616449894896,-4.93916511535645,-12.3951568603516,-0.503425002098083,-24.7564407033452,27.2361408815183,-108.878290200557
14.87,-0.348492681980133,-12.1423721313477,0.788368225097656,88.5635659107003,27.6822820079144,12.6141803356081,-4.43009614944458,-12.4813795089722,-0.375626713037491,-26.6887439082241,29.3642468268813,-110.011869376347
14.875,-0.157031714916229,-11.8989410400391,0.963327765464783,93.4626693570537,24.6044894848799,14.003299940137,-3.83618426322937,-12.635272026062,-0.38884761929512,-27.662151732883,33.327720224875,-110.423026273814
14.88,0.0134068792685866,-11.6477994918823,1.09866464138031,98.8219841194934,21.8854116668653,15.1091690384646,-3.11207747459412,-12.7822256088257,-0.658434927463531,-28.0432899489481,38.686283666506,-110.049572020565
14.885,0.145243898034096,-11.4175243377686,1.21316611766815,104.531660265598,19.2488322887408,16.0810469007495,-2.34886598587036,-12.9239740371704,-0.986093938350677,-27.5914729353518,45.2757530645054,-108.994000435286
14.89,0.222124338150024,-11.2321367263794,1.32050943374634,110.525745488742,16.4799623916768,17.0295313651271,-1.61665666103363,-13.061577796936,-1.21755349636078,-26.0641384765521,53.0408175469745,-107.296124690647
14.895,0.22450777888298,-11.1442584991455,1.4397429227829,118.30975008578,12.4353898887992,17.9503860067647,-1.54958963394165,-13.1348581314087,-0.850007951259613,-24.4943287788513,57.9014601981115,-105.854408360641
14.9,0.277794182300568,-11.0222463607788,1.41389405727386,128.056102182308,7.55014575004545,18.7532218097336,-2.31658244132996,-12.9482202529907,-0.389985352754593,-23.3672280374888,62.0164647579366,-105.017812640152
14.905,0.400227814912796,-10.792290687561,1.18936884403229,138.614276903205,2.41840883532579,19.3675307312318,-3.76732349395752,-12.4181499481201,-0.116930283606052,-22.9952883786884,65.91694673631,-104.843574514425
14.91,0.620050072669983,-10.3533506393433,0.68354868888855,148.601188262301,-2.23225096228003,19.6902213110218,-5.76555585861206,-11.4133033752441,-0.396321803331375,-23.8291708065297,70.2537207082962,-105.454548596061
14.915,0.9523885846138,-9.82555198669434,0.0320774242281914,155.648181296948,-4.15877283891336,19.6309882029921,-6.99578237533569,-10.2815294265747,-1.26832485198975,-26.7247919391161,69.3419587559912,-106.913470172587
14.92,1.27579832077026,-9.34956359863281,-0.61236697435379,160.964978131804,-4.01765985000042,20.070835310068,-7.21931934356689,-9.39243412017822,-2.0090754032135,-29.7130987387397,66.7363577008472,-107.779831857478
14.925,1.59044301509857,-8.96649742126465,-1.17588460445404,164.322589844756,-2.35904125794686,21.2967962094774,-6.61154460906982,-8.79548358917236,-2.61100697517395,-33.3977535695298,61.6174724273812,-108.188188377386
14.93,1.90849351882935,-8.74922180175781,-1.52600729465485,164.95349441839,0.0035756002785667,23.8427389773159,-5.44237279891968,-8.576247215271,-3.12136602401733,-39.2030830998659,51.7939494385157,-108.496912927871
14.935,2.29377102851868,-8.7751636505127,-1.47444558143616,163.973539857412,1.47273243247073,25.9640488844547,-4.51414775848389,-8.65806198120117,-3.47653746604919,-44.0356161074737,40.5553341970287,-109.105175424406
14.94,2.73418521881104,-8.89843273162842,-1.15539658069611,163.637959003111,2.46131715090886,27.5919971523705,-3.34674143791199,-8.90288925170898,-3.94226598739624,-47.6400332909891,32.0463801516752,-109.725964487879
14.945,3.19043970108032,-9.10566234588623,-0.635626792907715,164.311074145815,3.11302562698115,28.8621766964666,-2.02049326896667,-9.27010059356689,-4.53099060058594,-50.1385574705148,26.3130049566979,-110.250154185921
14.95,3.55405426025391,-9.41865539550781,-0.0423201993107796,166.324299724433,3.66511664778245,30.1614972426564,-0.92926949262619,-9.70283031463623,-5.19344520568848,-51.8790228597228,22.2339340220963,-110.455818012019
14.955,3.54818964004517,-9.73530292510986,0.390024572610855,171.162040751283,4.54928250140649,33.1428816455562,-0.0645315125584602,-10.1257162094116,-5.67069721221924,-53.3190111518691,15.1619903064109,-110.185144445401
14.96,3.29190731048584,-9.99312686920166,0.601843953132629,175.763170364906,5.88890842077542,37.3904499318874,0.744556546211243,-10.5195779800415,-6.00042629241943,-55.2416308560523,6.3677302948027,-109.537253191301
14.965,2.82348132133484,-10.1847457885742,0.613640308380127,178.946885461589,7.67078311248716,42.7391915614919,1.54488456249237,-10.8725118637085,-6.19495534896851,-57.6893281828693,-3.43606924217384,-108.531104854856
14.97,2.20245933532715,-10.338189125061,0.580655634403229,178.263893865344,9.70987461749194,48.8349031692965,2.3844358921051,-11.1481504440308,-6.27411794662476,-60.0770871846249,-12.1936840082245,-107.155982869257
14.975,1.66197741031647,-10.5486059188843,0.485460072755814,174.494039254847,11.4935631513151,54.4515794596623,3.12940788269043,-11.2115526199341,-6.43719959259033,-61.2812290447306,-18.2957767202612,-105.33984239914
14.98,1.18573951721191,-10.8258419036865,0.378800392150879,168.306010810221,13.4997237530103,59.3412572449611,3.76477909088135,-11.1164741516113,-6.63646602630615,-61.7099395283648,-22.8095926106287,-103.095408086928
14.985,0.775037825107574,-11.1729040145874,0.288460791110992,159.966595720445,15.7664005762545,63.288286962528,4.28859186172485,-10.8810739517212,-6.84061098098755,-61.4568946799942,-26.1087857156091,-100.351277135038
14.99,0.46896168589592,-11.5700912475586,0.300026655197144,150.375452842617,17.2281857095896,65.4310060976202,4.75389385223389,-10.5424013137817,-6.92139959335327,-60.3427132414467,-28.6447410393338,-96.6082241868438
14.995,0.242249503731728,-11.9225339889526,0.344938635826111,141.397319442797,16.6450036676864,66.2959675937323,5.19499921798706,-10.1576766967773,-6.97484350204468,-58.9156271766425,-30.6926366581787,-92.6150702018118
15.0,0.0846551507711411,-12.1914978027344,0.401860624551773,133.302602710226,14.4965898623737,66.396111827343,5.57793664932251,-9.77867603302002,-6.97826337814331,-57.5708312309587,-32.2887972256973,-88.8384741946041
15.005,-0.0067501459270715,-12.3573694229126,0.459992706775665,126.307382509488,10.9587072591107,65.9726742497481,5.87981176376343,-9.4390811920166,-6.9121298789978,-56.3514546339093,-33.2541966535544,-85.3793522102079
15.01,-0.0564630329608917,-12.5185480117798,0.515620410442352,120.84823087195,6.20282049993462,65.2600737834515,6.0694522857666,-9.24753856658936,-6.69036769866943,-52.1974838448693,-30.4730973027816,-79.4039885355789
15.015,-0.0042459960095584,-12.5724124908447,0.500350892543793,116.502017578531,0.502415054967798,64.7307204623972,6.39237833023071,-8.89358901977539,-6.41898441314697,-44.249073179415,-17.0735826701791,-72.6837790715817
15.02,0.0995157212018967,-12.526517868042,0.440974622964859,113.111709750022,-6.28831056268109,64.3492748878195,6.72949981689453,-8.36257266998291,-6.3732271194458,-34.9436234541896,2.60922937969713,-65.3844651886158
15.025,0.217875391244888,-12.3807649612427,0.356114447116852,110.610863306179,-14.3521569746373,64.0966740017449,6.98689889907837,-7.63198280334473,-6.78598308563232,-26.1380155101622,25.5096398140683,-57.6025028181401
15.03,0.292687743902206,-12.1564540863037,0.337855070829391,108.259686797618,-23.8020208045789,63.9252089328209,6.80534076690674,-6.99354219436646,-7.04252338409424,-18.2446322637561,36.5377827762814,-48.3792749101433
15.035,0.30346006155014,-11.9063158035278,0.34858438372612,105.713344463713,-32.7940536393599,63.7651639401891,6.28019189834595,-6.58483791351318,-6.52089643478394,-5.91240640595438,47.9289366325023,-37.5474691507169
15.04,0.257659792900085,-11.6327533721924,0.38605597615242,103.245856663776,-40.7807543453013,63.5455323772382,5.45522880554199,-6.3349347114563,-5.54966163635254,9.95056109233308,62.5272877757727,-25.2612804754683
15.045,0.160317420959473,-11.3369789123535,0.449504524469376,101.207536970147,-46.9968958485515,63.1725084259071,4.362389087677,-6.16692352294922,-4.50703954696655,28.4749152158106,84.1530054051104,-11.6025661402794
15.05,0.0328356251120567,-11.0581769943237,0.569115340709686,97.9995610415321,-56.6784260347616,62.016840418341,3.12102508544922,-5.72578620910645,-4.2428731918335,38.6561761926446,97.4576265120266,1.73988258197279
15.055,-0.0655770301818848,-10.8001289367676,0.647073924541473,94.8995704036951,-64.64453713545,60.1268724334851,2.15395903587341,-5.28180742263794,-3.98291683197021,43.1231472305896,97.87441148537,13.9563082386474
15.06,-0.0966539680957794,-10.5537776947021,0.652319490909576,92.0995889949617,-69.9515326488473,57.5536328146286,1.53079843521118,-4.88293075561523,-3.59744310379028,44.3425989597199,88.5860030821238,25.1607759493789
15.065,0.0129653792828321,-10.3028020858765,0.528642177581787,89.860509551059,-71.0768063146069,54.3167822612975,1.37512469291687,-4.59629154205322,-2.90894150733948,46.369870822366,75.0818311684165,35.5481191013978
15.07,0.208658769726753,-10.0778360366821,0.402816951274872,87.9225048457704,-67.6152391224878,50.4806474950949,1.30091309547424,-4.30923128128052,-2.48957324028015,50.5993015413563,67.4801926222183,45.8730735979905
15.075,0.445815145969391,-9.85149765014648,0.4065181016922,86.3123423904533,-63.1636496705536,46.5636740249705,1.29783308506012,-4.06052303314209,-2.28255391120911,53.9933215776786,61.7871548169318,55.8113335196284
15.08,0.714195132255554,-9.6219482421875,0.541040360927582,85.117701323483,-58.6015682484162,42.7224917489713,1.41269814968109,-3.86989831924438,-2.24186229705811,56.0114580623098,56.8999222393559,64.712074045963
15.085,1.00307190418243,-9.39349746704102,0.774161696434021,84.6216793255783,-55.1696850584299,39.2311210264088,1.79617249965668,-3.78594183921814,-2.26938772201538,56.0609291224682,51.1359665799172,70.7055855332167
15.09,1.32198262214661,-9.16209030151367,0.939057350158691,83.9971541486291,-51.5780847248921,36.869467007661,2.18953418731689,-3.81972670555115,-2.27172946929932,55.1064989784181,40.0963215791418,78.9715829196037
15.095,1.62771952152252,-8.94992256164551,1.04734432697296,82.5553217054069,-47.1606632942809,35.465388435076,2.72268056869507,-3.95715522766113,-2.23887228965759,53.8292536036258,28.4284374860559,87.0807591626472
15.1,1.89171481132507,-8.77302742004395,1.10790812969208,80.1393267016225,-41.8497609126783,34.9899082311002,3.35922861099243,-4.18810272216797,-2.13488078117371,52.6030638928792,17.8133348459738,94.615974119167
15.105,2.02386116981506,-8.68403911590576,1.15059733390808,76.7059067190729,-35.9957696996004,35.4799606436703,3.7994966506958,-4.47941493988037,-1.80207014083862,52.4916020358138,11.4483225395739,102.059971899321
15.11,2.17483925819397,-8.55183792114258,1.20029079914093,73.1947591837687,-29.856795673593,36.4170318619447,3.86059975624084,-4.73125791549683,-1.47259843349457,53.3492893804598,9.37403080090782,109.604448592356
15.115,2.28881525993347,-8.4357967376709,1.21221470832825,69.8222918093723,-23.1764386558555,37.5133421105289,3.62035536766052,-4.98085975646973,-1.20257937908173,54.1933197618604,9.3715531497864,117.087856564021
15.12,2.3497154712677,-8.35022830963135,1.17239856719971,66.6501812040892,-15.91106739797,38.6116433592561,3.10156440734863,-5.23978281021118,-1.01216423511505,54.632552151911,10.4656171199073,124.391596409569
15.125,2.39174509048462,-8.24231243133545,1.10164701938629,63.5420353203832,-8.55199277486105,39.2056136849533,2.34797334671021,-5.49871206283569,-0.893386900424957,54.244047576826,10.4380684056637,131.026401188184
15.13,2.46560144424438,-8.11361217498779,1.06484341621399,60.3467157323003,-2.11184241117552,39.2701897084612,1.59681856632233,-5.76250839233398,-0.832666516304016,51.9109608242818,6.28812998955491,136.644846497545
15.135,2.55429887771606,-7.9678635597229,1.0476291179657,57.2868183048913,2.98794202483318,38.8637832075617,0.951533317565918,-6.04300689697266,-0.777598202228546,48.2350725412914,-1.26398605662269,141.422973633319
15.14,2.64808416366577,-7.80914545059204,1.04480540752411,54.5159983888193,6.41010863039487,38.0103100896336,0.479916155338287,-6.34942865371704,-0.706816136837006,43.6295955122623,-11.8076340323725,145.417882976968
15.145,2.71792984008789,-7.69246816635132,1.07961428165436,52.5499762475553,7.42819272241488,37.056320492785,0.313848108053207,-6.7186131477356,-0.727931022644043,41.1580300893907,-21.3910220841723,148.824508127404
15.15,2.71282839775085,-7.63815021514893,1.11677706241608,49.7100211567044,7.80587059389167,35.1179503723758,0.406791001558304,-7.13421487808228,-0.843641877174377,40.7268470772769,-28.9441048155609,152.549010281812
15.155,2.64714121818542,-7.61952209472656,1.14356637001038,46.6860675998026,7.44210667152784,32.5626980566986,0.704109609127045,-7.56730890274048,-1.00841021537781,41.1625824104725,-34.5652036534142,156.51948120861
15.16,2.52858948707581,-7.61754131317139,1.14921677112579,44.0159827287045,6.21108887081175,29.645278375376,1.17483139038086,-7.99594449996948,-1.1889945268631,41.5843329313424,-38.2142868590069,160.693737659485
15.165,2.37438154220581,-7.6393609046936,1.15210342407227,42.3471387031332,4.41359097514725,26.8089364545961,1.6738508939743,-8.4165153503418,-1.28018772602081,41.4963396042652,-39.8794050163859,163.364847058959
15.17,2.18071293830872,-7.63406324386597,1.16327369213104,41.1007657833893,2.56783608544933,24.037829670579,2.02540826797485,-8.73698234558105,-1.3386412858963,41.9323242393654,-41.5468420229882,166.875755537642
15.175,1.96813917160034,-7.61032247543335,1.17821860313416,40.2086303796643,0.541751875306047,21.3966826034469,2.31418824195862,-9.0261058807373,-1.40875458717346,42.9689796157387,-42.2100841272477,170.657918149023
15.18,1.76103281974792,-7.57761669158936,1.19156312942505,39.6122694877576,-1.84446910658667,18.976808052214,2.64176058769226,-9.36786651611328,-1.54720795154572,44.7488756870252,-40.5272689497292,174.017893107427
15.185,1.55924153327942,-7.53292036056519,1.18497836589813,38.9119189657374,-4.57316041585803,16.8835207036924,2.68834018707275,-9.46907234191895,-1.68645334243774,46.5796327619663,-36.1588780320749,177.249064358464
15.19,1.35354351997375,-7.502525806427,1.20800483226776,37.8624945507108,-7.5385651643077,15.0949315091397,2.46850395202637,-9.42506122589111,-1.73275065422058,48.2927432435484,-31.2917262106589,180.408737189268
15.195,1.15578639507294,-7.4898567199707,1.26024782657623,36.2936957210072,-10.9138431615475,13.6425182491196,2.02405071258545,-9.27464485168457,-1.6819783449173,49.7147271570426,-26.257144254571,183.511459902773
15.2,0.990225613117218,-7.50049734115601,1.33882009983063,33.8539692249516,-15.0813599232589,12.6236034353418,1.40899860858917,-9.07012844085693,-1.52597606182098,50.5039828363942,-21.4351041250756,186.572805330286
15.205,0.896083414554596,-7.52217483520508,1.38958251476288,31.384575802236,-19.9372248570715,12.0594007815947,0.841439664363861,-9.02505493164063,-1.57557022571564,49.6238788108922,-20.6572036352191,189.167061441219
15.21,0.772016108036041,-7.57070398330688,1.45312631130219,29.2234732129927,-24.8489180496126,11.6939352883539,0.453436642885208,-9.15081691741943,-1.73748362064362,47.3444329489947,-24.9824158044878,190.970490929291
15.215,0.634117126464844,-7.63979053497314,1.52800822257996,27.3009218107013,-29.6365664690897,11.4371782321694,0.284904688596725,-9.43195533752441,-1.95381140708923,43.9825421225281,-33.5405250137505,192.041491911905
15.22,0.564798653125763,-7.70724248886108,1.59630012512207,25.3128108376615,-33.9956273483377,11.1301928186022,0.423889935016632,-9.83348369598389,-2.09496879577637,40.2634938741724,-43.7997252792036,192.601102970983
15.225,0.532020628452301,-7.78731489181519,1.68830668926239,23.0391125799505,-37.154125386605,10.8537981147803,0.667384684085846,-10.2018508911133,-2.20674872398376,37.5243728660385,-50.5334551026628,193.084571081193
15.23,0.49724292755127,-7.87787914276123,1.75239336490631,20.4045429849892,-38.9157711924293,10.582798406629,0.838701009750366,-10.4708852767944,-2.24649167060852,36.0578971002909,-53.7428243898684,193.576809154298
15.235,0.457876056432724,-7.98032712936401,1.78779220581055,17.5009407763576,-39.1187405089,10.3035324620346,0.889769971370697,-10.6316823959351,-2.22003674507141,35.8496002362676,-53.671035686597,194.081969945312
15.24,0.440376371145248,-8.1032772064209,1.84255504608154,14.8321877921477,-37.204142861897,9.97743959426437,0.772957503795624,-10.7088756561279,-2.19729614257813,36.5392615122367,-51.4519174705436,194.534374355177
15.245,0.463474601507187,-8.15200328826904,1.92444682121277,13.1348132126396,-34.8322674650563,9.41984856363391,0.708855867385864,-10.7588949203491,-2.29822134971619,37.7379733719523,-48.7717990515548,195.093999074633
15.25,0.488495856523514,-8.21929454803467,2.02058243751526,11.7839255919898,-31.1271869535533,8.65419033409101,0.686143815517426,-10.801251411438,-2.42153716087341,38.799716033147,-47.7919162075627,195.554012315233
15.255,0.505302309989929,-8.32834339141846,2.1329140663147,10.6842634280704,-25.9097710786679,7.685134193707,0.708446621894836,-10.8457880020142,-2.5351734161377,39.5027474044164,-49.2368734623301,195.824515127122
15.26,0.538666546344757,-8.40487575531006,2.30893397331238,10.7055761796018,-20.4890495004952,6.53760819851832,0.825552821159363,-10.9194936752319,-2.65547895431519,39.8839197714273,-52.5350966804484,195.780077916382
15.265,0.576269388198853,-8.46386909484863,2.50082659721375,11.3963798047096,-14.8921107492835,5.32922863291942,0.928384780883789,-10.9777803421021,-2.71793174743652,40.7404186631577,-53.9903367850113,195.946338381158
15.27,0.618745684623718,-8.50674915313721,2.69200277328491,12.4686990138341,-9.08759230391135,4.08615768275237,0.961772441864014,-11.0197954177856,-2.7641909122467,42.0463542475588,-54.0471810343788,196.381558035072
15.275,0.66782021522522,-8.53132247924805,2.87240242958069,13.773037187743,-3.02555544970562,2.82331546937225,0.891048550605774,-11.0420341491699,-2.82086539268494,43.7702188619891,-52.9547742389053,197.134190240094
15.28,0.743632078170776,-8.50061321258545,3.01926612854004,14.9727086890369,3.68729043003608,1.59537989824083,0.685764372348785,-11.005729675293,-2.98734045028687,45.1413759227746,-52.3727089329314,198.254177339436
15.285,0.801095902919769,-8.43177127838135,3.1675660610199,15.7994228333442,10.6210508810756,0.481042112394359,0.42290660738945,-10.9542236328125,-3.10264706611633,46.1657881850606,-52.8136932665041,199.387524288794
15.29,0.844993531703949,-8.33811092376709,3.31254363059998,16.2827697076967,17.6454607490059,-0.556199112782799,0.12013453990221,-10.9143581390381,-3.17150807380676,46.9748923941403,-54.0890808298422,200.586113205105
15.295,0.878300249576569,-8.2287073135376,3.45020818710327,16.4252781896344,24.662394121116,-1.54067552579602,-0.210940212011337,-10.9082126617432,-3.19483804702759,47.6601174622435,-56.0998031441293,201.895200921808
15.3,0.898804664611816,-8.09414958953857,3.58044195175171,15.9446309475514,30.9913618117184,-2.45247440381122,-0.476015239953995,-10.96213722229,-3.20991659164429,47.8837890820885,-59.9836501967791,202.932597373706
15.305,0.90594470500946,-7.98837089538574,3.67274785041809,15.0167377959741,36.5977552522887,-3.28261687619504,-0.691735208034515,-11.0188360214233,-3.26234984397888,47.6909557663461,-65.3728470368376,203.72413433624
15.31,0.901648998260498,-7.88605308532715,3.76049089431763,13.5420922702056,41.4299740711947,-4.09589283675375,-0.860730111598969,-11.0759124755859,-3.34304261207581,47.1826121071788,-71.540623970575,204.339657323864
15.315,0.887461304664612,-7.75565004348755,3.88524150848389,11.3536134289952,45.3636473538397,-4.97240674407325,-0.982710361480713,-11.130389213562,-3.44274091720581,46.4613748666767,-77.6337332763058,204.853424153232
15.32,0.860953450202942,-7.6657338142395,3.97213673591614,8.4705991180693,47.8558843442344,-5.91729554073964,-1.09321224689484,-11.1533832550049,-3.45704436302185,46.1779254312157,-80.5041475957603,205.102370888101
15.325,0.799812734127045,-7.60162353515625,4.01447725296021,5.22071016049943,49.4876609331801,-6.84928211006387,-1.20932996273041,-11.1940069198608,-3.43263649940491,46.2046041501138,-82.9466710542811,205.342452037427
15.33,0.711083769798279,-7.54908418655396,4.01124954223633,1.66964817362437,50.4319311708397,-7.74326764128027,-1.35001611709595,-11.2692956924438,-3.36196112632751,46.5426438725161,-84.8071599426792,205.526812503503
15.335,0.607559144496918,-7.48391008377075,3.95644092559814,-2.12429213848516,50.8828909956953,-8.55625481290314,-1.55196750164032,-11.410005569458,-3.22091674804688,47.2405867528538,-85.4380850068808,205.533888579484
15.34,0.516802072525024,-7.43649291992188,3.84736394882202,-5.60456508430685,51.0893300482643,-9.26192946738134,-1.66284883022308,-11.6208944320679,-3.1240611076355,48.5635295082882,-85.5882125648377,204.889309967131
15.345,0.426551818847656,-7.38562250137329,3.7074146270752,-8.51966634329302,51.0151473636888,-9.75381322442263,-1.6450412273407,-11.8588485717773,-3.06503844261169,50.1492091505254,-85.2079076318514,203.49544594245
15.35,0.325955361127853,-7.33173131942749,3.54867935180664,-11.3029607461104,50.5993732583426,-10.1505533000993,-1.50000309944153,-12.0950880050659,-3.02231216430664,51.8779505200231,-84.2988367740793,201.195598305502
15.355,0.186957836151123,-7.28351449966431,3.39610552787781,-15.2946274574507,49.646708718193,-10.8273678440132,-1.23408949375153,-12.2614154815674,-2.9370219707489,53.5463710738659,-82.8358307444301,197.487037812617
15.36,0.0526762865483761,-7.23520612716675,3.24498891830444,-18.9245280767594,47.526758018699,-11.3433971735442,-1.03873097896576,-12.3136510848999,-2.81324505805969,54.4157619476547,-81.6283489218203,192.512843266528
15.365,-0.0877605825662613,-7.17809534072876,3.12738251686096,-22.1748033669042,44.5193847460074,-11.8038902349337,-0.992406129837036,-12.2588529586792,-2.67882204055786,54.6342528690143,-80.8943358124757,186.888223466158
15.37,-0.230636462569237,-7.1170015335083,3.04730176925659,-25.0442904881789,40.6940314334096,-12.2291711098309,-1.12208497524261,-12.0933532714844,-2.54406905174255,54.2428044823971,-80.6714804002365,180.863518504964
15.375,-0.34773725271225,-7.08313369750977,2.99143266677856,-27.5453981867581,36.0948962350248,-12.6088399814508,-1.47514927387238,-11.792986869812,-2.4292893409729,53.2844674701418,-80.9177018896263,174.991919064206
15.38,-0.479603946208954,-7.09462356567383,2.97174620628357,-29.8235053315783,31.1924835620186,-13.0241026763829,-1.93162882328033,-11.4362077713013,-2.34448289871216,51.925912108375,-81.6974977569775,169.215587101991
15.385,-0.630892992019653,-7.14276123046875,2.96920561790466,-32.095041834417,26.0634810708444,-13.3666571538265,-2.3878321647644,-11.0844802856445,-2.25872278213501,49.8826541879765,-82.695497677743,163.640718399535
15.39,-0.808260202407837,-7.23210668563843,2.98370432853699,-34.4490733620511,20.7116521957351,-13.583422598647,-2.7857837677002,-10.7641668319702,-2.15631723403931,47.0849130812909,-83.779004736728,158.310069941042
15.395,-1.04729092121124,-7.41393136978149,3.06245636940002,-37.0045579041601,15.0128445881472,-13.565760583227,-2.94689989089966,-10.515851020813,-1.99702322483063,43.9279654959651,-84.699324916063,153.223505122729
15.4,-1.26646137237549,-7.62408113479614,3.13738918304443,-39.3916577926607,9.76332511661552,-13.5672171210675,-2.81549429893494,-10.4210453033447,-1.91699361801147,41.4684895079244,-85.4792778777651,149.288865368316
15.405,-1.46197307109833,-7.82472324371338,3.19861054420471,-41.7621842271404,5.26052760203966,-13.4344467813389,-2.46057915687561,-10.4190473556519,-1.9030898809433,38.6974168748531,-86.2315139318153,144.620717938557
15.41,-1.63707947731018,-8.00515460968018,3.24171376228333,-44.1897768921355,1.74975145827152,-13.0844602043046,-1.87877559661865,-10.4782752990723,-1.94943583011627,35.0815796150455,-86.9095741314792,138.217019440699
15.415,-1.91008520126343,-8.34164905548096,3.29507327079773,-46.574417912535,0.0740829931620954,-12.6144672035532,-0.577164053916931,-10.5141944885254,-2.00895142555237,30.9216563161438,-85.6349788700848,130.68665391849
15.42,-2.16229748725891,-8.729172706604,3.39877676963806,-48.8055675068113,-0.725539032379573,-12.1325623528893,0.760108709335327,-10.3126573562622,-1.85706079006195,26.3159351078519,-80.7892875030409,121.828718187683
15.425,-2.40311360359192,-9.14448070526123,3.57268452644348,-50.5841965780068,-1.11190837293606,-11.721157007291,1.89314305782318,-9.87928199768066,-1.50121176242828,22.7609258052451,-70.0758899030658,111.849326866864
15.43,-2.63931465148926,-9.57077312469482,3.83690237998962,-51.6445936919351,-1.42807003893143,-11.4501607142343,2.6184937953949,-9.20434379577637,-0.934844851493835,21.5120564513595,-51.3076194790433,100.843870377979
15.435,-2.86626625061035,-9.97064971923828,4.19663190841675,-50.7438898158963,-1.56095435744179,-11.0783576592173,2.50263047218323,-8.22652435302734,-0.662859916687012,24.1893266814644,-20.95635055294,88.6803279945617
15.44,-3.08402752876282,-10.3305292129517,4.55425596237183,-48.7620387112308,-1.17220677703281,-10.4610528459944,1.88738977909088,-7.25244808197021,-0.849901556968689,24.9431029431725,7.69937769944742,75.25749680368
15.445,-3.29554677009583,-10.667407989502,4.86892652511597,-46.1051634259876,-0.199199052048837,-9.65618335420011,0.861334562301636,-6.41738271713257,-1.25702369213104,22.813593393935,32.0027318277843,60.2437301399948
15.45,-3.50404691696167,-11.0008735656738,5.08601760864258,-43.2315969742311,1.48169887002537,-8.72211400406585,-0.495864778757095,-5.90197515487671,-1.60094118118286,16.3731211575849,48.2808416389197,43.099962153452
15.455,-3.67250418663025,-11.3627986907959,5.09038496017456,-37.2022099183619,6.31095690864791,-6.77815294693419,-1.81208431720734,-5.91422986984253,-1.5256963968277,7.68468852386366,55.9050095640952,24.2419618267558
15.46,-3.74753451347351,-11.7514619827271,5.01797580718994,-29.2542022340686,12.6874221616254,-4.57993041398598,-2.863605260849,-6.12606334686279,-1.44213485717773,-1.03065569551765,58.7302490123792,6.3824975906751
15.465,-3.68959474563599,-12.1197128295898,4.92622423171997,-19.2396610522327,19.5447519420789,-2.1008641627452,-3.58973836898804,-6.45470809936523,-1.43742656707764,-9.76468688558129,57.2211255454541,-9.71680128308397
15.47,-3.4153835773468,-12.3762445449829,4.90760183334351,-6.53057353056003,25.0816686984118,0.818515195899783,-3.86479163169861,-6.79017210006714,-1.64178848266602,-18.7375806765343,51.3958177117957,-22.7131178961496
15.475,-2.82498931884766,-12.2726392745972,5.08147192001343,8.35862841191069,24.4359579822044,4.15919716441554,-3.65888047218323,-7.10523748397827,-2.04922151565552,-27.5160659393675,41.8211594955289,-31.671925275713
15.48,-2.10921454429626,-11.786452293396,5.42384052276611,23.2111787055215,19.1407394224834,7.47110765474371,-3.25389099121094,-7.39163827896118,-2.46863031387329,-34.1865994375312,32.1841962936532,-37.6903225572077
15.485,-1.32168853282928,-10.9040670394897,5.88923358917236,37.0353791327897,10.1736905659127,10.5527182535242,-2.76822304725647,-7.62932538986206,-2.84626412391663,-39.2924117289259,21.6784791331287,-41.8591319322195
15.49,-0.542520225048065,-9.55801200866699,6.36527442932129,47.6589016885713,-0.512325766175192,12.9604939784162,-2.43647265434265,-7.75855350494385,-3.09144854545593,-44.9673939291414,6.53824810186619,-46.7845964936746
15.495,0.0979529470205307,-7.95048809051514,6.60390043258667,52.5038314895227,-7.3696955672683,14.0779854973902,-2.07734727859497,-7.91234159469604,-3.40443968772888,-49.2941958249395,-3.08797633508695,-49.7069373262942
15.5,0.616196155548096,-6.3747444152832,6.62307977676392,52.1233216508613,-9.23866925816287,14.168521362386,-1.99943053722382,-8.11019229888916,-3.56164836883545,-54.3026027885806,-9.63127621561801,-51.0580819328115
15.505,0.996790766716003,-4.97706937789917,6.44607210159302,46.2792376271745,-5.69933694724854,13.2128822748528,-2.35278415679932,-8.40846157073975,-3.43418455123901,-59.9570534401511,-14.4922356167778,-50.4690634942625
15.51,1.15131819248199,-4.1468939781189,6.16345739364624,33.307147695095,4.04813359275608,10.8580524688595,-3.52910876274109,-9.0506420135498,-2.64415049552917,-64.0618127162211,-21.7758332344635,-45.7861218747617
15.515,1.24821126461029,-3.25764942169189,5.62880039215088,15.6395451803472,15.6032546777396,6.74778549899749,-5.77843141555786,-9.73232650756836,-1.04999363422394,-57.8572278930465,-20.0141259569367,-34.5458127463605
15.52,1.25192749500275,-2.78529620170593,4.98179197311401,-3.85397906229612,26.3700933853282,1.39069108164659,-8.72044944763184,-10.3690929412842,1.07663977146149,-42.5626823978659,-8.26642427321011,-18.0225401251567
15.525,1.1516307592392,-2.93298888206482,4.26703357696533,-23.7991965213571,35.4612425102498,-5.05115754454303,-12.1019134521484,-10.8936414718628,3.49325752258301,-19.3114685385244,12.6668317025988,2.98910571831302
15.53,0.981665909290314,-3.91284775733948,3.48527383804321,-40.637180353853,43.113301512901,-12.3681398462313,-14.7694911956787,-11.0109786987305,4.87382793426514,3.91089673619713,31.2986998338015,24.3162981905877
15.535,0.928167879581451,-5.30882501602173,2.50027680397034,-52.5376716617655,53.6532293834308,-19.5546027824093,-15.4232931137085,-10.8699560165405,5.16187143325806,12.0612773760692,31.3143136462441,34.4719374202977
15.54,1.04016530513763,-6.98353385925293,1.36849439144135,-60.525038311151,65.9477850404126,-26.1090247722301,-14.2249307632446,-10.6459712982178,4.68441438674927,4.42576322602186,10.6002392946746,33.3699956807428
15.545,1.34718251228333,-8.88073921203613,0.126271694898605,-64.927607495412,79.0848684371775,-31.6376855374038,-11.2086448669434,-10.4370527267456,3.58661317825317,-19.7030962176073,-32.6976489343197,20.5416453721989
15.55,1.74938809871674,-11.0146589279175,-0.961688280105591,-65.8371018249125,85.6578531736151,-34.4501286262778,-7.30757331848145,-10.4243965148926,2.14001059532166,-50.4913708920918,-91.1463882849623,-0.377102721523911
15.555,1.93425297737122,-13.3394861221313,-1.7832670211792,-66.0518634629852,89.5191981680443,-37.5464856034764,-4.32698202133179,-10.3922252655029,0.651229202747345,-67.9788783938993,-123.848049955419,-15.6135819237647
15.56,1.85174536705017,-15.7703943252563,-2.31228518486023,-65.8532825430563,87.543641082699,-39.8316073525742,-2.52830982208252,-10.2954931259155,-0.798357844352722,-77.3691863893729,-134.424351998374,-28.692436250308
15.565,1.4456741809845,-18.2463626861572,-2.50999450683594,-65.4400151171355,76.8863603169447,-40.3841730715228,-2.19200229644775,-10.0943946838379,-2.14158511161804,-82.30817131029,-124.403248712293,-42.2868998497483
15.57,0.425109922885895,-20.4184913635254,-2.08120894432068,-65.2717397465539,57.5506207012047,-38.0363877518847,-2.8422737121582,-10.439887046814,-2.72376680374146,-74.1489844221436,-74.411618856109,-47.2516721498768
15.575,-0.840593934059143,-21.9655380249023,-1.25961244106293,-63.2065910698655,35.2667870245796,-33.5796893184514,-3.73257613182068,-11.4267864227295,-3.01800751686096,-70.6014046578065,-43.0748748686306,-51.5260250230382
15.58,-2.21338510513306,-22.7100887298584,-0.123174399137497,-58.1334270827035,10.8847807066291,-26.8984238855543,-4.46315288543701,-12.8452339172363,-2.73239159584045,-71.8988810529205,-33.6893753263326,-55.312989257406
15.585,-3.52805042266846,-22.3675079345703,1.25436234474182,-48.4247947058669,-14.6889365271377,-17.6761487889468,-4.51945734024048,-14.4647541046143,-1.45554828643799,-78.7074116930751,-52.0852501764276,-58.8301746799365
15.59,-4.01582288742065,-20.5922565460205,2.8187575340271,-29.8635302401146,-40.5222521757838,-6.07642571490942,-3.93203186988831,-15.0616636276245,-0.582583487033844,-79.6345005898776,-67.2126746029964,-59.4631283103216
15.595,-3.73558259010315,-18.1941051483154,4.37882518768311,-6.73912140403533,-66.9862060206863,5.25399068411714,-3.07108688354492,-14.4876136779785,-0.291049629449844,-73.4666416938702,-61.5071921930421,-56.8786871812263
15.6,-2.84650731086731,-15.4457941055298,5.81837272644043,18.8093864552786,-93.5649582700638,15.6170738579778,-2.07037568092346,-12.9761180877686,-0.546083211898804,-61.9671234713725,-37.4546468798964,-52.1972208825862
15.605,-1.57991182804108,-12.7419929504395,6.92468404769897,43.4357547436174,-119.254174002696,23.867030545099,-1.12964344024658,-10.8865556716919,-1.32047057151794,-48.0433901124242,0.317345236392911,-47.3558803460436
15.61,-0.73786062002182,-10.8882884979248,7.27198839187622,57.5558389657306,-134.887875956208,29.8242805580491,-0.43311932682991,-9.4818286895752,-1.71192455291748,-39.5124770088891,24.7650791850979,-45.9954364369713
15.615,0.206975758075714,-8.56026744842529,7.28622579574585,60.8254368610373,-134.50091841897,33.8193094300084,-0.0300732813775539,-8.71259021759033,-1.82008600234985,-34.9029906588172,36.5239448130229,-46.9235601074331
15.62,1.21812498569489,-5.86112308502197,6.9341721534729,53.6483253076067,-115.467926938191,35.3542578421853,-0.0194981265813112,-8.47646808624268,-1.7804102897644,-33.3224917150654,37.7570364299258,-49.252214067206
15.625,2.00375819206238,-3.53891587257385,5.93098831176758,36.374599311726,-70.6255766972792,32.6369661186387,-0.707135558128357,-8.54206848144531,-1.93727660179138,-32.9851998983772,33.5690410535354,-50.9589417370088
15.63,2.62734818458557,-2.08172559738159,4.23643064498901,16.7527925905257,-11.998999711217,24.8501491912105,-2.08070611953735,-8.45784854888916,-2.28672099113464,-31.8057150211753,30.8122127799781,-49.95438483464
15.635,3.06367492675781,-1.32093703746796,2.22838497161865,-1.09626755990185,44.1583580219534,14.5096713821816,-3.57797646522522,-8.24337482452393,-2.59416556358337,-30.450718187966,29.42457788782,-48.0362867156874
15.64,3.32452130317688,-1.22960805892944,0.0589111372828484,-15.564681184402,91.603806053678,2.57562954473572,-4.95873641967773,-7.93256425857544,-2.79293704032898,-29.2428709502356,28.9560576466084,-45.5246075918203
15.645,3.49009418487549,-1.8506236076355,-1.94026410579681,-23.2697270870868,117.458257722711,-8.98737806086163,-5.66424083709717,-7.6641321182251,-2.80646944046021,-29.0212415569524,27.3682572306339,-42.1147244411506
15.65,3.70220160484314,-2.97603678703308,-3.49298572540283,-26.0516904567897,125.871165647955,-16.5094431956819,-6.3774151802063,-7.33422660827637,-2.53824710845947,-32.0021683371777,20.9649343931794,-39.9809733444386
15.655,3.81703805923462,-4.35034608840942,-4.60528993606567,-27.2917591119297,125.565200493896,-23.7444406023284,-6.86071586608887,-7.0143575668335,-1.99886107444763,-34.9191099052584,12.2324538695008,-38.2627880323031
15.66,3.74769377708435,-5.86442899703979,-5.24732398986816,-28.2558830019593,118.723195096619,-31.4006882184881,-7.02691555023193,-6.72602033615112,-1.27389276027679,-36.4778410361254,2.51950118457067,-36.619362555728
15.665,3.21867632865906,-7.28571319580078,-5.27377986907959,-30.1588881103935,101.000431974134,-34.8933669222766,-6.88890647888184,-6.44202089309692,-1.08665907382965,-35.3234331984611,-3.63964431104654,-34.5868690134615
15.67,2.34914207458496,-8.3985424041748,-4.97092533111572,-33.828957072211,79.1057961367945,-34.9075361497098,-6.38832902908325,-6.33989715576172,-1.4787495136261,-34.6557617165248,-5.99876774470685,-32.6846613296129
15.675,1.29885530471802,-9.29051780700684,-4.48171710968018,-38.6423348142916,56.7553237195321,-32.7416455978583,-5.56932830810547,-6.47775506973267,-2.120041847229,-33.9446946276969,-4.09710220712367,-31.2276317154875
15.68,0.152498051524162,-10.0030355453491,-3.8693687915802,-44.2202190452662,36.1777259390896,-29.0184753303385,-4.45506477355957,-6.90507793426514,-2.8232159614563,-32.7918235825958,2.53005211929105,-30.4454247913593
15.685,-0.902658879756927,-10.6698503494263,-3.0999915599823,-48.5266191660134,22.6434482590682,-24.7927482814257,-3.36148190498352,-7.72056484222412,-3.10346531867981,-29.1054099780945,13.6092022938955,-31.0347300978534
15.69,-1.82154226303101,-11.3115530014038,-2.20793581008911,-49.3029213916042,13.0535612822731,-21.0852481754092,-2.56691837310791,-8.60144996643066,-3.01719880104065,-25.4603275558081,22.7275603311496,-32.1348174410486
15.695,-2.5750048160553,-11.8630847930908,-1.21658170223236,-46.6232776707627,5.56486460975615,-17.8115863175462,-2.06560134887695,-9.41883277893066,-2.69549822807312,-22.417691723979,28.9262063048408,-33.3320539799034
15.7,-3.12971973419189,-12.2671451568604,-0.138457536697388,-40.3351254830929,-1.16103152033362,-14.9311657709576,-1.87088942527771,-10.066234588623,-2.22827911376953,-20.4609927909321,31.2631589444553,-34.303177106285
15.705,-3.38088870048523,-12.2799940109253,0.77093380689621,-30.5877591034732,-10.0270335978278,-12.5018373841397,-2.09640169143677,-10.3223028182983,-1.89110088348389,-19.9490479145248,29.0157261791976,-33.4870138966981
15.71,-3.45601725578308,-12.093376159668,1.36271929740906,-21.1506779725633,-19.5323722242082,-10.2249118620459,-2.47097826004028,-10.3857536315918,-1.66429150104523,-20.0690458005055,25.508511125308,-32.0752377009185
15.715,-3.37490272521973,-11.6814470291138,1.76696860790253,-12.878768203676,-28.3076694962464,-8.0434279883193,-2.92476558685303,-10.2914028167725,-1.50977766513824,-20.4394879403303,22.0899485117505,-30.4989085876551
15.72,-3.15039920806885,-10.994402885437,2.13267660140991,-6.93575443939035,-34.576265144775,-5.89316149419423,-3.37609171867371,-10.070855140686,-1.38528478145599,-20.6003184047166,20.46105084754,-29.2869700666117
15.725,-2.82046937942505,-10.229284286499,2.04390859603882,-4.77342412364374,-32.4699987292832,-3.85725413800314,-3.68893980979919,-9.81792831420898,-1.43699812889099,-20.0838041317546,21.3463406941694,-27.8736314650596
15.73,-2.49687051773071,-9.60249614715576,1.60023236274719,-4.14644263991419,-23.4028423513685,-2.61448030106499,-4.1018385887146,-9.42583084106445,-1.64702355861664,-19.5076281563925,22.9767427075446,-27.2785017147507
15.735,-2.18262767791748,-9.16709041595459,0.838386237621307,-4.51984694740467,-8.56257786052728,-2.40227614194963,-4.58349466323853,-8.95331192016602,-1.94912123680115,-19.3580914097989,23.6963543630242,-27.465665973482
15.74,-1.87269520759583,-9.02095603942871,-0.215992942452431,-5.22167663226699,10.5568009991006,-3.70755261309574,-5.05674362182617,-8.51445865631104,-2.22935938835144,-20.5364954095647,20.458014828454,-28.3420902345686
15.745,-1.59798085689545,-9.13507175445557,-1.32544004917145,-4.97396786918543,26.1339532551533,-6.23413990548689,-5.56572198867798,-8.16874599456787,-2.30214595794678,-23.06135679853,12.9309286508201,-29.1107341105525
15.75,-1.38072717189789,-9.36485862731934,-2.3317391872406,-4.29671875448552,35.1509879973912,-8.50145364387119,-6.06192445755005,-7.88655805587769,-2.39308714866638,-25.8446657154993,5.18886226906013,-29.4612799093251
15.755,-1.23719847202301,-9.65932464599609,-3.15255641937256,-3.18919418905784,37.7609228075635,-10.514850830992,-6.485764503479,-7.68422222137451,-2.5595486164093,-28.6459995016884,-1.87356421834704,-29.5067484786298
15.76,-1.21332335472107,-9.9285774230957,-3.58904647827148,-1.42105116578559,34.923853471637,-12.8052267031089,-6.67496013641357,-7.62726497650146,-2.89323854446411,-31.1632127863305,-7.0734028148468,-29.6610151312237
15.765,-1.28290724754333,-10.0888166427612,-3.59108781814575,-0.721804573090016,22.8107366673147,-13.4982629463016,-6.51385974884033,-7.76081800460815,-3.29220604896545,-32.4437025009786,-10.8126137816324,-30.122831541765
15.77,-1.41571474075317,-10.2015428543091,-3.34753632545471,-1.07724334862925,7.19180329033532,-12.988811942715,-6.11563920974731,-8.01718807220459,-3.64054799079895,-32.8210533771489,-13.156794468936,-30.7912031180912
15.775,-1.59101128578186,-10.2869358062744,-2.91819667816162,-2.37533168600416,-10.1171733118518,-11.4046784845512,-5.52300500869751,-8.36698722839355,-3.90133237838745,-32.5028587693801,-14.1745951081054,-31.518375792982
15.78,-1.74226975440979,-10.3776826858521,-2.39329671859741,-4.1074473823953,-26.4127837751881,-8.94744706742645,-4.82207918167114,-8.74076747894287,-4.01810884475708,-32.1242511384025,-14.1207885853714,-31.7158263166033
15.785,-1.70009613037109,-10.4474201202393,-1.90035939216614,-5.00852478440428,-39.1006780736399,-6.52748457750789,-4.09786796569824,-9.09930992126465,-4.04303169250488,-31.8155504935801,-13.970445022682,-31.4727672047992
15.79,-1.52536582946777,-10.4978628158569,-1.47674787044525,-5.34530988643339,-48.5090177685223,-4.36875505211435,-3.37412762641907,-9.44556522369385,-4.01955652236938,-31.1511506722563,-13.2394354890249,-30.990081151249
15.795,-1.24133789539337,-10.528018951416,-1.14605796337128,-5.29635322489685,-54.5154178227398,-2.55669412592233,-2.68188714981079,-9.76457023620605,-3.96733117103577,-29.9660172286107,-11.6585062433554,-30.3480058032274
15.8,-0.899815857410431,-10.5300559997559,-0.976976811885834,-5.69757603910315,-56.0582585185027,-1.09358713753944,-2.20392322540283,-9.93157577514648,-3.93612575531006,-28.1992214601522,-8.55015716152161,-29.6959686243013
15.805,-0.650355875492096,-10.4996347427368,-0.948119699954987,-7.40618329158816,-53.9924336530865,0.295272999842339,-1.99370181560516,-9.98450565338135,-3.91457033157349,-24.8774699478905,-2.68539666111335,-28.5913187147405
15.81,-0.394872546195984,-10.4373683929443,-0.998680770397186,-10.1460453752471,-49.4757149323217,1.6665087412054,-1.95465183258057,-9.99480724334717,-3.89831590652466,-20.9662389593109,3.8506928875317,-27.3976714402945
15.815,-0.0886549726128578,-10.3403072357178,-1.10317385196686,-13.8060739589847,-43.0500983574163,3.04071889654987,-2.05659365653992,-9.99376201629639,-3.87911295890808,-16.9952660136084,9.90634842406194,-26.3202569100492
15.82,0.13525627553463,-10.1813764572144,-1.30108249187469,-17.9786646974758,-35.9234550717629,4.26838755669513,-2.50254845619202,-9.90830421447754,-3.7444794178009,-13.9172019905544,13.8867914270486,-25.6879316570678
15.825,0.3018479347229,-10.0255584716797,-1.47744512557983,-21.8089374538233,-29.126966055115,5.20513519475768,-3.06027507781982,-9.72667026519775,-3.66752886772156,-11.6298390856352,16.5623139824996,-25.0428168748655
15.83,0.452646672725677,-9.89662933349609,-1.59941935539246,-25.1223407673719,-22.9401994879377,5.84314658022316,-3.62333822250366,-9.49822902679443,-3.64719700813293,-10.1014596078925,17.6518794192784,-24.4053314139661
15.835,0.619737505912781,-9.81516075134277,-1.637535572052,-27.7483009088844,-17.6230013794676,6.15791285991544,-4.10735130310059,-9.2594108581543,-3.68610310554504,-9.35328666262485,16.8347036341471,-23.7921921623632
15.84,0.62646871805191,-9.78402805328369,-1.59203350543976,-28.9367282112572,-13.7400627419775,5.90470323323108,-4.34799814224243,-9.14193630218506,-3.64027452468872,-9.23603792778512,14.3409554643985,-23.693656438302
15.845,0.555655181407928,-9.77266597747803,-1.52124214172363,-29.1059495630389,-10.3805445524738,5.57528534399548,-4.42318820953369,-9.09993457794189,-3.49987888336182,-9.21309105349481,11.647356813309,-23.7347861299365
15.85,0.468978762626648,-9.76981067657471,-1.43617725372314,-28.6280975758738,-7.46586036191385,5.17485525861973,-4.34930038452148,-9.10106658935547,-3.34155869483948,-9.33289769417871,8.78453595666424,-23.7022078351429
15.855,0.442716926336288,-9.76196384429932,-1.34958124160767,-27.9209390627984,-4.93149092273712,4.70447934038799,-4.13544416427612,-9.10801792144775,-3.26022911071777,-9.66731656254723,5.77795754723727,-23.3221675719869
15.86,0.427413433790207,-9.73662376403809,-1.24756848812103,-26.1944140896863,-0.435988290318677,3.99443635304873,-3.76795768737793,-9.08977890014648,-3.24578452110291,-9.92286296770138,3.9342269548546,-22.7284602085727
15.865,0.465481996536255,-9.69965744018555,-1.14334726333618,-24.240935590833,4.36290157999565,3.21702849058611,-3.32023501396179,-9.15228843688965,-3.15704154968262,-9.75735296995999,3.67178248552556,-22.2376411072683
15.87,0.559813559055328,-9.6426305770874,-1.02568125724792,-22.1495760632047,9.29965601726191,2.29705451646464,-2.84245133399963,-9.27681732177734,-3.01160717010498,-9.18035907944482,4.60371697465737,-21.8926106862505
15.875,0.71734356880188,-9.54683017730713,-0.870475172996521,-19.9911782288728,14.2496648634994,1.05888401358367,-2.41878390312195,-9.42325305938721,-2.85173630714417,-8.20272507523692,6.07862076695394,-21.7566660161052
15.88,0.868209719657898,-9.45182991027832,-0.778434753417969,-17.9863469527448,19.0281300936374,-0.521312214049666,-2.23252820968628,-9.41097545623779,-2.86328339576721,-6.59390005633663,8.51111153135758,-21.3025421061167
15.885,0.955236375331879,-9.39276313781738,-0.722674429416656,-15.9145166435008,23.4093976254244,-2.41202879831076,-2.19513654708862,-9.34278011322021,-2.92435765266418,-5.12728128350329,11.4598817809705,-20.3762062376701
15.89,0.980391442775726,-9.36698055267334,-0.701352894306183,-13.8046447419009,27.2736181294942,-4.52216238153331,-2.29495048522949,-9.22799491882324,-3.01549315452576,-3.68047347435758,15.2387718779656,-19.027812489841
15.895,0.964565813541412,-9.35702133178711,-0.722021102905273,-11.8177281981922,30.3071885927474,-6.61808874439541,-2.54272675514221,-9.05214786529541,-3.1271185874939,-1.61797939337881,20.996718678482,-17.4209114498526
15.9,0.874790132045746,-9.34230899810791,-0.765416622161865,-10.0848144368852,32.8205786790016,-8.6899865017574,-2.8791446685791,-8.90761184692383,-3.08544921875,1.28502453337021,27.7003188299651,-16.1119415539128
15.905,0.770088374614716,-9.33628940582275,-0.794507801532745,-8.67205042499695,35.3043154989742,-10.5138092271436,-3.27078986167908,-8.75814723968506,-3.03011393547058,3.79395535987005,33.3537808116532,-14.7571564565678
15.91,0.651714205741882,-9.33649730682373,-0.813453733921051,-7.5901202859366,37.7145594834775,-12.0383535536673,-3.68704080581665,-8.57966041564941,-2.98512101173401,5.53137789980287,37.2258048068497,-13.4002010666141
15.915,0.466493308544159,-9.31797981262207,-0.878696322441101,-6.82272291947628,39.3562193561521,-13.2487202774279,-4.01841354370117,-8.29594326019287,-2.92287659645081,5.9705129596578,37.8994595344989,-12.5884885790451
15.92,0.2523472905159,-9.2814245223999,-0.93313604593277,-6.28704185504276,40.1174746750013,-14.3719115892643,-4.13170099258423,-8.0659351348877,-2.91032099723816,5.41692698120191,37.6692992349424,-12.238523346352
15.925,0.0233442690223455,-9.25790214538574,-0.971768856048584,-6.03267237685997,40.4717941532903,-15.3107023076623,-4.17332124710083,-7.95361185073853,-2.85990166664124,5.04923826138626,37.8963210625753,-12.1468348869337
15.93,-0.214348256587982,-9.25815963745117,-0.990273296833038,-6.07564963466498,40.5597157633813,-16.0109725749598,-4.19136238098145,-7.97634363174438,-2.72951674461365,5.15543959213032,38.6375229460213,-12.3191912955444
15.935,-0.44636258482933,-9.27947425842285,-0.971790075302124,-6.33753232093479,40.3052843866092,-16.3532401844583,-4.18579530715942,-8.06774997711182,-2.43258595466614,4.75181041690206,36.4918360937347,-13.2967049176682
15.94,-0.687331914901733,-9.31784629821777,-0.935198903083801,-6.58604918077252,39.420614379647,-16.3437103630188,-4.00905084609985,-8.14128971099854,-2.28164482116699,2.36110696328396,30.2203359072615,-14.8345356696749
15.945,-0.915968060493469,-9.38093566894531,-0.88267856836319,-6.8407230292602,38.0594908667523,-16.1665250106649,-3.83679962158203,-8.26060009002686,-2.26095604896545,-0.429784610922454,23.7498074234687,-16.3382137682842
15.95,-1.11988925933838,-9.47518730163574,-0.816420137882233,-7.10594781246826,36.2963185136485,-15.9141700114005,-3.76193523406982,-8.46409511566162,-2.35313773155212,-2.69792877757986,19.2669254598521,-17.4636189151854
15.955,-1.29079163074493,-9.61917781829834,-0.771090149879456,-7.26919445627344,34.4860212703662,-15.6697055881747,-3.78318476676941,-8.79285621643066,-2.26456117630005,-2.50571658216512,19.0265181689933,-17.6981573659998
15.96,-1.44386005401611,-9.75770378112793,-0.75357186794281,-7.64071832730806,31.5145235662901,-15.2358195286969,-3.79452538490295,-8.98670291900635,-2.21873736381531,-1.79912091936602,19.590567143484,-17.7998537600995
15.965,-1.58477556705475,-9.88440227508545,-0.76211804151535,-8.08860115194247,28.0140618619423,-14.6891414328128,-3.79435539245605,-9.09172534942627,-2.2242636680603,-1.51368176442248,19.6571153841147,-17.7942837408313
15.97,-1.71731567382813,-9.99348258972168,-0.796933889389038,-8.51252111164754,24.4554667100213,-14.0837595685598,-3.78069543838501,-9.1391716003418,-2.29112672805786,-2.419797284718,18.159447851975,-17.695239167677
15.975,-1.79030764102936,-10.0139236450195,-0.850075483322144,-8.6480209657232,21.0675801835736,-13.4153734780816,-3.67204785346985,-9.15339088439941,-2.42292284965515,-4.24151673872665,13.7905728446633,-17.8588665945284
15.98,-1.83981966972351,-9.99664783477783,-0.881092667579651,-8.73021887728971,17.5980763116389,-12.7941165466502,-3.54283213615417,-9.1726245880127,-2.49752759933472,-5.21415488644351,10.6609118650718,-18.2975354939724
15.985,-1.87092101573944,-9.96076202392578,-0.891898810863495,-8.68636479395,14.1495001393212,-12.2387666718411,-3.43019723892212,-9.18111991882324,-2.5269980430603,-5.81351593894318,8.60028221229304,-18.8493567223015
15.99,-1.88856399059296,-9.92883968353271,-0.883343279361725,-8.41536167070411,10.8523040108993,-11.7779841811855,-3.38209342956543,-9.15825462341309,-2.52301120758057,-6.60869040409747,7.47709943819311,-19.3196408598663
15.995,-1.86653900146484,-9.89691734313965,-0.859357476234436,-8.07512604248368,7.47728299952705,-11.334887611612,-3.38093256950378,-9.07703685760498,-2.64825081825256,-7.63642726096199,4.96617462334244,-19.9431329707036
16.0,-1.84069085121155,-9.86284923553467,-0.844770789146423,-7.57456965274377,3.84875396758106,-11.0115882912122,-3.36539816856384,-9.03958511352539,-2.77785730361938,-8.86973915146556,2.32890027346983,-20.3802206813548
16.005,-1.80712866783142,-9.82416820526123,-0.838750183582306,-7.03759768255712,-0.031611729644619,-10.7517841168842,-3.3643262386322,-9.04532337188721,-2.86128926277161,-10.0247053570945,-0.185821005981456,-20.6963901380347
16.01,-1.75389575958252,-9.7759428024292,-0.838005006313324,-6.70473567043254,-4.16866209905789,-10.444731255199,-3.44033074378967,-9.08696269989014,-2.81106662750244,-10.5579672539014,-2.22625981916087,-21.0387414173506
16.015,-1.67761993408203,-9.72058200836182,-0.830982029438019,-7.10355767314558,-8.10149996419004,-10.1783239954909,-3.54099011421204,-9.02784538269043,-2.84131860733032,-11.4833690939789,-4.08292572261448,-21.0982460253997
16.02,-1.57229268550873,-9.64585208892822,-0.841917932033539,-7.90558196426375,-11.5993482674066,-9.95630272010412,-3.57916259765625,-8.94792556762695,-2.9146454334259,-12.9967853347974,-6.61367985728616,-21.4392363895234
16.025,-1.44402623176575,-9.57349872589111,-0.861012816429138,-8.91321757440093,-14.6389463726024,-9.79939193052777,-3.53966164588928,-8.87927341461182,-2.99076771736145,-14.7730281086516,-9.67748073780586,-22.0973643896419
16.03,-1.31070113182068,-9.57144069671631,-0.851686060428619,-9.68979556887939,-17.1948851222912,-9.7724400040629,-3.40293526649475,-8.88714122772217,-2.96636343002319,-15.8187573913373,-12.6005327638727,-22.9999670582699
16.035,-1.1899721622467,-9.60738372802734,-0.798426687717438,-10.3514991730283,-19.4743019558848,-9.7603454465901,-3.35174322128296,-8.92330741882324,-2.84651041030884,-16.0607612389146,-13.8365314800411,-23.7198980250932
16.04,-1.06334102153778,-9.67377471923828,-0.734567642211914,-10.9790962275568,-21.4377696063992,-9.65179837275296,-3.33797073364258,-8.96943187713623,-2.76363086700439,-16.290967642248,-14.3679586172821,-24.6551063092716
16.045,-0.930065810680389,-9.76688003540039,-0.665090382099152,-11.5536269811026,-23.0057897945373,-9.45089604227985,-3.34831714630127,-9.02308464050293,-2.73337197303772,-16.5687087471101,-14.3396013793955,-25.7836806639476
16.05,-0.805181503295898,-9.87683296203613,-0.579908609390259,-11.90585044509,-23.8468166002504,-9.28808226171332,-3.36882662773132,-9.09127521514893,-2.69633150100708,-16.3789387712104,-13.4446630367899,-26.6054156003499
16.055,-0.671278119087219,-9.9753475189209,-0.480078399181366,-12.2073785375103,-25.0046258721213,-9.0241483842584,-3.36899209022522,-9.19228363037109,-2.59011244773865,-16.2914338026588,-12.3192032483754,-27.2534912695574
16.06,-0.545959651470184,-10.0574188232422,-0.397645235061646,-12.4885151001636,-26.0298577571078,-8.71067770607431,-3.39936089515686,-9.29642295837402,-2.44618606567383,-16.4396489076481,-11.2788766453233,-27.6750710356981
16.065,-0.434670329093933,-10.1336517333984,-0.344068855047226,-12.7853585365869,-26.7050185414689,-8.381143276736,-3.49480724334717,-9.39362525939941,-2.28112149238586,-16.7480199958431,-10.3987145632134,-27.8159846684647
16.07,-0.330407530069351,-10.3067646026611,-0.318553119897842,-13.3084468666251,-26.5590112951289,-8.17386837976727,-3.78777170181274,-9.4841947555542,-2.1503541469574,-16.1860593516912,-9.38962753787755,-27.4448475568918
16.075,-0.226084098219872,-10.4744319915771,-0.298852950334549,-13.4113923315692,-25.8245371480153,-8.1695773134212,-4.04699993133545,-9.48877239227295,-2.20924115180969,-15.0030637572558,-6.10359706120138,-26.9400385206199
16.08,-0.102426782250404,-10.6019678115845,-0.275712847709656,-13.1395601941128,-24.7996484800347,-8.26180108891566,-4.21123361587524,-9.47234058380127,-2.33516597747803,-13.8256518424669,-2.6628623729376,-26.8351951168602
16.085,0.0523539632558823,-10.6669254302979,-0.244039118289948,-12.4953085770668,-23.5976598370648,-8.39821191947186,-4.23832941055298,-9.46731567382813,-2.46003127098083,-12.9649429928868,-0.223557601042578,-27.442175245379
16.09,0.248040214180946,-10.6348962783813,-0.203513607382774,-11.464907946426,-21.7171824000606,-8.55191337391195,-4.04666423797607,-9.46085643768311,-2.45590353012085,-12.0626442676768,0.410472437807228,-28.9050122278463
16.095,0.385548323392868,-10.5537090301514,-0.127783134579659,-10.137197718951,-19.2177942016049,-8.74973785039032,-3.83044719696045,-9.42113780975342,-2.51586723327637,-11.5645023498085,1.6374334796823,-30.0193712513122
16.1,0.45647993683815,-10.4356241226196,-0.0399948284029961,-8.54960220865154,-16.3774480824241,-8.94110779810303,-3.6475203037262,-9.35751247406006,-2.631507396698,-11.3059899350073,3.05549835869672,-30.7036127721749
16.105,0.450074523687363,-10.2881374359131,0.0421662740409374,-6.71599865237389,-13.3964939814421,-9.08536993111016,-3.54595875740051,-9.27595996856689,-2.7995343208313,-11.1708264677483,4.35654566208613,-30.8664103310422
16.11,0.433054506778717,-10.1546268463135,0.0520663969218731,-5.01820102802407,-10.2517084017072,-9.05807137254491,-3.38139724731445,-9.21928787231445,-2.8529839515686,-11.1795947230953,5.52888658830311,-31.1192092926027
16.115,0.415553450584412,-9.96724700927734,0.0355942659080029,-3.58505615853933,-6.46023026607172,-9.00775507647672,-3.23211312294006,-9.19626808166504,-2.77230834960938,-11.0295346132565,5.98609347492824,-31.3665167820705
16.12,0.393544584512711,-9.76140213012695,-0.0252631697803736,-2.46743849450908,-1.85473466746579,-9.07255222735898,-3.10932683944702,-9.2039155960083,-2.68365359306335,-10.6803847343955,6.12120443510803,-31.6838883520443
16.125,0.36162194609642,-9.58015155792236,-0.15655192732811,-1.75353783767094,3.83762246678124,-9.43486644207148,-3.02917575836182,-9.24083995819092,-2.74489641189575,-10.0662422987583,6.40325923131782,-32.1716253304858
16.13,0.351418524980545,-9.59881973266602,-0.308637380599976,-0.76431188186362,10.1114385142699,-10.3716362782488,-2.94897818565369,-9.31085205078125,-2.91294622421265,-9.35643111096399,7.99814127280118,-32.6078046259774
16.135,0.395027965307236,-9.66412925720215,-0.452953904867172,0.574769490001564,15.9979525268544,-11.484689028036,-2.84446430206299,-9.42772674560547,-3.02484226226807,-8.27950835433891,10.1914985766262,-33.0307470148575
16.14,0.469667494297028,-9.7567253112793,-0.601089239120483,2.07617388266925,21.221522402182,-12.6701622735928,-2.71211123466492,-9.58918857574463,-3.06636810302734,-7.04236686214508,12.5049510966276,-33.4848555569204
16.145,0.532057702541351,-9.8589448928833,-0.778407990932465,3.39381833229837,25.2920760908886,-13.7808022590556,-2.54486775398254,-9.79416751861572,-3.02033305168152,-6.0487160643335,14.1199313966305,-34.0535029562698
16.15,0.579174935817719,-9.98721313476563,-0.934625148773193,4.11924013088415,27.8634510681017,-14.721518237026,-2.48487067222595,-9.9510669708252,-3.02539491653442,-5.15328850942859,14.8677440494195,-34.3294255232654
16.155,0.619042038917542,-10.0891132354736,-1.06156575679779,4.79335290809455,30.7881944197618,-15.7822192943723,-2.4787871837616,-10.016884803772,-3.05315089225769,-4.45181997081864,15.9264916726632,-34.4841429683445
16.16,0.635226905345917,-10.1560029983521,-1.15426933765411,5.40166364284105,33.9630951573209,-16.9456293213626,-2.49616312980652,-10.0014867782593,-3.07429170608521,-3.82621135511226,17.3994697785006,-34.6782227936104
16.165,0.574856221675873,-10.1786165237427,-1.19816493988037,5.69933694724854,36.4369623539428,-18.0654046848404,-2.46993017196655,-9.94182968139648,-3.01327896118164,-2.9049861757122,19.1964464453541,-35.3199600472681
16.17,0.468050718307495,-10.159104347229,-1.20054066181183,5.71281205670733,38.1896128006302,-18.9857368170065,-2.47823643684387,-9.86303424835205,-2.9498598575592,-2.09895021567371,20.2928232882826,-36.0760893091452
16.175,0.328256458044052,-10.1367750167847,-1.19769608974457,5.50925747840214,39.6164495635296,-19.8393550764544,-2.55959010124207,-9.8116397857666,-2.88922882080078,-1.39917065477946,20.490606783626,-36.6764390315272
16.18,0.162390097975731,-10.1206531524658,-1.19665801525116,5.14432815501118,40.7971911955389,-20.6559537106009,-2.69940233230591,-9.79127025604248,-2.83509945869446,-0.839565251952381,19.9863680681498,-37.0927800425745
16.185,-0.0107165211811662,-10.1135358810425,-1.19391858577728,4.81057523008673,41.708416977994,-21.4413691160918,-2.7910840511322,-9.77229499816895,-2.7996072769165,-0.587349044266288,19.895441174824,-37.4634953899661
16.19,-0.183180540800095,-10.0968008041382,-1.24448430538177,4.77315860003976,41.9913165832268,-22.0322931774192,-2.58500981330872,-9.85200691223145,-2.76249384880066,-0.68871481452139,19.3049679059818,-38.1892337251313
16.195,-0.329633980989456,-10.078272819519,-1.32433605194092,4.92728480686886,41.934475748954,-22.6230242859025,-2.25441026687622,-9.97254657745361,-2.7488956451416,-0.845612637410486,18.3070533625808,-39.3481733933099
16.2,-0.44059619307518,-10.0585155487061,-1.42538499832153,5.20062855056595,41.6480517661095,-23.2413613114638,-1.8993421792984,-10.0982818603516,-2.76844477653503,-0.904508825014978,17.1788256400052,-40.8403579910934
16.205,-0.516486644744873,-10.0209732055664,-1.54165160655975,5.25488629267206,41.3046127791683,-23.5754207411272,-1.87501132488251,-10.0930576324463,-2.82318949699402,-0.442888488927682,17.9858995753541,-41.5428258717563
16.21,-0.595103681087494,-10.0008964538574,-1.63516426086426,5.34983403298487,40.7163900576576,-23.8419432602776,-2.09082627296448,-9.95655250549316,-2.93369555473328,0.315283639841478,20.0494960915536,-41.2032971681149
16.215,-0.701604902744293,-9.96935749053955,-1.74432027339935,5.46175692781929,39.6529603397379,-24.1075454114373,-2.37459373474121,-9.76560401916504,-3.05139541625977,0.796434741777866,21.7354326655229,-40.5534627251962
16.22,-0.852036714553833,-9.91271495819092,-1.88814187049866,5.56435149179476,37.9802060308668,-24.4023824797919,-2.62693285942078,-9.56593990325928,-3.14821696281433,0.690482392773395,22.0603293964148,-40.0255061778271
16.225,-1.06835293769836,-9.87168979644775,-2.02861142158508,5.39249752897489,35.9482862244905,-24.6373017136526,-2.62686729431152,-9.50516891479492,-3.17306709289551,0.141904637186206,19.2256233059411,-40.7578083247846
16.23,-1.24735343456268,-9.89820003509521,-2.16803860664368,5.21505604452713,34.1179833571293,-24.8974789870641,-2.609543800354,-9.55299186706543,-3.21632742881775,0.780868954102818,17.6318464744428,-41.6979394678073
16.235,-1.36291527748108,-9.98116874694824,-2.28739023208618,5.27233699911462,32.2540042420653,-25.130309890586,-2.60162115097046,-9.64133548736572,-3.29307675361633,1.99123450392461,17.5522081762677,-42.5309800748333
16.24,-1.39036250114441,-10.1152362823486,-2.37028861045837,5.76997988628669,30.1670126204112,-25.292253675807,-2.62489342689514,-9.71850299835205,-3.41736721992493,3.31758744474551,19.2968655940789,-42.9997257122875
16.245,-1.24619710445404,-10.2300596237183,-2.38445520401001,6.67250443462607,28.0543446101198,-25.0030805418216,-2.52467608451843,-9.69581508636475,-3.61513304710388,3.52470802212768,21.2443506019354,-42.9281009335562
16.25,-1.0366884469986,-10.2978858947754,-2.38384795188904,7.14056833382376,26.3751135743682,-24.6079455605999,-2.37174582481384,-9.68932056427002,-3.73917818069458,3.55081129758817,21.8866872046928,-43.0906526056133
16.255,-0.802848339080811,-10.3361883163452,-2.35652303695679,7.13047758309872,24.8891632317496,-24.0447862182486,-2.25700235366821,-9.71259307861328,-3.81527924537659,3.6825357646001,22.4544552171866,-43.2899746010672
16.26,-0.594332456588745,-10.3646469116211,-2.28541874885559,6.5505514069955,23.3096307597653,-23.2226926969148,-2.2975902557373,-9.78497982025146,-3.87213397026062,4.28814259820892,24.4880245142474,-43.2808870343765
16.265,-0.433051615953445,-10.4516830444336,-2.06530356407166,4.77072107627971,22.5870360191657,-22.4267553850076,-2.41540455818176,-9.88095188140869,-3.98814654350281,5.01284146395973,26.8618516376435,-43.2375289935252
16.27,-0.320597767829895,-10.5502796173096,-1.73449277877808,2.92833176229531,21.8822817326782,-21.7946299150594,-2.47347640991211,-9.98621368408203,-4.07274723052979,5.49523851513069,28.4585142240661,-43.2359717103945
16.275,-0.243293553590775,-10.6452932357788,-1.34188234806061,1.26019700918062,21.1505908876514,-21.2774855571465,-2.48089623451233,-10.0922498703003,-4.10132455825806,5.93164576818584,29.6650927541582,-43.3333736230534
16.28,-0.178756356239319,-10.7126045227051,-0.969579815864563,0.113638512955917,20.3926106445092,-20.780408295015,-2.4639744758606,-10.1845083236694,-4.03088283538818,6.72722236072752,31.291569116308,-43.6404486828535
16.285,-0.121851436793804,-10.7231349945068,-0.694964110851288,-0.561716678332553,20.3912804651684,-20.2026989421843,-2.52491307258606,-10.2785177230835,-3.84070324897766,7.87957772654622,33.0793164900454,-43.9068841170919
16.29,-0.0603454448282719,-10.7137222290039,-0.488909870386124,-0.990712215642885,21.1544431143433,-19.7995060452893,-2.61157178878784,-10.3189792633057,-3.69341063499451,8.90281348874771,34.667881887207,-44.1689311547886
16.295,0.0059121171943843,-10.6930074691772,-0.341990858316422,-1.15090757915807,22.6585737129851,-19.5393099888577,-2.68948078155518,-10.3198547363281,-3.60124158859253,9.76809258865619,36.3059422501891,-44.4708562519544
16.3,0.0733424797654152,-10.671706199646,-0.242752119898796,-0.870823079080415,24.8997346570375,-19.2506269209452,-2.67652916908264,-10.338264465332,-3.5456690788269,10.5538546262474,38.8524929048637,-44.9318530397953
16.305,0.160008773207664,-10.6401815414429,-0.19835576415062,-0.529197293920476,27.8550362750442,-19.2845131969649,-2.55644869804382,-10.3368148803711,-3.32198691368103,11.185836662223,40.6384951652682,-45.5768687842546
16.31,0.243370592594147,-10.6064672470093,-0.175301015377045,-0.0727524402952652,31.3380041573803,-19.5920766152906,-2.4668927192688,-10.3279104232788,-3.0485634803772,11.6327222792386,41.7668219255868,-46.2679883056115
16.315,0.323419868946075,-10.5685539245605,-0.159127131104469,0.536434839841456,35.2469384948515,-20.1637805242936,-2.46247482299805,-10.3024988174438,-2.77834868431091,11.9081334358201,42.3624280815903,-46.9889762442089
16.32,0.422659516334534,-10.5090246200562,-0.115851476788521,1.42206310099981,39.2937299554357,-21.004009905421,-2.66040587425232,-10.2059268951416,-2.64007496833801,12.1069576812382,42.9055852149572,-47.8019634158318
16.325,0.476558357477188,-10.4869089126587,-0.0674557015299797,2.56045820048524,43.2755936377697,-21.9599187854264,-2.85600018501282,-10.057825088501,-2.54379177093506,12.2763583254856,43.8726785297285,-48.7239296707568
16.33,0.511742532253265,-10.4843978881836,-0.0098002217710018,3.84751471513353,47.2045096936578,-23.0015226338534,-3.03288245201111,-9.92368602752686,-2.47682285308838,12.2271937700662,44.2431821412558,-49.9616453257277
16.335,0.529393076896667,-10.5029268264771,0.058526236563921,5.28694848129657,51.0650692163324,-24.1043898640407,-3.19726347923279,-9.83264064788818,-2.43241930007935,11.912709662564,43.724316575672,-51.5971307073927
16.34,0.470415830612183,-10.5980682373047,0.135115072131157,7.15760367938742,54.7142548747626,-25.1341433342577,-3.44853973388672,-9.83411884307861,-2.38411808013916,11.5336691683478,42.9294738015793,-53.6389269673088
16.345,0.344440579414368,-10.7479639053345,0.197359502315521,9.35902231398037,57.9082903872816,-26.0210895017608,-3.78317832946777,-9.87386989593506,-2.32856559753418,11.3575442028626,42.2840789816211,-55.652487225196
16.35,0.179119572043419,-10.9286088943481,0.250254124403,11.5779740441727,60.4097652085287,-26.6186610446979,-4.10582065582275,-9.92806148529053,-2.33235573768616,11.165722608891,41.8397683459226,-57.3541093285942
16.355,-0.0122519377619028,-11.130199432373,0.293034434318542,13.7494260775559,62.1383085025405,-26.849478749962,-4.36021566390991,-9.98432350158691,-2.42512631416321,10.8227395370769,41.5934614791681,-58.656558101424
16.36,-0.213710397481918,-11.3735084533691,0.273841232061386,17.6609140520031,64.5952026790749,-27.0024903552959,-4.45177173614502,-10.0319414138794,-2.44837856292725,9.98274067483394,40.7982020635361,-60.9965330997461
16.365,-0.406201899051666,-11.5983829498291,0.227847963571548,21.6482077347273,66.9763159067681,-26.7190904387065,-4.5696063041687,-10.1445989608765,-2.35943102836609,9.17420764032358,39.9405830207817,-63.5511809436818
16.37,-0.578718245029449,-11.7811031341553,0.165913283824921,25.6425894462626,69.2931912053173,-26.0053305477982,-4.69697427749634,-10.2982206344604,-2.20265817642212,8.32855935786336,39.384957377085,-66.1725665659977
16.375,-0.72127491235733,-11.9002084732056,0.0957037955522537,29.589796748748,71.551108310951,-24.8396733885709,-4.82113170623779,-10.4761505126953,-2.00922679901123,7.38893791770752,39.4398072112147,-68.7470424490939
16.38,-0.849728941917419,-11.9619493484497,0.0539004467427731,33.3209993187318,73.3483359872564,-23.25838555797,-4.95091390609741,-10.5221652984619,-2.02485632896423,6.30490706859057,40.1084554102023,-71.3669937316841
16.385,-1.00302457809448,-12.0439949035645,0.0341642498970032,37.2456772422399,74.7636126549856,-21.4189507276885,-5.06275415420532,-10.5203199386597,-2.03948664665222,5.28578179960896,40.9534966596,-74.1277561942032
16.39,-1.15178871154785,-12.1525039672852,0.0080023715272545,41.3534418015447,75.7077223831998,-19.3563565417497,-5.18519878387451,-10.5114402770996,-2.01011347770691,4.40981772251765,41.9988400365976,-76.9940655699666
16.395,-1.25876820087433,-12.2972478866577,-0.0608781538903713,45.6453209401165,76.0323612744505,-17.0973961247203,-5.35492992401123,-10.5462770462036,-1.87932014465332,3.78635037111606,43.2899370350267,-79.9297286865623
16.4,-1.21004319190979,-12.4493026733398,-0.178842484951019,50.8460250496501,75.5666858070282,-14.1259317178164,-5.63885116577148,-10.6437044143677,-1.53453159332275,2.8016526706459,44.3428653370976,-82.6938857530989
16.405,-1.0659966468811,-12.5434093475342,-0.261912107467651,56.186467999413,74.1110154005475,-10.5535003101842,-5.78405237197876,-10.7401809692383,-1.22618675231934,1.10965611805725,46.1406667492933,-85.481723085488
16.41,-0.864166796207428,-12.564751625061,-0.290894120931625,61.438808339072,71.6685329231618,-6.51304385005519,-5.76929569244385,-10.8341751098633,-0.974430680274963,-1.23284807797024,48.274264166749,-88.3250625350726
16.415,-0.663240015506744,-12.4844636917114,-0.232569590210915,66.2430131370972,68.1623919165192,-2.19544563416377,-5.564124584198,-10.9292135238647,-0.797027111053467,-4.15030126990843,49.9004297552915,-91.2695365956976
16.42,-0.331657320261002,-12.2713975906372,-0.0044044554233551,69.5679150741136,63.494381090544,1.69887732784721,-5.22824430465698,-11.0012531280518,-0.585909187793732,-6.68528115724223,51.9910994338136,-93.7910580221587
16.425,-0.0374459065496922,-11.9839315414429,0.335011750459671,72.1827437148262,58.5637358306035,4.97989775404547,-4.89460039138794,-11.0418434143066,-0.412748008966446,-8.68582094013734,54.6783519853905,-95.818237677251
16.43,0.1968624740839,-11.6458339691162,0.745298326015472,74.5012924097221,53.7208994826327,7.6332025579001,-4.57851648330688,-11.0467596054077,-0.275561332702637,-10.1667980512665,57.5770740238601,-97.3170953698536
16.435,0.361376106739044,-11.3004245758057,1.13673222064972,77.4206518647689,49.6663796630026,9.62890101733414,-4.27782154083252,-11.0035419464111,-0.145790845155716,-11.179523006109,59.5381306175975,-98.1667504120357
16.44,0.468652784824371,-11.0170984268188,1.36897945404053,81.8828144495383,47.2476184326043,10.9645146274525,-3.99734687805176,-10.9970235824585,-0.0569838546216488,-13.0360555074304,61.9660238109161,-99.399681519493
16.445,0.560865342617035,-10.7613868713379,1.47878110408783,86.9094511880741,46.0517752523402,11.9623548925463,-3.5900251865387,-10.9817733764648,0.0003827804175671,-15.0821436874662,63.9980597305082,-100.578360434373
16.45,0.646943330764771,-10.5242490768433,1.4686051607132,92.0514361613132,45.8565547854829,12.6942549121164,-3.04856753349304,-10.9590787887573,-0.0053098071366548,-17.1457299583819,65.5735726361659,-101.578108883566
16.455,0.726385593414307,-10.2979736328125,1.31322753429413,96.1911318549878,46.0373908739481,13.1731177672787,-2.48602342605591,-10.9803733825684,-0.231139555573463,-19.0781270783619,67.2720835883972,-102.254584479342
16.46,0.800734519958496,-10.0944156646729,1.15053725242615,102.482658156108,46.2393117563812,13.7313764489005,-1.95539999008179,-11.003324508667,-0.673018097877502,-20.3097860630864,69.3032247532081,-101.832553920717
16.465,0.875393688678741,-9.91855239868164,1.032341837883,109.487058131091,46.0112346645216,14.3054717778866,-1.58262515068054,-10.9989156723022,-1.12399649620056,-21.1469094156888,71.3593439198137,-100.709916707977
16.47,0.952282249927521,-9.76802253723145,0.979238510131836,116.833677904248,45.0659330682972,14.8800554653984,-1.46446394920349,-10.9518270492554,-1.46328103542328,-21.713249918646,73.1115879702454,-99.1958891652274
16.475,1.03181707859039,-9.60333442687988,1.00241100788116,125.33630719443,42.4536589183341,15.5031650856422,-1.98927164077759,-10.8261423110962,-1.29135715961456,-22.2554200896778,72.7690403229909,-98.8452614041848
16.48,1.19593954086304,-9.34080696105957,0.792599678039551,135.319776138184,38.7051315735207,15.9638135338354,-3.02401876449585,-10.5450038909912,-1.02692019939423,-23.3816807177725,72.8589734237925,-100.079428775882
16.485,1.41999661922455,-9.03008365631104,0.396416246891022,144.882396146039,35.2541067783854,16.3159200308333,-4.26592826843262,-10.0795850753784,-1.04266500473022,-25.7826288148154,72.3657791242042,-102.253327724535
16.49,1.68860840797424,-8.69921875,-0.176722034811974,152.915286006243,32.9682541990464,16.5765942005069,-5.52212858200073,-9.41127014160156,-1.55653703212738,-29.8839593359221,70.5554169941248,-105.010497507551
16.495,1.89920294284821,-8.42978668212891,-1.01374197006226,157.945023650662,33.5474200897177,16.6500238567264,-5.99014186859131,-8.66307926177979,-2.6707706451416,-35.5128377592401,64.4464548193304,-107.122726678188
16.5,2.03687715530396,-8.29940128326416,-1.74830543994904,161.153764560464,34.9922168350396,18.0454912683152,-5.60923147201538,-8.17176151275635,-3.55454015731812,-41.5755663835427,56.6709777134717,-107.933408660966
16.505,2.14701437950134,-8.29188060760498,-2.2815375328064,162.642855082553,36.8301251180417,20.730921866931,-4.67441463470459,-7.97588539123535,-4.18910074234009,-46.8832380856679,48.5747276034324,-108.195906491148
16.51,2.26404976844788,-8.40187072753906,-2.52241587638855,162.387706535918,38.7091238190905,24.759767005471,-3.38658881187439,-8.12423801422119,-4.54427433013916,-50.4433546622266,41.209164300612,-108.47626526601
16.515,2.4067702293396,-8.61275386810303,-2.3449022769928,159.605770486972,40.6964766411325,28.6435372184926,-2.46399974822998,-8.48281288146973,-4.62227201461792,-55.0951198832609,30.4528833579329,-109.072199271093
16.52,2.62724471092224,-8.99232292175293,-2.01526522636414,157.476595617004,42.6720098208157,32.1462545928137,-1.28774476051331,-9.09243774414063,-4.70824432373047,-59.4242440433767,21.4618443156762,-109.415696314642
16.525,2.81911134719849,-9.49184226989746,-1.55862557888031,156.517158944292,44.3775934339325,35.7068390373306,-0.0732270181179047,-9.81167793273926,-4.8676323890686,-63.5223507151952,13.1074634276556,-109.48763869717
16.53,2.84653520584106,-10.059308052063,-0.996775686740875,157.467033352166,45.4681355877626,39.8811945259485,0.911861836910248,-10.4712648391724,-5.18830585479736,-67.4867837547674,4.02075307192079,-109.243131585262
16.535,2.51549434661865,-10.540412902832,-0.471541941165924,159.572466484579,43.1961517075333,45.4623743231977,1.58034634590149,-10.9165201187134,-5.54666090011597,-69.6145789265231,-3.35629305955491,-107.951392549051
16.54,2.01117277145386,-10.8854961395264,-0.131150737404823,159.922855189001,39.9074429429288,51.3882054659657,2.14922189712524,-11.1998729705811,-5.8780517578125,-70.5897182041366,-8.27614448617268,-105.808126998825
16.545,1.40073871612549,-11.1174116134644,0.0608519092202187,158.40834270282,36.0660796669166,57.2072397708714,2.65837907791138,-11.3439655303955,-6.16618299484253,-70.8810735835619,-11.485024561079,-103.032392761645
16.55,0.780795574188232,-11.2727727890015,0.17351958155632,154.930806528422,32.2462349018844,62.1646525421692,3.15427207946777,-11.3715286254883,-6.3824315071106,-71.233087873006,-14.2954126167865,-99.9520457478611
16.555,0.264966309070587,-11.4607553482056,0.111949883401394,150.669342222224,29.6520061117085,64.9534734217988,3.69354224205017,-11.245888710022,-6.47049045562744,-71.3580871650064,-18.7806860003862,-96.8635776391539
16.56,-0.128888130187988,-11.7073345184326,-0.0055974875576794,143.590110694694,26.3745159328158,67.604761612301,4.21341133117676,-11.0506086349487,-6.55985164642334,-71.6510612992649,-24.091776212191,-93.8089257970275
16.565,-0.399496674537659,-11.9960451126099,-0.137072294950485,134.329344067019,22.2204495211274,69.9523386111694,4.68848562240601,-10.817663192749,-6.6399507522583,-71.6480013745168,-29.1065950159155,-90.6849543650146
16.57,-0.538452625274658,-12.2733707427979,-0.204416245222092,125.279124850699,17.2418819464228,70.7466076493718,5.06364679336548,-10.6062679290771,-6.63212585449219,-69.8285482626521,-30.8427061595276,-87.1701048671801
16.575,-0.554427444934845,-12.4662456512451,-0.217548683285713,118.233019740644,10.7284103557708,70.6582933034036,5.30684995651245,-10.3591909408569,-6.67215061187744,-63.1128877046421,-21.4385414177754,-82.3500472000913
16.58,-0.508999884128571,-12.5747213363647,-0.232447847723961,112.669728208831,3.65510529800651,70.3195364111384,5.5146541595459,-10.0012149810791,-6.92311143875122,-55.4762546842314,-6.53805429524849,-76.9664989264764
16.585,-0.420352339744568,-12.602313041687,-0.257731229066849,108.55526323395,-3.72479798697638,69.941676685875,5.68022966384888,-9.53515625,-7.39000177383423,-48.2967798853479,10.5118207883215,-71.4022375078014
16.59,-0.311757802963257,-12.5653762817383,-0.277635514736176,106.252246389227,-11.2046043145149,69.8787501530517,5.67514228820801,-9.04936981201172,-7.93304109573364,-44.0305139561637,19.7360313897851,-66.7018515851603
16.595,-0.127159312367439,-12.4438600540161,-0.345735460519791,104.49798743299,-19.1905144260599,70.1986079118834,5.3945951461792,-8.70242691040039,-7.84989738464355,-35.427402338007,31.259211095115,-57.5435514554137
16.6,0.0777098834514618,-12.2488803863525,-0.407031059265137,102.779259120815,-27.7298081717066,70.5896635626233,4.74620151519775,-8.30113506317139,-7.13829708099365,-22.9402268086944,45.7442152491091,-45.8607758423899
16.605,0.281716972589493,-11.9928026199341,-0.43606624007225,100.908313212798,-36.9090923501308,70.8947476222802,3.71445369720459,-7.76786136627197,-5.84558248519897,-6.92409872157173,63.6561199700899,-32.347318286506
16.61,0.463998526334763,-11.7623205184937,-0.382143080234528,98.7855928715955,-47.1528427276813,70.6955451551368,2.52130889892578,-7.02640581130981,-4.5138635635376,10.0541665243057,86.1521607940381,-17.8677099819562
16.615,0.606928467750549,-11.5982513427734,-0.281865805387497,96.7983083514453,-57.084248554487,69.7375428221508,1.4592080116272,-6.12446355819702,-3.89272522926331,19.8776724376982,97.0108160270919,-4.86561929772104
16.62,0.731345355510712,-11.418890953064,-0.0952382385730743,94.8561508911413,-65.9101848490317,68.1074771955923,0.678609251976013,-5.27889156341553,-3.63089466094971,23.8456571756388,94.5410127930261,6.52426243576694
16.625,0.846748292446136,-11.1837730407715,0.196813955903053,92.9103461098206,-72.9888494708603,65.8157848045129,0.287500619888306,-4.62262153625488,-3.54263591766357,22.6141569928125,77.6167261052725,16.1862915781229
16.63,0.944669306278229,-10.9560308456421,0.471315562725067,90.8957886443145,-75.407706323907,62.8981875382719,0.518811583518982,-4.43190622329712,-3.26248502731323,21.5046439885628,55.3632150534676,24.9306941969978
16.635,1.07882392406464,-10.6836109161377,0.708096563816071,88.6662782954389,-74.6717192898922,60.1321589999027,0.811145007610321,-4.38413047790527,-3.08216762542725,22.4110561952003,39.8492019198761,34.1622873791806
16.64,1.22626435756683,-10.3880786895752,0.926978230476379,86.4017632270671,-71.6260559767135,57.4312426548912,1.12122213840485,-4.40506792068481,-2.98851823806763,24.0074711872655,29.3156671064096,43.861572642138
16.645,1.36953973770142,-10.085186958313,1.14264070987701,84.243300505938,-66.8019889885819,54.7306063476357,1.41568303108215,-4.43984699249268,-2.97636437416077,25.2808114014,22.6674905249466,54.0416554113402
16.65,1.47523653507233,-9.80995559692383,1.3689056634903,83.2410112263736,-61.852806595234,52.879297233482,1.8683009147644,-4.53707599639893,-2.77845454216003,26.311452796209,16.5338901502686,63.2731307727598
16.655,1.57539355754852,-9.54901695251465,1.53012597560883,82.7374350392469,-57.8650211388895,51.6969607523016,2.34437680244446,-4.69560527801514,-2.61886048316956,28.5864778181663,10.5708694812435,71.6416151476428
16.66,1.66597425937653,-9.30045700073242,1.60441172122955,82.2936230073578,-53.438607764236,50.8478316346856,2.79009890556335,-4.89715385437012,-2.52796745300293,31.5474792290354,5.13343357639818,79.1440315357682
16.665,1.74117028713226,-9.06282520294189,1.55757308006287,81.3626818838634,-46.7807920783069,49.9356871917871,3.13552260398865,-5.12206125259399,-2.54923677444458,34.5456419916313,0.70803806001359,85.7098855547123
16.67,1.81163513660431,-8.87036514282227,1.45682275295258,79.1619334615828,-39.6342729421688,49.512505746286,3.33940362930298,-5.3920431137085,-2.53208637237549,35.5021382679053,-2.02823513276245,89.9525053689899
16.675,1.85929465293884,-8.72708320617676,1.32301843166351,76.6018487870678,-32.9120178365151,49.1801521563678,3.43968820571899,-5.61679649353027,-2.46522188186646,36.232019112802,-5.33065955755053,95.8120563560521
16.68,1.88215970993042,-8.61766242980957,1.1662392616272,73.9619670124795,-26.9595762767407,48.9408189127559,3.47000455856323,-5.84029102325439,-2.33625292778015,36.9977789414088,-8.40568243887656,102.788097385601
16.685,1.87575423717499,-8.5162296295166,1.00096833705902,71.6676928098939,-22.4166159691847,48.8503462270099,3.48270988464355,-6.15521287918091,-2.11635231971741,38.1094673609093,-9.48839548837052,109.635157122864
16.69,1.81956708431244,-8.43714046478271,0.88231372833252,69.7472553511506,-20.0687828382225,48.3615232484905,3.32752847671509,-6.37120532989502,-1.94118273258209,40.7085421703013,-7.62104567495113,116.319870093745
16.695,1.76058924198151,-8.37340927124023,0.809403300285339,67.9677998270655,-19.3756415808712,47.6098472699522,3.10378003120422,-6.55591869354248,-1.84117293357849,43.5869102450443,-5.52552997721287,123.150414433594
16.7,1.71193706989288,-8.32262134552002,0.773371875286102,66.3781006185017,-20.1529410140808,46.6142891418149,2.84585881233215,-6.71523332595825,-1.7794303894043,46.3797438608113,-3.66308552027802,130.104202706828
16.705,1.6956182718277,-8.28147220611572,0.752099692821503,65.221968158072,-22.194872170233,45.3585930138539,2.61459589004517,-6.83934831619263,-1.64104604721069,48.4572483497082,-2.40690274133866,137.014660259966
16.71,1.67508506774902,-8.23671531677246,0.750108778476715,64.3189761686613,-25.3653571904937,43.941677100724,2.34349608421326,-6.88629913330078,-1.40567600727081,49.8051008050456,-0.176539619332842,143.479557252788
16.715,1.66054463386536,-8.20054054260254,0.741239190101624,63.167119406652,-29.0961619019583,42.4376523700142,1.97423219680786,-6.91680908203125,-1.23438453674316,50.1976147011733,0.743866991243656,149.495546892601
16.72,1.65114343166351,-8.173903465271,0.722725689411163,61.6824343565772,-33.087837151035,40.8993264292927,1.51330733299255,-6.95705032348633,-1.14248013496399,49.5414213521372,-0.597930768198783,155.078926010763
16.725,1.63269102573395,-8.14907169342041,0.707824110984802,59.9750646489924,-36.5111860196534,39.4990727626429,1.04939687252045,-7.06843996047974,-1.0403379201889,47.6264514598245,-6.36161940992966,160.309129707322
16.73,1.58813750743866,-8.11118698120117,0.683282434940338,57.9569008436045,-38.8866028695787,37.8097859808858,0.700712263584137,-7.2536244392395,-1.01088309288025,46.0149707779976,-13.7803523203441,165.250320779341
16.735,1.53322851657867,-8.06365394592285,0.664308071136475,55.7065993988955,-40.1789122265856,36.0319936078636,0.505012094974518,-7.52141237258911,-1.12344419956207,44.5849784677016,-22.4949087200933,169.798038313653
16.74,1.47307133674622,-8.00569152832031,0.65480101108551,53.2241808054327,-40.3014116693498,34.2244216100602,0.485841006040573,-7.87782526016235,-1.39984953403473,43.2542868626539,-32.3984627430111,173.854678907021
16.745,1.40781354904175,-7.92410945892334,0.642746925354004,50.3515159386466,-38.9280655329353,32.3274663416834,0.689473450183868,-8.32616424560547,-1.78857016563416,41.6555922949532,-43.3003325829435,177.024938531039
16.75,1.35158967971802,-7.83668184280396,0.6450514793396,47.4926753747406,-36.8504893270521,30.6880467710565,0.980298817157745,-8.75796413421631,-2.07618927955627,40.7275164358156,-49.9483845134541,179.071044640321
16.755,1.28192293643951,-7.75922203063965,0.653284251689911,44.9886904589735,-34.7945477453649,29.3294709187221,1.22472536563873,-9.10397911071777,-2.25464200973511,40.1892189820431,-54.4157209665197,181.150645997293
16.76,1.18785846233368,-7.70077228546143,0.666847467422485,42.9396268777805,-33.0911224720258,28.2317792643784,1.35311889648438,-9.33206653594971,-2.31727123260498,39.9318950201575,-57.4661380913608,183.82765668021
16.765,1.09918665885925,-7.66388893127441,0.749138176441193,39.5521774834398,-30.7788234002205,26.5335517649976,1.42758202552795,-9.60727119445801,-2.33003878593445,40.2751427618019,-55.3341969947788,186.221405757868
16.77,1.00952005386353,-7.64935207366943,0.847320318222046,36.2469533214222,-29.4466428139337,24.974472294483,1.41316831111908,-9.74742603302002,-2.32492160797119,40.5614916125655,-52.911515235797,188.419142066724
16.775,0.920174300670624,-7.65854358673096,0.962989211082458,33.1635019866604,-29.1225537529112,23.6425632082157,1.3475124835968,-9.80338764190674,-2.29477047920227,40.7538638905389,-50.8638928245189,190.355828545503
16.78,0.832215905189514,-7.69401407241821,1.09848499298096,30.4264676013179,-29.8905368080928,22.62178972921,1.25743091106415,-9.8104772567749,-2.23236227035522,40.8170021592265,-49.7442233289733,191.963682396881
16.785,0.779013097286224,-7.7379937171936,1.27300179004669,28.0416797318513,-32.0226145084582,21.5829896734374,1.24963772296906,-9.79203414916992,-2.29834198951721,40.1213576375445,-52.3372021945311,193.128994631555
16.79,0.730879783630371,-7.76952600479126,1.46687793731689,25.8623781035645,-34.8708682791506,20.8084120706121,1.29210066795349,-9.78465938568115,-2.38321900367737,39.2673005384423,-56.0805112748186,194.364808078842
16.795,0.67781525850296,-7.7964825630188,1.6699036359787,23.6636172663323,-38.0180350335849,20.224874858872,1.36736702919006,-9.79580211639404,-2.46784496307373,38.6341829835172,-59.473066235564,195.830990146455
16.8,0.60687530040741,-7.82840204238892,1.86995506286621,21.1612767186079,-40.9628403583846,19.7551234760625,1.45603239536285,-9.83624839782715,-2.52814197540283,38.7156261591804,-60.6019120902595,197.746120548213
16.805,0.52649849653244,-7.84145832061768,2.06392931938171,18.1784699288135,-42.6803221610356,19.1995712568993,1.47731328010559,-9.9818286895752,-2.59720993041992,39.9812704576675,-59.5342647305273,199.901455042703
16.81,0.433714002370834,-7.87224626541138,2.21927833557129,14.9914882941599,-42.9131189136117,18.5527591726883,1.49334466457367,-10.2172107696533,-2.72632479667664,41.7970181919075,-59.0501955636701,202.009811496081
16.815,0.348237335681915,-7.91285753250122,2.33419466018677,11.6965700338263,-41.393005672312,17.7713496731457,1.49795258045197,-10.5022058486938,-2.89285278320313,43.8904882479893,-59.2941835812013,203.931608162469
16.82,0.30850625038147,-7.94548940658569,2.40442371368408,8.43561403536685,-37.4543531817621,16.7596279023376,1.47169589996338,-10.7674970626831,-3.05245137214661,45.8415727655385,-60.3239165608508,205.412994231174
16.825,0.203659012913704,-7.97045707702637,2.48422932624817,5.57298997354753,-31.2800021909485,15.6096682253702,1.33307993412018,-10.8559503555298,-3.08756232261658,46.9066041628185,-60.7602017242745,206.284703954186
16.83,0.095478743314743,-7.96999502182007,2.55885529518127,3.12229333991121,-24.1915618608703,14.2456333443418,1.13593757152557,-10.8642816543579,-3.07411694526672,47.9725303148799,-60.9417618127918,207.277471950048
16.835,-0.0038336382713168,-7.94899702072144,2.62071204185486,1.15668517214396,-16.4970088362979,12.693712765851,0.850048124790192,-10.8119277954102,-3.02389121055603,49.0275998812555,-61.0628269158303,208.426514674119
16.84,-0.0804450586438179,-7.9262957572937,2.6519250869751,-0.0718467331989377,-8.55660912896633,11.0405926895227,0.359854251146317,-10.7147417068481,-2.94018840789795,49.7141158551118,-61.5597436685162,209.582783738332
16.845,-0.0726412981748581,-7.8830943107605,2.66565132141113,-0.86270716016,-1.03101299978861,9.45661120306786,-0.147812470793724,-10.6621770858765,-2.99335670471191,49.7633444435547,-64.5827717347855,210.562437770987
16.85,-0.0318510681390762,-7.82918119430542,2.67239022254944,-1.54020605701229,5.50005379849555,7.99321585263595,-0.595432996749878,-10.6643075942993,-3.06926107406616,49.5691245994108,-69.7047237631889,211.556107351819
16.855,0.0268158297985792,-7.77083349227905,2.67980360984802,-2.17751169183743,10.6856644706239,6.73170467237034,-0.959279894828796,-10.7343254089355,-3.14555597305298,49.2452745950092,-76.5204329321612,212.540747422568
16.86,0.0842757672071457,-7.72756147384644,2.71314406394958,-2.79176554493549,13.4678882412889,6.00001852309861,-1.20614421367645,-10.9237279891968,-3.23209953308105,48.9291119685185,-83.5663399667305,213.218233886341
16.865,0.108820661902428,-7.70415115356445,2.75726842880249,-3.8396356650391,16.6765625567465,4.99369558994254,-1.35142743587494,-11.1664810180664,-3.35496616363525,48.7358005395342,-90.2944109784624,213.874068650446
16.87,0.121306158602238,-7.68187713623047,2.79642605781555,-5.15849012536837,19.4389728024029,4.01222259253427,-1.46492803096771,-11.419059753418,-3.4680802822113,48.5244198451007,-96.8128703147558,214.483813298031
16.875,0.127407342195511,-7.65350294113159,2.82763767242432,-6.70947880992429,21.5166121875359,3.13961747441072,-1.57828342914581,-11.6564912796021,-3.54363393783569,48.2507136744908,-103.095490049198,215.045678319535
16.88,0.118186771869659,-7.61235666275024,2.87162470817566,-8.56129463873696,23.512962076262,2.21822452848917,-1.76059293746948,-11.7962417602539,-3.48830771446228,47.9526203134493,-108.687154186823,215.623812851642
16.885,0.0876854360103607,-7.59196281433105,2.84804224967957,-10.5350596531988,25.6786733356478,1.24263595249428,-1.98173630237579,-11.9147062301636,-3.35796284675598,47.6341798188704,-113.723189265657,215.951306761965
16.89,0.0444129072129726,-7.56543397903442,2.78632736206055,-12.4989097943067,27.8864209942804,0.248973228532085,-2.23796439170837,-12.045371055603,-3.19267773628235,47.4679398446615,-118.639101807558,215.902593852805
16.895,-0.0058150920085609,-7.5180139541626,2.70169568061829,-14.3796843445398,30.0504042158062,-0.742896037164456,-2.52211809158325,-12.2078876495361,-3.01359105110168,47.5546354357964,-123.642242695349,215.365659021772
16.9,-0.0263856612145901,-7.44565629959106,2.62650370597839,-16.1230611018815,31.7938885486274,-1.70043429081285,-2.70586705207825,-12.4256658554077,-2.85539102554321,47.9159626881738,-128.448168701045,213.8932068405
16.905,-0.0529173985123634,-7.38322830200195,2.54435467720032,-18.1446809829894,32.9809549358081,-2.55680148795835,-2.7595067024231,-12.6320343017578,-2.75876593589783,48.346821266302,-131.938600272596,212.218608380553
16.91,-0.0792713165283203,-7.33523464202881,2.47039794921875,-20.4815397075028,33.5975946593606,-3.36980231995955,-2.73007750511169,-12.8044567108154,-2.69201636314392,48.927643477847,-135.295324060956,209.616347287914
16.915,-0.100550398230553,-7.3061466217041,2.41719269752502,-23.1823877506226,33.597731263144,-4.18278906469559,-2.64993476867676,-12.9229192733765,-2.63174104690552,49.7316318752383,-139.450811151991,205.452185856632
16.92,-0.134601786732674,-7.30118179321289,2.38951897621155,-26.3892127923624,32.3965058938138,-4.99578690848903,-2.47896146774292,-13.0222597122192,-2.42460441589355,50.2917142173686,-141.574043757382,200.167818759955
16.925,-0.172795802354813,-7.30312442779541,2.39688920974731,-29.5490751609164,30.2558358154726,-5.8263788926976,-2.37806272506714,-12.9975662231445,-2.22022128105164,50.7461232877549,-142.011981826584,194.372621815252
16.93,-0.227694943547249,-7.33092069625854,2.43292117118835,-32.5888030397064,27.2651111288829,-6.69626623586173,-2.37108135223389,-12.8620252609253,-2.05009603500366,51.0569139704634,-141.276793924703,188.261651564842
16.935,-0.316367894411087,-7.41036415100098,2.49180126190186,-35.4072191290096,23.4712415732643,-7.63573826562947,-2.49519848823547,-12.6236791610718,-1.9564460515976,51.1653739593886,-139.921711714129,182.055673383077
16.94,-0.412446200847626,-7.54235935211182,2.56279325485229,-38.0368829405995,19.0166383003589,-8.54087066557133,-2.69417500495911,-12.3772201538086,-1.90123009681702,50.8191311797932,-138.789963029036,176.416081808046
16.945,-0.532326817512512,-7.73374176025391,2.68082785606384,-40.4235661875609,14.115185268931,-9.43879977725976,-2.74093198776245,-12.2269239425659,-1.84843122959137,50.1180873935722,-136.971029011548,171.180195394097
16.95,-0.677568137645721,-7.97315549850464,2.8303337097168,-42.5713567381118,9.01568321855581,-10.2925034140724,-2.50910329818726,-12.2179985046387,-1.85211050510406,49.3885002468098,-133.812271426092,166.295271420461
16.955,-0.852066338062286,-8.24342250823975,2.98144292831421,-44.4685578932987,4.14618736159396,-11.0243206175988,-1.75383567810059,-12.4400053024292,-2.0244357585907,49.234998575403,-128.031895991889,161.715506638562
16.96,-1.06805837154388,-8.55134201049805,3.09678149223328,-45.7474834946269,1.06616115325749,-11.268267653995,-0.114244379103184,-12.643651008606,-2.30670714378357,48.3421664923826,-118.560308745292,156.591266496787
16.965,-1.32923531532288,-8.92821025848389,3.23934769630432,-47.3305779102633,-2.66982084159796,-11.3586421557716,1.83795809745789,-12.5050296783447,-2.35034656524658,46.3381548389551,-105.996838295403,150.328584084532
16.97,-1.63638162612915,-9.37382411956787,3.4267430305481,-49.0398839764778,-7.0419924824012,-11.335194116351,3.79959011077881,-11.9722805023193,-2.09975647926331,44.1188419625103,-88.6921442218258,142.665385043345
16.975,-1.99461615085602,-9.88245296478271,3.69133949279785,-50.0337243120388,-11.1614417878287,-11.1816480487145,5.09742116928101,-10.9764881134033,-1.49320435523987,44.4060650774877,-61.1992121331771,132.927830230468
16.98,-2.35529160499573,-10.4194011688232,3.97944688796997,-50.3520042971723,-14.4210360173223,-10.9283197474933,5.12063837051392,-9.38850116729736,-1.13546013832092,49.3484924137465,-23.6015906109321,122.582538845621
16.985,-2.66353750228882,-10.9939861297607,4.27491140365601,-49.9367800220543,-16.5806035215497,-10.4768032622205,4.25288820266724,-7.68905591964722,-1.2584068775177,53.6085701915426,9.43849241874711,112.637892697109
16.99,-2.91573143005371,-11.6137590408325,4.5601806640625,-48.6756641389869,-17.3352728304917,-9.69974203185822,2.70695185661316,-6.11976289749146,-1.80813181400299,55.5873272205141,37.0307687551,101.634560397056
16.995,-3.14983606338501,-12.3046360015869,4.76949787139893,-46.1021752182257,-15.5024786516306,-8.10121395001855,1.09215831756592,-5.32740116119385,-2.30115866661072,53.1604346499089,69.682873988034,81.753962930846
17.0,-3.33346843719482,-13.1306200027466,4.85790824890137,-40.3279298788023,-11.3566349339293,-5.54870224774579,-1.45387554168701,-4.64831256866455,-2.65191602706909,43.7575761818354,86.7168944949931,58.4103502724125
17.005,-3.43041777610779,-13.9700269699097,4.90649747848511,-30.7335938875367,-6.56676456853782,-2.29430195022913,-3.94324398040771,-4.35321235656738,-2.70236420631409,32.3623788536259,94.4268461810494,34.2860504069412
17.01,-3.42287039756775,-14.7438182830811,4.95548248291016,-16.7417703727526,-2.22748498434324,1.60055141865959,-5.96567010879517,-4.53134727478027,-2.4451105594635,20.8074387686554,94.8084146990321,10.684742395086
17.015,-3.2895724773407,-15.1509580612183,5.1135721206665,3.60850932060186,-2.66694682606127,6.16216251823965,-6.96984434127808,-5.05621814727783,-2.33070158958435,10.5466709747878,88.8496074029513,-9.14530142598244
17.02,-3.00307297706604,-15.5200262069702,5.48448610305786,26.5278861230811,-9.65829302888,10.8393676326113,-7.14395523071289,-5.71783876419067,-2.59360289573669,-1.92923879781911,75.7981199368649,-24.1924993043339
17.025,-2.55682110786438,-15.5606155395508,6.01093101501465,49.7913516342463,-20.9883790175055,15.1360168045447,-6.76662683486938,-6.46678495407104,-3.02915167808533,-16.1347134046056,56.4966849462313,-35.1520603370909
17.03,-1.93551552295685,-15.0800619125366,6.66621494293213,72.0538034036747,-35.4459804525494,18.7520811681422,-5.96616744995117,-7.27536964416504,-3.52618479728699,-31.6508712175965,31.2910705124985,-42.1538341043381
17.035,-1.08571243286133,-13.6977672576904,7.35863065719604,89.8970032517944,-47.9151601409464,21.3810636683624,-4.95666933059692,-8.0274133682251,-3.85541534423828,-43.8212506203729,4.64908992131377,-45.0183300648768
17.04,-0.204068034887314,-11.842604637146,7.88131952285767,102.360192864289,-53.2091134081236,23.3904353127412,-4.08464384078979,-8.5694408416748,-4.00147533416748,-51.2362098512708,-15.3365596963127,-46.2005777535981
17.045,0.639606356620789,-9.69784259796143,8.15027046203613,108.787100344948,-50.2491040822314,24.7454526365179,-3.39941906929016,-8.89161205291748,-3.92922377586365,-54.9117839455594,-27.584130481994,-46.2064278106222
17.05,1.38742184638977,-7.3916187286377,8.08308410644531,108.285819101382,-37.6712048577208,25.3784011442611,-2.95169281959534,-8.97263717651367,-3.59732532501221,-55.4277125298001,-30.7588758327495,-45.3664852974399
17.055,1.77988195419312,-5.2732105255127,7.53204202651978,98.8273321576135,-16.1320547534712,24.6469083747203,-2.70983099937439,-8.70031261444092,-3.09152436256409,-54.0001312762811,-25.8984517476659,-44.4626907608017
17.06,1.90076434612274,-3.48626303672791,6.7637939453125,88.5976144037128,2.34768179958348,23.3581336406089,-2.41079020500183,-8.34904670715332,-2.61796832084656,-52.9310222560665,-21.2565407820566,-44.2811135968115
17.065,1.75961184501648,-2.09761500358582,5.81940269470215,74.9837428217459,21.8899520351161,21.1647515773481,-2.07645273208618,-8.00909996032715,-2.2111349105835,-52.0925823845016,-16.2407145254296,-44.7568157819354
17.07,1.34825754165649,-1.22188091278076,4.73691034317017,54.442529459012,47.7553405445572,17.5607937240544,-1.73159623146057,-7.79475021362305,-1.91947507858276,-51.3419753305685,-10.0778826486513,-45.8587575214902
17.075,0.779792308807373,-1.0659419298172,3.60314249992371,32.9732607277081,67.4508228087872,13.3043598521805,-1.57478833198547,-7.8257040977478,-1.81388366222382,-52.3335446282305,-9.11373485295958,-46.9014166341439
17.08,0.24512505531311,-1.3207825422287,2.52709913253784,12.9557504120376,82.344528407242,8.98108233399417,-1.54996132850647,-7.99179744720459,-1.75172972679138,-54.1544320798209,-13.2642282219384,-46.9005457850247
17.085,-0.19500045478344,-1.93880176544189,1.51529157161713,-5.07895897578592,92.6388460903126,4.54814100604145,-1.72777700424194,-8.206467628479,-1.75446283817291,-56.5570604033996,-21.627435421914,-45.6504606574669
17.09,-0.4356350004673,-2.90056538581848,0.575344741344452,-20.1664664961847,98.0890775007943,-0.148788360631882,-2.26935338973999,-8.32240962982178,-1.88456761837006,-59.2296587841122,-32.946722027688,-42.7335737308996
17.095,-0.447558403015137,-4.09228849411011,-0.319914847612381,-31.6925353715336,97.5639384064579,-5.414964582476,-3.44701504707336,-8.05479717254639,-2.5693953037262,-63.7650546571624,-42.9248224427545,-38.4747219720595
17.1,-0.470288902521133,-5.34193086624146,-1.17396175861359,-41.6545677665777,92.6291677122587,-10.97292942051,-4.96473741531372,-8.0635290145874,-3.08883094787598,-67.947773712419,-51.6464139373489,-33.7587393124487
17.105,-0.562544345855713,-6.60578536987305,-1.95028674602509,-50.6372193365337,83.1806938258133,-16.7630754403211,-6.86854362487793,-8.5453405380249,-3.2565484046936,-70.4658185725926,-58.9159413653444,-28.7670628971795
17.11,-0.814363181591034,-7.820556640625,-2.53435206413269,-59.5259318997399,67.9360667681816,-22.7340063221788,-9.43506145477295,-9.87559986114502,-2.76039266586304,-68.1567023689405,-64.0016933911467,-23.6806876166155
17.115,-1.14318752288818,-8.83973979949951,-2.81911420822144,-67.8556686114614,48.6567171942292,-28.5672679111256,-11.643271446228,-11.9188680648804,-0.73096489906311,-61.2772197236878,-67.4794071504637,-20.2969453074467
17.12,-1.62550950050354,-10.3336515426636,-3.03025150299072,-74.2898707341535,29.8152305573989,-33.8659903578908,-12.656907081604,-14.1514539718628,1.86431002616882,-52.9437093324498,-66.4986876082983,-19.8513147376911
17.125,-2.22210621833801,-12.3955402374268,-3.16736769676208,-78.1005971966437,13.1101912344553,-38.4256060817379,-12.12965965271,-16.3196563720703,4.59388494491577,-44.6314169238685,-60.9290508307464,-22.7821386652598
17.13,-2.67344760894775,-14.7902545928955,-3.002934217453,-77.2274463037168,1.99576526722186,-41.6883532973071,-9.28169918060303,-17.763219833374,6.41130065917969,-40.1084929762428,-53.0119224316908,-29.8995116766622
17.135,-2.86715793609619,-17.333345413208,-2.66814374923706,-72.4863797743791,-4.40606581422919,-42.2561059418753,-4.59128522872925,-18.3149852752686,6.10594367980957,-43.3002028093493,-50.9264471120324,-37.1428794801366
17.14,-2.83144903182983,-19.7604999542236,-2.28339624404907,-66.106935278263,-7.97059170478393,-40.0732594454092,0.263826042413712,-18.3991298675537,4.27940320968628,-50.4753404381098,-54.9782246107107,-42.493769204235
17.145,-2.5560188293457,-21.8698711395264,-1.8909410238266,-59.0747159427905,-9.37793852288672,-34.959527549672,4.54018640518188,-18.1634101867676,1.39534640312195,-60.66938752907,-66.1838363781282,-45.4659362668498
17.15,-1.93821787834167,-22.8025550842285,-1.51016974449158,-53.5528802441449,-9.62139293188901,-26.3131074095355,6.86285829544067,-17.740364074707,-0.110961526632309,-75.4310997218142,-90.3013094695241,-48.1934288779219
17.155,-1.27398908138275,-22.1629390716553,-0.887403190135956,-50.2696083101198,-10.9945768513107,-18.2535183398663,9.24656963348389,-16.7119255065918,-1.12286388874054,-76.339958843722,-97.7261212482998,-51.0311880629546
17.16,-0.688444793224335,-20.3933296203613,-0.0368782058358192,-46.7789342668527,-14.4429114056866,-8.54064356178143,10.2621822357178,-15.1476316452026,-1.59094846248627,-65.5983730530422,-78.1663924089184,-52.4139905962749
17.165,-0.25887256860733,-17.7032642364502,1.03761446475983,-41.65516540813,-20.5886507340669,3.76764589807398,9.0514497756958,-13.060941696167,-1.52056396007538,-44.355938319169,-25.6109383496488,-51.3273655559338
17.17,-0.109196484088898,-14.79248046875,2.17533421516418,-32.679781159451,-29.5757094835849,12.6953195678532,5.11082124710083,-10.5693769454956,-2.02122664451599,-24.0330621985383,43.3841629097217,-45.8355382934067
17.175,0.055339690297842,-12.1442737579346,3.42635273933411,-19.7076792745403,-39.858576354512,18.4171372289812,0.643576860427856,-8.42264938354492,-2.55710101127625,-10.9843051005726,90.3885309852252,-40.5125362316894
17.18,0.27039760351181,-9.77004146575928,4.71829462051392,-3.69332063329955,-51.4878613410508,21.2756465287124,-3.82651257514954,-6.74278354644775,-2.85874032974243,-2.85894984693267,114.483669358035,-36.4067490121493
17.185,0.567454218864441,-7.69563150405884,5.99606084823608,14.7898833079759,-64.5862824520189,21.3681887617769,-7.88274240493774,-5.65548229217529,-2.697345495224,1.91254923058219,113.535912308804,-34.4271245491532
17.19,1.12839686870575,-5.95591926574707,6.8741569519043,29.647467451005,-75.117484755884,18.4244147955419,-10.810417175293,-5.31469392776489,-2.0781786441803,3.63099088825495,100.555253904411,-34.2820171802363
17.195,1.8158392906189,-4.54210042953491,7.16671752929688,37.4372059918508,-77.9821275654898,14.5466858848412,-12.9585266113281,-5.20185089111328,-1.45584070682526,2.13586119827869,85.8127686941802,-34.934600774296
17.2,2.53417682647705,-3.50128316879272,6.86578178405762,37.7478225047354,-72.5417247972238,9.94388628996668,-14.2541999816895,-5.22706890106201,-1.02130031585693,-4.44826656490294,65.58530690116,-36.7756953405459
17.205,3.16566705703735,-2.92134523391724,5.91569423675537,29.4872721942115,-57.3552363098073,4.82269369322163,-14.5403070449829,-5.28803586959839,-1.02893829345703,-18.8691608558,34.7731624230736,-40.3877486755533
17.21,3.57691383361816,-2.80182218551636,4.55096435546875,16.2178777879397,-33.3508472454047,-1.02865348959548,-13.6286811828613,-5.36195468902588,-1.22807490825653,-38.3434559814956,-16.4363294357115,-44.7669551977583
17.215,3.77133536338806,-2.93879246711731,3.31409335136414,3.98436139713614,-7.55641074106165,-6.75623401611397,-12.0974998474121,-5.39380073547363,-1.52778398990631,-54.9385207210654,-65.0683298828817,-47.3542752515887
17.22,3.77257084846497,-3.3803186416626,1.96733021736145,-6.37091188229546,17.9397548173215,-12.1476357266139,-10.1301155090332,-5.45429849624634,-1.97323870658875,-67.0003650028357,-102.928287018316,-48.0923489083948
17.225,3.60471510887146,-4.2709903717041,-0.0084730200469493,-13.6904533704884,39.8892131680341,-16.854890258239,-7.96715354919434,-5.68625831604004,-2.67494320869446,-71.7529540613032,-115.774219941331,-46.9471925619613
17.23,3.15641474723816,-5.46518039703369,-1.69336724281311,-18.0416236736977,51.581557876085,-20.3509772264234,-6.3503212928772,-6.00029516220093,-3.31117010116577,-73.7628260170386,-113.72933643591,-43.7596388989648
17.235,2.63513875007629,-6.68889474868774,-3.03422808647156,-21.3063960403558,54.6851514387092,-22.9026197871243,-4.25634717941284,-6.56026744842529,-3.97430634498596,-70.6331991883929,-96.2533343877592,-40.5428451961314
17.24,2.09128332138062,-7.86620473861694,-3.99775266647339,-24.2158961173358,49.9457992868533,-24.5350128006425,-1.77402782440186,-7.38132905960083,-4.45041847229004,-62.2678976816631,-66.7301900400267,-37.9341261596313
17.245,1.59396076202393,-8.87164306640625,-4.47207355499268,-28.1803718455903,38.2134569910227,-25.1408847309685,0.501526176929474,-8.47171497344971,-4.06655406951904,-48.7827000334701,-34.1054567901915,-37.110716119335
17.25,1.11603438854218,-9.61422157287598,-4.47300481796265,-32.7388110693528,25.9370440240238,-25.2163173401621,2.09608721733093,-9.44114875793457,-3.14007544517517,-34.3956954336874,-6.71901247334516,-37.1956836726099
17.255,0.594019889831543,-10.1429357528687,-4.16651105880737,-36.470051205377,16.1977304374354,-25.1849223756422,2.9020357131958,-10.1721296310425,-2.19172787666321,-22.0514740561559,16.7871347816725,-36.5783028735325
17.26,0.0060795214958488,-10.4778776168823,-3.59875631332397,-39.3713140742179,8.73705760419619,-25.0575769136619,2.82450079917908,-10.6378927230835,-1.40570521354675,-13.1572170868909,35.5241075713706,-34.8677912789295
17.265,-0.686212182044983,-10.6638031005859,-2.81920504570007,-42.8508070978137,-0.73230726959938,-24.4614192198829,1.52837121486664,-10.8310451507568,-1.12083327770233,-11.3351719182362,43.9858137831406,-31.8512143263313
17.27,-1.42228698730469,-10.7946405410767,-2.021324634552,-44.6971472493461,-7.55061276422995,-23.7355545262182,-0.205421105027199,-10.8255920410156,-1.16199779510498,-14.4107053562027,39.6614366044979,-28.5373892486014
17.275,-2.14318251609802,-10.9005451202393,-1.29418861865997,-45.244781571714,-11.6696556734018,-22.737259199771,-1.93660867214203,-10.6517181396484,-1.33946371078491,-18.1965801753978,31.6173554793392,-25.4501266682827
17.28,-2.81130003929138,-10.9840984344482,-0.681246280670166,-44.5532454088177,-12.8748732883018,-21.435672738324,-3.49583506584167,-10.3143644332886,-1.61604702472687,-20.8065747497254,24.1368930267535,-22.8199130264646
17.285,-3.2917914390564,-10.9892568588257,-0.267455160617828,-42.5037310351395,-10.2571563313439,-20.0445032232704,-4.73963689804077,-9.81217479705811,-2.18197393417358,-18.4882019322006,27.4839350219645,-20.9935101971194
17.29,-3.57273602485657,-10.8448371887207,-0.0393686331808567,-39.5194062358021,-5.99972994760617,-18.714199231458,-5.7483491897583,-9.27005290985107,-2.79565715789795,-14.6400221273967,31.7917643597955,-20.6169533304402
17.295,-3.70597624778748,-10.6156282424927,0.041120070964098,-35.7318136240307,-0.505239444911304,-17.4909089360141,-6.50792598724365,-8.71572685241699,-3.24934267997742,-12.0528070877247,31.7981642470478,-21.2774326231804
17.3,-3.71161580085754,-10.3340511322021,-0.0165152531117201,-31.172836522871,6.05174781455134,-16.4107862357629,-6.98905420303345,-8.16893482208252,-3.42238569259644,-12.3385523205204,24.6281646280905,-22.7490600591095
17.305,-3.60671854019165,-10.0530443191528,-0.256162106990814,-25.9701550735727,13.1170760651387,-15.5791970439355,-7.04665517807007,-7.7337589263916,-3.27683472633362,-16.7398715801633,12.8247337233784,-23.850416109943
17.31,-3.45503735542297,-9.85342884063721,-0.551605463027954,-20.4825522830472,18.5852452599282,-15.0956691695701,-6.99550580978394,-7.51870918273926,-3.21922659873962,-25.0429107899666,-5.40377673261552,-25.3256174423553
17.315,-3.29131960868835,-9.74976444244385,-0.852193713188171,-14.9514872912857,21.3428504675035,-14.7867072700119,-6.84956026077271,-7.4656662940979,-3.22016501426697,-33.7457312171744,-23.4097647480923,-26.7904317645872
17.32,-3.1424834728241,-9.75951671600342,-1.11792731285095,-9.56648333360398,20.3377625179267,-14.5249129493145,-6.6141209602356,-7.53829050064087,-3.25983691215515,-40.0855572010098,-35.8886552579417,-27.9384072716007
17.325,-2.88424754142761,-9.95091533660889,-1.63784492015839,-5.89578257928822,12.6282112517106,-14.0285101683636,-6.27099514007568,-8.01698970794678,-3.31742858886719,-39.2398192723168,-35.4181781675329,-28.3543248109194
17.33,-2.64535212516785,-10.2248945236206,-2.17998480796814,-4.30405907340917,2.01604879462268,-13.1917932120168,-5.77390003204346,-8.55257129669189,-3.30988621711731,-36.8870410843954,-30.8476751221488,-28.5995132341973
17.335,-2.43115186691284,-10.5538167953491,-2.69563794136047,-4.50711718233906,-10.4609964969338,-11.9225289132696,-5.11047315597534,-9.07602596282959,-3.2821741104126,-34.4710392504218,-25.1881564702142,-28.8314408452015
17.34,-2.25027418136597,-10.907187461853,-3.12156820297241,-6.28595030543603,-23.642564915763,-10.0715604548008,-4.25238561630249,-9.49971580505371,-3.28923344612122,-33.8009737871815,-22.1389056001739,-29.2469349127917
17.345,-2.03243637084961,-11.1461057662964,-3.24968457221985,-8.44407322465391,-34.7999675004713,-7.50765258189787,-3.22064709663391,-9.7407922744751,-3.31858801841736,-33.7790044837161,-21.9059722438144,-29.5260096120893
17.35,-1.7368940114975,-11.2542572021484,-3.15140771865845,-9.93942788398595,-43.6193399832235,-5.00824431976149,-2.37439060211182,-9.8538990020752,-3.33972454071045,-31.9050567075585,-18.0346739562172,-29.2666946500606
17.355,-1.3594468832016,-11.2396974563599,-2.84274411201477,-10.6948058250543,-49.8789180745005,-2.78535050320097,-1.83066594600677,-9.85897350311279,-3.35251021385193,-28.1292717853148,-9.91331009437347,-28.5263858138485
17.36,-0.887803435325623,-11.1064901351929,-2.3243579864502,-10.595717709444,-52.9220883686322,-1.18795399160769,-1.80529367923737,-9.77667140960693,-3.35902523994446,-22.4201574222694,3.38507163473594,-27.4055329880292
17.365,-0.367470949888229,-10.8595180511475,-1.71501672267914,-10.4225766828524,-56.430927299997,1.4271687741261,-2.20412731170654,-9.70840740203857,-3.25125670433044,-17.2292187757016,14.460625501299,-27.0159321675825
17.37,0.100971728563309,-10.5990695953369,-1.1848783493042,-10.7027758020421,-59.1374034189929,4.0857743383852,-2.76058006286621,-9.6289587020874,-3.10248827934265,-13.4567994291714,21.9149334520054,-27.1656482066419
17.375,0.490448504686356,-10.3549528121948,-0.769105732440948,-11.6389590957245,-60.6881227379634,6.64961305562278,-3.41614317893982,-9.50654888153076,-2.97823715209961,-11.3239832146021,25.7172160931342,-27.6015184360735
17.38,0.751587867736816,-10.1789016723633,-0.518512845039368,-13.688487129781,-60.411021963336,9.06216009453681,-4.10655927658081,-9.25400829315186,-3.04467844963074,-11.2955841418068,25.9544388082925,-27.6828676966357
17.385,0.961989223957062,-10.0843362808228,-0.404822319746017,-16.3305571262247,-57.8913788388966,10.9526762020736,-4.6180853843689,-9.03024291992188,-3.23749804496765,-11.9677165910447,24.5090802799113,-27.8021911014358
17.39,1.16700530052185,-10.0183267593384,-0.375636279582977,-18.7569323100002,-54.004263540729,12.3717854597008,-4.92802238464355,-8.8935432434082,-3.36644673347473,-12.3481171466794,22.4674701426501,-28.1179917279005
17.395,1.37292611598969,-9.97012805938721,-0.410434275865555,-20.6922476283031,-48.9761344058595,13.2815034778967,-5.03691291809082,-8.85360813140869,-3.38641619682312,-12.2179431326091,20.2474418038898,-28.6507413605196
17.4,1.56375229358673,-9.94251728057861,-0.465852051973343,-21.6597029431004,-42.9887632586696,13.4539341648146,-4.96999359130859,-8.89740467071533,-3.27714848518372,-11.5481841741077,18.7125463256789,-29.3374656551456
17.405,1.7410215139389,-9.87969589233398,-0.478032767772675,-21.8689731090804,-35.8591864067677,13.0985389317313,-4.58006191253662,-9.04014110565186,-3.20860743522644,-11.7603921752045,16.4703301173998,-29.7646803273516
17.41,1.88424813747406,-9.80516147613525,-0.491256445646286,-21.3230873151401,-27.9278375538601,12.4363580681141,-3.98955154418945,-9.19986724853516,-3.20273613929749,-12.344702905868,13.6387181026201,-29.7892451027016
17.415,1.98539245128632,-9.72978019714355,-0.517110168933868,-20.0794293955912,-19.2580649969513,11.5297785218418,-3.24972701072693,-9.35971260070801,-3.25136852264404,-12.9553397469138,10.5538571875683,-29.3856253189834
17.42,2.04498481750488,-9.67879486083984,-0.526258707046509,-18.7775424058207,-9.6209276252518,10.3467265783458,-2.48415493965149,-9.6058406829834,-3.21315979957581,-12.1351783153414,9.72798144898164,-28.8438888649638
17.425,2.09398293495178,-9.57827854156494,-0.577471017837524,-18.119663707607,0.802760297362091,8.93350067491493,-1.8365672826767,-9.85260391235352,-3.1412570476532,-10.3784451230777,10.9507799708053,-28.09910966994
17.43,2.12436580657959,-9.4586706161499,-0.651226162910461,-17.8536312545296,11.6332601566358,7.24490801113217,-1.33558177947998,-10.0528116226196,-3.1015567779541,-8.40353519815624,12.9038230450989,-27.1203435618772
17.435,2.13276934623718,-9.33682346343994,-0.738329827785492,-17.855227811248,22.6839410355626,5.22807395819835,-1.00689482688904,-10.1738519668579,-3.12882733345032,-6.57416379784305,14.8985618629546,-25.8853036335136
17.44,2.15345168113708,-9.24601459503174,-0.836189806461334,-17.892226945982,33.7961482585329,2.6359191976526,-0.894571423530579,-10.1235971450806,-3.19068312644958,-4.83064488718917,16.3359768813311,-24.520800884527
17.445,2.11007356643677,-9.15375328063965,-0.946510374546051,-17.4673533211141,43.9609723851292,-0.171308161336075,-0.933147490024567,-10.0250749588013,-3.16912460327148,-3.19433049131369,17.034037582432,-23.4031172664826
17.45,2.01388263702393,-9.05091667175293,-1.05520784854889,-16.7431210426609,52.7501929977905,-3.03983908280741,-1.12284219264984,-9.90419387817383,-3.08045339584351,-1.7682400333028,17.000412561148,-22.4449288108417
17.455,1.8705974817276,-8.92959690093994,-1.15097332000732,-15.830548005392,59.7387605942775,-5.85103929069593,-1.47308230400085,-9.78020572662354,-2.93353486061096,-0.647240625220603,16.1964036731891,-21.5864986831235
17.46,1.70541203022003,-8.82528305053711,-1.25097012519836,-14.9190797512213,63.1515055942094,-7.74607570280279,-1.90113508701324,-9.56873512268066,-2.86596751213074,-0.123196735709328,15.3477748669299,-20.7204768001428
17.465,1.48674476146698,-8.74582672119141,-1.35884237289429,-13.6662599866745,67.0837547824124,-10.4877341262134,-2.21183514595032,-9.37263202667236,-2.87595558166504,0.330459813249144,14.4391479714539,-19.3838207324023
17.47,1.21691191196442,-8.69999313354492,-1.46033525466919,-12.3109276204223,70.718412628478,-13.734102548153,-2.45711469650269,-9.1710319519043,-2.92437481880188,0.716254083894028,13.7239434955362,-17.9260295521844
17.475,0.894887924194336,-8.70138072967529,-1.53704833984375,-11.145273022516,73.0059864154879,-17.0944232848841,-2.697190284729,-8.93730068206787,-2.96502566337585,1.03213838017607,13.5354405197276,-16.7768997432012
17.48,0.546563029289246,-8.72568511962891,-1.54699671268463,-10.2285591830627,73.8508944761968,-20.4893261231566,-2.75502824783325,-8.91278457641602,-2.87072396278381,1.38349430341722,12.4458955735164,-16.7538239490903
17.485,0.190464347600937,-8.76946258544922,-1.53467321395874,-9.50351667341928,74.0671177747519,-23.766925585076,-2.8188955783844,-8.9057035446167,-2.77343773841858,1.35697086460106,10.8367397173281,-16.6929089069776
17.49,-0.17043748497963,-8.84103107452393,-1.50702571868896,-9.05552883462637,73.6439875556696,-26.8816369881217,-2.92021608352661,-8.89809799194336,-2.70768165588379,1.05889511264107,9.05168343812366,-16.4203946043778
17.495,-0.53296959400177,-8.95944118499756,-1.47092175483704,-9.08156551574246,72.4083312027334,-29.7459280429853,-3.10265517234802,-8.87606620788574,-2.72828125953674,0.705655711375431,7.6833011416885,-15.7073040720083
17.5,-0.872484564781189,-9.11806106567383,-1.3932558298111,-9.75852776249723,69.7991921095994,-32.0495049632205,-3.20332598686218,-8.8910083770752,-2.71450686454773,1.03510567048362,9.06451138715859,-14.7898850155232
17.505,-1.19975173473358,-9.30110931396484,-1.31871008872986,-10.7065366749538,66.1226242227866,-33.858606923398,-3.26912474632263,-8.94638633728027,-2.64459133148193,1.72502393232025,11.1184568460608,-14.1624971355381
17.51,-1.49924337863922,-9.49283504486084,-1.26484310626984,-11.8947932225974,61.5509668754328,-35.1424809967799,-3.31311106681824,-9.02601623535156,-2.53179979324341,2.43645547577343,12.7187795601049,-13.9159571885782
17.515,-1.71934652328491,-9.65395259857178,-1.26836621761322,-13.3936739670885,56.3929343727388,-35.7398425114001,-3.35424160957336,-9.08375930786133,-2.41873860359192,2.30247597911834,11.302783161192,-14.1693196407452
17.52,-1.87215113639832,-9.77876758575439,-1.28816080093384,-15.2233083296847,51.1432407313832,-35.6077773887033,-3.41699147224426,-8.99237251281738,-2.45414710044861,1.40700786996523,9.23657153631402,-14.2149495732692
17.525,-2.08095908164978,-9.91317462921143,-1.31866204738617,-17.0080077315051,45.7011304158247,-34.9358404536304,-3.52858638763428,-8.86819362640381,-2.52694439888,0.56570310756946,8.25870189057976,-14.2779042806228
17.53,-2.35424566268921,-10.0610322952271,-1.35433459281921,-18.5606753619363,40.0326812915502,-33.7524896893581,-3.69937896728516,-8.75020980834961,-2.58673334121704,0.10176253487677,8.53013531574336,-14.4382771223347
17.535,-2.60826182365417,-10.1944541931152,-1.37491142749786,-19.3838907418413,34.0803558449917,-32.0009252427488,-3.95045351982117,-8.704026222229,-2.50940632820129,0.707804873086458,9.06347319840475,-14.8447707081461
17.54,-2.82372331619263,-10.2955188751221,-1.39715945720673,-19.5708193590462,27.9175427512336,-29.8008666695743,-4.20114803314209,-8.68575286865234,-2.44505929946899,0.758007083651169,9.25084492413206,-15.3086839867626
17.545,-2.99540400505066,-10.3731775283813,-1.41895318031311,-19.3265308131915,21.8121595955642,-27.3667699569421,-4.40314912796021,-8.65563297271729,-2.41650199890137,0.193433158429943,8.95273704893862,-15.9293586445673
17.55,-3.11676478385925,-10.4282817840576,-1.43037593364716,-18.6880225314639,15.8905734153654,-24.7888465358623,-4.54257392883301,-8.59936809539795,-2.43278789520264,-0.998087005677501,8.18305583797458,-16.7385345706333
17.555,-3.16081261634827,-10.4488849639893,-1.35805439949036,-17.4951095023537,10.4125687481711,-22.2575801370029,-4.65338563919067,-8.51487064361572,-2.49467182159424,-2.59814782465561,7.55807474589819,-17.6777402230234
17.56,-3.16658163070679,-10.4566955566406,-1.26077461242676,-16.4386824358805,6.09245574200462,-20.3322812911178,-4.70606660842896,-8.48613834381104,-2.47458171844482,-3.66917506080991,7.59187222945871,-18.712080165268
17.565,-3.13375067710876,-10.461088180542,-1.13187956809998,-15.2611561154231,1.18825654764358,-18.1636689088821,-4.75634527206421,-8.51641941070557,-2.40553069114685,-4.50927082636173,7.66499111207099,-19.702551510021
17.57,-3.06006741523743,-10.4672803878784,-0.96739935874939,-13.838708602839,-5.18228394311576,-15.3334024413689,-4.83614015579224,-8.6034688949585,-2.3069281578064,-5.29184487315782,7.42429951458797,-20.5592587225211
17.575,-2.94664549827576,-10.4835796356201,-0.790733158588409,-12.5106252762806,-11.7669004917099,-12.6227692984894,-4.99298572540283,-8.61705780029297,-2.26347827911377,-6.53722869613256,6.35891337435786,-21.0285183317103
17.58,-2.78464221954346,-10.5083141326904,-0.642269492149353,-11.3087536003002,-18.5734119571911,-10.2345373061338,-5.08402109146118,-8.61498069763184,-2.28374314308167,-8.14460955691022,4.96525510912543,-21.8320832573732
17.585,-2.5573582649231,-10.5320272445679,-0.544888079166412,-10.287445658992,-25.3524617933407,-8.14896892514798,-5.0586576461792,-8.66015434265137,-2.32236886024475,-9.6229305782259,3.45052128212735,-23.0611433551184
17.59,-2.24750542640686,-10.5471324920654,-0.519926786422729,-9.50101511663576,-31.9038989904942,-6.36888886564067,-4.86950492858887,-8.80554962158203,-2.3443808555603,-10.5734504389761,1.97221071953883,-24.8143282641083
17.595,-1.84751486778259,-10.4555892944336,-0.574484825134277,-9.12072555157508,-36.6415367648685,-4.95907506858704,-4.52983903884888,-8.9623441696167,-2.37684559822083,-10.4379505849005,3.69716261470768,-26.0169230863671
17.6,-1.4133335351944,-10.3682718276978,-0.646641373634338,-9.011381906926,-39.7398266856021,-3.81348842023582,-4.15635061264038,-9.10717105865479,-2.46796679496765,-10.3432372054536,5.17874547823887,-26.8544425899413
17.605,-0.964557409286499,-10.2687454223633,-0.718478441238403,-8.97738890920049,-41.4784684143018,-2.9428775039065,-3.78785538673401,-9.23470306396484,-2.58605170249939,-10.3330662000058,5.85549513535572,-27.5390375730936
17.61,-0.524684190750122,-10.135425567627,-0.767459034919739,-8.77879689021414,-42.1042981573826,-2.38189869944772,-3.47350454330444,-9.33691501617432,-2.69335651397705,-10.46891695505,4.96007227620586,-28.3254979975274
17.615,-0.154613152146339,-9.99186515808105,-0.801571249961853,-8.51141888987023,-41.1258667285891,-2.26803368301149,-3.21175646781921,-9.40005683898926,-2.69077801704407,-10.3902306144906,4.70860007889162,-28.7772091431916
17.62,0.119505807757378,-9.87507438659668,-0.834935009479523,-8.23503784642661,-38.962161837272,-2.27449952427797,-2.98503398895264,-9.43514823913574,-2.65451574325562,-10.2131468612006,4.70846006001364,-29.0807598253799
17.625,0.355959445238113,-9.77927684783936,-0.862810969352722,-7.9348168814587,-35.7392141339964,-2.53753800662139,-2.80382227897644,-9.44759750366211,-2.63602256774902,-10.0231591730211,4.82155646672482,-29.3200418425729
17.63,0.663973748683929,-9.69184494018555,-0.874155342578888,-7.57384565269175,-31.5402050775693,-3.37669739592668,-2.69462895393372,-9.44410705566406,-2.72663736343384,-9.96867475401195,4.83947973688058,-29.6275984307095
17.635,0.902295768260956,-9.69516086578369,-0.894392311573029,-7.03381888039881,-26.6330027344076,-4.70398372478634,-2.5833055973053,-9.43782901763916,-2.88079428672791,-9.89935260280455,5.02741922208265,-29.8767637316315
17.64,1.12466704845428,-9.72967910766602,-0.934350609779358,-6.40450574084135,-21.4781872508127,-6.25465523243267,-2.52838063240051,-9.48753547668457,-2.96912145614624,-9.41574447371638,5.60646088868836,-30.4135995249216
17.645,1.33877050876617,-9.77794456481934,-0.993059873580933,-5.66600733164617,-16.1345170366669,-7.96000405779676,-2.52788996696472,-9.5782356262207,-2.97835683822632,-8.54174663733238,6.65659350895453,-31.1098177824939
17.65,1.54666292667389,-9.81209373474121,-1.06546401977539,-4.71786266917981,-10.5882821947588,-9.73048300576516,-2.55978393554688,-9.64867115020752,-2.90977263450623,-7.4566370452134,8.37294534218469,-31.4808439034928
17.655,1.72328078746796,-9.8129301071167,-1.10836601257324,-3.69963258186629,-5.39883551763784,-11.3793922704701,-2.58223223686218,-9.63090801239014,-3.03223705291748,-6.78748725420865,10.0664121997139,-31.5520452104956
17.66,1.84689390659332,-9.82426071166992,-1.12259697914124,-2.79650121390783,-1.15305652742569,-12.72988886279,-2.54972290992737,-9.60177040100098,-3.14591288566589,-6.05176190181651,11.7284140832841,-31.5428995871969
17.665,1.90554773807526,-9.85035228729248,-1.11611545085907,-1.94065631279043,2.53508532837912,-13.8999011213868,-2.46537327766418,-9.58598804473877,-3.19844317436218,-5.13803925833289,13.3928884953339,-31.5442758703147
17.67,1.86518442630768,-9.86732387542725,-1.1252304315567,-0.630456022304678,8.05394818718841,-15.6165974522832,-2.38924384117126,-9.62212944030762,-3.14532899856567,-4.00888263003013,15.2267900186141,-31.7607723764366
17.675,1.78401505947113,-9.9025182723999,-1.17810678482056,0.549273247603553,13.7754354379153,-17.1598360065653,-2.40462160110474,-9.64884853363037,-3.07778811454773,-2.79369678092331,17.3181341783168,-31.9498149371896
17.68,1.66573512554169,-9.93841552734375,-1.24103987216949,1.71685886805433,19.5804021144517,-18.5743528157493,-2.45185899734497,-9.62043285369873,-3.05300831794739,-1.41390081149824,20.2149044902311,-31.802088190726
17.685,1.51636099815369,-9.96989727020264,-1.29677510261536,2.89771138391591,25.3777164177968,-19.8637559272643,-2.50716781616211,-9.52743721008301,-3.08238363265991,0.0820846664964711,23.9737693263534,-31.2663247371356
17.69,1.38313567638397,-10.004020690918,-1.29744815826416,3.97275220998124,30.7451198317611,-20.9660511291087,-2.53630685806274,-9.43378067016602,-3.08910608291626,1.04964863733046,27.3397753417949,-30.8672436141209
17.695,1.20191514492035,-10.0130786895752,-1.31249964237213,4.93331287569822,35.4347106404189,-21.9398499820976,-2.56418490409851,-9.3486328125,-2.99327802658081,1.7044591932247,28.8240164295737,-31.0451871174727
17.7,1.00387477874756,-10.0121068954468,-1.33575642108917,5.65309357835979,39.627251507702,-22.7551047765249,-2.62975454330444,-9.27058792114258,-2.90894746780396,2.31327450819613,29.9842538336946,-31.4263799750511
17.705,0.802546501159668,-10.0071640014648,-1.36349928379059,6.0630440936649,43.3779781734282,-23.3859649539294,-2.75262951850891,-9.19859218597412,-2.89758467674255,2.9958836138472,31.6369991033922,-31.8216669279818
17.71,0.562154531478882,-9.97453880310059,-1.37921702861786,6.3609039476141,46.460985545894,-23.8111561825937,-2.87811493873596,-9.11988830566406,-2.97069382667542,3.42028702287947,34.0047251603121,-32.1740432174519
17.715,0.314071267843246,-9.94139862060547,-1.36894810199738,6.72854613676603,48.5129485423896,-23.9708852789764,-3.00337076187134,-9.04302215576172,-3.01165699958801,3.7951062467452,35.7985070061813,-32.6076304561535
17.72,0.090951070189476,-9.91028690338135,-1.36892473697662,7.1102845557044,49.7181456667222,-23.8807011687228,-3.07557415962219,-9.00121021270752,-3.00078701972961,3.89261445422312,36.6263805751002,-33.2883475994045
17.725,-0.0796874910593033,-9.88334941864014,-1.40861201286316,7.46265956451405,50.171407265328,-23.5376805308683,-3.04943418502808,-9.02303695678711,-2.91924047470093,3.51458141290949,36.1172548592729,-34.3633749785349
17.73,-0.394660264253616,-9.85842609405518,-1.47169017791748,7.72511043714544,49.7750718783596,-23.0502030996153,-2.99885225296021,-9.12091255187988,-2.85932874679565,2.60149034848068,33.2603848049425,-35.3037281027056
17.735,-0.703213155269623,-9.86442852020264,-1.546835064888,7.88123575496724,48.8979150794845,-22.4569379909499,-3.00380873680115,-9.21245384216309,-2.89232039451599,1.9293474405156,31.2898069275021,-35.9793260191736
17.74,-0.994296252727509,-9.89263439178467,-1.61889171600342,8.04798457826934,47.460570070547,-21.787663122106,-3.01321053504944,-9.28029823303223,-2.96518564224243,1.45737784705142,30.1955149998177,-36.5471606260118
17.745,-1.25268244743347,-9.93379211425781,-1.66858148574829,8.37310585163018,45.3202244261914,-21.0739407972382,-2.96320414543152,-9.30081272125244,-3.01436543464661,1.14974954192864,30.0323383654515,-37.1961720311356
17.75,-1.41744709014893,-9.96754264831543,-1.69808399677277,8.7071149086485,42.9305973676978,-20.3861373327233,-2.77191758155823,-9.35432434082031,-2.95359516143799,1.09956920931361,29.7698883465937,-38.5405718258476
17.755,-1.51123535633087,-10.0004215240479,-1.7048214673996,8.96029636080253,40.6457146752209,-19.7262915400286,-2.63505506515503,-9.42416381835938,-2.8723258972168,1.19331675732321,28.7780048602299,-40.0859328614142
17.76,-1.54997396469116,-10.0429105758667,-1.68856656551361,9.14777736955657,38.6009985094347,-19.1477659795921,-2.59706664085388,-9.49075889587402,-2.81620669364929,1.3516109803716,27.6014740398439,-41.5170692283961
17.765,-1.55566227436066,-10.1151866912842,-1.6467399597168,9.30074970130276,37.0410447747063,-18.7600127253159,-2.73198127746582,-9.51843070983887,-2.86496090888977,1.44278920331451,27.3194128403318,-42.2767877546821
17.77,-1.55559873580933,-10.213755607605,-1.6009978055954,9.65773978355723,34.3409378071114,-18.111479433434,-2.78534436225891,-9.55935573577881,-2.96581411361694,1.28854240095788,27.7874481381123,-42.7021275399609
17.775,-1.5448294878006,-10.3004302978516,-1.57510161399841,9.94318619557676,31.4581710905429,-17.4241370066881,-2.76190257072449,-9.63776874542236,-3.01693177223206,1.30130439597864,28.1804008738942,-43.1992765190786
17.78,-1.50839054584503,-10.3698558807373,-1.57122004032135,10.0918947817336,28.7014042886882,-16.7232076261358,-2.69426345825195,-9.74489116668701,-3.0189528465271,1.45325123885397,28.2759347298152,-43.8562314342071
17.785,-1.4022171497345,-10.418776512146,-1.58902227878571,10.0019898554623,26.6318057437556,-16.000104036443,-2.67154288291931,-9.84899044036865,-3.00630497932434,1.52611889857084,27.7002812639246,-44.795792256434
17.79,-1.20247185230255,-10.4731874465942,-1.56413507461548,9.8113891578049,24.9389160372112,-15.4385497885466,-2.65129780769348,-9.99805736541748,-2.98179173469543,1.53557732318914,26.6120852800745,-45.6285050143799
17.795,-0.962770879268646,-10.5179090499878,-1.48130309581757,9.68952748395447,23.4119828520253,-14.9280819405474,-2.61449122428894,-10.09827709198,-3.01791381835938,1.87368203911023,26.4060321331935,-46.2746887211873
17.8,-0.698227286338806,-10.5500659942627,-1.34038090705872,9.59856985477741,22.0088178172418,-14.4523336516466,-2.55259609222412,-10.1348466873169,-3.09919214248657,2.52177179558288,27.2339347304164,-46.7815741349669
17.805,-0.425752490758896,-10.5714168548584,-1.15594410896301,9.19251681616744,20.7432981697071,-14.045401226181,-2.44485402107239,-10.1324977874756,-3.08089327812195,3.00070530051441,28.4095639658319,-47.449238786714
17.81,-0.182240858674049,-10.5750684738159,-0.969820976257324,8.61295818961893,19.917799799072,-13.7833516271634,-2.33846282958984,-10.2007179260254,-3.01537036895752,3.44315300211679,29.1219287906021,-48.3490718136335
17.815,0.0340089239180088,-10.5845527648926,-0.78670471906662,7.96506778929268,19.6130196828331,-13.5937413069356,-2.30685591697693,-10.2751398086548,-2.94279789924622,3.92538015233214,29.7860861402104,-49.2135756870712
17.82,0.218501806259155,-10.605996131897,-0.611722052097321,7.33988947550401,19.8887954007616,-13.4845786622995,-2.37280297279358,-10.3282737731934,-2.87797355651855,4.46469359674364,30.6613612219692,-49.9448737962207
17.825,0.337414085865021,-10.6222562789917,-0.472230046987534,7.19365000273216,20.8717518298802,-13.7010256495499,-2.49782681465149,-10.3156661987305,-2.83056306838989,4.97987512904384,32.6930146509679,-50.5043277609473
17.83,0.537393093109131,-10.6587429046631,-0.263286203145981,7.61724467467801,22.598900057754,-14.0060123790112,-2.57269906997681,-10.2529363632202,-2.73371767997742,5.3531774105836,34.915797263511,-51.3277138955815
17.835,0.766644835472107,-10.7076768875122,-0.0519514530897141,8.41110390153026,25.1454951086583,-14.3006249048969,-2.64324426651001,-10.1754369735718,-2.582674741745,5.51658584449474,36.9783607135985,-52.3877455943891
17.84,1.00051498413086,-10.7643871307373,0.128311917185783,9.51206636271284,28.5948157715956,-14.5331945536831,-2.73767018318176,-10.1022052764893,-2.37186980247498,5.41755749303967,38.6859250815746,-53.6671322334863
17.845,1.25799739360809,-10.8062829971313,0.309869587421417,11.308860322006,32.9115124025166,-14.723707312655,-2.93271327018738,-10.0548343658447,-2.10058164596558,4.96635007382675,40.0306083291371,-54.8772197732646
17.85,1.50818502902985,-10.828857421875,0.504361033439636,13.3464167419948,37.5829622287388,-14.7110509721229,-3.12542629241943,-9.96217918395996,-1.92081367969513,4.39460987944379,41.5800743083949,-56.1261574290418
17.855,1.72221839427948,-10.8284635543823,0.705156087875366,15.434255307106,42.2787343585955,-14.6620341195443,-3.2848756313324,-9.85401153564453,-1.79369163513184,3.7807671183564,42.9317858206134,-57.3431878561114
17.86,1.87491416931152,-10.8007907867432,0.907363891601563,17.4238535538375,46.7373315846181,-14.707198745431,-3.38440442085266,-9.75307846069336,-1.69149839878082,3.18466876184589,43.7532560871854,-58.4700392955693
17.865,1.93121719360352,-10.7956218719482,1.08552098274231,18.7581907723548,49.7927723135937,-14.7523667864123,-3.43931460380554,-9.73460578918457,-1.60707449913025,2.54339638793855,44.7026762874793,-60.6008807316948
17.87,1.8899222612381,-10.8668689727783,1.21999287605286,20.8970935392482,54.5441558436726,-14.8149654701555,-3.61744403839111,-9.73493671417236,-1.5427531003952,1.85533807199028,45.3178475203602,-63.0546398514002
17.875,1.7321400642395,-11.0400953292847,1.28691613674164,23.834817665426,60.1057398281931,-14.9007799668875,-3.89769291877747,-9.77199649810791,-1.52634334564209,1.07983551214097,45.570957255528,-65.8125814457922
17.88,1.425177693367,-11.355260848999,1.25111174583435,27.6255914378033,65.4270104369558,-15.0188705225425,-4.26140689849854,-9.87112808227539,-1.59647059440613,0.159078494183756,45.3992292243209,-68.8745484205197
17.885,1.03454756736755,-11.8662710189819,1.04079759120941,32.8585750213544,70.3463380734416,-14.7686738630557,-4.6934494972229,-10.0678310394287,-1.67775797843933,-0.97708598824871,45.1430356587429,-72.1505257125113
17.89,0.624078631401062,-12.4038238525391,0.721935927867889,38.8458881119363,74.6105481156856,-14.0764990774721,-5.10778999328613,-10.3662824630737,-1.69177556037903,-2.13984149101752,44.5137156889963,-75.6066287532944
17.895,0.219928607344627,-12.9416494369507,0.333905607461929,45.4054207908035,78.1832219950333,-12.8881853269942,-5.4983983039856,-10.7655515670776,-1.66354727745056,-3.46648706275567,43.5835566221618,-79.1255285533066
17.9,-0.134394630789757,-13.4478235244751,-0.0629050210118294,52.3247507596741,80.9491890617,-11.0566470491668,-5.86040449142456,-11.2740449905396,-1.64429664611816,-5.25429377376156,42.4882469962911,-82.4950999274949
17.905,-0.348830014467239,-13.7709560394287,-0.324589639902115,59.1480721744764,82.9106896177335,-8.30623829965576,-6.12222814559937,-11.8102827072144,-1.62485587596893,-7.31905739853547,42.3122022855286,-85.7190653289568
17.91,-0.478287220001221,-13.9192552566528,-0.438994139432907,65.5484921815336,84.2458549966876,-4.98615591487249,-6.27874183654785,-12.2985162734985,-1.50084686279297,-9.47409221847486,42.6900825013595,-88.7275724130506
17.915,-0.530152678489685,-13.8980093002319,-0.407195508480072,71.4239438489837,84.982873389267,-1.22354269227804,-6.29937791824341,-12.719874382019,-1.26518607139587,-11.6978660622213,43.640008135652,-91.5569646163501
17.92,-0.498893469572067,-13.7042150497437,-0.223455280065536,76.5486142926767,85.0845817361976,2.77894335887267,-6.08472347259521,-13.0409250259399,-0.925073146820068,-14.0018749919214,45.399574148874,-94.3220710791814
17.925,-0.469620674848557,-13.5103855133057,0.0067684655077755,80.6438386246654,84.2193470325187,6.47465007607008,-5.7501425743103,-13.1932401657104,-0.674578011035919,-16.0607253804214,48.101596984531,-96.6732612481207
17.93,-0.415383160114288,-13.2187347412109,0.362557232379913,84.2080225788749,82.6265810690176,9.81398975233138,-5.31735515594482,-13.20290184021,-0.420991599559784,-17.7561951909247,51.574727686915,-98.544924326001
17.935,-0.342747032642365,-12.8302230834961,0.830561339855194,87.5134379861892,80.4632962343345,12.7210266923419,-4.8035683631897,-13.0830001831055,-0.159403592348099,-19.0212828289945,55.5023289313879,-99.9176420850118
17.94,-0.30930495262146,-12.4471206665039,1.26940059661865,91.3322104115216,78.2228644129761,14.8909854756177,-4.26736545562744,-12.8685503005981,0.0403912775218487,-19.6615498844334,58.5780860580497,-100.766368221467
17.945,-0.308260440826416,-12.0888624191284,1.53864943981171,96.0321523718666,76.0546481817122,16.3454605989936,-3.85993552207947,-12.7021169662476,0.0884891599416733,-20.5635019775429,62.8586339127884,-101.602403866444
17.95,-0.326136589050293,-11.7741785049438,1.65943801403046,101.529901408404,73.8728125532433,17.2670460708724,-3.35328078269958,-12.5396175384521,0.0330856330692768,-21.2557160367143,67.3960651822112,-102.025213066635
17.955,-0.361152172088623,-11.5107851028442,1.63490235805511,107.75068744029,71.6175045798726,17.7169796598051,-2.67886543273926,-12.3949604034424,-0.122573740780354,-21.4651057310048,72.1057743130693,-101.825669090033
17.96,-0.431389153003693,-11.2980098724365,1.46913659572601,114.126259219147,69.0494149236504,17.8162462141075,-1.94020581245422,-12.4996480941772,-0.459187060594559,-20.3558266607341,78.8534616280975,-100.535726393574
17.965,-0.492127180099487,-11.0766696929932,1.25516033172607,119.336300197276,66.685527433044,17.9962729251561,-1.38848412036896,-12.6575498580933,-0.646079540252686,-18.8310808436299,84.5703026426415,-98.9307890329717
17.97,-0.532361388206482,-10.8429975509644,1.01627147197723,125.927309802933,63.0382542275814,18.3013142961307,-1.29569447040558,-12.7372369766235,-0.632804393768311,-17.3737114275932,87.6062192758746,-97.7334500412793
17.975,-0.543248176574707,-10.5870876312256,0.74564403295517,135.249684736922,57.2440237546465,18.7462225733816,-1.85597515106201,-12.6484718322754,-0.382183253765106,-16.2857510852694,87.1474149787574,-97.3836623935046
17.98,-0.490652322769165,-10.1786966323853,0.123995162546635,146.038036832848,49.1740596276281,19.0529407557975,-3.52093243598938,-12.0938100814819,0.0955820381641388,-16.3494579672054,86.9021770366081,-98.5286070040738
17.985,-0.280312478542328,-9.71065330505371,-0.471314281225204,155.754472700812,42.1907171258562,19.3673599765026,-5.37823677062988,-11.1574001312256,-0.012118955142796,-18.9686067025681,86.067787467221,-100.237875504248
17.99,0.0084252515807747,-9.21510410308838,-1.11293613910675,163.808741053118,36.4749245453498,19.5417142154455,-6.9142165184021,-10.0476236343384,-0.65706068277359,-23.7304370069825,82.7852941747612,-102.054780955552
17.995,0.317207753658295,-8.71594715118408,-1.86153078079224,169.629277999641,32.2482907888246,19.4498191428049,-7.70035696029663,-8.91972255706787,-1.83375191688538,-30.4376144700434,75.4252599100739,-103.622418653097
18.0,0.564667344093323,-8.42105865478516,-2.4092812538147,170.594055880283,30.6606338068226,20.2496889361267,-7.01443910598755,-8.15923976898193,-2.75318694114685,-38.426313006317,63.4204033116436,-103.585132650418
18.005,0.855337798595428,-8.26449680328369,-2.56105542182922,169.875533639976,28.2765955506174,21.9275641793281,-5.8305983543396,-7.79264211654663,-3.46317028999329,-45.0812805033622,50.4620659654578,-103.789532891519
18.01,1.19246709346771,-8.23385429382324,-2.40917253494263,168.200798576246,25.0215749865467,23.9699871091005,-4.37716054916382,-7.781813621521,-3.98941540718079,-49.9436990036835,39.1379743216027,-104.112894537395
18.015,1.58370959758759,-8.32322978973389,-2.04626393318176,166.409841013599,20.7348458106092,25.7598808697847,-2.92025852203369,-8.10623264312744,-4.35009574890137,-52.2991956068945,32.8250866038538,-104.410151200263
18.02,1.87463223934174,-8.45659351348877,-1.73259806632996,165.961439094587,18.082746535143,27.3146812267843,-1.78017997741699,-8.53883647918701,-4.60407638549805,-55.521757404482,25.7929526457459,-104.957372296187
18.025,2.15720176696777,-8.69982433319092,-1.21774864196777,167.389290140578,15.5078830388114,29.5761602760701,-1.00141203403473,-8.88150310516357,-4.86859130859375,-59.3256434325184,17.3428987367,-105.43110055664
18.03,2.33253359794617,-9.01672649383545,-0.604264974594116,170.356570202842,12.760764732933,32.8568879646294,-0.384863823652267,-9.20880794525146,-5.19324779510498,-63.756359826349,6.61461559320245,-105.790737337198
18.035,2.19229745864868,-9.3395357131958,-0.102429263293743,174.330975318602,9.51446888175339,37.7572549959792,0.434296071529388,-9.68128776550293,-5.66602516174316,-68.9961735990701,-8.18823056004451,-105.981422558447
18.04,1.74068558216095,-9.63692951202393,0.0636914595961571,174.900312567058,7.17484478439983,44.0844143939989,1.31038165092468,-10.1309156417847,-6.00170040130615,-73.5107578857193,-22.5854838586768,-105.7178933697
18.045,1.17310965061188,-9.90288639068604,0.112338848412037,172.80504275613,4.59833777379917,50.4972994962914,2.19838833808899,-10.5220251083374,-6.23286628723145,-76.161663585628,-33.1186822853268,-104.877636667816
18.05,0.542427599430084,-10.1539039611816,0.0883058682084084,168.166470045477,1.65280257925359,56.5781861785024,3.07186770439148,-10.8188505172729,-6.39414167404175,-76.7435478915889,-39.1496778507455,-103.380848522532
18.055,-0.0743891373276711,-10.4388046264648,0.0359313562512398,160.837021367893,-1.66389598040446,61.5693605748676,3.86892223358154,-10.9217443466187,-6.56802892684937,-74.8849714561584,-39.6704012277836,-100.980255595326
18.06,-0.558057367801666,-10.8070707321167,-0.0330388061702251,152.67180342271,-4.36010376375688,64.7958872972683,4.52366971969604,-10.7850179672241,-6.72129487991333,-72.4174153543295,-39.0968702431776,-97.9024425817237
18.065,-0.915394246578217,-11.2004299163818,-0.07032460719347,145.845794328469,-6.6711499227363,66.6153335789438,5.06713438034058,-10.5302267074585,-6.87105369567871,-69.8838932854967,-39.8355142207794,-94.6281250257005
18.07,-1.13775074481964,-11.5943250656128,-0.083421066403389,140.140086522272,-9.02033457738059,67.2526243794518,5.50486040115356,-10.2030143737793,-7.0036563873291,-67.2076134328214,-41.9978633195463,-91.2406175747518
18.075,-1.1779477596283,-11.9324159622192,-0.155584946274757,132.358165132932,-13.1477239777182,67.3998286164439,5.83169841766357,-9.89483070373535,-7.0382924079895,-63.4872572032397,-43.6979486303812,-87.6479585618926
18.08,-1.07725059986115,-12.1320333480835,-0.275041908025742,125.949644521519,-17.4852706148543,66.8011761960706,6.17497158050537,-9.6293830871582,-7.00275754928589,-56.6348904089919,-35.8964689943522,-82.9530026396417
18.085,-0.895615577697754,-12.2295627593994,-0.394558370113373,120.543426850049,-21.9879823251787,65.8657681288591,6.4020791053772,-9.26447296142578,-7.1455283164978,-48.4542328211896,-22.2539464763644,-77.1963074712907
18.09,-0.652505934238434,-12.2372579574585,-0.493597239255905,116.048397394993,-26.7492508465339,64.7149290650361,6.43673896789551,-8.75364971160889,-7.51916074752808,-39.867636600446,-5.20436807913653,-70.5280620864989
18.095,-0.358985185623169,-12.1786270141602,-0.537739455699921,112.505817329129,-32.598631681922,63.2784993014474,6.06238269805908,-8.14123821258545,-7.81621217727661,-33.625875057619,4.38654684112859,-64.3035809222721
18.1,-0.0348908752202988,-12.0439376831055,-0.547131955623627,109.323399968388,-39.5477856718035,61.8826545219069,5.54857873916626,-7.7219295501709,-7.44611883163452,-21.9096434704932,18.1285173403186,-53.5039999953497
18.105,0.268798321485519,-11.8410348892212,-0.545347094535828,106.236270576758,-47.0478114937194,60.5614500496163,4.79805421829224,-7.28398466110229,-6.44730806350708,-6.17089534198034,36.6147111969032,-40.454366925623
18.11,0.521023094654083,-11.5716772079468,-0.54032838344574,103.09786012484,-54.8526549979146,59.3432926413337,3.76466822624207,-6.70606470108032,-4.86469984054565,12.7002253512246,60.131810660255,-26.340395722817
18.115,0.667417645454407,-11.2612447738647,-0.462296932935715,99.6908388234323,-63.1971517484326,58.3418776259831,2.77872467041016,-5.83425617218018,-3.77048707008362,28.4520904311517,83.4607384119729,-12.6671245469594
18.12,0.755047500133514,-11.0214519500732,-0.37004753947258,96.6947763440062,-71.6993165857511,56.9801667168198,1.85372424125671,-4.86625909805298,-3.39972829818726,35.4078338460349,89.8834589866702,-0.687635271106557
18.125,0.815254211425781,-10.7603893280029,-0.245018601417542,94.0616359661288,-79.3189936615473,55.2866486328718,1.15943431854248,-4.02404880523682,-3.36277842521667,36.0637164214637,81.0670166550719,9.73284795876527
18.13,0.871304094791412,-10.403600692749,-0.0704296082258224,91.7754145565746,-85.1743099313241,53.2636729592137,0.8451007604599,-3.49200034141541,-3.369948387146,32.0208625649361,57.4051991435859,18.606149053883
18.135,0.923108220100403,-10.0473651885986,0.0687398165464401,89.6180514959019,-86.9094785088308,50.9708057755971,1.01372635364532,-3.4453866481781,-3.1876208782196,30.4461966027355,34.5280474243293,26.8777642708623
18.14,0.973031222820282,-9.72110652923584,0.197931200265884,87.217786417776,-86.3872354147025,48.3596995879821,1.23036789894104,-3.50600290298462,-3.19470739364624,31.3038668719086,18.3785210469613,35.8024172894811
18.145,1.0266181230545,-9.4252405166626,0.35479262471199,84.8685633433176,-84.0659068328144,45.6203634288892,1.5026490688324,-3.63922834396362,-3.37021636962891,33.4935469726392,6.42089990239667,45.0826841072367
18.15,1.09111762046814,-9.16262626647949,0.588753998279572,82.9436179597221,-80.3829732096952,42.9816632770274,1.84442806243896,-3.80715179443359,-3.70072984695435,35.7352492091832,-4.20827250048891,54.3722194916959
18.155,1.17250716686249,-8.94723415374756,0.850639879703522,81.0903963926009,-75.679370267955,40.754027815079,2.44435977935791,-4.06316709518433,-3.8000283241272,37.7753754878473,-14.6237030979222,62.6216468391564
18.16,1.2598557472229,-8.76148796081543,1.08280563354492,78.902174537258,-70.6770285122969,39.0297397289201,3.0451455116272,-4.39223146438599,-3.7875280380249,40.5733795568159,-21.5888107021575,70.4748549128645
18.165,1.35505211353302,-8.61337947845459,1.29018652439117,76.5598841048072,-65.9398551907862,37.8554013992577,3.57133150100708,-4.75626134872437,-3.71915650367737,44.1618004372951,-25.3379527639963,77.8290630261898
18.17,1.46365189552307,-8.5238676071167,1.48559176921844,74.4329290463194,-62.4882464144769,37.3674902509924,3.89918565750122,-5.08836126327515,-3.68242812156677,48.5845050192293,-26.3173506645574,84.3692287036655
18.175,1.54108810424805,-8.48282432556152,1.5780930519104,70.9361522290289,-56.9864095097212,37.0004427151851,3.98199868202209,-5.36262893676758,-3.59206223487854,51.8914879549581,-25.6028958019011,89.1031440249421
18.18,1.57948482036591,-8.47617435455322,1.6158846616745,67.182929129161,-51.7833660603968,36.9249793701402,3.97567558288574,-5.57969284057617,-3.45605635643005,55.9090052247596,-22.80577624243,95.3762561360595
18.185,1.58128774166107,-8.48927974700928,1.60177481174469,63.3170557193121,-47.2045335993199,37.1694557461971,3.88769960403442,-5.77913665771484,-3.26566648483276,60.4137881899498,-18.1094952634801,103.022687062835
18.19,1.55314934253693,-8.48647975921631,1.52168929576874,59.341735358203,-43.3991585900444,37.7833668091762,3.67572379112244,-6.07428216934204,-2.98760294914246,64.1365349857411,-12.0166045238027,110.468173824228
18.195,1.46510779857635,-8.46864700317383,1.41689240932465,55.5660409359658,-40.2475419673659,38.4972855019826,3.43046832084656,-6.34487056732178,-2.73325824737549,67.4990439443275,-7.42709989214767,117.306818768433
18.2,1.37176668643951,-8.43779850006104,1.30121994018555,51.9744064514821,-37.4679794091563,39.2157974970058,3.18146157264709,-6.5643424987793,-2.56927180290222,70.4726351013843,-4.31728061209502,123.681857792535
18.205,1.2886049747467,-8.39989185333252,1.18609035015106,48.580557169889,-35.0673352555314,39.8724894498513,2.93175721168518,-6.72084522247314,-2.50988054275513,73.0181851333455,-2.78432362694794,129.619778370134
18.21,1.23325407505035,-8.38070964813232,1.11095452308655,45.4640955308685,-33.3593200950701,40.2528729300131,2.66608023643494,-6.78563117980957,-2.55488157272339,74.9818440291567,-3.30541241910655,135.100841254529
18.215,1.19701159000397,-8.36444187164307,1.02942717075348,42.4045942544314,-31.7754060567333,40.3156867647151,2.2938060760498,-6.77895832061768,-2.49172854423523,76.0122122163989,-4.17288657105954,141.117882743473
18.22,1.19665491580963,-8.34150791168213,0.958236634731293,39.4898929883985,-30.0321573654385,40.0792631816897,1.82236862182617,-6.72542810440063,-2.31578254699707,76.3995932253654,-4.49297869075713,147.274519638674
18.225,1.23274683952332,-8.31103038787842,0.896872103214264,36.740991149373,-27.9820043690729,39.5452653319997,1.25394487380981,-6.65046167373657,-2.03480672836304,76.1434474711116,-4.23397791743025,153.343074414339
18.23,1.25467944145203,-8.29399585723877,0.79265969991684,34.0481549181496,-25.2636881171508,38.7513207277829,0.610300123691559,-6.70148468017578,-1.75186192989349,74.6019693980881,-5.73689871881538,158.556994939916
18.235,1.29152297973633,-8.27699756622314,0.679272055625916,31.6592962559377,-22.4824743607093,37.7131217286572,0.0761170014739037,-6.95265054702759,-1.63070106506348,72.1731131480965,-11.2836833909517,163.276983505475
18.24,1.33621418476105,-8.25181770324707,0.575633406639099,29.5969240511469,-19.9762149919486,36.5034098492833,-0.260102719068527,-7.35741758346558,-1.64291942119598,69.0140823550739,-20.2016658760723,167.477945996005
18.245,1.384437084198,-8.21270751953125,0.491767853498459,27.8649776153812,-17.9572793751845,35.1400187135841,-0.337226003408432,-7.89917993545532,-1.7826714515686,65.205336647443,-32.1813037085397,171.102741048909
18.25,1.41775798797607,-8.14241981506348,0.418582946062088,25.9940897639717,-16.7638831101905,33.4243366657795,-0.0935876294970512,-8.56754207611084,-2.08120965957642,61.431780074416,-44.669901624747,173.881384946676
18.255,1.45310747623444,-8.08849620819092,0.375191211700439,24.4446903790583,-15.8795170466464,31.7188828262569,0.19596654176712,-9.1541862487793,-2.36593675613403,58.8724877018447,-52.621095592288,175.668380999604
18.26,1.48166787624359,-8.04933261871338,0.361667782068253,23.2492706705226,-15.3215213273076,30.2315715684462,0.433073550462723,-9.59561729431152,-2.55534553527832,56.7354205482907,-58.0458777179223,177.22720775312
18.265,1.49600565433502,-8.02455520629883,0.379901111125946,22.4553704625354,-15.1236848979982,29.1412343202912,0.536233425140381,-9.83240795135498,-2.57872700691223,54.4160385703161,-62.3901512376172,179.151531589501
18.27,1.46413373947144,-7.99532985687256,0.46772375702858,21.4248041998072,-14.6185889937812,27.298310970891,0.503617584705353,-10.0748014450073,-2.3791036605835,54.2684245219738,-58.4003235547109,181.030079498064
18.275,1.41982579231262,-7.9915623664856,0.586003720760345,20.5414490042603,-14.0299530458257,25.5310558722109,0.335008323192596,-10.2287702560425,-2.14310216903687,54.4665614796067,-53.080890266835,182.840421137576
18.28,1.36347043514252,-8.0012788772583,0.733632981777191,19.7562487497283,-13.5638856962998,23.9077879914238,0.106503859162331,-10.336462020874,-1.9801470041275,54.2825425229882,-49.2247054803237,184.296849695055
18.285,1.29462885856628,-8.01047039031982,0.911477208137512,19.0151202908159,-13.4887706909026,22.5254157600212,-0.0908924788236618,-10.4472694396973,-2.03333926200867,52.772432093728,-50.4533028327527,185.013213595584
18.29,1.24187505245209,-8.02910614013672,1.15144169330597,18.360439828681,-14.4337282163475,21.2458037246814,-0.026972895488143,-10.5135593414307,-2.23609733581543,49.3488851496238,-58.6956677646115,184.972287102077
18.295,1.20250141620636,-8.05333423614502,1.41212272644043,17.6881528464131,-16.2831607360266,20.0532800163538,0.100437261164188,-10.5633554458618,-2.31682085990906,46.3680130109118,-65.7763063111102,184.905965965236
18.3,1.15725767612457,-8.08188438415527,1.69258916378021,17.0640648015707,-19.0345555940991,18.9217225765578,0.238675430417061,-10.6125469207764,-2.2790253162384,44.3981147372938,-69.8567432835459,185.063825297334
18.305,1.06933629512787,-8.11321067810059,1.99751770496368,16.6288895438871,-22.7902682979195,17.8097148457137,0.309923440217972,-10.6882228851318,-2.14548659324646,44.3743866601172,-67.9983239424663,185.865279694543
18.31,0.969902217388153,-8.11823081970215,2.32556796073914,16.5853727011376,-27.0041944874938,16.9021210163497,0.299875199794769,-10.8347587585449,-2.0945246219635,45.6179352966393,-63.8931207041002,187.29489292934
18.315,0.874899446964264,-8.1257963180542,2.63261818885803,16.5364207353561,-30.9136001080178,15.9574136465831,0.275211989879608,-11.010199546814,-2.15753889083862,46.5016559073068,-61.5968520862769,188.726118088781
18.32,0.794593811035156,-8.13953304290771,2.89768981933594,16.3517392503882,-34.1406151889441,14.9601940749302,0.251439660787582,-11.1768589019775,-2.31042313575745,46.736402678891,-61.782141458081,189.946085497194
18.325,0.75438791513443,-8.16006374359131,3.07198143005371,15.7843605586771,-35.801307383741,13.9487147758376,0.249499276280403,-11.2395668029785,-2.47980117797852,46.0137276835686,-65.1565349458233,190.544150521299
18.33,0.666272938251495,-8.18136596679688,3.29116439819336,14.8238225179617,-35.2888417054095,12.8150912038176,0.17190745472908,-11.2285976409912,-2.50904011726379,45.3667141087771,-67.1406570883878,190.74090095053
18.335,0.579024791717529,-8.18563747406006,3.50403094291687,13.8431772541035,-33.2264490100513,11.5148349217115,0.0114051764830947,-11.1860876083374,-2.48775792121887,45.0612202377699,-67.9295439375243,190.95271877707
18.34,0.497769266366959,-8.17734432220459,3.70003819465637,12.9752454794761,-29.7575393645744,10.0601617228497,-0.214297413825989,-11.1269559860229,-2.45418763160706,45.2473907039769,-67.4135094853515,191.273409818981
18.345,0.397651195526123,-8.1951322555542,3.88119530677795,12.4668147353968,-24.9281294609645,8.55255541169393,-0.415293961763382,-11.0786972045898,-2.49713063240051,46.3601036518529,-64.8856633037189,191.724407209877
18.35,0.319155752658844,-8.20823574066162,4.00707006454468,12.5594986948866,-19.2592893083601,6.85603545960573,-0.687483191490173,-11.0417022705078,-2.59673476219177,46.9822792437277,-64.6090884536576,192.235059472984
18.355,0.255862385034561,-8.23240375518799,4.1151065826416,12.9086912624299,-13.3798317349618,5.22503879288593,-0.900129497051239,-11.029821395874,-2.67343020439148,47.1113595737572,-66.4636487378561,192.524727795684
18.36,0.210883617401123,-8.26937580108643,4.20971441268921,13.3831366927465,-7.66578768288294,3.79281984092054,-1.00730657577515,-11.0532064437866,-2.70025587081909,46.7557696802826,-70.3333812045861,192.493363567015
18.365,0.222975268959999,-8.2870044708252,4.22766304016113,13.8163260729289,-3.44884105559153,2.90932932225069,-1.01601195335388,-11.1487054824829,-2.68606853485107,46.1131786529786,-75.0881695839662,192.167618185119
18.37,0.234945639967918,-8.31761074066162,4.20707988739014,14.29775964054,2.84312365829552,1.71892329273096,-0.999364852905273,-11.2913208007813,-2.68445563316345,45.9289069793608,-78.9098585000743,191.997396210624
18.375,0.26026839017868,-8.33235740661621,4.17969417572021,14.6800350831019,9.70747380599868,0.520642481985035,-1.00079429149628,-11.4407215118408,-2.71549606323242,46.4043837682421,-81.6688587737876,191.984118322877
18.38,0.305223524570465,-8.31547927856445,4.15973234176636,14.8645799642865,16.378481148536,-0.534726332053601,-1.04210042953491,-11.5778341293335,-2.78972935676575,47.6629622360328,-83.2260531120913,192.130325352251
18.385,0.34149956703186,-8.27302551269531,4.10867834091187,14.5764860001899,22.7756636459267,-1.5660364450711,-1.08503544330597,-11.7357292175293,-2.87345767021179,49.3518972630477,-83.3711399904407,192.310983855797
18.39,0.357875198125839,-8.20672035217285,4.053147315979,13.9736714332912,28.8060052207324,-2.31806844721983,-1.19516110420227,-11.7963438034058,-2.94097542762756,51.0978677847268,-83.4520299207812,192.416933750203
18.395,0.359534233808517,-8.12246227264404,3.99445652961731,12.9255669523217,34.489866666869,-2.96285452656831,-1.35115885734558,-11.7692012786865,-2.96586632728577,52.8965263856634,-83.404136634321,192.326078573863
18.4,0.349701583385468,-8.02384853363037,3.93346118927002,11.3009876752139,39.8222397481275,-3.63075268540765,-1.53886926174164,-11.6565093994141,-2.92449522018433,54.7476305941419,-83.168187749443,191.929189941572
18.405,0.304455071687698,-7.93716049194336,3.86752152442932,9.20693876059992,44.1535461536832,-4.39039223763131,-1.80827021598816,-11.5230684280396,-2.75848817825317,56.5666943852239,-80.9269431355733,191.387173449797
18.41,0.231471851468086,-7.87136602401733,3.79012703895569,6.73171918652232,47.5863001927886,-5.00856192355789,-2.08410930633545,-11.4093971252441,-2.61067414283752,57.7158498074164,-78.8276435130349,190.746925177378
18.415,0.143695801496506,-7.81460952758789,3.69859647750854,3.84222516050818,50.0916033350655,-5.55322639429728,-2.32890701293945,-11.3189792633057,-2.50572490692139,58.2203685606486,-77.0226499116431,189.83674782896
18.42,0.0562518015503883,-7.75269269943237,3.58847427368164,0.464997571147176,51.5618049690054,-6.10412298576747,-2.49318647384644,-11.2579822540283,-2.47793674468994,58.0624272662812,-75.7260546109321,188.420193915856
18.425,-0.0017674464033916,-7.73749876022339,3.50501799583435,-3.21384519554607,51.0400160824568,-6.68946763631662,-2.72190570831299,-11.196270942688,-2.48920273780823,56.7250693966036,-78.0262096063931,186.471896115489
18.43,-0.105577029287815,-7.7238245010376,3.3883273601532,-6.86015705188301,49.3347329976635,-7.24462455828161,-2.92132592201233,-11.1488647460938,-2.50802230834961,55.2488025546808,-80.9055646434712,184.110877304334
18.435,-0.247732505202293,-7.71716976165771,3.25225257873535,-10.3910647513429,46.5055525302283,-7.71736585640029,-3.08341646194458,-11.125467300415,-2.49864768981934,53.7623997120297,-83.721112053323,181.321783217137
18.44,-0.410247653722763,-7.73345136642456,3.12730073928833,-13.6725710814676,42.4619780887432,-8.00686086305034,-3.19889807701111,-11.1454086303711,-2.3936939239502,52.3992476329515,-85.5654748650907,178.017938753332
18.445,-0.568063080310822,-7.76496505737305,3.04050016403198,-16.311096209732,37.595362437177,-8.19041195171068,-3.3514838218689,-11.1386070251465,-2.26785182952881,50.8881673168291,-87.0747281056101,174.167597193656
18.45,-0.752374470233917,-7.81812429428101,2.99938344955444,-18.5755617592324,32.4333513492915,-8.29823929436403,-3.50031566619873,-11.1061296463013,-2.11753606796265,49.5390478614007,-88.5185891150158,170.221182193114
18.455,-0.957687258720398,-7.89029598236084,2.99885106086731,-20.4317647039263,27.1837191796385,-8.28844138799964,-3.6095244884491,-11.0526819229126,-1.96951591968536,48.4176195921438,-89.7590402607493,166.278564777751
18.46,-1.15858221054077,-7.97321510314941,3.02501893043518,-21.6452895364044,22.2510709667238,-8.0174391185274,-3.58602046966553,-10.9896478652954,-1.9031777381897,47.623114912415,-90.2780116942652,162.466745484994
18.465,-1.32092249393463,-8.07426929473877,3.07288289070129,-22.2565539010801,18.9376249644929,-7.66334759780195,-3.40268516540527,-10.9048223495483,-1.89060211181641,46.7059024691523,-89.7295953152374,158.510249125237
18.47,-1.45541262626648,-8.1904468536377,3.13806533813477,-22.8126149693364,15.0114375691782,-7.08172411968999,-3.11785268783569,-10.816499710083,-1.8078533411026,45.747787438045,-88.1475732393007,154.213131231572
18.475,-1.5700511932373,-8.33059883117676,3.21982526779175,-23.3383448750361,10.207428285318,-6.27357314888632,-2.75231552124023,-10.7271718978882,-1.61546778678894,44.8570624683836,-85.1210139652305,149.443432549233
18.48,-1.69145929813385,-8.53905200958252,3.3190803527832,-23.4027586815512,5.52049954288916,-5.3880194862003,-2.3447699546814,-10.630184173584,-1.25321841239929,44.4572334396548,-78.6984573150733,143.781355991455
18.485,-1.79068171977997,-8.76523399353027,3.43978381156921,-23.1496626067618,0.501123508884431,-4.4965111792185,-1.83868587017059,-10.4542484283447,-0.869331538677216,44.5004821974794,-69.2458853151258,138.261333708034
18.49,-1.87548589706421,-8.99382877349854,3.58766865730286,-22.6132844361461,-4.79651699322756,-3.47258962333566,-1.2651195526123,-10.1775741577148,-0.553801357746124,44.5295446523978,-59.3691585677206,133.591560693253
18.495,-1.94419050216675,-9.22352695465088,3.76247715950012,-21.8053328214888,-10.350160455951,-2.30671432494174,-0.659279048442841,-9.8033618927002,-0.34116929769516,44.3245194489869,-49.053148203846,129.597252406251
18.5,-1.96558880805969,-9.48536014556885,3.93958973884583,-20.7961296829371,-16.0611471446027,-1.30342186134305,-0.234291046857834,-9.44233798980713,-0.243192538619041,43.3871374571052,-31.1168562924336,122.720126176262
18.505,-1.97189664840698,-9.74744987487793,4.15420627593994,-19.2310686742569,-21.1651630962456,-0.375668995448017,0.196254283189774,-8.78538608551025,-0.191567748785019,42.0221651326132,-12.4132558070202,114.207142319298
18.51,-1.99215304851532,-10.0434226989746,4.3618369102478,-17.2100020384717,-25.2595473149664,0.63145931306073,0.308853030204773,-7.97221517562866,-0.24805411696434,40.2993489522204,6.54898259792051,103.783426702401
18.515,-2.04368877410889,-10.3912286758423,4.53519725799561,-14.7315210490655,-27.9719332551417,1.81618721422435,-0.104041136801243,-7.07596731185913,-0.45463490486145,38.1604308174013,25.395119739802,91.1352687369935
18.52,-2.14864015579224,-10.7606353759766,4.61282730102539,-11.2775575650398,-27.4346517920083,3.39548084303104,-1.38702833652496,-6.2421441078186,-0.872184693813324,34.2519677629828,41.9535661276841,75.1378592101781
18.525,-2.27519822120667,-11.0915498733521,4.62639379501343,-6.56624547416089,-24.1446999329749,5.30336740228763,-3.06022667884827,-5.64966249465942,-1.17688155174255,28.0945419809326,54.42390694824,57.4972974143544
18.53,-2.43975710868835,-11.5111742019653,4.58659553527832,-0.560661254023227,-18.7950959919876,7.53245299877418,-4.81883811950684,-5.32909917831421,-1.33853960037231,20.5649977889712,62.6899623912349,39.2054975717375
18.535,-2.65769290924072,-12.126181602478,4.49868106842041,6.84782471844972,-11.8113257496189,10.0965171122544,-6.42549657821655,-5.32144069671631,-1.32437598705292,12.2772249057365,66.4018628466242,21.0120814814727
18.54,-2.7918643951416,-12.7169208526611,4.400062084198,16.4091504054567,-5.93388564334678,12.9783702910214,-7.18297529220581,-5.64234352111816,-1.16497778892517,4.72992008749899,62.6913352592581,5.95595056946051
18.545,-2.77247524261475,-13.1795034408569,4.33049345016479,26.8067968978386,-3.27315407598681,15.7730787937155,-7.33064317703247,-6.04450035095215,-1.11461055278778,-3.81386536130064,55.1398405468516,-6.07750275036417
18.55,-2.60750913619995,-13.4498109817505,4.34668731689453,37.6828674057286,-4.53496599801932,18.3744980655401,-6.9686393737793,-6.51155662536621,-1.20230400562286,-13.3204560467332,43.9468714595877,-15.0663608278416
18.555,-2.29579877853394,-13.4324922561646,4.52649545669556,48.6244957768197,-10.9078735762129,20.6343925109385,-6.18357372283936,-7.02795839309692,-1.47515141963959,-23.8216029569293,29.0829659764818,-20.7488869719954
18.56,-1.87013816833496,-12.9030141830444,4.97378444671631,58.0120682815307,-21.4800296943413,22.3386476522617,-5.21585369110107,-7.52796220779419,-1.9361367225647,-32.4969574859372,11.5287121585577,-24.0325277362357
18.565,-1.38721573352814,-12.041916847229,5.48374319076538,64.7605683890701,-30.5882235563367,23.5386094365954,-4.35177183151245,-7.94836759567261,-2.28148794174194,-38.3760462291203,-3.58388008534161,-26.3498538272702
18.57,-0.87371951341629,-10.8993988037109,5.98936748504639,69.8938858522524,-39.3045523901756,24.5153879596098,-3.65004658699036,-8.27894115447998,-2.46184897422791,-41.5786024026288,-14.5305222421703,-27.8325547073911
18.575,-0.371030986309052,-9.52194499969482,6.38480710983276,75.2962034857065,-50.2152400043265,25.7727130876878,-3.20888876914978,-8.49748992919922,-2.39831161499023,-42.1519045758976,-18.1458250396754,-28.4915074528518
18.58,-0.0058957436122,-8.15134811401367,6.52026653289795,75.7894934079432,-53.8438189820308,26.463081288236,-3.05361819267273,-8.52999305725098,-2.23238706588745,-41.8433917612773,-18.3718308766693,-29.3443060895994
18.585,0.2251056432724,-6.89970445632935,6.49255275726318,72.7139070360106,-50.9614791522854,26.4690013546991,-2.94028353691101,-8.47456169128418,-1.96560668945313,-41.6370312558837,-15.6589412100427,-30.5509034027118
18.59,0.338396310806274,-5.78972721099854,6.31463384628296,66.3825402414622,-41.8417388554981,25.7696480402978,-2.83571314811707,-8.35832214355469,-1.64546751976013,-41.9434915986584,-11.2260015896373,-32.2098778049324
18.595,0.369808197021484,-4.85960483551025,5.97537517547607,56.9229570523318,-26.4328337954966,24.2830573674445,-2.73291158676147,-8.21898078918457,-1.40473568439484,-43.6462611738371,-8.29858507269076,-34.590946636396
18.6,0.357721418142319,-4.14976119995117,5.50110578536987,45.7340655880025,-9.09006739371184,21.8820068175641,-2.60437631607056,-8.15733242034912,-1.38548803329468,-46.3642325012062,-9.92397970363068,-37.8405150019617
18.605,0.326558083295822,-3.66990756988525,4.93460416793823,33.578910676886,7.43870523732117,18.957024409283,-2.41447830200195,-8.16269111633301,-1.49497723579407,-49.6360467928986,-14.8902034189578,-41.6805566363696
18.61,0.28472626209259,-3.43785953521729,4.30147552490234,20.6851749674175,22.0728508407107,15.6437286712138,-2.13293170928955,-8.23102760314941,-1.69980728626251,-53.4338812733304,-22.7756892591361,-46.1183286156128
18.615,0.247041672468185,-3.52704930305481,3.67842984199524,7.3522956603577,32.5172738836234,12.1844837434125,-1.6540310382843,-8.35422039031982,-1.93687689304352,-58.0892835700977,-32.8250968491376,-51.465673471532
18.62,0.228104338049889,-3.77204418182373,3.15043973922729,-5.74721913465127,38.5084426159918,8.62386429417615,-1.04601430892944,-8.52798652648926,-2.13716316223145,-63.6480535166801,-41.4299125994922,-56.6937222434078
18.625,0.222461402416229,-4.06747674942017,2.76854228973389,-17.9364046095336,41.25365956796,5.02524978324753,-0.385949313640594,-8.72981071472168,-2.2850136756897,-68.8264502283845,-47.7927460755468,-61.3757861836003
18.63,0.231563493609428,-4.40467119216919,2.53141307830811,-28.7900635592096,41.1164854637641,1.42753984549711,0.285263121128082,-8.94836139678955,-2.36345291137695,-72.9442346752018,-51.3566499920003,-65.2952902388121
18.635,0.278687328100204,-4.99136924743652,2.2515869140625,-36.9958425827791,38.4968278793082,-2.02286212176318,0.839341580867767,-9.14787578582764,-2.29283094406128,-74.1846926511245,-50.4194216793749,-68.0294696050815
18.64,0.393169671297073,-5.56851530075073,2.01636862754822,-42.6458911774296,36.1167050290447,-5.47445211505223,1.22753977775574,-9.30701160430908,-2.21213531494141,-73.4174711620353,-46.1854830355324,-69.5695679798927
18.645,0.52253133058548,-6.13201999664307,1.76984584331512,-46.3442541978839,34.4348802289558,-8.75709737922101,1.42987191677094,-9.43657493591309,-2.24918389320374,-72.1232732577229,-40.795207025585,-70.2886981070358
18.65,0.63688451051712,-6.6773567199707,1.48382782936096,-48.3046721689339,33.7315005180387,-11.7505242594011,1.41032898426056,-9.54664325714111,-2.47724461555481,-71.1689933778346,-35.2491514761426,-70.2905012769767
18.655,0.681921005249023,-7.17557001113892,1.19335985183716,-48.5878005855038,33.992809895305,-14.0749964358547,0.896479189395905,-9.74551677703857,-2.88312602043152,-72.6189059348449,-28.3802505014615,-68.7171262205293
18.66,0.658458113670349,-7.63933897018433,0.964028418064117,-48.4068142328768,34.3309213346936,-15.817985579961,0.0782515853643417,-10.0898504257202,-2.95450043678284,-76.4077962825586,-28.2633381534384,-63.2860466604803
18.665,0.57327276468277,-8.10254859924316,0.780586183071136,-48.0277831301707,34.7069983805837,-17.1259719286604,-1.47995018959045,-10.6135206222534,-2.65239095687866,-77.2866572136316,-30.9787430372268,-52.8888902341713
18.67,0.427980005741119,-8.59213256835938,0.633706986904144,-47.6503605370142,35.0924669365825,-18.0889090733217,-4.17012977600098,-11.3544683456421,-1.92290902137756,-70.8995424150776,-33.580136695842,-36.3394340827842
18.675,0.25766310095787,-9.27134323120117,0.467519909143448,-46.8817047081993,36.512637434852,-20.1075868504446,-8.47984790802002,-11.5021915435791,-0.887986481189728,-45.0318845752847,-17.507627531555,-11.080395616911
18.68,0.0966112986207008,-10.1437540054321,0.248948022723198,-46.3117117615834,39.1836409663934,-22.977615264211,-12.8478498458862,-11.1362638473511,-0.139518365263939,-16.3489525332068,11.4173621458399,14.8883268244833
18.685,-0.0515143238008022,-11.1897192001343,0.0496919192373753,-45.9639082837625,43.011917599956,-26.6006122698161,-16.6385860443115,-10.6081800460815,0.482428193092346,9.426355172592,44.9996494974968,36.7089609772602
18.69,-0.181119561195374,-12.3979082107544,-0.0386771745979786,-45.8849308063897,47.9689547108494,-30.9108953531065,-19.0091419219971,-10.3470811843872,1.16906225681305,24.8800722499643,73.3009686253624,47.9590680120258
18.695,-0.191280528903008,-13.5884370803833,-0.0086996471509337,-45.2473770435986,53.1222641377323,-34.6756648877662,-18.223596572876,-11.1384363174438,1.68339955806732,16.9449206892363,55.3682181670347,36.7942461343316
18.7,-0.175372034311295,-14.798602104187,0.138172194361687,-44.4375829854127,56.9496221108515,-37.4700899376098,-15.6326847076416,-11.9901208877563,1.16670477390289,-7.1517092261337,4.96909623675991,16.4496875781807
18.705,-0.191562682390213,-16.0602169036865,0.397617965936661,-43.6078106239046,58.5217506577754,-39.1350851515838,-11.5982532501221,-12.8236408233643,-0.209861740469933,-43.100826172382,-68.1043694595199,-9.5149913912249
18.71,-0.343616545200348,-17.4350471496582,0.773454487323761,-43.0037657691816,56.0007654011642,-39.2950311064726,-6.51177501678467,-13.5927925109863,-2.12211585044861,-84.7464395609578,-149.134871923289,-36.3400112337691
18.715,-0.554143846035004,-18.8547897338867,1.1492645740509,-42.1949450129524,47.4887377706841,-37.742764749655,-1.47216176986694,-14.859395980835,-2.20452928543091,-107.913000055726,-195.150689644744,-54.3858457190901
18.72,-0.672864079475403,-19.968147277832,1.43934667110443,-41.6377757465032,36.1596600887349,-34.4225278318418,3.50696063041687,-16.340274810791,-1.17972731590271,-114.15774639122,-201.696319473555,-64.4934533510093
18.725,-0.668001055717468,-20.6102313995361,1.63167643547058,-41.5926760074136,23.3736006039844,-29.0972615624146,8.17643260955811,-17.6726150512695,0.556811332702637,-106.290433976876,-173.863039058565,-67.1567831650182
18.73,-0.490527510643005,-20.3862724304199,1.71355271339417,-42.6978108604054,11.8005195365783,-20.9153181915011,11.7882289886475,-17.8904418945313,2.18207955360413,-90.6356745501529,-124.956657959604,-62.8302886277328
18.735,-0.0791886448860168,-18.9612216949463,1.87409651279449,-42.094913477463,6.6765419301992,-10.6962316270436,11.9294242858887,-16.5214366912842,2.74769997596741,-57.404318049183,-40.0048448555878,-49.9245300777778
18.74,0.355263441801071,-16.6819820404053,2.06090569496155,-37.8017809991785,5.68869465874802,-0.535773218626464,9.96834087371826,-13.9800605773926,2.65299820899963,-20.2844187405089,43.8989030410467,-36.0515996658761
18.745,0.747626006603241,-13.7645130157471,2.27816224098206,-29.3577376566022,7.24069378441427,8.66347170739941,6.43387937545776,-10.7257423400879,1.94591999053955,14.572481801789,115.399037650222,-24.4476888321039
18.75,1.00437152385712,-10.8697156906128,2.59778451919556,-16.5951757301439,6.19618497115596,14.7852029208472,2.42589998245239,-8.48801422119141,0.450886011123657,32.1473030268513,158.596528074833,-22.6030050014452
18.755,1.15214407444,-8.52556705474854,3.23441290855408,-4.74139181709685,-1.95388574888251,17.918017740288,-1.19283211231232,-7.16891622543335,-0.815523684024811,33.9498411752365,170.047750029709,-25.631324756774
18.76,1.29348993301392,-6.59600353240967,3.95196986198425,3.64076616961771,-11.9354277255171,19.3005948773657,-4.60679244995117,-6.43808078765869,-1.60305368900299,29.2512276866851,163.448120725319,-29.5888268618859
18.765,1.47777664661407,-5.06370258331299,4.60238313674927,7.33537898933087,-20.8779809624033,19.3352171062685,-7.83433294296265,-6.17846632003784,-1.84501004219055,21.4246129545104,143.905501509809,-32.9962579746435
18.77,1.81955063343048,-4.06060981750488,4.63005828857422,4.53084397885522,-19.863754219717,18.2713570864311,-10.5661525726318,-6.21517610549927,-1.81576359272003,13.5849030421496,119.132869843036,-34.632849846954
18.775,2.26995038986206,-3.59840750694275,4.0150990486145,-3.43676784245988,-8.88799710089065,15.0196423339187,-12.5886354446411,-6.12883615493774,-2.05439281463623,3.31482335256577,92.285807272493,-36.0509405526212
18.78,2.66976261138916,-3.55117893218994,2.99698281288147,-12.878394250819,9.53448133602153,9.93797476124004,-13.931300163269,-5.89365100860596,-2.35413980484009,-9.53094500557876,61.205434435511,-37.5216271299921
18.785,2.9204740524292,-3.87551379203796,1.69678962230682,-21.5724950877777,34.1172252061314,3.13907127272053,-14.542724609375,-5.48933076858521,-2.57620453834534,-24.990502748465,24.3379737959187,-39.2065357604913
18.79,2.81196665763855,-4.57126760482788,0.422081589698792,-23.1033966128714,58.1479412346898,-4.91820791234874,-13.8967218399048,-4.94458532333374,-2.12526845932007,-39.7934026894517,-21.5418224157624,-41.3868755775319
18.795,2.46953749656677,-5.36448764801025,-0.604847609996796,-19.5391511869595,76.3465772970277,-12.7908320794331,-12.3891201019287,-4.67533683776855,-1.86445331573486,-52.6578556704011,-62.5788283832496,-42.8487204750223
18.8,1.96795582771301,-6.1341404914856,-1.40730607509613,-12.8931192848959,88.0837519516961,-19.9463534048973,-10.2761764526367,-4.70720100402832,-1.96739780902863,-62.1649872214386,-92.8060764419512,-43.5042239749521
18.805,1.35698795318604,-6.78245067596436,-1.99010193347931,-4.57908603184984,92.4629277380497,-25.9170845037217,-7.72479057312012,-5.07900094985962,-2.59457516670227,-66.9799290768391,-106.812533637032,-43.2341138989402
18.81,0.654419422149658,-7.30440425872803,-2.30376148223877,-0.348469954873409,86.5292965192495,-29.682738547879,-5.24444770812988,-5.70715379714966,-3.50321412086487,-64.7942412216783,-98.1042951622651,-42.5256217914294
18.815,0.0065522813238203,-7.8553295135498,-2.47913861274719,-0.826594722718526,76.641026752147,-32.2947838865048,-3.31026864051819,-6.40558242797852,-3.99650478363037,-58.1617860281374,-74.6539676282394,-41.1326866724753
18.82,-0.557013928890228,-8.4187126159668,-2.5232207775116,-5.13708473939638,64.4422884039367,-34.0837367886308,-1.40362977981567,-7.36924362182617,-4.12934350967407,-47.6211819688799,-40.9736491327462,-39.3632305453351
18.825,-0.992605268955231,-8.97476005554199,-2.43468689918518,-12.4736491934351,51.8211131008449,-35.4015466569039,1.12495493888855,-8.86348628997803,-3.9429759979248,-33.5485402407416,-1.94544086030403,-37.5751484923283
18.83,-1.17690885066986,-9.33368968963623,-2.28207540512085,-18.7602551970314,41.6644203144554,-36.9515351456333,2.871018409729,-10.3268060684204,-3.16745138168335,-20.2348179067563,26.0576822402391,-35.5742718957298
18.835,-1.43069732189178,-9.82008838653564,-2.03611445426941,-22.7056576220286,32.7750418078051,-38.4516325175702,3.53141784667969,-11.37841796875,-2.4288227558136,-10.5385396345809,43.7660763522575,-33.0876800566841
18.84,-1.7631995677948,-10.3842992782593,-1.74953663349152,-24.6326623076589,24.7337695979426,-39.555220332715,3.05296063423157,-11.9435977935791,-1.87579679489136,-4.89650797446878,52.6753477848655,-29.9601671715865
18.845,-2.16642212867737,-10.9062566757202,-1.5210622549057,-25.0763718867104,16.9616205017569,-39.5935069581075,1.24689173698425,-11.869649887085,-1.74376976490021,-4.26220965059085,54.6161904337542,-25.8589220278444
18.85,-2.65096044540405,-11.2673740386963,-1.45119857788086,-25.6267314545571,10.2732465494812,-37.1673213120815,-0.985539376735687,-11.2606401443481,-1.91820335388184,-5.310817004238,51.7002529034815,-22.1010219559424
18.855,-3.15031623840332,-11.4444913864136,-1.46329355239868,-27.1280206945043,5.21223560328674,-33.2276408780614,-2.98653507232666,-10.4703702926636,-2.24391746520996,-5.49486072029222,48.5252531281794,-19.3354749459097
18.86,-3.62923145294189,-11.4500331878662,-1.55774962902069,-29.6062096933236,2.11360246554727,-28.186949317761,-4.6506609916687,-9.60777759552002,-2.70062804222107,-4.48437862881844,46.5864527058525,-17.6882228558521
18.865,-4.00745964050293,-11.3129692077637,-1.7710976600647,-32.9186465351046,1.93266050914988,-22.7992892702657,-5.87977361679077,-8.85453128814697,-3.29766416549683,-2.1372402561608,48.6741785728424,-17.3913059948951
18.87,-4.21023178100586,-11.0772352218628,-2.13177990913391,-35.5350597797047,4.1233685533506,-19.1888529825443,-6.71812057495117,-8.36258888244629,-3.6009304523468,-1.82302252603624,46.9578408268774,-18.6473931511861
18.875,-4.27150011062622,-10.820011138916,-2.48145246505737,-38.5281272211798,8.61761467108559,-15.1075195477801,-7.27545499801636,-8.03405570983887,-3.59746646881104,-4.1179748383404,38.7910621834686,-20.7311643386465
18.88,-4.18690204620361,-10.5705690383911,-2.74929881095886,-41.4189535609689,14.7593404095549,-10.4584676193936,-7.57843160629272,-7.8423056602478,-3.32929992675781,-9.04608695187248,24.3177974171105,-23.3223707701147
18.885,-3.90212368965149,-10.388331413269,-2.76318216323853,-40.9000026180205,19.5550535748945,-7.0380126165492,-7.64168167114258,-7.76098823547363,-3.00552034378052,-16.1430598957713,6.85622200914743,-25.6518358148515
18.89,-3.55017590522766,-10.3109292984009,-2.57024741172791,-36.2607673790186,18.7951352655754,-4.75960878538692,-7.5559778213501,-7.76763343811035,-2.8581268787384,-21.0283441618865,-3.63453575643419,-26.7603191680839
18.895,-3.16704320907593,-10.2659397125244,-2.25780606269836,-29.6151811467984,12.9549111525433,-3.33267362507477,-7.34312772750854,-7.86700820922852,-2.80083727836609,-25.2535230881185,-12.1556765668143,-27.5970651527347
18.9,-2.76704668998718,-10.2262840270996,-1.86773097515106,-21.9886755893795,2.26296803052487,-2.67265985241516,-6.97192525863647,-8.08017444610596,-2.8073878288269,-28.9332550600643,-19.7142772372786,-28.435098628044
18.905,-2.37359476089478,-10.1663885116577,-1.52477693557739,-16.2730213202038,-11.4890851085405,-2.68942391140272,-6.16454267501831,-8.53933620452881,-2.88242173194885,-28.8829643772055,-21.106052931621,-28.9160976248692
18.91,-2.02509617805481,-10.1383895874023,-1.22888553142548,-13.2568541789557,-24.3858192710546,-2.87032381944804,-5.15891695022583,-8.93525695800781,-2.96431255340576,-28.5525744666736,-21.1742592006728,-29.0702208434906
18.915,-1.64896988868713,-10.0975008010864,-0.947011768817902,-12.1615607747843,-35.9366646576177,-3.0124397789519,-4.09132242202759,-9.2336311340332,-3.00531196594238,-28.6300561326183,-20.79943890959,-29.1118508464818
18.92,-1.2126624584198,-10.0241069793701,-0.662854433059692,-12.6701913018968,-45.7278842668036,-2.99526761616143,-3.04390716552734,-9.41797924041748,-2.97829651832581,-29.3580586754932,-20.2709803433169,-29.1472380565716
18.925,-0.847363471984863,-10.0034465789795,-0.382902175188065,-14.553620234396,-52.3185455328132,-2.61624867972979,-2.26269292831421,-9.61514186859131,-2.88955044746399,-28.1605847875647,-16.8757923446466,-29.164928246522
18.93,-0.532574415206909,-9.9996280670166,-0.151712909340858,-17.0906291148001,-56.6543803537885,-2.1987559280337,-1.87127590179443,-9.79641723632813,-2.81418991088867,-25.1034877377154,-10.4345243912581,-29.1096378651907
18.935,-0.172081798315048,-10.0171422958374,0.0733758881688118,-20.0028937108466,-59.3300489045331,-1.7685353322627,-1.83646559715271,-9.91793727874756,-2.75009608268738,-21.0333370301698,-1.78904521640149,-28.7502503865376
18.94,0.313490569591522,-10.0608711242676,0.325946629047394,-23.0918655460051,-60.717233004206,-1.34529956541339,-2.15367865562439,-9.94112682342529,-2.69627261161804,-16.561907586244,8.52553432956371,-27.8841977677056
18.945,0.568696260452271,-10.1558694839478,0.408816665410995,-26.2535276694055,-60.531226462539,-0.54399233743637,-2.86777544021606,-9.85074329376221,-2.63644599914551,-12.3203455975141,18.4224118425678,-26.9063212917821
18.95,0.758959114551544,-10.2542200088501,0.406288087368011,-29.3691884687458,-58.3955151015352,0.639573844598969,-3.60165071487427,-9.70799541473389,-2.60086846351624,-9.06051231139955,25.513304210558,-26.2807391430588
18.955,0.91351044178009,-10.3406352996826,0.330874919891357,-32.3092502271669,-54.417018702462,2.10318322541183,-4.31164073944092,-9.526611328125,-2.58036947250366,-7.07181052699654,29.109067544395,-25.9676620545256
18.96,1.06632995605469,-10.3949842453003,0.19269335269928,-34.8973899036978,-48.5883026044078,3.73995246919735,-4.94104814529419,-9.32086753845215,-2.56458711624146,-6.81562720670228,28.0750008097172,-25.9411353073366
18.965,1.17154443264008,-10.3621702194214,0.0346714705228806,-36.3885158221599,-42.1137852901397,4.90653042330213,-5.3472375869751,-9.0168571472168,-2.69219827651978,-7.28886796240402,26.203460675242,-25.7522908220695
18.97,1.29137063026428,-10.2916870117188,-0.0951548144221306,-37.0077715081646,-36.5850442702433,5.65018050267878,-5.55945873260498,-8.77530193328857,-2.77790355682373,-8.03310244984153,24.5123468178818,-25.5614775347741
18.975,1.41809499263763,-10.1799125671387,-0.182625442743301,-36.8380686280464,-30.7223513961628,6.13793583725362,-5.59697246551514,-8.59129047393799,-2.80708050727844,-8.7205994096174,23.1085346226745,-25.6762144675466
18.98,1.5312796831131,-10.0104322433472,-0.201508760452271,-35.9297695816506,-21.8982746206198,6.65437198992698,-5.47480249404907,-8.444655418396,-2.76557922363281,-8.77267533317051,22.1176244382674,-26.6944556539175
18.985,1.56021952629089,-9.82880687713623,-0.135940849781036,-34.1121333001052,-12.7577167610159,6.7899303274974,-4.98325395584106,-8.51590824127197,-2.56247520446777,-9.36736197495695,19.0050969882089,-28.0581712236023
18.99,1.52861368656158,-9.65334224700928,-0.0458115190267563,-31.638901311076,-3.34283118358764,6.50083360625333,-4.37077856063843,-8.6446590423584,-2.42814660072327,-10.3360296483319,15.7503854901981,-29.1632446048915
18.995,1.44137251377106,-9.5044994354248,0.0384312979876995,-28.7103586666901,6.27562647450555,5.76125645405612,-3.7169201374054,-8.80460929870605,-2.41987705230713,-11.2638425451864,13.3064515976138,-29.8499313334771
19.0,1.29910600185394,-9.43757247924805,0.0494547784328461,-25.7754690690179,15.925661804679,4.47103585427482,-3.15897560119629,-8.9804162979126,-2.63199543952942,-11.0016093848349,13.7994614820945,-29.8351747097753
19.005,1.11535799503326,-9.40295505523682,-0.0196110494434834,-22.7463416438198,24.9270280929608,2.86620457504828,-2.81148767471313,-9.16323089599609,-2.69415545463562,-9.34233274674344,16.3755202615308,-29.2954873125068
19.01,0.952316164970398,-9.355224609375,-0.161682948470116,-19.8679582011512,33.1065826052121,1.01583952110401,-2.61205387115479,-9.29338550567627,-2.66504645347595,-7.51554571925746,19.3486589185551,-28.6366421425254
19.015,0.824969172477722,-9.28607845306396,-0.373325258493423,-17.1696253751932,40.4490188875029,-1.06650682486252,-2.54383325576782,-9.33678436279297,-2.60153794288635,-5.90755654475685,22.2293270595011,-27.9053286654503
19.02,0.741077303886414,-9.20218563079834,-0.645588219165802,-14.5431222336417,47.0560555320476,-3.38666648390714,-2.59063529968262,-9.19398403167725,-2.71033382415771,-5.09161488943113,24.4189081224888,-26.9136432545724
19.025,0.676245808601379,-9.14956760406494,-0.858943223953247,-11.6110014239043,51.3993659950695,-5.91738988272755,-2.73638463020325,-9.00423622131348,-2.85034823417664,-4.55610244529275,26.1277855943328,-25.7373310002399
19.03,0.592551469802856,-9.1121940612793,-1.11194181442261,-8.64316043235509,54.1352973048611,-8.50911967744088,-2.89479279518127,-8.86652851104736,-2.90323352813721,-3.79067686906844,27.7151608310315,-24.7879347056081
19.035,0.475151568651199,-9.08351039886475,-1.42440843582153,-5.7482090851941,55.4058081131318,-11.1002765900376,-3.04298877716064,-8.80956172943115,-2.83037257194519,-2.72895747320558,29.177403587041,-24.2030246258449
19.04,0.31430858373642,-9.05135440826416,-1.67401051521301,-3.06174051126788,54.9434247968895,-13.5942638164071,-3.23213720321655,-8.77771759033203,-2.67005920410156,-2.30081667003685,29.5280176877053,-23.8946996414268
19.045,0.116342790424824,-9.05441761016846,-1.8188259601593,-0.985021921012324,53.3005935467722,-15.9394878151064,-3.34310054779053,-8.74141693115234,-2.61176252365112,-2.57516167677758,28.5060438029529,-23.8094981541727
19.05,-0.115500546991825,-9.08078575134277,-1.87415087223053,0.566795564310692,50.8086536696064,-18.1196773679853,-3.38429832458496,-8.72537422180176,-2.59364318847656,-3.45686972951747,26.3049299655517,-23.9506696265804
19.055,-0.377570509910583,-9.12748146057129,-1.84350001811981,1.59553677914833,47.5981744766607,-20.1103940581935,-3.35559105873108,-8.74684524536133,-2.58014822006226,-4.84761235774795,23.0719674974056,-24.3302966632916
19.06,-0.601102828979492,-9.23079776763916,-1.7343190908432,1.85288069799295,43.7207170659794,-21.7913753299199,-3.24425053596497,-8.86141777038574,-2.47861242294312,-5.27377816902949,20.7998162775416,-24.9086241482422
19.065,-0.803970336914063,-9.37238597869873,-1.61763274669647,1.49503556143176,40.4135633755214,-23.2346250373948,-3.13910961151123,-9.00779438018799,-2.33462309837341,-5.49029601949254,19.3111611800117,-25.3996993816405
19.07,-0.975038647651672,-9.53971576690674,-1.50115668773651,0.688000045896918,37.8743620043937,-24.2962088966914,-3.06488037109375,-9.1338529586792,-2.25505137443542,-5.54551809893209,18.6843769179944,-25.6922056479409
19.075,-1.10349881649017,-9.72439002990723,-1.39104521274567,-0.463605760021227,36.3074346465227,-24.8382014828048,-3.04312348365784,-9.19686412811279,-2.32890152931213,-5.46805478912086,19.0346034054233,-25.6853925342438
19.08,-1.21846675872803,-9.84754371643066,-1.31709420681,-2.55690607523001,33.9479150618905,-25.291891675781,-3.1249988079071,-9.1501407623291,-2.48568177223206,-4.72671502123096,20.8887419254406,-25.4025236648623
19.085,-1.32426416873932,-9.90664577484131,-1.2676020860672,-4.95082420006966,31.7550589231959,-25.4405268374043,-3.2564480304718,-9.09859848022461,-2.55088591575623,-4.26285083459919,21.1332900184837,-25.4560484422931
19.09,-1.42472422122955,-9.90451431274414,-1.23919236660004,-7.52873908341299,29.5461791607083,-25.2755453255499,-3.40259909629822,-9.05124664306641,-2.56614017486572,-4.37527147946937,19.9263426581764,-25.7069110452239
19.095,-1.52425277233124,-9.83997535705566,-1.22924482822418,-10.1582808053715,27.0905144182245,-24.762067071674,-3.52076840400696,-9.01972389221191,-2.57990169525146,-5.4837347690211,17.3548737658623,-25.9955736225689
19.1,-1.70583879947662,-9.78326606750488,-1.22134971618652,-12.5154900785169,24.2255198538763,-23.9398625597662,-3.44654297828674,-8.93294525146484,-2.7881076335907,-6.88157311002558,14.5927640485294,-26.3364939772536
19.105,-1.89201772212982,-9.76018619537354,-1.21767425537109,-14.3983119779537,20.7810400875133,-22.9004870605559,-3.36490917205811,-8.89450836181641,-2.98464775085449,-7.75856897256839,12.7980319525919,-26.6206725354085
19.11,-2.07846713066101,-9.76975917816162,-1.23036670684814,-15.7549565943002,16.7512728734353,-21.679542935092,-3.30409550666809,-8.92303371429443,-3.11380410194397,-8.09792862902777,11.7670080671893,-26.8666259398733
19.115,-2.2651789188385,-9.81085395812988,-1.283940076828,-16.4531846350358,12.0815254718637,-20.3157351578534,-3.30030632019043,-9.04994678497314,-3.08460783958435,-7.89652598719796,11.0722881823661,-27.116880655968
19.12,-2.3057906627655,-9.85715961456299,-1.38209092617035,-16.6627041029205,7.46547104113116,-18.8715411767257,-3.34440016746521,-9.15531826019287,-3.00592565536499,-8.15206214706835,9.06193811338878,-27.6572527797009
19.125,-2.29781317710876,-9.9008150100708,-1.46470057964325,-16.5657956714291,3.16006471290821,-17.2936496576896,-3.40935158729553,-9.17367458343506,-3.03212857246399,-8.50918797933258,7.79741225837826,-27.8852291262702
19.13,-2.24905252456665,-9.94528579711914,-1.53316819667816,-16.1368614990996,-0.883511436124183,-15.6046377910465,-3.47239565849304,-9.11746978759766,-3.13474321365356,-8.80956433110411,7.67948733481069,-27.8451512837679
19.135,-2.14305090904236,-10.0035858154297,-1.61213886737823,-15.2049675642159,-4.87690746598496,-13.8794609265219,-3.47696137428284,-9.03996658325195,-3.18174982070923,-8.71662765461503,9.2286741300862,-27.8607292377174
19.14,-1.96462750434875,-10.0271644592285,-1.65302431583405,-14.481816163199,-8.71753948486923,-12.1309342065459,-3.45841193199158,-9.00328540802002,-3.07001113891602,-7.7561416940921,11.0823328293143,-28.2994835145261
19.145,-1.74592268466949,-10.0120182037354,-1.67234969139099,-13.8126232566251,-12.3329293672862,-10.4361542451488,-3.49420595169067,-8.99627494812012,-2.89315271377563,-6.97972805104054,11.9885392765031,-28.9048175674549
19.15,-1.50152111053467,-9.97088050842285,-1.66782855987549,-13.1922516884648,-15.6621138329122,-8.86418706144399,-3.58831357955933,-8.99904632568359,-2.71279215812683,-6.68105241637235,11.7949674465567,-29.5597678220621
19.155,-1.26734435558319,-9.9671688079834,-1.6122659444809,-12.7515140954759,-18.4930821023626,-7.66024925323971,-3.68180274963379,-8.92994022369385,-2.72285580635071,-7.17892923752349,11.0426904113715,-29.9750877198284
19.16,-1.04735088348389,-9.99238681793213,-1.48439049720764,-12.0490923185899,-20.6957156568542,-6.88283199926698,-3.69156551361084,-8.92354869842529,-2.78622627258301,-7.50320698252184,10.6251814379762,-30.5183097399925
19.165,-0.832338809967041,-10.0342884063721,-1.32524645328522,-11.3328684369386,-22.3153789053068,-6.41974175844553,-3.66751646995544,-8.99290084838867,-2.7969114780426,-7.69087326015711,10.2110184035005,-31.3065818721036
19.17,-0.613613724708557,-10.0839433670044,-1.1513215303421,-10.7146295953467,-23.289710513051,-6.24123561826089,-3.62768888473511,-9.1431360244751,-2.72458171844482,-7.74799669350686,9.65768855713845,-32.3345697384202
19.175,-0.34567853808403,-10.0994338989258,-0.989463686943054,-10.4104488282074,-23.1407884834826,-6.33933634464932,-3.58753538131714,-9.36060905456543,-2.63125348091125,-7.65555093686438,8.73564546258529,-33.1761549120979
19.18,-0.0587530471384525,-10.1278305053711,-0.845709979534149,-9.74450879922578,-22.2664884112279,-6.64729463328638,-3.50164103507996,-9.49968719482422,-2.61891436576843,-7.8158392549853,8.05417443720467,-33.7607644635376
19.185,0.213711217045784,-10.1537456512451,-0.718442022800446,-8.98041895187104,-20.8000587492572,-7.13403483099582,-3.37329792976379,-9.55964088439941,-2.67952871322632,-7.97794611097274,7.81239427832268,-34.16373196419
19.19,0.453755140304565,-10.167685508728,-0.609606385231018,-8.23908046464161,-18.7611431216235,-7.78765106428066,-3.20176696777344,-9.54310894012451,-2.79905843734741,-7.99465958387176,8.11884010694541,-34.4517029848815
19.195,0.670365869998932,-10.1474313735962,-0.553130865097046,-7.29059258516945,-15.8296071468338,-8.51030983790375,-2.98490524291992,-9.58367729187012,-2.72820425033569,-7.59804928178934,8.59589637707224,-35.2900882149331
19.2,0.847312867641449,-10.0950326919556,-0.555390536785126,-6.37296051215964,-12.2286409163966,-9.27002409532145,-2.84785962104797,-9.59953498840332,-2.67063212394714,-7.19844906439774,9.16536681421664,-36.2332417166634
19.205,0.980735301971436,-10.0396347045898,-0.594868838787079,-5.49821178185376,-8.00697697626623,-10.1373727425484,-2.78719186782837,-9.58730411529541,-2.66258311271667,-6.97641540929309,9.56397921549952,-37.0115759235322
19.21,1.06489551067352,-10.0042505264282,-0.656718969345093,-4.67854681965674,-3.16540143852752,-11.175118387868,-2.80484223365784,-9.54258060455322,-2.7359344959259,-7.08652659645015,9.5717280651129,-37.4004288382648
19.215,1.06783425807953,-9.96082592010498,-0.70958548784256,-3.42377490166782,1.67731730212353,-12.4210721047516,-2.8367645740509,-9.5028715133667,-2.76630330085754,-6.80885635480069,10.1238472604445,-37.6989593314132
19.22,1.06009101867676,-9.93770122528076,-0.797308027744293,-2.09743348679114,6.44842086899677,-13.7493569218906,-2.85923480987549,-9.47031021118164,-2.80206251144409,-6.26557115538682,11.4526887380008,-38.0075472781143
19.225,1.04599797725677,-9.92882537841797,-0.905126869678497,-0.765583951235682,11.243130850302,-15.1464379656708,-2.85780167579651,-9.46059226989746,-2.82564973831177,-5.57364311038691,12.9720728566066,-38.4094424390671
19.23,1.03051006793976,-9.92769432067871,-1.01604354381561,0.489197998593589,16.1829020967473,-16.6006023154394,-2.81246829032898,-9.49520015716553,-2.81406188011169,-4.86860409038834,13.9601715643966,-39.0164071996602
19.235,0.992751657962799,-9.88704204559326,-1.18373167514801,1.83182514577251,21.2051504387414,-18.0390145414347,-2.75957751274109,-9.52856063842773,-2.87135243415833,-4.26614554710007,14.7056431698476,-39.2466050652572
19.24,0.942764222621918,-9.86185169219971,-1.30120587348938,3.04823317185394,25.7380686606702,-19.3404661066457,-2.70072817802429,-9.49879741668701,-2.99282884597778,-3.68754997722454,16.155410585338,-39.2534352544272
19.245,0.87852817773819,-9.85028171539307,-1.3645054101944,4.14655192294091,29.7702708371873,-20.5288455976943,-2.61546587944031,-9.4379186630249,-3.11851978302002,-3.04059659347505,17.8714238973174,-39.2531927827117
19.25,0.793659865856171,-9.84448719024658,-1.37168478965759,5.15228660605471,33.2876679955821,-21.6502687443093,-2.46208691596985,-9.40980815887451,-3.13573312759399,-2.15163936214825,18.9520383711889,-39.6387876972101
19.255,0.669006884098053,-9.85729885101318,-1.35542726516724,5.68414276455303,36.2340545091747,-22.5912775666403,-2.36110949516296,-9.4603328704834,-3.13776850700378,-1.77124467620737,19.4041798187708,-40.3782991088366
19.26,0.526896417140961,-9.87755584716797,-1.306067943573,6.09427129166337,38.8176589400966,-23.4795078097073,-2.33327698707581,-9.54219245910645,-3.15586185455322,-1.33709416034268,20.3511496887,-40.9723377364255
19.265,0.360381126403809,-9.906813621521,-1.22743010520935,6.39897371450046,40.9102649772485,-24.2319009581084,-2.34998989105225,-9.62975692749023,-3.16646552085876,-0.844894773856548,21.7356597693128,-41.4167303343941
19.27,0.138912573456764,-9.95448112487793,-1.13148951530457,6.50803390629899,42.018521226691,-24.548068707241,-2.32455515861511,-9.66617774963379,-3.08903837203979,-0.481359716190764,23.0223598334638,-41.8673042535615
19.275,-0.0619628801941872,-9.97508811950684,-1.06746351718903,6.56933741542079,43.461029858641,-24.8417600113624,-2.31632685661316,-9.66097831726074,-3.02028942108154,-0.40435744414851,23.7078990902688,-42.4274207466375
19.28,-0.254275590181351,-9.97028636932373,-1.03350794315338,6.70483855015692,44.7857313877866,-25.0505196207019,-2.38544893264771,-9.62849426269531,-2.94156455993652,-0.27051223007972,24.2223557687433,-42.9110322908203
19.285,-0.439297199249268,-9.94300937652588,-1.03158223628998,6.9008210099935,45.8974505431383,-25.1389859383792,-2.52680826187134,-9.57269477844238,-2.8548629283905,0.0150286389870563,24.718418747783,-43.3125210555174
19.29,-0.610931634902954,-9.9052906036377,-1.07267391681671,6.97131368486991,46.8041000988496,-25.0045968438174,-2.65639805793762,-9.49777984619141,-2.78816390037537,0.551535054075032,25.47854025523,-43.7917237125909
19.295,-0.783262550830841,-9.89739894866943,-1.1200647354126,7.35202586788548,47.1053148563417,-24.7036330957772,-2.78911018371582,-9.39240837097168,-2.73094439506531,0.516961703713485,25.972526856762,-44.2903138616235
19.3,-0.948017656803131,-9.9353084564209,-1.17023587226868,7.98231230939967,46.751528132808,-24.3317771067942,-2.86155772209167,-9.30383014678955,-2.68470144271851,0.161628716065109,26.1278316981097,-45.0173089515959
19.305,-1.10312843322754,-10.0262784957886,-1.22395694255829,8.81733623260593,45.6654016962763,-23.9370604746592,-2.86335587501526,-9.25540447235107,-2.64321517944336,-0.359133907880209,25.8836387749034,-46.0531310448904
19.31,-1.25668859481812,-10.1729974746704,-1.29636681079865,9.60278749658989,43.528303806871,-23.6583665584079,-2.90080308914185,-9.29986763000488,-2.54986500740051,-0.410877073154699,25.0376344688327,-47.4092446140289
19.315,-1.35555493831635,-10.3243293762207,-1.36235213279724,10.4824091399818,40.8087547058037,-23.2028595351124,-3.03539085388184,-9.36749839782715,-2.50790619850159,-0.749345496649094,23.9156034353816,-48.6620481568764
19.32,-1.40175747871399,-10.4491004943848,-1.42176938056946,11.4877369999531,37.6402948366319,-22.617037625095,-3.1664125919342,-9.42925262451172,-2.49054908752441,-1.18954435846725,22.9412889031103,-49.9707602131751
19.325,-1.39293372631073,-10.5285968780518,-1.4728502035141,12.6342107191228,34.100375129449,-21.8988142055642,-3.23377323150635,-9.46903514862061,-2.48821830749512,-1.65451140720657,22.3240344625325,-51.4240844496758
19.33,-1.3199360370636,-10.5486717224121,-1.49170303344727,13.7744211548236,30.7635203613851,-20.6991973457836,-3.11603474617004,-9.47889518737793,-2.55846428871155,-2.41465201783887,21.6587262260491,-53.0500622080161
19.335,-1.15415358543396,-10.5355634689331,-1.52952349185944,14.5684400373476,27.9941347850388,-19.2897826879096,-3.0175998210907,-9.50110912322998,-2.61993408203125,-2.89878286984195,20.7912358523968,-54.6020826780235
19.34,-0.942003905773163,-10.4902143478394,-1.53263258934021,14.9476470174249,25.8389044509344,-17.8147350347536,-2.96729350090027,-9.53422069549561,-2.67623901367188,-3.04402214678722,20.250793719225,-55.9635203796201
19.345,-0.71759295463562,-10.4114027023315,-1.45618081092834,14.8320255751549,24.372587487085,-16.3847768754035,-2.99100470542908,-9.57774066925049,-2.72993755340576,-2.77957237660655,20.4786471223893,-57.0298870788829
19.35,-0.545601367950439,-10.3578433990479,-1.21146404743195,14.3991059874447,23.5022130660557,-15.4615658185023,-2.9343638420105,-9.59719371795654,-2.91136479377747,-2.95029807755289,21.9129031782746,-58.0763881729447
19.355,-0.411513090133667,-10.3445491790771,-0.892003893852234,13.9296312272966,23.0657417799771,-14.7503245598505,-2.79504656791687,-9.67056941986084,-3.01463890075684,-3.15832258778303,23.376698094773,-59.2074470089313
19.36,-0.308681815862656,-10.3605918884277,-0.539844155311584,13.5296920617674,23.0592599304548,-14.2179847385816,-2.62755155563354,-9.78817462921143,-3.03963685035706,-3.26414142793357,24.5812992851004,-60.2934539171525
19.365,-0.231161490082741,-10.3944978713989,-0.205293416976929,13.3379362083666,23.5109249723421,-13.836758583831,-2.4981837272644,-9.94123077392578,-2.98018360137939,-3.08461780300601,25.1439975896827,-61.1680869611294
19.37,-0.176913365721703,-10.4514198303223,0.0529848039150238,13.5657998568147,24.1633156135577,-13.7235174624867,-2.55339646339417,-10.0115919113159,-3.00753688812256,-2.75746924412215,26.7742749521056,-62.242701113815
19.375,-0.118785850703716,-10.5175447463989,0.269829481840134,14.1944777887793,25.3974642022346,-13.6236916864461,-2.70442581176758,-10.0725154876709,-3.02162098884583,-2.51441205330878,28.6750500037757,-63.2716008103857
19.38,-0.0796867087483406,-10.5999593734741,0.440189808607101,15.2480643503314,27.1338212326569,-13.5619698282376,-2.88966512680054,-10.1282300949097,-2.99173426628113,-2.38245151788366,30.630256540489,-64.3693010024659
19.385,-0.107881151139736,-10.7152624130249,0.54593551158905,16.8189207745224,29.2344185911377,-13.6159385679645,-3.00532913208008,-10.1784868240356,-2.86561012268066,-2.40005803801666,32.3201477939877,-65.7859027268941
19.39,-0.164887011051178,-10.8830490112305,0.522588074207306,18.5365477186933,32.1301080256158,-13.6709454964452,-3.12518692016602,-10.2603406906128,-2.72327923774719,-2.47519609530233,33.7296700273411,-67.4395256759
19.395,-0.24131016433239,-11.0773134231567,0.434158354997635,20.3443587731177,35.605072633792,-13.6412273433664,-3.27857255935669,-10.3876810073853,-2.61295175552368,-2.56093076419844,34.556054615021,-69.1588413843432
19.4,-0.34398141503334,-11.2978324890137,0.309456765651703,22.2740972419632,39.4028832085617,-13.5330593450282,-3.47840332984924,-10.551908493042,-2.5662100315094,-2.6935122065078,34.7873521410743,-70.9447377768156
19.405,-0.498574495315552,-11.5557975769043,0.205721586942673,24.449761794517,42.8853849304869,-13.3887570846597,-3.75581216812134,-10.7263097763062,-2.66317868232727,-2.99972175327393,34.4447771730631,-72.8681736886045
19.41,-0.677481830120087,-11.8618364334106,0.122659906744957,26.9080851881353,45.5775654635499,-13.2135465107496,-4.12537622451782,-10.9323072433472,-2.75108957290649,-3.4071224735845,33.8374265067818,-74.9740507833137
19.415,-0.900362968444824,-12.2023401260376,0.0348615758121014,29.7582872702885,47.6284902712918,-12.9976809433523,-4.51864528656006,-11.1839094161987,-2.7335319519043,-3.86143464066202,32.7079420293989,-77.3347349151993
19.42,-1.1551878452301,-12.5533590316772,-0.0661025494337082,33.1223125308707,49.0475815996724,-12.6752584484873,-4.9181809425354,-11.4698867797852,-2.60140204429626,-4.46560243879008,31.0492920611639,-79.9261291768697
19.425,-1.36615681648254,-12.8167476654053,-0.194158330559731,37.4600290689624,49.7297569883112,-11.9484861934365,-5.31105518341064,-11.7238340377808,-2.4086275100708,-5.75430844412292,29.0860361465137,-82.5633540078708
19.43,-1.44932949542999,-12.9758539199829,-0.283707469701767,42.7138481445766,49.8300583162728,-10.4558508031678,-5.59931516647339,-11.8788022994995,-2.27823781967163,-7.54797631121033,27.5854401707673,-85.1954835177511
19.435,-1.47223854064941,-13.1205167770386,-0.372563272714615,48.1739252727469,49.7769740860435,-8.34046950022857,-5.77044248580933,-11.9791965484619,-2.14543342590332,-9.63178506471118,26.484008987853,-87.5839938403154
19.44,-1.44176471233368,-13.2682027816772,-0.461743146181107,53.5376830732417,49.6902204383006,-5.62105999115243,-5.81464624404907,-12.0419120788574,-1.98440515995026,-11.8178998066951,25.826683534962,-89.6066245894204
19.445,-1.24230670928955,-13.3151884078979,-0.455572992563248,58.2849479992511,49.3875542656098,-2.20947761748333,-5.7173113822937,-12.0936422348022,-1.7674857378006,-13.1218665890678,26.0478143244357,-91.0021005387458
19.45,-0.957210600376129,-13.3299427032471,-0.313288450241089,62.3480431213841,48.3027323952096,1.53024027740471,-5.62416124343872,-12.1600875854492,-1.60084044933319,-15.1077125006241,26.8606495243496,-92.8902926744174
19.455,-0.597850859165192,-13.2968254089355,-0.0533634461462498,65.8881779795259,46.2943255150511,5.28247470739021,-5.49969816207886,-12.2461261749268,-1.42038190364838,-17.3455044538683,28.0851675462967,-94.798203566223
19.46,-0.166119307279587,-13.2027616500854,0.318592488765717,68.9790776355776,43.2713520902951,8.85049765479999,-5.32227182388306,-12.3517513275146,-1.19486582279205,-19.6268474008078,29.693946888307,-96.4712857241743
19.465,0.337724357843399,-13.0088386535645,0.759469151496887,71.9395753199954,39.8632482039043,11.6790548674734,-5.07068300247192,-12.410945892334,-0.984536588191986,-22.0330035170928,32.4918758251947,-97.8010620838732
19.47,0.794021725654602,-12.756290435791,1.13383734226227,74.6059582285634,37.6779735751883,13.4929456440327,-4.69874954223633,-12.4259986877441,-0.833950281143188,-23.9780911285507,35.6799110165278,-98.8963990305006
19.475,1.1582123041153,-12.4575958251953,1.40959978103638,78.0980631964616,36.0859179513609,14.9820387274432,-4.2319393157959,-12.4004163742065,-0.769666075706482,-25.4537500836374,39.4475116645985,-99.7814344525834
19.48,1.38919031620026,-12.1198577880859,1.5551723241806,83.3577459894783,34.6222869594026,16.6755329057291,-3.68471360206604,-12.3345003128052,-0.818106770515442,-26.4245880496211,43.9809643488299,-100.462493105293
19.485,1.4065750837326,-11.8011388778687,1.54242539405823,89.9085326111134,34.7881888392476,17.6352137577036,-3.0698082447052,-12.2862586975098,-1.04253482818604,-26.4153587565052,50.439031152482,-100.430896650192
19.49,1.30377244949341,-11.5127191543579,1.45682370662689,97.266449517158,35.5272016470646,18.3592496682181,-2.49353075027466,-12.3076696395874,-1.19383978843689,-25.4685186601703,57.5805574203368,-99.9101015561681
19.495,1.11401033401489,-11.2576007843018,1.32326364517212,105.34066202184,36.4248216926931,18.9417708893191,-2.0985324382782,-12.3516149520874,-1.19197332859039,-23.9653596559378,64.3651619078289,-99.1286459528486
19.5,0.872347474098206,-11.0421180725098,1.16933584213257,114.07216412092,36.9724594301556,19.4901565324957,-2.07798671722412,-12.3606271743774,-0.924579858779907,-22.3421412940222,69.4582358964215,-98.3535970669706
19.505,0.731320977210999,-10.760235786438,0.881464898586273,124.793703306386,35.0029812131716,20.4019389753682,-3.04589891433716,-12.0870885848999,-0.419898271560669,-21.9096929893647,72.8864444446343,-98.8490658195525
19.51,0.702414572238922,-10.3398876190186,0.504324853420258,135.786974737792,32.1586206503061,21.3208709187544,-4.49838066101074,-11.4760427474976,-0.203337550163269,-22.4251366301743,77.2940201575569,-99.9855956370642
19.515,0.785802841186523,-9.79325389862061,0.0500164777040482,146.286013680855,29.5216246306421,22.2599946088745,-6.11147832870483,-10.5950908660889,-0.369601100683212,-23.9156973504827,80.8417911671908,-101.489603292301
19.52,0.992428004741669,-9.13770389556885,-0.47135803103447,154.968413549992,28.9915131585899,23.283645305068,-7.34133148193359,-9.54969692230225,-1.08311820030212,-26.5611610971701,79.6761305928689,-102.94767109518
19.525,1.24299478530884,-8.65287685394287,-1.18942677974701,160.279213478757,30.8640641610623,24.2230268348293,-7.36314868927002,-8.77187728881836,-1.74061739444733,-31.9047766698025,73.5149926030047,-104.785756963101
19.53,1.46098291873932,-8.34342288970947,-1.67996191978455,163.191729084255,33.6221116233863,26.0251415114859,-6.95945262908936,-8.29999160766602,-2.25221538543701,-37.6660207441408,66.1141547882157,-105.781619034656
19.535,1.69275259971619,-8.16913795471191,-1.93022310733795,164.162298965314,36.46270192183,28.6438718977619,-6.18260288238525,-8.08353710174561,-2.70474934577942,-43.3314645851804,57.7615574333422,-106.020969353741
19.54,2.10224723815918,-8.02365970611572,-2.03556942939758,163.987992537695,37.6091867400571,31.6749408042316,-4.86644268035889,-7.98488140106201,-3.37815308570862,-48.2280476917301,47.8426269470554,-106.128886342627
19.545,2.57326650619507,-8.09330940246582,-1.80120491981506,164.243455273032,38.0779084718492,34.0352526908075,-3.43320989608765,-8.20409870147705,-3.91864633560181,-51.7094702437664,39.7413429875979,-106.298637034069
19.55,3.01182842254639,-8.28190898895264,-1.415198802948,165.131379865134,39.0772061285571,36.2861107959339,-2.08867383003235,-8.58492183685303,-4.39136171340942,-54.5197823136195,33.2393751430555,-106.417782853951
19.555,3.3556113243103,-8.56681442260742,-0.905783414840698,166.986855394681,40.3454254083613,38.7585402377356,-0.890793919563293,-9.07614135742188,-4.82239866256714,-57.0745257802035,27.4991578060772,-106.380558322975
19.56,3.40776228904724,-8.93854713439941,-0.216640830039978,171.170947317961,39.4531636461367,42.4359789736676,0.0957224294543266,-9.59506225585938,-5.26842308044434,-60.5688471444875,18.8303978247129,-105.805879866588
19.565,3.02476215362549,-9.30303287506104,0.213192492723465,174.574936015377,37.4058793292225,46.7224178665654,1.021808385849,-10.0738821029663,-5.69251680374146,-65.2936031820871,6.53953601941156,-104.732344883791
19.57,2.40003252029419,-9.65692806243896,0.456773519515991,176.196354622446,35.2323218900277,50.5679031617418,1.93282556533813,-10.5438632965088,-6.00312995910645,-70.1226015667995,-6.31208730495555,-103.258028060877
19.575,1.61058020591736,-10.0035610198975,0.548645317554474,175.571911407767,33.051719110704,53.8720174180192,2.84896469116211,-11.0035018920898,-6.17408132553101,-74.4961424470879,-18.2145247898947,-101.378428303181
19.58,0.800987303256989,-10.3814163208008,0.610808551311493,172.197811618159,29.0204424248195,58.8290067175884,3.8107750415802,-11.3569898605347,-6.27605962753296,-77.0076439860366,-25.3667010302129,-98.8879091053623
19.585,0.0412222556769848,-10.7902231216431,0.624206602573395,165.952095395803,24.384326874721,62.8120042113247,4.69172954559326,-11.4823656082153,-6.4040470123291,-77.196922188316,-28.411735965988,-95.860099906674
19.59,-0.619888305664063,-11.2156562805176,0.628287792205811,157.837789680692,19.8622037667754,65.7637455932266,5.49675178527832,-11.4030675888062,-6.55142211914063,-76.0235230096645,-29.2938788029572,-92.2733490074469
19.595,-1.14777255058289,-11.6490259170532,0.644913673400879,148.342310432379,15.8152500891985,67.5416779851268,6.21801090240479,-11.1216278076172,-6.71128273010254,-74.0029208267429,-29.0102210467266,-88.165502485872
19.6,-1.48264467716217,-12.0533647537231,0.702152192592621,138.578964825196,11.8016866451527,67.1551644101849,6.74371910095215,-10.6655702590942,-6.80290365219116,-72.6604539755661,-29.2009916453396,-84.9824294269709
19.605,-1.61295759677887,-12.3514251708984,0.690559506416321,129.880800879455,7.23744944455852,65.4820344409094,7.06185674667358,-10.3349475860596,-6.76899814605713,-70.2727086341888,-29.0998877701505,-80.2229077264959
19.61,-1.53077626228333,-12.5211095809937,0.608296692371368,122.364614829963,2.72004706454647,62.9106389731289,7.32406663894653,-10.0195331573486,-6.60423183441162,-65.5835515425433,-25.1398704478768,-74.5581537345624
19.615,-1.21677565574646,-12.5369682312012,0.449573457241058,116.195724575391,-1.27208559376126,59.6950678741569,7.64761972427368,-9.63252544403076,-6.29634666442871,-57.4522796375348,-14.245611146227,-68.4669978629342
19.62,-0.776563823223114,-12.3900651931763,0.286514431238174,111.490885369411,-4.17655310198337,56.5572550637909,7.93905735015869,-9.03486728668213,-6.28177213668823,-45.0189584422805,13.7124995135819,-61.0973125409497
19.625,-0.403979897499084,-12.1917390823364,0.186407908797264,107.604009127864,-7.71136041257256,53.7383130499216,8.09005737304688,-8.28441143035889,-6.68897247314453,-34.6652215285253,39.8095731623117,-52.4147487472728
19.63,-0.122374132275581,-11.973614692688,0.130484774708748,104.388656594945,-12.0670190038402,51.139234825435,7.95749950408936,-7.49606990814209,-7.07530069351196,-24.9784491721273,61.8099198374355,-42.2136938822241
19.635,0.0319176688790321,-11.773904800415,0.0985620990395546,101.712499685675,-17.5460302701634,48.6525268731734,7.33975124359131,-6.81130361557007,-6.8830041885376,-14.2351165605673,76.5894588239134,-30.1190032207352
19.64,0.211483225226402,-11.427059173584,0.0797413662075996,99.3808506879513,-23.8794597818412,46.6199650290152,6.05194520950317,-6.3281717300415,-5.56169652938843,4.1110618331267,99.5542623607888,-15.1723892694223
19.645,0.327765375375748,-11.0614109039307,0.105828203260899,97.1124902230767,-31.1198820662359,44.8371422216693,4.54771614074707,-5.75527429580688,-4.37796211242676,22.973155150683,126.423482064999,0.218964672351715
19.65,0.399245947599411,-10.6846227645874,0.181812524795532,94.8102451897297,-39.1686487011652,43.0960416248684,2.94554805755615,-5.04912185668945,-3.52134037017822,39.197403797571,150.688261846225,15.1216682846458
19.655,0.46554896235466,-10.2965335845947,0.319053262472153,92.316058180327,-47.9183908204238,41.0284477404572,1.4118754863739,-4.14396095275879,-3.25206804275513,47.2765818497798,160.192470076298,27.9691414153184
19.66,0.588783860206604,-9.92173480987549,0.498334914445877,89.8737942689947,-55.3552408076117,38.703376214904,0.475556969642639,-3.49893832206726,-2.9772253036499,46.387448314195,146.636853177762,37.9046607235518
19.665,0.749768376350403,-9.56862926483154,0.663480520248413,87.3868882412472,-60.7250877217515,36.1936983364637,-0.0225688405334949,-3.09747815132141,-2.57554221153259,43.7702905789754,126.348117757697,46.7470270381449
19.67,0.951107382774353,-9.2450704574585,0.809711992740631,85.0211292788082,-63.805694282724,33.735349329636,-0.187529966235161,-2.90321445465088,-2.12731075286865,40.81808474421,104.043527136185,54.768606105083
19.675,1.21102237701416,-8.97352409362793,0.941837787628174,83.3049554573833,-64.0166856563749,31.9928451289607,-0.236697971820831,-2.83522152900696,-1.90597343444824,38.9198112493233,87.3258605010131,62.0257333246403
19.68,1.43693029880524,-8.7811222076416,1.05913245677948,80.6469122097919,-62.3849398032805,29.1037707326937,-0.241571560502052,-2.85415744781494,-2.0113832950592,36.6316022547207,76.2366727230931,67.1994445265741
19.685,1.64856851100922,-8.63569068908691,1.18578803539276,78.2367160366129,-59.405413211835,26.2281022902201,-0.163713023066521,-2.94857335090637,-2.12326955795288,33.0384719588088,61.9596375840421,73.1512918598907
19.69,1.83761847019196,-8.53179264068604,1.3157172203064,76.2219741559992,-55.1479684719639,23.683160145095,0.0265466365963221,-3.13992810249329,-2.17818880081177,28.4068113995964,43.4469152727211,80.1045473783687
19.695,1.94552266597748,-8.47621917724609,1.39632141590118,74.1017673244113,-49.4436506092631,21.789823169431,0.429224997758865,-3.53981137275696,-2.20034193992615,24.8947520340379,24.6249766372954,86.2395940456035
19.7,1.96647083759308,-8.46626853942871,1.42387354373932,71.6062142771746,-41.8665221969015,20.7043797518163,0.753964841365814,-4.06406784057617,-2.30020666122437,23.5045455756573,8.0952452184576,92.2280170419255
19.705,1.97578454017639,-8.51357460021973,1.42708230018616,68.8281782662445,-33.0198289574692,20.3978801354539,0.981153011322021,-4.66647815704346,-2.43912410736084,23.4149317861994,-6.18474440429619,98.2019258862613
19.71,2.00215935707092,-8.6204776763916,1.41232299804688,65.8382424665039,-23.1855911093433,20.9250631638994,1.09225356578827,-5.32251930236816,-2.58105230331421,24.3145872282006,-18.1258996703192,104.162010427717
19.715,2.07093191146851,-8.75940036773682,1.35773873329163,63.0163498109131,-13.2784094022026,22.6086672282672,1.01730275154114,-5.94356393814087,-2.53419589996338,25.64621115407,-27.4611443882514,109.754145848395
19.72,2.13365387916565,-8.90756130218506,1.30197024345398,60.5428309539389,-4.42151399458447,24.9913684749423,0.825080215930939,-6.5257134437561,-2.3126540184021,25.5811501871311,-35.2226708327305,115.17398291707
19.725,2.17094445228577,-9.04418659210205,1.25487053394318,58.1883964451438,2.92064374405422,27.8325000658777,0.553876459598541,-7.07177352905273,-1.9928389787674,25.0914648972289,-41.961615505621,120.138970368157
19.73,2.17193222045898,-9.15542411804199,1.22247445583344,55.8470758995551,8.33190529678302,31.0136111529397,0.222431063652039,-7.57737874984741,-1.62869572639465,24.7624307792473,-48.0200103748952,124.469528867999
19.735,2.150475025177,-9.20084476470947,1.21114504337311,53.6703424223962,10.2484649156251,34.230462912381,-0.116719245910645,-7.97338151931763,-1.563591837883,26.3191589571401,-55.3413516179344,128.072713202369
19.74,2.06687688827515,-9.24281787872314,1.19395792484283,51.468125509444,10.0210366917366,37.247190129141,-0.330187052488327,-8.28721618652344,-1.7079039812088,28.388163275615,-64.1225399281317,131.796245469915
19.745,1.93274652957916,-9.27717971801758,1.16191828250885,49.2457731988187,8.36613308226125,39.931372510686,-0.370845973491669,-8.5733585357666,-1.96231067180634,30.5146555887865,-73.4474420321133,135.643335859546
19.75,1.75422978401184,-9.30014801025391,1.10695815086365,47.0063010190386,5.76664376576396,42.1572491989231,-0.190607130527496,-8.87346839904785,-2.25450086593628,32.3401739086342,-82.6202016723328,139.624147692748
19.755,1.53382480144501,-9.28871536254883,0.998477935791016,44.622418149637,2.91968175459831,43.7333187649981,0.19689317047596,-9.16994571685791,-2.32095956802368,34.0302803130917,-86.5072076874737,143.58446895844
19.76,1.2965761423111,-9.27441596984863,0.885772347450256,42.21813009009,0.128410557944215,44.8510006754953,0.602299690246582,-9.44736003875732,-2.28011441230774,36.0484372882904,-87.1108324855628,146.705592201569
19.765,1.055255651474,-9.23554611206055,0.774809539318085,40.0105617239231,-2.69510983044335,45.5347948189673,0.962640821933746,-9.67437648773193,-2.17986750602722,39.0207204641211,-84.628174835479,149.947896660952
19.77,0.825596868991852,-9.14294528961182,0.673221945762634,38.2876533359766,-5.66384899186845,45.7821057235297,1.19533181190491,-9.80775165557861,-2.07583355903625,43.8071428646422,-79.0694800209775,154.527333593771
19.775,0.571507930755615,-8.98923778533936,0.589334845542908,37.4375031050797,-8.51338769189849,45.4549601528536,1.50528407096863,-10.0026893615723,-1.9680083990097,48.5663435462262,-71.8067691217737,159.325773712136
19.78,0.313238620758057,-8.78394412994385,0.498816817998886,36.6656405024494,-13.2907489927119,44.6489875855084,1.7612681388855,-10.0950613021851,-1.94659578800201,52.6369313858787,-65.363585300323,164.555157785995
19.785,0.0518256835639477,-8.54420948028564,0.400415480136871,35.9160135806622,-19.853438926523,43.3039901492441,1.93590581417084,-10.0708990097046,-1.99860239028931,55.8993609976516,-59.9321778911939,170.070180370943
19.79,-0.213229149580002,-8.29788970947266,0.293489307165146,35.1683742439234,-27.9039233540286,41.2390873593658,1.98257398605347,-9.90874195098877,-2.09764242172241,58.1116797603862,-55.7176643053509,175.603261976057
19.795,-0.414257347583771,-8.06346797943115,0.252733141183853,34.1034077334405,-36.8785238385004,38.6050385663287,1.84257185459137,-9.72915935516357,-2.1153929233551,59.0796609997496,-52.2043959963093,180.41267137823
19.8,-0.58627462387085,-7.82085943222046,0.233134210109711,32.7955562809773,-45.8628897859381,35.5985907842696,1.60144853591919,-9.59897041320801,-2.05531907081604,59.217917688929,-49.1042960754456,184.709652668112
19.805,-0.732774019241333,-7.59002351760864,0.239514648914337,31.215900865588,-54.3696137745276,32.3042641890728,1.28767716884613,-9.52119731903076,-1.94462656974792,58.5931876063046,-46.5910289325964,188.493850675866
19.81,-0.848864614963531,-7.43739891052246,0.304632663726807,29.2285446284515,-61.2698431193842,28.8702329045926,0.94637542963028,-9.48510074615479,-1.85659861564636,57.1794579764224,-45.3279254644806,191.640669090652
19.815,-0.888094365596771,-7.30862951278687,0.397289723157883,27.3157467362948,-65.7811352548534,25.5909634614211,0.656345725059509,-9.53067207336426,-1.88714158535004,55.1652830015098,-46.5419301177478,194.267122713332
19.82,-0.849361836910248,-7.21644020080566,0.527762949466705,25.6287651433825,-68.5472457554927,22.3959495243036,0.495081603527069,-9.62242031097412,-2.01552772521973,52.9420154455357,-49.6633026627815,196.398332979673
19.825,-0.738259434700012,-7.16226673126221,0.698027729988098,24.2110791264236,-69.623294247904,19.3341311061905,0.479151010513306,-9.75693988800049,-2.22878766059875,50.7520348164816,-54.2754903526702,198.059885778305
19.83,-0.581986665725708,-7.14008665084839,0.907025635242462,23.1143112551651,-68.6228286288481,16.7044007002561,0.608377397060394,-9.95381450653076,-2.48712611198425,49.3350847524057,-59.0042898622585,199.346078700911
19.835,-0.434264302253723,-7.15335512161255,1.1070967912674,22.5654611591249,-66.0276504423775,14.1981370626272,0.792276620864868,-10.0875034332275,-2.71027159690857,48.8888411731721,-61.0836385022313,200.492116141747
19.84,-0.252137362957001,-7.19504261016846,1.39998435974121,22.4457142825963,-61.9487229417484,11.7549032644327,0.954348266124725,-10.152081489563,-2.8608226776123,49.0866093005898,-61.6430378254445,202.171891885085
19.845,-0.0216623395681381,-7.24786376953125,1.81316208839417,22.650242589745,-56.3056752909973,9.36115418677506,1.05853080749512,-10.149715423584,-2.91958379745483,49.8784467914478,-60.7617180262703,204.552499678779
19.85,0.241981610655785,-7.18576526641846,2.26342105865479,22.5599048002351,-48.52129844865,7.05894629258164,1.03216540813446,-10.1312923431396,-2.85398983955383,51.6022396888918,-56.3473975015423,206.984142645952
19.855,0.523603439331055,-7.15916347503662,2.72168707847595,22.4301363286468,-39.3857428488395,4.64001729566188,0.933382451534271,-10.119499206543,-2.77509665489197,53.3912028363016,-51.0989845206561,209.212464541912
19.86,0.791314423084259,-7.1386342048645,3.15289330482483,22.1683129796454,-29.3925750364639,2.2538939107691,0.782465398311615,-10.1337604522705,-2.75413155555725,54.9238938709578,-46.7336023013313,211.236591102446
19.865,1.02712142467499,-7.1099328994751,3.53826808929443,21.7143683621226,-18.8382542498057,-2.28819244919476e-05,0.589855074882507,-10.1863832473755,-2.83013391494751,56.0112770622968,-44.2630067653218,213.031469193677
19.87,1.22400295734406,-7.09013414382935,3.90010905265808,20.9991143673334,-9.22770765831864,-1.78581837890548,0.4029261469841,-10.2883415222168,-2.97121453285217,56.5606701583759,-44.7031851365724,214.358793515464
19.875,1.37234306335449,-7.07155561447144,4.18750286102295,20.3202242996854,-2.39634049411747,-3.05297631134569,0.256758034229279,-10.4020509719849,-3.11596775054932,57.3427097428695,-45.2316710236022,215.761659729471
19.88,1.46880674362183,-7.07115793228149,4.43292951583862,19.4087014040014,4.24817830760153,-4.2165477015552,0.14134606719017,-10.5085115432739,-3.25015807151794,58.4176722352028,-45.4313516039875,217.250900515722
19.885,1.50756311416626,-7.10355377197266,4.65967035293579,18.036202211044,12.7576928553538,-5.60053698024384,0.0506104528903961,-10.59215259552,-3.36180853843689,59.8514928665285,-44.9501101354467,218.840476780881
19.89,1.48146629333496,-7.16808652877808,4.80436325073242,16.5120335449246,19.9068817416838,-6.71218313794879,-0.0390728935599327,-10.6878128051758,-3.42666339874268,61.6217549559908,-43.4374383852478,220.519036750546
19.895,1.43923199176788,-7.2317943572998,4.877516746521,14.706585735953,26.7133155137632,-7.73094598001757,-0.0870911255478859,-10.8052806854248,-3.46326565742493,63.4896750902059,-41.498825793123,222.282632575379
19.9,1.37941515445709,-7.29156255722046,4.88176918029785,12.5975863910195,33.2897238825223,-8.61494577466741,-0.0865739583969116,-10.9585084915161,-3.4830482006073,65.5390323695332,-39.4280661160315,223.903969220178
19.905,1.29884839057922,-7.34317445755005,4.81513500213623,10.1336998083223,39.7600440455454,-9.30120049378798,-0.0251559894531965,-11.1677761077881,-3.4990828037262,67.8890614063136,-37.584113115614,225.086561833452
19.91,1.18417501449585,-7.39495658874512,4.64951467514038,7.3432063861197,45.7609799484269,-9.96380739045467,-0.0421311296522617,-11.3763904571533,-3.53213572502136,69.849837962295,-37.169670897156,225.098405381473
19.915,1.07428395748138,-7.38435792922974,4.46714925765991,4.38336866873042,51.133087655182,-10.4670036483088,-0.137698233127594,-11.5651025772095,-3.51185870170593,71.306246029206,-37.2131860323581,224.551962927116
19.92,0.959423363208771,-7.31940841674805,4.27426385879517,1.28790612614801,55.6630774335041,-10.8337600473027,-0.305527657270432,-11.7077417373657,-3.4374897480011,72.5703637804136,-37.5089605441763,223.358237105494
19.925,0.81649923324585,-7.21618747711182,4.07288837432861,-1.91011981767178,58.8749397397568,-11.1075225669733,-0.541212022304535,-11.751895904541,-3.30929636955261,74.2253732578211,-37.7960846214107,221.216084876103
19.93,0.650866866111755,-7.08602476119995,3.8797824382782,-5.05965600741782,60.1161763572449,-11.0063179464939,-1.04191744327545,-11.7581377029419,-3.08477878570557,75.5091756142167,-38.6987282711738,218.006660947384
19.935,0.521812200546265,-6.97693920135498,3.72796821594238,-8.18781050341055,60.1993065896331,-10.7625570327526,-1.65925633907318,-11.7100830078125,-2.88246488571167,76.2612614041051,-40.9640049056381,214.254838036296
19.94,0.401779294013977,-6.87021017074585,3.5983419418335,-11.3498107211748,59.1990731970089,-10.46012223272,-2.35328936576843,-11.6097011566162,-2.71027326583862,76.3944091117853,-44.8701320353605,210.099460228287
19.945,0.189867615699768,-6.69412755966187,3.42533755302429,-14.6995421033715,56.9389226195167,-10.2531888452098,-3.06876087188721,-11.4639158248901,-2.55087852478027,75.6570082286124,-51.1039910493177,205.716842026592
19.95,-0.0503415875136852,-6.5414891242981,3.24553632736206,-18.3167522312023,53.6881077444274,-10.0054954500538,-3.81415462493896,-11.267560005188,-2.37302541732788,74.4142962902636,-59.3086977331876,201.503954025771
19.955,-0.305087804794312,-6.41558790206909,3.07305717468262,-22.2121183978873,49.7766291614904,-9.88680639907288,-4.54486131668091,-11.035400390625,-2.20517945289612,72.6321223508889,-67.9274675600166,197.36175848286
19.96,-0.564233481884003,-6.32457685470581,2.91205286979675,-26.3700916777809,45.3358348235394,-9.91917637309687,-5.23511743545532,-10.7805700302124,-2.05003309249878,70.2125961393036,-76.5635792371482,193.232950110722
19.965,-0.794230163097382,-6.30321216583252,2.76778507232666,-30.7074410932047,40.6487199584557,-10.0357668484553,-5.80930233001709,-10.5495824813843,-1.89168775081635,66.7330723798565,-84.9224467056799,188.949192067074
19.97,-1.0803234577179,-6.37905025482178,2.65536594390869,-34.5631033702444,36.2441153778221,-10.2467556607853,-6.12972545623779,-10.3841390609741,-1.75870144367218,62.2369842454797,-94.0682885703804,183.635974251343
19.975,-1.37910068035126,-6.52351808547974,2.56769895553589,-37.6417325914522,32.6984788023039,-10.5410480215536,-6.16464328765869,-10.2987279891968,-1.65980780124664,56.8490168394718,-103.777088286852,177.250580660459
19.98,-1.67848384380341,-6.73268127441406,2.50910091400146,-40.0222584228768,30.0026372878457,-10.9474920884936,-5.87448644638062,-10.3126153945923,-1.60659003257751,50.6839651512132,-113.777940062044,169.769966236165
19.985,-1.99806129932404,-7.03647470474243,2.5274338722229,-43.3425670576763,26.2831706904033,-11.7065728458657,-5.10136938095093,-10.5201101303101,-1.65917265415192,44.5401826720301,-122.37879430268,161.395252728759
19.99,-2.35401368141174,-7.4056544303894,2.63800668716431,-46.0859296132848,23.3307667801519,-12.4711476366515,-3.89810180664063,-10.8919696807861,-1.91525685787201,39.832464541315,-126.613224720142,153.758759727226
19.995,-2.7280445098877,-7.83713912963867,2.81562113761902,-48.3496387193346,20.8571625458131,-13.2928962334322,-2.4360077381134,-11.2753953933716,-2.22844338417053,36.5070093589759,-127.2684584276,147.53797369534
20.0,-3.11134243011475,-8.33538913726807,3.05274701118469,-50.1208467899969,18.6980441265236,-14.1881146137938,-0.818985819816589,-11.5759162902832,-2.50878691673279,34.4696732125878,-124.464228641203,142.908307551365
20.005,-3.50103569030762,-8.9476432800293,3.38617134094238,-50.7238637012498,16.1555113306283,-14.9020230613165,0.451528280973434,-11.5330619812012,-2.47096490859985,31.1548287291243,-116.45594112239,135.175932354264
20.01,-3.8658287525177,-9.62565803527832,3.79272270202637,-50.5497109528875,12.9774593145408,-15.5047121234892,2.18007588386536,-11.1917695999146,-2.1185998916626,27.3845028355747,-103.818301648304,126.352079267416
20.015,-4.21033477783203,-10.3444976806641,4.25146770477295,-49.6187425086364,9.06665350523703,-15.8108651077513,3.7721061706543,-10.5447044372559,-1.50515186786652,24.5251158565352,-84.5289458472171,116.272646165823
20.02,-4.53698348999023,-11.086817741394,4.74894046783447,-47.9008269889731,4.30084120053645,-15.6548345588042,4.74604654312134,-9.56730842590332,-0.657185435295105,23.7200004779308,-56.5710008194956,104.730138732689
20.025,-4.80974626541138,-11.7760562896729,5.19526529312134,-45.0173191968797,-0.807273078051912,-14.3550188238996,4.28295803070068,-8.21238422393799,-0.482239484786987,26.1442002464557,-19.153218178097,89.8246852088623
20.03,-5.03535270690918,-12.384880065918,5.54155397415161,-41.3316808188491,-5.19642883800003,-12.0390766999457,2.99612498283386,-6.93202590942383,-0.808474481105804,26.521493066018,14.0144143654639,72.206157603301
20.035,-5.19901418685913,-12.8845548629761,5.76629209518433,-36.6392759722532,-8.3024142474942,-8.76817423850748,1.06281960010529,-5.8818736076355,-1.34922707080841,23.5854303833559,40.5048249481165,52.0881564219195
20.04,-5.27738571166992,-13.2305879592896,5.83310079574585,-30.6055585764502,-9.31764246666749,-4.5457034822814,-1.34396016597748,-5.27518606185913,-1.76083159446716,15.4899537922401,56.7549890402628,29.5467631418823
20.045,-5.26998329162598,-13.8445129394531,5.77588987350464,-21.4091716043443,-7.77944629954018,0.316075674980935,-3.52183079719543,-5.37336111068726,-1.54847609996796,4.56456035391934,60.6908889645772,7.00205465877684
20.05,-5.10627841949463,-14.4195375442505,5.66396713256836,-9.1386368688998,-6.80376871764267,5.21854883251394,-5.11945343017578,-5.74443292617798,-1.34826731681824,-5.8543374182914,59.3307524140176,-12.8286329076208
20.055,-4.76629877090454,-14.8628549575806,5.55725240707397,5.97934994378332,-7.64912970527093,10.0073011813157,-6.07246255874634,-6.27658987045288,-1.31291401386261,-15.9039759540642,53.5130329205271,-29.1454997734279
20.06,-4.20107126235962,-15.0170545578003,5.56252861022949,23.824304296746,-12.5637923225536,14.4407991696857,-6.22803068161011,-6.8204026222229,-1.68215453624725,-26.1567114454678,43.618414492591,-40.3492981256207
20.065,-3.3339204788208,-14.4902830123901,5.81514596939087,41.5880690448184,-23.0775255638427,17.8266434695715,-5.73117256164551,-7.32087326049805,-2.38954663276672,-36.9693721846507,26.9706958247095,-46.5704973839514
20.07,-2.3097665309906,-13.391170501709,6.20215606689453,56.7519905872172,-34.7933763679222,20.3420194333269,-5.00828742980957,-7.81369161605835,-3.0340723991394,-45.9514329432435,8.51595584302641,-50.4615229654188
20.075,-1.17766439914703,-11.7828845977783,6.66670799255371,68.1294157632064,-45.7381056448965,21.9729422486263,-4.20204496383667,-8.26966094970703,-3.52099967002869,-52.253074754524,-8.55646142612553,-52.440068258526
20.08,-0.0178078282624483,-9.76340293884277,7.0915412902832,72.8399035356298,-51.7001675261169,22.5338886096866,-3.56485319137573,-8.58751392364502,-3.70624160766602,-54.0277047499605,-16.6413717145953,-52.5828499480306
20.085,0.930602729320526,-7.7847056388855,7.22996139526367,74.4555916139855,-55.804605783296,22.8236218191839,-3.37464308738708,-8.75033950805664,-3.71117448806763,-55.4580112489583,-22.9341872139208,-51.788154023005
20.09,1.65932786464691,-6.00488662719727,7.12012338638306,70.6070259034935,-54.0184225228784,22.5147487120849,-3.44494843482971,-8.84639549255371,-3.61266326904297,-57.0024228882303,-26.8534983162886,-50.4054778481843
20.095,2.15539455413818,-4.49824094772339,6.7730655670166,60.8588842974029,-45.2552829875629,21.4921037612466,-3.75702691078186,-8.85270118713379,-3.41027998924255,-58.6526307426512,-28.5599715615448,-48.5532705641548
20.1,2.36650109291077,-3.45337891578674,6.20214462280273,45.5491928577377,-28.4785727821111,19.5456313289345,-4.40988397598267,-8.57375621795654,-3.02516436576843,-59.9114619274412,-29.3847920359047,-46.434873732697
20.105,2.37147665023804,-2.93160557746887,5.44934892654419,29.414093547444,-8.3494358310615,17.0000693441422,-5.02766227722168,-8.35804462432861,-2.52161407470703,-60.5701107294839,-27.3630953151686,-43.0893616998601
20.11,2.27147054672241,-2.83768177032471,4.57364463806152,13.7465719122565,12.3714200445802,13.9106970891437,-5.84265422821045,-8.29571151733398,-1.86169815063477,-60.1399044344215,-25.7073157339323,-37.1954514461782
20.115,2.10911202430725,-3.16468262672424,3.59335517883301,-0.914315482559235,32.5825636618996,10.2457311324098,-6.96528911590576,-8.43100833892822,-1.03002643585205,-58.2956030943563,-26.1293155567069,-28.2482878316023
20.12,1.97351491451263,-4.01216173171997,2.5236382484436,-13.9287091517586,50.9165740735872,5.73481849932629,-8.5908899307251,-8.83169174194336,-0.0468792282044888,-54.0512825629754,-33.3983238903255,-16.479648202975
20.125,1.91558718681335,-5.08174800872803,1.52883291244507,-25.2085445848867,67.3040215529562,0.546573615334106,-9.82167053222656,-9.35346603393555,0.349854350090027,-50.4831200235744,-40.188208114046,-7.53016147030764
20.13,1.88625133037567,-6.1593770980835,0.712616562843323,-35.023246384439,80.8650001499905,-5.221843118128,-10.4486846923828,-9.91301727294922,0.110924459993839,-49.5273887284875,-43.8571432644613,-3.57351847492729
20.135,1.85819435119629,-7.18319416046143,0.115206569433212,-43.4174122706013,90.6964017620635,-11.5498242732822,-10.3075695037842,-10.4930963516235,-0.783316731452942,-52.5532991345865,-43.648105324913,-6.33159774031969
20.14,1.77743077278137,-9.06540012359619,-0.70300817489624,-50.0993385243006,91.7275690814387,-18.4092944642668,-9.02857780456543,-11.5369148254395,-1.58299469947815,-63.1997062391821,-54.152850891028,-21.1553566521448
20.145,1.61552894115448,-11.1969013214111,-1.33894515037537,-55.2351490065299,86.5206699903278,-24.6642314420027,-7.40138578414917,-12.58873462677,-2.09650206565857,-78.4047181996277,-77.7625301534847,-39.0059945762706
20.15,1.38358080387115,-13.4798469543457,-1.79109263420105,-59.1055883978389,77.0110864013783,-29.7641236669342,-5.52754545211792,-13.7243509292603,-2.11166310310364,-93.0392317794587,-103.504843776724,-54.912972398475
20.155,1.08612596988678,-15.8456258773804,-2.04699516296387,-61.8566383313583,64.4757836516264,-33.2000947251388,-3.47278308868408,-15.009222984314,-1.42909216880798,-102.985967965857,-122.777322180371,-64.8011465429292
20.16,0.615322113037109,-18.0424919128418,-1.81959056854248,-62.3538897633136,49.1804970809208,-33.2356731805254,-1.46714901924133,-16.1979103088379,-0.0100052272900939,-109.913289256056,-137.880632624076,-74.1216500050853
20.165,0.0701377093791962,-19.8929271697998,-1.39968049526215,-60.979894758928,33.3737727753539,-30.5221995327248,0.19564788043499,-16.9275188446045,1.10847806930542,-107.744028005849,-134.23329794691,-76.9565746616124
20.17,-0.490204513072968,-21.1951961517334,-0.865069508552551,-57.924457445047,17.8934427196543,-25.2374738511162,1.85587871074677,-17.2832641601563,2.00572109222412,-97.942590433665,-114.099594160627,-74.4570532744679
20.175,-0.992462456226349,-21.6536750793457,-0.304688543081284,-53.2967003389453,3.81727447947012,-17.407090562067,3.94086599349976,-17.3434448242188,2.76441884040833,-81.7617903276348,-79.0561543219068,-67.6590342954459
20.18,-1.08179116249084,-20.3206043243408,0.459375590085983,-48.9652368390387,-4.58969929204639,-10.2526245008296,5.12917232513428,-16.2665252685547,2.35324096679688,-62.831661495756,-36.0584674210866,-59.7365066318514
20.185,-0.933694779872894,-18.1098098754883,1.30094921588898,-41.3019011940678,-14.6495639016672,-0.196955148143503,5.74797439575195,-14.7001428604126,1.30241417884827,-44.6644511337893,6.41245181216701,-53.4117924415546
20.19,-0.647191107273102,-15.3743944168091,2.12963843345642,-30.355242388653,-25.6075488682732,11.070287790713,5.7319164276123,-12.8881874084473,-0.0708561018109322,-28.1812785532026,46.330378668585,-49.3618556788576
20.195,-0.376849353313446,-12.6319723129272,2.78609561920166,-16.2535399131436,-35.3573621631631,20.0986990667871,4.85589742660522,-11.1987371444702,-1.25530350208282,-14.9349718938726,80.4801599713953,-48.8222502438591
20.2,-0.0098248124122619,-10.3392333984375,3.21519255638123,-1.99709544656272,-45.5745328595585,24.8839791181695,2.86070585250854,-9.93435955047607,-1.98029553890228,-5.77186459161079,103.918910334778,-49.5791718076799
20.205,0.455280929803848,-8.3063325881958,3.50183367729187,9.64935999521927,-54.0758131873795,26.5934576466605,0.233053803443909,-8.9304895401001,-2.51796984672546,1.33710237791403,121.788966486714,-49.1404038704929
20.21,1.01342129707336,-6.53071355819702,3.67576742172241,17.8392434610429,-58.6050243241362,25.3002006009064,-2.85125470161438,-8.14544773101807,-2.8346962928772,7.24183101091108,134.254895005066,-47.204294542699
20.215,1.65786492824554,-5.09735631942749,3.78241443634033,20.8008937398832,-53.031538734987,20.5192952856873,-6.09928894042969,-7.53772354125977,-2.71359634399414,13.5674536163675,139.434213792308,-43.663428854316
20.22,2.17673850059509,-4.1329174041748,3.75927639007568,21.0112533210358,-36.4984203960946,12.8427355407096,-9.08019065856934,-6.75112247467041,-2.83582353591919,12.032624732501,128.699287436069,-41.3769308221004
20.225,2.59521818161011,-3.45214319229126,3.45632839202881,20.2132652448303,-16.4780089575742,3.78057032353094,-11.4947347640991,-5.93146800994873,-2.54483127593994,4.1641507591111,102.664703188056,-40.2561070245851
20.23,2.90177822113037,-3.01801776885986,2.87838578224182,18.5687401077988,4.4061379581023,-6.11427307376093,-13.1712188720703,-5.1590723991394,-1.77901494503021,-8.81130773688975,64.3462627743955,-40.1735949243167
20.235,3.01745462417603,-2.84305572509766,2.19794607162476,15.0898549710391,21.3831093100188,-15.7715215105847,-13.6075839996338,-4.6629056930542,-0.907428681850433,-22.6961363383256,27.2029871432871,-40.6237317113772
20.24,3.08907508850098,-2.79767322540283,1.06229054927826,10.8180540273063,34.2146510244525,-24.1819108035731,-13.1186609268188,-4.59451580047607,-0.965809285640717,-44.2514774060028,-25.3221477062569,-41.4360870905019
20.245,3.01070976257324,-3.03958487510681,-0.164461851119995,6.12472198253058,45.1066717316018,-31.3384037234467,-11.7719869613647,-4.79711818695068,-1.93423366546631,-62.0775812906299,-66.9920116814808,-42.6509421023208
20.25,2.71127438545227,-3.65033388137817,-1.35028278827667,0.953100711761152,54.7430065560738,-37.1058632699297,-9.59794521331787,-5.23073387145996,-3.71609854698181,-71.4030844512584,-86.7240115521083,-44.0491637876924
20.255,1.95089435577393,-4.77673196792603,-2.41749978065491,-6.06678661044324,63.0130166785982,-40.7360746628456,-6.8683066368103,-5.93895721435547,-5.36585378646851,-66.3386084647207,-70.7234054967613,-43.6662599677269
20.26,0.957036972045898,-6.15519571304321,-3.34523391723633,-15.5536316458722,67.3031472887424,-42.6537049138401,-4.16359853744507,-6.90148687362671,-5.45069980621338,-56.2354609463295,-45.5354675926006,-42.9811919939747
20.265,-0.0280468985438347,-7.58059787750244,-4.08616781234741,-25.9113590976499,66.9984388894898,-43.4398050457952,-1.61593472957611,-7.98976373672485,-4.58916997909546,-45.2063002859301,-20.8373976859023,-42.6530184798285
20.27,-0.867773592472076,-8.94040966033936,-4.59596395492554,-36.1422157855947,61.474202379351,-43.336126189289,0.650561392307281,-9.12871551513672,-3.11359715461731,-35.6796036580151,-2.2714709757113,-43.0181535626682
20.275,-1.41379380226135,-10.1108446121216,-4.71286010742188,-42.5785011159836,49.9234133418485,-42.3060312096135,1.81381297111511,-10.0626010894775,-2.07626914978027,-33.2235700853161,1.02442453528219,-43.5139774850869
20.28,-1.93741834163666,-11.1057262420654,-4.49078798294067,-45.3727827318546,38.7448661990172,-40.9472128855636,1.86054015159607,-10.7326993942261,-1.80854415893555,-34.2138655526979,-4.48268773011204,-42.8457698333008
20.285,-2.49993824958801,-11.8664646148682,-3.99549555778503,-45.9497971129373,24.3346731070023,-38.5917367729201,1.16826772689819,-11.1394052505493,-1.97828495502472,-35.8175222528306,-12.2192912411965,-40.4832176446772
20.29,-3.15251755714417,-12.3320913314819,-3.26258635520935,-45.3077729913344,3.62657346340925,-34.6469746781576,-0.0077702105045318,-11.2669076919556,-2.34792137145996,-35.8172866113043,-17.0899034072008,-35.9005056361517
20.295,-3.86094450950623,-12.3587951660156,-2.51578187942505,-44.1091943203077,-15.3345345452238,-28.9684066286278,-1.01489889621735,-11.0235576629639,-2.80442380905151,-30.1664388845209,-3.47717502814627,-29.9419886231106
20.3,-4.43110370635986,-12.1593780517578,-1.97745728492737,-44.3207799204163,-29.8505870316374,-22.314019697662,-1.98250842094421,-10.6206760406494,-3.20594048500061,-24.1613451039822,11.1288771534134,-25.6127500573261
20.305,-4.80380773544312,-11.7825984954834,-1.68164587020874,-45.7806133271961,-39.6207662430851,-15.2050768472427,-2.9265456199646,-10.1292572021484,-3.39220547676086,-19.3840956475164,21.1404156133354,-23.2133046019007
20.31,-4.88950490951538,-11.2760734558105,-1.68976259231567,-48.381269325381,-43.9020722488216,-8.26153385776438,-3.86523246765137,-9.63168525695801,-3.14529967308044,-17.9169044194533,19.1834007840393,-23.2696656153843
20.315,-4.52571058273315,-10.7989444732666,-1.88606917858124,-50.6384351102059,-41.3003883071667,-3.55155536132088,-4.70030784606934,-9.1353874206543,-2.61497712135315,-19.5774719632978,11.5136242706811,-24.18714102093
20.32,-3.9329137802124,-10.4028043746948,-2.03246331214905,-51.1316055041321,-35.7301846239137,-0.745270114870418,-5.35188913345337,-8.73944759368896,-2.41161870956421,-23.1777756653855,0.663933287386997,-25.2815678448506
20.325,-3.19565892219543,-10.0846118927002,-2.09393095970154,-49.2435499722438,-28.3497212634188,0.302322662200291,-5.94191265106201,-8.38110446929932,-2.54743027687073,-27.6652680066919,-10.6674218891245,-26.2076168453519
20.33,-2.43571996688843,-9.84138202667236,-2.02025437355042,-43.7036586685273,-20.7509838400706,-0.353886961895891,-6.70334434509277,-7.93496227264404,-3.01698851585388,-31.2640946803716,-17.6852790443198,-26.3652661491323
20.335,-1.91558265686035,-9.72862529754639,-1.94243466854095,-34.7007897386281,-16.876220939017,-2.30512758662019,-6.97752475738525,-7.77914619445801,-3.40605068206787,-32.6466752325439,-21.0215037274327,-26.3475913271076
20.34,-1.24866878986359,-9.63167381286621,-1.90700924396515,-25.9082633144086,-15.5598573633006,-4.41155173679318,-6.71042966842651,-7.87763023376465,-3.54739260673523,-33.9847775928411,-24.120369091604,-27.0813722100204
20.345,-0.482610821723938,-9.58018589019775,-1.94567334651947,-18.4498418822746,-16.615147203277,-6.44686870850788,-5.93791484832764,-8.20254898071289,-3.47686123847961,-35.5160035519204,-27.4176838945627,-28.6026414608371
20.35,0.112462945282459,-9.70626735687256,-2.14044308662415,-14.3801709955181,-20.1382817205746,-8.16080564297961,-4.73798513412476,-8.70652389526367,-3.34028577804565,-37.1593573115092,-30.9468255632353,-30.7508162095289
20.355,0.537849307060242,-10.007942199707,-2.26951622962952,-12.7634908321855,-25.7903315606519,-9.038871710788,-3.65360164642334,-9.09735584259033,-3.46747612953186,-36.2688543229959,-28.5535648441033,-31.8084949081674
20.36,0.824897110462189,-10.3684844970703,-2.29549074172974,-12.1700105725612,-32.6501483837369,-9.16998146077463,-2.85054707527161,-9.44112682342529,-3.65238165855408,-32.6982124249262,-20.5240081162146,-31.691971880927
20.365,0.992835283279419,-10.7339067459106,-2.19570589065552,-12.225444387865,-40.1164194107746,-8.53821799085243,-2.39962363243103,-9.75699138641357,-3.80146813392639,-26.749484780513,-7.8172864013157,-30.5254677782426
20.37,1.10005044937134,-10.9689960479736,-1.90181350708008,-12.6129201657062,-46.3041712327397,-6.98038716429545,-2.46545696258545,-10.068244934082,-3.68429732322693,-19.9785440864555,5.37673814812555,-28.9723920440085
20.375,1.17784786224365,-11.0971593856812,-1.55500054359436,-13.1994413163399,-48.8539593970809,-5.55758576253504,-2.89977145195007,-10.1597213745117,-3.46994972229004,-15.8940243684435,12.9918752825578,-27.5074018444054
20.38,1.18523252010345,-11.1529760360718,-1.18560481071472,-14.0824780543168,-49.5718088637546,-3.59052970138545,-3.47389626502991,-10.093710899353,-3.29391980171204,-13.7776629333584,16.9183990646891,-26.4598745144207
20.385,1.10451781749725,-11.1430053710938,-0.815137684345245,-15.264728304359,-48.9359933841073,-0.92294809461819,-4.08078527450562,-9.89589786529541,-3.20314645767212,-13.2261661390149,17.9186051365566,-25.9474156662784
20.39,0.924548625946045,-11.0426969528198,-0.537906229496002,-16.4255821330525,-46.2641019279738,1.69122740925509,-4.45795774459839,-9.6398229598999,-3.19095301628113,-12.4963689639355,17.8147760158886,-25.9006544836732
20.395,0.863543808460236,-10.8843393325806,-0.387108355760574,-18.1848083443633,-41.4778297916144,3.96540890284983,-4.64835071563721,-9.51475715637207,-3.13553977012634,-11.4522473370257,18.12636583073,-26.0428692674766
20.4,0.884258925914764,-10.6631908416748,-0.322262495756149,-20.6665063528686,-34.9968545334861,5.94816970333539,-4.70821142196655,-9.45904922485352,-3.08602857589722,-10.1248120246648,18.4715909121392,-26.3577563561399
20.405,0.971438527107239,-10.3800668716431,-0.325592547655106,-23.9463170885318,-26.9678151924271,7.60900063634981,-4.65565776824951,-9.44187641143799,-3.071852684021,-8.6207326524417,18.5496189932174,-26.8304669184073
20.41,1.12258660793304,-10.1574764251709,-0.375753581523895,-27.4844182578483,-17.7380900669823,8.22872248276528,-4.41299343109131,-9.42477226257324,-3.15024375915527,-8.84885157921002,16.5386986034443,-27.1759788677615
20.415,1.26254630088806,-9.9962100982666,-0.386314988136292,-30.1840129612554,-8.46978717933171,8.32315582445623,-4.03528785705566,-9.37720584869385,-3.28310966491699,-9.40550943524512,13.7947477977935,-27.2574835151273
20.42,1.38363754749298,-9.88891696929932,-0.390005826950073,-31.6561475387303,0.436094958663605,7.94315483488799,-3.55605506896973,-9.36221218109131,-3.37600207328796,-9.58988783056868,11.4834980137995,-27.0167295921681
20.425,1.47859263420105,-9.83305168151855,-0.412455022335052,-31.5160945097992,8.63820683765953,7.10014770120245,-2.99575424194336,-9.431960105896,-3.35130023956299,-8.82139934138845,10.5592658436173,-26.387623065833
20.43,1.58294808864594,-9.69272136688232,-0.531378030776978,-29.7316905136604,16.2465287239606,5.47737458224335,-2.62467098236084,-9.5526819229126,-3.34033060073853,-7.13991263566344,12.0742837637962,-25.3591143975923
20.435,1.6666042804718,-9.58941078186035,-0.642146587371826,-27.5769758588384,24.9592802462216,3.56104078653074,-2.36426901817322,-9.65476226806641,-3.39987587928772,-5.55888349847734,13.8637788121875,-24.2301677976065
20.44,1.70868182182312,-9.49979305267334,-0.795429766178131,-25.1103793985879,34.1417387550626,1.34850751316748,-2.17072129249573,-9.73123168945313,-3.46939969062805,-3.99584081069682,16.0409144167338,-23.046646278605
20.445,1.67974925041199,-9.39561176300049,-1.05815899372101,-22.3813158440068,43.0325652618169,-1.18632371083017,-1.99410581588745,-9.7713623046875,-3.47361207008362,-2.34855008738172,18.7776875473406,-21.8619738727284
20.45,1.62475335597992,-9.38139629364014,-1.2904360294342,-19.880315720907,51.533367476396,-4.02760375165832,-1.937056183815,-9.82268905639648,-3.25220465660095,-0.152354012863319,22.278847638531,-20.6917678075139
20.455,1.54302835464478,-9.42775440216064,-1.50595808029175,-17.6985193660259,59.2033010841051,-6.67249034736091,-2.02426600456238,-9.78878593444824,-3.04118061065674,1.78183125597748,25.0396049784083,-19.2098660595258
20.46,1.44391775131226,-9.49128723144531,-1.69804584980011,-15.6850718062599,65.5998825248488,-9.12875529271808,-2.22709441184998,-9.64736461639404,-2.89496088027954,3.32536553610627,27.0094912991952,-17.5905426129844
20.465,1.34336519241333,-9.49466228485107,-1.85013473033905,-13.5622592575037,69.7970474302,-11.4442013741835,-2.50084543228149,-9.35502338409424,-2.89863586425781,4.27874767300557,28.1680314013073,-16.1838685685149
20.47,1.21430885791779,-9.4340763092041,-1.9529572725296,-11.6666538052616,71.3245987475058,-13.2763014350701,-2.70648980140686,-9.07901954650879,-2.8592700958252,4.86533669864414,29.1282535457736,-15.4491092610035
20.475,1.05155777931213,-9.34607696533203,-1.98999524116516,-10.3203833924907,71.7626939110596,-14.7027010658626,-2.89210605621338,-8.84230136871338,-2.75150060653687,5.64579893632622,30.0317031578587,-14.8818022862787
20.48,0.857144773006439,-9.25027656555176,-1.96532905101776,-9.33455913769432,71.423998490497,-16.0327711236959,-3.06855368614197,-8.65534210205078,-2.6168041229248,6.43647913700664,30.6551013535949,-14.4862984748418
20.485,0.635993480682373,-9.18972110748291,-1.89122760295868,-8.07531814155409,70.5728886180217,-18.1295077177482,-3.24910664558411,-8.5447883605957,-2.58261561393738,6.50015400243091,30.2720062883326,-14.4743251532268
20.49,0.395486533641815,-9.16454601287842,-1.77016234397888,-7.10520033364097,69.8633549066625,-20.1036304633679,-3.50444936752319,-8.36798095703125,-2.62118554115295,5.59850073009753,28.5401281544586,-14.7042685942771
20.495,0.143099620938301,-9.17452430725098,-1.61401259899139,-6.08459632870405,68.9954017876939,-21.9440403031534,-3.69399929046631,-8.22281074523926,-2.64167857170105,4.44946398244181,26.7720773387401,-14.9597518201814
20.5,-0.12046866863966,-9.21504688262939,-1.43172657489777,-5.0148879593898,67.8367353270821,-23.6061736678652,-3.78173112869263,-8.14200210571289,-2.61671590805054,3.33147642097932,25.3980362305776,-15.2832227490841
20.505,-0.399434268474579,-9.26483154296875,-1.25318288803101,-4.24213657839383,66.0698336906915,-24.8931623075086,-3.74011015892029,-8.18037223815918,-2.50936770439148,2.82594487875929,25.1129151063173,-16.0891492126524
20.51,-0.67002660036087,-9.30753898620605,-1.12362766265869,-4.03226663642732,63.9263222536556,-25.6825836189476,-3.68498134613037,-8.25577735900879,-2.44396185874939,2.25641446401624,24.3454391926815,-16.6504353756239
20.515,-0.958406507968903,-9.35478687286377,-1.02228164672852,-4.3093703992625,61.4634243408407,-26.0255905964238,-3.64476442337036,-8.28323078155518,-2.44636726379395,1.60843633844784,23.2474726232236,-16.9668951153435
20.52,-1.27335047721863,-9.40711688995361,-0.94433319568634,-5.05968759704273,58.6255490425921,-25.9175011452611,-3.62792229652405,-8.2362585067749,-2.52303123474121,0.911066660391836,22.004294524464,-17.0519599988141
20.525,-1.60868155956268,-9.43578624725342,-0.901381075382233,-6.26012749461832,54.8903815477952,-25.2917772701124,-3.62027478218079,-8.14876365661621,-2.63744044303894,0.456097941380355,21.7631512807221,-17.0747642929055
20.53,-1.9345395565033,-9.49215507507324,-0.893718183040619,-7.5164934080048,50.6549026962948,-24.0799497396431,-3.60845470428467,-8.2069149017334,-2.67924618721008,0.176709747072071,21.7022362386093,-17.5052984370481
20.535,-2.20533394813538,-9.54614543914795,-0.912071347236633,-8.70532454531231,45.9657012084197,-22.5678209894832,-3.61772274971008,-8.33221530914307,-2.70503807067871,-0.318636328909028,20.8315373835945,-18.1675501638779
20.54,-2.40132164955139,-9.5845422744751,-0.955806314945221,-9.74464540300918,40.8298292544878,-20.8896144821071,-3.6612594127655,-8.48559665679932,-2.74412608146667,-1.24704910847176,18.6177262245262,-18.9586585320419
20.545,-2.65529990196228,-9.6575288772583,-1.07558655738831,-10.3993566009953,35.3854547312194,-19.0465050100521,-3.71524524688721,-8.64234256744385,-2.80250382423401,-2.58091354983237,15.6756768810565,-19.4675093327552
20.55,-2.83067440986633,-9.73174858093262,-1.20625698566437,-10.6735127103168,29.7733239317463,-17.2958882521901,-3.7086169719696,-8.79200744628906,-2.84101963043213,-3.44314702570126,13.8895141112065,-19.7405410221846
20.555,-2.91712379455566,-9.79575538635254,-1.34473741054535,-10.6794250928171,24.2237815707326,-15.7161850254766,-3.67190051078796,-8.9222240447998,-2.8555920124054,-4.03509220030959,12.590902197143,-19.908879572016
20.56,-2.90098881721497,-9.83981513977051,-1.48905467987061,-10.4900615131731,18.9239987370987,-14.3802734483557,-3.62755012512207,-9.02195835113525,-2.84150671958923,-4.5004521983696,11.2777556405258,-20.0704767251366
20.565,-2.77177476882935,-9.87050247192383,-1.5880788564682,-10.2555290387741,14.4300962632563,-12.9958367922764,-3.55280232429504,-9.1463623046875,-2.75299191474915,-4.56837629523126,10.0595803029966,-20.2631836823794
20.57,-2.59486484527588,-9.88815975189209,-1.65021550655365,-10.0312179424681,10.4705254645996,-11.8508341250992,-3.49622559547424,-9.22640037536621,-2.70978403091431,-4.93313742521391,8.24795117282616,-20.2482102001714
20.575,-2.38405013084412,-9.8969554901123,-1.67464506626129,-9.89110002673988,7.07970451812978,-10.9613232215628,-3.45185232162476,-9.23353672027588,-2.69910645484924,-5.42802774615047,6.44506938054841,-20.1480062024054
20.58,-2.15404891967773,-9.90144824981689,-1.65743672847748,-9.93459125627994,4.34462612821081,-10.3671292071703,-3.41312384605408,-9.12631416320801,-2.70741033554077,-5.85360402672927,5.40821891689697,-20.1098613034382
20.585,-1.93713247776031,-9.88405132293701,-1.57024395465851,-10.2339277117503,-0.576484561174325,-9.63117803164869,-3.43349862098694,-9.04489803314209,-2.65039587020874,-6.23307354220273,4.80148851716968,-20.378733407663
20.59,-1.71149015426636,-9.87401485443115,-1.4377156496048,-10.7446790126001,-5.850220948656,-9.06281067005525,-3.50396227836609,-9.00272369384766,-2.57106804847717,-6.81025867801465,3.41920315723555,-20.9002576243813
20.595,-1.47779941558838,-9.87405395507813,-1.27619206905365,-11.3465766266028,-11.1763341615402,-8.62635987454415,-3.61286592483521,-8.98447608947754,-2.51281332969666,-7.58987952176836,1.53439473996737,-21.5425515384563
20.6,-1.23879313468933,-9.88729381561279,-1.11098730564117,-11.8260098025608,-16.1844320591214,-8.23557145495551,-3.74313187599182,-8.96224784851074,-2.55552887916565,-8.57652083794421,-0.261596858861297,-22.0741605294841
20.605,-0.996472120285034,-9.92434692382813,-0.946651339530945,-12.1850224745833,-20.6593688051859,-8.0667163720681,-3.79946613311768,-8.9859561920166,-2.63516759872437,-9.280149850766,-1.21028113295252,-22.7605484372934
20.61,-0.757007956504822,-9.96261596679688,-0.808221340179443,-12.3854577908719,-24.4615916821595,-7.9120271015193,-3.76814651489258,-9.07680606842041,-2.66391158103943,-9.78428099076276,-1.78212719526761,-23.5099602081218
20.615,-0.516934216022491,-9.99513339996338,-0.697318613529205,-12.4563235648317,-27.4314791691388,-7.77029640737331,-3.67194366455078,-9.21963882446289,-2.63473296165466,-10.2120301252713,-2.1845145567274,-24.2489047140472
20.62,-0.263866722583771,-10.0093212127686,-0.612058222293854,-12.4841010904125,-29.0797523724773,-7.71473964866442,-3.57619261741638,-9.3673620223999,-2.55385255813599,-10.8842334377218,-2.83424462581791,-24.7959977439233
20.625,-0.0007266026805154,-10.0264110565186,-0.548837065696716,-12.390762286536,-29.2677089331523,-7.76840956761509,-3.53387594223022,-9.41095161437988,-2.54682946205139,-11.1784643267876,-3.37600690649027,-24.8485031156205
20.63,0.233696117997169,-10.051173210144,-0.515215992927551,-12.1518866655986,-28.4518599122672,-7.84834924788727,-3.47903180122375,-9.38427448272705,-2.56947684288025,-11.3061188548279,-3.44015582973162,-24.8103291883493
20.635,0.423120111227036,-10.083402633667,-0.509638726711273,-11.8044708010132,-26.6960505030887,-7.98999200334771,-3.40380477905273,-9.31675624847412,-2.60354256629944,-11.304704151896,-2.99129308639472,-24.8654163715527
20.64,0.530355930328369,-10.1173715591431,-0.517281174659729,-11.5455767493921,-23.8417349395079,-8.44165192259314,-3.33749842643738,-9.31185722351074,-2.60803985595703,-11.1378468993409,-2.23386907678309,-25.4682539903399
20.645,0.680360317230225,-10.1576700210571,-0.545224964618683,-10.9406251870568,-20.0674304607668,-8.95589601142975,-3.26149868965149,-9.35376358032227,-2.60010480880737,-10.541616634802,-1.25541886496937,-26.2475393010507
20.65,0.821475148200989,-10.1982612609863,-0.590640187263489,-10.0052717613585,-15.7512921978105,-9.64914911312865,-3.23254489898682,-9.38711452484131,-2.61330962181091,-9.85528849114786,0.0127532796927062,-26.989635939278
20.655,0.935586869716644,-10.2363901138306,-0.648273646831512,-8.7254505514754,-11.05574631797,-10.556660126449,-3.2581045627594,-9.39607620239258,-2.65977883338928,-9.24596304642279,1.54612644364051,-27.6238582773014
20.66,1.0220695734024,-10.2665348052979,-0.679513931274414,-7.02819336584366,-6.37574167981231,-11.5955045784512,-3.2301230430603,-9.40836143493652,-2.73889827728271,-9.13996277937242,2.88718798339562,-28.1815329777492
20.665,1.05136132240295,-10.2631206512451,-0.711676061153412,-5.28799904976828,-1.70491372096962,-12.6278133931914,-3.1237850189209,-9.46443271636963,-2.77668046951294,-8.76425883256577,4.03028886977578,-28.9241743235628
20.67,1.04925835132599,-10.2340049743652,-0.750474870204926,-3.67663533493086,2.8773414119334,-13.5912252360001,-3.02237820625305,-9.53918933868408,-2.77820539474487,-8.14441404274523,5.36099840407008,-29.6687059242292
20.675,1.02781271934509,-10.182183265686,-0.798105895519257,-2.30438928585959,7.25759508751547,-14.4332825465041,-2.97146081924438,-9.61546230316162,-2.74829769134521,-7.30893078931728,7.05160170478976,-30.2976980448956
20.68,0.990291237831116,-10.1126108169556,-0.833163022994995,-1.3958247158598,10.2369825138566,-14.8710857194709,-2.99491858482361,-9.6039981842041,-2.7618088722229,-6.77218037339183,8.35273054356239,-30.4349233755104
20.685,0.892228782176971,-10.0508680343628,-0.849028766155243,-0.182033092457516,14.6171666068865,-15.6603021252348,-2.95649862289429,-9.5527172088623,-2.82401847839355,-6.46156556805446,9.67700177079031,-30.4566365468818
20.69,0.76177579164505,-10.0045614242554,-0.864356577396393,1.16801613581189,19.4705777952398,-16.5934289092636,-2.88716959953308,-9.49936485290527,-2.89597177505493,-6.11776073910587,11.0494633977073,-30.5121523244557
20.695,0.619354486465454,-9.98069095611572,-0.893960237503052,2.52817958024141,24.0879205704045,-17.5141230414557,-2.80968832969666,-9.47385883331299,-2.94726014137268,-5.53233241873938,12.4929999731274,-30.7223821320141
20.7,0.463836312294006,-10.0034732818604,-0.954531908035278,3.3672373704828,28.4725366024321,-18.5164720851753,-2.84843444824219,-9.51792240142822,-2.92161560058594,-4.82530965567375,13.0141348690629,-31.5562150409839
20.705,0.313284784555435,-10.0251026153564,-1.03691565990448,4.28306862142925,32.4449865765426,-19.5255881388151,-2.9316029548645,-9.54664516448975,-2.95937013626099,-4.3237927705818,13.1310403868968,-32.1664787829462
20.71,0.158080741763115,-10.0540914535522,-1.11721158027649,5.2459767377866,35.7728664760371,-20.4898879062158,-2.99301862716675,-9.55126953125,-3.03748416900635,-3.9991188746116,13.1522276337022,-32.6063293051166
20.715,-0.0142192775383592,-10.1017017364502,-1.16523087024689,6.22227159803035,38.1146070782597,-21.3411087692651,-2.94786429405212,-9.51893615722656,-3.13011598587036,-3.82887854398315,13.4579486084992,-32.9294348188987
20.72,-0.126512289047241,-10.1379079818726,-1.24279737472534,6.9724948807095,39.2895498796636,-21.959630209934,-2.85489225387573,-9.54427337646484,-3.11569571495056,-3.50351074348196,14.6383794669013,-33.5182381064888
20.725,-0.242525443434715,-10.158371925354,-1.34377646446228,7.26365944172479,40.2394550233886,-22.4741944638879,-2.72288823127747,-9.61406707763672,-3.10603713989258,-3.08450361078083,15.45312882733,-34.2117311185823
20.73,-0.360736131668091,-10.1569414138794,-1.45636022090912,7.20633793288911,41.0316306086104,-22.8646405202444,-2.6177670955658,-9.69619655609131,-3.10385370254517,-2.50299133668628,16.2039885982624,-34.8084881614609
20.735,-0.471782714128494,-10.1201086044312,-1.56004273891449,6.99787500989162,41.6778792022149,-23.0661669592529,-2.66632580757141,-9.7324914932251,-3.10330486297607,-1.60491334821829,17.5866101315698,-34.9336069817718
20.74,-0.55225533246994,-10.0805740356445,-1.59741878509521,6.86289425019289,41.7628604158682,-23.0440952029501,-2.80513644218445,-9.61702919006348,-3.1463475227356,-0.276826686606544,21.2458498284583,-34.3988885471244
20.745,-0.644637048244476,-10.0481662750244,-1.64979088306427,6.77046941100474,41.4529986388868,-23.0736306484685,-2.90888381004333,-9.47854614257813,-3.16249871253967,0.814349687640574,24.2189440892529,-34.0850891660865
20.75,-0.74880713224411,-10.022873878479,-1.71251940727234,6.73328372672908,40.7494925694701,-23.1188140573754,-2.95562863349915,-9.35696125030518,-3.14040327072144,1.46899055602262,25.843759007887,-34.2024523065948
20.755,-0.850037455558777,-10.00172996521,-1.74348437786102,6.80449741344975,39.5595404273651,-22.9763875377077,-2.92193627357483,-9.32312202453613,-3.06918048858643,1.30919892072041,25.1488880051285,-35.0815078980592
20.76,-0.902794182300568,-9.9713077545166,-1.78651583194733,6.94660675620786,38.056605111828,-22.6921662908706,-2.85310864448547,-9.33080291748047,-3.09026622772217,0.975108008153757,24.5543456510882,-35.6681767515337
20.765,-0.937922358512878,-9.94641017913818,-1.80323231220245,7.05084141935777,36.2135127152459,-22.5271028167462,-2.75755381584167,-9.35064792633057,-3.12615060806274,0.80136437745047,24.4092263293403,-36.1285212563088
20.77,-0.968416035175323,-9.92877769470215,-1.7879832983017,7.10495444683085,34.0617606549763,-22.5447912991492,-2.62847542762756,-9.38865089416504,-3.14339399337769,0.836182173879109,24.7185143704314,-36.5618250421598
20.775,-1.02406859397888,-9.91172409057617,-1.75278007984161,7.16056670082674,31.7755016793817,-22.7810680331074,-2.42574858665466,-9.5021505355835,-3.06345629692078,0.969914823228725,25.1563465717021,-37.2653584323332
20.78,-1.10417914390564,-9.90568828582764,-1.76243197917938,7.11330947573307,30.2509522302161,-22.9353124875866,-2.31303334236145,-9.59329509735107,-2.97717595100403,1.22876522567216,25.2647450889248,-38.0078614668162
20.785,-1.16805827617645,-9.92702388763428,-1.80785155296326,7.11222859829691,28.7776838413389,-23.1355172849907,-2.3401415348053,-9.61494541168213,-2.93730592727661,1.59851730294739,25.535317910253,-38.551438656817
20.79,-1.19741141796112,-9.98223972320557,-1.88706254959106,7.24331572328191,27.1365977045545,-23.3954247659299,-2.51940536499023,-9.54973888397217,-2.97184586524963,2.19640869083674,26.3305926938107,-38.7541381808155
20.795,-1.16183376312256,-10.0715942382813,-2.00030040740967,7.77308653964926,25.515732342808,-23.4614983084133,-2.77754020690918,-9.40580272674561,-3.14812278747559,3.97171017924599,29.1583336988783,-38.1843296493072
20.8,-1.01400864124298,-10.1513423919678,-2.07046508789063,8.52962049023467,24.2609839035943,-23.2956305795141,-2.91309905052185,-9.31027317047119,-3.24426817893982,5.83459390272184,32.9508508770412,-37.8059235089101
20.805,-0.80491304397583,-10.195258140564,-2.09615731239319,9.25201800912201,23.3054626368243,-22.9850772458793,-2.9726927280426,-9.23458194732666,-3.32041239738464,7.17969848757877,36.0732855164909,-37.8012960557475
20.81,-0.562182605266571,-10.1878852844238,-2.06945490837097,9.76995808407325,22.6317054563376,-22.5568687811491,-2.98519325256348,-9.16793823242188,-3.40909004211426,7.69548961426239,37.6547782527669,-38.259991069838
20.815,-0.360248863697052,-10.1360235214233,-1.90551722049713,9.53035077912097,22.2616987410724,-21.8132814541354,-3.10344219207764,-9.16765689849854,-3.54467272758484,8.04304464395213,38.2212775576224,-38.6874140628137
20.82,-0.252577573060989,-10.1484375,-1.64147233963013,8.95991130888807,21.7871850088641,-21.2801032271459,-3.24162793159485,-9.1955451965332,-3.70674395561218,7.9990462728662,38.2308125017037,-38.9894484430062
20.825,-0.205175057053566,-10.2056846618652,-1.33532786369324,8.20875698604769,21.1534766425757,-20.8498781490632,-3.27914810180664,-9.26423740386963,-3.83781003952026,7.62969781708224,37.8064255278141,-39.4462822305479
20.83,-0.194674998521805,-10.2950372695923,-1.03067564964294,7.38530511084272,20.3073049968704,-20.4433862707991,-3.11385059356689,-9.38629150390625,-3.89021277427673,6.96776967046432,37.0194647920236,-40.2903911591239
20.835,-0.171890214085579,-10.3756771087646,-0.849078476428986,6.74250533588224,20.3156890540765,-19.9848381057757,-2.8331983089447,-9.64467620849609,-3.86322283744812,6.75211327761034,36.5067873778279,-41.5846676106118
20.84,-0.146724313497543,-10.4286346435547,-0.706965982913971,6.26787975932629,21.0998050160778,-19.4065294038453,-2.6475133895874,-9.87063121795654,-3.79020023345947,7.11466569517014,36.7210333366182,-42.6170507036592
20.845,-0.104187719523907,-10.4725866317749,-0.571335971355438,6.05475437844662,22.5852021133736,-18.825734513057,-2.55070757865906,-10.0358152389526,-3.68511128425598,7.90585175673596,37.9204077246833,-43.3509340394095
20.85,-0.0241110753268003,-10.5303010940552,-0.401222914457321,6.24049795783053,24.7322806167035,-18.3896098590788,-2.54196882247925,-10.0999431610107,-3.5630362033844,8.97071666815503,40.505084495305,-43.7173429525295
20.855,0.0647779554128647,-10.5609245300293,-0.229147642850876,6.80758508584142,27.2967075839834,-18.1632181163968,-2.53495335578918,-10.1284341812134,-3.34987998008728,9.88415543190127,43.3827797964147,-44.5310063128802
20.86,0.152990877628326,-10.5762977600098,-0.0928222164511681,7.41556028754494,30.317799291623,-17.8862949266878,-2.51149725914001,-10.1249322891235,-3.07874202728271,10.1576712109881,45.0122170455696,-45.475744418498
20.865,0.238322198390961,-10.5697650909424,0.0115138245746493,8.08908011895802,33.7446657076639,-17.6377853239261,-2.5398006439209,-10.0882501602173,-2.81342482566833,10.0811594319056,45.8086785744957,-46.4017439001279
20.87,0.317288547754288,-10.5251598358154,0.091587983071804,8.91759828697984,37.5194585449306,-17.5976647927414,-2.75644516944885,-10.012261390686,-2.67194581031799,10.2184701398849,46.6335741809364,-47.0564585132086
20.875,0.429688841104507,-10.4838466644287,0.180014953017235,9.9214346043912,41.0261015704773,-17.8876404739543,-2.96629738807678,-9.9384937286377,-2.54045271873474,10.1681401834384,47.8686055715636,-48.2162280493714
20.88,0.508146286010742,-10.4697742462158,0.268698394298553,10.8995962407125,43.7216186509499,-18.1864527124059,-3.20178961753845,-9.85266017913818,-2.37064599990845,9.98429198154918,48.6867495360098,-49.6852753813415
20.885,0.534812271595001,-10.4777126312256,0.354755073785782,11.9954778949262,46.0329956472172,-18.5462465873147,-3.42652821540833,-9.76492786407471,-2.17993950843811,9.62796528141785,48.9434826865322,-51.4642971884142
20.89,0.477555900812149,-10.4857397079468,0.432502746582031,13.7100116171767,49.3648780375653,-19.2410936844111,-3.5218677520752,-9.70989990234375,-2.03465676307678,8.95045832707678,48.4680434636914,-53.6546910439132
20.895,0.320934921503067,-10.5508041381836,0.527666509151459,15.6311918589922,52.7544550358325,-20.0274414107237,-3.67978596687317,-9.75161933898926,-1.90786385536194,8.27296588688769,46.8789214061125,-56.1893776599995
20.9,0.0937537997961044,-10.675518989563,0.605644285678864,17.7946081748169,55.9336519623796,-20.8942692560264,-3.91595959663391,-9.81981658935547,-1.86505138874054,7.54346582503718,45.0079379320546,-58.6605127809534
20.905,-0.18686044216156,-10.8643932342529,0.656634628772736,20.2766306173078,58.8120132069335,-21.8040794817761,-4.21563863754272,-9.90682697296143,-1.90264570713043,6.70015730925452,43.1178811547395,-61.0412093671072
20.91,-0.469785958528519,-11.135853767395,0.669499695301056,23.3980851246116,61.2354804376699,-22.5928997365682,-4.49430894851685,-10.047158241272,-1.93847978115082,5.5066760937827,41.603238894965,-63.6138410991275
20.915,-0.758620858192444,-11.4076948165894,0.608903527259827,26.8962467627564,63.3505782877585,-23.0372001269829,-4.59885787963867,-10.2545347213745,-1.8288779258728,4.33144685132045,39.7579061963352,-66.39490288386
20.92,-1.03200578689575,-11.6327781677246,0.511689722537994,30.6043701235346,65.0837046387034,-23.0974765464083,-4.64232873916626,-10.4701623916626,-1.68130326271057,2.98483855762906,37.6857531606529,-69.3485908696753
20.925,-1.27664768695831,-11.795018196106,0.39710408449173,34.4376840216101,66.3790636751747,-22.7478033043022,-4.67920017242432,-10.6643781661987,-1.53959822654724,1.42956531675113,35.5731790654626,-72.4188292034877
20.93,-1.4488023519516,-11.907057762146,0.326947778463364,38.1241215317735,67.0880851223462,-21.9854585702804,-4.8497052192688,-10.7595071792603,-1.46847295761108,-0.0683215018135648,34.6824472656121,-75.2124107249688
20.935,-1.62334930896759,-11.9706707000732,0.304088413715363,41.7296896021641,67.4036057110549,-20.7475260568033,-5.03826951980591,-10.7991428375244,-1.45735788345337,-1.01865900184905,35.4072703554284,-77.9456270345653
20.94,-1.77415335178375,-12.0261497497559,0.294817268848419,45.2637865730796,67.3587655191538,-19.177321915678,-5.20160818099976,-10.8300952911377,-1.44208693504333,-1.76222381058279,36.2808310597055,-80.7710440677678
20.945,-1.89205288887024,-12.0968904495239,0.280657231807709,48.7479309555002,66.9150900910481,-17.3267094808197,-5.32090997695923,-10.8772735595703,-1.38669073581696,-2.46225950357091,36.5159500765994,-83.7157981661487
20.95,-2.08416557312012,-12.229341506958,0.235663369297981,52.5518306439149,65.4251867764474,-15.0999346227068,-5.49402713775635,-10.9530191421509,-1.25745141506195,-3.02654881534303,35.7295289257533,-85.7266809898813
20.955,-2.2075731754303,-12.3772706985474,0.160670235753059,57.0392785889917,63.0585945309297,-12.4512384889946,-5.69610023498535,-11.0001659393311,-1.1711608171463,-3.94123131384845,34.5433846141106,-88.5457527773449
20.96,-2.22609901428223,-12.5272216796875,0.0716657117009163,62.0599594025713,59.763048746966,-9.2941235640342,-5.95888710021973,-11.0579776763916,-1.07188725471497,-5.12322842000454,33.5820013374855,-91.6015794120086
20.965,-2.10452842712402,-12.668607711792,-0.0194830149412155,67.5268906255737,55.4400751721978,-5.52861551517043,-6.31138181686401,-11.1583604812622,-0.914318919181824,-6.52278199226434,33.3561713778627,-94.4538459188384
20.97,-1.78316688537598,-12.6774492263794,-0.0415404215455055,72.5341842683801,49.6228611127059,-0.784271668969954,-6.39300632476807,-11.297905921936,-0.75990617275238,-9.05335512692302,32.9397654800183,-97.5424984426532
20.975,-1.4201831817627,-12.5581340789795,0.0526525899767876,76.4781404008205,43.5784476406627,3.54301613075449,-6.26319408416748,-11.4487247467041,-0.591914355754852,-12.008996546841,32.2603358274259,-100.594131341167
20.98,-1.04651844501495,-12.3353357315063,0.257866412401199,79.3309328322164,37.871462589091,7.15367205174643,-5.96094608306885,-11.5936040878296,-0.426739633083344,-15.0641649220234,32.0495800953014,-103.407014977242
20.985,-0.700226128101349,-12.0320949554443,0.576070547103882,80.9736274785503,33.2372714447911,9.61618064377864,-5.5219988822937,-11.7104616165161,-0.285198867321014,-17.8174995538202,33.2628709938004,-105.709321482292
20.99,-0.435364753007889,-11.6934566497803,0.973434269428253,83.6860526923133,25.4037957875952,13.0520620557503,-4.98649930953979,-11.7129354476929,-0.264455199241638,-20.6454437570156,35.7581405881865,-107.225705440304
20.995,-0.191810607910156,-11.35866355896,1.3009546995163,86.9359181711079,18.2452042920991,15.9448614664359,-4.39451360702515,-11.7122449874878,-0.333181321620941,-23.0326426832592,38.1667965537078,-108.448698622519
21.0,0.0317706018686295,-11.040431022644,1.51633429527283,90.9504301576746,12.4711058017429,18.3354823174537,-3.74849820137024,-11.7228956222534,-0.520683586597443,-24.7303476731684,40.9664262076989,-109.24149917005
21.005,0.229475855827332,-10.7604684829712,1.54331064224243,96.2966446172862,9.16395552637939,20.4081954286479,-3.04320406913757,-11.7618570327759,-0.898290276527405,-25.2489195406179,45.2471550624506,-109.247796604465
21.01,0.378424227237701,-10.5566673278809,1.4450808763504,102.781103271891,7.51685711557811,22.1195129855729,-2.4176390171051,-11.8568887710571,-1.36895513534546,-24.6269983732897,50.938662905363,-107.836843446481
21.015,0.517566442489624,-10.4463472366333,1.34095478057861,110.325614115871,5.67121748532242,23.7859049732322,-2.08541297912598,-11.9163064956665,-1.58205115795135,-24.0371620195876,55.4994568368419,-106.282948089546
21.02,0.67239636182785,-10.3903818130493,1.23397970199585,119.231265548219,2.93626331946899,25.4445617716564,-2.20744919776917,-11.8974561691284,-1.48405170440674,-23.8767806401392,58.1592042166311,-105.068007700362
21.025,0.904340505599976,-10.2735948562622,1.08937609195709,130.526076171103,-2.10252091050575,27.0878916255832,-3.21550917625427,-11.7024841308594,-1.01846182346344,-24.9144827430028,57.4282783527914,-105.161362725938
21.03,1.25511276721954,-9.98843574523926,0.631036341190338,141.868301967204,-7.40098978649801,28.675524701923,-4.79480457305908,-11.1120491027832,-1.05343639850616,-25.6536663055491,58.3529493626277,-105.979325690371
21.035,1.60775053501129,-9.62458038330078,0.101911075413227,151.902027442871,-10.6464335715787,29.917980508178,-6.14039754867554,-10.4708318710327,-1.4275826215744,-27.4587879729878,59.1748874971579,-107.581961277223
21.04,1.92197847366333,-9.23952484130859,-0.436463922262192,160.247207212306,-11.0546142141151,30.8352339325757,-7.08890533447266,-9.81043529510498,-2.13157248497009,-30.7190694902667,58.2848592067919,-109.904485142216
21.045,2.12680768966675,-9.01190567016602,-0.939872562885284,166.486325471924,-7.27846131542986,31.8099838894065,-7.68280982971191,-8.93365573883057,-3.28326749801636,-35.8864286162723,49.9314968707313,-112.584419146097
21.05,2.38849472999573,-8.76693820953369,-1.61225044727325,169.421134814874,-1.78837852590547,34.4114560951972,-7.03285312652588,-8.42443943023682,-4.07565259933472,-41.7326880552097,39.0571492780594,-114.082184008433
21.055,2.6350884437561,-8.64453983306885,-2.11827898025513,169.733738912807,3.16278504918858,37.7126026342803,-5.72951459884644,-8.2713794708252,-4.63514471054077,-47.6286712713048,27.3009952352349,-115.372249648297
21.06,2.84513783454895,-8.70015811920166,-2.32463765144348,167.813841039008,6.84040072970874,41.2812501171123,-3.99419331550598,-8.4825963973999,-5.0121431350708,-53.2147278236214,15.6286749342831,-116.87250069949
21.065,3.04867148399353,-8.96197032928467,-2.12847661972046,165.558485254313,9.69751282886786,44.0345130319228,-2.1376006603241,-9.06537246704102,-5.32042741775513,-57.3314057797931,7.47808213165994,-119.297982836032
21.07,3.21012711524963,-9.33798980712891,-1.74428308010101,164.461638835879,12.390624828979,47.0934098366184,-0.499498873949051,-9.76635646820068,-5.65225267410278,-60.1176175271597,1.95199399992583,-121.154715120387
21.075,3.21893644332886,-9.7783374786377,-1.18559288978577,165.254514515491,13.5569761061807,50.5335814611625,0.916092276573181,-10.4736614227295,-5.99406909942627,-61.9237722607104,-3.11711989850175,-122.153398060069
21.08,2.99957585334778,-10.2524471282959,-0.476192206144333,168.224157823207,12.4639144663205,54.3723492652901,2.09075593948364,-11.1218643188477,-6.33703088760376,-62.8807637256992,-8.79459853285896,-122.059373675955
21.085,2.39568471908569,-10.6196537017822,-0.0901346430182457,169.702019514301,10.3966868508035,57.8215401546332,2.95368504524231,-11.5899610519409,-6.64062309265137,-62.9960231679432,-14.1219983826281,-120.254482527401
21.09,1.67330610752106,-10.9114360809326,0.0709472894668579,169.681720192088,6.91682286255837,63.1212137052404,3.62872862815857,-11.893985748291,-6.86095666885376,-62.4997826039851,-16.9444596514673,-117.023516182039
21.095,0.941440939903259,-11.1811933517456,0.0723001956939697,167.638004649015,2.69843143681409,69.0006405427873,4.1754937171936,-12.0457057952881,-6.95448446273804,-61.4552964157284,-18.2077185063868,-113.134379147877
21.1,0.286264032125473,-11.4700775146484,-0.0439243093132973,163.028979336712,-1.76716737343799,74.4839300688519,4.63356924057007,-12.0451622009277,-6.8787841796875,-59.879312227018,-18.5690474663115,-109.157952296123
21.105,-0.0796656832098961,-11.8438673019409,-0.267676413059235,154.503947026053,-4.86537042270316,78.6411042166126,5.08983612060547,-11.7279739379883,-6.67676496505737,-58.5838780584659,-19.137981733606,-106.7342869899
21.11,-0.287597715854645,-12.2979497909546,-0.363991290330887,144.252529761159,-7.72122235196041,81.2266996476777,5.46565437316895,-11.3587942123413,-6.55833005905151,-57.1023314803146,-20.2540756251211,-103.276899873553
21.115,-0.333297580480576,-12.7637786865234,-0.354873716831207,133.476226118928,-11.1419723335996,82.1893874904343,5.74268865585327,-11.0085048675537,-6.47790575027466,-55.5848444467508,-21.2473439323392,-99.0051151515197
21.12,-0.1989656239748,-13.1561326980591,-0.25986048579216,123.64420978983,-16.1853131535243,81.3398622218464,5.89030265808105,-10.7676134109497,-6.38115644454956,-54.2173347069821,-21.2665589620217,-94.1318639711749
21.125,0.103625126183033,-13.3498258590698,-0.257687568664551,117.25318812307,-22.3779468531987,78.7713149429498,6.00472211837769,-10.3082151412964,-6.11994123458862,-49.186330062472,-14.1130866933085,-87.6565646002468
21.13,0.406835675239563,-13.3413467407227,-0.344896644353867,113.098199635844,-27.9697834531004,75.8095400131571,6.00388145446777,-9.63078594207764,-6.0909538269043,-42.3207810031261,-0.671711538830319,-79.9990072953137
21.135,0.687820136547089,-13.1753787994385,-0.478625535964966,110.845084153197,-33.0966993214831,72.7002261671031,5.84831619262695,-8.75358390808105,-6.29350519180298,-34.8134298033254,16.3930499420357,-71.2643154978913
21.14,0.918598115444183,-12.9203796386719,-0.582922458648682,110.187733087096,-38.1514217978861,69.753860144078,5.45560359954834,-7.69012260437012,-6.70890188217163,-28.6641490218604,32.5071856942193,-61.4941260411599
21.145,1.07058727741241,-12.6497707366943,-0.627107679843903,110.137565347643,-43.581572452208,66.9622730378346,4.90001249313354,-6.75377893447876,-6.33959150314331,-21.2437205169845,41.4648524321914,-50.2267557032672
21.15,1.2083877325058,-12.2590065002441,-0.665611684322357,110.123706893817,-49.1596581737631,64.309967149146,4.25398874282837,-5.97423458099365,-5.41454839706421,-11.0053352530271,51.2276072280112,-37.7142794457215
21.155,1.32284688949585,-11.7672872543335,-0.691592514514923,109.955773032694,-54.7854698421438,61.8421310095612,3.51102614402771,-5.30553340911865,-4.23579502105713,0.924344121251518,62.4405375431244,-24.3421658245218
21.16,1.36172544956207,-11.2593097686768,-0.664215087890625,109.273505436501,-60.2545696502077,59.7125668188105,2.61703872680664,-4.61326599121094,-3.57561373710632,10.859021501948,74.2170335968445,-11.0619720353985
21.165,1.29879248142242,-10.8197860717773,-0.485319316387177,108.220385889133,-65.1045503760503,57.3894487273599,1.83103859424591,-4.03265953063965,-3.4078516960144,13.8876349554111,73.0858313268853,1.11695641634123
21.17,1.22509610652924,-10.4140357971191,-0.243754059076309,106.937997381896,-68.7282525986872,55.0181948777336,1.34049487113953,-3.65453934669495,-3.17223381996155,14.6535083359129,64.1654471764978,12.3582796143907
21.175,1.16764736175537,-10.0350732803345,0.0296783670783043,105.381930024805,-70.7497017250658,52.6721649167122,1.17343819141388,-3.4931640625,-2.76667356491089,14.8457815761433,50.3114022376511,22.6855751583215
21.18,1.16145157814026,-9.684983253479,0.280082702636719,103.203372887138,-70.0214601255699,50.5482595376888,1.27321016788483,-3.52425408363342,-2.27504014968872,17.7037803192341,39.7309132887353,32.0452121893272
21.185,1.2013213634491,-9.3776273727417,0.510293364524841,100.83744316997,-67.8811452170656,48.9835041799739,1.33856523036957,-3.56615138053894,-2.09366965293884,20.4232969769028,34.0965297329463,38.6746552694441
21.19,1.26734864711761,-9.11465263366699,0.805566370487213,97.8142921602955,-64.2343228040882,47.1246852728279,1.42402136325836,-3.62744855880737,-2.09932589530945,23.2406953680197,27.7475649560013,46.2954593264533
21.195,1.35028076171875,-8.89158630371094,1.17706859111786,94.1432498965213,-59.1239752670846,44.791332142906,1.57769978046417,-3.72316908836365,-2.24762272834778,26.0865175913676,18.6450965000777,55.8265955773288
21.2,1.42430555820465,-8.65702533721924,1.46341419219971,91.3554398848889,-53.5302757330868,42.9595232188328,2.02962136268616,-3.94502639770508,-2.47561502456665,27.7306243793124,6.22331320187878,64.1377097782783
21.205,1.53517723083496,-8.4582986831665,1.64307224750519,88.2239347542214,-46.5672871950415,41.672678013162,2.67983865737915,-4.23842477798462,-2.69492936134338,30.0501139327664,-6.53372737040929,70.9861970250775
21.21,1.66648721694946,-8.28416061401367,1.72850561141968,84.7137502755901,-38.6029724341048,40.7085524155851,3.38697004318237,-4.57768297195435,-2.92051982879639,32.7557875045349,-18.2814060022475,76.9665467378006
21.215,1.80854463577271,-8.13179969787598,1.72373902797699,80.7806268231733,-29.8423464084038,39.9675212868683,4.06795835494995,-4.94942140579224,-3.14983773231506,35.7526525311884,-27.960236556188,82.3897784104933
21.22,1.9223541021347,-8.03285598754883,1.67704582214355,76.339036768184,-21.4814776944454,39.4447761738359,4.51398134231567,-5.31092882156372,-3.18867349624634,39.6922714935059,-30.2827433457079,88.0747975736942
21.225,1.9994637966156,-7.96597194671631,1.57756173610687,71.7183933041029,-14.307061504416,38.8211218460058,4.65934419631958,-5.5824761390686,-3.08438682556152,44.6951460039193,-27.4260764895053,94.2704485094344
21.23,2.02570605278015,-7.93367338180542,1.46321487426758,67.0512908932873,-8.34580046287576,38.1061171531214,4.59485769271851,-5.77901172637939,-2.87626552581787,50.0194970279977,-21.615153034239,100.974511406234
21.235,1.98669064044952,-7.94008874893188,1.3632824420929,62.4404282600977,-3.69322287621706,37.3017701707986,4.37995290756226,-5.90784215927124,-2.5892219543457,55.0946076190731,-14.439953933776,108.216342417145
21.24,1.90969216823578,-7.96466159820557,1.30444157123566,58.4280268019845,-1.24974287104739,36.5944084595954,4.09348964691162,-6.00058364868164,-2.24106168746948,59.1820523655972,-10.0384886788396,115.627534798716
21.245,1.72562980651855,-8.04836082458496,1.20261287689209,55.2082517215784,-0.451567338165668,36.1318407282454,3.80221128463745,-6.11068534851074,-2.00549745559692,62.1759291844889,-8.90571119650308,122.660990398428
21.25,1.47895383834839,-8.16505527496338,1.08229875564575,52.7396574309957,-1.21028337410834,35.954511941919,3.51329660415649,-6.24299907684326,-1.89482390880585,63.988367692076,-11.4258204813533,129.248243400042
21.255,1.22069573402405,-8.28445434570313,0.972862362861633,51.0279334778151,-3.53456889429847,36.1351875209387,3.23594665527344,-6.40533065795898,-1.93409633636475,64.4180958738965,-18.3625162061886,135.268973191138
21.26,0.97548520565033,-8.37961769104004,0.879782557487488,49.5093092177544,-7.54032308424533,36.2994433251938,2.93075680732727,-6.54698276519775,-1.85344862937927,64.527952636507,-24.0737837863699,141.229938826996
21.265,0.760939121246338,-8.44752788543701,0.791224718093872,47.4397038426326,-12.692735195026,36.4138182579402,2.56592202186584,-6.5983247756958,-1.69176065921783,65.1478606055774,-25.4288591667546,146.393343273473
21.27,0.576446771621704,-8.47474002838135,0.711562693119049,44.8761357716409,-18.8377966271313,36.4583169403829,2.15756702423096,-6.58124113082886,-1.51488733291626,66.3776976373407,-22.6579043544465,151.837058683486
21.275,0.422160148620605,-8.43181133270264,0.651265859603882,41.9529616559426,-25.8444864230336,36.3912205770713,1.73501121997833,-6.53732204437256,-1.44191527366638,68.3835739324117,-16.0922518260829,159.71054558884
21.28,0.369082301855087,-8.35559940338135,0.570217967033386,38.9514452704643,-31.6198041021567,35.8811659555168,1.02689397335052,-6.52912902832031,-1.37462329864502,69.048636282085,-11.9775059596726,166.890686331167
21.285,0.371285378932953,-8.26455783843994,0.425387531518936,36.3138789300046,-35.2402927207891,35.1629988850466,0.410922825336456,-6.67686176300049,-1.35386264324188,67.8437431011706,-13.9109771268996,173.177301726274
21.29,0.425760835409164,-8.16561985015869,0.21929207444191,33.7010207988675,-36.8965862737605,34.1131578284807,-0.0066362074576318,-7.02943086624146,-1.39587128162384,64.7846789568403,-22.238906399812,178.406658479376
21.295,0.54520982503891,-8.07152080535889,-0.0306661054491997,29.9674037570122,-37.3004929254238,32.2566543554632,-0.0359563156962395,-7.70403099060059,-1.53873825073242,59.9411390993849,-37.2417464683725,182.079169233822
21.3,0.693609118461609,-7.959068775177,-0.239212170243263,26.5099449236788,-34.8538372024552,30.00725108063,0.197903633117676,-8.54745101928711,-1.83411943912506,55.5521449160994,-51.9745840364005,184.496004350874
21.305,0.833191990852356,-7.84997367858887,-0.37577223777771,23.3077405049125,-31.3358219119405,27.5821941233643,0.519476473331451,-9.40278720855713,-2.15691947937012,52.3588538942,-62.7490981690689,186.266826515848
21.31,0.955727577209473,-7.75444602966309,-0.430981546640396,20.4121005893059,-27.3360802094539,25.0860024534402,0.850896835327148,-10.2034111022949,-2.44571185112,50.6990188881439,-67.9671987704185,187.602538309936
21.315,1.06057238578796,-7.6984224319458,-0.391712039709091,18.0833544219792,-23.8270039290155,22.7891652223685,1.00426042079926,-10.7952919006348,-2.5389358997345,51.407640769249,-63.8594273809245,188.877830250626
21.32,1.11759698390961,-7.6961464881897,-0.253419399261475,16.3911579796356,-21.5171739705951,20.7160013186891,0.982608735561371,-11.055230140686,-2.46193647384644,52.9320706901041,-56.3141754614194,189.925731533467
21.325,1.14107358455658,-7.71901893615723,-0.0467393063008785,15.2221369522421,-20.2214973303275,18.8565762322542,0.893049538135529,-11.0994148254395,-2.36519479751587,53.89147321187,-50.224658835192,190.533331501653
21.33,1.13235259056091,-7.75925731658936,0.219822898507118,14.5999476999889,-19.9847510208638,17.2354018044477,0.775209128856659,-10.9803924560547,-2.3046452999115,53.6352045142111,-47.668351255288,190.537429615155
21.335,1.07137632369995,-7.82696580886841,0.545375347137451,14.8948308721205,-21.420617293846,16.0225053493733,0.668529391288757,-10.8529500961304,-2.31887865066528,50.8966879778187,-51.4448516398472,189.327994358443
21.34,0.99706768989563,-7.88128709793091,0.807363390922546,15.3895022001168,-24.3175617755841,15.0128753239985,0.629066944122314,-10.8198680877686,-2.37321758270264,47.9741558999024,-56.4019741281053,187.627700726838
21.345,0.889541327953339,-7.94625616073608,1.11656510829926,15.8413499495644,-28.1511608340574,14.1932022509518,0.610989391803741,-10.8463735580444,-2.43026185035706,45.8572343893053,-60.1348364340573,186.233290287023
21.35,0.737125217914581,-8.03244113922119,1.52957451343536,16.0891731183145,-32.653488346241,13.5729391120446,0.590774774551392,-10.9130630493164,-2.47228336334229,45.1098819205117,-61.3087410467074,185.569477861968
21.355,0.551850140094757,-8.091064453125,1.96548295021057,15.5791372797803,-37.0472909827023,13.2587999290955,0.559053361415863,-10.9414796829224,-2.53278112411499,45.6762719423404,-59.9694160825488,185.406591510642
21.36,0.374130547046661,-8.17097663879395,2.37314105033875,14.6655141009265,-40.9271082237417,12.8228059024852,0.567058086395264,-11.0068597793579,-2.62921261787415,46.9360900894655,-57.3356131763218,185.916560754831
21.365,0.201492965221405,-8.27224349975586,2.74922823905945,13.3622542431328,-43.8194713560941,12.332285621957,0.608392953872681,-11.0718154907227,-2.74978804588318,48.2971623759414,-54.8939571518257,186.872759917877
21.37,0.032279834151268,-8.39622497558594,3.08916878700256,11.6566023281243,-45.2870809332439,11.8374870816874,0.680007934570313,-11.1065664291382,-2.88660192489624,49.2943460891012,-53.839447660962,188.12217910199
21.375,-0.093695804476738,-8.53794193267822,3.33944630622864,9.83065285258527,-44.4603787417676,11.134105663223,0.728070855140686,-11.0714159011841,-3.00763583183289,49.1588487963465,-54.9447600988722,189.089962265868
21.38,-0.190140277147293,-8.68590259552002,3.54558229446411,8.18810932418674,-42.9340295377557,10.4043358089003,0.681378364562988,-11.0070476531982,-3.05888319015503,49.0794205264884,-55.6750268494571,190.059384675146
21.385,-0.259337484836578,-8.82713413238525,3.70688390731812,6.84026540658581,-41.0996183116087,9.72475759969339,0.534319937229156,-10.9068937301636,-3.06576228141785,49.1527460223231,-55.8855947513794,191.182554642641
21.39,-0.302060961723328,-8.94482326507568,3.81903195381165,5.94962026476037,-39.4254330781065,9.19544952864232,0.272126138210297,-10.7599534988403,-3.05679559707642,49.5120481236116,-55.3547353736131,192.662397088595
21.395,-0.312492847442627,-8.99705028533936,3.90963864326477,4.77115948904706,-36.4095459746144,8.32096077241172,-0.0694199949502945,-10.6372814178467,-3.04403853416443,49.87283237595,-55.9302266225108,194.281069959618
21.4,-0.263978868722916,-9.00802898406982,3.95810079574585,3.69506105087744,-33.0815465468094,7.36646744911183,-0.38714924454689,-10.5707149505615,-3.08538746833801,49.6697742670201,-58.3023171703104,195.850155657266
21.405,-0.163372322916985,-8.97518444061279,3.98077750205994,2.82531287281765,-29.3812198469688,6.41858873713627,-0.656365096569061,-10.5660753250122,-3.17251515388489,48.880037059332,-62.5283054739591,197.252762324085
21.41,-0.0209808945655823,-8.88647842407227,4.00811910629272,2.33959720348371,-25.0468944978,5.61422553311419,-0.836027264595032,-10.6375646591187,-3.28836798667908,47.4581112024458,-68.8392568330783,198.269791151878
21.415,0.13934651017189,-8.73500156402588,3.99837422370911,2.45178092616706,-19.609066710851,4.86602398642937,-0.943985342979431,-10.7861003875732,-3.37090659141541,45.818172537442,-75.4306830802749,198.804977454484
21.42,0.302392929792404,-8.55631637573242,3.96500110626221,2.7877969915843,-13.2537541268462,4.16539342665321,-1.04406440258026,-10.9487295150757,-3.40842270851135,44.6919358150094,-80.3523056603218,199.202822313259
21.425,0.455664247274399,-8.36313247680664,3.90857338905334,3.33168089976759,-5.97623409686133,3.47106414327322,-1.14679539203644,-11.0980663299561,-3.40668821334839,44.010580049071,-84.062355134446,199.614655399454
21.43,0.567458629608154,-8.17817401885986,3.82376885414124,4.19191248987944,2.38871714923009,2.66667746047587,-1.25984585285187,-11.1761312484741,-3.38318204879761,43.3482668505387,-88.492846132034,200.356646169749
21.435,0.641209423542023,-7.99815082550049,3.71687483787537,4.77223609761498,11.4148853484921,1.83474398442563,-1.46991693973541,-11.3100242614746,-3.31160283088684,42.9033961393282,-92.7518584003196,200.90281541654
21.44,0.696525156497955,-7.85661268234253,3.60674333572388,4.92356107311073,20.3952675880964,0.843134772845653,-1.71973311901093,-11.4584808349609,-3.2235107421875,42.4968940157803,-97.3968241680352,201.111204488117
21.445,0.744269490242004,-7.74031257629395,3.49122166633606,4.57007743922142,29.0308413878309,-0.314248145810707,-1.9916398525238,-11.6039514541626,-3.12234950065613,42.0994418928827,-102.53275076348,200.927622663605
21.45,0.815531313419342,-7.55387210845947,3.34141373634338,3.5070963793528,36.6331936887973,-1.53373242506129,-2.26052618026733,-11.7058095932007,-2.99263072013855,41.753291320841,-108.092306181817,200.241161331262
21.455,0.858418881893158,-7.41633796691895,3.19645404815674,1.44449408256437,42.95032978421,-2.78772228639025,-2.51412391662598,-11.8245429992676,-2.8663113117218,41.618685367773,-113.352699314508,198.801097907035
21.46,0.873682975769043,-7.3161187171936,3.04755473136902,-1.28408890417562,48.1272170241078,-4.11703611421635,-2.72955060005188,-11.9387578964233,-2.76903653144836,41.5728138173072,-118.459741039953,196.812583952834
21.465,0.856138467788696,-7.25377225875854,2.89669585227966,-4.5809976310438,52.082531761138,-5.50808097831761,-2.89543914794922,-12.0425138473511,-2.70756721496582,41.6019479892119,-123.364882373533,194.281397808698
21.47,0.769144713878632,-7.25631666183472,2.78487348556519,-8.41601053867526,54.0519689969869,-6.72103292867902,-2.99332237243652,-12.1482439041138,-2.65821027755737,41.9118951435579,-127.317171336761,190.827029635964
21.475,0.657825410366058,-7.28686237335205,2.66039991378784,-12.1825473847828,54.6795950798194,-7.69841635032174,-2.93555498123169,-12.2365951538086,-2.5380642414093,42.6782389533387,-129.309428234627,186.874153276467
21.48,0.52124035358429,-7.3473424911499,2.54528880119324,-15.2652047100536,54.4047141166723,-8.45370379138363,-2.79464340209961,-12.2706346511841,-2.38351130485535,43.630124851923,-129.528445080552,182.371378386893
21.485,0.358041226863861,-7.43916273117065,2.45287871360779,-17.4075362319104,53.3550403997409,-9.00233788269125,-2.61086273193359,-12.223858833313,-2.21174693107605,44.5921194304788,-128.024655991369,177.258858849733
21.49,0.178153872489929,-7.53931522369385,2.40476202964783,-20.5237110029857,50.5586175195651,-9.71637866512908,-2.50349760055542,-12.0243711471558,-2.0210554599762,44.7941837468845,-125.70423582464,171.496911265911
21.495,-0.0117670800536871,-7.63806486129761,2.39612555503845,-23.0302709000699,46.7940836264317,-10.3746885190342,-2.48817873001099,-11.7983016967773,-1.82895517349243,44.773474613321,-124.087038274478,166.032076910984
21.5,-0.193881303071976,-7.74814510345459,2.41736125946045,-25.079819424694,42.1864175217736,-10.9421295362214,-2.48712921142578,-11.5880451202393,-1.65978932380676,44.5676536928719,-123.198594588,161.333972271525
21.505,-0.353511393070221,-7.88038349151611,2.462651014328,-26.765836253386,36.7834680958213,-11.3851731718289,-2.43931794166565,-11.4283142089844,-1.53433740139008,44.1953537415928,-123.103818883076,157.823282358895
21.51,-0.565302133560181,-7.99287939071655,2.56752157211304,-27.9487823289499,30.6601317879186,-11.8002881639202,-2.2703001499176,-11.4271650314331,-1.57308435440063,43.3222984713143,-122.012545899005,152.689684857957
21.515,-0.74766731262207,-8.13096141815186,2.64320540428162,-29.1834756252131,24.4711658998285,-12.233558652599,-1.80441856384277,-11.4895572662354,-1.73923492431641,42.7482722979935,-118.772440760535,148.215747027059
21.52,-0.903454959392548,-8.3071460723877,2.71381449699402,-30.5241256460707,18.3017138621972,-12.6449682670656,-1.03880429267883,-11.5632371902466,-1.93363118171692,42.2177783353478,-113.01297936557,143.998146195711
21.525,-1.03419876098633,-8.54009342193604,2.80925321578979,-32.0470016988897,12.2602535931964,-12.9825597583035,0.0532031208276749,-11.5834245681763,-2.03386282920837,41.4131547303636,-104.074795742205,139.54990353647
21.53,-1.214839220047,-8.87297439575195,2.931316614151,-33.7596272370408,6.99744257353979,-13.0832589447843,1.23829162120819,-11.2724304199219,-1.7486869096756,40.6586544686035,-88.0396084390903,133.839277994071
21.535,-1.41045212745667,-9.20532131195068,3.04453802108765,-35.086101200276,2.59522044826602,-13.2501460794171,2.19264388084412,-10.7060422897339,-1.27792572975159,42.2488727715442,-64.6662776275781,127.615432037437
21.54,-1.60210621356964,-9.51304721832275,3.14025592803955,-35.962930150071,-0.593334424413335,-13.4038748546139,2.82550764083862,-9.87850761413574,-0.799389243125916,45.818954594102,-35.0388260459358,120.482843072111
21.545,-1.75719141960144,-9.75850200653076,3.20394921302795,-36.2831157579829,-1.78010215090041,-13.3608147807652,2.96517753601074,-8.7434606552124,-0.628128230571747,50.644466167243,-0.578228927455323,111.517584578876
21.55,-2.05925989151001,-10.1820945739746,3.33420848846436,-35.2036350955136,-0.955736524450542,-13.0137421331856,2.24821734428406,-7.49370813369751,-1.1300151348114,51.2690015894761,27.583056434747,98.5392962501249
21.555,-2.41972899436951,-10.6723899841309,3.46582007408142,-32.6425327228123,1.05603347682224,-12.1857618425609,0.873505651950836,-6.42513275146484,-1.7409702539444,47.7174569003258,48.4697988223081,82.6290126163621
21.56,-2.81471657752991,-11.2260971069336,3.5834333896637,-28.3098705247064,3.95664363571058,-10.8121288382013,-1.01851856708527,-5.64296960830688,-2.25390982627869,40.3947530345472,62.1983253747774,64.139704193516
21.565,-3.2100977897644,-11.8799285888672,3.66483497619629,-21.2309583085203,7.25788537055519,-8.71921117366859,-3.13865351676941,-5.37180089950562,-2.26261758804321,30.1269808816858,68.8109320385902,43.4706228593303
21.57,-3.50770235061646,-12.591157913208,3.73937511444092,-10.5964493934589,8.76161384180968,-5.60992635591849,-4.75122308731079,-5.51045989990234,-2.01158595085144,20.38945680466,70.0966809988993,23.5151784726477
21.575,-3.69185662269592,-13.2528009414673,3.91066765785217,1.73499013881465,7.73522082466435,-2.14076527410276,-5.78678894042969,-5.81019592285156,-1.91477394104004,11.3273846488087,68.6757147835915,6.31953391869816
21.58,-3.73601293563843,-13.7982759475708,4.20941257476807,14.6231635129778,4.06284453956782,1.33766821639808,-6.21490049362183,-6.20650911331177,-2.05436396598816,3.11805093866299,65.0620665994128,-7.02747833041492
21.585,-3.53195452690125,-14.0238656997681,4.67526435852051,24.6058230793153,-2.06358989945373,3.84571410651358,-5.96288824081421,-6.64714860916138,-2.39991354942322,-3.55643297016192,59.0344656380116,-13.4907958419915
21.59,-3.1296706199646,-13.7990837097168,5.30730581283569,39.8615543169901,-14.6660434405871,7.69219917062973,-5.53557872772217,-7.03352022171021,-2.65779829025269,-13.5373239443913,45.8357227085143,-20.8983127280151
21.595,-2.58869028091431,-13.1525354385376,5.97525310516357,55.4858511000152,-29.526842895168,11.4531899031312,-4.85934686660767,-7.52236127853394,-2.90720105171204,-22.7186810852285,30.2398770784769,-26.8423446173739
21.6,-1.93475699424744,-12.0772533416748,6.61122369766235,69.5037659374288,-44.6930696264116,14.574267896257,-3.94931149482727,-8.14123439788818,-3.14615249633789,-29.4329414544587,14.6749704978323,-30.4328026017731
21.605,-1.2447897195816,-10.5442714691162,7.02145624160767,79.5109834489271,-55.5753470687099,16.5572835481759,-3.19113421440125,-8.6540002822876,-3.14326214790344,-31.8308227965642,6.03605332049912,-31.5359976810406
21.61,-0.596515476703644,-8.9344482421875,7.14490032196045,84.3626170805489,-58.3888420067161,18.1095533200881,-2.69606804847717,-8.93963050842285,-2.99572062492371,-32.0979617402872,4.77830087871113,-31.3730327825387
21.615,-0.0039559127762913,-7.35406732559204,7.04830551147461,84.2343802788819,-53.5420134131755,19.0949652022133,-2.40071225166321,-9.01389312744141,-2.77199292182922,-31.4071085963079,7.76335693517657,-30.807827798531
21.62,0.518108665943146,-5.87035703659058,6.7520923614502,78.8909935175867,-40.8321993301298,19.3605110043124,-2.27664279937744,-8.87646675109863,-2.50416612625122,-30.3843287492335,13.3703138663534,-30.3346015569812
21.625,0.892552316188812,-4.65429496765137,6.2097544670105,67.4079906925021,-20.3913351066817,18.011946501754,-2.21482300758362,-8.58309078216553,-2.19558644294739,-30.1155232393531,17.9943638872831,-31.0443811551506
21.63,1.1227605342865,-3.73462224006653,5.53121089935303,53.0749138513112,0.858177624162371,15.6095025932829,-2.04624080657959,-8.3403148651123,-1.85851180553436,-30.7635681727093,20.1222956628222,-32.7387871636907
21.635,1.23759567737579,-3.12020444869995,4.75652074813843,36.9754373926337,21.4868820816261,12.4467758141456,-1.76191389560699,-8.18945217132568,-1.55870378017426,-31.794755982652,20.2997303170808,-35.4362952443064
21.64,1.2529661655426,-2.83678722381592,3.91168069839478,19.8639318046354,40.3190403875976,8.71090054099598,-1.34760594367981,-8.16901206970215,-1.35078489780426,-32.8077549988349,18.8415173726816,-39.2130210251082
21.645,1.20314157009125,-2.88086676597595,3.3379225730896,3.27246998985275,55.5060547995801,4.66305210863775,-0.808804094791412,-8.3497371673584,-1.49451351165771,-35.2703831191776,16.0670262299308,-44.7363081389524
21.65,1.08514022827148,-3.11914920806885,2.54788947105408,-12.045196549442,67.9807635261102,0.65162411256387,-0.289545983076096,-8.64013004302979,-1.91874587535858,-40.3723500140695,10.2869462014089,-50.7698342894586
21.655,0.936405718326569,-3.56304311752319,1.70280754566193,-25.609200066505,77.4652188491033,-3.40602793577001,0.0917623117566109,-9.03143501281738,-2.46787762641907,-47.4924909596331,2.05723547564809,-56.2851676480143
21.66,0.801618218421936,-4.24269771575928,1.00100874900818,-36.681732428134,83.3801695005235,-7.6172941935495,0.175742626190186,-9.52041149139404,-2.95601344108582,-56.0056148354749,-8.11202784702197,-59.9503257038186
21.665,0.715777516365051,-5.17617750167847,0.445561319589615,-44.5134937078482,84.2339841279101,-12.5088630874747,-0.528919875621796,-9.92820358276367,-3.25674271583557,-60.5197927258684,-13.8103795394827,-58.8365472464321
21.67,0.597956597805023,-6.21332788467407,-0.0539516508579254,-50.4958514961873,82.0739572934611,-17.6673241845391,-1.73958623409271,-10.2103939056396,-3.26012825965881,-63.0419015485982,-17.104574653538,-53.0164815829617
21.675,0.434212237596512,-7.33073472976685,-0.500830829143524,-54.809983391075,77.3971901649699,-22.8217879133918,-3.75183129310608,-10.4903326034546,-2.89538431167603,-61.0452938202309,-16.1745948791693,-42.5629658507164
21.68,0.201810091733932,-8.5082893371582,-0.886272251605988,-57.4771005449787,70.6651303227627,-27.5020879572311,-7.23982048034668,-11.0061750411987,-2.00121307373047,-49.055740260636,-6.90978734082643,-27.1186206466591
21.685,-0.0597788877785206,-9.80090618133545,-1.11773252487183,-58.5742474917361,64.6517361548351,-30.2754282131068,-11.4592180252075,-11.2904920578003,-1.20392847061157,-30.413374128679,8.18217559734529,-10.1636109142451
21.69,-0.343750029802322,-11.2835493087769,-1.23984289169312,-59.1387011549352,56.6466110136076,-33.2936444111059,-14.9572105407715,-11.5777549743652,-0.15033133327961,-15.562352089895,22.3955123921967,3.34736087966783
21.695,-0.629874885082245,-12.9405422210693,-1.24874913692474,-58.8478170585627,47.1121211398496,-36.3935121055378,-17.1791820526123,-11.9583473205566,1.11267709732056,-6.51752274660343,31.2836597572491,10.7715225098119
21.7,-0.86197704076767,-14.7148714065552,-1.10671806335449,-56.3080317062609,38.2398693325432,-38.3251579047091,-16.9240112304688,-12.6184253692627,2.33925795555115,-5.87020992414887,23.8655039978195,5.66917867385517
21.705,-0.927232325077057,-16.4507102966309,-0.847404062747955,-51.7882394003696,30.208786057375,-38.6956341954798,-14.2436895370483,-13.210470199585,2.40480971336365,-19.061910501725,-9.98004616520637,-7.79460505062938
21.71,-0.952398180961609,-18.0529613494873,-0.495175242424011,-46.6091528395591,22.4605955572504,-37.5732804355903,-10.2548332214355,-13.685772895813,1.79623770713806,-40.2563358359223,-54.2247522924208,-22.1868654809784
21.715,-0.969226539134979,-19.4272117614746,-0.068344421684742,-41.2521056999238,14.7087901795077,-34.8161550488042,-5.35550880432129,-14.0597105026245,0.759091913700104,-65.7674748765134,-101.85548286576,-35.6232819181192
21.72,-0.999135911464691,-20.2279739379883,0.371995985507965,-36.6426739913653,6.17461139177565,-29.6934995109163,-0.286730259656906,-14.452751159668,-0.0476326905190945,-84.2302548446233,-136.172511595682,-46.7433421510877
21.725,-0.966345250606537,-20.0994529724121,0.740429937839508,-33.8964461713999,-2.23779259357444,-22.4922005500874,4.02139616012573,-14.7309942245483,-0.476641029119492,-89.470253032452,-141.116666969801,-54.1425373053813
21.73,-0.89401650428772,-19.123010635376,1.12159180641174,-32.7922197335677,-9.77291555598386,-14.0480760990147,7.19174432754517,-14.715895652771,-0.461873233318329,-85.5256002207162,-123.774024365195,-57.2816478516896
21.735,-0.788751780986786,-17.3460845947266,1.53954613208771,-33.060697394368,-16.0396627845684,-4.8200294925585,8.89559650421143,-14.2791967391968,0.0045748096890747,-73.9893765616188,-87.8957168438456,-56.0307157806747
21.74,-0.649557173252106,-15.1364221572876,1.95088326931,-32.7453099943481,-20.2062250273433,3.50850745374664,7.82475328445435,-12.9591445922852,0.693327367305756,-58.7975263757039,-49.5757840338516,-51.8978946723996
21.745,-0.547007918357849,-13.4842615127563,2.22140026092529,-29.4491733990212,-23.0207427861778,9.5901320098315,5.89940786361694,-11.7354545593262,0.89627867937088,-33.8331098272264,8.17754302154073,-45.0394319343176
21.75,-0.412482768297195,-11.7265949249268,2.52645969390869,-23.4376763161356,-25.286345562175,13.418005662233,2.97922992706299,-10.3187026977539,0.686973333358765,-9.47537287894424,62.6965398634056,-38.4336520445802
21.755,-0.20776204764843,-9.55588626861572,2.96211290359497,-14.7550920318912,-27.4522600196886,14.8653483605681,-0.956680238246918,-8.59225749969482,0.0845979750156403,8.25177693253501,101.029146089405,-33.7580323878696
21.76,0.0712293907999992,-7.84060955047607,3.55679512023926,-4.39243958683502,-30.5237841366122,13.9688723716256,-3.95655679702759,-7.39932155609131,-0.851905345916748,10.1274757984411,108.615935804347,-32.6605849127886
21.765,0.444211035966873,-6.43967008590698,4.1305136680603,4.6462199612019,-32.2517605249229,12.0544608472775,-6.35815811157227,-6.68569326400757,-1.41919183731079,6.33166604221139,102.480376872925,-33.001158635373
21.77,0.915052652359009,-5.3494987487793,4.53969287872314,11.0626243184642,-31.1022670083665,9.41781572858219,-8.31353855133057,-6.35582160949707,-1.6773225069046,-0.164920773863563,87.744394002784,-34.2185954586981
21.775,1.49282562732697,-4.58628177642822,4.65998363494873,13.6629174628495,-25.6782430337301,6.2500721754996,-9.91640186309814,-6.35715103149414,-1.65517318248749,-7.1631779675238,67.9580463169307,-35.9199306941512
21.78,2.13401174545288,-4.30089998245239,4.04990673065186,9.59154842031064,-13.8435315701667,2.42118402656293,-10.7689571380615,-6.3820424079895,-1.73990964889526,-15.96295293,45.0989741084072,-37.5198888468484
21.785,2.67136454582214,-4.26757431030273,3.12061095237732,4.92534759446551,-2.75535978288567,-0.878314035691774,-10.9849700927734,-6.28536748886108,-1.92611253261566,-27.2781960637854,18.4877972434923,-39.5756801643738
21.79,3.06450605392456,-4.48950624465942,1.99457705020905,-0.715522506600896,10.2368407874313,-4.63312350035522,-10.6192760467529,-6.1223578453064,-2.15594244003296,-39.9054690182587,-11.0056477341816,-41.8313091566355
21.795,3.25161218643188,-4.99035215377808,0.810555875301361,-7.88326773624532,28.6097380273848,-10.1154563730492,-9.69602108001709,-5.95730304718018,-2.36008501052856,-52.4336922769358,-42.5101992242835,-43.9805135563446
21.8,3.05986332893372,-5.78666496276855,-0.263449758291245,-11.179047454188,43.4311785168734,-15.446969704246,-8.47611618041992,-5.92090702056885,-2.32323670387268,-58.7998144890758,-65.9479694555202,-44.4807941771968
21.805,2.66724157333374,-6.63457489013672,-1.16325759887695,-12.2225091140692,52.929997727691,-19.9770943788042,-7.25984621047974,-6.02179288864136,-2.37065815925598,-60.8006569347285,-77.6437941449532,-43.990813481613
21.81,2.11687326431274,-7.46753549575806,-1.8732682466507,-11.7349676497928,56.7738130416154,-23.5421457670382,-6.04662370681763,-6.28180742263794,-2.53957629203796,-59.1891967434691,-78.0721357983722,-42.7424324862531
21.815,1.45513200759888,-8.18355655670166,-2.35070252418518,-10.7514699281824,53.9239917425084,-25.7988761273036,-4.80404472351074,-6.75818395614624,-2.87907743453979,-54.8227080334987,-67.3327971399294,-41.0257942119646
21.82,0.802011787891388,-8.74575519561768,-2.52681517601013,-11.4903811369356,46.2957427793039,-26.6134342424355,-3.65441131591797,-7.35849046707153,-3.13476061820984,-50.6360684496585,-55.7886538764894,-39.7299980433865
21.825,0.200298890471458,-9.2045431137085,-2.55257964134216,-13.7376269257647,37.0571879268096,-26.6465282165115,-2.76159286499023,-7.86002159118652,-3.21326851844788,-44.4483268729772,-38.8885938697218,-37.7484850330849
21.83,-0.343489676713943,-9.57851505279541,-2.45005178451538,-17.2048401230065,27.0687226996775,-26.1007978093748,-2.02324843406677,-8.32169628143311,-3.10219764709473,-36.4902412445635,-17.9743002065962,-35.1186094856307
21.835,-0.820688128471375,-9.89571857452393,-2.21683120727539,-21.2418866111924,17.6131163881913,-25.2728559385642,-1.09611439704895,-8.99227809906006,-2.7821786403656,-28.065262667508,1.7611164661636,-32.2924923580383
21.84,-1.18104827404022,-10.1826705932617,-1.94491899013519,-25.1221324466022,9.77865035356573,-24.278354782201,-0.619721651077271,-9.57357311248779,-2.38255834579468,-20.6503153894411,17.4841931525127,-29.5701633699788
21.845,-1.45863056182861,-10.4219989776611,-1.70163345336914,-28.2672023329613,3.81009552376561,-23.3395640638029,-0.556793868541718,-10.0454940795898,-2.01574349403381,-15.3652140474282,28.8427652988454,-27.5016269194621
21.85,-1.70332813262939,-10.6354007720947,-1.46782088279724,-30.4553797920746,-0.218205494157425,-22.4168430729746,-0.912657976150513,-10.376522064209,-1.71749365329742,-12.6644846788452,34.9853149288833,-26.2676781138184
21.855,-2.11391568183899,-10.9414911270142,-1.08677995204926,-31.2303569609663,-2.20408091426537,-21.1029383653595,-1.74944913387299,-10.4396753311157,-1.5422842502594,-13.5494133792222,32.2902691314635,-26.1620202100002
21.86,-2.52291893959045,-11.1473617553711,-0.737971782684326,-30.8556118019644,-2.94918945247323,-19.439609717543,-2.75332570075989,-10.235650062561,-1.48758411407471,-16.0410851714631,23.7921870397213,-26.3424874682503
21.865,-2.90051031112671,-11.2395477294922,-0.472240537405014,-29.9668368513111,-2.89733358907744,-17.5535793367436,-3.80934882164001,-9.87291717529297,-1.55245530605316,-18.2823929645825,15.8462950065235,-26.232509469782
21.87,-3.23119854927063,-11.2071762084961,-0.315273135900497,-28.797894371093,-2.12063563940168,-15.4388486093228,-4.85828065872192,-9.39246654510498,-1.74748122692108,-19.4913927967354,11.2283101935767,-25.6307954171133
21.875,-3.48093628883362,-11.0287303924561,-0.311975061893463,-27.6000755586114,-0.174856884836933,-12.7546021947544,-5.72926092147827,-8.86358642578125,-2.13001656532288,-18.5821870427273,14.52908448735,-24.5851924929273
21.88,-3.58963179588318,-10.7431879043579,-0.432984918355942,-26.240681791124,2.40438154776128,-10.3650630749463,-6.38694858551025,-8.42273139953613,-2.507976770401,-17.2088818874479,17.5237211647869,-24.1635444248949
21.885,-3.61977505683899,-10.4349384307861,-0.617878079414368,-24.7634843359267,4.6180953766339,-8.5086253424997,-6.83558130264282,-8.0718822479248,-2.78812217712402,-16.6568045270249,17.1572678554374,-24.4671395033128
21.89,-3.59622645378113,-10.1563854217529,-0.836424112319946,-23.0740968088793,5.92235372270686,-7.29131743899511,-7.06155204772949,-7.82173633575439,-2.91739296913147,-17.73922046329,11.6506173748641,-25.5559058079587
21.895,-3.45137715339661,-10.0718564987183,-1.05462694168091,-19.1754162928996,6.38229567320776,-5.82381543732473,-6.98870944976807,-7.7560338973999,-2.92430877685547,-22.0630324437788,1.36291462328286,-26.8210463799945
21.9,-3.23364973068237,-10.0879592895508,-1.28703677654266,-14.4814848990242,4.40015513927619,-5.1770865960442,-6.78265190124512,-7.87064790725708,-2.95684432983398,-25.7039023468945,-5.97650047423896,-27.5303598177531
21.905,-2.9775550365448,-10.1752338409424,-1.51420152187347,-9.31033587180287,0.204665591283014,-5.06059857352328,-6.48997020721436,-8.06474304199219,-3.03991055488586,-29.1335810933262,-11.704385477784,-27.9750495289505
21.91,-2.70821189880371,-10.3145923614502,-1.72031795978546,-3.88587647260691,-6.15763111461217,-5.27557578944167,-6.14244222640991,-8.26292991638184,-3.19642734527588,-32.7146117091234,-16.7860231683851,-28.3706916517181
21.915,-2.36011910438538,-10.4099063873291,-1.83130371570587,0.735309991513246,-15.6884544574463,-5.51681849781335,-5.39672470092773,-8.61187553405762,-3.40762114524841,-32.775717996533,-16.1993901734037,-28.8955319252783
21.92,-1.99119198322296,-10.4482269287109,-1.91147077083588,3.75889343753944,-26.5818497401661,-5.33033469667813,-4.50568866729736,-8.95973682403564,-3.53780245780945,-31.9821456376259,-14.7286711526343,-29.2891830479028
21.925,-1.59107041358948,-10.4443426132202,-1.93897294998169,5.0284685098939,-38.0474150922997,-4.68061551320161,-3.54787635803223,-9.29430198669434,-3.59351801872253,-30.6124058410932,-11.8906993779636,-29.4501125500321
21.93,-1.14433741569519,-10.4135875701904,-1.88231146335602,4.21260198664905,-49.1360974362212,-3.48741348171212,-2.61683249473572,-9.59920215606689,-3.57726502418518,-28.9721085911579,-6.97324662840502,-29.2328578929123
21.935,-0.685238599777222,-10.4076995849609,-1.69820594787598,1.4566666536041,-57.7453289038742,-1.6359418304006,-2.04714179039001,-9.84123229980469,-3.60694932937622,-26.2037441280925,-0.305300331193726,-29.115535733539
21.94,-0.253172099590302,-10.4166164398193,-1.48866486549377,-1.6700511547854,-63.7323312208489,0.353475362957118,-1.72425949573517,-10.0241937637329,-3.62275362014771,-22.9124808727385,6.44016914670574,-29.1225093566816
21.945,0.12676028907299,-10.428750038147,-1.28977477550507,-4.9871398889998,-66.9891771529752,2.42631734061101,-1.662841796875,-10.1563987731934,-3.6126971244812,-19.2063314366304,13.4442481027979,-29.0739228060207
21.95,0.405656605958939,-10.4235429763794,-1.16029381752014,-8.33799355665444,-67.0390033829705,4.54283352216953,-1.93023788928986,-10.247857093811,-3.55765414237976,-15.1825730814748,21.2533715742817,-28.6205655847665
21.955,0.788780689239502,-10.3804740905762,-0.973991990089417,-11.6678046921367,-63.6794040849705,6.36918000245404,-2.58317446708679,-10.2034702301025,-3.47889065742493,-11.2286457266197,28.3424334515744,-27.6016977285393
21.96,1.06759488582611,-10.3202829360962,-0.838789284229279,-14.802510620204,-58.4715965787,7.89347630773355,-3.31950306892395,-10.0300788879395,-3.39810657501221,-8.62643500662502,32.0626872283186,-26.5089630839856
21.965,1.23647630214691,-10.2450351715088,-0.766482055187225,-17.6818605346402,-51.6986990354453,9.13596626493432,-4.02871131896973,-9.74469757080078,-3.32754325866699,-7.47591269282482,32.2666742429757,-25.5685450730178
21.97,1.34490489959717,-10.1518297195435,-0.757860898971558,-20.1706534021459,-43.4743179916712,10.1342462234559,-4.49671602249146,-9.38415431976318,-3.29585099220276,-7.73373952738811,29.1689580581323,-25.273491146157
21.975,1.4595148563385,-10.0253095626831,-0.757712066173553,-22.2536374103045,-34.9589503986871,10.7048837691747,-4.59136343002319,-9.14539813995361,-3.19550180435181,-8.21320856183925,26.1794303621946,-25.4920913505433
21.98,1.56796765327454,-9.88655185699463,-0.758902966976166,-23.9285842098992,-26.9016733480519,10.8901586268268,-4.4962797164917,-8.97616863250732,-3.07885479927063,-8.61970556274526,22.173097527159,-26.0372275312222
21.985,1.66215479373932,-9.74739074707031,-0.755251228809357,-25.134425079561,-19.7099725105542,10.7255818036808,-4.27242946624756,-8.87221145629883,-2.97105073928833,-8.96959993222574,17.2687058068407,-26.7649910174762
21.99,1.71657574176788,-9.6419677734375,-0.725038349628448,-25.5883987253877,-14.5363722991944,10.3345901859643,-4.02068328857422,-8.8659200668335,-2.93705654144287,-9.6338990082593,13.1453957369849,-27.1909386895912
21.995,1.72211730480194,-9.56520843505859,-0.680201411247253,-25.6765713449307,-6.49114242159473,9.45828716073546,-3.51909708976746,-8.93102169036865,-2.94067621231079,-10.4245642679009,9.48434091732447,-27.4947813623665
22.0,1.69261240959167,-9.48881340026855,-0.647121369838715,-25.1000504450156,1.90676875611024,8.22939013375665,-2.92083883285522,-9.09671020507813,-2.93495559692383,-10.8094727483878,6.59000684850972,-27.6510458452926
22.005,1.64869558811188,-9.39573574066162,-0.6405970454216,-23.7806901238009,9.83314843295326,6.66083206822135,-2.29847502708435,-9.36504745483398,-2.90002298355103,-10.5488037013562,4.71020090447834,-27.6056011816499
22.01,1.72616600990295,-9.22731971740723,-0.703531086444855,-22.0814995677472,17.5332475711318,4.57923714978523,-1.83549833297729,-9.64707565307617,-2.80836486816406,-9.28877723346137,4.79841407826953,-27.0323519423472
22.015,1.70388627052307,-9.08422374725342,-0.825397253036499,-20.4372186099786,24.910876403121,2.10576951922973,-1.55331861972809,-9.78448963165283,-2.81948518753052,-7.74786008972346,6.89215008484217,-25.6164007934375
22.02,1.6279548406601,-8.97253608703613,-0.976790189743042,-18.8420723255517,31.8920144613384,-0.696442853402142,-1.40728211402893,-9.79165935516357,-2.87897562980652,-6.09865883443146,10.126254902127,-23.9030358873088
22.025,1.51922273635864,-8.89834976196289,-1.14211118221283,-17.3075012813264,38.389371928191,-3.79003098930506,-1.38430500030518,-9.6764087677002,-2.95404934883118,-4.42533591231191,13.9822569810779,-22.1821116693161
22.03,1.36872553825378,-8.88208484649658,-1.29040694236755,-16.0451832849651,43.9314864584823,-6.77331333102041,-1.53694999217987,-9.57324314117432,-2.92304253578186,-2.71136034458269,16.2062852493709,-20.7882032484053
22.035,1.2223789691925,-8.90438842773438,-1.43575048446655,-14.6307706361659,47.8764876098658,-9.61653325229454,-1.8563711643219,-9.42581272125244,-2.848801612854,-1.03717660518431,18.231911036427,-19.4880340512111
22.04,1.07826113700867,-8.94660377502441,-1.5716952085495,-13.120927438057,50.3288977672101,-12.3501132694643,-2.27348589897156,-9.2166051864624,-2.77065062522888,0.198314849376224,19.7756738077278,-18.1838862688253
22.045,0.934978723526001,-8.99509811401367,-1.69253468513489,-11.554907641572,51.2805138733221,-14.991553180957,-2.73929119110107,-8.92789936065674,-2.71964907646179,0.650763028480772,20.5824608751316,-16.7977420654535
22.05,0.818053066730499,-9.01943683624268,-1.72990071773529,-10.1337074922851,51.2034249432548,-17.3231133862217,-3.00201535224915,-8.72945117950439,-2.66693353652954,0.360289703953822,19.1324339124527,-16.5134969129543
22.055,0.621350884437561,-9.03824996948242,-1.73598408699036,-8.45892205590951,50.8342805393723,-19.545820866684,-3.10736441612244,-8.63964080810547,-2.62061953544617,0.146759194138793,17.7644580122732,-16.4990374024814
22.06,0.380515813827515,-9.06449031829834,-1.70940816402435,-6.81134339743222,50.1335953380828,-21.5685882195724,-3.13013744354248,-8.62669277191162,-2.56927561759949,-0.0092223737141337,16.1974299091119,-16.7165328237694
22.065,0.136936202645302,-9.11500549316406,-1.64593100547791,-5.54584978999366,49.0262338434215,-23.2615923317854,-3.15796089172363,-8.65659713745117,-2.49815201759338,-0.127594763885008,14.0628506519631,-17.136290636949
22.07,-0.0868842527270317,-9.16226196289063,-1.55451059341431,-5.20583528914761,47.5756450976834,-24.5787567471819,-3.22610378265381,-8.66936588287354,-2.4547381401062,-0.265907988888044,13.0009944388734,-17.1780111399467
22.075,-0.308749049901962,-9.23569202423096,-1.45868360996246,-5.49812768514961,45.9055989588181,-25.550957335905,-3.28375124931335,-8.67161178588867,-2.44265580177307,-0.61088897107562,12.4316059639991,-17.0652430092025
22.08,-0.532448470592499,-9.33573722839355,-1.35706281661987,-6.25873840489587,44.0897829226865,-26.1815733340467,-3.31392025947571,-8.6939868927002,-2.44082260131836,-1.03959363837685,11.983678743135,-16.9338130940985
22.085,-0.763483226299286,-9.46293830871582,-1.24393260478973,-7.25710672898981,42.2394641859625,-26.4378027581178,-3.28688979148865,-8.79598903656006,-2.40999221801758,-1.3082333027265,11.0281199103246,-17.0155841188419
22.09,-1.00944113731384,-9.58309078216553,-1.11279511451721,-8.10328435111071,40.6079847102458,-26.378661857642,-3.28621292114258,-8.89381885528564,-2.46793985366821,-1.71848562701555,10.7516483668745,-17.0490008193562
22.095,-1.24955654144287,-9.71830654144287,-1.00464880466461,-9.40971000158468,38.1578797417463,-26.0536080323992,-3.34601736068726,-8.94473552703857,-2.56290745735168,-2.03698417820242,11.0055589417224,-17.0509047345873
22.1,-1.47178244590759,-9.85604190826416,-0.923445641994476,-11.1250872521976,34.9406762275627,-25.5078929931881,-3.45232725143433,-8.94590377807617,-2.65621590614319,-2.20631182480303,11.527832771702,-17.0790690196299
22.105,-1.64699840545654,-9.95199584960938,-0.868224143981934,-12.9146565788962,31.4137919364107,-24.8351074071108,-3.55630230903625,-8.9000940322876,-2.65401363372803,-2.13073748918413,11.634700472777,-17.2978194881779
22.11,-1.77350032329559,-10.0300159454346,-0.811387479305267,-14.5473689037582,27.5010702590448,-23.8075361823336,-3.59611511230469,-8.89316272735596,-2.65784072875977,-2.32389822711985,10.6307318204505,-17.9323491847139
22.115,-1.88868272304535,-10.0894908905029,-0.773008167743683,-15.850273591715,23.4018246531822,-22.5861190662696,-3.64525032043457,-8.92058753967285,-2.67031264305115,-2.66265021018651,9.42716796510323,-18.4907359323827
22.12,-2.00280427932739,-10.1319894790649,-0.759481191635132,-16.7596979117766,19.1680413961433,-21.2072985332354,-3.70999598503113,-8.97064685821533,-2.69630074501038,-3.08167292425668,8.28721707659092,-18.8747206297844
22.125,-2.12634563446045,-10.1654415130615,-0.780576348304749,-17.1514451191699,14.8430238872659,-19.6802099612458,-3.74620938301086,-8.99315929412842,-2.75592541694641,-3.3992846180685,7.52795275788479,-19.1176704585617
22.13,-2.19445323944092,-10.1887683868408,-0.816397607326508,-17.2354837667178,10.3802295099984,-18.154987738447,-3.74234175682068,-8.98508644104004,-2.80249714851379,-4.08277161647133,6.85273861267073,-19.4123504325655
22.135,-2.23010301589966,-10.2005920410156,-0.861544549465179,-16.9685411909335,5.849035910835,-16.5566551707723,-3.74359107017517,-8.9729471206665,-2.82174706459045,-4.59136457754341,6.3919488649391,-19.7342931066413
22.14,-2.23694586753845,-10.2003688812256,-0.911241710186005,-16.3350257774891,1.2961130253226,-14.8636425208229,-3.76501059532166,-8.96348190307617,-2.81217432022095,-4.75781116497474,6.25008626276476,-20.0996177272305
22.145,-2.18911814689636,-10.1903991699219,-0.939803898334503,-15.4169561454856,-3.07886785094192,-13.1278182451559,-3.80145025253296,-8.93872928619385,-2.80784368515015,-4.77492676526115,6.85103234603869,-20.6977203173756
22.15,-2.14846086502075,-10.1790590286255,-0.959600925445557,-14.3452038420622,-7.23773545873001,-11.4807941126618,-3.85872387886047,-8.86264896392822,-2.78550505638123,-4.84053713554147,8.19508380110297,-21.1667374548493
22.155,-2.0802047252655,-10.1562557220459,-0.975163161754608,-13.3408825812198,-11.1903437333016,-9.89853298010415,-3.91224908828735,-8.75780963897705,-2.79084396362305,-4.94189628905081,9.69747440905378,-21.5761816823822
22.16,-1.96299266815186,-10.1152257919312,-0.98515659570694,-12.5318774098831,-14.9247607610635,-8.38256822495159,-3.95046830177307,-8.637282371521,-2.84095120429993,-5.09393117733342,11.030947608641,-21.9814424190484
22.165,-1.77030467987061,-10.041600227356,-0.9267657995224,-12.0521624886218,-18.3388786290185,-7.12408580669605,-4.00262451171875,-8.55073547363281,-2.78177881240845,-5.65064837063693,11.7018694068485,-22.7787150329384
22.17,-1.56070363521576,-9.95898342132568,-0.844092071056366,-11.6476505114433,-21.1839495315577,-6.02533803435184,-4.06960248947144,-8.50148487091064,-2.67774963378906,-6.35083582189068,11.366630062006,-23.9288010684053
22.175,-1.33899426460266,-9.87144088745117,-0.751510381698608,-11.3356099041167,-23.5065673116516,-5.03781306245212,-4.13118553161621,-8.46103382110596,-2.59311175346375,-7.07454516398548,10.8052047339302,-25.2262501427626
22.18,-1.10825967788696,-9.78190994262695,-0.659855425357819,-11.1354443803003,-25.311827290421,-4.12970910333448,-4.17095327377319,-8.40723896026611,-2.58018803596497,-7.72774689016506,10.6245411077415,-26.5165582543427
22.185,-0.895928025245667,-9.70925140380859,-0.51499617099762,-11.0108950270115,-26.4115680015158,-3.63903471666311,-4.12970733642578,-8.30631160736084,-2.58636951446533,-8.81414055784801,10.341225714743,-28.0108175220866
22.19,-0.704415738582611,-9.64324951171875,-0.341232091188431,-10.8078326492134,-27.1558929889598,-3.30226989175811,-4.0304741859436,-8.25111103057861,-2.47002696990967,-9.80933583218566,9.87240921407614,-29.7668420822239
22.195,-0.541275799274445,-9.56887531280518,-0.150378808379173,-10.5877485862299,-27.6264195982401,-3.07804374592988,-3.92294192314148,-8.22084712982178,-2.30530667304993,-10.7872575581123,9.48345555405331,-31.6663996526745
22.2,-0.418180584907532,-9.46660137176514,0.0440331101417542,-10.4265868576689,-27.9046285710604,-2.92303431026373,-3.86890006065369,-8.19131660461426,-2.18164587020874,-11.8394601525839,9.51391734397792,-33.5719780348785
22.205,-0.285817682743073,-9.43207931518555,0.23060430586338,-10.104212174128,-27.5392236957484,-2.92924679420068,-3.93003964424133,-8.15159893035889,-2.09606885910034,-12.3754831533627,9.24403181043497,-35.5041634189942
22.21,-0.193161755800247,-9.43753910064697,0.400545477867126,-9.57338865485486,-26.7591033944117,-3.13364297987766,-4.01835918426514,-8.16410541534424,-2.09411978721619,-12.3761730024689,8.87125630723495,-37.3080505297404
22.215,-0.12665681540966,-9.50286483764648,0.552172064781189,-8.79481197627053,-25.5972130845116,-3.54567990453079,-4.13699674606323,-8.26618003845215,-2.17765545845032,-12.1262794326266,8.51667215911562,-38.8439244325499
22.22,-0.058215506374836,-9.67495632171631,0.681289434432983,-7.67289876358257,-24.0517051998778,-4.20124380894614,-4.30435562133789,-8.53143882751465,-2.35439848899841,-12.140966900663,8.39082763120543,-39.8351658811318
22.225,-0.0130640445277095,-9.94416999816895,0.741900324821472,-5.9873775504922,-21.8151034070965,-5.1589392103063,-4.32355833053589,-8.90889453887939,-2.3397798538208,-12.4325126716114,7.77518596904539,-40.8526796523561
22.23,0.0265448838472366,-10.1547317504883,0.737644374370575,-4.07211780202658,-19.0418331606598,-6.24618195588045,-4.14878034591675,-9.42114067077637,-2.22484087944031,-12.8897537091824,7.37419751570499,-41.5012026989542
22.235,0.0595384053885937,-10.2767276763916,0.676996886730194,-2.06089731081687,-15.6561886438072,-7.4080522020998,-3.78582358360291,-9.96694469451904,-2.08321523666382,-13.433201125589,7.00104720587427,-41.8342051568436
22.24,0.0757404640316963,-10.2717361450195,0.578163325786591,-0.212756097097239,-11.3261082572076,-8.55433040710449,-3.25111937522888,-10.2466478347778,-2.09357762336731,-13.8798690303248,5.85864684077086,-42.1223127813185
22.245,0.106122173368931,-10.21533203125,0.466606914997101,1.15492362366833,-5.71154633727676,-9.77736627800177,-2.94172644615173,-10.2817373275757,-2.1349630355835,-13.2899840115249,6.32963832980154,-42.5017195444289
22.25,0.148540183901787,-10.1375398635864,0.287816435098648,2.11987748840381,0.978114998935855,-11.0805031923904,-2.82680988311768,-10.1359100341797,-2.11497282981873,-12.2023429805448,7.41058107964,-42.9704822573561
22.255,0.188255444169044,-10.0564346313477,0.0508250556886196,2.82841762068225,8.5057088517241,-12.487355675552,-2.88768553733826,-9.83532428741455,-2.0536847114563,-11.0305617029529,8.63237897875022,-43.5227440328866
22.26,0.158629283308983,-10.0263357162476,-0.147701069712639,3.88559686173776,15.9738419590843,-14.1047863059197,-3.06799674034119,-9.43836402893066,-2.13719344139099,-11.1660598494813,8.80935174146619,-44.1331204729702
22.265,0.0760895684361458,-10.0044384002686,-0.298682004213333,5.4837902643081,21.4557039756123,-15.6382474444049,-3.17944097518921,-9.11395740509033,-2.34815001487732,-11.2810460841584,8.82135409138519,-45.066766351376
22.27,-0.0175632406026125,-9.95245361328125,-0.412196189165115,7.19248460170503,25.0968180579909,-16.9996424573191,-3.23722052574158,-8.94089794158936,-2.52427053451538,-11.3491601456564,8.92113290987533,-46.3108204218967
22.275,-0.106349363923073,-9.85634994506836,-0.494733065366745,8.80916134994307,26.9474680588896,-18.1538095308151,-3.25596404075623,-8.9476432800293,-2.59252095222473,-11.3821234923645,8.94569768522528,-47.8347483238478
22.28,-0.17460335791111,-9.7166805267334,-0.579859137535095,9.86995802993776,27.4699365492605,-19.1047443255575,-3.32431244850159,-9.10734939575195,-2.42361879348755,-11.5579154861277,6.87414399864272,-49.3520816781553
22.285,-0.238255605101585,-9.66659259796143,-0.650893032550812,10.6789819842947,28.0043015216184,-19.8414416992459,-3.30703353881836,-9.22075366973877,-2.51454496383667,-11.9570888166962,5.24937859888009,-50.3045413126298
22.29,-0.3082355260849,-9.68045425415039,-0.684482932090759,11.3992040879314,28.3678298024558,-20.3343662063619,-3.18014860153198,-9.31535148620605,-2.70232129096985,-12.2725206129457,4.53428980929149,-50.9485905853216
22.295,-0.389456421136856,-9.74618911743164,-0.669034421443939,12.1461689434896,28.460119318521,-20.5658771758268,-2.92948341369629,-9.40367698669434,-2.89132380485535,-12.3269691734617,5.01574173303605,-51.4382844129603
22.3,-0.460201978683472,-9.82594585418701,-0.655133664608002,13.5402199445993,28.3807781335749,-20.7428917734515,-2.63729119300842,-9.46895980834961,-2.81175827980042,-11.9314636544776,6.55018385744079,-52.4185019362217
22.305,-0.552286982536316,-9.89664459228516,-0.669483602046967,14.7266528317345,28.288601315631,-20.6080074901747,-2.53607249259949,-9.49505424499512,-2.74903345108032,-11.4812542966571,7.54887704240712,-53.5696551887465
22.31,-0.679083108901978,-9.98560237884521,-0.709260940551758,15.6728525978347,28.3503035370456,-20.2723737019076,-2.63248491287231,-9.49294757843018,-2.7190260887146,-11.1071562980791,8.10260389351464,-54.6509219456837
22.315,-0.853358149528503,-10.1156816482544,-0.773775517940521,16.3381591267709,28.7079920061427,-19.8121709235578,-2.94392681121826,-9.46965980529785,-2.73637533187866,-10.917949812786,8.25637535739373,-55.4663611552186
22.32,-1.03952538967133,-10.3293609619141,-0.83848375082016,16.6750411321088,28.4919787359046,-19.3153395482365,-3.41635417938232,-9.32864665985107,-2.78651022911072,-10.6835744327379,9.19750797690343,-56.2353721538703
22.325,-1.19329631328583,-10.5237894058228,-0.912281155586243,17.3436022461845,27.7332352191227,-18.740784035255,-3.69737482070923,-9.20064735412598,-2.85352921485901,-10.4753620923056,10.5179252698922,-57.5296110393177
22.33,-1.28343868255615,-10.677713394165,-1.02778661251068,18.280837388999,26.5760167586149,-17.9218614292434,-3.76922702789307,-9.12000846862793,-2.94367480278015,-10.3416893138329,11.9840381818401,-59.3513590947435
22.335,-1.26581692695618,-10.7613172531128,-1.22919118404388,19.4282596506897,25.1709102425599,-16.6303938930518,-3.59350419044495,-9.13352489471436,-3.06656813621521,-10.3490710407784,13.3135712160499,-61.7440631534582
22.34,-1.09863972663879,-10.7456483840942,-1.46038937568665,21.0153377741595,24.3003821422743,-14.6210854279228,-3.4673228263855,-9.14940738677979,-3.24555158615112,-9.85077288233284,13.5596296346732,-63.5394398484986
22.345,-0.941713213920593,-10.6998500823975,-1.62343978881836,21.9561553511937,24.019791140981,-12.4508781965159,-3.35515546798706,-9.19652271270752,-3.45408129692078,-9.35443157308447,14.6093767761381,-65.2140314782564
22.35,-0.78910094499588,-10.624626159668,-1.72345948219299,22.0915160401651,24.2358044112191,-10.2663557423823,-3.20414137840271,-9.30150032043457,-3.63933086395264,-8.84113261167426,16.276566188383,-66.872059899277
22.355,-0.613187193870544,-10.5109329223633,-1.77381944656372,21.1493136422766,24.818021688902,-8.28512362361031,-2.91377472877502,-9.51784420013428,-3.70155072212219,-8.21981933118217,18.0746647138076,-68.6591515748542
22.36,-0.505593240261078,-10.4355268478394,-1.6110657453537,19.2313043157832,25.791371456953,-6.56313133478619,-2.67876625061035,-9.82212543487549,-3.71985912322998,-7.40516047075995,20.0473121385665,-70.4375689101854
22.365,-0.464755237102509,-10.4393014907837,-1.35250413417816,17.4713216610218,26.9881162221876,-5.06868082174552,-2.55505919456482,-10.107497215271,-3.68943190574646,-6.49238551602367,22.4893455310143,-71.8484605964675
22.37,-0.473899394273758,-10.5202922821045,-1.02286267280579,16.2025405981584,28.330656497898,-3.80738607309923,-2.51773023605347,-10.3519220352173,-3.59933996200562,-5.64364870739814,25.2315964733355,-72.8378271581222
22.375,-0.489341765642166,-10.6649389266968,-0.644959092140198,16.0265522364566,29.6674935656515,-2.82830470911753,-2.48178482055664,-10.5264158248901,-3.41411900520325,-5.30186561444387,27.7020161319738,-73.340727156521
22.38,-0.459157764911652,-10.8556327819824,-0.304546028375626,16.7855245645757,30.3785845601415,-2.13974437426526,-2.4243323802948,-10.6071891784668,-3.28691816329956,-4.93199123409382,31.5537766634502,-74.0304191683414
22.385,-0.388468593358994,-11.0432424545288,0.004481547512114,17.8793059356196,30.81441893108,-1.70266989710556,-2.36694145202637,-10.672459602356,-3.18257641792297,-4.68784484155125,35.5168812312288,-74.7360050303604
22.39,-0.282088339328766,-11.2173776626587,0.275362521409988,19.0677912946004,31.1110301410716,-1.50571648318978,-2.34652280807495,-10.7614297866821,-3.0763738155365,-4.51890566195968,39.3087632017989,-75.4230400985936
22.395,-0.157361626625061,-11.3786916732788,0.470440447330475,19.8306363399789,31.5527316445071,-1.53488213799768,-2.5137574672699,-10.9788227081299,-2.88810992240906,-4.03559208477947,42.8807779678917,-76.1015989020669
22.4,-0.076804518699646,-11.6260471343994,0.658013820648193,20.9138479932823,32.6966141606605,-2.02893842880355,-2.84518933296204,-11.2579736709595,-2.69651412963867,-3.38412266532813,45.5611798397311,-77.3036643846649
22.405,-0.0441618636250496,-11.9442281723022,0.818349480628967,22.2659727319455,34.2962615397504,-2.78644781577981,-3.28899049758911,-11.5442800521851,-2.5499222278595,-2.97515761825421,47.6555446505942,-78.7684804144442
22.41,-0.0702007710933685,-12.3246688842773,0.93897420167923,23.9900012709159,36.2341433016339,-3.73173404407853,-3.82194781303406,-11.8188047409058,-2.45345449447632,-2.96525448428793,49.2081081206406,-80.40811513603
22.415,-0.218781441450119,-12.7229928970337,0.981177985668182,26.984154712469,38.1336667211386,-4.7474749543264,-4.3727912902832,-12.0784044265747,-2.30389332771301,-3.41692699669464,49.8789488103518,-82.1706796022976
22.42,-0.378883063793182,-13.0943508148193,0.948542892932892,30.9843062263058,39.9917684584218,-5.46660636213,-4.89817380905151,-12.337140083313,-2.18468832969666,-3.97098361787303,48.9544007439205,-84.36639417516
22.425,-0.509894728660583,-13.4249897003174,0.856471240520477,35.9200126564212,42.1241330267323,-5.85300980027148,-5.37473011016846,-12.5886850357056,-2.05116510391235,-4.86529785194323,47.5669024555458,-86.7293869109851
22.43,-0.585250794887543,-13.6988563537598,0.71567302942276,41.7897440404414,44.7278011383411,-5.84682421020439,-5.7731876373291,-12.8285684585571,-1.87181663513184,-6.26409626141292,46.2830454576368,-89.1507299528896
22.435,-0.541663467884064,-13.7984056472778,0.632045030593872,48.2997032063127,48.0761272091161,-5.04637940033179,-5.83742618560791,-13.043628692627,-1.51823055744171,-8.52341184827913,45.006346497978,-92.0278173671633
22.44,-0.450596541166306,-13.8030548095703,0.627206742763519,54.8502268656647,51.6142403312635,-3.52116528838256,-5.68995523452759,-13.17311668396,-1.26591145992279,-11.12741293161,43.6010453215317,-95.0820320771828
22.445,-0.353155463933945,-13.736439704895,0.68696266412735,61.0878322383817,55.2687740278139,-1.48793856799729,-5.43405866622925,-13.2419147491455,-1.08723032474518,-13.6634092364697,42.5820425690683,-97.9832642101725
22.45,-0.28166663646698,-13.6130084991455,0.803969383239746,66.7120217368345,58.9884574837624,0.911883081441064,-5.14530277252197,-13.26611328125,-0.964704990386963,-15.7987688427312,42.3828025358844,-100.459378539031
22.455,-0.144202262163162,-13.3913621902466,1.03278768062592,71.1715205478275,61.9735165284356,3.45479676710437,-4.94068050384521,-13.1796464920044,-0.905705511569977,-17.2486182204917,42.9990768443163,-101.645761907295
22.46,-0.0049203806556761,-13.1829385757446,1.27569127082825,75.4283608159571,64.2118719722863,5.71127398348361,-4.81834268569946,-13.0824737548828,-0.913977444171906,-19.269312610967,44.0207945969748,-103.073524160827
22.465,0.122914507985115,-12.9817981719971,1.51701927185059,79.8279520377399,65.7313978173174,7.66040634759062,-4.73267555236816,-12.9767789840698,-0.94323343038559,-21.4468349749751,45.4446568124907,-104.530540114574
22.47,0.22175620496273,-12.7810401916504,1.7369738817215,84.8152537168457,66.5118288922614,9.2522818251787,-4.62919139862061,-12.8646478652954,-0.936931490898132,-23.2730721722329,47.2974480776942,-105.752549749549
22.475,0.293381929397583,-12.6256637573242,1.85134339332581,91.1965355338485,66.2195924184332,10.713026208439,-4.38430786132813,-12.9212951660156,-0.916682779788971,-24.9138611957883,50.1607965664523,-106.687110873303
22.48,0.324182748794556,-12.4623165130615,1.9360179901123,97.8083772164743,65.3315380527373,12.0967696003175,-4.0160608291626,-13.0389003753662,-1.0190441608429,-26.1408756518772,54.4210109480319,-107.16575003977
22.485,0.308730661869049,-12.2927331924438,1.98436093330383,104.017531436204,63.9423595378268,13.3008756019301,-3.57750129699707,-13.1894598007202,-1.20907413959503,-26.7197666274343,59.7102718752493,-107.074000108649
22.49,0.233304783701897,-12.1251611709595,1.97198343276978,108.704256980505,62.128527671649,14.1062676031959,-3.15984797477722,-13.3347358703613,-1.41542112827301,-26.162322445871,65.3993140198714,-106.152703212263
22.495,0.14427874982357,-11.9510736465454,1.92668998241425,117.171840570055,57.3350394404316,15.3679358778124,-3.42740225791931,-13.3483352661133,-1.29864358901978,-24.8003878480123,70.6010699785372,-104.745253941323
22.5,0.105526931583881,-11.7083854675293,1.7346853017807,126.546903583302,50.8382864453205,16.546712122888,-4.31012725830078,-13.1635179519653,-1.07515096664429,-23.5892074779669,76.8507135596664,-103.819128101193
22.505,0.130135774612427,-11.3695812225342,1.40397214889526,136.393017422847,43.3489157185098,17.5614835731606,-5.66196155548096,-12.7387523651123,-0.894619047641754,-23.2069832618238,83.3494678002043,-103.738661642581
22.51,0.238708049058914,-10.868447303772,0.986601114273071,146.52823950958,36.379899538522,18.3574413756353,-7.12611055374146,-11.9556713104248,-1.11767888069153,-25.3546798972737,87.2380174380976,-105.288861867175
22.515,0.531782925128937,-10.3198947906494,0.240593060851097,154.841399352186,33.4129268347709,19.1780407930882,-7.55055999755859,-11.1908311843872,-1.36007118225098,-28.9799837992709,89.4762431083541,-106.752714840281
22.52,0.789767980575562,-9.83193302154541,-0.494775354862213,160.654464071757,32.082689437303,20.320881705393,-7.06182241439819,-10.6304378509521,-1.60564732551575,-33.3330306969547,89.0379908504494,-107.329572127013
22.525,0.996063888072968,-9.44064807891846,-1.07593309879303,163.827387469552,31.5112792264343,21.8926824032368,-5.75454473495483,-10.32017993927,-1.86257767677307,-37.9262816873695,86.0006876888148,-106.911701153591
22.53,1.292799949646,-9.2064266204834,-1.17215859889984,164.38468992469,29.9671100588779,24.0938764953608,-3.94390034675598,-10.2870607376099,-2.18513894081116,-41.2344189250681,81.7517772703116,-105.797048431991
22.535,1.68216466903687,-9.16183280944824,-1.00390625,164.17845919289,28.6731512111865,25.8205961288642,-2.43696236610413,-10.415566444397,-2.42076468467712,-42.8921126668194,80.1854373087092,-104.771659452654
22.54,2.12304878234863,-9.20795059204102,-0.692685723304749,164.414469549471,28.0372947504041,27.1548804134154,-1.39338719844818,-10.4972953796387,-2.74372839927673,-44.1866486654956,78.7739855469153,-103.411584373797
22.545,2.57132720947266,-9.30503463745117,-0.291018754243851,165.810860744145,28.0438568546492,28.2046036492182,-0.822640717029572,-10.4552745819092,-3.24603986740112,-45.5561152544615,76.4108766978742,-101.530809823564
22.55,2.77417087554932,-9.38447189331055,0.0793315917253494,170.6862497737,27.2811467055068,29.7053054928967,-0.245557457208633,-10.2585220336914,-4.16268873214722,-47.0559735697775,71.1562619052217,-98.8907026527329
22.555,2.92597889900208,-9.49272060394287,0.458827823400497,176.657214806504,26.5183784997565,32.2663088278551,0.129191637039185,-10.0057058334351,-4.9072790145874,-49.1700093254503,63.4870659579429,-95.9252872321126
22.56,2.9226987361908,-9.58460712432861,0.686268985271454,181.536524364642,26.3893152451999,35.529165326451,0.474558144807816,-9.76682662963867,-5.45168161392212,-51.8770489350527,54.1869881764998,-93.0201345705394
22.565,2.70367074012756,-9.63713264465332,0.676078855991364,184.019380090212,27.2173510311116,39.3047128996211,0.891827285289764,-9.58782196044922,-5.76862955093384,-55.1863199841535,43.6330037766581,-90.4303932146482
22.57,2.32060599327087,-9.68182849884033,0.571351289749146,182.490032433155,28.169214731581,42.891655044145,1.59047532081604,-9.61658763885498,-5.83474540710449,-58.8721188716296,32.796307601786,-89.0258945854293
22.575,1.9468982219696,-9.81576919555664,0.409840524196625,178.043360717423,29.4987161761659,45.8004242908837,2.49153089523315,-9.73947525024414,-5.95576143264771,-61.9113549767993,24.0961850993003,-88.2764452485605
22.58,1.59477567672729,-10.0329275131226,0.215465351939201,171.834213327883,31.1296731424111,47.9156382541883,3.50966048240662,-9.90172386169434,-6.15045976638794,-64.1685071012459,17.3436500575087,-87.692648489632
22.585,1.27529263496399,-10.3336029052734,0.0052510313689708,164.673825492635,33.0199040895501,49.0968853201961,4.58411359786987,-10.0621576309204,-6.43830108642578,-65.4878332715147,12.507527785492,-86.8951146210063
22.59,0.9201340675354,-10.6858224868774,-0.0722534731030464,159.854116165194,34.0953856762603,48.9802188589831,5.41218423843384,-9.96567916870117,-6.58408689498901,-65.3345160152155,7.25968597917514,-84.7340700883709
22.595,0.550276875495911,-11.0103340148926,-0.109471343457699,153.309251317569,34.9422164352206,48.322372604168,6.05584001541138,-9.7465124130249,-6.55295991897583,-64.4811658406924,2.35896036289388,-81.7626099503352
22.6,0.167802825570107,-11.2947311401367,-0.129331454634666,146.160597747315,35.1850228300253,47.1869834282476,6.59030818939209,-9.48009395599365,-6.37935543060303,-62.7172216762124,-1.38572713494558,-78.321690420077
22.605,-0.225643113255501,-11.5203371047974,-0.159306704998016,139.770668910823,34.3057350121292,45.6172556928169,7.10170841217041,-9.257568359375,-6.09557580947876,-59.7080930449041,-2.86911423563471,-74.8035487710627
22.61,-0.563599765300751,-11.6833848953247,-0.214663028717041,134.305383763411,32.0769828142515,43.981070216762,7.73915529251099,-9.04816341400146,-6.01515626907349,-56.372252559932,-0.269979928891709,-72.2891648922842
22.615,-0.811507701873779,-11.7932357788086,-0.241317108273506,129.181649055634,28.5418391168457,42.5750382100744,8.25792694091797,-8.80235862731934,-6.07061719894409,-51.8700275005859,4.69702034692751,-68.0824172315275
22.62,-0.964101076126099,-11.8410034179688,-0.244297102093697,124.359754067658,23.5241960298994,41.4038349372411,8.52840995788574,-8.54277610778809,-6.11231184005737,-46.0243144767821,11.0933345565199,-61.69681190478
22.625,-1.00500738620758,-11.8023376464844,-0.236331030726433,119.857593895109,16.5297954518612,40.4697860776743,8.30464744567871,-8.31604290008545,-5.86235237121582,-38.4465337813548,17.4715948685886,-52.2649763591528
22.63,-0.967181026935577,-11.6752595901489,-0.224285259842873,115.479019165403,7.70143358638759,39.8509197124524,7.22964525222778,-7.69586372375488,-5.04610395431519,-22.4372960744442,36.3510351590895,-37.6625510080424
22.635,-0.910373091697693,-11.477068901062,-0.159821018576622,110.799205772542,-2.31063271909122,39.4981882531454,5.65827322006226,-6.71879053115845,-4.2650465965271,-2.491663041061,64.8089602793397,-20.8892388217027
22.64,-0.843906819820404,-11.2225952148438,-0.0345729812979698,105.85120500192,-13.4944585309339,39.3253742218604,3.77184247970581,-5.44780492782593,-3.70005917549133,17.9709739044704,97.721667964961,-3.12918990998222
22.645,-0.77229905128479,-10.9435720443726,0.163742393255234,100.861287360362,-26.1582755587878,39.1158615841648,1.94011497497559,-4.02611780166626,-3.67825818061829,30.6848673179978,121.651625042883,13.3533024264518
22.65,-0.681769549846649,-10.6958293914795,0.308494061231613,96.7204920062313,-38.3198440175348,38.3688881908701,0.769936978816986,-3.03152418136597,-3.50036430358887,32.341994154048,120.012420623215,26.7280704299177
22.655,-0.540813326835632,-10.3882694244385,0.472785353660583,93.0286313258669,-48.5718384334135,37.2406775437674,0.122116044163704,-2.4555356502533,-3.0585789680481,30.8154366292664,105.662329780802,37.8477720779548
22.66,-0.345561236143112,-10.0123825073242,0.661611258983612,89.7125676536365,-56.4165907329291,35.7837640428578,-0.0752938017249107,-2.25764989852905,-2.43317031860352,28.2337070852716,83.6668052192322,47.0377164741261
22.665,-0.109461970627308,-9.61955261230469,0.825178146362305,86.8311225786724,-60.9390160767455,34.0870869964187,-0.0188482403755188,-2.25734543800354,-2.10651874542236,26.6567717927193,64.8064194489684,54.9633552888876
22.67,0.135689184069633,-9.22605800628662,0.964115262031555,84.40729334791,-63.3076710393925,32.3296383418394,0.19955025613308,-2.39493227005005,-2.33247327804565,23.7256012330502,46.8400064033163,61.9402330166101
22.675,0.384673029184341,-8.85733699798584,1.09090232849121,81.956805888817,-64.1581661948425,30.649801126799,0.629997611045837,-2.67545199394226,-2.71137833595276,20.4959838500501,28.1367849934018,67.9979482820619
22.68,0.632254958152771,-8.52486610412598,1.20641231536865,79.3199567182202,-63.5899217766541,29.1235202246788,1.27787292003632,-3.09634757041931,-3.07926106452942,17.671999449026,8.90667852204429,73.1046416678595
22.685,0.849952757358551,-8.24429893493652,1.28634810447693,76.5575823310569,-61.02983027195,27.9583428862406,1.99543297290802,-3.58756923675537,-3.18516039848328,18.0575175238963,-4.50208888244946,77.1539466380583
22.69,1.05543172359467,-8.04091358184814,1.29866111278534,74.3476063232076,-58.0432685856593,27.196746057933,2.49598050117493,-4.0289454460144,-3.09458804130554,19.8873166648063,-9.73023711895504,80.7818357666564
22.695,1.21082150936127,-7.91696262359619,1.27932286262512,71.6427626194234,-53.4308794051902,26.4434513245614,2.81356477737427,-4.39436149597168,-2.92649745941162,23.0448567690425,-11.1469754471666,85.8432654888243
22.7,1.29263520240784,-7.8768196105957,1.24714708328247,67.9317227678695,-46.5659587232479,25.5160704371719,2.96485042572021,-4.67827224731445,-2.73612642288208,27.4973597587781,-10.9002101039641,93.302747307827
22.705,1.28795897960663,-7.89835548400879,1.23070096969604,64.4545485934969,-39.1875068534636,24.8784808158877,3.10930180549622,-5.10493087768555,-2.46521258354187,32.4342187833161,-9.95618319179364,101.466039139665
22.71,1.27665758132935,-7.94346141815186,1.18697679042816,61.4355708294054,-32.2635152804845,24.5927722953587,3.1940553188324,-5.47139358520508,-2.35363006591797,36.8960466888161,-10.5204968361147,109.208331771441
22.715,1.2788724899292,-8.00239372253418,1.13661634922028,58.7007357649756,-25.8378440640658,24.7167487665309,3.24009251594543,-5.79113054275513,-2.35665106773376,40.4793654179853,-12.8359352336172,116.419222025412
22.72,1.31146240234375,-8.06824111938477,1.0956426858902,56.1289065801828,-19.9759230013615,25.321500545833,3.26174283027649,-6.07200241088867,-2.44569230079651,42.8092453967142,-17.2029464530591,122.978280006132
22.725,1.34492838382721,-8.13871955871582,1.09543526172638,53.4502498216763,-15.6639033424747,26.6542241321588,3.18449378013611,-6.350417137146,-2.37171673774719,43.4251577051201,-23.7918199170534,128.166655624213
22.73,1.3614935874939,-8.19232654571533,1.1097936630249,50.991634437471,-12.5151946728353,28.1775629302941,2.99343037605286,-6.594322681427,-2.05115866661072,44.5847223356077,-27.7310393133045,133.21196609994
22.735,1.34630084037781,-8.21980953216553,1.1417590379715,48.6369711173387,-10.4746047950814,29.8035543490127,2.63303256034851,-6.77296590805054,-1.61932170391083,46.4090761082019,-28.5659821280144,138.195572646705
22.74,1.27824056148529,-8.20753574371338,1.19650709629059,46.2483993230719,-9.55802841318515,31.4295799186772,2.02051973342896,-6.84268856048584,-1.23764264583588,49.1015400941155,-25.4866698878896,143.214996705477
22.745,1.21252167224884,-8.1292667388916,1.24051105976105,43.4227364030593,-9.60105689740894,32.9020764961782,1.20927369594574,-6.82730865478516,-1.16116118431091,50.9973752114684,-23.737666762219,148.394793605961
22.75,1.15713930130005,-8.07658863067627,1.27343416213989,40.3575592394219,-9.90596251837383,33.8822257175479,0.479373544454575,-6.88701868057251,-1.16746461391449,52.4913834697603,-24.4217426509943,153.369493586048
22.755,1.10392427444458,-8.0291633605957,1.28852927684784,37.1981459558057,-10.2500247600768,34.3799825835018,-0.0742144212126732,-7.04855298995972,-1.23029804229736,53.888379136176,-27.1508984131292,157.999897390454
22.76,1.03678417205811,-7.93936491012573,1.27117025852203,34.1890309848757,-10.2888125505996,34.3991105282724,-0.282477468252182,-7.35642194747925,-1.32927680015564,55.7141433428337,-31.2891683048147,162.024436094722
22.765,1.00055134296417,-7.83262777328491,1.19004154205322,31.1999660342543,-9.47922339808884,33.6841570618067,-0.107792533934116,-7.87174940109253,-1.5545175075531,56.706385414129,-37.8526351726439,164.877378790279
22.77,0.979961395263672,-7.7315821647644,1.11206364631653,28.0500791569831,-8.1451960994052,32.5913028889426,0.216418698430061,-8.45465660095215,-1.81804919242859,56.9446565633249,-44.3122216933863,166.885550028912
22.775,0.975370466709137,-7.64524507522583,1.04494750499725,24.6837691981235,-6.28373518971083,31.2356776783297,0.598227918148041,-9.0228271484375,-2.0694580078125,56.5043859845205,-50.9073942993427,168.461233689299
22.78,0.994819521903992,-7.59295654296875,0.987777352333069,20.9853976399328,-3.72037458571515,29.7988278581071,0.860324025154114,-9.38632011413574,-2.19297385215759,55.5143808001784,-59.2667876924404,170.6457604123
22.785,0.95269250869751,-7.57684707641602,0.963025510311127,17.300534488373,-1.28525462536787,28.523213190979,1.12307631969452,-9.84804153442383,-2.31915974617004,55.5898304848449,-61.2979903289538,172.401132689372
22.79,0.886493504047394,-7.58206272125244,0.968822598457336,14.3410647474252,0.413335220884389,27.5550577817918,1.18876099586487,-10.168158531189,-2.34742021560669,56.4088999399237,-58.5293458281325,174.031130014039
22.795,0.798713743686676,-7.59989643096924,1.00719618797302,12.0146630425311,1.23951487620871,26.7986348217804,1.00668478012085,-10.2884244918823,-2.26343655586243,57.707154976603,-52.0039094536019,175.514565139496
22.8,0.663475215435028,-7.60456800460815,1.08947813510895,9.1786216500747,1.16746865346124,25.6609848532448,0.538002789020538,-10.1768531799316,-2.10098361968994,58.5724238312277,-45.0609880113381,176.448743772657
22.805,0.522419452667236,-7.63444089889526,1.21626341342926,7.54853126408039,-0.89015822404281,24.4939753165618,0.0543978549540043,-10.0128870010376,-2.01292490959167,57.671439917433,-43.66323077883,177.123197632439
22.81,0.400248825550079,-7.69084119796753,1.36953353881836,6.82806284674676,-4.83104488014244,23.3196386944467,-0.311583250761032,-9.88702392578125,-2.03229212760925,55.3463000899881,-47.0240014542727,177.585410193952
22.815,0.304668664932251,-7.7707691192627,1.54428017139435,6.88615531318501,-10.6814869561728,22.148713751822,-0.492655843496323,-9.83969306945801,-2.16306066513062,51.8061993827922,-54.6666484562477,177.859724251398
22.82,0.224668145179749,-7.83995342254639,1.74336957931519,7.26181016800701,-18.4624230907257,21.0083419529021,-0.344452202320099,-9.9359188079834,-2.31933975219727,48.1400236288015,-63.7515855241192,178.063195586773
22.825,0.170244216918945,-7.92841529846191,1.94840562343597,7.72164155482072,-26.9175893963654,20.0098724566311,-0.0864505544304848,-10.0410966873169,-2.45130467414856,45.6005114840666,-69.8225035452366,178.595007775928
22.83,0.117251895368099,-8.02444171905518,2.13769745826721,7.91260083740958,-35.1940181891623,19.1524275837006,0.19251874089241,-10.137375831604,-2.54566621780396,44.1522210969842,-72.7079169601085,179.560386713218
22.835,0.0534991398453712,-8.11987113952637,2.2994019985199,7.62654995364851,-42.7309645986367,18.4461450423863,0.442345976829529,-10.2147569656372,-2.59680962562561,43.8228557148278,-72.2096068488319,181.049736782496
22.84,-0.0125252231955528,-8.17149543762207,2.4421558380127,6.73980655738644,-47.7168592587734,17.9408254494739,0.583977401256561,-10.2717514038086,-2.66753554344177,44.3563549607083,-69.5742261689067,183.257076337325
22.845,-0.0431979298591614,-8.19551372528076,2.56424117088318,5.41041098073372,-50.0310707835463,17.3265797072255,0.686159133911133,-10.3485879898071,-2.74460697174072,44.7868925199455,-68.3099240025914,185.14392975592
22.85,-0.0605022199451923,-8.20514297485352,2.65398788452148,3.72054790176534,-49.8212098062031,16.4651596641981,0.735073089599609,-10.42982006073,-2.81073093414307,44.9856373644145,-68.1093623278032,186.590522840993
22.855,-0.0811164826154709,-8.21002388000488,2.70012807846069,1.71356020685033,-47.0502293806856,15.2313935661147,0.716459691524506,-10.5034246444702,-2.85147356987,44.8358513159162,-68.7930369429648,187.474554225268
22.86,-0.0908480137586594,-8.21533012390137,2.79301500320435,-0.098510084171375,-41.3781636712456,13.6474761126833,0.688024342060089,-10.5952205657959,-2.832435131073,44.5397592003015,-70.1646413811409,189.004420976703
22.865,-0.0746481791138649,-8.20479202270508,2.88647270202637,-1.54524033331741,-34.8221417096117,11.7792776482596,0.588849782943726,-10.6987991333008,-2.84957385063171,44.5977133554091,-71.1473006970306,190.402301152616
22.87,-0.037172719836235,-8.18559646606445,2.97844672203064,-2.49379598107274,-27.6936184143893,9.70888509383593,0.428982764482498,-10.7908992767334,-2.90646529197693,44.9470672861715,-71.7697563266614,191.75112690991
22.875,0.0173654239624739,-8.16610240936279,3.06624126434326,-2.73896113901871,-20.3398679237384,7.52388025759217,0.216377660632133,-10.8414077758789,-3.01066112518311,45.5315299885441,-72.0404025725232,193.151302029384
22.88,0.0843420997262001,-8.1678638458252,3.1599109172821,-2.26567982906878,-12.9001287665316,5.30957006782765,-0.0194043926894665,-10.8327598571777,-3.11082530021667,46.201458848001,-71.9068313931144,194.551449828102
22.885,0.16898350417614,-8.16701602935791,3.24086618423462,-1.65147965698873,-5.56377562147036,3.32597811869746,-0.285532206296921,-10.8085012435913,-3.17605566978455,46.5370397023021,-72.3127358751099,195.91595769973
22.89,0.262364119291306,-8.16108226776123,3.31291198730469,-1.0453797690992,1.09670298446144,1.68121328471479,-0.576335489749908,-10.7786922454834,-3.20263075828552,46.4788806415194,-73.4043845195855,197.201003150555
22.895,0.347942233085632,-8.14734745025635,3.38427662849426,-0.669792202312693,5.9453825592672,0.588408470639581,-0.88291335105896,-10.7572240829468,-3.18268299102783,45.9171932049342,-75.4317554199746,198.318941193146
22.9,0.4490747153759,-8.14736652374268,3.43631935119629,-0.10133420064051,13.5666211870624,-1.01208985397138,-1.16851925849915,-10.8099908828735,-3.17871856689453,45.4086856212268,-78.5160229623422,199.553661810166
22.905,0.549735248088837,-8.14416122436523,3.50144100189209,0.326999628743445,21.1682725398653,-2.52311243365091,-1.40997672080994,-10.9225482940674,-3.20394515991211,44.7383708560817,-82.410255317625,200.714315855826
22.91,0.644473075866699,-8.13680076599121,3.57583045959473,0.498929257252711,28.3720235386062,-3.89556168084998,-1.60667455196381,-11.0773267745972,-3.24720764160156,43.8540765095239,-87.1216310146406,201.716823701444
22.915,0.722720682621002,-8.12837314605713,3.63746237754822,0.173964971521078,35.0564718396565,-5.19116404281042,-1.7611939907074,-11.2322988510132,-3.27289319038391,42.6627480843012,-92.8351388968696,202.371592956038
22.92,0.787592113018036,-8.10825157165527,3.69435858726501,-0.781988571518171,41.0399600243032,-6.24685985215557,-1.92022264003754,-11.4172334671021,-3.23884868621826,41.5533750989293,-97.772491402575,202.690371544981
22.925,0.845890402793884,-8.06511783599854,3.72493624687195,-2.19093749586815,46.2377817940071,-7.19672529540596,-2.06584978103638,-11.6399507522583,-3.16056704521179,40.863444030488,-101.293522221608,202.695835696317
22.93,0.897048115730286,-7.99648284912109,3.72713494300842,-4.06301657495754,50.5568587458539,-8.07208831585032,-2.18420743942261,-11.9061508178711,-3.0434787273407,40.668739242913,-103.557484044657,202.36252246482
22.935,0.931613862514496,-7.90205001831055,3.71292591094971,-6.6235157565778,53.6475774018926,-8.88507548747318,-2.22848916053772,-12.2346124649048,-2.89743375778198,40.985451699632,-105.947715574893,201.54897863278
22.94,0.926266252994537,-7.81382417678833,3.65971374511719,-9.57033385274858,56.0178681948459,-9.66413113307307,-2.14008092880249,-12.4734439849854,-2.81269574165344,42.4380485209861,-106.784270314247,199.524879393003
22.945,0.882925689220428,-7.73643589019775,3.59516382217407,-12.8955585162032,57.6820745219707,-10.3254411475711,-1.92058575153351,-12.7296009063721,-2.71206021308899,44.6342070561445,-106.411908891265,196.419547547235
22.95,0.804208278656006,-7.67491626739502,3.53193116188049,-16.5420914999145,58.5201728840771,-10.8258370278655,-1.58678996562958,-13.0075187683105,-2.56612420082092,47.3576288744712,-104.915906217735,192.233584152123
22.955,0.71526050567627,-7.65406608581543,3.49800968170166,-19.9802874922412,57.7089239955981,-11.0798722536658,-1.30134618282318,-13.0442237854004,-2.35595202445984,49.7709566893847,-102.332646711367,186.886652522648
22.96,0.543906211853027,-7.61410903930664,3.46160459518433,-23.0669575536494,54.6176555093312,-11.2534299217968,-1.22642159461975,-12.8749389648438,-2.13834404945374,51.6678812219102,-99.3135528340592,181.120948334782
22.965,0.368480265140533,-7.57620906829834,3.43358969688416,-25.80610588254,49.7909179172341,-11.3550417923054,-1.37000799179077,-12.5465688705444,-1.97048425674438,53.3802198921162,-96.3209191095964,175.45955479592
22.97,0.227751508355141,-7.55272150039673,3.41933512687683,-28.1716565242093,43.444982329186,-11.3980070972794,-1.74896669387817,-12.0807037353516,-1.88568294048309,55.0422337285175,-93.6467292948072,170.210008003632
22.975,0.0794493854045868,-7.56292963027954,3.40381550788879,-30.0037369483021,36.0348178910854,-11.6125979806228,-2.37236499786377,-11.5794982910156,-1.89054536819458,56.1031021254985,-92.1282621290975,165.834862028889
22.98,-0.069633848965168,-7.60589027404785,3.38705992698669,-31.954411654501,28.3302876676829,-11.9655232465475,-3.02547216415405,-11.1216135025024,-1.8541225194931,55.8874832986849,-91.2323052345319,161.89402046271
22.985,-0.228598043322563,-7.69547271728516,3.37815523147583,-33.9745698751265,20.7558623026853,-12.4488402388223,-3.55659437179565,-10.7504940032959,-1.78179526329041,54.496481123266,-90.9972920855701,157.770771864556
22.99,-0.405290931463242,-7.84557104110718,3.38481426239014,-36.0293674001277,13.6573542737705,-13.0642078396419,-3.83752799034119,-10.5060319900513,-1.6756477355957,51.938609430042,-91.4942976307152,152.963070009676
22.995,-0.6391921043396,-8.06926536560059,3.41628861427307,-37.407265857624,9.72165925513115,-13.6486261457848,-3.43671226501465,-10.4695053100586,-1.75198912620544,48.1019145883274,-92.1203800907953,146.904678555496
23.0,-0.915008842945099,-8.32264137268066,3.42873573303223,-39.307824050788,5.29330610675338,-14.335721831947,-2.50570178031921,-10.5020618438721,-1.97190880775452,44.0236120500074,-91.2879029743758,140.713153054015
23.005,-1.22317814826965,-8.60935497283936,3.42077326774597,-41.3780509731243,1.58028347262781,-15.0247427776814,-1.19492495059967,-10.4946231842041,-2.21500420570374,40.1976474354789,-88.9549015991962,134.931179355546
23.01,-1.55417370796204,-8.93655872344971,3.38909482955933,-43.1875081031386,0.155348530546054,-15.5892459597519,0.335831016302109,-10.3070688247681,-2.33178281784058,37.2640402058234,-84.9532098777016,130.272047775491
23.015,-1.95064175128937,-9.259765625,3.44270038604736,-44.5488057858572,1.06586019804719,-15.866864121209,1.27695024013519,-9.99221038818359,-2.19283270835876,32.8296662456923,-74.3462676061303,120.968852012692
23.02,-2.35987305641174,-9.59978485107422,3.541499376297,-44.8532102416918,2.64112252113968,-16.0921118072049,2.27079486846924,-9.36276054382324,-1.79283463954926,29.5883760694007,-58.1100473451746,109.678262446716
23.025,-2.77630639076233,-9.94888019561768,3.68105912208557,-43.8788256999815,4.52680007997975,-16.2204886277499,3.05777931213379,-8.4690523147583,-1.2842333316803,27.6634716669401,-36.17776350513,96.5355509740749
23.03,-3.19571042060852,-10.2911586761475,3.86149096488953,-41.134681087713,6.26006047338709,-16.1327975365434,3.05666613578796,-7.39835596084595,-0.944999694824219,27.143576450339,-7.72057860663114,81.322411088517
23.035,-3.54887962341309,-10.6751546859741,3.98128294944763,-36.9881620350574,8.32640187185928,-15.2296125942886,2.07303333282471,-6.47216320037842,-1.21195077896118,24.1031826281049,18.0905056300402,63.1037557417218
23.04,-3.83652091026306,-11.1265687942505,4.09141778945923,-31.8737641958761,11.2105960979643,-13.838373069796,0.658551275730133,-5.8655104637146,-1.5176796913147,18.9417230779949,37.6863644625837,43.5812104521819
23.045,-4.03995084762573,-11.6294298171997,4.21020364761353,-25.5602207799669,14.7917599024504,-11.9706279591784,-0.998365044593811,-5.63439750671387,-1.7244485616684,12.2068124855829,51.1318957871718,23.5287261528664
23.05,-4.09690380096436,-12.1326103210449,4.37314510345459,-17.1077302009346,18.6053208934461,-9.497589776767,-2.57224726676941,-5.91222476959229,-1.62889957427979,5.20322701065831,59.3546649063018,4.5308584930072
23.055,-4.02137851715088,-12.4359035491943,4.6082911491394,-5.28179595734144,20.5060686243596,-6.30721652630368,-3.6277072429657,-6.45644664764404,-1.55957341194153,-1.19571607471259,64.1071378515533,-11.1097133501496
23.06,-3.79090309143066,-12.6847152709961,5.02919721603394,9.06185615111874,19.4312000471274,-2.78984924998648,-4.1606240272522,-7.07538557052612,-1.60315847396851,-7.62917018496886,64.0805752458712,-23.782594039032
23.065,-3.39055299758911,-12.8353414535522,5.64728736877441,25.477256179666,14.9828788407111,0.84659879933276,-4.13579988479614,-7.71212148666382,-1.76493179798126,-14.1313506191491,58.8336444160349,-33.5674598647425
23.07,-2.77315068244934,-12.5384397506714,6.40232133865356,42.7389285992089,6.36735036553012,4.02221387862953,-3.39310193061829,-8.29270553588867,-1.98282957077026,-20.2227762832496,47.6155094967742,-40.446532698645
23.075,-2.02505207061768,-11.7490558624268,7.06087303161621,57.7264502610083,-2.00163175938866,6.26743494325659,-2.23793148994446,-8.8557186126709,-2.10886979103088,-23.7714113118134,37.5925449841444,-45.3542524286364
23.08,-1.26384234428406,-10.6464357376099,7.53977251052856,69.180329159472,-7.44298264328889,7.67537982979858,-1.02297508716583,-9.29911708831787,-2.19279861450195,-25.4916610486256,31.2739096622089,-48.9091268350071
23.085,-0.533746421337128,-9.28460788726807,7.77883291244507,76.1848315872927,-8.56514942674979,8.21979542552008,0.079566203057766,-9.58031940460205,-2.25737977027893,-25.7759318143342,29.4932964210595,-51.2717439104278
23.09,0.131519868969917,-7.68118286132813,7.57020235061646,75.7611276323201,-2.34058139105443,7.6439088794241,0.647025883197784,-9.66921234130859,-2.35845327377319,-26.2559199431623,31.094033215322,-52.3641643662797
23.095,0.746732950210571,-6.17304754257202,7.08875226974487,71.7910528564935,5.94220438686903,6.62758142668125,0.679294109344482,-9.77573680877686,-2.32203483581543,-27.2311650887079,33.9014185491157,-52.4338630316651
23.1,1.26900446414948,-4.86088991165161,6.42191934585571,63.2423129592247,18.8890589043995,4.5622282712046,0.135093599557877,-9.92430782318115,-2.19748854637146,-27.1711294334508,37.45103712492,-50.2825412733132
23.105,1.66109573841095,-3.82891845703125,5.60314846038818,49.3578600181932,37.8665346076048,1.05308998545508,-1.07705903053284,-10.1098747253418,-1.99811255931854,-25.0467613091111,41.6959792035155,-45.0268029145422
23.11,1.75308775901794,-3.44033312797546,4.58918285369873,30.8961865407288,58.0528513410649,-4.17492282120585,-3.63526225090027,-9.96755313873291,-1.58243811130524,-17.9104515982349,49.4616140067802,-34.3703588469612
23.115,1.70511054992676,-3.60417890548706,3.55921816825867,11.6873117124063,75.5362299935191,-10.4878681686759,-6.55305004119873,-9.69735813140869,-0.88701456785202,-9.62208363476882,54.1368101917623,-22.0420535177431
23.12,1.54966497421265,-4.27881097793579,2.52566480636597,-7.11544390984869,89.9799354086967,-17.6362160879643,-9.64842510223389,-9.29493236541748,-0.777429282665253,-2.5018526160856,56.4432148103138,-9.71661857552368
23.125,1.30603921413422,-5.46235704421997,1.49818062782288,-24.5692627842356,100.92985562944,-25.4725057830983,-12.7874059677124,-8.74871349334717,-1.97848665714264,1.53204024569442,56.8101769687565,1.27282730961644
23.13,1.04245805740356,-7.27150106430054,0.460479021072388,-36.9139281240632,108.16790954574,-33.5347466737127,-15.6462450027466,-8.782395362854,-4.23702430725098,-4.35069090930696,58.6850809713979,3.21523300460805
23.135,0.780611217021942,-9.4088659286499,-0.368429124355316,-46.2805558536843,110.681275726332,-41.2575015493681,-17.4385623931885,-9.33206939697266,-5.02771711349487,-19.1946791339063,39.6613853780791,-4.14507959028795
23.14,0.485046356916428,-11.8651094436646,-1.00597214698792,-52.850429438955,107.748310534459,-48.3071993389268,-17.67458152771,-10.2800350189209,-4.41901063919067,-42.3382253062663,-0.144332902838278,-19.0046222900615
23.145,0.108627036213875,-14.6530256271362,-1.45932638645172,-56.636181314745,98.0433698748686,-54.2129565557241,-15.6192302703857,-11.5090475082397,-2.38925290107727,-73.5883966460148,-62.1842210341413,-39.6743354167455
23.15,-0.300225883722305,-17.25563621521,-1.73051249980927,-56.6700522228391,80.1701650057251,-56.3670377105007,-11.2161169052124,-12.8962240219116,-0.633465886116028,-99.6817410114579,-120.606838326303,-57.2439793584169
23.155,-0.661027669906616,-19.162504196167,-1.82878005504608,-55.4020890751288,58.596097266891,-54.4840570091657,-6.66008377075195,-13.97984790802,0.459602385759354,-114.139147786111,-157.470393805238,-68.2263088267722
23.16,-1.03953468799591,-20.6152667999268,-1.73958039283752,-53.1946436523669,34.6458818478904,-48.2417934474347,-2.31149125099182,-14.6751012802124,1.05056762695313,-116.625288832671,-170.577117011142,-72.6885806945682
23.165,-1.57067346572876,-22.0776882171631,-1.41464030742645,-50.377484317871,10.1091077122156,-36.6008766487394,1.35607290267944,-14.8290004730225,1.43182218074799,-105.92667176206,-155.150793261209,-70.4389486083978
23.17,-2.14054369926453,-21.4843254089355,-0.730540215969086,-46.7447594153405,-10.864109139106,-19.8728264184821,4.04736948013306,-14.583815574646,2.00868320465088,-91.7712618015592,-128.55017074611,-65.8749479031036
23.175,-2.64730167388916,-19.5853862762451,0.0666290000081062,-42.2498802244468,-27.3204988404098,-2.51577638359549,5.80816125869751,-14.2690906524658,2.34088563919067,-71.0188180085535,-85.7812610315389,-59.5891794514542
23.18,-3.03310918807983,-16.7396106719971,0.889175117015839,-36.8334753258296,-39.3263065426821,13.9281320007738,6.82621049880981,-13.8262777328491,2.30621242523193,-46.5988494991961,-32.2092528426234,-53.0920098148037
23.185,-3.15574860572815,-13.6317291259766,1.57378804683685,-30.2560031551073,-47.0162970008889,26.5107816218521,7.56357097625732,-12.953577041626,1.67586612701416,-27.8420247646753,15.7240175449073,-50.5425187636914
23.19,-2.96615409851074,-11.0594053268433,1.91847109794617,-24.4315730007573,-52.5228194154153,33.7448637831498,6.56567764282227,-11.684549331665,0.35331067442894,-16.9941714757939,46.4310693173293,-49.8819131124515
23.195,-2.5719358921051,-8.90511894226074,2.0442967414856,-20.5271773239895,-56.0348924413521,37.3714722512786,4.49675130844116,-10.4460754394531,-0.940288484096527,-11.0780426167419,65.0951930168874,-48.9561458572534
23.2,-1.97559094429016,-7.1550030708313,2.03282570838928,-18.4175846063719,-57.440074089488,37.8823123445876,1.6031299829483,-9.37075233459473,-1.95344233512878,-8.93221745312461,74.0675002653454,-47.296396228562
23.205,-1.0811619758606,-5.8618631362915,2.14360189437866,-16.3513909107405,-56.0245651953271,35.8309060085093,-1.62983000278473,-8.65047550201416,-2.23370170593262,-8.11399152640835,79.1365729691945,-44.8688752805532
23.21,-0.0068481718190014,-4.95869636535645,2.4555869102478,-13.2105583029877,-47.4475688054619,29.9831336826707,-4.86555099487305,-8.07229232788086,-2.23731255531311,-5.50025827728383,86.1248741883039,-42.1518533494788
23.215,1.08301246166229,-4.34027338027954,2.63984775543213,-8.64227763040486,-34.5722387482593,21.5881106077676,-7.94064569473267,-7.45494556427002,-2.05539584159851,-2.8506731517625,88.4510863554485,-40.1425380541607
23.22,2.11869359016418,-3.98677754402161,2.5412483215332,-2.71919670599481,-18.6086471955719,11.1205673745144,-10.7595701217651,-6.71185684204102,-1.73743450641632,-1.77976213554579,81.8619345612455,-39.1600358326219
23.225,2.99042820930481,-3.9578697681427,1.85519909858704,2.65040517510855,-2.4381993084459,-0.419871845322224,-13.0474433898926,-5.65865516662598,-1.47508668899536,-10.3736528916013,51.5954060846272,-38.8379787528774
23.23,3.58802342414856,-4.24502563476563,0.978567063808441,6.75806877567976,11.4371184680141,-10.8045379367125,-14.1248960494995,-4.62213087081909,-1.04696071147919,-25.3176807625397,3.74047284423474,-39.1302083965164
23.235,3.88080763816833,-4.77880239486694,0.0780256688594818,9.68875908767284,23.0332761833047,-19.3643803064772,-13.9333782196045,-3.88791656494141,-1.17159986495972,-42.2402462426225,-41.2206185278501,-39.4362486826572
23.24,3.82988834381104,-5.53536605834961,-0.753532707691193,11.2909165612827,32.1513704045021,-25.5764339415092,-12.376184463501,-3.64238524436951,-2.25730013847351,-58.2741426399841,-71.3881536577328,-39.490719441288
23.245,3.33138990402222,-6.49879217147827,-1.40353381633759,9.20631294451722,37.338526833817,-28.2081587626812,-9.53783893585205,-4.22441005706787,-4.27446222305298,-61.3613471636949,-70.0422990327276,-40.2074282663704
23.25,2.74277019500732,-7.39172267913818,-1.93905961513519,3.34491439128449,38.3642436622345,-28.9149194172374,-6.78941869735718,-4.99808263778687,-5.42454814910889,-60.2090805903354,-61.6898314514483,-41.4383581284009
23.255,2.19527506828308,-8.13083362579346,-2.33726835250854,-5.00988271138865,35.5324472323472,-28.3638990285885,-4.46721506118774,-5.7987699508667,-5.74195384979248,-56.4948817762904,-51.4194501663239,-42.4934447702495
23.26,1.7958836555481,-8.64038944244385,-2.57157278060913,-14.9892582373959,28.8488680728688,-27.0091190538854,-2.86498522758484,-6.49709320068359,-5.20307540893555,-51.3970915420759,-43.1639063844617,-42.8126878120559
23.265,1.19420266151428,-9.36601829528809,-2.76388430595398,-22.4685561427281,19.1522841497281,-24.9654871806299,-0.559890925884247,-7.78592109680176,-4.0357494354248,-44.6260279046134,-28.7448442918095,-42.1158036110395
23.27,0.65235298871994,-9.93935871124268,-2.70719718933105,-26.9896581373928,9.35642342700118,-22.5915644345854,1.1242094039917,-9.11083030700684,-3.21991181373596,-36.1674909006183,-9.65755622222328,-40.715942680267
23.275,0.12776181101799,-10.3442316055298,-2.42430806159973,-29.189335927521,-0.183047882477365,-19.911080600476,2.14537644386292,-10.3637714385986,-2.66156029701233,-27.7925400441386,8.48307275104103,-38.8901511528526
23.28,-0.431732386350632,-10.5473537445068,-1.92645788192749,-29.689066718145,-8.9995477504153,-16.9302750561085,2.39992260932922,-11.4034557342529,-2.26239657402039,-21.7327791370303,18.5496275309539,-36.9537515420189
23.285,-1.09359467029572,-10.5872402191162,-1.31879806518555,-30.1830601498662,-15.9074986241286,-13.3754587063457,1.86950361728668,-11.8250408172607,-1.67880749702454,-19.9601435568315,16.1462666695867,-34.2028382122829
23.29,-1.74972414970398,-10.5546798706055,-0.810005962848663,-31.1393446902759,-20.0353678452555,-9.95935752221041,0.980710625648499,-11.8370847702026,-1.34573197364807,-18.2019726097475,18.1245729060729,-30.2176174919718
23.295,-2.34640502929688,-10.4681262969971,-0.442187339067459,-32.492770579976,-21.3692320731727,-7.01390631764728,-0.151114702224731,-11.5156946182251,-1.44217658042908,-15.7657534158307,25.6486375787727,-25.7040543186036
23.3,-2.78698205947876,-10.3473043441772,-0.28799495100975,-34.1124235831449,-19.6803431499347,-5.14255187894015,-1.37791657447815,-10.9480276107788,-2.30674171447754,-11.7177231296858,39.7340210248076,-21.9883187119953
23.305,-2.97777152061462,-10.2466230392456,-0.424140214920044,-36.9221072755943,-12.8874493741111,-3.26759921120089,-2.55003762245178,-10.2765426635742,-2.977698802948,-8.14649212780021,47.708649371391,-20.3178388561178
23.31,-3.00362539291382,-10.1704950332642,-0.684630513191223,-39.0182718413037,-2.81266613723914,-2.74615951807367,-3.71694350242615,-9.61669540405273,-3.21406936645508,-6.08586332879509,49.6233119051911,-19.8312220287002
23.315,-2.88402652740479,-10.1167516708374,-1.02021300792694,-39.733252628526,9.50811851337258,-3.73733949495299,-4.86449432373047,-8.98289489746094,-3.15072655677795,-5.82499022986197,46.3897022766211,-20.2499075021801
23.32,-2.63157320022583,-10.0795192718506,-1.35479402542114,-37.6913778214345,21.928182311448,-6.34800983112159,-5.931809425354,-8.37743949890137,-3.24040937423706,-7.99272664033665,40.1735368677088,-21.1590756901478
23.325,-2.30840229988098,-10.0300149917603,-1.58042669296265,-31.8265744189005,29.4070618676935,-9.91171524520228,-6.69019556045532,-7.88645887374878,-3.47758483886719,-11.1337897669739,32.5331506583491,-21.8638812030542
23.33,-2.01760983467102,-10.0023946762085,-1.77815043926239,-24.3290313707479,31.1088718012939,-13.4379353004575,-7.12862062454224,-7.58440732955933,-3.67867302894592,-15.3372256397568,21.4072471985457,-22.7615353996285
23.335,-1.80110621452332,-10.0083312988281,-1.98515295982361,-16.2830838963985,26.7505946862531,-16.4786100142211,-7.26873636245728,-7.49179887771606,-3.81315350532532,-19.9670608309135,7.92969253203389,-23.832587608662
23.34,-1.75137603282928,-10.0681447982788,-2.29393649101257,-10.558776631318,15.847319534899,-17.9333122413869,-7.22261905670166,-7.62990522384644,-3.92218160629272,-21.9663647764556,-0.546824464703545,-24.5890395969773
23.345,-1.80918455123901,-10.1805038452148,-2.58616662025452,-9.06666204297349,2.83747637251239,-17.716803782434,-6.79535007476807,-8.12088966369629,-3.75299167633057,-23.0501740713114,-6.02631176319539,-25.4156905620348
23.35,-1.88788270950317,-10.2908191680908,-2.75921225547791,-10.4867958289762,-10.15155563036,-16.2921902461094,-6.09622192382813,-8.73456859588623,-3.52009439468384,-24.2406743360973,-11.4636042340682,-26.1214130278372
23.355,-1.95720267295837,-10.3855285644531,-2.77336597442627,-14.2144501156861,-22.2710765908028,-13.8177843183167,-5.15426588058472,-9.37295627593994,-3.31167936325073,-25.7694704553794,-17.5041782860242,-26.6307829229274
23.36,-2.00806379318237,-10.5067873001099,-2.6230001449585,-18.3135744856909,-32.5869827942926,-10.5885443032682,-3.96913361549377,-9.85449886322021,-3.25928807258606,-26.6517618489631,-21.1966161173735,-26.8962638382293
23.365,-1.90331900119781,-10.6316995620728,-2.25807809829712,-22.0441862443114,-41.122888766111,-7.24037447307057,-2.87428784370422,-10.2585687637329,-3.27220606803894,-25.2534974749091,-20.3413961785652,-26.8634806377605
23.37,-1.65846312046051,-10.7512092590332,-1.79765331745148,-25.499672860522,-47.5413131518203,-4.10443441519767,-2.00691080093384,-10.5747842788696,-3.24299216270447,-22.4181920353357,-15.8400146475816,-26.3653873849901
23.375,-1.27502977848053,-10.8544483184814,-1.30706870555878,-28.6829764383075,-51.4735964909692,-1.35928693905993,-1.46060109138489,-10.7825012207031,-3.12127423286438,-18.5821289861194,-8.04938988969107,-25.29062467569
23.38,-0.773533880710602,-10.8372049331665,-0.927001953125,-31.0349281733393,-51.6072803684993,1.13917384777252,-1.38942778110504,-10.6966590881348,-3.06316804885864,-15.0220790039051,1.5240081566739,-23.6870414000909
23.385,-0.333980470895767,-10.7479791641235,-0.685828506946564,-32.8352874913792,-50.5883459179276,3.35312683998779,-1.63420450687408,-10.419529914856,-3.02914357185364,-11.9994513574759,9.51931490096952,-22.3895718351661
23.39,0.0660141035914421,-10.5968866348267,-0.560670733451843,-34.3291967119282,-49.0228665601607,5.25556973847588,-2.15926384925842,-10.048544883728,-2.99194693565369,-9.46113278829841,15.6386213972619,-21.4447466446363
23.395,0.441843450069427,-10.3881921768188,-0.540422856807709,-35.6930113193559,-47.3597803840597,6.8059381564778,-2.95337772369385,-9.65550518035889,-2.92969155311584,-7.39449769169191,19.5299577523366,-20.9111995874316
23.4,0.755340337753296,-10.31019115448,-0.623359799385071,-36.4891245086342,-46.1436344664877,7.49737485474429,-3.95880889892578,-9.25539779663086,-2.83783984184265,-5.9795894272911,21.0803645901526,-20.5156906533529
23.405,1.21902918815613,-10.2134037017822,-0.673158347606659,-37.0563990399605,-44.1683164377633,8.27906866091109,-4.78847932815552,-8.86122035980225,-2.82109761238098,-5.24374838856988,21.9297549625043,-20.4779589808304
23.41,1.70917725563049,-10.1276016235352,-0.688883543014526,-37.0178426220957,-41.1751977698695,8.92726385842906,-5.3506555557251,-8.54395389556885,-2.84602236747742,-5.0692101614062,22.0353138285796,-20.8368905443565
23.415,2.07236051559448,-10.0910387039185,-0.666739761829376,-35.8531963308656,-36.7610445847762,9.15056664805887,-5.50950622558594,-8.39869403839111,-2.87380075454712,-5.35119025242194,21.28603524644,-21.6718555571811
23.42,2.33570981025696,-10.0277404785156,-0.609201073646545,-32.8965098920046,-30.4735720009289,8.89386850225593,-5.45610904693604,-8.35574817657471,-2.79038667678833,-6.10794746481585,18.5020672162158,-23.1917263267653
23.425,2.52069687843323,-9.94704341888428,-0.548843085765839,-29.4774503821851,-22.1577722902088,8.3221603243847,-5.23616600036621,-8.39725017547607,-2.66390180587769,-6.92239544314745,16.1661271521458,-24.2682187814727
23.43,2.61274003982544,-9.86367321014404,-0.499822676181793,-25.8816375294766,-12.1606062558477,7.47551483430566,-4.85546207427979,-8.49776458740234,-2.54517602920532,-7.56150179331425,14.5865127178915,-24.9001461759349
23.435,2.57216572761536,-9.80427265167236,-0.486727744340897,-22.4916746255213,-0.978803247216439,6.38354858603363,-4.30322456359863,-8.6171932220459,-2.52416372299194,-7.60917480617364,14.1656458527454,-25.1572293736523
23.44,2.52148222923279,-9.73269748687744,-0.494188874959946,-18.8443792219439,9.66720386442593,4.73722838991091,-3.56156325340271,-8.80688762664795,-2.44923686981201,-7.85333528598138,14.4068667898891,-25.1373620609041
23.445,2.42609810829163,-9.66084289550781,-0.511007845401764,-15.4791859990136,19.8222095940904,3.03097178971744,-2.91291356086731,-9.00736331939697,-2.36881327629089,-7.58674873380755,15.6865812780665,-24.9423191789652
23.45,2.29623532295227,-9.59869956970215,-0.535033464431763,-12.4206930292527,29.31829672924,1.28655438902258,-2.42910504341125,-9.186692237854,-2.29156923294067,-6.75328508193982,17.7686995597477,-24.570456359793
23.455,2.17107439041138,-9.57188320159912,-0.564734578132629,-9.57219166420282,37.5907827953385,-0.61593151831294,-2.23137903213501,-9.27169895172119,-2.22542715072632,-5.39529876030824,19.9024865149529,-23.9639116558338
23.46,1.94242024421692,-9.53151607513428,-0.603844106197357,-6.84397718751289,44.3009109001208,-2.69851638729189,-2.26947212219238,-9.23776817321777,-2.2522144317627,-4.23646410628814,22.3534725778553,-22.9515427246018
23.465,1.67332136631012,-9.47488212585449,-0.658139526844025,-4.03669686787772,49.961857061592,-4.80298176727697,-2.40454840660095,-9.15221309661865,-2.30832242965698,-3.30732593929121,24.4224427453843,-21.9434853502834
23.47,1.38004291057587,-9.40657043457031,-0.729053139686584,-1.14848873169653,54.6570213046125,-6.90729176045844,-2.59285855293274,-9.04200839996338,-2.36290454864502,-2.69684875391735,25.6340448796109,-21.1155878757024
23.475,1.07543969154358,-9.35071659088135,-0.817490994930267,1.62998825332187,58.2623810542334,-9.06682596751357,-2.76907181739807,-8.96573066711426,-2.33562064170837,-2.78965330893466,24.4691834374219,-20.8783378397874
23.48,0.775665283203125,-9.28563213348389,-0.923298418521881,3.55481144056428,61.0780514074902,-11.1835169592262,-2.9586353302002,-8.90367126464844,-2.32713866233826,-3.20568482703519,22.5148819007737,-20.799117890699
23.485,0.456824898719788,-9.22241306304932,-1.04265677928925,4.81906814343282,62.7957551912892,-13.2260483182517,-3.1196506023407,-8.8395528793335,-2.32865476608276,-3.7442729907342,20.565854977712,-20.8699623203177
23.49,0.114207662642002,-9.16886520385742,-1.16677701473236,5.45262368423851,63.2240763541407,-15.1447799372498,-3.22498083114624,-8.77378559112549,-2.33754539489746,-4.37260727880624,18.799651728164,-21.0979181763195
23.495,-0.219395726919174,-9.1564302444458,-1.23245871067047,5.32855073664429,61.953968527031,-16.6472439697342,-3.1798951625824,-8.75491809844971,-2.35453271865845,-5.34940287729352,16.4499095593287,-21.5237377823875
23.5,-0.569342195987701,-9.16279220581055,-1.23976123332977,4.97410063098742,60.1706744366324,-17.6683077317796,-3.04367470741272,-8.76744365692139,-2.42616605758667,-6.20151294559539,14.8805267484512,-22.2507550704747
23.505,-0.905842483043671,-9.18285465240479,-1.21392869949341,4.22319987891997,57.3643272915926,-18.6601775577651,-2.93887662887573,-8.81097316741943,-2.49193787574768,-6.78297121850681,13.477853487288,-22.9020836172744
23.51,-1.21273899078369,-9.21587085723877,-1.16873443126678,2.96613472491721,53.2535711094312,-19.8260959717281,-2.9333484172821,-8.88015842437744,-2.52548217773438,-6.99502554034725,12.0130442876979,-23.2590788221708
23.515,-1.49563658237457,-9.28307151794434,-1.14542162418365,1.20222535171331,48.6411955893404,-20.557757788451,-3.05261778831482,-8.8514461517334,-2.632887840271,-6.71745689776169,12.0299105860796,-23.0422510518741
23.52,-1.7529171705246,-9.32898807525635,-1.15345871448517,-0.815053784094468,43.9334808737199,-20.8505953189261,-3.1562614440918,-8.76964282989502,-2.79401516914368,-7.04350750373647,11.9565261798633,-22.5223592503676
23.525,-1.992711186409,-9.36756896972656,-1.18881809711456,-2.87071185957026,39.3518890162183,-20.8248984397212,-3.23491954803467,-8.71750545501709,-2.91808223724365,-7.45436088467249,11.5418099000648,-22.0555294809755
23.53,-2.22041916847229,-9.40946960449219,-1.24996721744537,-4.79598338469865,35.0804082376028,-20.5569091374466,-3.27961254119873,-8.76271629333496,-2.93056535720825,-7.54227224947972,10.5650236930876,-21.9284623492039
23.535,-2.39029240608215,-9.44848537445068,-1.33050525188446,-6.54663600105379,31.3117079290757,-20.0715166214378,-3.39628195762634,-8.80490016937256,-2.90427231788635,-7.41159877782633,9.48462863904325,-21.897149346954
23.54,-2.51719093322754,-9.49739933013916,-1.36705482006073,-7.92854847534792,27.5872689539176,-19.5015766087879,-3.46739506721497,-8.82519626617432,-2.97025847434998,-7.78979318235911,7.85897616846217,-22.0822986998801
23.545,-2.61450910568237,-9.56856822967529,-1.37580406665802,-8.93901519889607,23.7935957662376,-18.8929760178885,-3.49996089935303,-8.87821483612061,-3.08434653282166,-8.36593927564355,5.89706622796536,-22.4654910953381
23.55,-2.69679951667786,-9.67923450469971,-1.37495350837708,-9.54606448308023,19.7827567138971,-18.3003870979509,-3.49982047080994,-9.03508377075195,-3.19473195075989,-8.7646268090073,3.83562250201489,-23.0388188818162
23.555,-2.73797917366028,-9.75067520141602,-1.3399578332901,-10.008362421958,15.1764583546203,-17.4583767449974,-3.42694163322449,-9.25862407684326,-3.11538410186768,-8.58603870655262,2.53854524608055,-23.3438158565613
23.56,-2.77461218833923,-9.81889152526855,-1.30287992954254,-10.3781249579604,10.3707150564845,-16.4879571281003,-3.35448932647705,-9.4381217956543,-3.04099941253662,-8.45149507896077,1.54513254439457,-23.5129313404108
23.565,-2.80334377288818,-9.87462711334229,-1.27237498760223,-10.7477295458382,5.50804127784306,-15.4399329018535,-3.28846788406372,-9.54754066467285,-3.0058798789978,-8.42167618059179,0.552688982518794,-23.5103836798504
23.57,-2.81313586235046,-9.89524745941162,-1.26215875148773,-11.2866955043757,0.810783101594211,-14.3896649584644,-3.2332284450531,-9.54182147979736,-3.05865859985352,-8.55717432712015,-0.963717066887174,-23.2363650280859
23.575,-2.77330422401428,-9.90969657897949,-1.27288246154785,-11.8923872884623,-3.87895236833581,-13.4640530900699,-3.21114778518677,-9.48605060577393,-3.07441568374634,-8.62440814798881,-1.80758651195543,-23.1352457849712
23.58,-2.66493821144104,-9.90811538696289,-1.30312538146973,-12.2659824143627,-8.47809610445703,-12.559900822274,-3.19444036483765,-9.38967895507813,-3.02565908432007,-8.56708834670042,-2.10161292223296,-23.0828155453549
23.585,-2.48069953918457,-9.88302707672119,-1.35019886493683,-12.4702434903602,-12.812708321571,-11.7195408137787,-3.18774938583374,-9.26482772827148,-2.92824625968933,-8.51356783813785,-2.26024620014062,-23.0759409599552
23.59,-2.1992175579071,-9.81412601470947,-1.40832674503326,-12.7810196589167,-16.3829395545168,-11.1094461189983,-3.21559596061707,-9.1407356262207,-2.83388113975525,-8.85805269779567,-3.43223473128511,-23.1548159844905
23.595,-1.8713504076004,-9.71953201293945,-1.42255902290344,-12.9259033391383,-18.6761328796662,-10.7348700071783,-3.30270409584045,-8.98697090148926,-2.84818768501282,-9.14007206239915,-4.18190028632984,-23.3800875761486
23.6,-1.53283286094666,-9.64355087280273,-1.40021979808807,-13.1134757016725,-21.2376399410759,-10.3819643780475,-3.37880539894104,-8.86671733856201,-2.87602066993713,-9.41949424757072,-4.68867044066717,-23.732646573179
23.605,-1.19508731365204,-9.60132789611816,-1.34352850914001,-13.3950536653008,-24.1708680952325,-10.0413197922506,-3.41986274719238,-8.80670070648193,-2.8943874835968,-9.70825757020594,-5.0787425441666,-24.2409612040424
23.61,-0.875684261322021,-9.6192455291748,-1.25551795959473,-13.8015489586596,-26.4130347846401,-9.88288330916836,-3.38397145271301,-8.86844825744629,-2.89113569259644,-10.0021930535901,-5.76161333144025,-25.0569963475824
23.615,-0.531940817832947,-9.66731929779053,-1.16346263885498,-14.1878345760379,-27.9374493375696,-9.97307681093202,-3.33528804779053,-8.99872589111328,-2.85158157348633,-10.0272820459589,-6.4995537995576,-25.665422768658
23.62,-0.186202049255371,-9.73193645477295,-1.0551141500473,-14.5232515057988,-28.7588086135676,-10.1622832962251,-3.27677607536316,-9.14080333709717,-2.84085297584534,-9.91007258470689,-6.78685887680501,-26.0579725232788
23.625,0.151310116052628,-9.80417060852051,-0.927648544311523,-14.8063457714229,-28.8611931492261,-10.4002120821889,-3.19936299324036,-9.26801013946533,-2.88073253631592,-9.69917085728888,-6.3625781977344,-26.2446774517884
23.63,0.459770888090134,-9.84589004516602,-0.796228289604187,-15.1225169356501,-28.252524256435,-10.6712152054348,-3.02477478981018,-9.32007503509521,-2.95917630195618,-9.47101180315919,-4.64244926989323,-26.3825021315028
23.635,0.704836130142212,-9.85965633392334,-0.643982112407684,-15.4576316295403,-26.7803606506561,-10.9801139257432,-2.81489491462708,-9.38615798950195,-2.93383717536926,-8.9649955309515,-3.56421895892891,-26.8171360966947
23.64,0.901884734630585,-9.86028099060059,-0.492775827646255,-15.8364202605309,-24.4186212545436,-11.4100495745597,-2.66401958465576,-9.43945598602295,-2.90829110145569,-8.40493026429421,-2.77954420207622,-27.3225393594244
23.645,1.05017185211182,-9.855637550354,-0.355012476444244,-16.2637834893513,-21.0746221086079,-12.01487819349,-2.62681436538696,-9.46317672729492,-2.93919849395752,-7.88959505273769,-2.07203670902292,-27.7762346750425
23.65,1.03820860385895,-9.85984516143799,-0.245180904865265,-16.5493178400564,-16.2173586935627,-12.8531293810791,-2.73244047164917,-9.42247676849365,-3.06267786026001,-7.12483285863652,-0.562414851731775,-28.0502891853001
23.655,1.01202154159546,-9.86561107635498,-0.196829319000244,-16.5090487522573,-10.7593348910117,-13.7862382358613,-2.89188981056213,-9.34625911712646,-3.17719483375549,-6.24913857401742,1.22265796933711,-28.260580464561
23.66,0.95242828130722,-9.87080192565918,-0.197612732648849,-16.0791720138223,-4.77298741842369,-14.8103670452968,-3.05729913711548,-9.28518295288086,-3.26462125778198,-5.41753316049075,2.92938531897478,-28.5820655159625
23.665,0.842115879058838,-9.87368774414063,-0.240713804960251,-15.1850524401435,1.71637701955272,-15.928031880321,-3.19093775749207,-9.28049278259277,-3.30887007713318,-4.75609977570083,4.2713774720043,-29.1608062273579
23.67,0.663685441017151,-9.87501049041748,-0.385658115148544,-13.6302384227655,8.41875968981619,-17.1169355883884,-3.35650277137756,-9.28788948059082,-3.23492670059204,-4.68032010752001,4.70085805946741,-29.6017734854576
23.675,0.475136786699295,-9.87750625610352,-0.545488893985748,-11.6828669668039,14.6005658321088,-18.0580195428003,-3.5277726650238,-9.24644184112549,-3.12553834915161,-4.41146550565491,5.08699896221268,-29.7506408735126
23.68,0.289182424545288,-9.87801647186279,-0.704949617385864,-9.37894853711023,20.0691738665524,-18.8020422943735,-3.66691327095032,-9.1638126373291,-3.01894402503967,-4.08274258816736,5.77019034149049,-29.7867554987491
23.685,0.121994078159332,-9.87242221832275,-0.844843208789825,-6.73629968213446,24.5277130359671,-19.3976262522622,-3.72391796112061,-9.04645919799805,-2.96340084075928,-3.85690964033688,7.20095232872855,-29.9267914522073
23.69,-0.0133820492774248,-9.92130756378174,-0.973999381065369,-4.61284851069086,27.8394258776961,-19.9401550082255,-3.60044074058533,-9.00991344451904,-2.85564684867859,-3.59909262417053,8.76997655467471,-30.9068279754557
23.695,-0.134965553879738,-10.0285787582397,-1.08456099033356,-3.08221805872981,30.2083557554573,-20.2727083811769,-3.47582077980042,-9.05160427093506,-2.78580093383789,-3.20087829485021,10.1238506755391,-32.0689368514092
23.7,-0.244833692908287,-10.1781969070435,-1.15893518924713,-1.76245742439674,32.0537055295601,-20.510402379388,-3.39965295791626,-9.15817451477051,-2.73627996444702,-2.63725962227722,11.7798010115047,-33.2000708194767
23.705,-0.343792378902435,-10.3438205718994,-1.16080617904663,0.0556840710337744,34.0931692798746,-20.8778938774913,-3.45213007926941,-9.31141662597656,-2.66642236709595,-1.85485654365379,14.7868404587007,-33.962558987471
23.71,-0.374308168888092,-10.472825050354,-1.09736561775208,1.67338780891666,35.1515207521464,-20.8616158291519,-3.5215585231781,-9.41618347167969,-2.63497090339661,-1.48374056297868,16.7882498100545,-34.6402435267305
23.715,-0.371422976255417,-10.5376491546631,-1.01509821414948,3.0220865673809,35.7959661758101,-20.6426997285165,-3.5417742729187,-9.49162101745605,-2.63376522064209,-1.41059382600119,17.1649210824024,-35.5700166878769
23.72,-0.356076389551163,-10.5358428955078,-0.920103311538696,4.05086566842409,36.2371895660037,-20.2702051168461,-3.52992653846741,-9.54660415649414,-2.6147882938385,-1.43102142770482,16.392602564645,-36.6593874642643
23.725,-0.375308066606522,-10.464243888855,-0.812064051628113,4.60746119898301,36.8633403279755,-19.8070329137546,-3.55704760551453,-9.59813594818115,-2.43970847129822,-1.00013435488121,15.9759746856526,-37.5312918476677
23.73,-0.441033095121384,-10.3929996490479,-0.760744988918304,4.9258180237446,37.8018697916377,-19.4545166054065,-3.51866936683655,-9.58742141723633,-2.41351008415222,-0.125913736936392,16.7637550441435,-38.6218544920653
23.735,-0.552484273910522,-10.3273820877075,-0.75433087348938,5.34605138884516,38.7913285608462,-19.1268382799752,-3.40893840789795,-9.55475044250488,-2.53174448013306,0.428027411356336,18.324234703438,-39.7510213656518
23.74,-0.698681533336639,-10.2666482925415,-0.796879351139069,5.96439865969017,39.76350353636,-18.8608672986003,-3.23975825309753,-9.50956535339355,-2.75152540206909,0.565652734924331,20.3337429516002,-40.8776713145292
23.745,-0.829151570796967,-10.2020740509033,-0.919141411781311,6.88985514128104,40.6615094876766,-18.9144467175445,-3.07253170013428,-9.45563125610352,-2.87716341018677,0.602405769404758,21.7135316639493,-41.9899949416224
23.75,-0.889686107635498,-10.1758337020874,-1.08307993412018,8.05727448931421,41.2754307959394,-19.0041595447453,-3.09791946411133,-9.4363317489624,-2.82319855690002,0.555917207396977,21.8431942676055,-43.0166065248212
23.755,-0.923018038272858,-10.1724290847778,-1.22545087337494,9.28657791254863,41.4742132064489,-19.1535101686841,-3.2327766418457,-9.43252849578857,-2.78262519836426,0.348734731425453,21.4556834850448,-43.9404852327138
23.76,-0.947448432445526,-10.1894636154175,-1.32986450195313,10.4919483529313,41.1676538259312,-19.3977901768023,-3.41810178756714,-9.44464302062988,-2.8104145526886,-0.027516062404211,20.8304889495569,-44.7561805743426
23.765,-0.998671352863312,-10.2446489334106,-1.44451642036438,11.4666129323976,40.0982715981498,-19.9397964232941,-3.38316535949707,-9.52482986450195,-2.81225156784058,-0.386663065371225,20.3171780353156,-45.4925705895183
23.77,-1.04191291332245,-10.3093013763428,-1.53720664978027,12.0324369022988,38.8438936966986,-20.4565599981608,-3.19192624092102,-9.64374256134033,-2.8779673576355,-0.36688417155619,20.9277798716418,-46.4786723207497
23.775,-1.07110571861267,-10.3869409561157,-1.61046385765076,12.3746387712266,37.6647810648064,-20.8825571891472,-2.94906306266785,-9.79334259033203,-2.9280207157135,-0.0241824415039355,21.9084157439899,-47.6467029707136
23.78,-1.07862198352814,-10.480523109436,-1.66172575950623,12.609512755084,36.6838600320605,-21.1679532285216,-2.71607327461243,-9.96695137023926,-2.9186794757843,0.622785559784195,22.8830308045847,-48.9435544035185
23.785,-0.998854577541351,-10.5967397689819,-1.64027440547943,13.294453516563,35.5662395932659,-21.1290313955362,-2.65709686279297,-10.0899991989136,-2.83406352996826,1.44730918771947,23.8745249701658,-49.8752263572541
23.79,-0.901995241641998,-10.6794662475586,-1.59659540653229,14.2755666483794,34.4516176075169,-20.8504587151427,-2.61510372161865,-10.1041564941406,-2.83924102783203,2.21013480974753,24.9303065837624,-50.7024817940531
23.795,-0.794405281543732,-10.7297134399414,-1.54084873199463,15.0512917229852,33.552214882515,-20.4842342171304,-2.60752201080322,-10.0678777694702,-2.91169118881226,3.004190191095,26.6608289250862,-51.3574183882819
23.8,-0.680490553379059,-10.7462968826294,-1.48038244247437,15.2098562721144,33.0501071860599,-20.1459725135801,-2.65032982826233,-10.0245962142944,-3.0376079082489,3.90535062259108,29.5932664848464,-51.7754464560542
23.805,-0.551895499229431,-10.7862186431885,-1.3842009305954,14.9986890210924,32.4115186496095,-19.530456356146,-2.68530750274658,-10.1394948959351,-2.9139723777771,4.45262849446164,30.9523682617468,-52.1557479739459
23.81,-0.431664794683456,-10.8156318664551,-1.26217269897461,14.5888759633443,32.0063996393686,-19.0173708381474,-2.74634313583374,-10.2268371582031,-2.86984944343567,5.04490450635789,31.7714582073931,-52.8357240416719
23.815,-0.317867308855057,-10.835898399353,-1.09777116775513,14.145535214508,31.7083984858809,-18.6646769448808,-2.83375644683838,-10.2900104522705,-2.90186977386475,5.46290824158126,32.2856246028279,-53.6449272884946
23.82,-0.208571568131447,-10.8480272293091,-0.866972208023071,13.8735357374169,31.3670085556907,-18.5575300598236,-2.94997835159302,-10.33141040802,-3.01165795326233,5.41774105437361,32.7667943543823,-54.3791418884197
23.825,-0.105155996978283,-10.9083490371704,-0.663686096668243,14.1203642598692,31.04064162658,-18.4364376360284,-3.02074718475342,-10.293363571167,-3.06117749214172,5.42048636353313,34.1130075643189,-55.0535069557426
23.83,-0.0190260708332062,-11.0054540634155,-0.503912210464478,14.3043926079978,31.1518200307949,-18.4337055603604,-3.06557178497314,-10.3054790496826,-3.01725482940674,5.56313785255661,35.3213295001967,-55.9806026827343
23.835,0.0389801822602749,-11.1256580352783,-0.377254128456116,14.4966240133196,31.7576680554588,-18.4586425810201,-3.11671757698059,-10.3809394836426,-2.9036271572113,5.80446721895338,36.1679041270631,-57.1173988776237
23.84,0.0465677417814732,-11.2466650009155,-0.265814960002899,14.8936868154345,32.9740052183276,-18.3284045339263,-3.23393058776855,-10.5377426147461,-2.76142454147339,6.06705811046275,36.2960862872167,-58.371520646981
23.845,0.0246093831956387,-11.3773241043091,-0.120597340166569,15.8778009616174,34.4389851726469,-18.3513010355715,-3.36725258827209,-10.639536857605,-2.69932317733765,6.27387666541756,37.4130783486077,-59.2362021053371
23.85,-0.0068922550417482,-11.4855537414551,0.0160329714417458,17.1790134702074,36.2048315448108,-18.2606524724544,-3.47555184364319,-10.6934375762939,-2.68100905418396,6.44618953157229,38.8635031698058,-60.1471376047525
23.855,-0.0402990616858006,-11.5645427703857,0.123990766704082,18.7094146839444,38.2986533556349,-18.0467958344467,-3.5781147480011,-10.71435546875,-2.64233994483948,6.61320046338379,40.2771064411883,-61.2584367034703
23.86,-0.0608379654586315,-11.6034755706787,0.157645434141159,20.3322795835705,40.810151479489,-17.7673898709744,-3.74548053741455,-10.7400913238525,-2.40807390213013,6.85164962438493,40.8117668192277,-62.8781477632471
23.865,-0.115382008254528,-11.6794290542603,0.218221813440323,22.2970330171961,43.7233774246612,-17.4138934304804,-4.03203439712524,-10.7487211227417,-2.25738739967346,6.38655856502349,40.7794736848319,-64.8460208857762
23.87,-0.171678811311722,-11.7538318634033,0.301326811313629,24.8589037861791,46.5568062697601,-16.8992130633105,-4.35167217254639,-10.7345752716064,-2.13279128074646,5.64130637939964,40.5930265959635,-66.8790540129871
23.875,-0.229603976011276,-11.8164291381836,0.39922770857811,28.0385361372858,49.1497270787099,-16.1830130873213,-4.65731477737427,-10.6997699737549,-2.01944947242737,4.78559125187647,40.3983252234831,-68.8453561920071
23.88,-0.320829421281815,-11.8579206466675,0.480231702327728,31.6770205968339,51.2336963416563,-15.1641588914724,-4.81536483764648,-10.6598463058472,-1.90561556816101,4.18795695657635,40.4634544923137,-70.4124269838506
23.885,-0.475668847560883,-11.8911600112915,0.518276393413544,35.4575849439493,52.9429238606953,-14.0436023251083,-4.91216373443604,-10.6291608810425,-1.83711862564087,3.21719220168278,40.2924948573883,-73.0720070240052
23.89,-0.684238314628601,-11.9427165985107,0.534705221652985,39.2699028405161,54.2918793915836,-12.9023443091436,-5.07831811904907,-10.6064252853394,-1.77216112613678,2.06950676426567,39.6607399252026,-76.0873989387824
23.895,-0.931428015232086,-12.0207710266113,0.536834418773651,42.9998589009763,55.2395852143958,-11.7792674029758,-5.35370683670044,-10.5972557067871,-1.69477462768555,0.777266296119901,38.5137599182607,-79.2105712386625
23.9,-1.11010718345642,-12.1131525039673,0.52990198135376,46.029952797942,55.5085273280597,-10.7678675048323,-5.68085813522339,-10.6481437683105,-1.59126842021942,-0.895951451758598,37.149245216443,-82.3942590145888
23.905,-1.19109678268433,-12.2214403152466,0.551241457462311,50.8272283690542,55.2788929530693,-8.84341730995163,-5.89735126495361,-10.7419672012329,-1.39990067481995,-2.94806567291136,36.2046744504599,-85.817420053005
23.91,-1.21530449390411,-12.3102197647095,0.599522531032562,56.1043964463462,54.3868121908576,-6.33642241519466,-5.97189140319824,-10.8659381866455,-1.19604074954987,-5.32314549568987,35.418144016587,-89.3511140427594
23.915,-1.20150530338287,-12.3577585220337,0.678769111633301,61.1847731132717,52.7224180335306,-3.40562474116556,-5.88655948638916,-11.0169095993042,-1.01695311069489,-8.00299326843282,34.6777515105577,-92.9155507139681
23.92,-1.15580534934998,-12.3288145065308,0.847110450267792,65.6373870935814,50.5272259701398,-0.351125857923913,-5.75805282592773,-11.2295627593994,-0.82987767457962,-10.868431795077,34.2993624456335,-96.1886388359408
23.925,-1.11023128032684,-12.2530450820923,1.05427241325378,69.831881394967,47.936378123603,2.61667940853432,-5.58636379241943,-11.4070615768433,-0.647638142108917,-13.6684558924927,35.0644358402288,-98.9257073722292
23.93,-1.03612804412842,-12.1276149749756,1.24900102615356,74.1123950987599,45.1369806960437,5.44657939370987,-5.34942722320557,-11.538426399231,-0.498770117759705,-16.4514651349122,36.5125930386224,-101.330084224235
23.935,-0.908941388130188,-11.9472255706787,1.3897408246994,78.758105357095,42.2651730179985,8.08937040199774,-5.02568531036377,-11.6120920181274,-0.408028662204742,-19.254940185406,38.3192327156041,-103.543215779481
23.94,-0.745625078678131,-11.7359800338745,1.41845953464508,83.7967837191376,40.0560302932279,10.3456875358183,-4.64541292190552,-11.6431970596313,-0.368009954690933,-21.6899128697994,40.3357675208749,-105.622052155266
23.945,-0.559521079063416,-11.514820098877,1.40262031555176,88.988963752587,38.5255078436331,12.3117933468996,-4.29329776763916,-11.653491973877,-0.381383836269379,-23.5335653418934,43.1626052334248,-107.242077403745
23.95,-0.365119248628616,-11.2879619598389,1.35575377941132,94.4670896556391,37.6768295185023,14.0488590094483,-3.94230151176453,-11.6663303375244,-0.466042995452881,-24.8760817119417,46.7628560015465,-108.425359866126
23.955,-0.179986536502838,-11.0602655410767,1.29247343540192,100.419551705981,37.5665083030283,15.6161193390413,-3.55853891372681,-11.7112483978271,-0.649951457977295,-25.7922132777682,51.1496645242976,-109.166018749533
23.96,-0.109452068805695,-10.9377765655518,1.28209257125854,106.943741570988,37.1942254272221,16.898941563291,-3.01820135116577,-11.8950614929199,-0.947320282459259,-25.8262686009699,54.9773605917807,-109.297991664676
23.965,-0.0467744767665863,-10.7974491119385,1.30131411552429,113.776539873264,35.5464286295782,18.0715979588703,-2.570960521698,-12.0817241668701,-1.15043294429779,-25.2107353680629,60.6092272228606,-108.98639160455
23.97,0.0136249866336584,-10.6455268859863,1.33811235427856,121.170670442288,32.5084219584591,19.2020693985883,-2.23721289634705,-12.2688264846802,-1.24035489559174,-24.014227951902,67.0461682514098,-108.261735854369
23.975,0.070840872824192,-10.5055704116821,1.37400507926941,129.691754903607,27.8232417444578,20.3963740787419,-2.04127025604248,-12.4661722183228,-1.19116032123566,-22.2811391669975,72.2311151145283,-107.120991810139
23.98,0.228062227368355,-10.2765445709229,1.1187447309494,139.790517440551,21.9675856727698,21.4007790094017,-2.85773873329163,-12.4534463882446,-0.798949480056763,-20.9274076263321,76.7537317036414,-106.490217010099
23.985,0.443936675786972,-9.95418930053711,0.762490391731262,149.431015265322,17.2626440139523,22.0582974151367,-4.17732715606689,-12.1205358505249,-0.601012647151947,-21.1552798125166,81.2830555385194,-107.121244527138
23.99,0.71333247423172,-9.54964637756348,0.288051247596741,157.952960330477,14.059829147029,22.3386869258495,-5.68776559829712,-11.472508430481,-0.770063638687134,-23.2749043704777,84.6562674035353,-108.968346244763
23.995,1.04122352600098,-9.08940887451172,-0.434475481510162,164.074148543886,12.6739129012208,22.1767568010068,-6.68317651748657,-10.5355072021484,-1.64652645587921,-27.9233432893862,83.1422603513536,-111.735699839831
24.0,1.35950374603271,-8.77083683013916,-1.2142049074173,166.263060248335,12.5362512922728,22.8062663085029,-6.49360418319702,-9.70938587188721,-2.61693859100342,-33.9865841778766,76.3539470711422,-112.805621652557
24.005,1.68052649497986,-8.61774349212646,-1.70039474964142,167.065675777703,13.0634266367556,24.5768408791197,-5.79375648498535,-9.05871295928955,-3.48567199707031,-39.8901454888558,66.0600801805568,-112.882693507152
24.01,2.02159023284912,-8.63840579986572,-1.80843663215637,166.793369795873,13.9834727547501,27.3246071991956,-4.77060508728027,-8.61830043792725,-4.17045593261719,-45.113450694353,53.8159927913522,-112.137355944163
24.015,2.45106720924377,-8.84762096405029,-1.49423336982727,164.353120790346,14.6106352384927,29.9352028301701,-3.62197279930115,-8.48605251312256,-4.48298692703247,-48.8015820914306,45.1112069772106,-110.660416328607
24.02,2.89871311187744,-9.172532081604,-1.01090550422668,162.860027777403,15.0881115652535,31.7085829009885,-2.54948663711548,-8.58652400970459,-4.84943723678589,-52.2554277546931,38.1159082292966,-109.443105863782
24.025,3.23178648948669,-9.55776119232178,-0.420588731765747,163.129792928862,15.5754933738581,33.3980472676641,-1.57398664951324,-8.82759571075439,-5.30798482894897,-56.4807671903705,28.4309031843463,-108.408018015823
24.03,3.37474679946899,-9.96993160247803,0.215435355901718,165.551450159468,16.1232933283133,35.4321527345747,-0.677360355854034,-9.19112491607666,-5.84133386611938,-61.7595608526849,14.5664644051302,-107.506637951056
24.035,3.11695075035095,-10.2792291641235,0.55103874206543,170.553443575478,16.6942851900953,39.1886440799605,0.366846412420273,-9.75011825561523,-6.18310880661011,-67.388743219421,-2.6250133065388,-106.518125163048
24.04,2.60286688804626,-10.4916162490845,0.652427017688751,173.011560355874,17.7284902361039,44.1651301545155,1.45333397388458,-10.2935037612915,-6.44504308700562,-71.0694843518167,-13.2487074708232,-105.531613620466
24.045,1.95307338237762,-10.664421081543,0.616885185241699,172.574223343318,18.3438527142816,49.4959664432108,2.4014630317688,-10.7255592346191,-6.61317539215088,-73.8603611183864,-21.0142261608721,-104.122982726799
24.05,1.23759782314301,-10.8295249938965,0.487572282552719,168.844338999845,18.0829770540275,54.6918381939067,3.13666844367981,-10.9959173202515,-6.6770191192627,-76.10453588341,-27.3789686747997,-102.053490049799
24.055,0.70715993642807,-11.0557174682617,0.254073470830917,160.908902278719,17.5112389940787,58.8143764523863,4.17121028900146,-11.2186899185181,-6.67427968978882,-74.8128378283339,-26.1930241461902,-99.4771290344918
24.06,0.351108342409134,-11.2857656478882,0.118755407631397,151.386416462427,17.2151434633695,61.4216509038769,5.06122732162476,-11.2276420593262,-6.65939283370972,-73.1665163515507,-25.6734738541421,-96.5529474658909
24.065,0.0494786761701107,-11.5738325119019,0.0480390936136246,141.410747594705,16.507862006889,62.6161895180096,5.83518981933594,-11.1009082794189,-6.55989503860474,-71.1463786214927,-26.1560608699494,-93.2823591931545
24.07,-0.289878845214844,-11.9665813446045,0.0191536135971546,131.856610681799,14.8175609420401,62.3930950491495,6.5086522102356,-10.8923683166504,-6.31293058395386,-68.7142575410779,-27.9693651040138,-89.6452971205011
24.075,-0.417490124702454,-12.2731494903564,0.0086211208254098,124.605818462697,11.6391332655483,60.8671966376228,7.01175689697266,-10.5276155471802,-6.15665817260742,-63.1717844258551,-21.6961180966603,-84.9740009735351
24.08,-0.424030244350433,-12.5011405944824,-0.0293858479708433,118.765118797744,8.45104770157014,58.9608703497047,7.2400598526001,-10.0526571273804,-6.24045753479004,-57.1457168419226,-11.3910403043259,-79.1012062496722
24.085,-0.315837532281876,-12.6322793960571,-0.0791594237089157,114.120200841353,5.29978624872843,56.8055495155938,7.16337013244629,-9.49747848510742,-6.40160703659058,-50.5313514043985,0.235087560671155,-71.8735956926131
24.09,-0.0920499190688133,-12.6361560821533,-0.121869206428528,110.493800693994,2.24658283359283,54.5471918627587,6.72029256820679,-8.89358043670654,-6.44161224365234,-43.1518920817116,9.878033021084,-62.9943019602723
24.095,0.261200129985809,-12.4864253997803,-0.177884429693222,107.845026013106,-1.04898781652826,52.4879205638511,5.75957155227661,-8.26065921783447,-5.7358455657959,-30.1991315849832,22.9332361100789,-50.5986014469664
24.1,0.590818345546722,-12.2549114227295,-0.175560712814331,105.904541949149,-4.09550394285788,50.9205014323599,4.64742994308472,-7.47341442108154,-4.84013795852661,-14.1608186165495,42.5246109234322,-36.3561134047374
24.105,0.863060534000397,-11.9491186141968,-0.109351202845573,104.203005223115,-7.78814198412726,49.5578274665236,3.47082829475403,-6.51647758483887,-4.02120018005371,2.38328565473605,65.8135854836002,-20.9977483294994
24.11,1.0240660905838,-11.5678863525391,0.0304372515529394,101.904646567406,-13.9427665348442,47.8466294379091,2.34919857978821,-5.35605716705322,-3.73395133018494,14.8603264639809,87.4822035311147,-5.61516809921965
24.115,1.06840646266937,-11.1640720367432,0.209357157349586,99.8501598160121,-20.7533966043949,46.2812764386418,1.58534729480743,-4.45955514907837,-3.74159121513367,18.4663214211945,90.7106973479963,7.10854883388157
24.12,1.07530522346497,-10.7500905990601,0.39208859205246,97.9534026231212,-27.173909320443,44.5812901655498,1.24312591552734,-3.95470094680786,-3.53466248512268,19.9882361248878,86.7199885706871,16.4162589248354
24.125,1.0664838552475,-10.3267965316772,0.552533864974976,96.1547679278467,-32.8800798719562,42.7347895045719,1.23809206485748,-3.7894275188446,-3.15339994430542,21.1878444469319,77.4657584340477,23.8814559046261
24.13,1.07489347457886,-9.89132022857666,0.625589609146118,94.3211285130759,-37.244178015717,40.7958832143128,1.33202934265137,-3.79669237136841,-2.88425922393799,24.6930241044489,64.0783964155259,34.1893998150909
24.135,1.09045088291168,-9.50209617614746,0.749237954616547,92.1066992218877,-40.5731883115192,38.7576249923868,1.45343768596649,-3.90510010719299,-2.74424576759338,29.0601394842756,56.0075682695775,43.8856832099082
24.14,1.11436367034912,-9.17127227783203,0.915157198905945,90.0601628106876,-43.246056484704,36.8740978759182,1.61932468414307,-4.06835603713989,-2.73875331878662,32.3977660637157,49.1287823036201,52.92613867081
24.145,1.14927434921265,-8.90235424041748,1.09772479534149,88.3533121974798,-45.1585640938209,35.2110321903848,1.84804236888885,-4.29150104522705,-2.82872366905212,34.4695775899394,42.3868494229677,61.1575138282942
24.15,1.2063068151474,-8.69954872131348,1.18569123744965,87.2391170985539,-45.4453978880156,33.8210545433413,2.20822668075562,-4.64435720443726,-2.82649230957031,36.0641603837598,34.982026192798,67.9087869926366
24.155,1.30471968650818,-8.56840991973877,1.15074241161346,85.6790814015555,-42.9379808021906,32.8177509806852,2.49189734458923,-5.00466156005859,-2.83467149734497,38.7064019887063,29.9324366035563,74.1344634399682
24.16,1.39066588878632,-8.48320198059082,1.09665036201477,83.5153867555222,-38.4713888397445,32.0278225277003,2.69052290916443,-5.33330631256104,-2.84555006027222,41.575679081664,26.6887575686024,80.3453593579359
24.165,1.44904601573944,-8.43329620361328,1.0584659576416,80.7193531961291,-32.3839554212139,31.420348918014,2.79454326629639,-5.6137957572937,-2.8421516418457,44.2342277632539,25.0364647989374,86.7361009869392
24.17,1.51026022434235,-8.39298534393311,1.03600871562958,77.6464988998646,-25.575732139572,31.1711733718081,2.77220559120178,-5.82961988449097,-2.70920181274414,45.3798861285914,24.3186187473582,93.4626215457295
24.175,1.55886101722717,-8.412766456604,1.03453397750854,75.1156542651864,-19.6848100936518,31.1929889960172,2.72039842605591,-6.00465822219849,-2.55299973487854,45.8545091438265,22.7136028395806,100.26427418539
24.18,1.59190762042999,-8.46487045288086,1.04220581054688,72.9875449047288,-14.9293506481857,31.4429739196396,2.61683392524719,-6.15501594543457,-2.37491273880005,46.2668305885472,20.1820990916476,106.980686064209
24.185,1.60634624958038,-8.53431415557861,1.05218660831451,71.1851809261675,-11.5292619887859,31.9115897834996,2.44607377052307,-6.286780834198,-2.17699265480042,46.9772283188365,16.7679385350102,113.518857326447
24.19,1.59070599079132,-8.58291530609131,1.04469513893127,69.2430371262419,-10.2348421033255,32.6058272862126,2.1937255859375,-6.38121604919434,-2.00506186485291,48.7519368614484,14.5600696405198,119.813074722099
24.195,1.55199205875397,-8.61045551300049,1.02966952323914,67.4415064307593,-10.169775159971,33.2929852978509,1.98138833045959,-6.41699504852295,-1.9349148273468,49.9763848739566,12.7801974748953,124.476973774194
24.2,1.5081684589386,-8.60965919494629,1.02313876152039,65.950735682134,-10.9120826802889,33.8629679991831,1.81956398487091,-6.42763566970825,-1.92001223564148,50.7705343838485,10.1833074722641,129.298499931955
24.205,1.47322010993958,-8.57299900054932,1.03838074207306,64.9251691178783,-12.1753347050192,34.2209826098131,1.71970367431641,-6.43827629089355,-1.9266951084137,51.2035342262815,5.72844550594384,135.710312694547
24.21,1.40871822834015,-8.48169708251953,1.07779383659363,63.10508762861,-15.1128983217515,34.6374329038871,1.4802120923996,-6.45023155212402,-1.80712914466858,50.1312184322516,0.989741368285391,141.750945656885
24.215,1.33763957023621,-8.37604808807373,1.12719440460205,61.0631889158563,-18.3407347329255,34.6243974878561,1.19521057605743,-6.47149658203125,-1.5988597869873,49.0666036765109,-1.7897617459341,147.84369296259
24.22,1.25367999076843,-8.24880123138428,1.17858374118805,58.7789004498372,-21.7625160731293,34.2089751372522,0.870691120624542,-6.51870632171631,-1.35280239582062,48.2158694644399,-3.33525799790198,153.833536638259
24.225,1.14792823791504,-8.089186668396,1.22206544876099,56.2076962273534,-25.2721387687014,33.3942394372018,0.51114284992218,-6.61475515365601,-1.13002049922943,47.8545319667788,-4.46296513199681,159.517824971219
24.23,1.04492402076721,-7.93457126617432,1.24957120418549,53.3663682684794,-28.2269486130879,32.1552465368561,0.277041643857956,-6.87840270996094,-1.1081714630127,47.2785660197337,-7.96826004895602,164.456680118542
24.235,0.947582840919495,-7.79921340942383,1.25605690479279,50.2608895736443,-30.085651407018,30.7483641716168,0.240048959851265,-7.25657176971436,-1.25650584697723,45.9947363425814,-14.5596786121898,168.846470018866
24.24,0.862228572368622,-7.68607521057129,1.23555970191956,46.9996791506383,-30.7785023813295,29.1779602474583,0.397578120231628,-7.73246049880981,-1.54378402233124,44.0813749598182,-23.9474952961637,172.682659426582
24.245,0.801798105239868,-7.60160732269287,1.17447233200073,43.7711306922433,-30.107607050105,27.4081216297246,0.757660746574402,-8.29010963439941,-1.92867803573608,41.6725516546623,-35.8025265725079,175.877671656152
24.25,0.710391938686371,-7.52506065368652,1.08986008167267,40.2399331366305,-28.1811539022502,25.5825520834582,1.21610248088837,-8.86064720153809,-2.18943333625793,39.8855419413552,-43.7641775596682,178.288373263329
24.255,0.612077176570892,-7.46839666366577,1.02907824516296,36.6061393094949,-26.09865654507,23.7084847789901,1.5924813747406,-9.35515880584717,-2.33293342590332,39.2127819684873,-46.5762142522867,180.597223089604
24.26,0.51489269733429,-7.43413734436035,0.998917579650879,32.9808012565518,-24.1441449801048,21.8325835687299,1.82648968696594,-9.73149108886719,-2.3641951084137,39.6715043033345,-44.2856249367583,182.977666958758
24.265,0.433574944734573,-7.42730569839478,1.00469768047333,29.6150172222583,-22.7556904652463,20.0877946697772,1.79535102844238,-9.88860416412354,-2.28510880470276,41.2356244534566,-37.0220602639082,185.692708134974
24.27,0.351142317056656,-7.41656637191772,1.01896381378174,26.5848652686847,-22.2786820064436,18.3984942276417,1.57852435112,-9.85220909118652,-2.13590264320374,42.5238664328127,-29.9548703598852,188.26125541387
24.275,0.301354199647903,-7.42714166641235,1.07137978076935,23.8807250743849,-22.5973581425489,16.7423850897779,1.30705261230469,-9.76445484161377,-2.01688385009766,43.111030475002,-25.8698178871179,189.968379234645
24.28,0.291284143924713,-7.46143531799316,1.16492021083832,21.5128829042491,-23.7719286986431,15.1699013730171,1.04261195659637,-9.67998313903809,-1.9552640914917,42.8907295535124,-25.3156299982414,190.869786620168
24.285,0.320182859897614,-7.50544166564941,1.28380417823792,19.5389548190208,-26.1991405805919,13.9387068411562,0.941983342170715,-9.71163940429688,-1.97772300243378,41.7917145500169,-28.0672604978403,191.940377791433
24.29,0.384185701608658,-7.57740449905396,1.44872188568115,17.7577251532988,-29.6528428098818,12.8587164758202,0.923848748207092,-9.81518268585205,-2.11368536949158,40.2363028910866,-34.0924657703901,192.858437178152
24.295,0.44626396894455,-7.65440464019775,1.63153123855591,16.0630425220974,-33.4603283476108,11.9482565283257,0.976532995700836,-9.92706298828125,-2.28725051879883,38.9070046446296,-40.3106358398239,193.904685555215
24.3,0.494646489620209,-7.73186922073364,1.82244539260864,14.4592680012015,-37.217943259115,11.2441340343364,1.07645869255066,-10.0228986740112,-2.45743227005005,38.1681728368255,-45.2036638329105,195.191575157115
24.305,0.537474036216736,-7.83499526977539,2.01608657836914,13.2515590748017,-39.4578559860965,10.9480470413636,1.04940903186798,-10.0803060531616,-2.4956636428833,39.0011827080003,-45.0500426331932,196.814223198235
24.31,0.571924090385437,-7.92531108856201,2.18055891990662,11.1818896666564,-41.7205132430141,10.5628858438774,0.889451146125793,-10.1388959884644,-2.52019119262695,40.4088846959399,-42.6716136698438,198.530963925361
24.315,0.610412955284119,-8.00305652618408,2.32984590530396,8.80013269363396,-42.9161651779816,10.1199318545028,0.643038511276245,-10.1971426010132,-2.57089304924011,41.6883567124017,-40.8214520274708,200.112507888056
24.32,0.659333050251007,-8.06622886657715,2.46890926361084,6.37904791825742,-42.3538152130469,9.62746667760844,0.336879193782806,-10.2547588348389,-2.6688187122345,42.4188727648913,-41.1241045397832,201.402102244868
24.325,0.711753487586975,-8.08908843994141,2.56940865516663,3.91660720123009,-39.0151845957988,8.99513886330606,0.0968648791313171,-10.3213682174683,-2.78783512115479,41.8334743266024,-46.1388704095416,201.892345902735
24.33,0.739894211292267,-8.10312080383301,2.65583562850952,1.73045233188483,-34.0158173875242,8.33938947656606,-0.0989222005009651,-10.3600206375122,-2.90787053108215,40.8592024830134,-52.7232513166093,202.038184101893
24.335,0.756020963191986,-8.10431289672852,2.74556446075439,-0.153420442848554,-28.0043920216249,7.60745445227645,-0.264526873826981,-10.3802061080933,-3.01307725906372,39.8371022397615,-59.5845076020619,202.254250306097
24.34,0.769160747528076,-8.0886869430542,2.85262703895569,-1.69581217373546,-21.435240728859,6.75267591444322,-0.4092797935009,-10.3883476257324,-3.08993458747864,39.0356922387818,-65.7106681931864,202.874841294084
24.345,0.758128941059113,-8.0446720123291,2.95470571517944,-2.79492472087003,-15.0349231746393,5.77234782749457,-0.622625708580017,-10.4226293563843,-3.12329506874084,39.19786483534,-69.5917934154519,203.64266383982
24.35,0.733264684677124,-8.02312183380127,3.03594326972961,-3.66240378202149,-8.85644760334072,4.9703696401533,-0.815901756286621,-10.484058380127,-3.18278694152832,39.6406762445157,-72.8378954600139,204.377906383216
24.355,0.697126805782318,-8.00527286529541,3.10608148574829,-4.36701975717834,-2.91533391230477,4.3090694440522,-0.990455031394958,-10.5769815444946,-3.25588154792786,40.0890747484324,-75.7418255177256,205.041869072433
24.36,0.652062952518463,-7.96783494949341,3.17650580406189,-4.98264733207322,2.75066381438788,3.75193859741707,-1.14653789997101,-10.709282875061,-3.32788395881653,40.1979172279511,-78.6452364810605,205.58049779038
24.365,0.626846373081207,-7.91841888427734,3.21458125114441,-5.56801076564259,8.31955546098999,3.50954329462296,-1.23470544815063,-10.7985019683838,-3.34246897697449,39.8568824675978,-84.7846203184182,206.270141990876
24.37,0.604408502578735,-7.85678386688232,3.28376126289368,-6.22712999696435,13.8904626537275,3.27368298876067,-1.33900654315948,-10.9184093475342,-3.34355068206787,39.6276613190522,-91.4709725346996,206.891456978915
24.375,0.581486701965332,-7.78525543212891,3.36049127578735,-6.88876828742937,19.4322092075773,3.018998254659,-1.46225786209106,-11.0622549057007,-3.32982897758484,39.5431377280733,-98.2657676644334,207.439333772999
24.38,0.553644776344299,-7.70722436904907,3.39425849914551,-7.40726246147702,24.8722260701552,2.72789986110128,-1.60294353961945,-11.2120027542114,-3.29265856742859,39.6217224695689,-104.632596801152,207.919441430137
24.385,0.499784916639328,-7.62564945220947,3.4036693572998,-8.24343897910572,30.1678049223549,2.52115345001958,-1.76881814002991,-11.403600692749,-3.22404623031616,39.9606432863741,-110.48469605183,208.213002960664
24.39,0.446281403303146,-7.53378105163574,3.3965048789978,-9.35770408747056,35.3396036713211,2.26031727679667,-1.9299943447113,-11.6331577301025,-3.12909317016602,40.7829400058357,-115.640348233598,208.047043024211
24.395,0.397883385419846,-7.43218421936035,3.36948013305664,-10.8042049649904,40.3434719742587,1.91909425935435,-2.05921244621277,-11.8978776931763,-3.0229926109314,42.1738192378495,-119.830655629023,207.279521006799
24.4,0.359279960393906,-7.32407474517822,3.30840444564819,-12.7850648384526,45.0281757825654,1.46401956568903,-2.08513498306274,-12.1942443847656,-2.94707298278809,44.351741167924,-122.251739123739,205.541825259299
24.405,0.275205880403519,-7.20021152496338,3.21839952468872,-14.56047945187,48.0950604934953,1.12281767914445,-1.9872008562088,-12.4656429290771,-2.82806038856506,46.8057325140612,-122.980984761043,202.510191154676
24.41,0.193432494997978,-7.08302879333496,3.13194847106934,-17.1965277827866,51.4349342051724,0.699612327981292,-1.86507284641266,-12.6284646987915,-2.68236827850342,48.921315307581,-122.178533156215,198.667950199355
24.415,0.114513881504536,-6.97689962387085,3.06468057632446,-20.7957164564923,55.0010818387682,0.1815969341862,-1.77583420276642,-12.6550149917603,-2.53179216384888,50.4472615304318,-120.087839572031,194.13629726997
24.42,-0.0067359171807766,-6.87979459762573,3.05705070495605,-24.770333308117,56.684709808798,-0.295116279017399,-1.88621068000793,-12.4996643066406,-2.46163010597229,50.8256471802614,-117.684965361642,188.997590787533
24.425,-0.128202587366104,-6.84785556793213,3.07359957695007,-28.7717518220448,56.332743330678,-0.900282432022621,-2.24371814727783,-12.2295951843262,-2.40453219413757,50.4677213620906,-117.050153919802,183.817848528562
24.43,-0.246288314461708,-6.85661792755127,3.09879469871521,-32.8197863770579,54.4609709697711,-1.64822699283992,-2.70724987983704,-11.9550848007202,-2.30335569381714,49.8167599379588,-117.570081579802,179.381435756963
24.435,-0.362041532993317,-6.90331983566284,3.12736654281616,-36.8858321409123,51.1234434280739,-2.54915445085228,-3.21206974983215,-11.7167940139771,-2.13663220405579,48.9049843252755,-119.157895656155,175.628806883553
24.44,-0.494589000940323,-7.02295923233032,3.15770888328552,-40.6748966584498,45.714121435626,-3.60961239615281,-3.60182166099548,-11.5378370285034,-1.90077304840088,46.8444221206147,-122.516928048454,169.740446158572
24.445,-0.632455229759216,-7.22456789016724,3.19111442565918,-44.2231116303797,39.0825166006368,-4.89096058020226,-3.72694683074951,-11.4357328414917,-1.77253067493439,44.0810471107381,-125.624349932108,163.859544000164
24.45,-0.770475089550018,-7.47744750976563,3.21351218223572,-47.4742680149275,31.9562694659553,-6.21589647021379,-3.57362079620361,-11.4050970077515,-1.72986721992493,41.1173699732616,-127.64247958655,158.155065628018
24.455,-0.905142843723297,-7.76264667510986,3.2149121761322,-50.372744166587,24.7523750332417,-7.47460812669335,-3.09094667434692,-11.4514722824097,-1.77687036991119,38.2296035582206,-127.965492892778,152.721663803651
24.46,-1.02226912975311,-7.97943449020386,3.16016554832458,-52.7483829976604,18.5587372957594,-8.33128716466313,-1.77257251739502,-11.6543750762939,-2.11089253425598,35.8161425546183,-124.736575604168,147.480900634635
24.465,-1.23007929325104,-8.35186767578125,3.07335829734802,-54.6721467585295,13.6079720060713,-8.85772228739457,-0.0655704289674759,-11.68714427948,-2.23324680328369,32.7957099602336,-118.726159398719,141.63511930894
24.47,-1.50986266136169,-8.82671642303467,3.01497864723206,-56.0480986121123,9.18821465076398,-9.13660318007443,1.68986320495605,-11.4771585464478,-2.05896520614624,29.9908244756761,-108.382493598895,134.72203896316
24.475,-1.85113346576691,-9.36788463592529,3.03491067886353,-56.7663305693796,4.76538883297205,-9.21858850200303,3.22592496871948,-10.951756477356,-1.50225937366486,28.0693317527061,-92.205176889341,126.308407037863
24.48,-2.23300552368164,-10.0217142105103,3.14810252189636,-55.8772585054974,0.0916344182144861,-9.21368186485802,3.73584699630737,-9.9459400177002,-0.791862607002258,32.3439202673939,-59.2518773894823,116.233823370581
24.485,-2.61730813980103,-10.6577711105347,3.32441854476929,-53.6300989478065,-4.58371818076758,-8.95127368090895,3.50953125953674,-8.71188163757324,-0.650883615016937,37.2259277502548,-21.2680855093012,104.487591885073
24.49,-2.96497440338135,-11.2793827056885,3.53332829475403,-50.0789982209523,-8.71561934793881,-8.2581469377097,2.60197710990906,-7.43355941772461,-1.02117145061493,40.175715698054,16.0122207920306,90.5945363207819
24.495,-3.22410154342651,-11.8896169662476,3.73898029327393,-45.1916870962009,-11.577459218664,-6.88353550875149,1.02988409996033,-6.33871841430664,-1.86899304389954,37.8538236255594,45.3306916910944,73.7925100191715
24.5,-3.34767198562622,-12.4670896530151,3.83028125762939,-39.2572806509299,-11.9501023869489,-4.80416168245609,-0.995217561721802,-5.84165191650391,-2.17816948890686,29.5139167621638,61.3843239200628,53.5586346785207
24.505,-3.39469265937805,-13.0728969573975,3.89370107650757,-33.3705079449306,-11.2461685769354,-2.797947719908,-2.92961883544922,-5.73328685760498,-2.07987833023071,21.2139699205072,71.7308310785815,33.828834128806
24.51,-3.34876942634583,-13.6870727539063,3.9691116809845,-25.8972018230478,-9.84633240559868,-0.350234064669977,-4.58951139450073,-5.91331195831299,-1.75169992446899,13.9505546580453,77.2656475517446,16.6057181271278
24.515,-3.16284346580505,-14.2662324905396,4.12422037124634,-13.4587998208246,-8.24992680504359,3.64248353530715,-5.65496444702148,-6.24403142929077,-1.4920961856842,9.08334478002125,78.3833465377147,5.53325406739051
24.52,-2.82177829742432,-14.6160354614258,4.58047437667847,3.0527438714705,-11.4422539164964,8.02855952026983,-5.94069147109985,-6.50317621231079,-1.52474617958069,0.121849721019381,74.9479594606842,-9.54786082283194
24.525,-2.38574719429016,-14.6517248153687,5.2150444984436,21.5754969559179,-19.4544073223798,12.269889282568,-5.89485120773315,-6.8673267364502,-1.75054323673248,-10.7087923449272,65.8436997876507,-22.2634660525201
24.53,-1.85508000850677,-14.2963094711304,5.97330665588379,41.1688525241305,-31.4604182227798,16.1603949158848,-5.53973054885864,-7.34182977676392,-2.12127923965454,-22.3949693921577,51.3913200322272,-31.782485547808
24.535,-1.20025181770325,-13.3210763931274,6.75226926803589,59.943632118432,-45.4092388665496,19.2643538936296,-4.74908018112183,-7.88806247711182,-2.54592752456665,-32.8749025885653,32.4434497839793,-37.7145253325316
24.54,-0.500682890415192,-11.7112836837769,7.36330795288086,74.9503705174612,-54.8588807153431,21.1409500756379,-3.92988395690918,-8.40589427947998,-2.84746837615967,-38.7507299164197,16.6229045906268,-40.9898571716466
24.545,0.141143023967743,-9.86701107025146,7.71812343597412,85.3742500588979,-58.197405464659,22.2898903468716,-3.26721787452698,-8.81812286376953,-3.0092294216156,-41.3598553491754,6.69975176677255,-42.8333047380655
24.55,0.680659413337708,-7.93982458114624,7.78669786453247,90.469475557079,-54.3737870201104,22.7754911836501,-2.81238269805908,-9.08986473083496,-3.02793049812317,-41.3445728009075,3.43944164807653,-43.6287519838998
24.555,1.01237308979034,-6.23694801330566,7.51724529266357,87.5705383676505,-40.0951502016991,22.3981864112567,-2.61970639228821,-9.13553810119629,-2.90493631362915,-40.364816315415,7.64403011528187,-43.9428245725045
24.56,1.17519092559814,-5.20769834518433,7.20567560195923,78.0299320594907,-19.2236408435345,20.8463264506948,-2.55829310417175,-9.09355163574219,-2.61663246154785,-40.9242907707091,12.0738773675406,-44.6682692095353
24.565,1.28282308578491,-4.24421644210815,6.70154476165771,64.46431576401,3.92534472072582,18.070271194624,-2.62513422966003,-9.07009315490723,-2.14732432365417,-42.1175623847507,14.4637810486955,-45.1448285834
24.57,1.35907185077667,-3.2244508266449,5.95816421508789,47.7939823397866,27.5176198074037,14.0159229834969,-2.85903477668762,-9.09655666351318,-1.51641488075256,-43.2797327324067,14.0933867201949,-44.9242476241545
24.575,1.29544937610626,-2.82715821266174,5.06388282775879,29.1917743050547,48.1776135748987,8.69307801613048,-3.54664301872253,-9.1274528503418,-0.967537045478821,-41.4231029008897,11.9391493248411,-42.2983950581214
24.58,1.13364565372467,-2.93338060379028,4.0869517326355,10.6327680705968,64.8299562808483,3.11918346940474,-4.653724193573,-8.98940372467041,-0.695426106452942,-37.7491646369073,11.0592305682204,-37.0637585687912
24.585,0.940636098384857,-3.42807793617249,3.12825226783752,-6.82721974527109,77.8962652574336,-2.48618373524276,-5.95784139633179,-8.78852367401123,-0.522096514701843,-33.9749762713821,10.4710129693516,-30.4192719970273
24.59,0.75834995508194,-4.27216815948486,2.24853992462158,-22.4286012436308,87.3080678582252,-8.01607905710892,-7.33031988143921,-8.59042739868164,-0.36141899228096,-31.0586494203268,9.47441750623409,-23.0848202058763
24.595,0.736458003520966,-5.46658277511597,1.56479609012604,-33.6281153596668,91.4130183795921,-13.6000028828572,-8.37113285064697,-8.63092041015625,-0.255144089460373,-30.0343566863512,4.51113418734468,-18.0382820036463
24.6,0.788104951381683,-6.74697113037109,0.980442762374878,-41.2701613049948,92.5502038952642,-18.7707275845763,-9.12805080413818,-8.67834758758545,-0.412213116884232,-30.0400667244974,-6.37488705239241,-11.7902597386713
24.605,0.857694387435913,-8.06942462921143,0.444032400846481,-46.1115018415374,91.7553474607931,-23.0875813098482,-9.8512659072876,-8.85044384002686,-0.729049563407898,-31.8951324426945,-19.8517006433792,-6.85485810574754
24.61,0.902074635028839,-9.40156936645508,-0.0824476480484009,-48.5829784719498,89.7345062212506,-26.1475487466963,-10.7378463745117,-9.24855041503906,-1.13299679756165,-36.3649175185775,-33.4259690809911,-5.31346071433362
24.615,0.737491726875305,-10.7742290496826,-0.46809446811676,-52.1796399756626,83.0641981193295,-30.4795518315472,-10.7323951721191,-10.2423162460327,-1.1294002532959,-43.7487140113873,-46.9029124455721,-12.4334014499771
24.62,0.323768943548203,-12.1545333862305,-0.757916510105133,-55.5388362925016,74.1531166865915,-33.7452462737433,-9.77811717987061,-11.3997144699097,-0.81094616651535,-54.5481719949046,-64.637426908524,-24.6052459283305
24.625,-0.28765532374382,-13.5537996292114,-0.921439468860626,-58.253447166799,63.6004675887326,-35.7532330972679,-7.87473440170288,-12.7202453613281,-0.23358841240406,-68.5790197955116,-86.2214257424112,-39.5300681610965
24.63,-1.04736113548279,-14.9877052307129,-0.910659849643707,-59.762365728049,52.0328421349261,-36.1663024477027,-4.94889259338379,-14.2158260345459,0.552287936210632,-85.8583123955658,-111.438299742991,-54.5312467861413
24.635,-1.77312743663788,-16.3639698028564,-0.764609217643738,-59.1192419459898,40.651260788827,-34.5277468960059,-1.36700844764709,-15.5602073669434,1.0621143579483,-98.8465796306946,-131.99740820135,-63.6813370285056
24.64,-2.36488246917725,-17.5230464935303,-0.606953501701355,-57.3495945735529,30.5443361758248,-31.4424923913031,1.86127424240112,-16.5545597076416,1.26942718029022,-103.736516963182,-141.215008033471,-67.3624743118731
24.645,-2.79667949676514,-18.328332901001,-0.431434273719788,-54.6771020607724,21.5774879560609,-26.8206331535497,4.39661359786987,-16.9981689453125,1.28860926628113,-99.2889914738038,-134.823030140228,-65.6967550978471
24.65,-3.01305294036865,-18.5005588531494,-0.211295604705811,-51.3226049140823,13.5011154040537,-20.2663887486474,5.62938356399536,-16.4736976623535,1.31936812400818,-82.5740705746786,-103.795140476828,-58.3124873219846
24.655,-2.94890666007996,-17.7683544158936,0.133855551481247,-46.2111679619062,5.12045408254104,-12.283310604287,5.27188920974731,-14.935206413269,1.10896444320679,-58.3176782657538,-51.978422602714,-48.787959279131
24.66,-2.79320240020752,-16.7736701965332,0.442382037639618,-38.9507622515473,-4.46218350222366,-4.41494932901844,4.27158403396606,-13.1785898208618,0.590997457504272,-35.4064882987684,0.677133695175104,-41.4001842011297
24.665,-2.53815364837646,-15.4223051071167,0.765928626060486,-29.7048786060736,-15.4848584711193,2.7919964907068,2.81850457191467,-11.4280004501343,-0.185219526290894,-16.5021485536483,47.4425212956653,-37.0235868111877
24.67,-2.08336448669434,-13.1743593215942,1.31487739086151,-18.9112109154252,-28.4445994211795,8.24829012096372,1.07979047298431,-10.0466403961182,-1.07556068897247,-6.48037590902867,75.4615213843775,-36.9204236339638
24.675,-1.493408203125,-10.9746189117432,1.90625786781311,-8.84440854115493,-42.3258285129228,10.7271783603993,-0.708157420158386,-9.11889266967773,-1.73657238483429,-4.01478476724667,83.0032660017438,-37.9153499696029
24.68,-0.844171643257141,-9.0546989440918,2.50848197937012,-0.179391663538359,-54.4277728353102,10.9322769883437,-2.26257801055908,-8.53730201721191,-2.13151359558105,-4.28303959312528,82.9278470529285,-39.2149607988325
24.685,-0.154737532138824,-7.48524522781372,3.08900713920593,6.75442572353121,-63.1686083878911,8.97310808813818,-3.7320704460144,-8.22783851623535,-2.25130891799927,-5.80264483910545,78.1515640682303,-40.3251055955805
24.69,0.561728417873383,-6.36430978775024,3.52755689620972,11.0946937641647,-63.8672547777133,4.65715936293132,-6.09285688400269,-7.95247316360474,-2.09034562110901,-6.47762846543503,69.4237297807346,-39.7331604209722
24.695,1.27662813663483,-5.58556270599365,3.63523006439209,12.9989820943892,-57.432799938022,-0.480899425473729,-8.29743766784668,-7.54305791854858,-2.12025570869446,-7.58310397411171,57.8935508390527,-38.8977838892501
24.7,1.97458374500275,-5.01580429077148,3.40557527542114,13.0699622740176,-48.6545861752082,-5.13636927708082,-10.2858638763428,-6.95207548141479,-2.03641486167908,-12.2235993830155,38.0855377931521,-37.8395075490591
24.705,2.63352823257446,-4.62298774719238,2.82720851898193,11.3185241859079,-38.2771109389926,-9.19897049115946,-11.9420738220215,-6.17232179641724,-1.72304439544678,-21.7751860740397,7.03156064910447,-36.5976801202078
24.71,3.12345314025879,-4.4648003578186,1.91113090515137,6.63277066290317,-19.6714673191082,-15.4950371605299,-12.5564680099487,-5.32222318649292,-1.12006425857544,-37.8252153782208,-41.8863502360621,-35.4863673611117
24.715,3.33376121520996,-4.57621383666992,0.92130583524704,0.761676976308729,-1.44014570666231,-20.8504211491023,-11.8376750946045,-4.9916296005249,-1.50054943561554,-51.5972126696627,-75.5495488624006,-34.9652717387639
24.72,3.26023006439209,-4.98209190368652,-0.0850057229399681,-5.60015875851855,15.0186280508269,-25.1496427410318,-10.2629489898682,-5.02618312835693,-2.75261616706848,-59.2277190103879,-87.8042401202916,-35.1129472588088
24.725,2.88536286354065,-5.70856714248657,-1.07347857952118,-12.1452511368199,28.7113763648764,-28.2394017554921,-8.06516361236572,-5.36810970306396,-4.75697469711304,-58.4492003884115,-74.9962284075487,-35.9331368649114
24.73,2.21817469596863,-6.69534873962402,-1.95375204086304,-19.4468070293809,36.8112806261216,-29.5135001206244,-5.75800895690918,-6.07871055603027,-5.55772733688354,-51.290332270254,-51.2191070575891,-36.0781725168421
24.735,1.55391979217529,-7.69913244247437,-2.72890734672546,-27.9024224199585,40.8534992750565,-30.082096293555,-3.49271273612976,-6.92228031158447,-5.16335868835449,-43.8918133046883,-32.9902030119443,-36.4394929390303
24.74,0.926633656024933,-8.68186855316162,-3.36403751373291,-36.4760412812791,40.8325476697775,-30.2563958909846,-1.46707081794739,-7.81377792358398,-4.08269643783569,-37.2218330518473,-18.8777224979246,-36.6638817287382
24.745,0.365668952465057,-9.61198425292969,-3.82278656959534,-44.3502726772524,36.4952921694547,-30.2599544195422,0.146813690662384,-8.68845367431641,-2.67870783805847,-32.0956053250235,-7.99410036213347,-36.4618105821433
24.75,-0.184664487838745,-10.3515148162842,-3.851158618927,-48.1941426326901,26.8783482520364,-29.8795948450425,0.336748868227005,-9.48305511474609,-1.84696280956268,-30.5944185379139,-3.42397255026692,-35.8900964278566
24.755,-0.7596275806427,-10.9350004196167,-3.66979479789734,-49.1161464536556,15.1268780114352,-28.762220293058,-0.136924982070923,-10.0989217758179,-1.49505937099457,-29.6579791121377,-1.01622083775877,-34.9460140203991
24.76,-1.31094706058502,-11.3326768875122,-3.36583542823792,-47.8119184165471,1.95029819202096,-26.8339861733771,-0.888375282287598,-10.4876108169556,-1.43395853042603,-29.35833188306,-1.91988698818489,-33.4309312134231
24.765,-1.77615296840668,-11.4928512573242,-3.03933429718018,-44.984209854878,-11.8696939849449,-23.9397498616449,-1.45420527458191,-10.5707817077637,-1.44851934909821,-29.8349902946677,-7.83336295907462,-31.0513513631986
24.77,-2.49682402610779,-11.5969867706299,-2.46392893791199,-42.8170864538814,-23.1206804065661,-19.7560967780193,-2.21749567985535,-10.3964529037476,-1.53604531288147,-28.335758649208,-4.57616484531919,-28.0270597119329
24.775,-3.1176552772522,-11.6183071136475,-1.95269989967346,-41.2695226823074,-31.2598906989374,-15.258441115228,-3.04029941558838,-10.0988492965698,-1.77639400959015,-24.6121939382637,5.79958107237588,-25.4379842994857
24.78,-3.5953631401062,-11.5811595916748,-1.53821241855621,-40.0865851444799,-36.1176749159068,-10.9152331050436,-3.92352819442749,-9.73486709594727,-2.07656455039978,-19.7168607563321,18.1437640300934,-23.8335318823147
24.785,-3.87026977539063,-11.5283374786377,-1.25939559936523,-38.8279349597029,-37.0842969476254,-7.52765137578766,-4.88978958129883,-9.39119052886963,-2.25823569297791,-15.5469039095397,23.1215000292665,-24.2446512137415
24.79,-3.824862241745,-11.3774719238281,-1.1169251203537,-36.5059438494654,-34.2071446465546,-5.66974301823535,-5.65892314910889,-9.03843688964844,-2.09821367263794,-16.7642399875746,14.8184966779564,-26.0626648632386
24.795,-3.524245262146,-11.1705408096313,-0.99951583147049,-33.1734330817136,-29.8352771626129,-4.75260570705354,-6.20741367340088,-8.6358003616333,-2.01797842979431,-21.0971105064502,3.57220088874772,-27.8218961971913
24.8,-3.00897026062012,-10.9188833236694,-0.89118629693985,-29.0783385233191,-25.006410259042,-4.55740615765057,-6.52878475189209,-8.23491287231445,-2.12718987464905,-27.2573844773843,-7.95664958114064,-29.2672581406671
24.805,-2.35381579399109,-10.6361541748047,-0.786738038063049,-24.8533610876677,-21.8436109091449,-4.72731437033063,-6.59210205078125,-8.00097179412842,-2.60881519317627,-32.4899804477001,-15.8124906927738,-30.1611284124412
24.81,-1.74141597747803,-10.3845224380493,-0.720751702785492,-16.9990260327465,-18.9865274114029,-5.32465283306233,-6.36685800552368,-8.04694080352783,-3.09056162834167,-34.076271391868,-19.6321493351511,-30.6791231289058
24.815,-1.22041940689087,-10.1882619857788,-0.762499094009399,-8.95794933704899,-18.0822667143539,-5.84529680915125,-5.98768520355225,-8.24914646148682,-3.40234041213989,-34.1262444709304,-21.1679856719201,-31.1474179738748
24.82,-0.808737576007843,-10.0636434555054,-0.933042585849762,-1.9600380417774,-19.3552124850637,-6.13235087694666,-5.47687768936157,-8.5619478225708,-3.5430760383606,-33.4549017623153,-21.2060810520159,-31.6419885565809
24.825,-0.541310012340546,-10.0623188018799,-1.26140129566193,1.6977529079551,-22.2053821238183,-5.95775971581691,-4.80383729934692,-8.89602375030518,-3.67783880233765,-33.7555564442955,-21.6624572168832,-32.1911733318903
24.83,-0.335415810346603,-10.149564743042,-1.60128605365753,2.43150913815387,-25.1726229124943,-5.07093393039798,-4.07180070877075,-9.13504123687744,-3.87446761131287,-34.1818866070039,-22.0230536390194,-32.4388906327084
24.835,-0.149616062641144,-10.2693338394165,-1.87756443023682,1.53873201681204,-27.926348572621,-3.74769790371614,-3.46510195732117,-9.3424186706543,-4.01292753219604,-33.9397700613053,-21.0962499026148,-32.5161059212754
24.84,0.0348326750099659,-10.3979425430298,-2.05539584159851,-0.44691792701202,-30.2571301363204,-2.08705330680002,-3.01991009712219,-9.55296516418457,-4.05129766464233,-32.4609043324033,-17.9746400085074,-32.3888458366597
24.845,0.258944600820541,-10.4919490814209,-2.07857346534729,-2.4176504708845,-31.4520102599116,-0.231592211363401,-2.48731327056885,-9.87865734100342,-3.99885654449463,-27.5499009889685,-8.99778812293038,-31.4677743365159
24.85,0.48130676150322,-10.5427541732788,-1.97595870494843,-4.36423133244969,-31.2393386597249,1.50433134217044,-2.3016037940979,-10.0971727371216,-3.89193844795227,-21.7211934286507,1.97056741871321,-30.2060983779366
24.855,0.684949696063995,-10.5713958740234,-1.7812796831131,-6.37649129307372,-29.8223783503653,3.22470498288297,-2.36957406997681,-10.2136554718018,-3.76731395721436,-16.3376741833398,11.9589278451302,-28.9249666255065
24.86,0.857186138629913,-10.5857744216919,-1.51677441596985,-8.50682217255881,-27.2461300331794,4.97129513078584,-2.65052151679993,-10.2218446731567,-3.64092230796814,-12.1888473805185,19.2409314674184,-27.808859073613
24.865,0.949574649333954,-10.5504207611084,-1.35438466072083,-10.7792115952701,-23.5938263933931,6.52356234137701,-3.04357314109802,-10.0621795654297,-3.46806168556213,-10.0931310459733,21.9512717659372,-27.1469061675594
24.87,1.08973598480225,-10.4535093307495,-1.15347599983215,-13.5567609552218,-19.3473048335521,8.08673821784635,-3.42729663848877,-9.79683971405029,-3.29760050773621,-8.70636017274521,23.5125727554793,-26.3050990127336
24.875,1.2556334733963,-10.3134241104126,-0.972945690155029,-16.6381666483272,-14.7271599732804,9.50611129153024,-3.77254009246826,-9.48527717590332,-3.15146827697754,-7.7915041447462,24.1113566569941,-25.5604820347026
24.88,1.43130385875702,-10.1421537399292,-0.860918641090393,-19.8818064096934,-9.88609264430462,10.6497410906842,-4.05374479293823,-9.17198276519775,-3.04860901832581,-7.18879715332687,23.8371552976694,-25.1395084478508
24.885,1.57925450801849,-9.95257759094238,-0.834667503833771,-22.9390844595557,-4.94162265459719,10.9731539629789,-4.05250835418701,-9.07875728607178,-2.9261736869812,-7.00088328133419,22.1389380435725,-25.5553798833926
24.89,1.70428085327148,-9.78306484222412,-0.857570886611938,-25.4409007902613,0.1728539051824,10.9219941385482,-3.88289952278137,-9.14621829986572,-2.75917220115662,-7.07414474414539,19.7986078754134,-26.1291362642412
24.895,1.79523026943207,-9.65622711181641,-0.910109877586365,-27.30457425436,5.20507628437609,10.4101423234684,-3.57423114776611,-9.31184673309326,-2.60755586624146,-7.32479390366464,17.0888447278795,-26.4602245616157
24.9,1.83546924591064,-9.60375785827637,-0.970040500164032,-28.3771359352,9.8317738573828,9.29396049326776,-3.1526358127594,-9.50464344024658,-2.54783153533936,-7.66120633349716,14.3238296188283,-26.0267192851841
24.905,1.84042513370514,-9.57561111450195,-1.01347148418427,-28.0224134757499,13.0084470290315,8.2335241057518,-2.68259239196777,-9.56881618499756,-2.68683195114136,-7.80576728728047,12.7927812446674,-24.8282755103935
24.91,1.81008410453796,-9.52090644836426,-1.06112337112427,-26.7845134056714,17.1982063017751,6.56046329214166,-2.26657009124756,-9.62560844421387,-2.78494787216187,-7.54742818852944,12.3680100726371,-23.8942010376173
24.915,1.7510290145874,-9.44064044952393,-1.12238991260529,-24.7406971173083,22.2021770575503,4.32455305601379,-1.94813406467438,-9.67292213439941,-2.8218252658844,-6.74247246559686,12.9381677975667,-23.1436195968936
24.92,1.67271208763123,-9.33937168121338,-1.21432292461395,-21.8952437241756,27.4699843605847,1.6312070152019,-1.80931544303894,-9.69302272796631,-2.77767252922058,-5.08327650911502,14.4104543467507,-22.3342695010038
24.925,1.59450674057007,-9.23204612731934,-1.32221806049347,-19.1693408396329,32.6640375734141,-1.04067376876106,-1.77040147781372,-9.61174583435059,-2.7624659538269,-3.40347579289795,16.5177931019422,-21.2842901331071
24.93,1.47698450088501,-9.1359977722168,-1.43877053260803,-16.8496275974835,37.7108404454744,-3.81352342495531,-1.86302661895752,-9.45345783233643,-2.80312824249268,-2.04377061147306,18.095489960587,-20.0276804673446
24.935,1.32137906551361,-9.06221961975098,-1.5564798116684,-14.9536575838945,42.3807910451739,-6.63149427130203,-2.05176281929016,-9.25210475921631,-2.87595248222351,-0.975659225764118,19.104011787769,-18.6740291814019
24.94,1.1421537399292,-9.03840827941895,-1.65628862380981,-13.4667894346062,45.9984280598278,-9.29169970065249,-2.23078107833862,-9.09366798400879,-2.90510821342468,-0.0188450855595536,19.8001480830713,-17.5209481079839
24.945,0.979291200637817,-9.03182220458984,-1.70608580112457,-11.7597689204427,48.1275243826204,-11.7285643474459,-2.42338395118713,-9.02099990844727,-2.8569872379303,0.926937458702007,21.0718200235009,-16.6326683460454
24.95,0.805739462375641,-9.02990531921387,-1.74553227424622,-9.89780727250484,49.6211672257917,-14.0131285823527,-2.59529161453247,-8.9952335357666,-2.76831364631653,1.69376930684339,21.8846398554891,-15.8196709291387
24.955,0.615716338157654,-9.03208255767822,-1.7745612859726,-7.99483204614831,50.7352667020692,-16.1496766415298,-2.73465156555176,-8.9924373626709,-2.66431999206543,2.18889654996679,22.0205213463846,-15.0241690417911
24.96,0.409290820360184,-9.04822635650635,-1.7532023191452,-6.51729820413447,51.8109497793599,-18.0871742052725,-2.82042860984802,-8.93980884552002,-2.62603402137756,2.1473873559465,21.4961199124786,-14.1660129754133
24.965,0.265604943037033,-9.07340431213379,-1.69593584537506,-5.32587757135788,52.7575422813374,-19.8145495369362,-2.91217446327209,-8.87392807006836,-2.59676289558411,2.03147349620269,21.2621261692504,-13.4473114426406
24.97,0.0811658129096031,-9.10751819610596,-1.60187864303589,-4.46483190807434,53.3445697197433,-21.3840160176312,-3.02479720115662,-8.82714080810547,-2.52431464195251,2.08317354590804,20.8796953398849,-13.0969090778406
24.975,-0.171385169029236,-9.15260887145996,-1.47182905673981,-3.99158901793849,53.434246688451,-22.7959288171941,-3.1709840297699,-8.80490112304688,-2.3998076915741,2.3528765853341,20.2481282379014,-13.1392921091878
24.98,-0.416122764348984,-9.22304821014404,-1.32379806041718,-4.1612581739976,52.6478801791183,-23.9490252585377,-3.40602040290833,-8.75712394714355,-2.30651211738586,2.53624027067908,19.8057300551705,-13.0489585885462
24.985,-0.662324726581573,-9.34006118774414,-1.16952705383301,-4.77056568947609,51.1356831270666,-24.8124499620866,-3.61037397384644,-8.69930839538574,-2.27564024925232,2.27098581883682,19.6142149659379,-12.977299658869
24.99,-0.914837777614594,-9.47856712341309,-1.02131104469299,-5.6053339074753,49.1012703016433,-25.3839079842794,-3.75082349777222,-8.6604700088501,-2.25399518013,1.78168654134444,19.2382591559056,-12.9893028625616
24.995,-1.17722499370575,-9.62788677215576,-0.886796236038208,-6.56289355882571,46.585988252989,-25.6421591443449,-3.81002044677734,-8.65887928009033,-2.21462035179138,1.15367295199828,18.415320398662,-13.1421180999569
25.0,-1.46126389503479,-9.81261253356934,-0.780752897262573,-7.60444233885247,42.9220801218028,-25.5186334656579,-3.85518956184387,-8.72873687744141,-2.1684365272522,0.0134949063352114,16.7395522688196,-13.763416866297
25.005,-1.72741961479187,-9.97671699523926,-0.699184119701385,-8.33763155662843,39.7296462886442,-25.2163617363917,-3.92351937294006,-8.84226417541504,-2.12276554107666,-0.722153392985362,14.9960389076944,-14.649866137538
25.01,-1.96457719802856,-10.1038856506348,-0.657061457633972,-9.1506042140993,35.9579714327336,-24.6465071011065,-4.02951335906982,-8.92464923858643,-2.12775373458862,-1.24571508714949,13.4635271655039,-15.3818660486247
25.015,-2.16211462020874,-10.1788749694824,-0.668716013431549,-10.357171645134,30.7353185103021,-23.7219795252428,-4.18702125549316,-8.91444110870361,-2.22641468048096,-1.69737447278639,12.3767962572306,-15.6159912729944
25.02,-2.28864455223083,-10.1930627822876,-0.703244388103485,-11.2227068771364,25.5199551072623,-22.4610002459588,-4.22523880004883,-8.83242893218994,-2.31892418861389,-2.19052213498925,11.8965571189506,-16.0114370278233
25.025,-2.35593819618225,-10.2038631439209,-0.749958097934723,-11.7569190240115,20.1398697395567,-21.0855948075095,-4.13133955001831,-8.8216495513916,-2.39313077926636,-2.80888477375989,11.388764143785,-16.7933195179659
25.03,-2.37826251983643,-10.2066717147827,-0.81161630153656,-11.9097521906534,14.8010131012285,-19.6397188922987,-3.98868751525879,-8.86809921264648,-2.44080424308777,-3.49329448803091,10.7361574978369,-17.7788714189692
25.035,-2.37008357048035,-10.19508934021,-0.892834901809692,-11.5889783326993,9.76531526298493,-18.1731731171121,-3.89827156066895,-8.95858383178711,-2.44956254959106,-4.17449209240132,9.78026483953079,-18.7541319324405
25.04,-2.30929851531982,-10.2037916183472,-0.950741052627563,-10.9162149447368,5.95390279336997,-16.4579623523602,-4.03506326675415,-8.96833992004395,-2.48032641410828,-4.7750919704617,9.08011580809113,-18.8808302339969
25.045,-2.23666644096375,-10.2411861419678,-0.984011054039001,-9.83166542812973,2.66870709387643,-14.8430136419822,-4.20067071914673,-8.90643405914307,-2.50404167175293,-5.6021070699793,8.27225298589307,-19.060182463865
25.05,-2.15400195121765,-10.300217628479,-0.991269946098328,-8.49624306330811,-0.333970450441251,-13.368391168102,-4.35610675811768,-8.82893848419189,-2.50447940826416,-6.46445516496019,7.73179206970101,-19.5256427803285
25.055,-2.05939888954163,-10.3689107894897,-0.967313587665558,-7.19472490375279,-3.41265514025562,-12.088050863842,-4.44731330871582,-8.83949947357178,-2.45149683952332,-6.97148913535421,8.23588735120463,-20.6547908708947
25.06,-1.92146396636963,-10.4369554519653,-0.912470877170563,-5.91891130736517,-6.12220377716096,-11.1138319542191,-4.53668880462646,-8.94498825073242,-2.37791562080383,-6.69032610571793,9.74317435101669,-21.6645421321273
25.065,-1.79508411884308,-10.4886436462402,-0.866824150085449,-4.6667246159771,-8.6756362743112,-10.2303947964021,-4.66365003585815,-9.03232765197754,-2.36475229263306,-6.63384086816875,10.3885657558804,-22.3319711423481
25.07,-1.66811156272888,-10.5233039855957,-0.814699590206146,-3.48795199943949,-11.1094649020185,-9.44908518837616,-4.8057074546814,-9.06989288330078,-2.40780520439148,-7.0065228831545,9.9491993233673,-22.7426994454449
25.075,-1.48519432544708,-10.5431470870972,-0.695336520671844,-2.53485971869309,-13.4415732299641,-8.89049780390053,-4.88447713851929,-9.00227832794189,-2.47050261497498,-8.07395210372009,8.35634798250156,-23.2035357238402
25.08,-1.27280163764954,-10.5033626556396,-0.559910416603088,-1.48533466509793,-15.5911515825303,-8.28332643008495,-4.84505748748779,-8.99784278869629,-2.43525528907776,-9.00820416141465,6.85366709151102,-24.195518247947
25.085,-1.06953799724579,-10.4490013122559,-0.433994323015213,-0.699928971282346,-17.2541557963613,-7.7251761777162,-4.70601749420166,-9.06649303436279,-2.32786989212036,-9.73872875164065,5.33272142090623,-25.5998375847002
25.09,-0.882343411445618,-10.3865280151367,-0.318086564540863,-0.249732446747014,-18.2436367636846,-7.25725443183061,-4.47515296936035,-9.1943998336792,-2.19133019447327,-10.3020178675862,3.85380019671723,-27.1991349165952
25.095,-0.704999268054962,-10.301043510437,-0.188939094543457,-0.105944531639522,-17.9912305380013,-6.97425023932619,-4.17027902603149,-9.30711555480957,-2.20042061805725,-10.9389142246697,2.80669078893244,-28.0978853585313
25.1,-0.533380329608917,-10.2006149291992,-0.123957902193069,0.0540845027621489,-17.0675874716351,-6.84903878457469,-3.7976381778717,-9.36550521850586,-2.33463597297668,-11.6467267283581,1.80300836422081,-28.846166733052
25.105,-0.372843116521835,-10.0961894989014,-0.102665811777115,0.196172504514154,-16.0264685666392,-6.89268198582378,-3.41523909568787,-9.41034317016602,-2.44126772880554,-12.0545300029429,1.06360079281409,-29.6455823187941
25.11,-0.219987615942955,-9.99486637115479,-0.129056483507156,0.322433567242012,-14.9109979298859,-7.12979285663442,-3.06635332107544,-9.4567813873291,-2.47332763671875,-12.0289885105416,0.695705619858604,-30.5681359699877
25.115,-0.0301137547940016,-9.92435169219971,-0.280469089746475,0.548266488392064,-12.5726809599847,-7.68464156631311,-2.94006657600403,-9.51730632781982,-2.48175835609436,-11.5984603428145,0.883825144578328,-31.6227069325539
25.12,0.140918016433716,-9.89515495300293,-0.496772795915604,0.873540427153022,-9.52147494829454,-8.47660114680245,-2.97477912902832,-9.52257919311523,-2.6316876411438,-11.327053384634,0.96316691649387,-32.2978233206855
25.125,0.299331873655319,-9.88729286193848,-0.73125946521759,1.5011445253141,-6.29045225387271,-9.45749998143361,-3.06036114692688,-9.46780681610107,-2.83016610145569,-10.9578492165962,1.3813506912349,-32.5897046246768
25.13,0.446516662836075,-9.88914966583252,-0.96112984418869,2.54640465938112,-3.17633849237941,-10.6027963467451,-3.13670897483826,-9.35515308380127,-3.0220742225647,-10.3601325321392,2.34182021661514,-32.5272049786766
25.135,0.560961067676544,-9.8601245880127,-1.20153963565826,3.85540870626677,-0.635827645921776,-11.7394217869053,-3.11731576919556,-9.32915115356445,-3.04973459243774,-9.71952055214729,2.91533220475748,-33.0488914123876
25.14,0.649078488349915,-9.82588195800781,-1.38393652439117,4.82825005211144,1.55227713570982,-12.6353001342954,-3.07805943489075,-9.33549785614014,-3.07675218582153,-9.15168423776181,3.07635284722347,-33.5552338261282
25.145,0.680583596229553,-9.78526973724365,-1.51202881336212,5.54663953061644,3.65518043008738,-13.4609171794673,-3.02377533912659,-9.33928394317627,-3.14960122108459,-8.79968360869604,3.2463564691085,-33.8194665243593
25.15,0.627905428409576,-9.73697757720947,-1.58544301986694,6.06003411467504,5.88033824091435,-14.347666125258,-2.95739197731018,-9.31256580352783,-3.30807757377625,-8.79059860332627,3.76135187875382,-33.6462870779536
25.155,0.509849965572357,-9.72763824462891,-1.602170586586,6.61406320165333,7.87515944792687,-15.1440986258801,-2.90022253990173,-9.29991054534912,-3.36434745788574,-8.15668020872093,5.38519008033662,-33.1871310260941
25.16,0.389610081911087,-9.72037220001221,-1.60276019573212,7.00758625823091,9.67330578467569,-15.8979602649527,-2.81865954399109,-9.27443027496338,-3.36705780029297,-7.03842669676763,7.60783779664361,-32.973096803168
25.165,0.28610223531723,-9.70957660675049,-1.58799183368683,7.18190378490703,11.4615381018442,-16.6350008556469,-2.73940682411194,-9.26633548736572,-3.33743453025818,-5.78764830500905,9.97880563209837,-32.8822313815447
25.17,0.224380284547806,-9.68793869018555,-1.55766475200653,7.04640179639727,13.4737417134076,-17.3862755605714,-2.69619297981262,-9.31492519378662,-3.29965734481812,-4.83616709513313,11.9435018628897,-32.7708002603305
25.175,0.104035973548889,-9.65041065216064,-1.52217280864716,6.95811092920427,15.5595414670515,-18.0202468891428,-2.66196775436401,-9.30595302581787,-3.25688862800598,-4.40599238969561,12.8648499856948,-32.3633248348259
25.18,0.0018503988394513,-9.61690425872803,-1.49704945087433,6.96036873361179,17.5060514654041,-18.5053269239971,-2.6460177898407,-9.27174854278564,-3.26986050605774,-3.97706846264986,13.6341709041802,-31.9705343160368
25.185,-0.0841475054621696,-9.59226894378662,-1.4834531545639,6.93420441333558,19.2453301092438,-18.8726801107698,-2.61028051376343,-9.22785472869873,-3.31422662734985,-3.64811630693829,14.1381389734105,-31.7528015456752
25.19,-0.164070621132851,-9.5845251083374,-1.48315763473511,6.6466470459757,20.6492447572887,-19.1722812360706,-2.47957801818848,-9.19930267333984,-3.34076905250549,-3.67145250201129,14.0402785843035,-31.9997094690765
25.195,-0.212019741535187,-9.57475852966309,-1.50877261161804,6.3001395965499,21.8499390794109,-19.3458756164683,-2.33216571807861,-9.23938369750977,-3.27388477325439,-2.88516667428812,14.8258835275438,-32.3929678558238
25.2,-0.226861000061035,-9.57208347320557,-1.56730878353119,5.99925012681698,22.8537395383291,-19.3568295323497,-2.29789662361145,-9.26907920837402,-3.23862719535828,-1.51293716708125,17.3065160265386,-32.400470818627
25.205,-0.218809440732002,-9.58349227905273,-1.64036393165588,5.78771788756121,23.5604540891084,-19.2649891012224,-2.36988592147827,-9.26481246948242,-3.24031782150269,0.221905322253457,21.0830249488343,-31.986752600221
25.21,-0.215912669897079,-9.62729740142822,-1.67317473888397,5.76287905087082,23.6493080200211,-19.248431015127,-2.49054598808289,-9.18364429473877,-3.25232219696045,1.7839746547164,24.8169527642969,-31.2038353364191
25.215,-0.218793720006943,-9.64452171325684,-1.67789328098297,5.65101634707846,22.9498607905187,-19.1691632547144,-2.47563600540161,-9.15759754180908,-3.1419723033905,2.12900710344659,25.1058168322224,-31.2028142231382
25.22,-0.234960675239563,-9.6461181640625,-1.70017910003662,5.51326381123718,21.8240970586861,-19.0871087771205,-2.4165472984314,-9.17506504058838,-3.00694990158081,1.95813583409355,24.082797928527,-31.6917396544952
25.225,-0.266613394021988,-9.63901138305664,-1.74236524105072,5.33121365664695,20.3823346249029,-19.0281232634483,-2.36172389984131,-9.22433376312256,-2.88699150085449,1.51266609394856,22.4959947201713,-32.4495218221515
25.23,-0.31650972366333,-9.64456462860107,-1.76968026161194,4.95782941283716,18.7774109246792,-19.0529561237231,-2.44584560394287,-9.26234531402588,-2.86985039710999,1.21755848606976,21.703337606613,-32.7363522012516
25.235,-0.325166285037994,-9.69088554382324,-1.75580024719238,4.82168282522447,17.3621906060107,-19.1861909163153,-2.51374650001526,-9.270094871521,-2.83109378814697,1.1916479500099,21.186350343051,-32.7575838442866
25.24,-0.308697074651718,-9.76240348815918,-1.73643505573273,5.09206055927448,15.8968384063816,-19.3665284009711,-2.56501460075378,-9.24385643005371,-2.79464673995972,1.32348394120437,21.5618895115439,-32.7720092038136
25.245,-0.268214374780655,-9.84614562988281,-1.72662460803986,5.82897735278997,14.3455880402031,-19.5393168190468,-2.58786845207214,-9.19433879852295,-2.76976871490479,1.56993466881818,22.8323525084905,-32.9141522706308
25.25,-0.174584224820137,-9.87481784820557,-1.74985587596893,6.94537646838361,13.0943904455842,-19.4241564145458,-2.49334621429443,-9.22596454620361,-2.76416158676147,1.85299681120884,23.0974577633881,-33.5502682786016
25.255,-0.0292965434491634,-9.88823986053467,-1.77034509181976,7.82465019901462,12.4219028265094,-19.2073730404788,-2.38219428062439,-9.26747798919678,-2.73396611213684,1.9509116283858,22.6437231741822,-33.9983969900461
25.26,0.125554770231247,-9.88510990142822,-1.7663426399231,8.46532194316182,12.1341520794186,-18.9256840862764,-2.26933193206787,-9.31231021881104,-2.76366448402405,1.87622969967064,22.165929243625,-34.2823586896948
25.265,0.265626132488251,-9.86452102661133,-1.72509753704071,8.82950250706502,12.1333247727554,-18.6044124782865,-2.16044759750366,-9.35903167724609,-2.8931725025177,1.67377275410942,22.0596532076869,-34.4257755867921
25.27,0.343061059713364,-9.83909702301025,-1.64820539951324,8.48783766176076,12.1167769319438,-18.4154740779183,-2.01792311668396,-9.44101524353027,-2.97848844528198,2.20369415480362,22.8688427941313,-34.7915800281705
25.275,0.435319393873215,-9.83986473083496,-1.50162196159363,7.76724843545619,12.1007012279585,-18.2238753188684,-1.8815553188324,-9.55474662780762,-3.01268720626831,2.84850264571031,23.7550427634675,-35.2949649700005
25.28,0.519488334655762,-9.86435794830322,-1.31155300140381,6.84263334779369,12.2155175616801,-18.0943681020158,-1.78063070774078,-9.67349910736084,-3.03968453407288,3.57416115303951,24.601460295983,-35.8069901011305
25.285,0.576835930347443,-9.91206550598145,-1.0961936712265,5.840706922029,12.5730421062371,-18.0822923275632,-1.74062848091125,-9.77630615234375,-3.09399247169495,4.35852897826637,25.3127049697293,-36.2255577538472
25.29,0.594817638397217,-9.95952701568604,-0.913453221321106,4.87631281264035,13.1150483527289,-18.2095216763277,-1.87760901451111,-9.83035469055176,-3.22712731361389,5.20016153638145,26.7924705760545,-36.4055639743283
25.295,0.58815610408783,-10.0255584716797,-0.768608093261719,4.14389284491966,13.8183375636394,-18.3020143905207,-1.99390530586243,-9.8392391204834,-3.32155060768127,5.99919420464315,28.8043181640074,-36.3755418778315
25.3,0.580109477043152,-10.0872783660889,-0.653190076351166,3.58695367046812,14.9008346084009,-18.3586281210036,-2.10981059074402,-9.82909297943115,-3.35171484947205,6.76651174326755,30.8301556869277,-36.350553630753
25.305,0.599793016910553,-10.1156034469604,-0.55882328748703,3.1480143382216,16.6655130182167,-18.3751725467207,-2.2507917881012,-9.83129024505615,-3.28057837486267,7.5133498134393,32.2201162584983,-36.6012044978195
25.31,0.61601060628891,-10.1179685592651,-0.527433216571808,2.92300933738458,18.1207684907052,-18.4539587787968,-2.41639804840088,-9.80325794219971,-3.29054760932922,7.88548754772557,32.4419061612269,-36.9020026137723
25.315,0.595897257328033,-10.1334753036499,-0.485209345817566,2.65544414716873,20.3177944598882,-18.53869410564,-2.53792214393616,-9.78499412536621,-3.31767439842224,8.03179959125735,32.7976497339579,-37.1000951751756
25.32,0.545403301715851,-10.1608896255493,-0.42373725771904,2.42690559065328,23.1144820098943,-18.6651294449134,-2.62023997306824,-9.76877021789551,-3.33920621871948,8.12865679633001,33.4676810462524,-37.3491477779764
25.325,0.476064622402191,-10.1950101852417,-0.33281734585762,2.42308538047313,26.1940350141874,-18.9113184909046,-2.67569494247437,-9.73594856262207,-3.31817555427551,8.4893556713038,34.6897248321727,-37.9617440295402
25.33,0.393642097711563,-10.1923084259033,-0.250618189573288,2.5555361954146,29.2696282163091,-19.0653307189519,-2.55772972106934,-9.75977420806885,-3.2396411895752,8.5219843387426,34.9184371316252,-39.0690201468368
25.335,0.291495501995087,-10.1743326187134,-0.176093801856041,2.64014110833332,32.2387421843649,-19.2475806565754,-2.48278141021729,-9.82377815246582,-3.11633157730103,8.63781751687684,34.9093734705966,-40.289691064734
25.34,0.166336908936501,-10.1430311203003,-0.10215961933136,2.72257295387891,35.1153890514371,-19.5007552785402,-2.48798990249634,-9.89056587219238,-2.97356343269348,8.86619086819174,35.027385479076,-41.5229261156094
25.345,0.0089241098612546,-10.0950202941895,-0.0086399978026747,3.00245190795123,37.9691889357355,-19.9116970250486,-2.60998106002808,-9.85759735107422,-2.8785879611969,9.15312028503481,36.0706695540388,-42.6152065525833
25.35,-0.178297400474548,-10.0678186416626,0.092562697827816,3.68679865641584,40.8051073847869,-20.5108156058328,-2.77011346817017,-9.78250312805176,-2.84362959861755,9.17884790009095,37.2248246747038,-43.7739618056543
25.355,-0.356871515512466,-10.0494575500488,0.199445754289627,4.52459905151971,43.5748891121051,-21.1679481058797,-2.88516688346863,-9.71258544921875,-2.75501227378845,9.16423214904077,38.0633430934442,-45.0697784647999
25.36,-0.509502410888672,-10.0398941040039,0.305669963359833,5.4654618785572,46.3689965581522,-21.8830962327367,-2.95674824714661,-9.66353034973145,-2.6016788482666,9.08770841712724,38.3920152113998,-46.5401610987528
25.365,-0.593932271003723,-10.0508832931519,0.383655190467834,6.52524086036555,49.6578555869185,-22.7864177787749,-3.07558012008667,-9.66123485565186,-2.44570827484131,8.6277822614388,37.7310509752285,-48.2895364697331
25.37,-0.660930156707764,-10.0840902328491,0.434582978487015,7.92040091344174,52.8511397786287,-23.6302466695949,-3.27855968475342,-9.64119148254395,-2.35787343978882,8.1515498828806,37.2745962631857,-50.176871416664
25.375,-0.749357163906097,-10.1489715576172,0.468408554792404,9.65962150067357,55.813526010352,-24.2948667645195,-3.46555113792419,-9.63241958618164,-2.3292293548584,7.7193338046549,37.1341744040394,-52.0926984977175
25.38,-0.87056964635849,-10.2537212371826,0.481017172336578,11.7296085126153,58.4707428050538,-24.7380896925926,-3.60291886329651,-9.65203666687012,-2.35091686248779,7.35239555187431,37.1980537482519,-53.9722914252242
25.385,-1.0031932592392,-10.4299488067627,0.41638919711113,13.9141326742962,60.6585411886681,-24.9964074470025,-3.70094609260559,-9.75433826446533,-2.36185956001282,7.04392243772855,36.1867212982265,-55.5917361076234
25.39,-1.18651843070984,-10.7154655456543,0.266184836626053,16.2531471772663,62.2915301361914,-25.0361984215597,-3.9587345123291,-9.89644145965576,-2.36485505104065,6.50206645539852,34.560736709697,-58.115409043673
25.395,-1.38352787494659,-11.0883531570435,0.060929499566555,18.9591929943445,63.2121235230932,-24.8978273267117,-4.25251483917236,-10.0490627288818,-2.36930179595947,5.94277300011744,32.8380229821418,-60.9848124951304
25.4,-1.57517671585083,-11.5411386489868,-0.183097377419472,22.1646468756084,63.2716417915207,-24.5772967942468,-4.52803754806519,-10.2044410705566,-2.37665057182312,5.4454852827822,31.2666389258374,-63.9272853103286
25.405,-1.75663042068481,-12.0601511001587,-0.407805502414703,25.8660681132636,62.0031322286768,-23.7973540778284,-4.948646068573,-10.4905281066895,-2.32227969169617,4.4061157599875,29.4880918169119,-66.9952765119041
25.41,-1.89366781711578,-12.4949378967285,-0.599725782871246,28.6969202694981,60.6324362056603,-22.9761450659922,-5.25913763046265,-10.8135604858398,-2.16898584365845,3.04207362188306,27.3736718630984,-70.4303903813678
25.415,-2.00488662719727,-12.8355054855347,-0.737868189811707,31.7227862793675,58.6955106702605,-21.7767587250961,-5.49012613296509,-11.1293230056763,-1.99910843372345,1.44848483403036,25.1442417689456,-73.9136912354259
25.42,-2.10350823402405,-13.0681324005127,-0.802233815193176,35.8037116103289,55.7883567632605,-19.9078891945863,-5.66110992431641,-11.4021787643433,-1.87716794013977,-0.312991604446836,22.9685498956351,-77.1942925654855
25.425,-2.15697383880615,-13.1590137481689,-0.764775812625885,39.5691095223923,52.807324115103,-17.4518043954685,-5.89940547943115,-11.4629993438721,-1.93119788169861,-2.00842246152754,21.2857791143462,-80.3268085641501
25.43,-2.15415740013123,-13.2195024490356,-0.702210068702698,43.4307345545774,49.8263461084589,-14.5711686979211,-6.13705110549927,-11.4593210220337,-1.8855916261673,-3.56023610486915,19.8876991553998,-83.2648554167661
25.435,-2.06031727790833,-13.2520360946655,-0.627954721450806,47.4611813724777,46.8329986292279,-11.2046290739507,-6.35512065887451,-11.4184446334839,-1.71584582328796,-5.17401386469134,18.5547996917028,-86.1598242662869
25.44,-1.82480216026306,-13.2575283050537,-0.557969033718109,51.7646410967872,43.8107184686727,-7.23772435967261,-6.52833127975464,-11.371808052063,-1.38162517547607,-7.11281812899965,17.0163047037993,-89.1986232393497
25.445,-1.47998249530792,-13.2577276229858,-0.454175382852554,56.2585845517646,40.4327083957649,-2.86531344880501,-6.45585775375366,-11.4163599014282,-0.99127322435379,-9.75380810178075,16.4637133716413,-92.451446190055
25.45,-1.09638547897339,-13.2034349441528,-0.264799147844315,60.4886880443882,36.3531559328268,1.62407053473629,-6.22603750228882,-11.4709062576294,-0.798208296298981,-12.7660034880264,16.2174235803599,-95.5378242608761
25.455,-0.707023143768311,-13.0857229232788,0.0097030038014054,64.2837802038682,31.4438686744209,6.02929186010763,-5.87762260437012,-11.5264463424683,-0.742659389972687,-15.7984836823334,16.4392903227167,-98.2797490616644
25.46,-0.366413623094559,-12.8861837387085,0.371976464986801,67.3215409881772,25.4110340805681,9.99076443956142,-5.46225643157959,-11.5745792388916,-0.699175715446472,-18.2233220735457,17.55679806339,-100.343757096761
25.465,-0.160142779350281,-12.7000961303711,0.643091261386871,69.9873843118007,18.6442563868098,13.1908796742153,-5.0363826751709,-11.6785907745361,-0.480228036642075,-19.5423835739842,19.4475412747167,-101.593080658227
25.47,0.0899960100650787,-12.4535608291626,0.940784871578217,73.1476991803873,12.3186918379613,15.7916637384471,-4.68469190597534,-11.7618780136108,-0.315453886985779,-21.3339575612041,22.1934600286221,-103.126089296679
25.475,0.383137911558151,-12.1686420440674,1.22490525245667,77.1406687503118,6.93406567511807,17.8457167728288,-4.36941576004028,-11.818865776062,-0.211502879858017,-23.5608041363034,25.6280360206886,-104.887185272276
25.48,0.655874073505402,-11.9329023361206,1.3345992565155,82.710763150538,3.60233525647899,19.3974350069654,-3.9531991481781,-11.8587980270386,-0.109744310379028,-25.5802264040458,29.299674218468,-106.335950357505
25.485,0.871292233467102,-11.6791095733643,1.2391505241394,89.908880950761,2.25916148072306,20.603607140802,-3.56422734260559,-11.8573656082153,-0.129681423306465,-26.9436653510692,33.7113787807438,-107.191486192563
25.49,1.02920949459076,-11.4245328903198,1.07112979888916,97.4764641737575,1.97087947298092,21.537307660721,-3.10652709007263,-11.8571329116821,-0.245256543159485,-27.8606233697853,38.7233954993613,-107.632245129893
25.495,1.12944281101227,-11.170428276062,0.875211358070374,105.133550195638,2.48915187932396,22.198608283709,-2.5574357509613,-11.8925514221191,-0.454375684261322,-28.3052464866383,44.1963714397791,-107.650222187788
25.5,1.17132151126862,-10.9054021835327,0.727303862571716,112.832184258239,3.58873421540738,22.5147709101997,-1.90716731548309,-12.0818328857422,-0.773324608802795,-27.9473616496026,49.6197431313498,-107.029597048855
25.505,1.18640947341919,-10.661789894104,0.677756786346436,119.993405376566,3.84021281602396,22.8177341961194,-1.46255314350128,-12.2285709381104,-1.07131123542786,-27.1764006319428,54.0161002585606,-105.946185612518
25.51,1.20849001407623,-10.4287042617798,0.70452880859375,126.287984772245,2.87906325993448,23.0804608376385,-1.49834597110748,-12.2173891067505,-1.17975425720215,-26.4851001105729,56.886606785569,-104.819805456113
25.515,1.26201260089874,-10.191198348999,0.769959926605225,132.082553339543,0.392126736459559,23.2951729568397,-2.15677428245544,-11.9887771606445,-1.04025590419769,-26.120740254204,58.290248226047,-103.947043883969
25.52,1.44791960716248,-9.85700225830078,0.614304900169373,141.432057784915,-4.82026470719804,23.4840891590931,-3.6999933719635,-11.4234170913696,-0.696615755558014,-26.6866350873178,60.452160192707,-104.556802191933
25.525,1.76990079879761,-9.4235143661499,0.426713019609451,150.502999795178,-7.80803405631127,23.5336165683122,-5.31606101989746,-10.5451612472534,-0.981735169887543,-29.8162141046394,60.3325089388267,-106.624778566938
25.53,2.15690422058105,-8.96381282806396,0.0160582102835178,158.52956490021,-8.38951367356385,23.2303903201094,-6.51117849349976,-9.55471038818359,-1.72962725162506,-34.4608725138423,57.0174390591205,-108.985537830904
25.535,2.56692147254944,-8.5222749710083,-0.703807890415192,164.946814493382,-6.37608831191268,22.5371517325625,-6.97151565551758,-8.56683826446533,-2.84075164794922,-40.1506591490838,49.9039302272411,-110.926752725103
25.54,2.85378122329712,-8.22968196868896,-1.24479472637177,167.905269951238,-2.50480197714657,23.1628841454476,-6.16016721725464,-7.8530421257019,-3.63748669624329,-46.8731703868313,40.0142158751291,-110.405588800863
25.545,3.06512808799744,-8.08760929107666,-1.4771214723587,169.25435525572,0.820546696930186,24.9344866595345,-4.93777132034302,-7.46936464309692,-4.15417003631592,-51.6819001851817,30.4240326388788,-110.079604362346
25.55,3.25698900222778,-8.07506275177002,-1.4931628704071,169.209644837414,3.88112479537869,27.2371500419682,-3.6839485168457,-7.3580117225647,-4.45930337905884,-56.0371020075486,19.6344442787122,-109.840301854585
25.555,3.4727635383606,-8.18326187133789,-1.35319972038269,167.857403985534,6.88450838382139,29.6140473353961,-2.69892191886902,-7.48965644836426,-4.59445571899414,-61.0732566146929,6.37899199608359,-109.606627422701
25.56,3.71120834350586,-8.46698474884033,-1.18097317218781,165.316682897316,11.8571588802707,31.5275384917536,-1.16208720207214,-8.07733631134033,-4.8242359161377,-64.0990304170085,-0.328066098749319,-109.808111173027
25.565,3.8026864528656,-8.76533699035645,-0.946583807468414,163.925236759601,16.5931539941495,33.6980735722406,0.170473247766495,-8.78224945068359,-5.1930832862854,-66.9573006601188,-8.67958070855689,-110.153322594058
25.57,3.71719837188721,-9.13569450378418,-0.624216735363007,164.18858153324,20.3064939119064,36.5255840584237,1.3434431552887,-9.53264999389648,-5.63256168365479,-69.7985842227632,-18.3725719521942,-110.38718144105
25.575,3.40343999862671,-9.65568351745605,-0.174669861793518,166.869171235282,21.9309809814604,40.563100122115,2.40068769454956,-10.2418928146362,-6.06212139129639,-72.8106908165497,-29.1295615269996,-110.18062286017
25.58,2.70969319343567,-10.0262002944946,-0.0140970945358276,168.213721294156,21.5343570189996,45.8437584260729,3.34724712371826,-10.7547254562378,-6.2119083404541,-73.6423141593229,-33.8218331849067,-108.492090814317
25.585,1.89025962352753,-10.3256559371948,0.0828947350382805,167.223576090936,19.4623474172899,51.1055961437727,4.16942596435547,-11.0968208312988,-6.31602907180786,-73.2020743163698,-35.7538990407119,-106.060734715089
25.59,1.0303807258606,-10.5901708602905,0.123612940311432,163.673885798145,15.9609021657017,55.990858211773,4.88316869735718,-11.2626857757568,-6.38789653778076,-71.8857670897141,-36.4284587684262,-103.090736237535
25.595,0.260541260242462,-10.876256942749,0.0922538116574287,156.974262524306,11.3091710956132,59.9149111729721,5.50871324539185,-11.2206583023071,-6.42488479614258,-70.2554965574804,-38.2125178400118,-99.8344845318669
25.6,-0.298549085855484,-11.2496519088745,-0.0249408427625895,147.342288775619,7.05258354448295,62.172076957797,6.13016176223755,-11.068751335144,-6.38424587249756,-68.0325773411539,-41.4890722829883,-96.3788186231906
25.605,-0.659920990467072,-11.6435222625732,-0.151642292737961,137.601715019129,3.11610433474954,63.1289181586241,6.69715356826782,-10.8967742919922,-6.40633630752563,-64.3003160918488,-41.7451053391208,-92.7060619819347
25.61,-0.828580856323242,-12.0294942855835,-0.266974478960037,128.917115829079,-0.347753238577808,62.9598368257205,7.15402126312256,-10.6867523193359,-6.53315114974976,-58.7080440673875,-36.619502574606,-88.4210745042355
25.615,-0.796834945678711,-12.3486156463623,-0.336929529905319,123.745583457491,-2.82506463813,61.9364559219991,7.34712600708008,-10.3502779006958,-6.84533786773682,-50.3998736779703,-20.3954366352783,-82.3250760284858
25.62,-0.595205545425415,-12.5323266983032,-0.388530343770981,116.996250066873,-6.48372739747703,59.8350867521422,7.07123899459839,-9.83160305023193,-7.10555934906006,-41.107483274438,-1.01368673085499,-74.1250514392919
25.625,-0.294920295476913,-12.6088047027588,-0.427844226360321,111.136139004299,-9.88308479974887,57.3077323441298,6.47941732406616,-9.25157642364502,-7.05802154541016,-32.0860567205638,14.9829642180757,-66.0323359521482
25.63,0.0862576812505722,-12.5813398361206,-0.44906947016716,106.618569924982,-12.8160329161495,54.62721094398,5.66594696044922,-8.66737651824951,-6.66696357727051,-22.102309446601,28.4673729794196,-57.3880348782017
25.635,0.536661505699158,-12.4371118545532,-0.41906401515007,103.091979331964,-15.7567426887681,52.4147111812324,4.91777753829956,-8.22498607635498,-6.0212926864624,-4.14570839457842,50.0556492192746,-42.9058925734699
25.64,0.906009554862976,-12.1819868087769,-0.354967504739761,100.136863836613,-19.8476981525256,51.0102945142835,3.76709794998169,-7.41769647598267,-5.01185274124146,13.6220823231229,73.107954309607,-28.4279115614899
25.645,1.17096221446991,-11.8585186004639,-0.238835096359253,97.5813075775172,-25.0811461889403,50.2104110605833,2.61508464813232,-6.43995141983032,-4.22468852996826,27.3622022679346,90.4322578562916,-14.8289314994609
25.65,1.32396674156189,-11.4784727096558,-0.0656228438019753,95.3476922849505,-31.3811914435023,49.9020587554085,1.62088072299957,-5.39063405990601,-3.85950970649719,35.3994190529775,98.077172481071,-2.53413785307519
25.655,1.39488172531128,-11.0360660552979,0.142663240432739,93.1879318278791,-37.876342759253,49.5898644688256,0.954722106456757,-4.5686993598938,-3.84681105613708,35.895656201841,85.6415700026338,7.68055540564215
25.66,1.43216812610626,-10.6165018081665,0.315830051898956,90.9755720840094,-43.3884522685204,49.1268391148012,0.668091356754303,-4.09295082092285,-3.72980213165283,36.1162371610865,67.5944548568434,16.7042692191146
25.665,1.42961084842682,-10.2688207626343,0.439047753810883,88.5470300227197,-47.630389063881,48.5741026411234,0.592426061630249,-3.82208490371704,-3.64367866516113,36.9140852184141,50.6896922648323,25.3244904611422
25.67,1.38115441799164,-10.0113725662231,0.510089039802551,85.813123864017,-50.3824327899247,47.9591465592013,0.650234043598175,-3.69252586364746,-3.66150784492493,38.6308771719589,38.4800017082879,33.9205499089809
25.675,1.27668845653534,-9.63669776916504,0.679692566394806,82.9386865631414,-51.6874394685986,47.285911888186,0.837033808231354,-3.69743156433105,-3.78326511383057,38.7368509720262,29.6101438822855,42.2427734126154
25.68,1.17287707328796,-9.27558326721191,0.844099462032318,79.8200085277352,-52.1071887440417,46.7677703226543,1.13550591468811,-3.79693627357483,-3.75336527824402,38.1913715743415,20.0429203269302,49.8296006935984
25.685,1.06214737892151,-8.94771289825439,0.996682465076447,76.5766112380846,-51.6732224298412,46.3506916511766,1.48304605484009,-3.99949622154236,-3.61269330978394,37.8238254347248,10.8353677030786,56.9676572253549
25.69,0.938048660755157,-8.67078590393066,1.13144266605377,73.2959620967007,-50.3583632032895,45.9978679843159,1.83283019065857,-4.31815147399902,-3.38700795173645,38.3052410730893,2.85082661757541,63.8575900600378
25.695,0.887452065944672,-8.49091339111328,1.23106980323792,70.2291388574733,-47.3231876455814,46.1046716523673,2.0423104763031,-4.76087045669556,-3.2475266456604,40.1730280186156,-2.12418648399644,70.2325061407341
25.7,0.873538851737976,-8.38000202178955,1.31202340126038,67.7577578497093,-43.6592077974089,46.2648395884041,2.12775492668152,-5.19665622711182,-3.24186253547668,41.5071756993834,-6.03662236063435,75.1630284572696
25.705,0.899496018886566,-8.33949089050293,1.35893070697784,65.9577161354658,-39.8615952981251,46.4771730942269,2.12437033653259,-5.60721397399902,-3.28560900688171,42.4333083697021,-10.3208768736582,80.0679102436608
25.71,0.972394585609436,-8.37660598754883,1.34985816478729,64.976019876249,-36.5422087388636,46.7441822643556,2.06955862045288,-5.96761465072632,-3.27651715278625,43.0778801518654,-16.8077397548511,86.7276930240709
25.715,1.08754980564117,-8.47221183776855,1.2596207857132,63.4524368988509,-30.5640412715803,47.2570031125239,2.01257228851318,-6.20044231414795,-3.11541342735291,43.7776364474278,-20.9166705689568,92.8570159927811
25.72,1.21653509140015,-8.59062671661377,1.13496148586273,61.772019117731,-24.3427019943716,47.9723254092048,1.91774117946625,-6.50310468673706,-2.81759691238403,45.1429707719458,-21.5194911122711,98.8328509504628
25.725,1.35171544551849,-8.72686767578125,1.00245904922485,59.8552767913287,-18.2836650873154,48.7770343915536,1.78204524517059,-6.83663654327393,-2.48460268974304,47.0894210061431,-19.8391911519144,104.699307258776
25.73,1.48226964473724,-8.87713050842285,0.906727194786072,57.4861710361964,-12.9180008102686,49.4707698753626,1.59921491146088,-7.10967826843262,-2.30349898338318,49.4538685722614,-18.0714340343302,110.488807825711
25.735,1.54405903816223,-9.02156162261963,0.874241590499878,55.2908218784547,-9.45556789167214,49.8579425635594,1.42251217365265,-7.26088428497314,-2.29086256027222,50.3729900533971,-20.0799382446844,116.259805410184
25.74,1.57356739044189,-9.1300573348999,0.866158127784729,53.3632161361774,-7.50299610043121,50.1545127924159,1.28371226787567,-7.37620878219604,-2.22544169425964,49.9803497987698,-23.7579438863175,121.909109514214
25.745,1.5834356546402,-9.19923210144043,0.875515818595886,51.7308521509632,-6.93950677456563,50.3342082392898,1.17543566226959,-7.47139120101929,-2.0642077922821,48.6582471566033,-28.1301750778325,127.484319726129
25.75,1.59538543224335,-9.22661399841309,0.897775232791901,50.4663758148241,-7.68306635393578,50.2314241375649,1.06743478775024,-7.55913591384888,-1.75373065471649,47.3857453481895,-31.1886859768401,133.154701793939
25.755,1.62400436401367,-9.19753170013428,0.939489543437958,49.5123008406109,-9.17001305039954,49.8389273169101,0.999995350837708,-7.7219672203064,-1.54414129257202,46.9054771816055,-33.4206142126818,138.615779544822
25.76,1.61980283260345,-9.13077926635742,0.987207591533661,48.4959618619238,-11.2829764663726,49.1900422702859,0.974084615707397,-7.92931890487671,-1.43343663215637,46.9035681437325,-35.7529974557415,144.154871716406
25.765,1.58403968811035,-9.03877735137939,1.0334358215332,47.3305813253579,-14.0409923390718,48.297083828766,1.00918698310852,-8.17311763763428,-1.42040276527405,47.197669259204,-38.3822241352246,149.798424801156
25.77,1.57207858562469,-8.96070384979248,1.05665576457977,45.9838182851931,-17.650265787087,47.18420695635,1.19526195526123,-8.44625663757324,-1.50137722492218,47.2507056781092,-41.2977279484849,155.382404975965
25.775,1.49770045280457,-8.8034610748291,1.08528733253479,44.6402415282762,-21.321820315049,45.7131686242368,1.43577456474304,-8.76890659332275,-1.66747200489044,46.7424132453606,-44.3637076593499,160.187388415555
25.78,1.3954029083252,-8.62135696411133,1.1090292930603,43.2346978801143,-24.7224434367514,43.9088068153433,1.69797074794769,-9.08082294464111,-1.87149655818939,46.2063731691088,-46.787564210869,163.952024761526
25.785,1.28159642219543,-8.43502330780029,1.12404847145081,41.7454434334847,-27.6887297064909,41.789648417793,1.95088791847229,-9.34482860565186,-2.08197212219238,45.7890930070507,-48.2959192815125,166.832971232681
25.79,1.19967460632324,-8.26639270782471,1.129230260849,40.1931600011942,-29.8975275067084,39.5188973867089,2.03147840499878,-9.43188095092773,-2.16736268997192,45.2022602290361,-49.0419296181342,171.062156064861
25.795,1.08464407920837,-8.12049770355225,1.1776864528656,38.2313759923102,-31.6785232384513,37.0048755079565,2.03656959533691,-9.48359966278076,-2.11707758903503,45.3051297081256,-46.7976080040435,175.248256063757
25.8,0.970184922218323,-7.99571990966797,1.2498607635498,36.0938375557035,-33.3578516043986,34.3968292450896,1.91447854042053,-9.476731300354,-1.96176278591156,45.7345744370956,-42.2089127498051,179.443003082142
25.805,0.875346839427948,-7.89207172393799,1.3390702009201,33.9326905702306,-35.0745820862408,31.8161413049433,1.63124239444733,-9.39802265167236,-1.72412669658661,46.2418867376983,-35.7682868341986,183.655809120692
25.81,0.822494864463806,-7.80405712127686,1.48708736896515,32.4419198216053,-36.3354794032548,30.1240678060048,1.19369542598724,-9.28840923309326,-1.62680840492249,45.4736304749499,-32.5473574518227,187.556106683958
25.815,0.826954483985901,-7.73814868927002,1.66149854660034,30.4455545649535,-38.2945996383625,27.6504345433619,0.811493277549744,-9.23275756835938,-1.64907908439636,43.8404912632648,-34.2346771390989,190.603026751944
25.82,0.856313109397888,-7.67415189743042,1.84011614322662,28.3747487840851,-40.541424516784,24.8289431613849,0.550512135028839,-9.25067520141602,-1.73118364810944,41.8597808001907,-38.8916674548483,193.185084145019
25.825,0.886297404766083,-7.59611034393311,2.00553774833679,26.5681125221979,-42.7668265068738,21.9834880607048,0.470605671405792,-9.36226844787598,-1.82922506332397,39.9219536798205,-45.1571980559869,195.583040619205
25.83,0.911453664302826,-7.49132204055786,2.19255089759827,24.736778296272,-44.6224557156775,19.2284510042574,0.578632712364197,-9.56606292724609,-1.99885106086731,38.9081623616939,-50.2068900980662,198.284940511457
25.835,0.938270807266235,-7.39910221099854,2.36510372161865,22.8387643485738,-45.6747351497771,16.7161964369527,0.692930817604065,-9.77067089080811,-2.19632411003113,38.8710778495953,-53.2040863888945,201.226948873792
25.84,0.950225532054901,-7.31113862991333,2.52377343177795,20.9060496247974,-45.8225609339837,14.3075882827557,0.783611714839935,-9.94651412963867,-2.37764286994934,39.6173306579325,-54.0701202247063,204.273595734211
25.845,0.925414264202118,-7.21731662750244,2.668217420578,18.9761386936753,-44.8693260730384,11.8357846570367,0.811306715011597,-10.0542135238647,-2.48628115653992,40.9642337169753,-52.5422137375636,207.262732401819
25.85,0.949585258960724,-7.16514873504639,2.75875425338745,16.9136964794455,-41.2831659851745,9.60190213331873,0.709454774856567,-10.1649713516235,-2.51501226425171,42.6074030614565,-49.903503340418,209.830555680664
25.855,0.945583581924438,-7.12697601318359,2.83543157577515,14.9404053093574,-35.9793055286061,7.33860881503464,0.58201664686203,-10.2631168365479,-2.59467482566833,43.9926303119322,-48.5637378290579,212.048468368328
25.86,0.924626708030701,-7.1029577255249,2.90499997138977,13.1800324800397,-29.2707278767655,5.01248629412289,0.440945118665695,-10.3407382965088,-2.72116184234619,44.9676603065191,-48.6914726118209,213.836529930768
25.865,0.91430526971817,-7.09780073165894,2.97528457641602,11.8661550931812,-21.506250790565,2.58174533880724,0.29650953412056,-10.3823289871216,-2.87784838676453,45.2591625350115,-50.5068754215077,214.990435749528
25.87,0.894994139671326,-7.10105848312378,3.02062582969666,10.7629045186267,-13.7233620756831,0.236006648001345,0.216179072856903,-10.4004125595093,-2.94342494010925,45.5248876295762,-54.2468547845749,216.61726386642
25.875,0.882659792900085,-7.10684680938721,3.07932901382446,9.79142707618189,-6.47146208527498,-1.93994575967334,0.105731949210167,-10.410041809082,-2.98487734794617,46.1265624086572,-57.1595752957485,218.348593877613
25.88,0.871757388114929,-7.11523151397705,3.1489109992981,8.86178624995073,0.0831984342283262,-3.94036729491844,-0.0447926744818687,-10.4306259155273,-3.02938580513,47.2353616581388,-58.9085169497166,220.180751141334
25.885,0.840480148792267,-7.12877941131592,3.20920944213867,7.74482833950562,5.59337552689908,-5.76341906270207,-0.233752772212029,-10.5141477584839,-3.13193917274475,49.2638083133221,-59.4095659668504,222.246159365211
25.89,0.81386387348175,-7.16205310821533,3.26511836051941,6.06600668821739,9.9972138456852,-7.28283007517773,-0.429002344608307,-10.6431665420532,-3.28626918792725,51.3724106535101,-60.7518415727304,224.395210085664
25.895,0.795809030532837,-7.19220399856567,3.30735635757446,4.00264026401557,14.012905747431,-8.67270868447821,-0.592476069927216,-10.8114910125732,-3.40153169631958,53.279635111304,-63.010277772741,226.403026154459
25.9,0.787136793136597,-7.22358512878418,3.33418250083923,1.6274358970064,17.7814498153809,-9.9392016339697,-0.718421518802643,-11.0142345428467,-3.45620918273926,54.9596328357899,-65.9668207776294,228.192631339651
25.905,0.787777960300446,-7.29935598373413,3.34675478935242,-0.897627089261072,21.2426498848321,-10.9368856584862,-0.818058848381042,-11.2347860336304,-3.44073104858398,56.5733162536242,-68.5289340183279,229.629730461778
25.91,0.755397617816925,-7.34494495391846,3.33507800102234,-2.79883094874504,24.0177028106422,-11.4484804876985,-0.940918147563934,-11.4566316604614,-3.41131830215454,58.3972977809086,-70.7921513507575,230.978119086965
25.915,0.694018006324768,-7.35512924194336,3.30181503295898,-5.0410061758891,27.532005893343,-11.7868079318195,-1.10179424285889,-11.6790895462036,-3.35317707061768,60.5731569938537,-72.6480230312767,232.073353580755
25.92,0.610379457473755,-7.32723379135132,3.2484176158905,-7.86303927724468,32.191521671538,-12.0360227516131,-1.31255161762238,-11.9038982391357,-3.26089143753052,63.1887369553751,-73.9901825239408,232.781152424065
25.925,0.554592669010162,-7.26306819915771,3.18457293510437,-10.4375023537362,37.1393243666736,-12.052420328263,-1.61791563034058,-12.1466979980469,-3.13900089263916,66.4695022099748,-74.3679056454209,232.542915425815
25.93,0.465677678585052,-7.20494699478149,3.12024521827698,-12.7317381365078,42.0100517921202,-11.7947565644661,-1.98518168926239,-12.3628978729248,-2.95810675621033,69.8641198878495,-74.6070988701547,231.297717298609
25.935,0.363526165485382,-7.13929605484009,3.05614304542542,-15.0048532668183,46.3689692373956,-11.3734670813652,-2.37024664878845,-12.5679082870483,-2.74516224861145,72.8171248547478,-75.0891804519634,229.301334966484
25.94,0.257471472024918,-7.06065082550049,2.99400734901428,-17.399536372845,49.920076794439,-10.8376148353156,-2.7469961643219,-12.7621307373047,-2.51675581932068,74.9548921026918,-76.0469437283284,226.694798175424
25.945,0.139779448509216,-7.00712537765503,2.95821714401245,-20.0438167892588,51.9771419422447,-10.1847623025573,-3.04654407501221,-12.8175888061523,-2.34747505187988,75.271034238615,-77.8043718923402,224.337891138149
25.95,0.0164422858506441,-6.96827125549316,2.95447731018066,-23.1192802177863,52.4476531835993,-9.59800465662359,-3.29373407363892,-12.802173614502,-2.22626638412476,74.8858662109396,-81.6629096790205,220.167322989426
25.955,-0.113827228546143,-6.95218086242676,2.96526312828064,-26.5605754084488,51.5886612728218,-9.05107469751388,-3.5726523399353,-12.6991672515869,-2.09857654571533,73.8509286271426,-87.0857930120655,214.989575145693
25.96,-0.252478033304214,-6.96669006347656,2.97751569747925,-30.3380883685525,49.5233555017826,-8.52550359371245,-3.95216679573059,-12.4899024963379,-1.92058837413788,72.1674714118421,-93.7416074525678,209.38488583732
25.965,-0.342763602733612,-7.06052255630493,3.01040554046631,-34.3579244875772,45.9511016790688,-8.5213918198321,-4.42294073104858,-12.179708480835,-1.6981006860733,69.5971073026262,-101.276221352441,203.102614442526
25.97,-0.428227573633194,-7.16294384002686,3.03910255432129,-38.0814874909743,41.9438467684952,-8.69608756823351,-4.84446573257446,-11.8674173355103,-1.46994972229004,66.2074346817106,-108.6480035425,196.633592015445
25.975,-0.515738606452942,-7.30442905426025,3.07676267623901,-41.5617762316085,37.7059978413529,-9.09887492264657,-5.11914396286011,-11.591817855835,-1.29698204994202,62.0045324174566,-115.392671913915,189.943230478121
25.98,-0.61408406496048,-7.52627182006836,3.1406044960022,-44.8466771657506,33.4766490846326,-9.809223987838,-5.11305522918701,-11.4044637680054,-1.25989067554474,56.9334994493157,-120.878638874135,182.971096316777
25.985,-0.768480956554413,-7.82316017150879,3.26693725585938,-47.784358603246,30.3941573914492,-10.6287946080471,-4.26369762420654,-11.395393371582,-1.39801955223083,51.6012390661784,-121.91778385446,175.316544295079
25.99,-0.977680027484894,-8.15224647521973,3.41106820106506,-50.3416565605797,28.4288865709939,-11.3210974596777,-2.7231605052948,-11.4160451889038,-1.55680310726166,45.9793001150572,-120.044782059503,166.721844054885
25.995,-1.25239586830139,-8.52531242370605,3.58727955818176,-52.457382788072,27.5367409219851,-11.8189926369623,-0.592453598976135,-11.3295869827271,-1.65122246742249,39.7576671397142,-115.501763695339,156.864405761696
26.0,-1.61995804309845,-8.97382164001465,3.83071494102478,-53.9726158592097,27.7502372675141,-11.9997006593806,2.01517200469971,-10.8811292648315,-1.52968406677246,32.2888074709811,-108.304861668788,145.027114194173
26.005,-2.24203014373779,-9.51752948760986,4.16035270690918,-54.3644160005692,28.0376926089233,-11.7923583142938,4.15167617797852,-9.80727195739746,-1.20527470111847,26.1681434745911,-90.136708740716,129.7048142253
26.01,-3.06564688682556,-10.1297941207886,4.50116920471191,-54.1278387382874,28.2249098016206,-11.41321536724,5.27819490432739,-8.34185218811035,-0.893573105335236,23.2417745379086,-63.2639441683261,112.797883048228
26.015,-4.04238796234131,-10.812780380249,4.80809259414673,-53.1434172335918,28.4826674805186,-10.7817993831919,5.23237276077271,-6.63920211791992,-0.726418375968933,22.9173627504478,-31.9958606574792,95.6738679687644
26.02,-5.06457424163818,-11.5888948440552,4.97420454025269,-50.8155726512356,29.3775281297224,-9.56243473897346,3.63128066062927,-5.04168844223022,-1.02209079265594,23.0369747307403,-7.64481558703642,81.600297334899
26.025,-5.85738277435303,-12.4822883605957,4.83032035827637,-46.4462699033272,31.7976314922925,-7.53336482902838,1.28603577613831,-4.18033266067505,-1.31727290153503,19.0946902870992,23.5998028089169,56.9364466759425
26.03,-6.38078737258911,-13.5005588531494,4.56719350814819,-39.5386639541669,34.4156156804017,-4.98566200681813,-0.740899860858917,-3.89887189865112,-1.45385754108429,11.1069727367451,46.204330942547,29.9820681731602
26.035,-6.59986162185669,-14.6071605682373,4.30350542068481,-29.2742932355122,35.8588517274984,-1.93845613810404,-2.38466024398804,-4.16878080368042,-1.43893730640411,-0.258640854374136,56.6892587147852,3.29827956717894
26.04,-6.39164876937866,-15.6239490509033,4.40235376358032,-12.3305242869247,31.0491110611508,1.8100541312365,-4.40499877929688,-5.01320028305054,-1.46371698379517,-11.9034299968029,54.3505063203244,-19.4628016248698
26.045,-5.8037166595459,-16.0196495056152,5.07315921783447,11.4728992677549,15.1463594184954,6.54098871527066,-5.3778018951416,-6.07178783416748,-1.71265435218811,-23.0126438893694,44.6732723231024,-35.4080421668046
26.05,-4.93077325820923,-15.7548732757568,6.01437377929688,38.3867696261172,-8.62442778478268,11.3864871294705,-5.55949544906616,-7.15432977676392,-2.13576340675354,-34.1655795303605,29.6784218683235,-46.4469665826225
26.055,-3.7999894618988,-14.7506904602051,7.10640048980713,66.579468255612,-38.7383194626978,15.9116718697115,-5.03717041015625,-8.17272853851318,-2.70219945907593,-45.2330917029495,10.092002357213,-53.1185724204859
26.06,-2.43953275680542,-12.6491079330444,8.154128074646,90.9307728732433,-69.8975195128909,18.9955056950669,-4.00015735626221,-8.93930149078369,-3.25912427902222,-53.578052906331,-12.5055623985583,-55.7102501350068
26.065,-1.26593804359436,-10.2671718597412,8.8807315826416,107.189887928297,-92.0726507288752,21.5281142260982,-3.06680870056152,-9.34528827667236,-3.64481830596924,-57.4235177109399,-28.2892450609603,-55.8351503892643
26.07,-0.357227802276611,-8.14810371398926,9.26913833618164,114.475903432949,-101.816052183682,23.3778370288171,-2.42723989486694,-9.45759201049805,-3.88973426818848,-58.1870918790123,-36.1247646522653,-54.1340849462834
26.075,0.262782216072083,-6.52443075180054,9.2908763885498,111.657890324807,-96.2405346132546,24.3493102023936,-2.21188592910767,-9.29669761657715,-3.99578309059143,-56.5851563865504,-35.1445163931526,-50.8867978639005
26.08,1.17150795459747,-4.15818357467651,8.93378162384033,95.7205932928765,-68.5614593791555,22.8597210764947,-2.66869950294495,-8.88943958282471,-3.8488461971283,-55.126842696861,-28.4553928276154,-46.8670163863891
26.085,1.84215128421783,-2.25951242446899,8.11597633361816,74.4186198000082,-32.564381698329,19.0389252076206,-3.30753564834595,-8.55208969116211,-3.43263268470764,-55.120596488865,-23.3464574322228,-42.5027406577099
26.09,2.24260210990906,-0.899013698101044,6.92475986480713,49.9451060226525,7.06694913985478,13.4356608474639,-4.02452802658081,-8.35227966308594,-2.75465607643127,-55.3790610923421,-20.2574702291386,-37.2892060378203
26.095,2.33076143264771,-0.165825560688972,5.40675401687622,23.8514269779401,46.8271485722038,6.37754442286637,-4.74179172515869,-8.35225772857666,-1.8048700094223,-54.9734059122513,-19.6621150825872,-30.7726659846837
26.1,2.00835371017456,-0.391287326812744,3.76318359375,-1.15578465439058,79.0794657575441,-0.824659538027591,-5.90816593170166,-8.39871788024902,-0.611913621425629,-50.5783431058881,-18.2099058744685,-23.5692240520027
26.105,1.65274047851563,-1.15205323696136,2.23344612121582,-22.1906220850219,103.302014479131,-7.31207779897737,-7.01187086105347,-8.40092468261719,0.113830134272575,-42.0734905891312,-14.9462912248746,-12.1008805204242
26.11,1.37810528278351,-2.39909934997559,0.800303339958191,-38.1063596248369,118.910588166687,-12.8362297855252,-8.18785953521729,-8.39845275878906,0.362912178039551,-33.1663126095039,-12.7744618235398,-0.18294557638216
26.115,1.33413827419281,-4.10823726654053,-0.550472974777222,-47.0684659857695,124.508556568916,-17.0108251845377,-9.61124992370605,-8.44066143035889,0.0867943689227104,-28.4839498485352,-15.4259959008521,7.42557249109453
26.12,1.52284610271454,-6.27592039108276,-1.77688944339752,-58.6857093488016,124.671647825918,-24.2095730697116,-9.78735446929932,-8.73894309997559,-1.43173003196716,-38.2952689969011,-30.5635938941897,3.19577763764409
26.125,1.56734788417816,-8.75450897216797,-2.84402918815613,-68.1218137626601,117.216428044957,-31.5506928330399,-9.17916011810303,-9.68395519256592,-2.81502032279968,-53.1285581570525,-48.04922650907,-8.8402011446262
26.13,1.38146531581879,-11.5529880523682,-3.6598846912384,-75.3259831104878,102.235664855342,-38.5336904102588,-8.04187107086182,-11.3057098388672,-3.74618673324585,-70.9018851699629,-67.072327875931,-26.9211393871865
26.135,0.817334353923798,-14.7375936508179,-4.02735185623169,-80.4761506503525,79.3427558896697,-44.4759140070348,-6.7546010017395,-13.6911840438843,-3.72222876548767,-88.9770450724854,-87.3260722368774,-48.7707232967605
26.14,-0.0365933366119862,-18.2987899780273,-3.93097305297852,-82.0316306111745,52.0899698371441,-47.9577600307997,-4.75934791564941,-16.6368560791016,-1.77856314182281,-103.612610501449,-107.637818564256,-65.6451598488568
26.145,-0.862265884876251,-21.8035011291504,-3.65181612968445,-79.8181575464701,25.3213673571442,-48.3328466992602,-2.09640955924988,-19.3630695343018,0.566363096237183,-109.655231048835,-118.464877342209,-75.6258625659972
26.15,-1.57846581935883,-24.8486270904541,-3.20888996124268,-73.8687485906872,0.314747976919734,-44.703065608262,1.09571397304535,-21.4495544433594,2.80867910385132,-105.79747190372,-115.929729688354,-77.9159635229999
26.155,-2.05462694168091,-26.3771915435791,-2.54040002822876,-64.0032301837099,-20.8139376936506,-34.3266695419353,4.47687196731567,-21.8990592956543,4.02541303634644,-89.2098520703452,-91.0075783504601,-70.195821194702
26.16,-2.0237820148468,-24.9579486846924,-1.32590878009796,-51.2481968332642,-35.7432029644717,-17.204860613574,6.46063661575317,-19.8261795043945,3.5456440448761,-64.0915172089215,-47.4364355971148,-57.1144379906185
26.165,-1.66093719005585,-22.1850280761719,0.107936061918736,-36.3095724957329,-47.4342157856345,1.21556780609182,7.29561853408813,-16.8191223144531,1.98242855072021,-39.0111513690939,1.88612813788187,-45.3478627866678
26.17,-1.0909036397934,-18.758882522583,1.57412767410278,-19.5325583468631,-57.0391795512487,18.9357176341672,7.04936933517456,-13.4814596176147,-0.272976100444794,-17.2148395199514,51.275585891836,-37.1458608577093
26.175,-0.721125900745392,-16.3541851043701,2.52661371231079,-1.82217045993728,-66.9738911896128,32.0741960970701,5.78851795196533,-11.0416717529297,-2.00775623321533,-5.28231163662377,87.10172101321,-36.3312959123881
26.18,-0.250708043575287,-12.9941844940186,3.84108376502991,12.8489450364388,-78.2863851722572,39.2278937620259,3.84052848815918,-9.4755973815918,-2.68714427947998,-0.0444561505078259,102.965907700264,-38.1482355146383
26.185,0.283569574356079,-9.68152713775635,4.89905786514282,22.8080814312748,-85.0185133163561,41.533734889971,1.80161440372467,-8.45993995666504,-2.93293333053589,3.01078495218206,112.403712831226,-41.2561799077638
26.19,0.887466192245483,-6.78109645843506,5.48203706741333,27.1345947515804,-83.658199180878,39.0157924826349,-0.317694336175919,-7.82901239395142,-2.98041319847107,4.99258440354194,119.159767127988,-44.8086535026412
26.195,1.69223725795746,-4.44284772872925,5.60697412490845,24.2412788078388,-63.6389966858407,29.9520255860959,-4.05001449584961,-7.00880241394043,-3.11036682128906,2.91182148752409,117.574685127303,-45.3974806958934
26.2,2.57089233398438,-2.81220674514771,5.44404029846191,19.0319720750456,-35.6317308621225,17.1579679498273,-7.83796882629395,-6.47454929351807,-3.15444135665894,-0.567740905180504,109.080812139637,-44.0659455624832
26.205,3.37770748138428,-1.80859112739563,4.8962287902832,12.5501157225143,-7.73943249006131,3.09366460200511,-11.2848033905029,-6.08172702789307,-2.9723060131073,-5.17218678908837,93.0845022732776,-42.8347185872237
26.21,4.02795314788818,-1.42070949077606,3.88275194168091,5.44242621180768,15.2838767396971,-10.7079078354297,-14.108998298645,-5.75005912780762,-2.4857714176178,-11.1899467285561,68.390738800851,-42.8537748150081
26.215,4.45272397994995,-1.58383893966675,2.25586795806885,0.709701904767576,24.9595397934101,-18.7533686588007,-15.3534908294678,-5.26610565185547,-1.84677684307098,-25.2901055813131,26.6313327531556,-45.5259975353163
26.22,4.69610500335693,-2.21265912055969,0.473908066749573,-5.41325490074938,36.8937688207279,-28.7339501400833,-15.0524473190308,-4.81689739227295,-0.909301280975342,-43.8541140755644,-31.0369533244282,-48.6426914007686
26.225,4.69217824935913,-3.22471976280212,-1.27263021469116,-11.4747861075131,48.9846550668491,-37.7416821646716,-13.4690093994141,-4.57952737808228,-0.339877933263779,-63.2220751087139,-89.3818772147812,-50.7283955317641
26.23,4.37333679199219,-4.57785987854004,-2.82995796203613,-16.3157287855366,59.5688323179167,-43.4025087978323,-10.7341060638428,-4.70791721343994,-0.691546440124512,-80.5302389183898,-136.32123213467,-50.5456401601421
26.235,3.44800806045532,-6.13375949859619,-3.92555093765259,-21.6931401341822,63.4676477301326,-44.2010501193606,-7.5087194442749,-5.26245880126953,-2.71934700012207,-80.4359754776545,-126.337326058809,-47.0070899058878
26.24,2.44356727600098,-7.58108997344971,-4.72148847579956,-28.7389225177991,60.2876619167364,-42.9144849514457,-4.55051374435425,-5.95493173599243,-4.59550857543945,-71.9222266395036,-95.1965743495639,-42.8454624747882
26.245,1.42652070522308,-8.91000938415527,-5.18850374221802,-36.9426115034826,51.1658554877251,-40.1045724476592,-1.77741301059723,-6.88329648971558,-5.84612274169922,-58.3270287947275,-54.6549483421994,-38.9406808923323
26.25,0.479458183050156,-10.0990438461304,-5.26452350616455,-45.7519299477766,37.0737033242227,-36.359934895578,0.899463713169098,-8.18877696990967,-5.82764863967896,-43.4534620090406,-18.7596404800061,-36.4180700506986
26.255,-0.441509783267975,-11.0038814544678,-4.92614078521729,-51.1148988614222,23.8372116467301,-32.4319511605116,3.03872847557068,-9.61977386474609,-4.60032415390015,-31.7206108641169,3.69832502752706,-35.9095180707615
26.26,-1.37022995948792,-11.6383810043335,-4.29865121841431,-52.4996275080885,13.302456790723,-28.4573411390761,4.2624249458313,-10.8378486633301,-3.32998919487,-24.2727950082166,17.8894402288006,-35.4240145641787
26.265,-2.27495837211609,-12.0157670974731,-3.47544860839844,-50.2192220046126,4.98251499715805,-24.4426430298546,4.54776000976563,-11.716721534729,-2.31515979766846,-19.7635877879915,26.7416027422108,-34.4191298127297
26.27,-3.08946013450623,-12.1325778961182,-2.59969806671143,-44.5371193321873,-2.0063930415704,-20.3816464833441,3.79255795478821,-12.0170412063599,-2.02561902999878,-15.8307460808779,34.6961554552763,-32.0220168669058
26.275,-3.530686378479,-12.1220026016235,-2.02860760688782,-38.4873919729698,-8.03538970943984,-16.4466532666419,1.97685992717743,-12.0908765792847,-2.13092708587646,-15.7926916819172,31.5998360441181,-28.6266256701076
26.28,-3.93369936943054,-11.9994249343872,-1.31768620014191,-33.5461974858562,-12.4569809705393,-12.3717828983798,0.191485270857811,-11.9085397720337,-2.34583711624146,-15.1012238209126,29.864909938327,-24.8652678149383
26.285,-4.23449563980103,-11.7454414367676,-0.517717242240906,-29.964384813399,-14.5800479438421,-8.30308702112744,-1.38221049308777,-11.5025014877319,-2.58859372138977,-12.2917339350809,33.9303887964803,-20.8259605341371
26.29,-4.11575078964233,-11.2860593795776,0.0700273439288139,-28.0585195632499,-12.4205632556584,-4.76269432334448,-2.59406614303589,-10.9576835632324,-2.72761964797974,-4.56487966526304,52.7235313543653,-16.5095422334248
26.295,-3.7129819393158,-10.6986417770386,0.353811889886856,-26.8059089732465,-4.90618080299399,-2.5863281822969,-3.73205256462097,-10.2645597457886,-2.74872279167175,2.62341653637689,67.7044550534265,-13.7343518500577
26.3,-3.17729425430298,-10.0769128799438,0.420745700597763,-25.5191696355078,5.40471076098452,-1.9030539869754,-4.87403583526611,-9.49717807769775,-2.56976079940796,5.16290029313809,68.8471252110021,-13.0096704866666
26.305,-2.56774377822876,-9.48112773895264,0.293808937072754,-23.9226778038144,17.3264806694826,-2.75760029837685,-6.00967216491699,-8.68300437927246,-2.21918249130249,2.07059617943828,54.8244463166425,-14.2990744519553
26.31,-2.0088198184967,-9.0987663269043,-0.0068672513589263,-21.4175744445707,27.8845734281099,-5.2296329488764,-7.01282167434692,-7.87616109848022,-1.91189336776733,-7.13046008073897,29.4693361174511,-16.9233150933442
26.315,-1.60206401348114,-9.01049518585205,-0.478624254465103,-18.8948048010388,32.6851496881386,-7.93953995726976,-7.95315742492676,-7.20742988586426,-1.95111119747162,-15.9902292904504,10.1386926766056,-18.9040289715129
26.32,-1.33042299747467,-9.12395095825195,-1.04816973209381,-15.3427393099643,33.793300069649,-11.7891669084041,-8.73081302642822,-6.75715208053589,-2.1667058467865,-22.5906952930136,-3.27765965296149,-20.361032972429
26.325,-1.19697403907776,-9.40155029296875,-1.68761491775513,-10.6888857585912,30.9964434724609,-16.8525338429754,-9.24873828887939,-6.58594703674316,-2.4613094329834,-26.3508134688485,-11.1313232149099,-21.4448610503049
26.33,-1.23945081233978,-9.74622058868408,-2.3509578704834,-7.39262365853839,17.8380362251071,-20.956794515236,-9.04583930969238,-6.90320730209351,-2.47974443435669,-28.4615912242872,-17.4106849491178,-23.1612192868374
26.335,-1.36152255535126,-10.1088371276855,-2.91675186157227,-7.18858029482072,-0.29711739104208,-22.7300857935952,-8.14274311065674,-7.47217082977295,-2.47217869758606,-30.8872014268757,-23.6331273018774,-25.184203498232
26.34,-1.51664471626282,-10.4569177627563,-3.30492782592773,-9.26266029762253,-20.2097203766511,-22.4431939427925,-7.01477479934692,-8.04128932952881,-2.53389573097229,-34.4364784932215,-31.4043218791265,-27.9020074859664
26.345,-1.67157256603241,-10.7718563079834,-3.45802211761475,-13.2342044178943,-40.0638952560572,-20.1456429569526,-5.85887765884399,-8.49434566497803,-2.73038148880005,-39.3300631467256,-41.1126742182072,-31.3977000107262
26.35,-1.63702034950256,-11.0419082641602,-3.27997422218323,-17.7071971213664,-55.4296830393756,-16.2165851746392,-3.92937564849854,-9.12899208068848,-3.26589941978455,-40.7317545681956,-42.9469317650979,-32.7838254310778
26.355,-1.38566601276398,-11.177375793457,-2.89122200012207,-20.7089918370534,-66.2022847190764,-12.0369772705496,-2.33639740943909,-9.70267009735107,-3.79581904411316,-37.401019649628,-35.6057829734656,-32.3119310764162
26.36,-0.999727427959442,-11.215461730957,-2.3779149055481,-22.2692751284092,-72.9324935800185,-7.87063103250715,-1.17718589305878,-10.2228622436523,-4.18519878387451,-30.8116971006958,-22.3476583793243,-30.8179501388809
26.365,-0.536402881145477,-11.1798143386841,-1.80099618434906,-22.3234180379599,-75.8111792585579,-3.92833036716677,-0.555695533752441,-10.6922483444214,-4.31803226470947,-21.9373313498412,-5.40373745902779,-28.9046331523474
26.37,-0.100853696465492,-11.0046997070313,-1.35349011421204,-21.6825038220972,-73.3470519116924,-0.589886032656125,-0.878770351409912,-10.8294067382813,-4.15960836410522,-15.113905774654,7.61425305182155,-26.9173025284202
26.375,0.183176919817924,-10.8340616226196,-1.07241034507751,-21.4148611519229,-68.3593677419932,2.53519781305701,-1.64506530761719,-10.6347169876099,-4.07353115081787,-10.6348905518813,16.2565503190203,-24.9724915396237
26.38,0.393120318651199,-10.641037940979,-0.866776704788208,-21.6697979626937,-61.5372655159577,5.36190980743746,-2.66569995880127,-10.1750888824463,-4.02908325195313,-7.87091533913135,21.3419762032897,-23.208006082652
26.385,0.620562970638275,-10.3901500701904,-0.628084421157837,-22.6751027707766,-53.6054658705649,7.76048825572517,-3.7229278087616,-9.51420783996582,-3.99087381362915,-6.16315887208483,23.625699471155,-21.8108567369801
26.39,0.7406907081604,-10.1787052154541,-0.481271833181381,-24.2896587452773,-44.444682967055,9.41038619031251,-4.53043651580811,-9.08079814910889,-3.77437329292297,-4.23600776427422,24.8689783152049,-21.5374920758286
26.395,0.855900406837463,-10.0407199859619,-0.412217438220978,-25.781447192089,-34.8342994463344,10.3508895786449,-5.16495895385742,-8.84874248504639,-3.48522734642029,-2.95411914150669,24.6635603759168,-21.7326117973957
26.4,0.988207101821899,-9.97534561157227,-0.420027077198029,-26.9402126904437,-25.0196113071603,10.5551344329431,-5.56308937072754,-8.75566864013672,-3.20058250427246,-2.67608028308545,22.8560993686873,-22.2395450224994
26.405,1.17034494876862,-9.98504066467285,-0.512584030628204,-27.4095662147341,-15.3618484717147,9.89058007858932,-5.5717306137085,-8.70077323913574,-3.05596399307251,-4.09597095704238,19.0303908862527,-22.8632437465592
26.41,1.386474609375,-9.97181510925293,-0.600151777267456,-26.8247022387478,-6.90504889708974,8.78541278219894,-5.04390096664429,-8.75050926208496,-3.01928806304932,-5.86907483208618,14.8463279912769,-23.753726244505
26.415,1.59614968299866,-9.93867111206055,-0.71377044916153,-25.9403464204875,-0.381751785832016,7.69971750135863,-4.32369470596313,-8.90994453430176,-2.92888379096985,-6.8138534919522,12.1297841734444,-24.4368066332088
26.42,1.77803707122803,-9.88440227508545,-0.85677307844162,-24.6955461517999,5.33411734081785,6.50479853106652,-3.57351136207581,-9.13219261169434,-2.79482626914978,-6.87870101547959,10.868989309268,-24.79956310267
26.425,1.88225793838501,-9.80248069763184,-1.03023993968964,-22.6057780582482,13.7113836314262,4.64904296376323,-3.13793730735779,-9.28471565246582,-2.70124626159668,-6.26314857266559,10.4980793014851,-24.6568172716587
26.43,1.92508769035339,-9.73509216308594,-1.19968819618225,-20.3168057900058,21.5438783027026,2.59079875455209,-2.69414591789246,-9.41869258880615,-2.67778205871582,-5.47570203967034,10.9460022534808,-23.8185737680324
26.435,1.92095446586609,-9.67511558532715,-1.32164025306702,-18.0236380780658,28.7781961055267,0.459797556032974,-2.37185215950012,-9.49936485290527,-2.71162986755371,-4.84769389313117,11.2268528019626,-22.9683415748654
26.44,1.87425684928894,-9.61704349517822,-1.39052271842957,-15.7354922627129,35.1721410932507,-1.70576877527634,-2.18858647346497,-9.52874851226807,-2.77319860458374,-4.25414490472836,11.4918436511916,-22.2739008740246
26.445,1.79109394550323,-9.54229545593262,-1.42380321025848,-13.3003676066106,39.6488690564251,-3.85740312150442,-2.09644174575806,-9.55101013183594,-2.73720216751099,-2.78048399341733,13.4325360359186,-21.8347350783184
26.45,1.67753159999847,-9.43213558197021,-1.40956997871399,-11.1212051434281,43.2154265013711,-5.93027759591772,-2.19320511817932,-9.52651500701904,-2.64526700973511,-1.11228243251482,16.1343958008092,-21.1464739911292
26.455,1.52543365955353,-9.32820224761963,-1.37997794151306,-9.19114650946521,46.1941846965349,-7.93349011721242,-2.39124083518982,-9.38911533355713,-2.60424447059631,0.318489666604858,18.3558123755183,-20.0997167649734
26.46,1.33369159698486,-9.24747371673584,-1.34519636631012,-7.46927118763063,48.6467724387977,-9.87889447869307,-2.65337061882019,-9.1250171661377,-2.64505124092102,1.30093012295646,19.6304469105004,-18.7417931957049
26.465,1.12544465065002,-9.20974063873291,-1.30199205875397,-5.58477717250768,50.3266062387436,-11.8537207337972,-2.89784669876099,-8.83401203155518,-2.70845198631287,1.39509473939225,19.7621158822253,-17.841789414056
26.47,0.906152784824371,-9.18165588378906,-1.25757074356079,-3.63829449491181,51.7534156808863,-13.9517738468121,-3.09757971763611,-8.65668773651123,-2.64548993110657,1.67412845755478,19.8007696302857,-17.4502846783782
26.475,0.724709153175354,-9.16957187652588,-1.21737635135651,-1.83526329224596,53.1387692898616,-16.1139837804746,-3.26559805870056,-8.55820846557617,-2.54123020172119,1.97101159445267,19.888050910142,-17.2909534405147
26.48,0.599458396434784,-9.17692279815674,-1.18569469451904,-0.305529942943714,54.5689904114948,-18.3018111923929,-3.40776634216309,-8.52050685882568,-2.44482207298279,2.15187350957073,20.0298900335411,-17.2136937557181
26.485,0.358269602060318,-9.1891450881958,-1.18372964859009,0.708802347509544,55.6295514499631,-20.3184962618254,-3.53758692741394,-8.47046661376953,-2.47413802146912,1.37588397857795,18.9388014645774,-16.9095112810316
26.49,0.121113695204258,-9.22931003570557,-1.20162808895111,1.55401114998535,55.8654047121928,-21.9242020187091,-3.56028890609741,-8.46957778930664,-2.50826859474182,0.671128144625665,17.4405175078651,-16.8209288501384
26.495,-0.107625149190426,-9.30766773223877,-1.23572635650635,2.02808785680847,55.2834862552861,-23.1368218511221,-3.5353786945343,-8.5244665145874,-2.52198314666748,0.228501017155441,16.2294054397113,-16.9138791870058
26.5,-0.323942184448242,-9.43471431732178,-1.28410041332245,1.94752790998229,53.8392461703815,-23.9465305319434,-3.50730323791504,-8.64381980895996,-2.49394989013672,0.215988057235125,15.8757058010895,-17.1723608659558
26.505,-0.56773966550827,-9.56142044067383,-1.32153534889221,0.609398869258646,51.4421537151251,-24.0047561870705,-3.50499558448792,-8.74462985992432,-2.4584379196167,0.32699973546515,15.917062596514,-17.5217233344547
26.51,-0.797480404376984,-9.69276523590088,-1.33969342708588,-0.849699385050828,48.7900322415441,-23.7128082887347,-3.52182698249817,-8.88335514068604,-2.4524519443512,0.318108163187116,15.7875809928707,-17.6443576734549
26.515,-1.0192563533783,-9.81819820404053,-1.33779227733612,-2.21084600319486,46.1854010732623,-23.2153280454423,-3.53493857383728,-9.0026912689209,-2.48144197463989,0.147186587890021,15.4714217814746,-17.5472784872343
26.52,-1.24010860919952,-9.92400932312012,-1.31330561637878,-3.19145178002194,44.0119836529455,-22.6782327049637,-3.51532411575317,-9.02914428710938,-2.55494523048401,-0.251157261560476,14.9343264409961,-17.2223920016261
26.525,-1.47845327854156,-9.98025321960449,-1.27379882335663,-4.70709829104787,39.85447824101,-21.5321679433706,-3.46802020072937,-9.04305267333984,-2.61331033706665,-0.629841892248759,13.6564663491784,-17.3110768853569
26.53,-1.70864593982697,-9.98258018493652,-1.23462772369385,-6.23885572422197,35.5725609333427,-20.2159170657756,-3.46448636054993,-9.04063510894775,-2.60666847229004,-1.02742245471929,11.9660133126204,-17.5893678204472
26.535,-1.92119836807251,-9.94287109375,-1.20412492752075,-7.67537214583576,31.3215638920481,-18.8126120121141,-3.51085066795349,-9.01883220672607,-2.58140730857849,-1.41650930343095,10.2875822627754,-17.9610462245118
26.54,-2.09897565841675,-9.87966728210449,-1.19737410545349,-8.85026372082092,27.2033030395362,-17.4244187519914,-3.61645436286926,-8.97020530700684,-2.62870764732361,-1.74025333317868,9.39242279279538,-18.2772071434552
26.545,-2.19690942764282,-9.82023239135742,-1.17523908615112,-9.59271382133777,23.0443410897602,-16.2987233220505,-3.61455464363098,-8.88522720336914,-2.72148156166077,-2.52242087699744,8.37635446035417,-18.6154022526611
26.55,-2.25370216369629,-9.76934623718262,-1.15028655529022,-10.018675153831,18.8784772338279,-15.2881046267933,-3.59659433364868,-8.81547927856445,-2.75831913948059,-3.45553485442155,6.98672771427933,-19.0215901875071
26.555,-2.27035808563232,-9.73401832580566,-1.13199293613434,-10.0745811059612,14.7353579078317,-14.3551725031559,-3.58550381660461,-8.77971076965332,-2.72836208343506,-4.37827633581735,5.41510417446716,-19.4741294936082
26.56,-2.23207569122314,-9.73431491851807,-1.14396190643311,-9.5287952035375,10.6910082398758,-13.4518304665502,-3.61536407470703,-8.81680583953857,-2.63082814216614,-4.93222047231784,4.29408358212636,-19.8975465806357
26.565,-2.14954042434692,-9.75052261352539,-1.13587582111359,-8.86361076423277,6.50383760882766,-12.5762386347687,-3.72259974479675,-8.83450984954834,-2.63366150856018,-5.70635283218661,3.27387572816131,-20.0447747232899
26.57,-2.07345390319824,-9.77660846710205,-1.12910234928131,-8.36647629926704,2.14556369543811,-11.7917897010454,-3.83875918388367,-8.82002544403076,-2.66999173164368,-6.43778327625129,2.5543786917937,-20.1576914106485
26.575,-2.00142168998718,-9.81495189666748,-1.12606501579285,-8.06890886279168,-2.37957451413921,-11.1102426898103,-3.93264579772949,-8.78257465362549,-2.70320534706116,-6.95949831137943,2.31220430293055,-20.2794839288336
26.58,-1.87156581878662,-9.88268661499023,-1.11670529842377,-7.83053611453188,-7.02350999050715,-10.5230854778101,-3.92712879180908,-8.77799415588379,-2.62931275367737,-6.75498836036409,3.17164337765526,-20.3698183032489
26.585,-1.69776678085327,-9.93777179718018,-1.10738492012024,-7.72364280024753,-11.5465534664434,-9.93592228939445,-3.96736669540405,-8.80777835845947,-2.59664177894592,-6.15552613568734,5.57024338372754,-20.4079580795742
26.59,-1.51491212844849,-9.9885196685791,-1.08226895332336,-7.67926108479444,-15.7438046029328,-9.35609813924196,-4.07856559753418,-8.84023571014404,-2.60597705841064,-5.59902665466362,8.05953101306125,-20.3731958317935
26.595,-1.33072590827942,-10.0383882522583,-1.03306174278259,-7.66495952244608,-19.498950401052,-8.79264851385092,-4.24699640274048,-8.8626651763916,-2.65186071395874,-5.3253721373593,9.71704375479951,-20.3580584250454
26.6,-1.1133246421814,-10.0932683944702,-0.940890610218048,-7.59533001272603,-22.5264351657548,-8.29580860079315,-4.27577352523804,-8.85995292663574,-2.67797017097473,-6.03861549521152,7.12372337978322,-21.1779457952773
26.605,-0.931027352809906,-10.1085062026978,-0.826182723045349,-7.47911263645097,-24.716912691071,-7.81732225980884,-4.1237621307373,-8.92766189575195,-2.7132408618927,-7.06573592750346,4.28469847531994,-22.5200950426577
26.61,-0.763169765472412,-10.0892057418823,-0.710010409355164,-7.43619855789578,-26.0121146331914,-7.40241131961902,-3.9453980922699,-9.02808952331543,-2.75704598426819,-7.43516549178381,3.04598049008831,-23.6474194727156
26.615,-0.597995936870575,-10.0382299423218,-0.604395389556885,-7.52327237075604,-26.3301811749132,-7.08027441203865,-3.82286524772644,-9.13683891296387,-2.80683255195618,-6.59126744529841,4.50593555961265,-24.1278583940289
26.62,-0.405772417783737,-9.99310684204102,-0.527004182338715,-7.54838868388147,-25.6465168050354,-6.88330541675382,-3.79468083381653,-9.1401948928833,-2.8140652179718,-4.42020900156617,9.29773588033149,-23.4014541154197
26.625,-0.235685512423515,-9.93446636199951,-0.457472085952759,-7.35480831619861,-23.9962867524996,-6.66875167256398,-3.79344415664673,-9.09061145782471,-2.86256194114685,-2.23091630062753,14.8954592495241,-22.6679447325264
26.63,-0.0856535583734512,-9.8609619140625,-0.40879088640213,-7.04159334322158,-21.7489222891337,-6.53865705944274,-3.72372031211853,-9.03085708618164,-2.85391783714294,-1.0923422288415,18.3873832174094,-22.3395441145903
26.635,0.0447524189949036,-9.77061080932617,-0.392577618360519,-6.68026566395733,-19.1619027636267,-6.57941194444656,-3.50535821914673,-8.99434947967529,-2.70631194114685,-1.91961612849562,17.327090263866,-22.7691459379112
26.64,0.125425279140472,-9.72607421875,-0.439914464950562,-6.35153420873331,-16.5109919410762,-6.90305021298386,-3.17837452888489,-9.01936435699463,-2.74058151245117,-3.80608577583599,12.5465631703722,-24.0181911691679
26.645,0.293152213096619,-9.71204471588135,-0.509733855724335,-6.07137265558408,-13.2822129637967,-7.5312995505781,-2.99095177650452,-9.10518741607666,-2.84266519546509,-4.84647470436432,10.0731775020868,-24.9173633752853
26.65,0.474824666976929,-9.74536609649658,-0.588643252849579,-5.66851785305298,-9.8568619959779,-8.37400658282698,-2.88962984085083,-9.23514080047607,-2.93425989151001,-5.08611018384693,9.54445768107798,-25.5748561678109
26.655,0.579660952091217,-9.8508415222168,-0.660515487194061,-4.91835561518954,-6.69888646718207,-9.33439692070153,-2.81386351585388,-9.39166355133057,-2.91617774963379,-4.52034597810091,10.6545768646166,-26.1080224419694
26.66,0.658754765987396,-9.92847347259521,-0.748677611351013,-3.43392797786904,-3.75972543995771,-10.502220957443,-2.72224164009094,-9.49124813079834,-2.89792251586914,-3.66353631276324,12.730738367568,-27.0857281631636
26.665,0.721038222312927,-9.97830295562744,-0.82667350769043,-1.90021262828067,-0.824915456678055,-11.5552568349933,-2.62124824523926,-9.62690258026123,-2.83416557312012,-3.33466249078372,13.2940590731384,-28.2018186395841
26.67,0.765329420566559,-10.0038995742798,-0.892479598522186,-0.531925047359397,2.1885091501748,-12.4967181573568,-2.56333255767822,-9.75560092926025,-2.74078249931335,-3.26244135116047,12.8538824094351,-29.0547163140746
26.675,0.786554634571075,-10.0094785690308,-0.943763315677643,0.318793956868468,5.4234485311988,-13.3548716624136,-2.65172433853149,-9.78530025482178,-2.64950752258301,-2.87366911803746,12.5305873579036,-28.8880528681372
26.68,0.826196670532227,-9.97110271453857,-0.985471129417419,0.762383367279296,9.03160695083205,-14.2350320369763,-2.85120034217834,-9.63185119628906,-2.72405552864075,-1.9211902736559,15.4322865050777,-28.0897608485136
26.685,0.83347499370575,-9.9434814453125,-1.01357793807983,1.13141272516297,12.9296181082731,-15.1831929211419,-2.963787317276,-9.46895885467529,-2.77043318748474,-1.15529469503933,17.573692536302,-27.9086771656909
26.69,0.803552150726318,-9.92909622192383,-1.01850736141205,1.47304694133767,17.0853664540446,-16.1956591825696,-2.98795175552368,-9.33148097991943,-2.76305866241455,-0.556874501097837,18.9489852766299,-28.3410947344971
26.695,0.737439155578613,-9.91647815704346,-0.971757173538208,1.80106859049653,21.4591685890688,-17.2507953432896,-2.9831862449646,-9.25995826721191,-2.69316816329956,0.18726408354682,20.9207806352898,-28.977876685912
26.7,0.669745981693268,-9.92471694946289,-0.917643904685974,2.39781624186502,25.2683531363539,-18.3273082885645,-3.08616280555725,-9.16095924377441,-2.73260259628296,0.33853931338746,21.971171522084,-29.5680665019036
26.705,0.582729995250702,-9.93858528137207,-0.852984964847565,3.16750108136706,28.3396860079808,-19.263959450205,-3.16788768768311,-9.07347869873047,-2.78257918357849,0.0471726614820534,21.6357409319447,-30.4380823380015
26.71,0.475257277488708,-9.95347690582275,-0.785560131072998,4.04248588008613,30.5632182337853,-20.002779305178,-3.1949474811554,-9.0197286605835,-2.8268666267395,-0.465818100982076,20.3319807627943,-31.5776994010181
26.715,0.359779536724091,-9.9631290435791,-0.754857957363129,4.80291901491397,31.5990949685932,-20.4344592135539,-3.14040613174438,-9.06438159942627,-2.8885018825531,-0.319237972525371,20.4726006974265,-32.6128248150173
26.72,0.260349988937378,-9.9856653213501,-0.763600885868073,5.14930992423705,32.1770758214434,-20.5901089794547,-3.10270500183105,-9.17858028411865,-2.9026026725769,0.23670644890658,21.7636567147207,-33.4376794403231
26.725,0.156377300620079,-10.0162658691406,-0.800576150417328,5.23491738085988,32.749869145619,-20.5474766462028,-3.05817174911499,-9.29815769195557,-2.85289835929871,0.574774879447706,22.8098726483847,-34.1010103370418
26.73,0.0395290479063988,-10.0489349365234,-0.854004263877869,5.12496755692195,33.4415077613529,-20.3180369316037,-2.9989857673645,-9.39663696289063,-2.75550532341003,0.514507531367335,23.1549525882739,-34.6085172980358
26.735,-0.0990923941135406,-10.0469560623169,-0.8534255027771,4.98500758931828,34.0005724052968,-19.8293403115839,-2.92938566207886,-9.43734359741211,-2.80004787445068,0.391604974039994,23.0467880050303,-34.9120884707916
26.74,-0.253671318292618,-10.0595445632935,-0.836268723011017,5.00220942074296,34.2669736885893,-19.3378928328759,-2.82961297035217,-9.45902729034424,-2.7988555431366,0.273638802533146,23.5367277194791,-35.3816776366084
26.745,-0.420804291963577,-10.0695009231567,-0.836335301399231,5.08692425701863,34.3093515972947,-18.791011538864,-2.70928168296814,-9.50202751159668,-2.71328711509705,0.39963951765975,24.29389517011,-36.0236163808466
26.75,-0.598902940750122,-10.0681552886963,-0.870810508728027,5.18336396677827,34.145010415675,-18.177124381547,-2.58314990997314,-9.58579444885254,-2.52453017234802,0.866092586110799,25.122311739068,-36.8306032312836
26.755,-0.779154360294342,-10.0655355453491,-0.910690367221832,5.07148077241841,33.6571231730718,-17.8438828670367,-2.64610266685486,-9.65586757659912,-2.34543108940125,0.894980497679398,25.3704952002968,-37.4385105579822
26.76,-0.949766874313354,-10.0807428359985,-0.985418975353241,5.39083181659105,32.818888207182,-17.7780910698565,-2.77555251121521,-9.67767143249512,-2.22168946266174,0.826453369819219,24.9365169332653,-38.0142442785955
26.765,-1.09022343158722,-10.110613822937,-1.07101154327393,6.06760068361494,31.6174545170822,-17.8932890403979,-2.87806272506714,-9.65926170349121,-2.12961363792419,0.621044768680341,24.1267331203631,-38.7111933664091
26.77,-1.18234765529633,-10.153528213501,-1.14904320240021,7.06491801235035,30.0203616287419,-18.131736066965,-2.87761616706848,-9.60458755493164,-2.05228519439697,0.238962118879977,23.1619671925515,-39.6588650382754
26.775,-1.14636564254761,-10.1799869537354,-1.24625134468079,8.33328328744807,28.3735637462641,-18.197655930192,-2.78788590431213,-9.64197540283203,-1.95482206344604,-0.023906861046708,21.9928881085501,-41.0627387051852
26.78,-1.04531443119049,-10.1991138458252,-1.39642024040222,9.72486346762553,26.8360420603173,-18.154345700665,-2.73813962936401,-9.67340183258057,-1.91829800605774,-0.246832417794536,20.5974326497923,-42.5527922839477
26.785,-0.86347883939743,-10.2106113433838,-1.55882120132446,11.1017450807091,25.413146316569,-17.9744555933998,-2.7308988571167,-9.67374229431152,-1.99868702888489,-0.392955243741967,19.5036564013902,-43.9328900623567
26.79,-0.574900031089783,-10.2135190963745,-1.68322372436523,12.2895235151108,24.1204151953809,-17.6131232183805,-2.77260088920593,-9.60903644561768,-2.27530884742737,-0.410056996887047,19.3982187711727,-44.9481362107766
26.795,-0.286868423223495,-10.2185192108154,-1.65572607517242,12.7022931909958,22.4956378427872,-17.2672509765475,-2.76397037506104,-9.5207052230835,-2.67249155044556,-0.0487242216613438,20.555720684531,-45.5868237849699
26.8,-0.0335599407553673,-10.238356590271,-1.52378952503204,12.290044317035,20.9016680584449,-16.9666253228713,-2.7689642906189,-9.51382541656494,-2.94010210037231,0.471230545651635,21.6442154891574,-46.4999312845414
26.805,0.162784337997437,-10.2718601226807,-1.30915296077728,11.2608688515766,19.5483343762985,-16.7037569549269,-2.82009339332581,-9.57485675811768,-3.12201142311096,0.999420066504417,22.5757576692987,-47.4985220166702
26.81,0.257624626159668,-10.316912651062,-1.03930473327637,9.94937007809656,18.8203472013492,-16.4653013906234,-2.97708082199097,-9.67423534393311,-3.31865310668945,1.2749049677846,23.3073904577176,-48.1650733475826
26.815,0.332995384931564,-10.3937492370605,-0.749725639820099,9.34178803915713,18.6036355442684,-16.3455135329597,-3.12019467353821,-9.74540042877197,-3.50346422195435,1.33250534043749,23.8741373569304,-48.2902980358256
26.82,0.400895893573761,-10.4501619338989,-0.457298398017883,8.81147336897713,18.4944669232168,-16.1937040409197,-3.15041732788086,-9.8188943862915,-3.58946847915649,1.27253211737825,24.8954845718264,-48.567521753858
26.825,0.45866534113884,-10.4811029434204,-0.185998022556305,8.41370278850945,18.6819214649878,-15.9942454416824,-3.05577254295349,-9.90248966217041,-3.58025407791138,1.2290298955025,26.311177881095,-49.1030461508275
26.83,0.493278950452805,-10.4885511398315,-0.0013517290353775,8.54920435013239,19.8898352970627,-15.7521442639094,-2.82607579231262,-10.0086126327515,-3.50923323631287,1.55696723451379,27.7565261641924,-49.9774879495075
26.835,0.468740016222,-10.4830951690674,0.0984594151377678,8.6777903452207,22.6517401087205,-15.4816534048513,-2.67453503608704,-10.0885028839111,-3.34072232246399,2.10524316777682,29.270970348481,-50.8526571633342
26.84,0.396415561437607,-10.4716730117798,0.173298493027687,8.85170147564121,26.2452511876787,-15.3028031938872,-2.62630391120911,-10.1230087280273,-3.15656685829163,2.66801212212838,31.0722619873426,-51.553175024989
26.845,0.288978964090347,-10.453028678894,0.233805045485497,9.16591579067118,30.4214542424671,-15.2310349811833,-2.66528081893921,-10.1045246124268,-2.97586488723755,3.17183910526366,33.2289386140037,-52.0934156675804
26.85,0.194205746054649,-10.4143676757813,0.269767045974731,10.0114317382162,34.7411322509608,-15.2183940085769,-2.69117116928101,-10.0167064666748,-2.80589294433594,3.47987017810407,35.8430944810831,-52.7158405613599
26.855,0.0931888148188591,-10.3630495071411,0.237799882888794,10.9819836900285,38.9626194599464,-15.3437843289073,-2.69135689735413,-9.98404884338379,-2.53303074836731,3.71274227620448,37.3133302659688,-54.0125144092464
26.86,0.0013379553565755,-10.3131341934204,0.179786071181297,11.9967884374732,43.0338937336105,-15.5902619503909,-2.7250509262085,-9.99231338500977,-2.26129841804504,3.79186916396544,38.0378323368942,-55.6000825987891
26.865,-0.0753876492381096,-10.2772188186646,0.115339942276478,13.0286507285964,46.9053405778221,-15.984476563622,-2.8254086971283,-10.02663230896,-2.05248403549194,3.68997170617213,38.0884884348736,-57.3325600817628
26.87,-0.133982792496681,-10.3170871734619,0.092710517346859,14.0710963978386,50.360589844959,-16.7559225247128,-3.0864622592926,-9.99697971343994,-2.11455512046814,3.44336196321671,37.1318589699108,-59.0235988070421
26.875,-0.242745533585548,-10.4292526245117,0.0863619446754456,15.377740614366,53.0055396199114,-17.6757338549547,-3.39975786209106,-9.9854679107666,-2.22589254379272,3.21911938224578,35.9645625652827,-61.0465778957948
26.88,-0.420529246330261,-10.6562662124634,0.0711679905653,17.0875469919372,55.0436475776757,-18.5810549388724,-3.76188182830811,-10.0484714508057,-2.32476878166199,2.8769390711026,34.3313482215167,-63.3591091940319
26.885,-0.678963124752045,-11.0251388549805,0.0304689630866051,19.3266315584818,56.5341860998692,-19.3724365146032,-4.17629146575928,-10.2219381332397,-2.37211585044861,2.35069092479969,32.1161163831011,-65.9038054523469
26.89,-0.979244112968445,-11.5030469894409,-0.0880647227168083,22.6417577872486,57.2180553754222,-19.8214224147886,-4.68881988525391,-10.5427904129028,-2.2635760307312,1.90088241370616,30.1198569943814,-67.76096120843
26.895,-1.24323201179504,-11.9497327804565,-0.243051931262016,26.774592555902,57.1279344444184,-19.693100235757,-5.11292457580566,-10.8347520828247,-2.21701049804688,0.789630432621505,27.2742208936884,-70.4655453650258
26.9,-1.46167254447937,-12.3363075256348,-0.401869386434555,31.3030643246811,56.5461150252547,-18.952202295729,-5.40758562088013,-11.067325592041,-2.19457411766052,-0.809653559060221,24.5037681002843,-73.4441293903658
26.905,-1.62441146373749,-12.63609790802,-0.538786113262177,35.9154603353394,55.6671755470061,-17.5331502409361,-5.53222894668579,-11.2125997543335,-2.1676230430603,-2.78882770981874,22.5489747900158,-76.2570813283331
26.91,-1.67230248451233,-12.8075675964355,-0.575042009353638,39.5289787459239,54.9724804216187,-15.5809694780251,-5.55919456481934,-11.3976192474365,-2.07356286048889,-4.68223384114808,20.8804551984301,-78.9219069537702
26.915,-1.65923976898193,-12.9003705978394,-0.561639606952667,42.1340777821638,54.49447304765,-13.8967421588957,-5.5447850227356,-11.4950304031372,-1.95386338233948,-6.38892010292902,19.6846154332605,-81.5550268410802
26.92,-1.57785761356354,-12.9315319061279,-0.497299551963806,44.6293029803204,54.0868268674161,-11.8372189967624,-5.54459619522095,-11.5080881118774,-1.81444573402405,-7.92323800326823,18.9522040032763,-84.0897988345311
26.925,-1.41364657878876,-12.9177007675171,-0.376496374607086,48.1351366284504,53.5711134341343,-8.56534750223572,-5.62957286834717,-11.4343900680542,-1.66123223304749,-9.28996227128237,18.7072443913357,-86.4349101351091
26.93,-1.16120564937592,-12.8894472122192,-0.196596682071686,51.9884595656994,52.1861525610362,-5.01203848984543,-5.72867393493652,-11.3123598098755,-1.39445614814758,-11.0033118094855,19.5454332534486,-88.6382881802202
26.935,-0.926638185977936,-12.8456726074219,0.0282146651297808,55.924670263621,50.006936310114,-1.48772768590667,-5.67843055725098,-11.2275762557983,-1.12139308452606,-13.0531164662034,20.4086718343425,-91.0342843901149
26.94,-0.706158936023712,-12.7623891830444,0.293024718761444,59.8535487534687,46.9599411100472,1.89963462352216,-5.49879121780396,-11.192343711853,-0.865878701210022,-15.3543625843843,21.2909666430208,-93.5352059660392
26.945,-0.482909798622131,-12.5900993347168,0.594228267669678,63.6312375909435,42.8066260191675,4.96377338496236,-5.2311429977417,-11.2261791229248,-0.663630247116089,-17.7735045978288,22.2943589981361,-95.9507774980951
26.95,-0.306461691856384,-12.3337745666504,0.858486413955688,67.4519634503786,37.8759363629974,7.46705906011319,-4.97765970230103,-11.2517957687378,-0.513141334056854,-19.8967269579353,24.3742540532425,-97.8119084242752
26.955,-0.144771784543991,-12.0559053421021,1.04540777206421,71.6723919800429,32.8438627938822,9.40618135510472,-4.73984432220459,-11.2345056533813,-0.422581166028976,-21.9055607249169,26.8212854366155,-99.3758714800464
26.96,0.0033519305288791,-11.7620840072632,1.14148604869843,76.3901334133649,28.0585246858918,10.834430259615,-4.50455093383789,-11.1875114440918,-0.358015537261963,-23.810351927819,29.3420452969841,-100.737551653358
26.965,0.128491893410683,-11.4444122314453,1.11385917663574,81.8046497646766,24.3092221146075,11.8615925268156,-4.2332239151001,-11.1591358184814,-0.220119670033455,-25.5657446954581,31.3476381392046,-102.061085220156
26.97,0.235065191984177,-11.1682109832764,0.943831324577332,87.8332889148317,22.4174014409393,12.6476098427271,-3.92014050483704,-11.1340131759644,-0.0703079476952553,-26.7487334597043,32.9926311441942,-102.967478643773
26.975,0.321147829294205,-10.9441175460815,0.759889185428619,94.2342826577792,21.6249867990965,13.3476922798223,-3.6254448890686,-11.1255264282227,-0.0139410234987736,-28.161088514016,35.3857450142591,-103.891616898854
26.98,0.396489828824997,-10.7478246688843,0.585399687290192,100.842586302415,21.5977121461933,14.0186285921818,-3.31131529808044,-11.1467704772949,-0.0853237435221672,-29.7519488547387,38.7798367675677,-104.797641492257
26.985,0.508515417575836,-10.4552669525146,0.400922030210495,107.129795923979,21.5337679151837,14.7702123631663,-2.74110460281372,-11.2454853057861,-0.339184671640396,-30.4822190204181,43.2461999186766,-105.083355135427
26.99,0.578872323036194,-10.2116117477417,0.35780867934227,113.19221035958,20.6273864443974,15.4820222350665,-2.02960968017578,-11.4382562637329,-0.617760896682739,-29.904385016635,49.4531548174932,-104.475072148324
26.995,0.649947345256805,-10.0260934829712,0.423079192638397,119.55343191099,18.5159103021161,16.2411977613134,-1.42150783538818,-11.6626281738281,-0.750636577606201,-28.6094699424598,56.064395443472,-103.36309003069
27.0,0.742028713226318,-9.89910697937012,0.580842196941376,126.522697392883,14.9008841272724,17.0786455479013,-1.07975840568542,-11.8813667297363,-0.673389673233032,-26.9261766516994,62.3647770848506,-101.97003879852
27.005,0.900677382946014,-9.79385852813721,0.767567217350006,135.059177100592,8.69328462935287,17.9900950190518,-1.60932266712189,-11.9604558944702,-0.375713169574738,-26.0380454463753,66.2068746061987,-101.129577190961
27.01,1.15888905525208,-9.60080432891846,0.729431509971619,143.005091331904,2.8722170625086,18.8501831751911,-2.82931089401245,-11.6491117477417,-0.40293624997139,-25.9433653641006,70.9961964220224,-101.280988824481
27.015,1.46145224571228,-9.30232238769531,0.518676221370697,149.51472606379,-1.23416278266377,19.4777716919831,-4.3308277130127,-11.0167531967163,-0.82195371389389,-27.3017516786854,74.0998343808762,-102.132112357335
27.02,1.77810907363892,-8.89077472686768,0.144513994455338,154.240069497658,-2.87733692962176,19.7843344875954,-5.850013256073,-10.1012134552002,-1.66193509101868,-30.54556902497,73.8517687404105,-103.515833551099
27.025,2.04437446594238,-8.50155925750732,-0.550896525382996,160.387608580885,-2.916153961892,20.1297849652471,-6.24036502838135,-9.24502849578857,-2.42063522338867,-35.7378993225812,66.9621842453754,-104.499968187849
27.03,2.24521684646606,-8.24796390533447,-1.05015349388123,163.699594630181,-1.32422362934714,21.582573031898,-5.82390546798706,-8.64152050018311,-3.00513982772827,-42.4442366723741,56.1238180892511,-104.794465454293
27.035,2.43502831459045,-8.1620454788208,-1.34271383285522,164.817587314285,1.00424634220497,23.7817539257641,-4.92534494400024,-8.28733825683594,-3.50339484214783,-49.4761828002799,42.7244759189251,-104.950248408882
27.04,2.65642523765564,-8.27958583831787,-1.40753126144409,164.117902735709,3.40263375863933,26.4857387332603,-3.77360963821411,-8.19508361816406,-3.98011827468872,-55.9078133567495,27.7119369817433,-105.397311610816
27.045,3.05487036705017,-8.61830806732178,-1.27841687202454,162.532479225566,5.81053328071,28.2726579465609,-2.63379549980164,-8.41849899291992,-4.41394805908203,-59.650398436985,18.9923911288053,-105.972850671038
27.05,3.43234586715698,-9.08552360534668,-0.923509657382965,161.673910786517,8.62240092614648,29.9829014562389,-1.63105618953705,-8.78414916992188,-4.86831760406494,-62.1792486564255,12.9784881117846,-106.458886932376
27.055,3.68072080612183,-9.62789630889893,-0.423031598329544,162.558106095332,11.3117435156094,31.9961987518432,-0.813343346118927,-9.18916606903076,-5.28615045547485,-64.6704713637285,6.32695662677867,-107.014809689302
27.06,3.65420651435852,-10.1841955184937,0.133423492312431,166.595458234483,13.2076418122121,34.8129619353672,-0.25513619184494,-9.50733757019043,-5.59292411804199,-68.5988614950505,-5.21177285797047,-107.846234956589
27.065,3.25688457489014,-10.5680418014526,0.353641092777252,170.96448435973,15.5215604926244,39.2733076898174,0.76585465669632,-10.086220741272,-5.93370676040649,-72.3365049334216,-17.9341250338982,-107.757859138919
27.07,2.7118935585022,-10.8390312194824,0.470168590545654,172.798718000958,17.717708782499,44.3593909797944,1.87980544567108,-10.6617956161499,-6.17884063720703,-74.1387049874428,-26.1566994926368,-106.915792436904
27.075,2.12786245346069,-11.0224676132202,0.50728964805603,171.864853556499,19.3467396353983,49.6740260597785,3.02153921127319,-11.1580286026001,-6.37138271331787,-74.2028131429925,-30.8510458205042,-105.403472441448
27.08,1.68301773071289,-11.1508045196533,0.478177964687347,167.731223070808,19.5539641597219,54.5958433002167,4.10941696166992,-11.4502964019775,-6.60102987289429,-72.9034994269918,-34.0848569396547,-103.291011044379
27.085,1.01221311092377,-11.3896341323853,0.378274261951447,160.230049777111,18.9888530908153,58.2846543011168,5.0832896232605,-11.458966255188,-6.89614534378052,-72.4453439978457,-41.0614717050942,-100.41248246019
27.09,0.415745317935944,-11.6626977920532,0.287011414766312,151.523607642096,17.8035164490419,60.8224247476133,5.97576522827148,-11.3773641586304,-7.12910413742065,-72.3518182175407,-49.1765560617697,-97.2877187262334
27.095,-0.0578177459537983,-11.9612035751343,0.211981624364853,142.193186745265,15.9185037664288,62.1919118271468,6.79160022735596,-11.2738933563232,-7.27804803848267,-71.5406444611425,-56.2417242297984,-93.9870912815273
27.1,-0.365212708711624,-12.2896137237549,0.147862285375595,133.086864355102,12.9837712631076,62.2069109225641,7.5258092880249,-11.2752571105957,-7.31816053390503,-66.9714391517007,-56.7423190393524,-90.5102654468023
27.105,-0.514208436012268,-12.5569458007813,0.0656555965542793,125.228922960299,9.69572502685261,61.3271347461423,7.98588180541992,-11.1948232650757,-7.42196702957153,-56.6419289189316,-42.7747802621623,-84.8383192656728
27.11,-0.545352399349213,-12.7619819641113,-0.0275196023285389,118.726760455365,6.45243445890779,60.1261620938114,8.10959434509277,-10.9086923599243,-7.50695133209229,-43.8735937750773,-20.8751054527627,-76.7991183106761
27.115,-0.470200389623642,-12.8930978775024,-0.123819127678871,113.748153607073,3.39494510006801,58.8028949043915,7.8320574760437,-10.3835554122925,-7.48463296890259,-29.3706774499848,6.28094078856665,-66.2973268013772
27.12,-0.302132278680801,-12.8972806930542,-0.193755686283112,110.968696916796,0.783403061006599,57.7119565995895,6.91268444061279,-9.58787059783936,-7.0246262550354,-13.0981427807594,32.7424515601804,-53.0601879634607
27.125,-0.0662506297230721,-12.7941455841064,-0.176602423191071,107.002330933688,-4.38347965930443,56.3430500861356,5.57631874084473,-8.64410781860352,-6.07007551193237,4.03911688927802,56.777955551347,-39.5587549556105
27.13,0.174468219280243,-12.6028366088867,-0.120693430304527,102.918567659127,-11.0026211066057,55.1120826580646,4.23037624359131,-7.63202571868896,-5.04423761367798,18.3201604955981,76.282387179208,-28.1995629696107
27.135,0.392057180404663,-12.3222455978394,-0.0393071994185448,99.074707948973,-18.735710912249,54.1396242297003,3.05172848701477,-6.61040067672729,-4.15178298950195,28.9857860449709,91.1653488900982,-19.0163855833596
27.14,0.534755349159241,-11.912896156311,0.0845582410693169,95.4173875352413,-27.5466686019438,53.2119752573859,2.33735847473145,-5.84719467163086,-3.88394165039063,40.9090321281033,107.625291997318,-5.12585548151405
27.145,0.635432064533234,-11.4539632797241,0.274249464273453,91.5576749560238,-36.2751141913702,52.1097773857371,1.40489256381989,-4.82196426391602,-3.63582849502563,44.9844284209315,108.144249770455,7.42960230270484
27.15,0.737016677856445,-10.9576892852783,0.463622003793716,87.8500706896224,-44.1511146063386,50.7010747750841,0.624143540859222,-3.93515396118164,-3.31286549568176,45.2272382308308,97.6890264909175,18.6469730945522
27.155,0.86395251750946,-10.4300556182861,0.616133272647858,84.4577616156872,-50.6400231291879,48.9018219476897,0.200695186853409,-3.405517578125,-2.87435126304626,43.747474332053,78.8767935543023,28.4855276222335
27.16,1.04748296737671,-9.8998384475708,0.702708125114441,80.7981121074485,-54.2848033156035,46.7593589446914,0.170117869973183,-3.22797441482544,-2.56100296974182,44.2129448938002,62.6060876682272,37.5789187567502
27.165,1.21452736854553,-9.4065990447998,0.842695415019989,77.6847138082708,-56.1363105052431,44.3979542278483,0.324221551418304,-3.20188331604004,-2.56617379188538,44.9664342875631,49.6885675325214,46.9416840143957
27.17,1.36696171760559,-8.96437835693359,1.02671837806702,75.5042510478251,-56.7341057368755,41.93664774911,0.680368304252625,-3.3088526725769,-2.76242017745972,45.0496464822213,37.5787753227776,56.1563810161191
27.175,1.50538468360901,-8.58747386932373,1.25001001358032,74.6216061919518,-56.4308829037674,39.4640680431466,1.26474690437317,-3.5423903465271,-3.0600061416626,43.6588150615316,24.3001738215046,64.881688133622
27.18,1.61879062652588,-8.39241027832031,1.30458176136017,74.8707373419281,-54.096406207727,37.3643278734067,2.12011218070984,-3.86088180541992,-3.2280957698822,42.2375790537516,10.6614599877527,72.1581686941925
27.185,1.74597799777985,-8.13844680786133,1.33385610580444,74.3227512648179,-50.2924928589339,35.6861333188617,2.87104988098145,-4.19498205184937,-3.2640233039856,42.2705005655511,1.47272293423892,79.37731664687
27.19,1.8638334274292,-7.89088201522827,1.3333797454834,72.9170915034401,-45.3098766895988,34.4298463795375,3.43154835700989,-4.52764129638672,-3.14127039909363,44.069114770258,-2.47277607390203,86.6893620024488
27.195,1.94259929656982,-7.73225164413452,1.29526913166046,70.5116969532476,-39.4231791156804,33.6283749068552,3.67889380455017,-4.83732652664185,-2.81431341171265,48.1606644604733,0.224949932436843,94.2902014165141
27.2,1.99129414558411,-7.67584562301636,1.28014123439789,67.8675599708064,-33.1019312463873,33.1503538725082,3.58052897453308,-5.11217212677002,-2.49910020828247,52.4254653140805,6.12659302747634,101.096013641379
27.205,2.02760457992554,-7.65007829666138,1.27135944366455,65.3156715232954,-26.9702313718459,32.9457692162988,3.36485362052917,-5.40516376495361,-2.23748469352722,55.1891408522807,10.2280025226453,106.261200767229
27.21,2.0488007068634,-7.65838956832886,1.25342905521393,63.0337326423508,-21.3938292919212,32.979021992273,3.08380055427551,-5.70577430725098,-2.03881287574768,56.897156012742,12.7798670644942,110.869946041776
27.215,2.04625678062439,-7.71841764450073,1.19778037071228,61.3519898045319,-17.0584777068296,33.2129491411567,2.804842710495,-5.98928213119507,-1.92301166057587,58.4586806909795,14.6208173429979,117.006932482735
27.22,2.03781223297119,-7.76215505599976,1.09653615951538,60.2614818016477,-14.7979326859128,33.443802704914,2.61269044876099,-6.16348552703857,-1.90832793712616,58.3064630951366,13.1814616971235,122.347566677794
27.225,2.04082083702087,-7.80283069610596,0.978211641311646,58.9486852922254,-12.4263082985241,33.5412012024784,2.37010097503662,-6.33766651153564,-1.88272190093994,57.6807836162176,10.325516279652,127.527008408442
27.23,2.05219078063965,-7.84191989898682,0.861788511276245,57.4153419745034,-9.99682879377074,33.4632175176298,2.07109832763672,-6.49663066864014,-1.83001947402954,57.0035737751054,6.98583295949806,132.671506891295
27.235,2.05737709999084,-7.87876081466675,0.792289674282074,55.9423126422472,-8.45393516404176,33.1193516438655,1.74307441711426,-6.55505275726318,-1.74144649505615,57.0466005517819,5.15447482791005,137.914237154792
27.24,2.0502769947052,-7.89333152770996,0.775749385356903,54.1513072682756,-7.86502259342492,32.4574994831021,1.34670853614807,-6.51387166976929,-1.60890448093414,56.4163516763082,4.43682557115635,143.366626905051
27.245,2.02377581596375,-7.90333652496338,0.790923655033112,52.1467252940523,-7.73868202302626,31.6144628942257,0.930345952510834,-6.47915458679199,-1.43873476982117,55.28036827393,3.7386705280675,148.867155828581
27.25,1.97360241413116,-7.91145133972168,0.834625899791718,49.8981484721087,-7.91909293221568,30.5982331985654,0.526204288005829,-6.4927544593811,-1.26413893699646,53.715810991701,2.54610690582199,154.304286936235
27.255,1.88693928718567,-7.91245555877686,0.913229525089264,47.1592118790823,-8.17050195028009,29.3093047851977,0.236287832260132,-6.6439208984375,-1.23371660709381,51.915164805716,-0.444859878957304,159.31899816448
27.26,1.79435467720032,-7.89448261260986,0.930984139442444,44.4730863087185,-8.05515371557692,27.8925374286822,0.164986878633499,-6.99751949310303,-1.32597851753235,49.6075990550055,-7.6314378077733,163.871565133103
27.265,1.72875273227692,-7.84801816940308,0.933619201183319,41.8017002865835,-7.45619735178558,26.3327988449126,0.278996765613556,-7.47094583511353,-1.48411691188812,47.1408830664446,-16.8992301387835,167.936388293096
27.27,1.69414365291595,-7.77382040023804,0.931381285190582,39.1426359257112,-6.3334751885678,24.6319144019448,0.561231017112732,-8.03085422515869,-1.68479704856873,44.7002003439051,-27.0142212051954,171.509478813984
27.275,1.62537682056427,-7.71124649047852,0.884265780448914,36.5775174017779,-4.80795457187957,22.8818747950677,0.920257806777954,-8.60768032073975,-1.8810920715332,42.850417777031,-33.3985902677031,174.75134614126
27.28,1.57054448127747,-7.65256357192993,0.842072784900665,33.6858407034372,-3.88005587077359,21.3204354941948,1.12748718261719,-9.09468364715576,-1.98677515983582,41.6857612405171,-35.608849728403,177.286343530954
27.285,1.50434756278992,-7.59757089614868,0.797540843486786,30.6216641625131,-3.46955595212712,19.8232016790674,1.17108678817749,-9.47964763641357,-1.98337984085083,41.3300210828808,-34.8213869737084,179.159167740993
27.29,1.41268634796143,-7.54877805709839,0.75047767162323,27.5004094382426,-3.59037260703454,18.3388615535456,1.04119682312012,-9.74911975860596,-1.86436533927917,41.8665665931311,-31.4522527316271,180.43185054942
27.295,1.2934684753418,-7.54957389831543,0.768742322921753,25.1086513607279,-4.73774108098548,17.0614112730781,0.836373507976532,-9.87908363342285,-1.7964996099472,42.8109768496688,-24.8122877450938,182.45756171384
27.3,1.16346621513367,-7.58705520629883,0.819024622440338,23.2486798591594,-6.48583323017551,15.8990838310712,0.535944104194641,-10.0054168701172,-1.7816995382309,42.6634515937857,-21.8916647050505,184.10391051138
27.305,1.05083560943604,-7.6447057723999,0.901241719722748,21.8837058271201,-8.78039173938534,14.8318736034459,0.272582471370697,-10.1338815689087,-1.83896398544312,41.5395098149142,-22.9624266310442,185.386633697887
27.31,0.979050040245056,-7.71061325073242,1.01728284358978,21.0147555005328,-11.6116904192369,13.8496753253251,0.154155761003494,-10.2691917419434,-1.98782670497894,39.471314873856,-28.4854610278891,186.296032404739
27.315,0.975396692752838,-7.83729839324951,1.15704321861267,20.932509777642,-14.7403849270608,13.199800755045,0.270993053913116,-10.4445285797119,-2.14903020858765,37.3881993845559,-35.624641125764,186.693098621949
27.32,0.993387460708618,-7.97072601318359,1.33358609676361,20.9006520678058,-17.3396492742023,12.7195249044981,0.41790559887886,-10.6201410293579,-2.25857925415039,36.5390190405212,-40.1088344857013,187.431045920255
27.325,1.02211248874664,-8.10775279998779,1.53377962112427,20.9515438073116,-20.1218704835464,12.2522913001714,0.547598838806152,-10.7631206512451,-2.35402202606201,36.7286182616915,-42.0407637377231,188.583298833236
27.33,1.0486900806427,-8.24470710754395,1.7429438829422,21.1322125561422,-23.9961740543783,11.6024073383812,0.599326968193054,-10.8296136856079,-2.48144936561584,37.7917303758149,-41.3531720090725,190.274030200003
27.335,1.03050768375397,-8.401123046875,1.98313343524933,21.2437324698156,-26.9981719681932,11.2541949029838,0.491482436656952,-10.8737258911133,-2.57659006118774,38.9067075314007,-40.2005775866329,192.16966724187
27.34,0.987925946712494,-8.54627132415771,2.22937250137329,21.1125706396365,-29.0171639340179,10.8579534311166,0.2816281914711,-10.9071626663208,-2.62232136726379,39.7279831375813,-39.8040646147461,193.727496787766
27.345,0.921913206577301,-8.68802833557129,2.48206353187561,20.721610611545,-29.8618363532005,10.369900556426,-0.0051261293701827,-10.9332885742188,-2.63298892974854,40.0484487832492,-40.6397587502647,194.832102301098
27.35,0.829694271087646,-8.84420013427734,2.74527716636658,20.0293402033129,-29.057765993539,9.73422851075126,-0.335358291864395,-10.9564743041992,-2.63388681411743,39.4593347220518,-43.6109764165849,195.274288747964
27.355,0.734044432640076,-8.97211837768555,2.98114585876465,18.8304302681114,-26.7453422707814,8.86919444387926,-0.640493392944336,-10.9766654968262,-2.66284513473511,38.2737539010156,-49.3484889986519,196.042944576779
27.36,0.626659452915192,-9.095703125,3.2114679813385,17.3535145582175,-23.5212026994957,7.89266351522232,-0.90186995267868,-10.9709825515747,-2.73017835617065,37.0114803008839,-55.6060043727995,196.791902140028
27.365,0.509103834629059,-9.21060562133789,3.43938064575195,15.6671408521413,-19.5469119894039,6.84642239523576,-1.11203610897064,-10.9531908035278,-2.83632636070251,35.8447917830919,-61.6339400134701,197.453501583792
27.37,0.388023942708969,-9.29468441009521,3.66586208343506,13.8685360389445,-15.0073428707708,5.80283181553398,-1.25144398212433,-10.970552444458,-2.98234558105469,35.0945228235227,-66.0476833872132,197.948936185428
27.375,0.31410413980484,-9.31935501098633,3.84590935707092,12.1083621388863,-9.9372763743974,4.97182873931474,-1.28009808063507,-11.0159387588501,-3.06962418556213,34.1911380982347,-73.4443479564193,198.777328848724
27.38,0.267938822507858,-9.32465648651123,3.97357821464539,10.3654062919521,-4.46781755451528,4.3549576431041,-1.2708934545517,-11.1123056411743,-3.16869616508484,33.6898124584395,-80.7784138418822,199.67187872432
27.385,0.240466564893723,-9.30769634246826,4.05789661407471,8.60964554787148,1.40608856919162,3.96576492646031,-1.23248815536499,-11.2592821121216,-3.28884077072144,33.7341608767204,-87.1830822266032,200.634976378427
27.39,0.208806052803993,-9.2149543762207,4.14694213867188,6.72218466932781,7.83914386043339,3.86592378249401,-1.13239169120789,-11.432183265686,-3.40282607078552,34.4392276443625,-91.6587890764966,201.944774434804
27.395,0.194677889347076,-9.0871467590332,4.21773910522461,4.55095845907408,14.5290127703638,4.06922094804485,-1.01472914218903,-11.5837001800537,-3.47496676445007,35.4371660934255,-95.1038067202568,203.26107483127
27.4,0.195534199476242,-8.9325122833252,4.26436710357666,2.33490657107121,21.3403847692131,4.34317087103078,-0.960720002651215,-11.7181940078735,-3.51542806625366,36.6005248939971,-98.0594481401748,204.606581116628
27.405,0.210359737277031,-8.75603008270264,4.28371143341064,0.142542272697824,28.2332665380701,4.58779025417337,-0.995944142341614,-11.841329574585,-3.51932978630066,37.9122354033414,-100.618030173072,205.989667102799
27.41,0.234293445944786,-8.58159351348877,4.27318429946899,-2.12390175048541,35.2294293049142,4.62487647381925,-1.08577418327332,-11.9907102584839,-3.42759609222412,39.54489308669,-102.151851604036,207.407464110331
27.415,0.233419492840767,-8.40354919433594,4.23767900466919,-4.23026058697447,41.8736768200571,4.62202828493536,-1.19114875793457,-12.1974630355835,-3.28759169578552,41.5718849115801,-103.097655219165,208.399166596682
27.42,0.199453786015511,-8.21826648712158,4.19278573989868,-5.91389069143839,47.4285296531505,4.55680723543773,-1.26695215702057,-12.4418325424194,-3.0927848815918,43.8786925112927,-103.510663097897,208.702290392047
27.425,0.127285480499268,-8.02203178405762,4.14709186553955,-7.09983351250063,51.6447746919481,4.40767603132602,-1.28933596611023,-12.7128105163574,-2.8363516330719,46.4048243154435,-103.387760673972,208.102654424434
27.43,0.0367104485630989,-7.78969669342041,4.11643886566162,-9.35666333739577,58.1321430071396,4.06250601831708,-1.28720235824585,-12.9623012542725,-2.51231741905212,48.8694844170643,-102.681259566604,205.927703626648
27.435,-0.0644224137067795,-7.52171230316162,4.09474802017212,-11.9443317308739,63.4901395430694,3.7579457487921,-1.35311305522919,-13.0670652389526,-2.20063281059265,50.9794596252755,-102.326376597708,202.52200738194
27.44,-0.181383416056633,-7.22125196456909,4.08988666534424,-14.8087192621595,67.3529257074134,3.45896424971513,-1.5281183719635,-13.0171947479248,-1.93551111221313,52.5405505865007,-102.829959615024,198.280405265849
27.445,-0.319336354732513,-6.88885498046875,4.10914850234985,-17.9236936274883,69.3377650198408,3.13802091769223,-1.85157036781311,-12.7953338623047,-1.74703443050385,53.3645890042006,-104.647978387163,193.465927863312
27.45,-0.468050330877304,-6.56255912780762,4.13966035842896,-21.5598148415835,68.0416136814258,2.96213351472406,-2.30870342254639,-12.4282608032227,-1.61022996902466,53.3209065293638,-107.161829511187,189.853386169778
27.455,-0.610761821269989,-6.3074164390564,4.12801790237427,-25.6541273433181,64.7660940121087,2.63946214484114,-2.71091198921204,-12.1110258102417,-1.47043478488922,52.9332967090602,-110.93022929139,184.641432738682
27.46,-0.762743413448334,-6.13683414459229,4.08190107345581,-30.2583800609385,59.7530630103995,2.15788621047446,-3.17123365402222,-11.7554273605347,-1.29647839069366,52.0748614587,-115.33461530597,178.565241811525
27.465,-0.943896949291229,-6.07416296005249,4.00830745697021,-35.4768290019358,53.172728990415,1.4899526200288,-3.83616065979004,-11.2476949691772,-1.04656946659088,50.5499602547922,-119.646732295053,172.482029449902
27.47,-1.13321483135223,-6.16891860961914,3.95468688011169,-40.8315504621586,45.0083682339723,0.339266835255773,-4.43132448196411,-10.707371711731,-0.925819158554077,46.753881132977,-125.292238813905,165.67865560257
27.475,-1.29393172264099,-6.38736772537231,3.9095721244812,-46.2534741536252,36.7007237691212,-1.26363238088973,-4.76922559738159,-10.1803894042969,-0.966234743595123,40.9383233943589,-132.141784740026,158.16945000641
27.48,-1.4284576177597,-6.66959619522095,3.88193464279175,-51.5749701586306,28.7210103467007,-3.24782069091182,-4.75108671188354,-9.70494365692139,-1.17194259166718,33.2603267483345,-139.097307881308,149.951298095159
27.485,-1.54247212409973,-6.91234636306763,3.89182186126709,-56.4751220390215,21.8449120601817,-5.52226557367643,-4.17200756072998,-9.35399723052979,-1.56479120254517,23.794905455011,-144.102989599471,140.942087334615
27.49,-1.69251215457916,-7.32059907913208,3.91651320457458,-59.704391082374,17.0041315991511,-7.76178513789382,-2.72475218772888,-9.3248872756958,-2.06955623626709,15.0105769653428,-143.097148621538,130.851138534082
27.495,-1.87366545200348,-7.74117851257324,3.90139389038086,-61.8022427048084,13.7113776550107,-9.68959493207252,-0.688320577144623,-9.45966911315918,-2.50333476066589,7.39825344196177,-138.800508841115,119.724432527051
27.5,-2.10811424255371,-8.15776252746582,3.83434367179871,-62.7701351517125,11.8872817220577,-11.3026260668411,1.78442132472992,-9.62654399871826,-2.79506063461304,0.566764935181133,-132.116021266476,107.422742737481
27.505,-2.46702146530151,-8.57820701599121,3.69524240493774,-62.3134755339946,11.6116605371592,-12.6639869288095,4.389892578125,-9.50244808197021,-2.79159045219421,-6.72936661324008,-124.463955433636,93.4174603349374
27.51,-2.97890758514404,-9.01684474945068,3.506187915802,-61.0630249913162,12.4794377787567,-13.4728170765487,5.93495416641235,-8.95113563537598,-2.48393654823303,-13.0153933314174,-108.910535523628,78.3061585699044
27.515,-3.52955842018127,-9.49099922180176,3.29850387573242,-59.5475357880846,13.7142275514419,-14.0058877280588,6.28509283065796,-8.17990875244141,-1.9894003868103,-15.9756075629847,-85.2879028074106,63.5928041164839
27.52,-4.05269765853882,-10.0029678344727,3.09297895431519,-57.9191367276835,14.9136582885676,-14.2963534753447,5.42339420318604,-7.27817344665527,-1.45494091510773,-15.5705346565207,-56.2235866624575,50.1897633987224
27.525,-4.35325193405151,-10.5461521148682,2.95530533790588,-56.3590122382259,14.9763935760942,-14.2221622530327,3.4054434299469,-6.45586013793945,-1.44906497001648,-13.9316708925375,-34.147380491317,40.850787689956
27.53,-4.32628154754639,-11.1122436523438,3.02398562431335,-51.989087943103,13.2631712501643,-14.0846577384356,1.40136933326721,-6.05064487457275,-1.87704277038574,-13.3024269086454,-6.80947406003375,25.7734558707601
27.535,-4.07025718688965,-11.6304559707642,3.37368535995483,-43.3475838316217,8.81217602468799,-13.4253429929489,-0.108025588095188,-5.94362640380859,-2.27155447006226,-15.4797973009443,13.29662807804,9.03317447924657
27.54,-3.6167733669281,-12.0314531326294,4.04362440109253,-29.4418138701905,0.956494248561591,-11.9312980223902,-1.01693296432495,-6.10738182067871,-2.48613572120667,-21.021242472697,21.6741402554585,-7.80523453252521
27.545,-3.00505614280701,-11.9671897888184,5.07197761535645,-7.41805501413929,-12.3097639269425,-8.4904835062905,-1.92476344108582,-6.57494831085205,-2.64257287979126,-28.7430718577199,18.5138919812163,-23.0148261348093
27.55,-2.40084981918335,-11.4793100357056,6.04397392272949,15.8815729335866,-26.6584007928363,-4.26702706838983,-2.2223846912384,-7.08915138244629,-2.73545742034912,-35.6772096767111,13.8706926711749,-35.1236091841032
27.555,-1.80045771598816,-10.6598987579346,6.85617399215698,37.7199724083947,-39.1959899484128,0.0579614121835513,-2.08818435668945,-7.58328342437744,-2.82762837409973,-41.3286994412764,9.76161756932301,-44.6071082806124
27.56,-1.20068991184235,-9.53939723968506,7.4315938949585,56.3079634043692,-47.9385808596103,4.074720957874,-1.59554827213287,-8.02045726776123,-2.94777536392212,-45.2761731211394,7.28207363172715,-51.5758136869931
27.565,-0.575423717498779,-8.12241554260254,7.52696657180786,66.9040251845927,-46.4736213958585,6.77659011427472,-0.802561104297638,-8.39047241210938,-3.01604676246643,-45.9197101296434,6.45303594244158,-56.1262564667848
27.57,0.0992436483502388,-6.63571500778198,7.23980474472046,70.6913445887973,-36.190938940039,8.40351385381508,0.148098602890968,-8.72236347198486,-2.94900894165039,-44.3715555467062,8.75298645911431,-59.6153595665428
27.575,0.774815082550049,-5.2103910446167,6.69098901748657,68.2997196999714,-18.8091781345089,8.66587251889267,1.12832725048065,-9.0434103012085,-2.86796283721924,-41.4228843348362,15.0168504940954,-62.0985636317602
27.58,1.41274619102478,-3.95454287528992,5.96071243286133,59.8520939231755,4.73838994895663,7.24960632750749,2.03797507286072,-9.37466049194336,-2.86859655380249,-37.6176561746279,26.1518483507788,-63.5584004536345
27.585,1.78745150566101,-3.41921067237854,5.36433267593384,44.942347625455,30.9447423555385,3.22982527688296,2.13351225852966,-10.0997428894043,-2.72533273696899,-33.2058833104604,40.8762267295197,-61.1985632652059
27.59,2.17105674743652,-3.01502084732056,4.47762680053711,28.1327927478319,54.9302800978318,-2.3553132553205,1.1500746011734,-11.0306072235107,-2.16762375831604,-27.4846077955977,51.9237332780297,-53.9886121622459
27.595,2.45194673538208,-2.99375247955322,3.41623091697693,10.4104462668865,76.280420084727,-9.30990898497974,-1.26383674144745,-11.8948812484741,-1.04983162879944,-20.510805360549,57.3448749128364,-41.7896723234551
27.6,2.48198699951172,-3.70119857788086,2.31199479103088,-7.05480762483144,94.2715618302691,-17.4931748512713,-5.65988492965698,-12.3452348709106,0.854108333587646,-12.2597071780628,54.2574893891126,-24.0434953124955
27.605,2.18528819084167,-5.37616872787476,1.05047655105591,-22.7681367774613,109.168805466714,-26.790342972128,-10.3880090713501,-12.4275932312012,0.42321640253067,-3.67043864580636,56.3256535943196,-9.51547291956139
27.61,1.86932504177094,-7.53684520721436,-0.100921355187893,-37.0442652088999,118.161138829818,-36.4618139972379,-14.2151947021484,-12.3023471832275,-1.381462931633,6.32810665988017,79.9162732138974,9.64552399022666
27.615,1.59211492538452,-10.1568822860718,-1.12169909477234,-49.2272258201275,120.989533825499,-46.178458185971,-17.4195861816406,-12.235053062439,-3.71348118782043,14.7932779119934,114.05719234626,25.7180562064021
27.62,1.43529808521271,-13.2854318618774,-1.9874130487442,-57.8206727206086,116.810304996908,-55.3992613768124,-20.5924186706543,-12.7180881500244,-5.12571287155151,15.8753677067256,137.346812359304,22.9204943921822
27.625,1.25121486186981,-16.829948425293,-2.60642671585083,-60.9579152101789,108.157814526147,-60.4182346430995,-20.4363880157471,-14.0366830825806,-3.36174082756042,1.13284268929874,84.2123734093762,-3.6305413764302
27.63,1.11253666877747,-20.4095230102539,-3.04775261878967,-62.869869573973,91.1785789665205,-64.270072014204,-17.1250534057617,-15.3003244400024,-0.390728652477264,-27.4274032537516,9.25006713634032,-32.3214728506867
27.635,0.989145040512085,-23.6667346954346,-3.27827906608582,-63.4762127873518,66.3576305415592,-65.6432883770242,-11.171199798584,-16.2576141357422,2.73868894577026,-64.5607307143339,-68.0913101378269,-57.3500521962272
27.64,0.76838606595993,-25.6710033416748,-3.15742325782776,-60.8860342993537,35.7943303455038,-59.3938292110026,-3.76322603225708,-16.4731941223145,3.70640063285828,-96.5191380294994,-111.302857091749,-69.3635421537684
27.645,0.257147580385208,-24.4897880554199,-2.28819179534912,-55.5765867480443,3.72528036908651,-44.7540871213619,1.78964459896088,-15.9337177276611,2.90722703933716,-108.726543887766,-119.393277635332,-67.4536846580495
27.65,-0.481978952884674,-21.5156116485596,-1.12088787555695,-50.1675618688252,-25.3311567257721,-26.8319644373828,5.4980583190918,-14.6947078704834,1.22396194934845,-101.834070222712,-111.16994844069,-59.6176681704823
27.655,-1.38857889175415,-17.3887825012207,0.181202158331871,-45.6161594474551,-49.0347749949786,-7.49231368456931,7.26024198532104,-12.8084020614624,-0.924158751964569,-77.4182886193161,-86.9125042826331,-48.9511495738756
27.66,-2.24330878257751,-13.7048778533936,1.30637764930725,-43.7696417110043,-60.982947853487,9.67012291652246,6.59060478210449,-10.4630527496338,-2.46349430084229,-42.1854168990602,-29.1185922431926,-41.9033881429466
27.665,-2.80184292793274,-11.0050954818726,2.13497638702393,-39.4675275339612,-65.4145590020989,22.0814141903826,4.34408330917358,-8.66779613494873,-2.2615430355072,-15.9525232311374,24.6811651885025,-42.5558351332229
27.67,-3.10390663146973,-8.94113254547119,2.67341160774231,-32.8889591178772,-66.6313162216016,30.4419243194096,1.21860897541046,-7.36789989471436,-1.1120513677597,1.31835414897258,56.362690295094,-45.0158233854514
27.675,-3.14426922798157,-7.43347501754761,2.93531394004822,-24.3365445788349,-65.9392951152742,34.7486078930074,-2.46319508552551,-6.52853679656982,0.488616198301315,8.77718069670178,60.8214548607512,-46.6429076344373
27.68,-2.83596348762512,-6.64489412307739,3.08462738990784,-16.3076059830661,-62.7610988114406,34.0638267872002,-5.81991577148438,-5.89776992797852,0.515458226203918,1.75982363941976,52.5920570430317,-42.0664247584348
27.685,-2.04343914985657,-5.57916450500488,3.3311767578125,-10.4429921182816,-55.0488009554045,30.687063223816,-8.33541870117188,-5.8433837890625,-0.461937099695206,-10.7038489955154,44.1897803072301,-37.8410136057711
27.69,-1.02100908756256,-4.52744007110596,3.5253210067749,-6.48964703705332,-43.5172081645643,25.456654621582,-9.87149238586426,-6.13641548156738,-1.58635008335114,-27.9891145959988,27.5042155611575,-34.0816091847044
27.695,0.0967977494001389,-3.65410161018372,3.55471110343933,-4.44066114926213,-28.4457417703182,18.6926448619847,-10.3120203018188,-6.67955255508423,-2.46026468276978,-48.8487479627442,-1.45035289076836,-31.1503686155963
27.7,1.07452130317688,-3.1380307674408,2.87104344367981,-4.66443906392608,-11.8925409677186,10.0452394670605,-9.85928344726563,-7.5489354133606,-3.92496466636658,-51.9459313928323,-29.0843900709238,-34.0084646888827
27.705,1.8989577293396,-3.0172905921936,1.56326878070831,-5.85629896324367,5.25580538000225,0.894794961993897,-8.84131145477295,-7.96829175949097,-4.68654489517212,-48.7133326322595,-43.5096471451531,-36.757178697706
27.71,2.54944205284119,-3.35114765167236,-0.110118813812733,-7.20128444667695,22.8082863369499,-7.98404632367521,-7.62725067138672,-7.91538286209106,-4.7043662071228,-45.9365431308529,-49.4772892909254,-37.6407422140226
27.715,2.99887657165527,-4.21460580825806,-1.96576368808746,-8.06013292348186,40.6376140708653,-15.9581052032366,-6.49890661239624,-7.34359455108643,-3.90054655075073,-49.0442416371683,-50.2510438559557,-35.147508016009
27.72,3.01887059211731,-5.71036100387573,-3.32886290550232,-6.92921111816548,51.2697734008523,-21.1761289649581,-5.49711036682129,-6.81608581542969,-3.4310245513916,-52.0915646863153,-41.3960485215873,-31.5428893419132
27.725,2.82400941848755,-7.2256293296814,-4.25211715698242,-6.30439523128965,53.9221510065271,-23.8991290191035,-4.29461050033569,-6.6392560005188,-3.27202486991882,-48.6907451966742,-28.6922859861462,-30.0374746677073
27.73,2.46105074882507,-8.63969707489014,-4.73911285400391,-6.64786196587431,48.3664512299766,-24.8239776138583,-2.8969395160675,-6.79792642593384,-3.16496634483337,-41.8233827221037,-15.9749621101082,-30.2507712302031
27.735,1.97581112384796,-9.79311180114746,-4.76079797744751,-8.61477672748545,33.6844336844681,-24.6879031701187,-1.29603779315948,-7.2988338470459,-2.78896021842957,-34.9689429654428,-8.06163556509926,-31.8369289856822
27.74,1.31246876716614,-10.4977903366089,-4.36640739440918,-13.5060715600702,10.2602589447744,-21.6414116965031,-0.0124802701175213,-8.06310939788818,-1.9245138168335,-33.2005250270565,-5.75669516835102,-31.6629777279003
27.745,0.581989884376526,-10.8697719573975,-3.80074000358582,-19.1867151333341,-10.7543667821641,-17.4279977711165,0.803492844104767,-8.8555212020874,-1.32833337783813,-32.2948590185857,-0.775282979939659,-29.5723763512699
27.75,-0.14335960149765,-10.9682855606079,-3.09877753257751,-24.9955792865657,-27.1137695048011,-12.53420650439,1.08608531951904,-9.60220527648926,-1.08871901035309,-31.2128546012181,6.78271508641293,-26.1832842964338
27.755,-0.737795531749725,-10.8645486831665,-2.2866849899292,-29.918243470461,-35.2468292118248,-7.62676339706007,0.670300126075745,-10.1831579208374,-1.33085560798645,-28.4116881546638,16.1271728757619,-22.5467447332518
27.76,-1.09892857074738,-10.7168483734131,-1.45994627475739,-31.9677339384771,-36.3616424428705,-3.93873573348046,-0.515762686729431,-10.3740091323853,-1.36253821849823,-24.483900787536,21.496980516314,-20.5812092429662
27.765,-1.23934590816498,-10.4928188323975,-0.692171633243561,-32.4199812539912,-35.1926521513282,-1.12701856564913,-1.90899789333344,-10.3001432418823,-1.17230665683746,-21.5589132566131,24.022161216623,-19.5921056435946
27.77,-1.20441365242004,-10.2163000106812,-0.0184766910970211,-31.7503699983306,-32.4720068048992,0.816615176010903,-3.26374197006226,-10.0280828475952,-0.883969604969025,-19.8307268399854,23.990445233212,-19.3351334364512
27.775,-1.10558819770813,-9.96364974975586,0.477199137210846,-30.7759069094449,-28.4669187718398,1.71241796443335,-4.0666036605835,-9.6877326965332,-0.852946579456329,-19.1981710681195,21.5954957498077,-19.4187247066084
27.78,-1.02790355682373,-9.79012012481689,0.772500872612,-30.0607075561691,-24.1596358491424,1.52907786458534,-5.03441858291626,-9.08653926849365,-1.04162335395813,-21.8617074953508,15.0330209669555,-20.0344867508525
27.785,-0.934419512748718,-9.60995960235596,0.990598320960999,-29.3977454896656,-20.2871183727784,0.645478596497298,-5.74667978286743,-8.50028610229492,-1.32389950752258,-25.2107968397655,6.92286459176607,-20.8023195418724
27.79,-0.826178848743439,-9.43965530395508,1.11122345924377,-28.669056512779,-16.92404933868,-0.856333259643056,-6.11690902709961,-8.00454807281494,-1.65230786800385,-28.4158084662806,-1.43090051201216,-21.6084492035686
27.795,-0.744988799095154,-9.44189453125,0.916622281074524,-27.5311572423387,-13.6819822283703,-2.97235660036427,-6.16204309463501,-7.67620754241943,-1.93143546581268,-30.2156708880584,-6.56245599983201,-22.3020275930267
27.8,-0.670836806297302,-9.51234817504883,0.565609574317932,-24.6925255006395,-10.5612261079091,-5.64078557747543,-6.11734628677368,-7.60044288635254,-2.10787463188171,-32.7481342775699,-11.8506240967822,-23.1901587983508
27.805,-0.658635973930359,-9.62294483184814,0.125689923763275,-20.4695937066444,-8.87514353864634,-8.60070312270064,-5.94666624069214,-7.76618623733521,-2.24937152862549,-36.1283026902554,-18.9945494685831,-24.4451445866381
27.81,-0.733724176883698,-9.76791095733643,-0.38977637887001,-15.0137615410433,-9.24906224475868,-11.6821455280728,-5.63386297225952,-8.15942573547363,-2.38911962509155,-40.2542594584146,-28.1711920713458,-26.0266987946166
27.815,-0.932306230068207,-9.96824169158936,-1.03731727600098,-9.01209651546791,-12.7151826117333,-14.1700513247601,-5.18072557449341,-8.63812065124512,-2.61510562896729,-43.7822399949283,-35.6596492603549,-27.0469805000021
27.82,-1.19542026519775,-10.2689256668091,-1.71104824542999,-4.51026589954644,-16.3979745084273,-15.8644291587698,-4.74290132522583,-8.96135330200195,-2.86356973648071,-44.6016441292764,-37.3754952326997,-26.9261954347196
27.825,-1.47583186626434,-10.6172332763672,-2.32283163070679,-1.39116951505361,-19.2793615267834,-16.7523059395473,-4.31270360946655,-9.18656826019287,-3.13945269584656,-43.1322108916182,-34.045979502899,-26.1253250186843
27.83,-1.74126529693604,-10.9814748764038,-2.80920433998108,0.435082062954034,-20.8668562917926,-16.7550294774789,-3.8884105682373,-9.34481716156006,-3.4346182346344,-39.5696183714854,-26.0017720192407,-24.9054276197107
27.835,-1.84218800067902,-11.2445335388184,-2.92709279060364,2.8567592771998,-22.7687890605271,-15.386508869713,-3.50442123413086,-9.54732704162598,-3.52825736999512,-35.7372060583804,-17.3315042736171,-24.2662687624646
27.84,-1.83896434307098,-11.3926038742065,-2.78706645965576,4.57643335713094,-24.6815442640014,-12.8342498844395,-3.2092559337616,-9.76760292053223,-3.47355937957764,-33.2959700905182,-11.9780523748062,-24.0654202197312
27.845,-1.77195990085602,-11.4288101196289,-2.46229267120361,5.36532234070152,-26.9012464612288,-9.47088288333861,-3.06579422950745,-9.92063236236572,-3.40358591079712,-31.3190537975281,-7.67188874935905,-24.0649950404554
27.85,-1.6693971157074,-11.3487911224365,-1.99969506263733,4.98434762228973,-29.6823799629475,-5.5433345728318,-3.13337159156799,-9.93463325500488,-3.42330765724182,-29.0971830152392,-2.67077685463835,-24.0879274005937
27.855,-1.50711119174957,-11.1972017288208,-1.53523302078247,2.37840932655549,-32.2067427481034,-1.20734084323654,-3.36068844795227,-9.82109546661377,-3.5051281452179,-27.7651270799047,1.16602908437195,-23.5669769197658
27.86,-1.35070621967316,-11.0066385269165,-1.15818643569946,-1.01018668579218,-34.7785924234637,3.03979105803981,-3.77403497695923,-9.62966537475586,-3.58600854873657,-25.9802774139226,4.25024187850452,-23.0729117710583
27.865,-1.18210089206696,-10.8019495010376,-0.883250653743744,-4.83769663062039,-37.1477425748256,6.98704958694397,-4.28778028488159,-9.41355228424072,-3.6414680480957,-23.7909627283126,6.98238926349591,-22.814597431743
27.87,-0.977639019489288,-10.6132698059082,-0.736744225025177,-8.70599988026649,-38.9842711596153,10.3462493188775,-4.80205917358398,-9.23770618438721,-3.63879323005676,-21.226788478032,9.8386185607048,-23.0725890446201
27.875,-0.780520737171173,-10.5101737976074,-0.675877571105957,-12.2440481156169,-39.5106362729078,12.5897880225347,-5.134117603302,-9.08942031860352,-3.67949295043945,-20.3324093571647,10.7206973646506,-23.5480163146298
27.88,-0.568203747272491,-10.4377689361572,-0.616072356700897,-14.8095986490152,-39.1605515119042,14.1182614153785,-5.2572078704834,-8.9802942276001,-3.77124547958374,-20.7667854827154,9.55821453584003,-24.2769648387049
27.885,-0.305723428726196,-10.3724584579468,-0.564806342124939,-16.3256820787046,-38.0163787127112,15.0465857226471,-5.17583513259888,-8.9464750289917,-3.84901070594788,-21.8883213274518,7.08836434422371,-25.1983898011381
27.89,0.0760764628648758,-10.2760620117188,-0.546049654483795,-16.6035854005595,-36.1049331980102,15.4871551222277,-4.87982797622681,-9.063157081604,-3.78727459907532,-22.5895922174626,4.57772938552595,-26.2130946570663
27.895,0.463424891233444,-10.1747674942017,-0.549149096012115,-16.303431029936,-31.8502615149421,15.5491561644185,-4.40523433685303,-9.29912281036377,-3.6390175819397,-21.7861126691644,5.00526080775466,-26.9539823518105
27.9,0.863463401794434,-10.0675563812256,-0.58744490146637,-15.7458109710015,-25.9706946585171,15.107635660996,-3.93182826042175,-9.50355815887451,-3.51505279541016,-20.5516413540492,6.39505830855875,-27.1301312229578
27.905,1.24234700202942,-9.95618343353271,-0.654096066951752,-14.9225119212792,-18.5470867005826,14.1769378629907,-3.48531913757324,-9.65256309509277,-3.43554949760437,-19.1127493072647,8.27375477373682,-26.8141342285545
27.91,1.4970977306366,-9.8457498550415,-0.726928472518921,-13.6689109538461,-9.4130866763556,12.7997634055465,-3.07757067680359,-9.72641849517822,-3.42292952537537,-17.7195034147034,10.0272393572766,-26.2782170957078
27.915,1.73220348358154,-9.71576499938965,-0.811485111713409,-12.6704107217239,0.0263685456004292,11.1309979271506,-2.67957091331482,-9.78921222686768,-3.36824750900269,-15.9100838507295,11.6740056501295,-26.1073872343766
27.92,1.90898668766022,-9.6147632598877,-0.914823353290558,-11.7294061682611,7.71313455420947,9.71477015557954,-2.40313267707825,-9.82104873657227,-3.32813143730164,-14.1641175979186,13.2704658921979,-25.895562577647
27.925,2.0162296295166,-9.55266094207764,-1.03997957706451,-10.6738226301504,14.0989319800273,8.45652039064261,-2.27586698532104,-9.8121280670166,-3.31521940231323,-12.427107430657,15.0689221487803,-25.4703713489826
27.93,2.04025983810425,-9.52720165252686,-1.19406616687775,-8.8982483610612,23.3499391211522,6.37084955681928,-2.31481170654297,-9.73660755157471,-3.33185911178589,-9.96510598017062,18.1903800711787,-24.4335196046707
27.935,1.9735552072525,-9.49587631225586,-1.2944324016571,-6.64005036389794,32.3978992524045,4.24900433360428,-2.4004054069519,-9.57704448699951,-3.40548849105835,-7.9960742868036,21.02197842558,-23.108432169837
27.94,1.85487127304077,-9.45162963867188,-1.36555111408234,-4.02503474675675,40.7884075722663,2.10143170877654,-2.44513416290283,-9.43403339385986,-3.4343798160553,-6.37612587795312,23.2869613619101,-21.8440873148395
27.945,1.69587337970734,-9.39054298400879,-1.41838490962982,-1.14988027601822,48.2616727130141,-0.0673391885428061,-2.42240023612976,-9.34420013427734,-3.37908816337585,-5.06944153406433,24.795523045776,-20.7746760587541
27.95,1.49630284309387,-9.30391693115234,-1.48064970970154,1.4687482977505,54.153369985405,-2.24336688171081,-2.37030172348022,-9.31976509094238,-3.21498680114746,-4.09788255623634,24.9319782725618,-19.9988109652703
27.955,1.33509647846222,-9.20121479034424,-1.48681652545929,3.55365927302866,59.3615224162285,-4.45325046856293,-2.35893368721008,-9.27304267883301,-3.1048572063446,-3.54636078901368,24.4150780939117,-19.116808147179
27.96,1.1642279624939,-9.09917449951172,-1.46750497817993,5.26074275299852,63.9078670825182,-6.70535977896795,-2.38138198852539,-9.19366931915283,-3.02901649475098,-3.18342267920918,24.0565768323034,-18.041637334076
27.965,0.95781272649765,-9.00809669494629,-1.43653905391693,6.62538594774992,67.7174460732279,-9.01155522297619,-2.42738032341003,-9.07945346832275,-2.97602415084839,-2.87607889415401,24.3010976045898,-16.7562350058674
27.97,0.715836584568024,-8.95371055603027,-1.3773455619812,7.1814325018543,69.8964540033803,-11.463570936896,-2.34398913383484,-9.02207183837891,-2.89263272285461,-2.24074344873929,25.2817027410867,-15.9733553081059
27.975,0.504422903060913,-8.93215370178223,-1.34822130203247,6.75946939134644,70.9415139275273,-13.8060252938869,-2.20128321647644,-9.05628108978271,-2.84179353713989,-1.4719012838261,26.2538964996206,-15.5410606827048
27.98,0.32274529337883,-8.93484401702881,-1.34235656261444,5.5298462298815,71.0727218614833,-16.0491652852512,-2.04896473884583,-9.13382530212402,-2.81475377082825,-0.720321088018801,26.9119408299218,-15.1708456466699
27.985,0.171966627240181,-8.95643901824951,-1.35575485229492,3.5786983196391,70.4093192477783,-18.195063873402,-1.9260036945343,-9.21894931793213,-2.80600428581238,-0.107058886340759,26.9932610621799,-14.6368836554731
27.99,-0.0799415782094002,-9.04574203491211,-1.40083968639374,0.926921877332963,68.3327095136626,-19.7728956282829,-1.91386020183563,-9.30974960327148,-2.79654788970947,0.273330430164291,26.3900392452519,-14.1801890330357
27.995,-0.365303695201874,-9.13776016235352,-1.4510486125946,-1.810956783424,65.5123673110134,-21.17456997428,-1.98251044750214,-9.41597175598145,-2.7693088054657,0.831183435902011,25.8376733093365,-13.7972425243879
28.0,-0.671495735645294,-9.23317909240723,-1.50065815448761,-4.56570996013402,62.1226127278278,-22.3880589482649,-2.11193156242371,-9.52359485626221,-2.75562214851379,1.4535803685946,25.521978550804,-13.315195093525
28.005,-0.984259068965912,-9.33312511444092,-1.54243111610413,-7.25165794557943,58.3386401163165,-23.3837775858477,-2.28164076805115,-9.61511039733887,-2.79589939117432,2.00361294113479,25.6946201198125,-12.5092592384466
28.01,-1.30098354816437,-9.42985153198242,-1.61011433601379,-9.72495567517932,54.1790583268734,-23.9227461057061,-2.37758135795593,-9.63220310211182,-2.85309338569641,2.51267120884407,25.9310915141621,-11.1235735115228
28.015,-1.61499261856079,-9.50815391540527,-1.66408014297485,-11.7450951127846,50.1542942263625,-24.2419327984519,-2.46998310089111,-9.57665252685547,-2.93232774734497,2.76784024604658,26.2920892099121,-9.7301995529146
28.02,-1.91181910037994,-9.57203960418701,-1.68745803833008,-13.2399417767971,46.5473942690838,-24.4338918499805,-2.52631282806396,-9.4889965057373,-2.99539709091187,2.81151290248646,26.3446850816157,-8.52818529673532
28.025,-2.16294455528259,-9.62918567657471,-1.64923453330994,-14.0428424665632,43.8848874928699,-24.6356471003262,-2.4737401008606,-9.44247341156006,-2.96766972541809,2.72416246696482,25.2297454920704,-7.85459716343054
28.03,-2.35718131065369,-9.67660903930664,-1.58249127864838,-15.122259096009,39.3142751644591,-24.7443444383251,-2.44987893104553,-9.51359367370605,-2.85166025161743,2.91681627679808,23.2978606362781,-7.94983817499085
28.035,-2.51227951049805,-9.73119163513184,-1.50477659702301,-16.0336658784771,34.3986597357872,-24.8410667471616,-2.51270484924316,-9.54611492156982,-2.81601285934448,3.30792464806064,21.9946178539574,-8.02901202030234
28.04,-2.62854743003845,-9.78539371490479,-1.4185962677002,-16.7102063610506,29.2949272369948,-24.8944924868495,-2.66106343269348,-9.51419162750244,-2.87038850784302,3.74098297398837,21.2537113761929,-7.8815636040474
28.045,-2.69689655303955,-9.81110954284668,-1.32408833503723,-17.0976932379492,23.8739785550322,-24.780088525799,-2.87829208374023,-9.39359474182129,-2.98974871635437,3.79417307214985,20.4077190229533,-7.15977909463807
28.05,-2.70996594429016,-9.74850082397461,-1.24792754650116,-17.2735108449218,17.9641522530368,-24.5027862605911,-3.09948444366455,-9.28049659729004,-2.97704982757568,3.78347272704137,18.8305532115165,-7.09064690806696
28.055,-2.70358419418335,-9.6882381439209,-1.21146607398987,-17.5635223846278,12.1180422244875,-23.9749082603975,-3.28428673744202,-9.1856746673584,-2.90473461151123,3.47340476372442,16.8704221084116,-7.42835493940767
28.06,-2.68543791770935,-9.65051651000977,-1.21156060695648,-18.0595904863094,6.45220436691013,-23.1798725334607,-3.43102955818176,-9.10053634643555,-2.8061215877533,2.8566982323841,14.6085691062688,-8.0182826468899
28.065,-2.65557074546814,-9.638916015625,-1.21219038963318,-18.8645573082994,0.957986644895239,-22.1279704673127,-3.57227492332458,-8.97420597076416,-2.7642560005188,2.13489920882278,12.0759247167443,-8.38467363076325
28.07,-2.59594750404358,-9.68085670471191,-1.20910704135895,-19.5692415853479,-4.46407546462376,-21.1949154002702,-3.72126770019531,-8.79828453063965,-2.7669153213501,1.95035582174209,10.8690217526666,-8.67948764722945
28.075,-2.50482583045959,-9.7448787689209,-1.19331133365631,-20.0505411104966,-9.79850998235119,-20.2807560515665,-3.90525007247925,-8.64848136901855,-2.77309823036194,1.95844148505891,10.3704222121239,-9.14255312861515
28.08,-2.38636016845703,-9.81707572937012,-1.16612613201141,-20.2713901546671,-14.9979206248108,-19.3438368050011,-4.13442802429199,-8.555419921875,-2.75747609138489,1.99656141114699,10.2353116788309,-9.83671635302095
28.085,-2.28645300865173,-9.86719608306885,-1.16606116294861,-20.3296482531928,-19.7476051453337,-18.321041590001,-4.40678119659424,-8.54935455322266,-2.6292872428894,1.66352896445828,9.22607353555972,-10.5631581976706
28.09,-2.08212757110596,-9.94829273223877,-1.13021945953369,-20.2103111880143,-23.9432400883107,-17.3239108108073,-4.62050294876099,-8.52320289611816,-2.58368802070618,0.747032944006516,6.96153840350715,-11.8882823447711
28.095,-1.83491742610931,-10.0488662719727,-1.0791517496109,-19.8554913983686,-27.6482744960369,-16.2706461219199,-4.84189796447754,-8.4661283493042,-2.59330582618713,-0.481662432309213,4.48283970182107,-13.3121752961383
28.1,-1.57638192176819,-10.1616134643555,-1.0193213224411,-19.228413438217,-30.8609188589495,-15.124320105591,-5.09331941604614,-8.37625312805176,-2.64451909065247,-1.86961850344089,2.36062927692889,-14.590742312535
28.105,-1.33290636539459,-10.2448492050171,-0.887058138847351,-18.4525739579426,-33.436733459123,-14.053430967324,-5.13953495025635,-8.35366821289063,-2.69696760177612,-2.92875566091067,1.19004584376271,-15.9807319124095
28.11,-1.09659576416016,-10.3188762664795,-0.757672548294067,-17.6619385803786,-35.0543578961084,-12.9009518043266,-5.12240028381348,-8.42374515533447,-2.6867561340332,-3.5071019288815,0.589490255210234,-17.5858963768015
28.115,-0.870725750923157,-10.3802661895752,-0.615726590156555,-16.9050033561794,-35.7057837731038,-11.8020008338546,-5.05456781387329,-8.53925609588623,-2.67760324478149,-3.99004496829924,0.159808630733859,-19.1539951121151
28.12,-0.658542990684509,-10.4255151748657,-0.448163866996765,-16.2224284014742,-35.3254890854012,-10.8673953138705,-4.94300365447998,-8.66539287567139,-2.72028803825378,-4.67848193285963,-0.406231317219473,-20.4819939150826
28.125,-0.448015451431274,-10.4434194564819,-0.271507352590561,-15.6213922450806,-34.2552223481223,-10.3035094101462,-4.70261192321777,-8.72677993774414,-2.85209345817566,-5.51476090332588,-0.867306225348946,-21.4836770153581
28.13,-0.232469737529755,-10.4347362518311,-0.138804510235786,-14.6699725069072,-31.8610634591145,-9.47449178454131,-4.43998622894287,-8.82672786712646,-2.93146514892578,-5.89835499928437,-0.530521069958989,-22.5511741109286
28.135,-0.0136715201660991,-10.3994836807251,-0.0536069087684155,-13.4446442537697,-28.3929768514325,-8.67316972224718,-4.15876150131226,-8.97512245178223,-2.94119262695313,-5.82184407397554,0.50949571998128,-23.7168346852505
28.14,0.206411004066467,-10.3356380462646,-0.0240310914814472,-12.0204191844542,-24.0824017775552,-8.26958665079582,-3.8620753288269,-9.1881103515625,-2.8542947769165,-5.24051258645059,2.18794715367215,-25.0288542606547
28.145,0.375076293945313,-10.2682065963745,-0.0384217873215675,-10.4751187668164,-18.8286714944001,-8.14629234476698,-3.58887410163879,-9.35326957702637,-2.86348247528076,-5.11317352777263,3.17985006338644,-25.853642291616
28.15,0.480144739151001,-10.1908378601074,-0.0674152374267578,-8.84999051325412,-13.3613133845746,-8.30088257757282,-3.36753463745117,-9.46363639831543,-2.89729285240173,-5.06523926017748,3.82704079620959,-26.3533867426183
28.155,0.544876456260681,-10.1100015640259,-0.118587709963322,-7.14220843299821,-7.79650640453958,-8.77968054593801,-3.18164849281311,-9.53780746459961,-2.92067790031433,-4.94923361976669,4.46955797209316,-26.6489734242344
28.16,0.610379338264465,-10.0382623672485,-0.211719781160355,-5.33337541151926,-2.26733017352698,-9.70483991429999,-3.00086998939514,-9.60794258117676,-2.87365531921387,-4.51799169727137,5.71520987999283,-26.9308877746794
28.165,0.671402752399445,-9.9910831451416,-0.369008004665375,-3.95002902438625,3.71690100763538,-11.1197844640808,-2.93145442008972,-9.69357967376709,-2.76927185058594,-3.42518021308955,8.41325114225058,-27.4180356493049
28.17,0.72910088300705,-9.94735527038574,-0.53524911403656,-2.73338877187304,10.2565279539403,-12.6768806184151,-2.94737792015076,-9.73418712615967,-2.67733120918274,-2.345391338334,10.1391631058846,-27.8462441140351
28.175,0.76297390460968,-9.91305065155029,-0.697629988193512,-1.52572605597186,17.0877450674231,-14.3471470308811,-3.03799152374268,-9.70697593688965,-2.61413502693176,-1.44786403386783,10.7868246948737,-28.2107781402279
28.18,0.710800111293793,-9.91408061981201,-0.838598728179932,0.0368853693955961,23.4331359478848,-16.1829772288282,-3.18857049942017,-9.56149673461914,-2.60433673858643,-0.99619269539988,10.8311338395669,-28.5881392616819
28.185,0.641756415367126,-9.90946769714355,-0.918437004089355,1.83604833711369,27.9424678190622,-17.9556076863851,-3.26067280769348,-9.40593719482422,-2.73572874069214,-0.462832988149663,12.2966439873205,-29.1171579034669
28.19,0.544478118419647,-9.91207218170166,-0.984055042266846,3.49486479120978,31.1665356733617,-19.6770561213966,-3.24643182754517,-9.34179592132568,-2.7999575138092,0.251826326614446,13.8127351009727,-29.8864386945908
28.195,0.413283407688141,-9.91873359680176,-1.04604399204254,4.8787080746049,33.2875074861366,-21.2979334359742,-3.17014861106873,-9.37514591217041,-2.76436114311218,1.02530552296341,14.825902310564,-30.8241929317823
28.2,0.233021378517151,-9.90185451507568,-1.10691905021667,5.73621698055885,34.6046855619115,-22.5757166881637,-3.15309405326843,-9.43282604217529,-2.68487286567688,1.18642104102585,14.1237392270928,-31.5068088676226
28.205,0.0490525811910629,-9.89779376983643,-1.13195371627808,6.06916693136899,35.3565664461248,-23.6769566257813,-3.16044926643372,-9.40934467315674,-2.76106524467468,0.65562516267447,13.051266338712,-32.0472100196594
28.21,-0.148202016949654,-9.89425563812256,-1.15875864028931,6.17757227878085,35.7005928293346,-24.5655403311379,-3.12511897087097,-9.38753509521484,-2.83972787857056,0.179313810053991,12.5507355621815,-32.6048027578371
28.215,-0.357060790061951,-9.89439964294434,-1.20593345165253,6.1320285773952,35.6878135453975,-25.2223740104086,-3.02843546867371,-9.39546585083008,-2.8642156124115,0.075223421310076,12.9433459347312,-33.2608253521439
28.22,-0.534406960010529,-9.95721340179443,-1.31840312480927,5.72840367103518,35.3956692791231,-25.647145182439,-2.91623997688293,-9.42949962615967,-2.80207991600037,0.81903514405035,14.0645044115159,-34.222464760863
28.225,-0.696663022041321,-10.0330238342285,-1.43726861476898,5.46197762830684,35.109077956644,-25.8150824586567,-2.85553026199341,-9.47285747528076,-2.77954387664795,1.40717990535495,15.1337662572131,-34.9825521173641
28.23,-0.81779420375824,-10.1183919906616,-1.54740118980408,5.20218540680989,34.5606445021432,-25.8409142340977,-2.83674716949463,-9.49263763427734,-2.79188370704651,1.77147210016239,16.1294848947959,-35.4524964530176
28.235,-0.885072767734528,-10.2077169418335,-1.63819229602814,4.90218215412177,33.5709910725434,-25.75664848276,-2.85481643676758,-9.47240161895752,-2.83584785461426,1.88793835145534,17.0543010461521,-35.5916000856541
28.24,-0.957850337028503,-10.2232942581177,-1.67114675045013,4.95249033934032,31.7134596560559,-25.1906426590721,-2.86729741096497,-9.45242309570313,-2.86292004585266,2.19667955052602,18.2349265649455,-35.7991387986795
28.245,-1.00422954559326,-10.1831178665161,-1.68448948860168,4.85031839331975,29.5213206872241,-24.5353799233104,-2.85557889938354,-9.47125911712646,-2.83489751815796,2.85440115438886,19.9850515491873,-36.2688235871446
28.25,-1.0422021150589,-10.1113805770874,-1.66243100166321,4.61956856306051,27.1505825168801,-23.8214595229567,-2.851402759552,-9.49682903289795,-2.7588906288147,3.46638311581424,21.4435701445518,-36.8990690475238
28.255,-1.08557319641113,-10.0254039764404,-1.59023654460907,4.27139283992994,24.7144760210846,-23.0696469406351,-2.88049459457397,-9.50401401519775,-2.6376211643219,3.71566047452737,21.907254611831,-37.6188685332056
28.26,-1.10290324687958,-9.92339515686035,-1.51723206043243,3.91061200268611,22.5173185707601,-22.4321614797357,-2.98156380653381,-9.3798713684082,-2.69625735282898,3.42865507182979,21.3268951456023,-38.1077017570088
28.265,-1.12154901027679,-9.84201908111572,-1.46471381187439,3.96568637928486,20.4881223023154,-21.936267547878,-2.9952540397644,-9.26634979248047,-2.75118947029114,3.20256492468838,22.2165990019828,-38.50475431384
28.27,-1.1220725774765,-9.7901496887207,-1.43837869167328,4.27983836883866,18.8345983910524,-21.5732139651878,-2.98372292518616,-9.1860237121582,-2.78738260269165,3.26741607675377,24.5975773334398,-38.6930455537843
28.275,-1.07865810394287,-9.78121280670166,-1.44739854335785,4.67601751522972,17.8466166502519,-21.3422203825526,-3.02312612533569,-9.16980934143066,-2.78450489044189,3.93459407752249,28.6111979803199,-38.5095388613536
28.28,-1.02120733261108,-9.8087043762207,-1.50530540943146,5.43285882432779,17.1683208090617,-21.3485656282915,-3.23129534721375,-9.22171783447266,-2.8178071975708,4.65842422858824,30.4836533601438,-38.2737982972452
28.285,-0.965583980083466,-9.82997798919678,-1.55255436897278,6.21179451473038,16.1286089230349,-21.5217997162105,-3.30797672271729,-9.26277828216553,-2.83535385131836,4.38593511231105,28.9509247594471,-38.5276047117083
28.29,-0.884720683097839,-9.84583759307861,-1.60218572616577,6.92763590578815,14.761471428576,-21.7475101475228,-3.22927904129028,-9.27776718139648,-2.88773345947266,3.31637337862054,25.4753317738674,-39.1340708684921
28.295,-0.723004400730133,-9.86172580718994,-1.68542623519897,7.44796953515665,13.1674922527235,-21.8218448038073,-2.96518635749817,-9.24341011047363,-3.07993149757385,1.85419316153065,22.7561224747113,-39.8139000871509
28.3,-0.542731106281281,-9.9177827835083,-1.75513410568237,7.44240805362497,11.7288819512423,-21.8148797184012,-2.77284789085388,-9.30594921112061,-3.27136206626892,2.52141833329333,24.7271682201098,-40.154583092762
28.305,-0.374500095844269,-9.98758888244629,-1.8027937412262,7.19288502154512,10.4392594199002,-21.7360029863186,-2.64168262481689,-9.42820644378662,-3.32798194885254,3.63197827747684,26.9582324370215,-40.5437433660072
28.31,-0.217349514365196,-10.0639066696167,-1.81977391242981,6.754392426359,9.39394336365935,-21.5717079084758,-2.55120658874512,-9.58177947998047,-3.28520536422729,4.66421196013618,28.5062982274995,-41.0028447763534
28.315,-0.0583618320524693,-10.1358804702759,-1.78127205371857,6.16721088180994,8.89475045043251,-21.2715313397375,-2.4493772983551,-9.70041942596436,-3.2857620716095,4.7065544372352,28.1769516283634,-41.4596990544626
28.32,0.0885302424430847,-10.2016668319702,-1.62032628059387,5.61403941045931,8.81107038781609,-21.0753392784708,-2.34243249893188,-9.73206424713135,-3.4185938835144,4.70890103410192,28.2799047772703,-41.7585710570695
28.325,0.210160240530968,-10.280345916748,-1.44183433055878,5.16378394886196,9.06254429267762,-21.0209965858869,-2.25148701667786,-9.77531051635742,-3.51349234580994,5.22102562986172,29.4874087979949,-42.0415662849506
28.33,0.312946259975433,-10.3766632080078,-1.26668441295624,4.82561658729957,9.70936406085148,-21.1032849974599,-2.18467593193054,-9.86449146270752,-3.54778027534485,6.38012111173075,31.9379987099255,-42.3520905902815
28.335,0.440005987882614,-10.4936752319336,-1.08745634555817,4.57343020833025,11.1127792513133,-21.2599575841889,-2.15884852409363,-10.0612325668335,-3.58584070205688,8.27664479752939,35.6059093319653,-42.7505911472167
28.34,0.565738022327423,-10.5579290390015,-0.899711787700653,4.62310361284281,13.2769238360582,-21.3594153837881,-2.18256115913391,-10.2353982925415,-3.50906109809875,9.63570730084206,37.9079357992589,-43.1193598906948
28.345,0.689242422580719,-10.5754060745239,-0.710138559341431,4.91190322085799,15.9146908133247,-21.5102071776417,-2.21573328971863,-10.3468103408813,-3.45460033416748,10.7983472240035,39.7539071205761,-43.4842900678595
28.35,0.805320262908936,-10.5530462265015,-0.527257204055786,5.39221919876621,18.9987739405847,-21.7266353818719,-2.24453043937683,-10.3721199035645,-3.45871067047119,11.905044482768,41.5153992471441,-43.8557328303977
28.355,0.875410497188568,-10.5415897369385,-0.401297479867935,5.79591283390476,22.9818516890437,-21.811778812518,-2.26613163948059,-10.2507085800171,-3.42863893508911,13.190889919499,43.7769602586999,-44.246242066004
28.36,0.922170996665955,-10.5605020523071,-0.348856061697006,6.04432596024448,27.5866183783992,-22.0662921515602,-2.42240858078003,-10.1629629135132,-3.36556363105774,14.2491918728994,46.2899712694552,-44.6409450377607
28.365,0.935780167579651,-10.6158285140991,-0.337192595005035,6.30269750239407,32.6576752522022,-22.4707964447759,-2.64458465576172,-10.1221590042114,-3.29016804695129,14.8076435073653,47.8052145858767,-45.2177271924116
28.37,0.907739818096161,-10.7144422531128,-0.351564288139343,6.67942683134988,38.0866203781356,-23.0267550601947,-2.89591455459595,-10.1391382217407,-3.21535849571228,14.6986558863266,47.6427619515625,-46.0881016134409
28.375,0.811535000801086,-10.8861980438232,-0.396857261657715,7.5459673818207,42.932192216869,-23.7945776059308,-3.10244989395142,-10.2359704971313,-3.18927502632141,13.9923776138805,46.4292559021047,-47.3875211973737
28.38,0.70003467798233,-11.0941038131714,-0.459070354700089,8.92007849942221,47.1362761038494,-24.5120548272948,-3.3021764755249,-10.3633251190186,-3.1393301486969,13.8476399289524,45.9815438321995,-48.9359865539181
28.385,0.597285151481628,-11.2902307510376,-0.523875415325165,10.6559266807513,50.796666687613,-25.0656792255648,-3.52933788299561,-10.5098781585693,-3.03801608085632,14.0773084548887,45.8404970107442,-50.5679475579714
28.39,0.522961258888245,-11.4357118606567,-0.580026984214783,12.659585725663,53.9579104619267,-25.3550743406982,-3.81286859512329,-10.6677942276001,-2.86029314994812,14.5553602250871,45.659462846793,-52.1567451815647
28.395,0.369407027959824,-11.6741733551025,-0.675984144210815,15.4175332964705,56.3433847654049,-25.2459740215383,-4.05754947662354,-10.782958984375,-2.74490880966187,14.6561072228921,44.8784341302966,-53.6388928163629
28.4,0.223444104194641,-11.8863153457642,-0.739646911621094,18.2633060009469,58.2731249417978,-24.8708497870375,-4.22465944290161,-10.8830499649048,-2.62546420097351,14.484058172794,44.256388312016,-54.7847731628484
28.405,0.0825089439749718,-12.0592975616455,-0.755937814712524,21.0241196898848,59.9272601549915,-24.1771604070053,-4.31839895248413,-10.9531860351563,-2.49773454666138,14.0886081490969,43.8777533602818,-55.9734856256191
28.41,-0.0562325678765774,-12.1739749908447,-0.702269673347473,23.4763573849526,61.5108941555723,-23.0743836768245,-4.33839893341064,-10.9723663330078,-2.35577416419983,13.5146357635158,43.8673304916084,-57.6846290127203
28.415,-0.184083849191666,-12.1450033187866,-0.566386044025421,25.7265427164458,63.2684316026108,-21.7270571460532,-4.30629920959473,-10.9475126266479,-2.10754251480103,12.7386895615355,43.9747693672527,-59.5571322038685
28.42,-0.325016736984253,-12.0924758911133,-0.418659031391144,27.6965929617728,64.8181537139625,-20.5502787313098,-4.29127979278564,-10.8665447235107,-1.96647596359253,11.8120019383468,43.444859385781,-61.4318961876319
28.425,-0.483755648136139,-12.0493221282959,-0.267660021781921,29.4042444146609,66.0087649693224,-19.6172253718146,-4.32968425750732,-10.7572288513184,-1.91004586219788,10.8822441451261,42.6088169106147,-63.4088056504329
28.43,-0.6686030626297,-12.0662851333618,-0.121877454221249,30.8637021610363,66.5559724048672,-19.0484994252897,-4.48871517181396,-10.6704635620117,-1.88200724124908,10.2235014279823,42.1414919525079,-65.7045961550143
28.435,-0.8171666264534,-12.2028160095215,-0.107927985489368,34.1690014551347,66.77772815665,-18.0348344656627,-4.73445892333984,-10.6492347717285,-1.68028676509857,9.67425688851761,41.9100475773874,-68.6004734196946
28.44,-0.882752180099487,-12.3562812805176,-0.191436126828194,38.5090983141521,66.372889184165,-16.4924974963511,-4.98466110229492,-10.6708402633667,-1.38310921192169,8.61265083110628,40.9526360557646,-71.7075059825659
28.445,-0.857415616512299,-12.4938650131226,-0.335885167121887,43.6013253592876,65.2102748742129,-14.4199056210147,-5.21911001205444,-10.7168159484863,-1.03499507904053,6.97789414524839,39.4096075297995,-74.8546522464327
28.45,-0.726760566234589,-12.5559778213501,-0.453084856271744,48.986680217938,62.9488743721026,-11.7946968003109,-5.4074878692627,-10.7439155578613,-0.732381701469421,4.76717706187412,37.9857453142837,-77.6894334689873
28.455,-0.519542872905731,-12.4888401031494,-0.420223325490952,53.8590400585962,59.8249097702788,-8.77673929572667,-5.52260637283325,-10.7339897155762,-0.646493196487427,2.24961308970679,37.1944166725189,-80.3029507133793
28.46,-0.318427562713623,-12.3623733520508,-0.244164437055588,58.0219515652597,56.1648982620141,-5.69218701984801,-5.55582714080811,-10.7471504211426,-0.499231606721878,-0.25451592704355,36.9234220870095,-82.9054098815051
28.465,-0.144780382514,-12.1859016418457,0.062932550907135,61.4603712462817,52.1318935382696,-2.67451232778411,-5.49577379226685,-10.7894535064697,-0.239634037017822,-2.71287067016291,36.9157654449499,-85.5329495042631
28.47,-0.0156426467001438,-11.9330139160156,0.451188415288925,64.3005824692265,48.1602751396906,-0.020445912813802,-5.29799127578735,-10.8290567398071,0.0920282453298569,-5.29481942054136,36.0843128569059,-88.144089842824
28.475,0.0959861651062965,-11.6482515335083,0.778687298297882,67.3918031441692,45.0515930861348,2.36796084467266,-5.11806106567383,-10.7664928436279,0.248787119984627,-7.06770216821077,35.7058110938605,-89.8036345658403
28.48,0.207919552922249,-11.363712310791,1.04150712490082,70.9140292463072,42.6882383502836,4.51419197765873,-4.9482307434082,-10.6234140396118,0.304764449596405,-9.07567618513062,35.9293495250167,-91.4738685349077
28.485,0.321969240903854,-11.0989856719971,1.23019850254059,74.9920688223442,41.0505399873276,6.41878168998032,-4.78396940231323,-10.4229879379272,0.295514047145844,-11.6081190840746,36.7260979218878,-93.4636119231591
28.49,0.403565734624863,-10.9224290847778,1.29612147808075,80.0215264290073,40.1182294109046,8.08196306184287,-4.60782527923584,-10.3111352920532,0.32682666182518,-14.049849386878,37.3048403408305,-95.594426038528
28.495,0.521920680999756,-10.6528072357178,1.33559143543243,85.196521706505,39.8474909574891,9.65138685385547,-4.32249450683594,-10.1681776046753,0.367790579795837,-16.6768425945024,36.9554249383656,-97.7171873608655
28.5,0.645343899726868,-10.3648500442505,1.34154367446899,90.7038671588263,40.1723928110228,11.0419288452791,-3.99458742141724,-10.0491456985474,0.326330363750458,-19.3559569756832,36.5433357200766,-99.6777999923068
28.505,0.753545880317688,-10.0986757278442,1.30861008167267,96.6738623047677,41.0707061208521,12.220718750733,-3.6560640335083,-9.98359966278076,0.143237143754959,-21.9874188345722,36.5764655526458,-101.350725055907
28.51,0.777304947376251,-9.88482475280762,1.24079191684723,103.345174444497,42.172811784947,13.5836778769672,-3.29197549819946,-9.95690631866455,-0.290107846260071,-23.9879607519014,38.0377367142458,-102.102394204256
28.515,0.74149626493454,-9.68353366851807,1.15677952766418,110.154203688461,41.9098529169961,15.0285471930491,-2.92968654632568,-9.9649715423584,-0.674610376358032,-25.9290970989244,39.3108600698741,-102.404206603301
28.52,0.684685707092285,-9.49653244018555,1.08722007274628,116.899206739145,40.5031788725265,16.5855963898329,-2.69227385520935,-9.99697875976563,-0.909970343112946,-27.9628508110929,39.9855973825067,-102.667612848642
28.525,0.636282682418823,-9.32606887817383,1.05739116668701,123.415739962093,38.0589410365241,18.2857892761473,-2.68534183502197,-10.0457830429077,-0.907225728034973,-30.2158860390172,39.6988011543525,-103.217743605152
28.53,0.608132183551788,-9.12366580963135,1.01561808586121,128.228496156959,35.194110396716,19.5188621100299,-3.39774227142334,-9.98314189910889,-0.811080634593964,-32.6788556688184,40.5443546679379,-104.533012643054
28.535,0.639523267745972,-8.87312889099121,0.818145632743835,135.958931580336,30.5338108543138,21.4822375529905,-4.30193853378296,-9.7777099609375,-0.875808298587799,-35.4787926813222,42.6530833666256,-106.17462128931
28.54,0.745602905750275,-8.59135818481445,0.453417330980301,145.023617137318,25.2065689526692,23.8213007210585,-5.19603061676025,-9.46580028533936,-1.1624174118042,-39.0962008846389,44.0230588046847,-108.082026747116
28.545,0.951147198677063,-8.2971830368042,-0.105952076613903,153.53571306969,20.5789791862022,26.119415197505,-5.82557153701782,-9.08484172821045,-1.76462817192078,-44.1976623455323,42.0821922501338,-110.199603955874
28.55,1.26367545127869,-8.10431957244873,-0.675665199756622,159.092181242522,19.7273041155731,28.0086967483493,-5.63470411300659,-8.87675189971924,-2.60717225074768,-49.7425157816808,35.1509265256886,-112.236099988994
28.555,1.52964663505554,-8.04634857177734,-1.35667216777802,162.879889967509,20.8751993678638,30.1269433156453,-4.94610834121704,-8.84072494506836,-3.35457038879395,-54.0105541449546,29.9248448482938,-113.543206950838
28.56,1.76343381404877,-8.12670803070068,-2.02573823928833,164.912007849371,22.8457140660543,32.8498255490276,-4.00566816329956,-8.94078826904297,-3.9678475856781,-58.024772433387,25.0754959149494,-114.443931317444
28.565,2.00504493713379,-8.36293506622314,-2.43748378753662,164.903715999719,23.6824224846646,36.8856648012776,-3.21879625320435,-9.12319278717041,-4.39435243606567,-63.8778142501702,17.4206723932316,-115.575775625185
28.57,2.2804582118988,-8.86879539489746,-2.20953416824341,163.075943717445,23.0723363276208,41.4211426365979,-1.97006833553314,-9.59473705291748,-4.99278116226196,-69.4363724608883,7.62407230252709,-116.779254956941
28.575,2.54469084739685,-9.46575736999512,-1.77385973930359,161.13248169101,21.2058027218072,45.6541421294295,-0.78055727481842,-10.0853090286255,-5.40905904769897,-73.0538728717588,-0.2009097876523,-117.486507385118
28.58,2.7529730796814,-10.0943374633789,-1.22580409049988,159.870822807903,18.48045137504,49.6814026640821,0.254219472408295,-10.541841506958,-5.66030263900757,-74.7258621994429,-5.36265045607558,-117.506014405387
28.585,2.78633546829224,-10.6492900848389,-0.675434529781342,161.053347119286,15.905743265512,54.05733411058,1.03180801868439,-10.9050846099854,-5.91005563735962,-74.8612911903059,-7.1028289773385,-116.424549572964
28.59,2.6143274307251,-10.9568777084351,-0.320828139781952,163.581500659431,11.6307039583389,59.1422596834927,1.67232644557953,-11.2427883148193,-6.20217657089233,-74.3982999872274,-8.41397258098166,-114.274959267567
28.595,2.24689054489136,-11.2404203414917,0.011116468347609,165.174068547446,7.03705895138634,64.3417206985974,2.34625339508057,-11.5543899536133,-6.44899606704712,-73.7221385801529,-9.87000925635653,-111.434727554055
28.6,1.71873676776886,-11.5190658569336,0.316044420003891,164.983437967711,2.77556967230951,69.4229716297367,3.1033730506897,-11.8222064971924,-6.64121961593628,-73.0161087558378,-11.7853351722797,-108.08997708731
28.605,1.18191456794739,-11.6588525772095,0.400531560182571,161.335406611251,0.501397089977202,73.8943344793181,4.00553274154663,-11.9642820358276,-6.82314729690552,-72.7504143971243,-15.053199053311,-104.731743827144
28.61,0.797145187854767,-11.7906351089478,0.306258291006088,154.375785356466,-0.635679516194151,77.0288107422745,4.90386915206909,-11.9676513671875,-6.89424562454224,-72.055299215103,-17.1540593740748,-101.288420070298
28.615,0.564463555812836,-11.9571237564087,0.136506050825119,145.398867730319,-1.11430064669286,78.8283743432761,5.74396324157715,-11.8361692428589,-6.88543891906738,-70.3908572464517,-16.6198771092772,-97.713874719118
28.62,0.488523185253143,-12.1698532104492,-0.0528509169816971,135.162968655219,-1.25567563739348,79.2491754678514,6.47262716293335,-11.5678129196167,-6.81992769241333,-67.5140157189882,-12.6525736827064,-93.9355916551854
28.625,0.568433940410614,-12.3949775695801,-0.0799732506275177,126.679668800388,-2.4778334020956,78.2687906049553,6.82856845855713,-11.1695137023926,-6.81825923919678,-63.2072331076475,-3.56340488575721,-89.5331590747078
28.63,0.698260188102722,-12.5607957839966,-0.0376184433698654,121.868811398111,-4.10645529741835,76.9915315697845,6.94869709014893,-10.6749858856201,-6.87589502334595,-58.1293357993907,8.32332914050642,-84.5050811662571
28.635,0.862669825553894,-12.6587753295898,0.0015232224250212,118.034438820715,-6.40516442720943,75.1636226837274,6.84759092330933,-10.0964612960815,-6.98184394836426,-52.928310670966,19.8768937961328,-79.4076768377307
28.64,1.05516517162323,-12.6781930923462,-0.0002079370169667,113.908260071407,-9.46644752924633,72.6649414098508,6.52183723449707,-9.45142078399658,-7.11882352828979,-47.6382847625616,29.8318723133116,-74.2244580124723
28.645,1.2698575258255,-12.5749197006226,-0.0269156359136105,111.296566487524,-11.7805591625026,70.2950570131531,5.99274969100952,-9.02225875854492,-7.03184413909912,-36.8410602509029,45.485907739983,-63.4431751623364
28.65,1.45110750198364,-12.4009552001953,-0.0096644358709454,109.175840561559,-14.1020806972347,68.025549076498,5.09412240982056,-8.41884231567383,-6.50597333908081,-23.8044062481465,61.506461362801,-50.6641951686606
28.655,1.59823656082153,-12.1681442260742,0.0696551650762558,107.328779825069,-17.1687920921145,65.8651056005096,4.07911920547485,-7.72155284881592,-5.72152233123779,-9.45553800959452,78.6540064439548,-36.7985491535087
28.66,1.70861530303955,-11.8823099136353,0.229256957769394,105.599177851736,-21.6135342794057,63.8273118314471,3.14211249351501,-6.98862075805664,-4.80617427825928,5.54789372410279,97.6028158432136,-22.5048039566534
28.665,1.69881176948547,-11.5733089447021,0.480674505233765,104.00241622757,-27.5171212035943,61.911744297582,2.37782192230225,-6.06326961517334,-4.53889417648315,14.1195258541486,108.154679469318,-9.28944146935815
28.67,1.66432762145996,-11.2713642120361,0.710117638111115,102.269276216247,-32.7904712051402,59.7561502559043,1.9122838973999,-5.35814189910889,-4.28886985778809,18.6132866015657,107.46011070243,2.7394095836264
28.675,1.60578513145447,-10.9769678115845,0.922914385795593,100.301648980528,-36.9290160119397,57.3684663862296,1.75747311115265,-4.92783832550049,-3.97199964523315,21.5138254703545,99.3846004618056,13.7635543238541
28.68,1.52211558818817,-10.6913146972656,1.12447810173035,97.9582247366752,-39.2115047231125,54.7408106502557,1.95233762264252,-4.86209774017334,-3.47747659683228,25.8203246288447,88.2170226027814,23.9341320310525
28.685,1.44698297977448,-10.5139245986938,1.23781657218933,96.1675608721621,-39.608447996917,52.1308382740429,2.21599149703979,-4.90817928314209,-3.31633353233337,32.131398931369,82.421224601432,34.1625127754232
28.69,1.3334835767746,-10.2689838409424,1.36417460441589,94.8045419817727,-39.3146713154309,49.7735863122151,2.45059657096863,-4.88766098022461,-3.34717965126038,36.9108716144096,77.4804979822766,44.3320258268848
28.695,1.20312678813934,-9.97359752655029,1.4822256565094,93.704615148023,-38.5316140327511,47.8020692837639,2.64787793159485,-4.8007173538208,-3.40074729919434,40.1278975436748,73.0042173964928,54.1533324193645
28.7,1.09983015060425,-9.67337322235107,1.54002964496613,92.5968540872954,-37.46366955979,46.4841808683153,2.79852604866028,-4.65946769714355,-3.17359471321106,41.9318017298939,68.7766103380109,63.0538543796457
28.705,1.10920798778534,-9.35452842712402,1.53642678260803,90.6904185163506,-35.6569684111057,45.8023299136621,2.86507058143616,-4.54617261886597,-2.68047833442688,43.9463694406837,67.9494744295224,70.9023359624481
28.71,1.16415500640869,-9.09513378143311,1.50832569599152,88.2831593245146,-33.0053762771855,45.4907537591991,2.81234073638916,-4.51860952377319,-2.23571348190308,45.3984130167151,68.086535835597,77.9736513007298
28.715,1.25315523147583,-8.89332962036133,1.46388709545135,85.4722769338659,-29.5649109545071,45.4466307371608,2.63990306854248,-4.57517862319946,-1.90193021297455,46.0687414422385,68.103570327387,84.0364140759783
28.72,1.3702050447464,-8.72055244445801,1.41194438934326,82.3955567505311,-25.4654143391925,45.4917987781421,2.34840416908264,-4.69786739349365,-1.75711858272552,45.5297746299274,65.72141891094,88.2258198864323
28.725,1.48512697219849,-8.63397026062012,1.31637501716614,79.7409285975248,-21.4016498585208,45.4963647596023,2.11601185798645,-4.82619428634644,-1.63469135761261,43.3376800573251,58.7456101078226,94.2561939046366
28.73,1.59539437294006,-8.59067440032959,1.18994796276093,77.766840002851,-18.16419995609,45.326415992674,1.83841872215271,-5.02376508712769,-1.4573563337326,40.2770552147695,49.5173517655021,100.345812983702
28.735,1.70498025417328,-8.57134914398193,1.0320051908493,76.2385646854932,-15.5259574269026,44.9026300754314,1.51621329784393,-5.28751611709595,-1.22832727432251,36.7153847701746,38.8070858072614,106.123155813914
28.74,1.83495104312897,-8.52877330780029,0.826707363128662,73.8021952274146,-11.6364848596976,43.9887541795783,1.25644850730896,-5.53954839706421,-1.0398942232132,33.5830053752934,27.8689374175525,111.636183983624
28.745,1.98698365688324,-8.52243232727051,0.62422102689743,71.5889475589528,-7.49164261848336,42.8537645697243,1.04205763339996,-5.81561279296875,-0.973124802112579,30.3209821597762,16.6906515294569,116.770963107289
28.75,2.10415744781494,-8.51819610595703,0.469007074832916,69.6095860582398,-3.78369855017081,41.6550971062383,0.905020236968994,-6.12707138061523,-1.00628590583801,26.9606110504,5.16500783338386,121.652089495747
28.755,2.16355681419373,-8.50755023956299,0.382289260625839,67.915152728943,-0.999649731615258,40.4722073797351,0.859572768211365,-6.47766065597534,-1.11261904239655,23.6758637955141,-6.35451857451378,126.312764698553
28.76,2.14710402488708,-8.51569080352783,0.39977303147316,66.825778537461,-1.02251080165411,39.5237058398846,0.912322759628296,-6.85718154907227,-1.11283802986145,21.7969641322083,-14.6584329023044,130.739082450559
28.765,2.06005716323853,-8.51412868499756,0.514933347702026,65.8580431849078,-3.84125228543827,38.581187545747,1.05475580692291,-7.24091672897339,-1.10348033905029,21.1557681710423,-20.064116111472,135.117629859509
28.77,1.949059009552,-8.50474452972412,0.658316612243652,64.8734577556721,-8.42763381309533,37.6491672523638,1.24260365962982,-7.63458061218262,-1.12866353988647,21.0685756836452,-24.5715543127021,139.348481257846
28.775,1.83818161487579,-8.48735237121582,0.793152332305908,63.7933521308938,-14.2453661131905,36.7269858464799,1.4564037322998,-8.0389232635498,-1.21135401725769,21.1880766733637,-29.2404291576073,143.374249396165
28.78,1.741570353508,-8.4485387802124,0.88915753364563,62.5340838139969,-19.6418994301912,35.7492442667926,1.72096800804138,-8.40324211120605,-1.31129145622253,21.2037519575089,-35.0434569141931,147.258523335638
28.785,1.65579009056091,-8.41543674468994,0.927015841007233,61.1278503167288,-23.8352821182895,34.8068728217222,1.95823848247528,-8.6948299407959,-1.42158627510071,21.7087573617194,-39.4706864964524,150.892252275977
28.79,1.5469046831131,-8.36900424957275,0.940313637256622,59.5945206593851,-26.8555371277558,33.8350325254777,2.15211915969849,-8.91925239562988,-1.54766035079956,22.4828380682826,-42.2999694167251,153.94108479693
28.795,1.38648962974548,-8.29327011108398,0.95427942276001,57.9421134840515,-28.6547336060895,32.7803044685606,2.28714227676392,-9.07682609558105,-1.69479525089264,23.3671648582389,-43.2566705986742,156.103140197563
28.8,1.15906310081482,-8.21668910980225,1.00288808345795,55.8831939398861,-28.8731493953682,31.6511375949741,2.33409953117371,-9.10749912261963,-1.73568534851074,25.1871763380683,-43.3475394353921,159.756239554387
28.805,0.940729558467865,-8.1557092666626,1.06477797031403,53.5859212842549,-28.2346650193027,30.5374923262765,2.34744620323181,-9.12828350067139,-1.7644100189209,26.8794035162631,-42.4506024086806,163.488883294286
28.81,0.728662431240082,-8.10419464111328,1.14646852016449,51.1275620321435,-27.1959503408947,29.4728434195899,2.30363821983337,-9.13358974456787,-1.75119459629059,28.4000614651491,-40.6239468623361,167.132147178706
28.815,0.51979261636734,-8.05516147613525,1.25767374038696,48.5928002839763,-26.2999832010453,28.5030282744344,2.16869831085205,-9.11520767211914,-1.65540385246277,29.6809387930327,-37.8690378719357,170.466850437181
28.82,0.346614956855774,-8.01187229156494,1.37739515304565,46.2575244558031,-26.9511085497172,27.6921755369271,1.91796791553497,-9.15311050415039,-1.61867606639862,30.2124128878243,-35.2007117745489,173.04426330162
28.825,0.183451250195503,-7.9761528968811,1.50408565998077,44.1380757752131,-28.5418852206226,27.084148681918,1.66135060787201,-9.22454929351807,-1.62499690055847,29.9424018495553,-35.0077964965364,175.143480961889
28.83,0.0321188867092133,-7.94298124313354,1.62792909145355,42.365689496919,-30.6726720152348,26.6503770281088,1.43747532367706,-9.3071346282959,-1.66962742805481,28.9530182124277,-37.3478329665611,176.786346362952
28.835,-0.0999901816248894,-7.902916431427,1.730189204216,41.2238253016654,-32.7070336142393,26.3504412235388,1.31141090393066,-9.36201190948486,-1.74930679798126,27.3295864071005,-42.3450247595851,177.936809766371
28.84,-0.161646500229836,-7.87056255340576,1.78398263454437,39.0628285803542,-35.9952984165477,25.4836970480533,1.28093075752258,-9.40169334411621,-1.86412477493286,26.10030262066,-47.4940516578584,179.036893694471
28.845,-0.213648095726967,-7.83377599716187,1.82711553573608,36.6558562564634,-39.046067296131,24.3653901752471,1.30880963802338,-9.43149375915527,-1.97596383094788,25.5592867515979,-51.4427172057316,180.340244052271
28.85,-0.255188643932343,-7.79721212387085,1.86342418193817,33.9632829875231,-41.4936929059618,23.0805718282125,1.39197850227356,-9.47896766662598,-2.08216071128845,25.7177795837407,-54.0371133355422,181.932484091206
28.855,-0.26086300611496,-7.77885246276855,1.88970029354095,30.5627332903542,-42.7619702423739,21.74687493993,1.54007232189178,-9.62394046783447,-2.18831515312195,26.5651191917942,-55.1980884000934,183.996799484816
28.86,-0.208676680922508,-7.75747919082642,1.93478846549988,26.7442545631561,-42.2283309776154,20.2777661362573,1.76690948009491,-9.81666469573975,-2.37039256095886,27.80310293169,-56.5531432899106,186.133555864763
28.865,-0.155160799622536,-7.73504829406738,1.98339545726776,22.912851410501,-40.1120105236653,18.6770600778461,2.02980828285217,-9.99320220947266,-2.56842541694641,29.2551243096066,-57.9695845048932,188.050803625164
28.87,-0.107423238456249,-7.71359491348267,2.03705310821533,19.2789807437372,-36.3885909542408,16.9647060397145,2.29644298553467,-10.1359243392944,-2.74600577354431,30.8149926669703,-59.1254642483237,189.639956418594
28.875,-0.0421030819416046,-7.70065546035767,2.11820483207703,16.4197696420688,-30.7248375850207,15.2299899622403,2.4586398601532,-10.2264986038208,-2.79319596290588,32.1637603676565,-58.6511212708446,190.686314078683
28.88,0.0001765968336258,-7.68740034103394,2.20256090164185,14.3320318222479,-24.2721888289277,13.2634248209373,2.48697876930237,-10.2733564376831,-2.79577708244324,34.7373278355931,-56.2129486428252,192.243214718853
28.885,0.0356468334794044,-7.65950965881348,2.27237796783447,12.8402595971355,-17.5443944398572,11.2735209232404,2.4088921546936,-10.2783823013306,-2.80550146102905,37.7524021465739,-52.4531378255028,193.842886003605
28.89,0.0741568580269814,-7.61161661148071,2.33100342750549,11.8573885453815,-10.7765845337606,9.34215430805137,2.22971439361572,-10.2435302734375,-2.8436861038208,40.8866598434769,-47.8286387196352,195.319408977621
28.895,0.151567533612251,-7.54382848739624,2.45764565467834,11.0205247399676,-4.50576565865705,7.55676334957755,1.94329118728638,-10.1897001266479,-2.93676280975342,43.6050956237095,-44.5594062394491,196.621324995696
28.9,0.225379720330238,-7.44739675521851,2.58930897712708,9.97480314124474,1.12532627956055,5.73535680361025,1.59441304206848,-10.1350841522217,-2.9985556602478,45.7814671008423,-42.824965077089,197.877410444439
28.905,0.293487221002579,-7.33606958389282,2.71479105949402,8.5022937571391,6.16265599940719,4.00832170074455,1.21503055095673,-10.0879564285278,-3.02603793144226,47.47856761901,-42.1429399526119,199.095820569721
28.91,0.354314684867859,-7.2171688079834,2.82883739471436,6.46599281129709,10.6064701347449,2.43619037905627,0.820617318153381,-10.0550308227539,-3.01780939102173,48.6840857622335,-42.3677658744266,200.293644504845
28.915,0.405218750238419,-7.10678768157959,2.94946599006653,3.89697211491359,14.6183038333833,0.775491887678726,0.416665822267532,-10.0710897445679,-3.01173210144043,49.0592441476802,-44.4093572286676,201.738967174733
28.92,0.459342539310455,-7.01274967193604,3.02919816970825,1.37002346282666,18.4039481336939,-0.613866933553745,0.0324575342237949,-10.1068258285522,-3.031818151474,48.8427476415583,-48.1957784629964,203.200982826952
28.925,0.513891220092773,-6.94222259521484,3.07620668411255,-0.826759234227988,21.7765350364007,-1.72018559706694,-0.350391358137131,-10.1818351745605,-3.0616569519043,48.285151488286,-53.3076832831307,204.689772820718
28.93,0.566666305065155,-6.90235137939453,3.09499287605286,-2.4438626024849,24.5620398591883,-2.51682246975556,-0.746429681777954,-10.3141212463379,-3.08878445625305,47.5649900025782,-59.4924571426176,206.214981383139
28.935,0.628444194793701,-6.8973240852356,3.09335446357727,-5.32112802856378,29.4107501698453,-3.84799197460178,-1.08319187164307,-10.441577911377,-3.1000862121582,47.115812857096,-66.1741511698851,207.463758529471
28.94,0.672310411930084,-6.91061353683472,3.05700778961182,-8.32612439542425,34.2045730803321,-5.11172766210271,-1.40895652770996,-10.6008796691895,-3.07936549186707,46.8118113824225,-73.2148536003069,208.628005254634
28.945,0.701597630977631,-6.93751955032349,2.98518037796021,-11.4716920318191,38.6573714757494,-6.33365191971257,-1.72481417655945,-10.7987623214722,-3.04032611846924,46.5883617437255,-80.4641090268457,209.639979742442
28.95,0.719371259212494,-6.97318410873413,2.87417197227478,-14.7847777415713,42.3834104227206,-7.54274097121151,-2.0313732624054,-11.0466604232788,-2.99877619743347,46.3704684639184,-87.7489224182037,210.402857231219
28.955,0.687564551830292,-7.03024959564209,2.76953554153442,-18.1383391523451,44.5142621041299,-8.48162816603158,-2.24143314361572,-11.2476024627686,-2.99332904815674,46.1879453187281,-93.1502496742281,210.665915136913
28.96,0.648002445697784,-7.097984790802,2.65756106376648,-21.3761510548019,45.5456753103152,-9.33929928897831,-2.36851572990417,-11.4274339675903,-2.99801301956177,46.2026131499707,-100.786223581384,210.61261234063
28.965,0.606326162815094,-7.16331195831299,2.55538964271545,-24.4894400709529,45.5148267609288,-10.1463484648915,-2.42121720314026,-11.6350431442261,-3.02161312103271,46.7925809848143,-109.239238377435,210.193976386022
28.97,0.568599104881287,-7.20232772827148,2.49797463417053,-27.4649214828625,44.3281667700037,-10.9355170593312,-2.40657258033752,-11.9632663726807,-3.08549857139587,48.7177825005037,-115.47583629725,209.259428922645
28.975,0.493088394403458,-7.2334885597229,2.47872877120972,-30.5722409136789,42.0434684926344,-11.5956036161942,-2.18513345718384,-12.2406330108643,-3.07604050636292,51.6865652043848,-117.289661333238,207.371209466217
28.98,0.424031972885132,-7.23955154418945,2.45829725265503,-33.5830805073743,39.3531457710256,-12.1507110192877,-1.88241922855377,-12.4615211486816,-2.97368788719177,54.5234876912442,-117.358700885369,204.490153712036
28.985,0.37026509642601,-7.22324466705322,2.44448733329773,-36.4722471111951,36.3977946341474,-12.6151860809634,-1.5685703754425,-12.6164636611938,-2.79981231689453,56.8112151575104,-116.512317503799,200.537482258214
28.99,0.342793881893158,-7.19673871994019,2.47492623329163,-39.2383985929694,33.3105491293016,-13.013753232243,-1.40097522735596,-12.6739702224731,-2.61719608306885,57.713220184586,-116.106016870832,195.200946176657
28.995,0.245049148797989,-7.18139696121216,2.53249740600586,-41.7555145474159,30.2073073214197,-13.3874132449405,-1.54158556461334,-12.5807371139526,-2.50494503974915,57.0053871903301,-118.689044150769,188.581577625565
29.0,0.113977201282978,-7.18293237686157,2.60676765441895,-44.4029607565099,27.2275416733533,-13.7673604467691,-1.90755534172058,-12.3806400299072,-2.45588946342468,54.8934380574488,-123.531129177931,181.271581326738
29.005,-0.0570864342153072,-7.20969247817993,2.69259667396545,-47.2150589208309,24.3744521287285,-14.1515824932444,-2.4617908000946,-12.0905704498291,-2.44837403297424,51.3999192403923,-129.934895977681,173.541951865683
29.01,-0.336189031600952,-7.29491662979126,2.77642869949341,-49.9726351001022,21.5235021408612,-14.4994875701291,-3.11403226852417,-11.7454700469971,-2.38850784301758,46.4243176753348,-135.376111538459,166.065148686945
29.015,-0.669900417327881,-7.49015426635742,2.91030383110046,-52.9089744054257,18.8087273420237,-15.0236738530763,-3.67789483070374,-11.4251728057861,-2.30996608734131,40.9442246778018,-138.257344877558,158.922669607701
29.02,-1.03509676456451,-7.76528310775757,3.10288739204407,-55.7685731203296,16.2444779596623,-15.7034330622962,-3.97998952865601,-11.1765394210815,-2.23076796531677,35.4646917557807,-139.602099842107,151.585366212571
29.025,-1.42541110515594,-8.11423301696777,3.35851621627808,-58.3682489863686,13.9869015097135,-16.4856621845392,-3.87987875938416,-11.03782081604,-2.18360257148743,30.2290922097775,-139.632617127319,143.917454340856
29.03,-1.84562587738037,-8.55131912231445,3.67337799072266,-59.9643139312388,13.2080738216771,-16.9635653981231,-2.79632306098938,-11.1682376861572,-2.38059616088867,25.7953893157323,-137.6965863467,136.336695682951
29.035,-2.26346302032471,-9.00141429901123,3.96914887428284,-62.0135960784852,13.0535672586886,-17.6273368420433,-0.905304372310638,-11.3918476104736,-2.66103863716125,22.384083778168,-134.485837361282,130.599213836735
29.04,-2.69826412200928,-9.46121597290039,4.25842189788818,-63.9188022153794,13.9995604115665,-18.1606858237621,1.12574672698975,-11.4689111709595,-2.84409689903259,17.7932199388681,-129.108087918273,123.37033286449
29.045,-3.16437554359436,-9.93705368041992,4.55265331268311,-65.3011163901741,16.2913774535982,-18.3895005760521,2.99479508399963,-11.2499713897705,-2.828697681427,10.8991821604941,-120.880701591264,112.791080179814
29.05,-3.71931505203247,-10.5645055770874,4.94492101669312,-65.1596700026523,18.7206520526764,-18.3150310235314,5.46576070785522,-10.4688272476196,-2.61081576347351,3.57500702927953,-108.159303507386,98.5712683656297
29.055,-4.28068399429321,-11.2810249328613,5.29989242553711,-63.3075139450416,20.5077573886319,-18.2260626869501,6.49055290222168,-9.34372520446777,-1.93829524517059,2.20748490979298,-80.3360634704755,82.8582610856645
29.06,-4.76928663253784,-12.032904624939,5.5707893371582,-59.7382893112247,22.0443740745136,-17.9023339184063,6.10295343399048,-7.96942949295044,-1.30281484127045,5.40391077507798,-39.9225888874133,66.2440923069861
29.065,-5.11763381958008,-12.77956199646,5.71523284912109,-54.3417909989435,23.6269169523745,-17.1541532891758,4.24337482452393,-6.4061074256897,-1.09797835350037,12.3352294334892,11.8529130639278,49.14478885194
29.07,-5.07463884353638,-13.5685214996338,5.58099174499512,-46.4031679945698,26.2086516190112,-15.2633656816196,1.24078214168549,-5.60414695739746,-1.94458401203156,10.4179227627067,46.1316987109131,29.1990894376558
29.075,-4.75613594055176,-14.2728471755981,5.39933586120605,-36.1008350845082,28.937421475458,-12.6855037322423,-1.5102778673172,-5.45086860656738,-2.5250403881073,3.21550791972214,61.4550163779724,8.49017785532514
29.08,-4.22689056396484,-14.8317441940308,5.26013517379761,-22.5577891491397,30.6726002982485,-9.29785199354738,-3.82226157188416,-5.78775215148926,-2.84147930145264,-6.7326916347054,63.0555892476949,-11.4473850961103
29.085,-3.55206513404846,-15.1576442718506,5.27957010269165,-4.42286253005872,29.9046616392964,-4.88394213394325,-5.42576265335083,-6.45333623886108,-2.87627053260803,-16.4474575214167,56.4522784713424,-28.626219273852
29.09,-3.02721810340881,-15.0098962783813,5.51703310012817,19.0985442213384,20.9120926346656,1.12404689975164,-6.09043550491333,-7.10033750534058,-2.98034930229187,-25.4049517971123,47.4497749565638,-41.2551519642937
29.095,-2.26658916473389,-14.4017667770386,5.96775817871094,42.3148523989266,6.58363172069316,7.18504396437795,-6.099196434021,-7.69095945358276,-3.16326546669006,-34.9535340586753,35.0774815015435,-51.4976797379827
29.1,-1.35409462451935,-13.3513946533203,6.53386306762695,63.2301279017454,-11.0613462193158,12.8648704762623,-5.55792093276978,-8.21298980712891,-3.37822318077087,-44.5182816704564,20.198500083392,-59.3253292438166
29.105,-0.473355054855347,-11.8451957702637,7.0425329208374,78.4194850686132,-28.8498379597309,17.4629700472142,-4.57953691482544,-8.64004707336426,-3.5389244556427,-52.8696393459956,4.28648542356155,-64.2022004244216
29.11,0.330837339162827,-10.0458736419678,7.15296983718872,83.3161569676221,-37.0592677194119,20.3445756316238,-3.60212469100952,-9.06015682220459,-3.33030271530151,-55.9432586234472,-2.96638936290721,-65.3715561310844
29.115,1.05752527713776,-8.2451753616333,6.97477006912231,80.6406899074581,-35.128745486359,21.7384755147981,-2.94874739646912,-9.43500900268555,-2.98224711418152,-56.2792492890985,-7.148532334396,-64.32993179209
29.12,1.70372951030731,-6.52971696853638,6.53596782684326,71.4862078534575,-23.6633816248059,21.5428486516852,-2.64190721511841,-9.82529926300049,-2.45001316070557,-53.4370846320511,-7.32352604979996,-60.8616778447734
29.125,2.2538149356842,-5.05312871932983,5.85457277297974,57.4543901659884,-3.76065904143988,19.2337802593573,-2.66109132766724,-10.4229259490967,-1.50309562683105,-44.922622039132,1.62918517248587,-53.5746514721244
29.13,2.54974794387817,-3.98467779159546,4.97204685211182,46.232071755861,12.9552876667213,16.5172774226599,-3.4848005771637,-10.8312454223633,-0.345266819000244,-33.7620895202366,14.3304950296846,-43.3566304171773
29.135,2.65998196601868,-3.37837386131287,3.9708788394928,31.6281403480387,35.2581844013199,12.0418002378773,-4.6763219833374,-11.1799640655518,1.23445785045624,-21.3986975092521,24.9026545629076,-31.0815817804651
29.14,2.59152793884277,-3.28323268890381,2.88322520256042,13.2054638356406,63.3130805492152,5.67876057548706,-6.11853075027466,-11.4452657699585,3.13633799552917,-8.28991670886037,31.4260828618222,-17.2235223979338
29.145,2.30865430831909,-3.87398958206177,1.77666234970093,-4.88478182032434,89.1164902145803,-1.82036344801499,-7.70155572891235,-11.3862867355347,4.68393421173096,4.87260786190244,30.8204704786847,-3.12055334922015
29.15,1.90783107280731,-4.99289798736572,0.66763174533844,-20.903741020858,109.762936301857,-10.0809852620818,-9.32803058624268,-11.0349264144897,3.23777103424072,10.580606769679,37.6444919878769,7.45888417745033
29.155,1.58718144893646,-6.47665166854858,-0.32789671421051,-35.0137011950739,123.364021769697,-18.8185440314083,-10.6805057525635,-10.7155437469482,0.72886860370636,7.94608327849463,45.4482016806699,11.5854548088612
29.16,1.4045147895813,-8.31065654754639,-1.16605699062347,-47.1976112025961,128.247648007391,-27.9806963878468,-11.4614658355713,-10.6255893707275,-1.93150055408478,-3.72533799880763,48.2690902984527,7.10464580765773
29.165,1.25742387771606,-10.7360315322876,-1.84321355819702,-57.349963403768,117.991640855375,-37.8119955470823,-10.2322626113892,-11.4446744918823,-2.49777865409851,-25.4610361879345,15.899567066955,-13.550760634036
29.17,0.980215907096863,-13.4213733673096,-2.39890837669373,-65.358080167852,99.6182202521768,-46.7026239783507,-7.41104221343994,-12.9364194869995,-1.2110550403595,-50.9098634127276,-34.8691743922364,-39.7870232927669
29.175,0.624411523342133,-16.0578231811523,-2.7304801940918,-71.3837686762856,76.2924685384229,-53.8114131495137,-3.60586619377136,-14.6781215667725,0.480534672737122,-74.5180605241345,-83.5248124165768,-63.0873701179029
29.18,0.213598787784576,-18.4354553222656,-2.76352500915527,-75.2295886507314,49.7161171005387,-58.3900167992534,0.767224371433258,-16.3616218566895,1.77664089202881,-92.7620080614263,-117.740849969431,-78.2678070577148
29.185,-0.238489970564842,-19.7586688995361,-2.35819005966187,-73.7866019055395,25.404179985736,-56.7411442468152,3.0121374130249,-16.2057838439941,1.62338507175446,-96.8178358622824,-112.620632809077,-75.8619685452262
29.19,-0.645202100276947,-20.0620880126953,-1.83089649677277,-67.9913298287562,5.25046161075036,-49.9789120439495,3.04926800727844,-14.7137699127197,0.859549403190613,-92.8617015025518,-99.4741305814462,-68.9750888051023
29.195,-1.11646950244904,-19.4706115722656,-1.02017438411713,-59.0625377155004,-11.7845027429746,-39.6723000203728,2.04961371421814,-12.9711322784424,-0.0168860107660294,-80.6376982846016,-75.3767314160209,-57.9658483914173
29.2,-1.74374163150787,-18.0288543701172,0.219845980405807,-47.7784265839519,-26.3370950339006,-26.8530953351275,0.881715893745422,-11.8265361785889,-0.616463482379913,-59.4359578178033,-37.3302383992592,-42.8673327405105
29.205,-2.09816861152649,-15.7384195327759,1.52737617492676,-34.8435167866193,-38.4240931948367,-14.6251510980263,-0.606207013130188,-10.4368457794189,-1.31266891956329,-33.8779022078033,7.85283155953009,-36.7668673210436
29.21,-2.24139642715454,-13.4786901473999,2.71786451339722,-21.5709804933292,-51.3320818015557,-4.57580497972729,-1.57885253429413,-9.25168609619141,-1.71208941936493,-13.5021544465812,45.0938139004892,-35.7636559659413
29.215,-2.14850997924805,-11.3596448898315,3.73905062675476,-9.01825905364655,-64.4289695350552,3.02680644154079,-2.2960524559021,-8.33465003967285,-1.87634098529816,-0.835984418558296,70.6177219797337,-37.6769490468128
29.22,-1.77004337310791,-9.53028964996338,4.5122504234314,1.43069123074713,-76.9351142072402,7.65758377191611,-3.06461215019226,-7.78626298904419,-1.86474823951721,0.352279252759146,78.7803034718975,-39.991174231964
29.225,-1.08610785007477,-7.97345352172852,4.82027244567871,6.07193102354873,-82.6944458286109,8.64600776746533,-4.13863611221313,-7.95882701873779,-1.71590399742126,-7.25775474318732,67.3420930273898,-40.3554999373871
29.23,-0.324299186468124,-6.56024980545044,4.81067562103271,6.86580561832661,-82.1839984711791,8.14781633072554,-5.15011978149414,-8.12026500701904,-1.79199886322021,-14.6746870449818,49.2359172358463,-40.061781312509
29.235,0.446909040212631,-5.33658599853516,4.50126361846924,4.29861498575384,-74.2574956374876,5.97908612772663,-6.09293031692505,-8.14291858673096,-2.11086463928223,-21.648428008328,27.8789316918555,-39.2992043520555
29.24,1.12272393703461,-4.42296504974365,3.87868022918701,-1.26837925564118,-55.9121846778183,1.3885609163992,-6.98695421218872,-7.84736204147339,-2.69371676445007,-28.6049449421347,8.0422096533261,-38.2408904458241
29.245,1.6200178861618,-4.06409215927124,2.8326723575592,-7.620493283402,-29.5238683477845,-5.15286589147369,-7.91765213012695,-7.46542167663574,-2.62381362915039,-34.3862253764032,-10.909374510283,-36.2001870161752
29.25,1.96213114261627,-4.02032852172852,1.57476592063904,-13.2592703583746,-2.28433264880526,-12.0312245437211,-8.50146961212158,-6.97921133041382,-2.31571364402771,-38.1560594963325,-27.1744881789752,-34.3535087702788
29.255,2.13463425636292,-4.30298280715942,0.177143260836601,-17.9235279954009,23.7771264726015,-18.6147499695953,-8.59510040283203,-6.4464259147644,-2.02138447761536,-40.0156570450439,-38.1083369646016,-33.0202148631573
29.26,2.07164454460144,-5.06177186965942,-1.23983240127563,-21.3097513707856,45.2651970071432,-23.6256789805875,-7.87657165527344,-6.03717565536499,-2.32432556152344,-40.3898762794798,-36.1873360152518,-32.7482196549345
29.265,1.87745499610901,-6.21815061569214,-2.44315099716187,-24.0348329250806,59.958337515715,-26.7965789348403,-6.78918743133545,-5.96189403533936,-2.67902970314026,-38.0234547886913,-24.9545213119174,-32.9809241999568
29.27,1.64357805252075,-7.51016426086426,-3.37874794006348,-26.9442664077161,68.2514370927286,-28.3911429456404,-5.6687536239624,-6.09386587142944,-2.8531436920166,-34.5542651054584,-13.4967662810997,-33.1858264599626
29.275,1.3940691947937,-8.83245849609375,-4.00001573562622,-30.3143944423217,69.6746914214084,-28.4136381736718,-4.63524913787842,-6.37079429626465,-2.83616495132446,-30.007992156155,-2.76744409507472,-33.2118528957949
29.28,1.14967608451843,-9.95534038543701,-4.14351797103882,-34.5893517872248,61.6408180139643,-26.6202832146258,-3.9127721786499,-6.62867307662964,-2.81143641471863,-22.8666195675564,11.8712538293966,-32.8865139101543
29.285,0.856636524200439,-10.6981401443481,-3.9931628704071,-38.4440783283482,48.3024113763186,-23.3129485241547,-2.98399138450623,-7.00644063949585,-2.80426478385925,-18.9103673870627,21.8669804013901,-31.7762256794337
29.29,0.562943637371063,-11.1273164749146,-3.71581673622131,-41.0245477024411,34.2982525398934,-19.0444115570715,-2.41028809547424,-7.4600567817688,-2.6804986000061,-17.6231721341969,27.5306244875834,-30.3885122401001
29.295,0.248622611165047,-11.2819528579712,-3.33094120025635,-41.9216008423685,21.535596698334,-14.0152331343907,-2.41760444641113,-7.96942377090454,-2.38592791557312,-18.7792636134916,28.5289966536588,-29.0151456131182
29.3,-0.377941340208054,-11.3703508377075,-2.56709671020508,-40.5291745725076,12.6822141423833,-8.55006922283604,-3.18091106414795,-8.47591781616211,-1.88494110107422,-21.324412371839,22.4246482716487,-28.6640055878878
29.305,-0.979618906974792,-11.3843994140625,-1.71621799468994,-37.8809155709023,6.9604852737145,-3.17984451385774,-3.9232919216156,-8.90086555480957,-1.53745591640472,-23.5933158367527,17.0805733687946,-28.4669580454275
29.31,-1.49741613864899,-11.3353185653687,-0.857141017913818,-34.3176263714742,3.49259033821616,1.82544062644584,-4.42956876754761,-9.22309112548828,-1.3571138381958,-24.7236216443833,15.6008948473814,-28.2390875667903
29.315,-1.88516104221344,-11.2197551727295,-0.0359843261539936,-29.9635378699419,1.94367205475241,6.25631027264593,-4.56319332122803,-9.429443359375,-1.3534083366394,-24.1656600759903,19.7291328987234,-27.9104615526116
29.32,-1.95608353614807,-10.9338626861572,0.65786224603653,-24.7321815789606,2.37170976475335,9.27216194453167,-4.14659452438354,-9.58709621429443,-1.40048801898956,-21.3563691194182,27.4950409095549,-28.0098852012649
29.325,-1.84880459308624,-10.4961442947388,1.18772685527802,-19.8920926745834,3.70945951653465,10.8463455246221,-3.55918335914612,-9.67020225524902,-1.36184144020081,-19.4458576330862,29.9462438309635,-28.7186846672883
29.33,-1.63179516792297,-9.98812007904053,1.55808424949646,-16.0167970187745,5.43116920628186,11.1335882763934,-3.003014087677,-9.65770626068115,-1.23671507835388,-19.0412713776005,28.0253316740728,-29.497333062859
29.335,-1.35283398628235,-9.47036838531494,1.76273036003113,-13.6218424127283,7.14189125608863,10.1782480096364,-2.64081692695618,-9.52699661254883,-1.01921439170837,-20.7180503754401,22.2148504735553,-29.9206852630893
29.34,-1.0989648103714,-9.05715560913086,1.68416035175323,-10.5358493938216,10.6242448482862,6.71393806967866,-3.11407613754272,-9.19934844970703,-1.16118597984314,-21.9476876241702,20.3608451422268,-28.2867844853118
29.345,-0.924634575843811,-8.78469181060791,1.37441504001617,-7.94308567922264,14.2173964885393,2.06068429429213,-3.92761278152466,-8.82859039306641,-1.49744617938995,-22.2239363326987,21.3501143736858,-26.6389501216274
29.35,-0.848145186901093,-8.65749931335449,0.830266892910004,-5.57761016963422,17.2039197550158,-3.49873259927071,-4.83803415298462,-8.46028804779053,-1.91787040233612,-21.8055752932043,23.4967813581183,-25.1506006750629
29.355,-0.900017619132996,-8.69243431091309,0.0296300128102303,-3.12277593546476,18.6357698767661,-9.67872980865032,-5.54699087142944,-8.15187644958496,-2.29057097434998,-20.9643094308703,24.7717249591604,-24.051881077249
29.36,-1.10950005054474,-8.92035865783691,-0.966675162315369,-0.822427346829467,15.2705647010047,-15.5904514881404,-5.6873197555542,-8.09728240966797,-2.43623352050781,-22.8969968338901,17.4082021753545,-25.1425786178827
29.365,-1.34021079540253,-9.22697162628174,-1.98016321659088,0.628366571388036,9.58634723125767,-20.5342363244967,-5.70754051208496,-8.11334705352783,-2.64794921875,-26.2230889313693,8.83503666784002,-26.3620952338101
29.37,-1.57533037662506,-9.5923957824707,-2.9346604347229,1.15715464092769,2.55524826025241,-24.2270173728519,-5.62893915176392,-8.19472408294678,-2.91111135482788,-29.9790731352091,0.642746894355263,-27.4376553676958
29.375,-1.79781019687653,-9.99718284606934,-3.69841623306274,0.602772678629235,-4.38342715222519,-26.0744230338948,-5.43423509597778,-8.35743522644043,-3.17260694503784,-32.5299199788717,-4.89695279053848,-28.0541738553905
29.38,-1.97209358215332,-10.3681449890137,-4.0020318031311,-0.302281921189109,-10.4837444419645,-25.8294173181773,-4.90147304534912,-8.56459140777588,-3.36915326118469,-33.4964327275635,-8.67967718497891,-28.710293779893
29.385,-2.09498167037964,-10.6556625366211,-3.99450993537903,-1.01772508020176,-16.4691399569369,-24.1999049369415,-4.18619346618652,-8.88490104675293,-3.47098159790039,-33.7596682181758,-11.1281676675133,-29.6608614519674
29.39,-2.17037510871887,-10.8424558639526,-3.75568819046021,-1.60914902599905,-22.3773662871193,-21.3538641475401,-3.38259482383728,-9.31497192382813,-3.50892972946167,-33.376067718915,-12.3441701511128,-30.7604740970153
29.395,-2.20646500587463,-10.887149810791,-3.44260931015015,-2.45256042150608,-28.0481598738263,-17.4119536567561,-2.70012259483337,-9.82992839813232,-3.57772541046143,-32.1306202898036,-12.3578996851182,-31.5070103582031
29.4,-2.24451446533203,-10.896125793457,-2.91876220703125,-4.06857549516828,-33.0672168099308,-13.1389155950098,-2.35848450660706,-10.1035423278809,-3.77541136741638,-30.4658368116939,-10.5280348036374,-30.974091678402
29.405,-2.2606680393219,-10.8502464294434,-2.42905116081238,-6.19411926581885,-37.2633298661498,-9.07050829324986,-2.26857900619507,-10.198712348938,-4.00016403198242,-28.3425137062972,-7.28232207985821,-29.9527837370938
29.41,-2.22200417518616,-10.7480230331421,-2.03672623634338,-8.8180149826547,-40.5326750444572,-5.35424249320729,-2.40122437477112,-10.1417846679688,-4.19555759429932,-25.8356566959841,-3.20999126130689,-28.7334003098551
29.415,-1.9987450838089,-10.6016311645508,-1.79204666614532,-12.1511729108303,-42.5619583978139,-2.14274176009384,-2.70933699607849,-9.9928150177002,-4.2000937461853,-23.3344806955131,-0.633035646015975,-27.8796813051169
29.42,-1.70430588722229,-10.4386911392212,-1.70826840400696,-15.8603856867812,-43.6887244599071,0.126586857415182,-3.12530446052551,-9.827467918396,-4.1637396812439,-21.4573927398846,0.803878527395269,-27.4405940565862
29.425,-1.41753578186035,-10.3182592391968,-1.69664752483368,-19.231746570532,-44.4607885531178,1.79705457369868,-3.55639410018921,-9.62907886505127,-4.17335891723633,-20.0957740382751,1.68075854352646,-27.2454487218097
29.43,-1.16262757778168,-10.2639665603638,-1.72043561935425,-21.903045507755,-45.0618691057411,2.95253069563784,-3.95425319671631,-9.41090202331543,-4.24670696258545,-19.0642600867995,2.26669603315123,-27.2137344459461
29.435,-0.91436767578125,-10.291820526123,-1.7116551399231,-23.0243132675664,-45.5438584799959,3.46957879057216,-4.18329048156738,-9.33304309844971,-4.27545404434204,-17.0497675080905,3.25941237570698,-27.1098216554608
29.44,-0.581561267375946,-10.2731876373291,-1.72620034217834,-24.0820910039479,-46.3996709377148,4.39571935829709,-4.40371561050415,-9.28509616851807,-4.22134828567505,-15.4187917588251,3.33090844806115,-27.1177173541413
29.445,-0.2305006980896,-10.2234811782837,-1.79240489006042,-25.0197888920788,-46.7612782278482,5.49032803600427,-4.53175067901611,-9.28852367401123,-4.09593629837036,-14.3750193253366,2.34093250546645,-27.1376188178355
29.45,0.10411623865366,-10.1516418457031,-1.92468500137329,-25.8003634009953,-46.134365899784,6.62247970225808,-4.51218891143799,-9.35380268096924,-3.91195297241211,-14.0487087452866,0.204258688099296,-27.1023460134142
29.455,0.409249842166901,-10.1032247543335,-2.06170296669006,-26.4147013507975,-44.3618976592198,7.55298027855101,-4.23958826065063,-9.41427230834961,-3.86023306846619,-14.2622469257242,-2.21931629153932,-26.7388211476713
29.46,0.684764683246613,-10.061074256897,-2.13361358642578,-26.7650610269152,-41.6243134436491,8.20293083468567,-3.77850484848022,-9.50613021850586,-3.83514285087585,-13.9708266595019,-3.29844477237949,-26.2574225847797
29.465,0.957056045532227,-10.0241298675537,-2.14288640022278,-26.8331597204875,-37.984631993449,8.53266590083085,-3.21889519691467,-9.6528263092041,-3.73547315597534,-13.0716467694217,-3.2253939782155,-25.8140664680177
29.47,1.24693524837494,-9.99186420440674,-2.08765172958374,-26.5871619197931,-33.4377818931606,8.49100943085659,-2.62632632255554,-9.87638282775879,-3.47610402107239,-11.4456741337232,-2.08265189021018,-25.535177891375
29.475,1.49380838871002,-9.92633152008057,-1.98623907566071,-25.7167277346085,-27.934491865659,7.92095672008545,-2.28258156776428,-10.0136137008667,-3.25615811347961,-9.78021446688567,-0.725934543021199,-25.1085181720391
29.48,1.71659708023071,-9.85724353790283,-1.80944228172302,-24.4390059541215,-21.7648588280146,6.9156770983251,-2.04985976219177,-10.0269079208374,-3.1227912902832,-7.97310948326673,1.8632354782181,-24.3272794272258
29.485,1.90189337730408,-9.77068901062012,-1.57010543346405,-22.7383059262613,-14.9527167253363,5.50053404617157,-1.91348886489868,-9.94260883331299,-3.05367016792297,-6.05208718957573,5.33065101981407,-23.3286630818876
29.49,2.02996730804443,-9.64785003662109,-1.27955555915833,-20.5623749963299,-7.47859098075311,3.6758682193097,-1.86244666576385,-9.78630352020264,-3.02567648887634,-4.04322567495061,9.29884066342974,-22.2683189019254
29.495,2.0736997127533,-9.58452796936035,-1.12714076042175,-18.3510978374437,-0.193379957659611,1.54548269831124,-1.99025166034698,-9.55936717987061,-2.93159484863281,-2.23810742260649,12.2172268165199,-21.2992482473894
29.5,2.09107065200806,-9.49410629272461,-0.974943161010742,-16.1426637447995,6.81230005080284,-0.677590944323525,-2.21702146530151,-9.35076141357422,-2.88291692733765,-0.833863484738448,13.7792697353606,-20.318639695798
29.505,2.08390283584595,-9.3848123550415,-0.846376180648804,-13.9368362230973,13.5679453899877,-2.98021409267414,-2.51648831367493,-9.14861106872559,-2.89173603057861,0.112603259048984,14.3479376252775,-19.3613630704113
29.51,2.04696202278137,-9.2793664932251,-0.802807450294495,-11.7294249512813,20.1126633885452,-5.36828963100907,-2.85494208335876,-8.92173671722412,-2.97528100013733,0.466041256068865,14.5386621201137,-18.5067595561756
29.515,1.91552376747131,-9.21764850616455,-0.834833443164825,-9.40393763796237,26.0631754198791,-7.95964461909169,-2.98140501976013,-8.82831764221191,-3.00688791275024,0.80723481832039,15.049433911531,-17.3825001735077
29.52,1.73519253730774,-9.18577480316162,-0.888820350170135,-7.30864392137214,31.2769251907275,-10.6543890344144,-3.01173424720764,-8.80082035064697,-2.97869110107422,1.17386640627942,15.720320705019,-16.5673819828638
29.525,1.52197289466858,-9.17160892486572,-0.956684947013855,-5.60125372321987,35.6585666753715,-13.3259193442956,-2.97122979164124,-8.83648490905762,-2.89197492599487,1.48858113938781,16.257535573808,-16.1144465257909
29.53,1.30284988880157,-9.14650058746338,-1.03567707538605,-4.6491752986784,38.9069397578324,-15.6401479445414,-2.88492298126221,-8.95758247375488,-2.74801683425903,1.50792402167387,15.8524353465873,-16.0004472534488
29.535,1.09746527671814,-9.15402889251709,-1.1438570022583,-4.05237471334384,40.4941288718763,-17.0226311665181,-2.83402681350708,-8.94669818878174,-2.69120287895203,1.24879176720546,15.1097888781318,-15.7913922384276
29.54,0.885805130004883,-9.18133449554443,-1.24592876434326,-3.59211003640466,41.6286608590558,-18.4984301404827,-2.74222850799561,-8.86525917053223,-2.67355370521545,0.986756362174684,14.9140834678434,-15.601050234185
29.545,0.664947509765625,-9.22233772277832,-1.332763671875,-3.30053224894457,42.4220522179499,-20.1338933240329,-2.60804152488708,-8.75240802764893,-2.67305254936218,0.819567098392818,15.3612354622367,-15.503619293222
29.55,0.441269874572754,-9.26152229309082,-1.39705836772919,-3.5464258892542,42.186192125531,-21.2135908450083,-2.5008430480957,-8.72937870025635,-2.63493824005127,0.927816205227411,16.0143757167137,-15.7315956397914
29.555,0.148670092225075,-9.32367897033691,-1.44716691970825,-4.27297872447785,41.7604664345641,-21.8533968626782,-2.56592679023743,-8.80062294006348,-2.56795048713684,1.1863499643698,15.8100454850509,-16.0438992094011
29.56,-0.170197531580925,-9.41612815856934,-1.48323976993561,-5.28389111786934,41.3092299870472,-22.1438387043019,-2.78760457038879,-8.87022686004639,-2.49179339408875,1.19790899232298,15.2016549224685,-16.1043497986503
29.565,-0.506844997406006,-9.53945732116699,-1.50115561485291,-6.48387510031783,40.8329233301818,-22.1193234478235,-3.14815258979797,-8.90226268768311,-2.42333030700684,0.817379570228563,14.3738940516709,-15.8253980427578
29.57,-0.90410041809082,-9.67069339752197,-1.47103774547577,-7.57936273799383,39.8894897906955,-21.8934917806535,-3.50977969169617,-8.87348937988281,-2.44557595252991,0.0380585477670383,13.6584377125276,-15.4941389906541
29.575,-1.28927958011627,-9.79774951934814,-1.40304028987885,-8.34792635925493,38.0153473541465,-21.6617485847568,-3.70364260673523,-8.91316223144531,-2.36081790924072,-0.432079607844431,12.3869664089048,-15.8446677139537
29.58,-1.63478624820709,-9.91113948822021,-1.3324408531189,-8.87560030754708,35.4328903950051,-21.3942032447782,-3.79589080810547,-8.98281955718994,-2.26276993751526,-0.727745663729163,11.1518018295889,-16.6106256180464
29.585,-1.92247903347015,-10.0047235488892,-1.27433001995087,-9.19203443405731,32.2313245989263,-21.0647200418587,-3.81647682189941,-9.05717277526855,-2.20702505111694,-0.923282347000698,10.2864655268461,-17.6290068232953
29.59,-2.12764978408813,-10.0717811584473,-1.16780483722687,-9.25447175458133,28.611653895447,-20.522725748198,-3.77774596214294,-9.01646614074707,-2.31726384162903,-1.25157731044806,10.1309532185023,-18.0806684500881
29.595,-2.25745749473572,-10.1146774291992,-1.08962070941925,-8.89781976669078,24.3951715075757,-19.9531272450066,-3.71213507652283,-8.98494148254395,-2.39672684669495,-1.89711086862384,9.59348221761939,-18.5323437372591
29.6,-2.36787843704224,-10.144344329834,-1.01406157016754,-8.30735503558505,19.6062970691426,-19.2871513575318,-3.63342308998108,-8.96712398529053,-2.44764447212219,-2.60984324294879,8.8476605649735,-19.0060856580912
29.605,-2.50227808952332,-10.1686725616455,-0.920819640159607,-7.61622612271804,14.2294287205359,-18.4641596663222,-3.55177402496338,-8.96745777130127,-2.4700448513031,-3.19487754677753,8.01891102429354,-19.5207984686596
29.61,-2.5261549949646,-10.134726524353,-0.91529643535614,-7.16879750566343,8.76274082302273,-17.3643984646599,-3.59343218803406,-9.01592445373535,-2.52394032478333,-3.51680570670139,6.97372004589187,-20.3101531857542
29.615,-2.51362538337708,-10.088077545166,-0.933200240135193,-6.99683212538272,3.76956261990982,-16.2469077994595,-3.65935111045837,-9.09027862548828,-2.52171087265015,-3.74316393876772,5.76888662913267,-20.9550903830381
29.62,-2.45248985290527,-10.0446214675903,-0.956691265106201,-6.9396335599521,-0.81081261014586,-15.189340091395,-3.73880052566528,-9.14690113067627,-2.52674794197083,-3.96926582529677,5.01830476152209,-21.3822077250484
29.625,-2.32368206977844,-10.0245771408081,-0.963785231113434,-6.80413199832915,-5.02290532081492,-14.2938749704496,-3.819340467453,-9.12961864471436,-2.61925649642944,-4.31484394210862,5.52821893731174,-21.4825346662194
29.63,-2.13203310966492,-10.0159749984741,-0.969115614891052,-6.68360391891417,-8.50641748385049,-13.5087045979953,-3.73575925827026,-9.10665798187256,-2.65765190124512,-4.5671144177821,5.17155030083509,-21.9730310410855
29.635,-1.90163671970367,-10.0225734710693,-0.966854929924011,-6.62279004897849,-10.9275470823435,-12.9199627821077,-3.66135883331299,-9.10465335845947,-2.6281201839447,-4.72844946239332,5.02828409478631,-22.871334105631
29.64,-1.64081120491028,-10.0336675643921,-0.951800644397736,-6.62331725420505,-12.8189272088103,-12.3969922728327,-3.63335704803467,-9.10883903503418,-2.56529664993286,-4.82075050440276,5.02526301673905,-23.9414198428969
29.645,-1.35957777500153,-10.0290489196777,-0.9133620262146,-6.69001490522387,-15.1691278540936,-11.6900933069458,-3.70891356468201,-9.08908367156982,-2.53275609016418,-4.87799858870487,4.92495101660683,-24.7523050238027
29.65,-1.14782691001892,-10.032187461853,-0.820283949375153,-6.62058603231069,-16.9133993662166,-11.0999325192581,-3.74664831161499,-9.0539608001709,-2.5098283290863,-5.42115145320356,4.56136083718001,-25.3972917399581
29.655,-0.939986526966095,-10.0240535736084,-0.73181939125061,-6.45948107969713,-18.444468230945,-10.6793030031857,-3.69888210296631,-9.05115413665771,-2.51217436790466,-6.10986632108581,4.09514919990786,-26.1047234606003
29.66,-0.729795396327972,-10.000075340271,-0.656327486038208,-6.28364127460974,-19.7343511632492,-10.4138690454343,-3.58519959449768,-9.09205722808838,-2.5185854434967,-6.77298377439296,3.56334341405468,-26.853646872903
29.665,-0.522669196128845,-9.95243740081787,-0.597758948802948,-6.29939467904355,-20.5369018058203,-10.2568293360374,-3.47391939163208,-9.19644641876221,-2.46203660964966,-7.03401823654521,3.00927441315843,-27.5038347781113
29.67,-0.29563495516777,-9.93403625488281,-0.584242403507233,-6.35176259318368,-20.2881309483228,-10.2283542773876,-3.4593300819397,-9.26528930664063,-2.48555874824524,-7.14680984606469,2.13688615354102,-28.347328989662
29.675,-0.065084233880043,-9.93921184539795,-0.567044079303741,-6.29663144063746,-19.5505132066438,-10.3079182972554,-3.45529127120972,-9.29620170593262,-2.54362893104553,-7.44248403947948,1.54811018670758,-29.0571376161354
29.68,0.165654316544533,-9.96109104156494,-0.540595531463623,-6.07396599303457,-18.4642074776464,-10.472279115669,-3.42559242248535,-9.3028564453125,-2.61658120155334,-7.92444438543038,1.42398611941629,-29.6097750520703
29.685,0.397438377141953,-9.97325897216797,-0.52764481306076,-5.54772211559989,-17.1208100131951,-10.6334835329123,-3.28739166259766,-9.35143947601318,-2.65816235542297,-8.27744307588863,2.00743507230565,-30.2226376810118
29.69,0.617586970329285,-9.96434211730957,-0.525316298007965,-5.11263479660185,-15.3215486480643,-11.0505963553358,-3.13112783432007,-9.39900588989258,-2.62579154968262,-7.95223642516317,3.03246653392861,-31.0221249837401
29.695,0.799404978752136,-9.94959831237793,-0.539787590503693,-4.74881623272466,-12.9640175022543,-11.5122906762457,-3.0266649723053,-9.41753005981445,-2.60427713394165,-7.56525839735775,4.42742040066924,-31.6359267636925
29.7,0.944135248661041,-9.93389797210693,-0.570345759391785,-4.4045947622367,-10.0334027492289,-11.9683466759956,-2.98717403411865,-9.40031623840332,-2.62019920349121,-7.31983006368533,6.08931385498641,-31.957143730169
29.705,1.14471530914307,-9.9157075881958,-0.590097904205322,-3.70347627082172,-6.83237312299986,-12.5870055742215,-2.91294860839844,-9.37812328338623,-2.65026664733887,-7.16278267032558,7.29886735934892,-32.2007936533363
29.71,1.25567889213562,-9.90803623199463,-0.631936311721802,-2.88303031918179,-3.40296331526679,-13.3411532274657,-2.781662940979,-9.38067722320557,-2.67049908638,-7.0837420137029,8.15911602493368,-32.7095300483809
29.715,1.31197488307953,-9.90319442749023,-0.690704047679901,-1.93958888228921,0.342125722990673,-14.2158904318273,-2.68601131439209,-9.398756980896,-2.67331790924072,-6.99374274544376,8.57804738522371,-33.3638246048277
29.72,1.32801580429077,-9.89766025543213,-0.765679180622101,-0.871900594782837,4.45349977046764,-15.2119070364127,-2.6776340007782,-9.42783546447754,-2.65305733680725,-6.83524991330091,8.55363970422467,-34.0724089198924
29.725,1.28588032722473,-9.89827919006348,-0.875926911830902,0.184721785752121,8.69704891735919,-16.3626094964522,-2.76982355117798,-9.45852088928223,-2.59714579582214,-6.42875547371583,9.36493981912254,-34.182231531557
29.73,1.18590605258942,-9.90397548675537,-0.960595786571503,1.37308210691436,12.5085386534891,-17.368894436681,-2.79063010215759,-9.48034763336182,-2.639075756073,-6.07735248620243,10.5098784532763,-34.1783075878788
29.735,1.06012010574341,-9.91751098632813,-1.02777493000031,2.46268895171498,15.5675515714007,-18.1924462034026,-2.72344017028809,-9.49337387084961,-2.695796251297,-5.87183166718992,11.5009184112776,-34.3962862450506
29.74,0.932432770729065,-9.94155979156494,-1.0828320980072,3.26404388429449,17.5729941494594,-18.7915818596597,-2.54964351654053,-9.49710941314697,-2.70211052894592,-5.89338774421048,11.9405998862661,-35.1168848628653
29.745,0.797945618629456,-9.94572448730469,-1.14296877384186,4.42263670692929,20.6402220773951,-19.8283635945326,-2.40983366966248,-9.57713031768799,-2.69348478317261,-5.73222900385721,11.871825003966,-35.6924136778035
29.75,0.640108048915863,-9.95259666442871,-1.19409215450287,5.50204778684637,23.3602527067989,-20.7094511672751,-2.38597893714905,-9.62567806243896,-2.71203398704529,-5.37845850202275,11.7661227039181,-36.4643377521362
29.755,0.461643099784851,-9.96101570129395,-1.24378108978271,6.46461183242428,25.7324969338548,-21.4772480998018,-2.43952655792236,-9.64525127410889,-2.76588654518127,-4.98163945228382,11.7401082209169,-37.2318665997381
29.76,0.26438507437706,-9.96964263916016,-1.3014475107193,7.25401606839038,27.7294581245116,-22.1763179613526,-2.52799201011658,-9.63676166534424,-2.86797022819519,-4.72637351177246,11.9464268914018,-37.7423959194399
29.765,0.0259806141257286,-9.95733451843262,-1.34654724597931,7.89973190723963,29.0772320326736,-22.7317028408812,-2.47645926475525,-9.61833667755127,-2.95996475219727,-4.37755062821804,12.6584869189803,-38.185927913573
29.77,-0.214689180254936,-9.95326042175293,-1.44075858592987,8.37407146962409,30.1257992589594,-23.1440311157911,-2.44459128379822,-9.63407230377197,-3.05508327484131,-3.62113236396169,13.7725710273321,-38.821408713951
29.775,-0.454606473445892,-9.95186996459961,-1.5746613740921,8.64449402679053,30.9348078453907,-23.4174384656248,-2.45807385444641,-9.66451930999756,-3.10894131660461,-2.79114164984349,14.7516222957928,-39.5096288200052
29.78,-0.692066848278046,-9.93985557556152,-1.72809326648712,8.63079352108913,31.5552007578921,-23.5450707955503,-2.55354046821594,-9.66973972320557,-3.0317075252533,-2.54577649542089,14.5747613774245,-39.9650897395237
29.785,-0.842516303062439,-9.96349239349365,-1.84237825870514,8.80092755689862,31.57636751413,-23.6037387054261,-2.65799427032471,-9.58695888519287,-3.05468606948853,-2.63085674681715,14.1489716534341,-40.0088131954956
29.79,-0.96015989780426,-9.98321056365967,-1.92612850666046,9.09616333754607,30.9855698113022,-23.5608177966817,-2.70035266876221,-9.45601844787598,-3.13405394554138,-2.79145733264919,13.9318211566992,-39.9788559857959
29.795,-1.06916809082031,-10.0032033920288,-2.00633811950684,9.39574311850565,29.7996918770371,-23.4481043074509,-2.68625330924988,-9.33052921295166,-3.22365427017212,-2.90605723475143,13.7203226415025,-40.1011880889254
29.8,-1.21935868263245,-10.0500898361206,-2.1580810546875,9.37012734779716,28.0184058622544,-23.3636148674178,-2.65281224250793,-9.35246276855469,-3.20607829093933,-2.70965962747935,12.7581052280249,-40.9240790348448
29.805,-1.3009866476059,-10.1180791854858,-2.2897675037384,9.13268094394355,25.7464766235385,-23.0671214781895,-2.68750071525574,-9.46885013580322,-3.20291686058044,-2.44316912484073,12.0898326894417,-41.8753263107416
29.81,-1.30874562263489,-10.1954154968262,-2.40627002716064,9.0787437938416,23.2377122828997,-22.5289520904639,-2.68222808837891,-9.53213310241699,-3.21102404594421,-2.16531297397979,11.9672410391237,-42.6156334394064
29.815,-1.2289457321167,-10.2694673538208,-2.50266003608704,9.25156892418408,20.5672397985662,-21.7046507104809,-2.59842419624329,-9.51727104187012,-3.24457859992981,-1.91172128358873,12.3835197246949,-43.1509051193766
29.82,-1.00300872325897,-10.2930469512939,-2.55106782913208,9.45765536823723,17.8318566114556,-20.4164138537667,-2.36418604850769,-9.45497798919678,-3.3728973865509,-1.7899389039657,13.055156985218,-43.8479634902168
29.825,-0.715765655040741,-10.2555665969849,-2.52162170410156,9.08239452995297,15.6903464198464,-19.0826486635925,-2.19843411445618,-9.43833637237549,-3.52980375289917,-1.3915274596548,14.0647289539848,-44.3016041643215
29.83,-0.430696457624435,-10.2056770324707,-2.40713310241699,8.17487839399078,14.2062701103814,-17.9045554374339,-2.13959860801697,-9.46988296508789,-3.62670040130615,-0.51137524930265,15.7118956666778,-44.7509213286816
29.835,-0.182252153754234,-10.1694841384888,-2.19594597816467,6.83725500070913,13.3813651124305,-16.9828589749811,-2.20371055603027,-9.54827213287354,-3.64935040473938,0.851437134586068,18.0802415632649,-45.2510619306558
29.84,-0.0709269344806671,-10.2251567840576,-1.83584439754486,5.88475865396782,12.8903948931907,-16.5311922255465,-2.38660216331482,-9.64372539520264,-3.74250149726868,2.01977295526763,20.854990545657,-45.5868135396861
29.845,-0.0384664200246334,-10.2910070419312,-1.42834055423737,4.7615797218493,12.359746397515,-16.1031101193159,-2.51975178718567,-9.71234798431396,-3.84292101860046,2.71395112071224,23.2835855409128,-45.7061232841079
29.85,-0.0156372580677271,-10.360556602478,-1.04025769233704,4.00876651681424,12.1450112264253,-15.745720470995,-2.58852124214172,-9.77431392669678,-3.88593173027039,3.32784105279358,25.3706283889856,-45.8648261445678
29.855,0.0356314070522785,-10.4283227920532,-0.711862206459045,3.90479865792878,12.4817173543921,-15.4836563578254,-2.58663272857666,-9.84178733825684,-3.83543276786804,4.05788368779628,27.1192029202858,-46.2015476404602
29.86,0.152529418468475,-10.4534559249878,-0.51370495557785,3.95195172263761,13.9153757687251,-15.2421084253752,-2.60453033447266,-9.94881057739258,-3.7134485244751,4.77855359571042,28.8825784715174,-46.7415526415252
29.865,0.30343022942543,-10.4577579498291,-0.352027595043182,4.20531118659689,16.3429112308859,-14.9813318028641,-2.657710313797,-10.0453586578369,-3.57375907897949,5.32053721720057,30.284536270365,-47.1303748204065
29.87,0.462531745433807,-10.4572334289551,-0.209496036171913,4.66455901912338,19.5619981697331,-14.8071636865761,-2.66340470314026,-10.1065998077393,-3.42491888999939,5.73370645915205,31.7247021474297,-47.5114618100528
29.875,0.60979962348938,-10.4643278121948,-0.0734858587384224,5.34204804421788,23.4600673837822,-14.8091444414354,-2.55282974243164,-10.1106081008911,-3.27317595481873,6.0498678049823,33.5234768615822,-47.9985123544826
29.88,0.690451383590698,-10.4689531326294,-0.0168941374868155,5.99597505110996,28.2006301866685,-15.074261649164,-2.41389417648315,-10.1098403930664,-3.11787581443787,6.38960568316696,35.1435465062904,-49.0903659046334
29.885,0.741132020950317,-10.4727792739868,-0.015530813485384,6.64863548479782,33.3227819981051,-15.4657390640852,-2.43854570388794,-10.1391410827637,-2.9007363319397,6.79187991961862,36.2760260216244,-50.2268923070505
29.89,0.76202654838562,-10.4959287643433,-0.0437209904193878,7.49974749170722,38.5267236173054,-15.9435244569059,-2.62544345855713,-10.1815338134766,-2.68679976463318,7.18423373318765,36.9916010353045,-51.4251806950376
29.895,0.751076281070709,-10.5651741027832,-0.071479819715023,8.81550659568202,43.4420726685996,-16.4639319376948,-2.9853835105896,-10.2166948318481,-2.55803322792053,7.47486596633451,37.3470270042391,-52.7114624101019
29.9,0.690902411937714,-10.7237815856934,-0.0958684980869293,10.9035568966574,47.4096202744333,-17.1130475032034,-3.30707788467407,-10.2313451766968,-2.55262017250061,7.42410314664933,37.1539956130108,-53.8615262474541
29.905,0.579188823699951,-10.9447402954102,-0.125354334712029,13.4870998558769,50.9137668658383,-17.8266827431593,-3.52673983573914,-10.2872953414917,-2.50512146949768,7.25993101221161,37.1017617413331,-55.023293613949
29.91,0.430063277482986,-11.2157726287842,-0.172582298517227,16.4902025527899,53.8682778894486,-18.5464105118548,-3.66676640510559,-10.3862228393555,-2.41718125343323,6.96831224361651,36.9215950114065,-56.4180592236007
29.915,0.266599774360657,-11.5217294692993,-0.262487590312958,19.8422937653448,56.0009156653259,-19.1689207829989,-3.76792526245117,-10.5293264389038,-2.30507254600525,6.4852368692836,36.0182990785777,-58.4740895977471
29.92,0.0653828680515289,-11.7918834686279,-0.349342584609985,23.4507014868828,57.5397333796677,-19.5068956186041,-4.00219058990479,-10.7806987762451,-2.12827444076538,5.83955816958797,34.476913213108,-60.5884771081621
29.925,-0.159450709819794,-12.0255727767944,-0.412362515926361,27.1318575532705,58.8440672847083,-19.6264102687009,-4.25167226791382,-10.9780292510986,-2.04878807067871,5.09372840609243,33.2761522966414,-62.5905284972979
29.93,-0.399653166532516,-12.2224130630493,-0.458440661430359,30.7659997200538,59.9889435933859,-19.5137121473957,-4.48003625869751,-11.0977964401245,-2.05282926559448,4.2823053477895,32.4399834629756,-64.5185338056416
29.935,-0.637768864631653,-12.3781747817993,-0.51364803314209,34.0672248063123,61.0474521600086,-19.0836509938532,-4.62253665924072,-11.123553276062,-2.04898166656494,3.47714877460665,31.7153618637397,-66.5392452715898
29.94,-0.789893269538879,-12.5119047164917,-0.593891024589539,36.5769778168335,61.9606279614718,-18.4049555865965,-4.73434638977051,-11.1270217895508,-1.94747769832611,2.68370512207672,30.7804353248646,-68.943820199082
29.945,-0.862618148326874,-12.6618766784668,-0.684337735176086,39.7925557459946,63.1339929891774,-17.1668796391469,-4.9078311920166,-11.1335754394531,-1.79542696475983,1.80493960020863,29.8858786190789,-71.5517093675979
29.95,-0.841346740722656,-12.8261966705322,-0.77291613817215,43.9163644196599,64.3961368157149,-15.2701480594654,-5.14047765731812,-11.1473541259766,-1.60703134536743,0.768104611204534,29.2708986314947,-74.2282897485967
29.955,-0.651369035243988,-12.9577522277832,-0.818122148513794,48.3956571188676,64.5416403356037,-12.5622265016864,-5.32818412780762,-11.1623106002808,-1.40145576000214,-0.669251069903528,29.8010613299657,-76.5258492721731
29.96,-0.392778486013412,-12.9834623336792,-0.69393926858902,52.7541681678874,63.3407291549754,-9.34673907253175,-5.30676507949829,-11.2015686035156,-1.25449216365814,-2.75085292525052,30.5230054950469,-78.9789936748532
29.965,-0.139451459050179,-12.9072732925415,-0.438232272863388,56.5911123115067,61.2738729309945,-6.03266213157621,-5.18607473373413,-11.2616214752197,-1.10212135314941,-4.93164460199344,31.1451708416379,-81.4348223418771
29.97,0.0798002481460571,-12.7322816848755,-0.0689328014850616,59.7436236889665,58.5254799410623,-2.79165989044676,-5.01245641708374,-11.3310747146606,-0.931184947490692,-6.99048261077555,31.7197639206598,-83.7723521324764
29.975,0.238958209753036,-12.4978828430176,0.341754347085953,62.1413069555861,55.46585572122,0.103000673416501,-4.87937116622925,-11.323224067688,-0.813822507858276,-8.63232519101051,33.491187142281,-85.4436652714327
29.98,0.353468149900436,-12.2352628707886,0.662003755569458,65.0101844824774,52.8583900244326,2.60736217673278,-4.71981954574585,-11.2378826141357,-0.712780892848969,-9.82765439953964,34.8736345057645,-86.6183758464049
29.985,0.436010867357254,-11.9688968658447,0.881844997406006,68.4422657479496,50.7040117564272,4.75068002059442,-4.51188278198242,-11.1055364608765,-0.605877637863159,-11.2386920811152,36.2976777212933,-88.0101566633892
29.99,0.490343183279037,-11.7158851623535,0.99065625667572,72.5232013241947,49.0525812981448,6.53059700933531,-4.25037145614624,-10.9458055496216,-0.486626416444778,-13.1971429576842,37.993231201614,-89.9779205028915
29.995,0.495588541030884,-11.5552253723145,0.992371022701263,77.3578960866748,48.3396768884302,7.98778841356673,-4.09848737716675,-10.8691730499268,-0.454870611429214,-15.1668534011,39.9667631358704,-91.9849579301214
30.0,0.489934533834457,-11.3058061599731,0.941175580024719,82.4483267920586,47.8261081345478,9.13982361426809,-3.89628863334656,-10.7596073150635,-0.400745689868927,-16.8891658550414,42.2425787522241,-93.6800196368218
