time_s,axx_thigh,axy_thigh,axz_thigh,gxx_thigh,gxy_thigh,gxz_thigh,axx_shank,axy_shank,axz_shank,gxx_shank,gxy_shank,gxz_shank
5.0,-2.80457472801208,-9.97923183441162,0.0028383682947605,-8.20068797131696,40.1771363774014,-7.87736218393419,-0.664184927940369,-10.0150890350342,-0.814696788787842,-59.468087027659,10.7177535531183,-30.0415932717768
5.005,-2.5184371471405,-9.96391582489014,0.131073161959648,-7.2717096734353,37.7197538423413,-8.21190228816048,-0.563622057437897,-9.9908390045166,-0.718730032444,-61.3388280300013,10.7391021631428,-30.749877058518
5.01,-2.2032413482666,-9.96177005767822,0.275929689407349,-6.03695703990368,35.2108716809393,-8.84769215459841,-0.423421621322632,-9.96732044219971,-0.587478280067444,-63.2072877491608,10.9433862910287,-31.764826093709
5.015,-1.86554753780365,-9.9260311126709,0.376190274953842,-4.42999025934445,33.1413072869525,-9.88764309724621,-0.296391159296036,-9.87101459503174,-0.56095552444458,-65.1873664197367,13.0514678292925,-33.0841146979374
5.02,-1.56230103969574,-9.88779544830322,0.440225154161453,-3.17136568777682,31.7439632808892,-11.0388484299634,-0.21963557600975,-9.76832008361816,-0.610684156417847,-67.1891446013057,16.3717602423928,-34.5864489568275
5.025,-1.31749749183655,-9.84320640563965,0.493203371763229,-2.39622416745817,30.8544335943326,-12.2742170611808,-0.22325898706913,-9.6691312789917,-0.680523037910461,-69.2549831271003,20.8821046891146,-36.2355161696571
5.03,-1.16578161716461,-9.7869348526001,0.565897166728973,-2.31154881821364,30.3052214982664,-13.5661891775974,-0.351267576217651,-9.58615207672119,-0.701483070850372,-71.443041057903,26.646203782526,-37.9969878056575
5.035,-1.16161298751831,-9.72151660919189,0.727070689201355,-2.52078291225711,30.3069222153697,-14.6933915180239,-0.638007581233978,-9.56973552703857,-0.604480028152466,-73.2385065454026,32.6887184619799,-39.8103620491609
5.04,-1.2657276391983,-9.65125370025635,0.904800295829773,-2.16736288450444,31.1974354491668,-15.6878124196644,-0.970591008663177,-9.59659767150879,-0.627356231212616,-74.4770315777902,36.5040006606465,-41.2544347944308
5.045,-1.47743308544159,-9.58295440673828,1.08339083194733,-1.22431407676743,33.210510763623,-16.5861086540207,-1.31902611255646,-9.65884304046631,-0.754936575889587,-75.3825643975721,37.7548302788239,-42.3912344044148
5.05,-1.810875415802,-9.52926826477051,1.24076557159424,0.331374818474087,36.8716424229116,-17.4442502062465,-1.64003801345825,-9.74768829345703,-0.944454193115234,-76.361692505661,35.7960720437422,-43.3502954167221
5.055,-2.09814858436584,-9.53252792358398,1.32492482662201,2.27752551152369,41.8758180843619,-18.1302931895028,-1.83282363414764,-9.94183158874512,-1.1760561466217,-77.6223883320944,32.2393364108227,-44.0775602991668
5.06,-2.43224596977234,-9.59133911132813,1.36766219139099,4.60560808328382,47.5410228687806,-18.608297148377,-1.84820210933685,-10.1893911361694,-1.442706823349,-78.9241745765747,26.8604890149041,-44.8369851273184
5.065,-2.82599425315857,-9.70771312713623,1.36689519882202,7.40437585277904,53.8146506591803,-18.8703971200397,-1.65273344516754,-10.4614763259888,-1.72521448135376,-80.1629591561507,19.7499718058811,-45.7557582688064
5.07,-3.2883129119873,-9.89323425292969,1.30105018615723,10.9779111897359,60.8469861078687,-18.8871515740738,-1.1478533744812,-10.6951389312744,-1.97174823284149,-81.1176283568217,11.0949550189005,-47.1223766688884
5.075,-3.71017456054688,-10.0648517608643,1.15458643436432,14.9074735522742,67.6406269356327,-18.7200100148944,-0.486474901437759,-10.7969093322754,-2.18470549583435,-81.6196745815743,4.57793044921964,-48.5549439605015
5.08,-4.08971929550171,-10.1821317672729,0.950590312480927,18.4402796174365,73.2356515263295,-18.4710581573839,0.153021618723869,-10.7921838760376,-2.32318329811096,-82.1348757506684,0.783582993802546,-49.8999038307254
5.085,-4.41831111907959,-10.2236499786377,0.693317472934723,21.2940299828635,77.0633236881505,-18.2028468739613,0.697237432003021,-10.6975479125977,-2.38563823699951,-82.829758706258,-0.144081626582016,-51.1472056561964
5.09,-4.65750694274902,-10.1298494338989,0.379541516304016,22.9041155985525,77.4295106201224,-18.105192244303,0.982025802135468,-10.5649967193604,-2.40576934814453,-84.015670791469,1.88227633807681,-52.4034516143856
5.095,-4.78135824203491,-9.9451265335083,0.110115922987461,23.8386903826854,74.4094536861421,-18.362138838237,1.11592316627502,-10.4202995300293,-2.36491656303406,-85.504057804074,5.62612671085611,-53.8117956401072
5.1,-4.82095813751221,-9.74402236938477,-0.0759530961513519,24.4011462155522,70.3969087940563,-18.7838227647625,1.11098599433899,-10.3302879333496,-2.18811058998108,-87.140851166965,10.394853798785,-55.200017928534
5.105,-4.7809681892395,-9.5569896697998,-0.157609418034554,24.7137229927286,66.0733444079249,-19.3595240419773,0.960849165916443,-10.3300867080688,-1.87168395519257,-88.886558726361,15.7377530553282,-56.5411119116876
5.11,-4.63422918319702,-9.42674541473389,-0.0945102795958519,25.0130731085774,60.5558219737402,-20.4844527831838,0.616146743297577,-10.5032205581665,-1.62645220756531,-90.8118729401717,19.6976628021225,-58.0977461744794
5.115,-4.40836954116821,-9.38997173309326,0.0486998036503792,24.9217295737122,53.8093982437085,-22.2450860134636,0.242244273424149,-10.763331413269,-1.51107382774353,-92.7151324731525,23.1296877185341,-60.0466655220616
5.12,-4.16012334823608,-9.46475791931152,0.272688120603561,24.4047867063798,46.0647287061011,-24.3646952034991,-0.157491743564606,-11.0976362228394,-1.44109320640564,-94.4005704433123,26.364803403816,-61.8919708999348
5.125,-3.92812132835388,-9.67367839813232,0.586193084716797,23.4313430232277,37.3697100624727,-26.7185132877216,-0.583811402320862,-11.5080194473267,-1.36214244365692,-95.8065443933919,29.6301870724049,-63.3920990077231
5.13,-3.89113616943359,-10.1396837234497,1.05938994884491,22.2024297745496,27.3934520909347,-29.3307242584348,-1.05636394023895,-12.0756587982178,-1.05253660678864,-97.9007828457554,34.0676960893651,-65.013743011035
5.135,-4.1297779083252,-10.8137235641479,1.5907438993454,21.6556577635644,18.071246204128,-31.7562951874356,-1.46525061130524,-12.7358636856079,-0.689420104026794,-100.591426586255,37.3772198554651,-66.8656258610789
5.14,-4.5938925743103,-11.6221704483032,2.14569520950317,21.9765554186973,9.95719064469622,-33.5876362435507,-1.75774037837982,-13.4564981460571,-0.276281505823135,-103.571882083428,38.7971547122082,-68.8165396238988
5.145,-5.25736522674561,-12.5146522521973,2.69818234443665,23.3659115185263,3.56627399209544,-34.4639734197254,-1.88473689556122,-14.2156810760498,0.187165051698685,-106.615837849314,37.6056418718779,-70.7681022546899
5.15,-6.00005769729614,-13.3212184906006,3.21297836303711,26.7906725287555,-0.399253131723968,-33.3803980588488,-1.67603969573975,-14.9974679946899,0.598313927650452,-109.641932670521,35.6328168622005,-72.8645878392903
5.155,-6.5760178565979,-13.8883972167969,3.59886980056763,31.9077751228482,-3.68251271271165,-31.0877323658127,-1.30599844455719,-15.7606048583984,0.81824141740799,-112.277641199526,34.1687180022841,-75.0607395442595
5.16,-7.01468276977539,-14.248477935791,3.90957617759705,38.6943364595375,-6.99238439157257,-27.708491151307,-0.871340215206146,-16.4246520996094,0.899296164512634,-114.568862307553,33.1275820218153,-77.2201994730074
5.165,-7.34247541427612,-14.4260969161987,4.20680904388428,47.250015829003,-11.2215594053558,-23.3130219486883,-0.488623648881912,-16.8809204101563,0.896567344665527,-116.546741657216,32.4341982927486,-79.1688046318878
5.17,-7.41290998458862,-14.3831176757813,4.37190675735474,58.4516319357561,-18.5455482004721,-18.6926397393429,-0.200631007552147,-17.2948455810547,1.46520090103149,-118.724028379697,38.7732968614374,-81.1041660539676
5.175,-7.16313028335571,-14.278468132019,4.39090251922607,70.8655349032001,-28.996540177819,-14.615447106763,-0.356563538312912,-17.6875686645508,2.49949502944946,-121.172077461257,53.6027850213156,-83.6486505764183
5.18,-6.54556560516357,-14.1860427856445,4.38458251953125,84.3274142855667,-43.3306961888988,-11.1766679870359,-1.08569550514221,-18.0404949188232,3.78584599494934,-123.18328130388,73.8355265505643,-86.8722949589892
5.185,-5.43798494338989,-14.2304077148438,4.58060789108276,98.7871228339696,-63.3861021016318,-8.54306571761584,-2.65654635429382,-18.3119697570801,4.95719003677368,-123.363461694185,94.037498077602,-90.9137588720208
5.19,-3.91066718101501,-14.3155736923218,4.85796451568604,112.655596547438,-85.1615033266303,-5.87879376438828,-4.15243053436279,-18.4230270385742,4.93533229827881,-121.704640971221,95.7075886126968,-94.7205374851707
5.195,-2.42628073692322,-14.3203706741333,4.83872222900391,123.759831232099,-99.163172559103,-3.12370398741823,-4.97333526611328,-18.3707275390625,4.44955587387085,-119.903643030494,84.0642539270353,-97.2642843471911
5.2,-1.12138676643372,-14.2582626342773,4.47078657150269,131.675938517874,-103.988639736014,-0.584281755720424,-5.02668714523315,-18.1410083770752,3.77715706825256,-118.136372563888,63.9315678389382,-98.3836772200753
5.205,-0.24132838845253,-14.2063932418823,3.70834183692932,135.671162050225,-98.1760872806311,0.806399827694356,-4.19158840179443,-17.6779079437256,3.44265651702881,-116.300540658394,46.6737903347695,-97.8538731065357
5.21,0.350692331790924,-14.2447156906128,2.91978430747986,141.064538966055,-82.1093240129834,0.602291630540425,-3.14497971534729,-17.1164588928223,2.89704060554504,-111.792533843915,34.5233858202208,-96.2267649518878
5.215,0.907873630523682,-14.3197536468506,2.22039031982422,147.723618236981,-63.8670362116599,-0.764400727683683,-2.32332134246826,-16.597620010376,2.07229614257813,-105.724846502275,28.4473793081717,-94.8059011894176
5.22,1.51675474643707,-14.4108581542969,1.61390626430511,155.111096201753,-47.3084071162175,-3.05262690448097,-1.89771091938019,-16.1507625579834,0.90644508600235,-98.4589459047288,29.1688692656731,-94.0664785702503
5.225,2.32798743247986,-14.4751491546631,1.00253963470459,160.851993142554,-42.3643371194633,-5.56969141906524,-2.23014569282532,-15.7719945907593,-0.821731448173523,-90.5692782812312,39.0952412430605,-94.9225949713872
5.23,3.07887983322144,-14.4815111160278,-0.108546748757362,165.097228919284,-43.5486782611652,-5.81375670311142,-3.18461871147156,-15.3714618682861,-2.83698296546936,-83.4920411689391,47.9976551657418,-96.0167912764233
5.235,3.56976652145386,-14.4527387619019,-1.64733409881592,168.263540693962,-45.2699269131434,-3.52571334059614,-4.34790563583374,-14.8775844573975,-4.96866846084595,-76.4759137591511,52.8286513807864,-96.6526818881515
5.24,3.70107507705688,-14.3893871307373,-3.51898550987244,170.439447718231,-45.4115133195432,1.56879808265161,-5.51722002029419,-14.2827520370483,-7.09469938278198,-69.4267487243477,51.2270027562697,-96.4984493865034
5.245,3.29030895233154,-14.2419910430908,-5.05593204498291,171.456736093213,-42.283273019299,10.3190779725856,-6.15443706512451,-13.7462511062622,-8.67851734161377,-63.6422273653181,33.7012905913397,-94.9291792737471
5.25,2.52342343330383,-13.8430404663086,-5.87567043304443,172.771574829197,-36.5032186039865,21.3826790081011,-6.55802440643311,-13.1696996688843,-9.61235237121582,-58.2076644087924,12.8800941141487,-89.8490416634425
5.255,1.68838405609131,-13.3663234710693,-6.24439859390259,174.105988887342,-28.5402493903163,33.9488439676177,-6.76741600036621,-12.5005712509155,-10.0603590011597,-52.7630883949434,-11.729674253186,-81.8086590857194
5.26,0.922336637973785,-12.9026927947998,-6.29304695129395,175.255004290657,-18.7411204220716,47.5644743232958,-6.75119018554688,-11.707332611084,-10.1011848449707,-47.1365322359433,-41.2620811912066,-71.0288857073901
5.265,0.0263778697699308,-12.5143346786499,-6.30048799514771,175.1499696416,-11.0757305977078,60.2735165949653,-5.76336193084717,-10.8139190673828,-10.0768709182739,-41.6621151256105,-87.6575003361631,-59.2142976886689
5.27,-0.918557345867157,-12.2223196029663,-6.38798999786377,175.121542394275,-10.6783484842492,70.091688130616,-3.98160552978516,-9.80192375183105,-10.4764471054077,-36.9263249174067,-139.205293172086,-50.3517959764026
5.275,-1.7980762720108,-12.0139331817627,-6.50775671005249,175.521122121099,-17.5557632897307,76.8849464677865,-1.64618015289307,-8.62668228149414,-11.3040103912354,-34.0080651228163,-183.768835091078,-44.1644812865444
5.28,-2.51712679862976,-11.8841743469238,-6.62372398376465,176.654605674241,-32.1587743295624,80.3614171326746,1.08558583259583,-7.24264621734619,-12.5890245437622,-33.8773318870076,-211.260756311729,-40.595738181064
5.285,-3.18065142631531,-11.5501556396484,-6.46617412567139,174.635533453693,-48.5561016775658,80.1610262126156,3.40308356285095,-5.75185108184814,-12.8776264190674,-44.4900798193734,-217.876737088992,-36.0586313456267
5.29,-4.01277303695679,-11.1628189086914,-5.70565938949585,168.014744223255,-57.8861605743707,79.0799985122993,5.1049690246582,-4.53496694564819,-12.8778085708618,-57.8165541165391,-221.469102403717,-31.8589563457555
5.295,-5.00883769989014,-10.8303251266479,-4.28004360198975,157.864591342996,-59.9301698155779,77.3292229525391,6.27311229705811,-3.8375871181488,-12.3658361434937,-68.5946336079543,-217.217774098248,-27.7047277170743
5.3,-6.17560863494873,-10.6927843093872,-2.06009697914124,145.260870588328,-53.8527938506002,75.122108793952,6.96931743621826,-4.00823736190796,-11.0212106704712,-70.0169180497719,-198.463427014848,-23.2325896410222
5.305,-6.97465181350708,-10.9237775802612,0.390357375144958,136.365314175573,-49.0900278102694,72.6866682416006,7.75110006332397,-5.00533485412598,-8.79287052154541,-58.963575104616,-147.216217143919,-14.7696010612356
5.31,-7.05650568008423,-11.3787469863892,2.31358218193054,127.36128069842,-51.0511766115606,68.8318119268829,8.7309398651123,-6.10109376907349,-7.04720067977905,-44.7697692356963,-96.9364352670305,-5.83221955821161
5.315,-6.41216373443604,-12.0302829742432,3.57554984092712,117.642741132193,-60.7257570802902,63.6380677801136,9.5261697769165,-7.161865234375,-5.68156099319458,-27.7568659661036,-48.0086790910622,3.18325662023499
5.32,-4.98490333557129,-12.862359046936,3.93246960639954,106.387975908413,-80.2311722553916,57.242456226232,9.38046073913574,-8.00734424591064,-4.39764451980591,-7.25433794105502,2.21817266174016,11.9043196289423
5.325,-3.13736486434937,-13.597056388855,3.50625109672546,97.8068609144785,-105.463332219334,52.1556591814867,8.15114688873291,-8.31557655334473,-3.65419459342957,15.1826789494069,55.247385290428,20.8318891383367
5.33,-1.21141088008881,-14.0778188705444,2.72566652297974,92.4356001511805,-129.351543181049,48.3307703217525,6.15443801879883,-8.08648109436035,-3.52631211280823,35.6384107871308,93.6127286131189,30.8280758943255
5.335,0.694777250289917,-14.2412815093994,1.68265676498413,90.3876977021464,-149.790870611934,45.695317924841,3.66507625579834,-7.32603025436401,-3.8890905380249,53.1413852523138,115.182657257316,42.0410950018979
5.34,2.41809773445129,-13.9311876296997,0.464911788702011,92.1004154478513,-162.915420611572,44.1636582487494,1.32254028320313,-6.00331687927246,-4.39646339416504,66.0209978381259,118.580826633559,54.6992557793453
5.345,3.65180706977844,-13.1736307144165,-0.709719359874725,95.9396237991805,-167.565782228732,42.0394625866862,0.0588617958128452,-4.74813318252563,-5.04529285430908,76.2022280791087,111.614518623577,66.7125203406439
5.35,4.50409698486328,-12.1832666397095,-1.67282795906067,99.9091316693059,-164.811699691221,38.8486645838339,-0.470017522573471,-3.83737659454346,-5.47364091873169,85.6210657747454,99.1658363328793,77.6222039169868
5.355,4.9970531463623,-11.0824728012085,-2.35899257659912,103.361286860749,-154.290448972976,34.4944736294641,-0.336785137653351,-3.3525128364563,-5.61176109313965,94.378905083265,83.2990131928054,86.9457331529452
5.36,5.12555170059204,-10.2276678085327,-2.63132190704346,105.269983224309,-133.239587384944,28.9992141968791,0.463409394025803,-3.39682126045227,-5.49611330032349,101.012897069369,68.7650263371786,92.8898418819322
5.365,5.07146739959717,-9.32040691375732,-2.69504475593567,105.675532536468,-105.904664892554,23.4644848086279,1.71614861488342,-3.62142944335938,-5.45145702362061,108.865060124134,49.2286977258936,98.8429937813803
5.37,4.98232126235962,-8.34868717193604,-2.62577033042908,104.998831544449,-76.2967237462758,18.3600044041214,3.07525968551636,-3.85121941566467,-5.26048612594604,117.094290602219,30.0258804215912,105.276164545508
5.375,4.90982532501221,-7.33103370666504,-2.44238996505737,103.39403078763,-46.1318592203586,13.9035603952346,4.36753129959106,-4.01137495040894,-4.88424253463745,125.279521001671,13.7963409394174,112.347124713953
5.38,4.87075138092041,-6.46478509902954,-2.12135791778564,101.20742768712,-18.6768329740562,10.4381324386871,5.13265419006348,-3.98364615440369,-4.64522409439087,132.270834334204,6.90129314681988,119.902823407793
5.385,4.69802188873291,-5.76950407028198,-1.74198198318481,98.9670846582211,4.68204515717226,7.88139370309179,5.49905395507813,-3.8718273639679,-4.56933498382568,139.582633802973,5.58881125298622,128.209562872579
5.39,4.35697412490845,-5.21081066131592,-1.3352757692337,96.5235503317032,24.5456678957477,6.16950966735247,5.58421659469604,-3.80393624305725,-4.43301057815552,147.319312019251,10.1822991655879,136.695813369132
5.395,3.81941795349121,-4.77853155136108,-0.91610449552536,93.7419011507021,41.0418485716087,5.32468783778183,5.43585395812988,-3.86817836761475,-4.12750768661499,155.524691476754,21.1286164615442,145.009751853303
5.4,3.07553744316101,-4.47958707809448,-0.484741568565369,89.8167826799926,54.2580767853812,5.50823380380029,5.07790279388428,-4.39216279983521,-3.87974262237549,163.570586017138,37.4928788637755,152.068438171809
5.405,2.34067630767822,-4.25953531265259,-0.0729220137000084,86.2213437801412,63.5556137364532,5.90455254218251,4.80680656433105,-4.98034572601318,-3.82822918891907,171.753029699408,51.6898539404702,157.474164069659
5.41,1.65588879585266,-4.13325357437134,0.303427666425705,82.3063271592141,70.5965074121716,6.39858055173636,4.63403844833374,-5.68956756591797,-3.94129467010498,180.313401408833,63.4725176550108,161.242324793242
5.415,1.05691647529602,-4.11832475662231,0.629459619522095,77.5354127032035,76.5654370486025,6.90471763291499,4.57475090026855,-6.57247972488403,-4.20380687713623,189.466934066539,72.4964406430266,163.284920185291
5.42,0.563450694084167,-4.33257913589478,0.811206758022308,71.4925667595748,81.0335487281389,7.58289650711567,4.40373516082764,-7.54140281677246,-4.59198331832886,198.179646315212,78.6664032372984,163.479321029448
5.425,0.168888688087463,-4.67626476287842,0.905967950820923,65.7917152178778,83.9097277272529,8.40785443903262,4.07551765441895,-8.20761489868164,-5.00687217712402,205.781496597275,82.0071307226217,163.17086968653
5.43,-0.131441652774811,-5.11290884017944,0.912126123905182,60.7476546667692,85.6830702320308,9.31423249472436,3.63114309310913,-8.52824211120605,-5.38775539398193,212.406889375214,82.5470640067003,162.540443226138
5.435,-0.336161851882935,-5.6038384437561,0.820834159851074,56.8064169496184,86.8832574126071,10.2261745932687,3.11324667930603,-8.42283248901367,-5.65573120117188,218.149548504821,80.1065144728497,161.790556757162
5.44,-0.486478418111801,-6.08589220046997,0.647694110870361,54.0368401279754,86.8434988814485,10.7247963319262,2.71260356903076,-7.98779582977295,-5.76322412490845,222.007321310314,76.8806912599336,161.618695537266
5.445,-0.60708087682724,-6.54873514175415,0.429717630147934,51.5393234013523,84.9303970458737,11.2144380793725,2.51979780197144,-7.66595077514648,-5.92327070236206,226.122687870165,72.0257518167535,162.410997480988
5.45,-0.697017073631287,-6.96134519577026,0.180732503533363,49.1887137984924,80.7249949323835,11.6553097148239,2.56464290618896,-7.55957221984863,-6.08663940429688,230.536014602369,66.084395654002,164.354459507423
5.455,-0.748655796051025,-7.26074457168579,-0.0802213698625565,46.8580415178197,73.2588331883726,11.9243226917003,2.91910982131958,-7.83851003646851,-6.13797187805176,235.129644668282,60.0593901644854,167.883959761027
5.46,-0.784473836421967,-7.4116644859314,-0.287429958581924,44.3151518445402,61.2304739090082,11.3630553117491,3.42638897895813,-8.48140048980713,-5.76828193664551,238.986242681238,58.0398944722094,171.705901394135
5.465,-0.780499398708344,-7.50603675842285,-0.515136420726776,41.8045553056566,46.1783215821876,10.3979077471176,3.89769530296326,-9.14546966552734,-5.27829647064209,242.627225282476,56.566216271982,174.304870335595
5.47,-0.70788586139679,-7.55214023590088,-0.77364045381546,39.4590922503363,28.7023263642262,9.09995665385637,4.20424747467041,-9.75554752349854,-4.78663492202759,245.968307937636,55.1217542059294,175.347785580342
5.475,-0.485192835330963,-7.53624391555786,-1.0687073469162,37.5912813991479,9.76804733865293,7.49066163256381,4.02508115768433,-10.2126893997192,-4.52886772155762,248.547578613529,53.4643814830691,174.27536391838
5.48,-0.0926083102822304,-7.45654630661011,-1.3420078754425,36.4765501303722,-8.11581518691674,5.50537707717993,3.57568311691284,-10.4565601348877,-4.4760422706604,250.415362143961,51.6306669362174,171.823653855426
5.485,0.395110845565796,-7.33614635467529,-1.58839046955109,35.7737270798725,-23.6916398249496,3.42744591490329,2.9095561504364,-10.5933485031128,-4.39244985580444,252.063268224632,46.5386311363787,168.813630469336
5.49,0.940433263778687,-7.18687915802002,-1.80211246013641,35.3987292038713,-36.2829210975915,1.32990357197224,2.0881621837616,-10.6464862823486,-4.24277687072754,253.557003275357,37.3440831927068,165.484787513169
5.495,1.44296932220459,-7.04087495803833,-1.96152722835541,35.3003437439718,-43.990270481574,-0.729761423307963,1.34481990337372,-10.6191358566284,-4.09793424606323,254.711496490386,23.189453581319,162.133883045982
5.5,1.82804715633392,-6.90268468856812,-2.04367423057556,34.9466048317623,-46.608626914993,-2.69490449788142,0.977995038032532,-10.5506963729858,-3.95232582092285,255.469073752367,10.1570838147195,159.218006987412
5.505,2.09716248512268,-6.73313283920288,-2.04196572303772,34.4039975286236,-46.3921304088711,-4.32657393823447,0.921522617340088,-10.4796590805054,-3.81578660011292,255.589285081759,-1.47677569101597,156.886945385957
5.51,2.23851943016052,-6.51835203170776,-1.94784116744995,33.5933360364131,-43.8907956065019,-5.57000176578565,1.16243696212769,-10.419059753418,-3.68431234359741,254.874765332306,-11.2076992439826,155.24336964522
5.515,2.1826274394989,-6.26298093795776,-1.73189091682434,31.7455512998712,-38.0145140710678,-6.72752160839053,1.70137763023376,-10.367995262146,-3.49655246734619,252.566653166461,-16.1096005065747,154.550283029382
5.52,1.94203650951385,-6.02363967895508,-1.42816162109375,28.6249591039501,-29.4271870200829,-7.58407898361572,2.1669909954071,-10.2955474853516,-3.3890073299408,250.271163190204,-17.4454045082162,154.343997656069
5.525,1.53262257575989,-5.81237506866455,-1.04920995235443,24.5311708192344,-19.3017543019773,-8.0517292294818,2.48044729232788,-10.200385093689,-3.2903094291687,247.379124491837,-17.1250993719939,154.306486257147
5.53,0.952265501022339,-5.63715505599976,-0.59724223613739,19.5847734355205,-8.22942257715521,-8.06484404646188,2.59153771400452,-10.0831279754639,-3.15528726577759,243.47966021165,-16.144552292105,154.251544215464
5.535,0.180801525712013,-5.49887323379517,-0.0679080188274384,14.0833113373955,2.75275790769872,-7.66649802255662,2.4975597858429,-9.99035930633545,-2.8399965763092,237.559662050433,-15.9405874755628,153.680677004634
5.54,-0.59669429063797,-5.40142297744751,0.533543348312378,8.25846966414798,13.2229858321826,-7.20569931020171,2.27534914016724,-9.9467658996582,-2.53955149650574,231.129284833676,-14.6973871786883,152.623035872036
5.545,-1.34873282909393,-5.34004688262939,1.18939697742462,2.25790600657624,23.0081598701793,-6.98780773794184,1.98502123355865,-9.97125339508057,-2.29938387870789,224.226750299975,-13.2104865860015,150.929230920143
5.55,-2.04869270324707,-5.31316757202148,1.88888382911682,-3.81161865595053,31.9285593884925,-7.27073466393128,1.6702516078949,-10.0830364227295,-2.15934467315674,216.853479128676,-12.0981399070197,148.441389156479
5.555,-2.61011910438538,-5.37376070022583,2.67094039916992,-10.045913948241,39.4417913811686,-8.31067365374803,1.49759101867676,-10.1998376846313,-2.09481334686279,208.975689204145,-13.6936148943004,144.399706677394
5.56,-3.01367712020874,-5.46505069732666,3.32860779762268,-16.0785129005674,46.2976688926498,-9.55575993660706,1.38649308681488,-10.2419147491455,-2.08997416496277,200.962921081236,-15.3832491619316,139.448324963134
5.565,-3.34581661224365,-5.61026668548584,3.96229362487793,-21.6770072273626,52.4714768834243,-11.13416115851,1.2871345281601,-10.1998844146729,-2.16988015174866,192.825993779595,-16.820418293498,133.589593598772
5.57,-3.70966005325317,-5.84274291992188,4.69630575180054,-26.5160084241145,57.8796992154159,-13.2325472432469,1.13782024383545,-10.0554857254028,-2.37252712249756,184.56895077121,-17.550201808199,126.756726994604
5.575,-4.10768461227417,-6.29026079177856,5.67401838302612,-29.4555425504222,63.2924192269759,-15.7661973781267,0.93085777759552,-9.79059410095215,-2.71787285804749,176.467690717414,-18.7483091961731,118.886969372537
5.58,-4.50478410720825,-6.91731309890747,6.74251413345337,-30.2822276664256,68.8502807583987,-18.2845256911509,0.733273088932037,-9.50123500823975,-2.99180960655212,168.085477662299,-21.4043563209795,110.904916610326
5.585,-4.91264009475708,-7.6989312171936,7.89149188995361,-28.9411063625152,74.0559640758372,-20.6754709761543,0.57775217294693,-9.22452354431152,-3.14879941940308,159.461667155863,-25.9809570177451,102.999642004575
5.59,-5.35821580886841,-8.60781574249268,9.12600231170654,-25.1223202768044,77.9153283154071,-22.7607362674956,0.523598849773407,-9.02200317382813,-3.11278748512268,150.691362752108,-33.4526341395108,95.4400910840424
5.595,-5.82544612884521,-9.5427074432373,10.3864822387695,-19.4610599266314,78.2183633183131,-23.6075533660775,0.725109875202179,-8.80676937103271,-3.11924505233765,144.621155070664,-41.0721643662399,90.0904956807917
5.6,-6.24648761749268,-10.4233121871948,11.5041751861572,-13.5234552452815,74.5802698870949,-23.3782058590323,1.15991723537445,-8.40670680999756,-3.03868103027344,137.554245204397,-49.3021256745658,84.7890121300545
5.605,-6.58416938781738,-11.1995916366577,12.3986263275146,-8.07249812720052,67.662251314545,-22.2606485994875,1.76377129554749,-7.7929949760437,-2.79039120674133,128.234916534778,-56.9491371674204,78.9837816374614
5.61,-6.74744939804077,-11.7456884384155,12.8768548965454,-4.80254420828327,59.2296382935447,-20.6618993902734,2.37326598167419,-6.92495536804199,-2.17144083976746,114.14960480573,-60.3203580322932,71.8096992729276
5.615,-6.72333860397339,-11.9776430130005,12.9272365570068,-3.86260729876514,44.6413890000567,-17.5525667611991,2.70818853378296,-5.91659688949585,-1.70048356056213,98.0849862174815,-57.6158831587241,63.1354819704165
5.62,-6.56542062759399,-11.9102935791016,12.691143989563,-4.85343082514716,25.0338198081813,-12.6862388313517,2.8928210735321,-4.92464685440063,-1.50726199150085,81.0733892215676,-51.7259924713687,53.5027910518667
5.625,-6.2746262550354,-11.5337085723877,12.1580171585083,-7.90842076163753,1.51459199385109,-5.96395683182823,2.95441699028015,-4.0471076965332,-1.59660708904266,63.2107643154484,-42.9499814445623,43.3453708503306
5.63,-5.8017201423645,-10.7867069244385,11.1371917724609,-14.0493900566563,-21.8835350723909,2.82965196393131,2.89587831497192,-3.58459782600403,-1.86132121086121,43.9125668344814,-29.794343838917,34.1456831893083
5.635,-5.20756196975708,-9.99968910217285,9.69574546813965,-23.5090347174893,-40.6711502996901,12.5239407300675,2.60263395309448,-3.63217449188232,-2.18681192398071,24.5173960352258,-14.3998692610844,26.8465042025785
5.64,-4.58229827880859,-9.28988265991211,8.06844520568848,-34.761950667551,-55.6706691887666,22.2631160053252,2.1955623626709,-3.90207552909851,-2.51358342170715,5.5534761230888,0.198866360471276,20.5000426899644
5.645,-3.95575881004333,-8.71755886077881,6.36066913604736,-47.0401548516598,-66.9639669247487,31.6037326670396,1.6817798614502,-4.31000280380249,-2.81982851028442,-12.7589333884618,12.4458323942665,14.6683554596212
5.65,-3.32645058631897,-8.42320346832275,4.81630992889404,-57.9462594088777,-73.8913838375966,39.3404142984127,0.814262449741364,-4.91733837127686,-3.0943820476532,-30.2181468316325,18.4367996360544,8.2161685950708
5.655,-2.60545802116394,-8.41724109649658,3.59036588668823,-65.6444973205073,-76.331400616692,44.9417329084297,-0.208471581339836,-5.62079477310181,-3.3459460735321,-46.1364798433321,18.8467100239981,0.897139691230768
5.66,-1.925861120224,-8.55784511566162,2.70760130882263,-70.3373222237372,-74.7432655214481,48.3746269664131,-1.21989393234253,-6.30285167694092,-3.45727014541626,-60.8598951654,16.3580144866881,-7.13358531917107
5.665,-1.35150027275085,-8.7812614440918,2.19569969177246,-71.9486048300782,-69.117013305866,49.4492103832475,-2.12609624862671,-6.89435434341431,-3.37290787696838,-74.5764859622947,11.8320434209189,-15.8435731761392
5.67,-0.725852191448212,-9.14072608947754,1.97452020645142,-70.1907122132028,-58.9381872914711,47.2300238653024,-2.83006262779236,-7.28833341598511,-3.34893202781677,-88.5799720250867,-1.8119996679329,-25.4111928824663
5.675,-0.0188138633966446,-9.59721851348877,1.83685839176178,-66.3459031067543,-45.3427230693174,43.8634065479302,-3.2481164932251,-7.64097023010254,-3.07490468025208,-100.157962290959,-16.8726231368717,-32.7315983895893
5.68,0.70173579454422,-10.0633592605591,1.69522798061371,-61.0265449509592,-29.7245632112615,40.1452803751124,-3.24286484718323,-8.16585922241211,-2.17865490913391,-109.171756108435,-32.5420299042701,-38.2041611035623
5.685,1.3825980424881,-10.470193862915,1.47975420951843,-54.6297483592567,-13.0693381654822,36.687616636104,-2.67903685569763,-9.04354763031006,-0.32586932182312,-115.353985722456,-48.2145478228355,-42.0336193598513
5.69,2.00319647789001,-10.626425743103,1.15843725204468,-48.3258116044151,-3.19749478989011,34.2323514596866,-1.34012258052826,-11.2149562835693,2.87521886825562,-112.756451120722,-60.3927170563603,-42.0132824715976
5.695,2.54620385169983,-10.7078542709351,0.97953075170517,-42.3798792149197,2.58464048524167,32.7292419743256,-0.109167613089085,-13.9479322433472,5.69417333602905,-101.939186834039,-65.3392493363103,-39.3668300550277
5.7,3.02666163444519,-10.8397092819214,1.02660763263702,-36.3925251432027,7.38526754480229,32.068807077815,0.563957691192627,-16.6455173492432,7.59468793869019,-84.9078574216127,-63.0708410601115,-34.3329157499312
5.705,3.458655834198,-11.1832103729248,1.42205309867859,-29.8587252020335,15.0340608632566,32.1783086705886,0.0711215138435364,-18.5549621582031,7.83229494094849,-63.7044025773327,-53.0534704724119,-27.027744979752
5.71,3.802809715271,-11.7524108886719,2.01320934295654,-24.8784961838133,25.1709290255801,32.3979538939179,-1.90278613567352,-18.1150093078613,6.08204889297485,-48.8650823601442,-46.1276552389244,-14.4658420582776
5.715,3.80968332290649,-12.134916305542,2.49780559539795,-20.8866655479329,37.9035747234738,32.8629156065719,-3.67715239524841,-16.7181625366211,4.52692794799805,-41.3077205152407,-53.3282216619649,-0.758285787385817
5.72,3.40828347206116,-12.1884202957153,2.82378554344177,-18.334830034388,50.6073406740094,33.8945951901348,-4.90068054199219,-14.9096870422363,3.55141878128052,-39.8095970679738,-76.3291398240767,11.6301592507526
5.725,2.4473774433136,-11.6520624160767,2.90763688087463,-18.2897234651092,58.2948107924126,36.1473725784181,-5.02667856216431,-13.5328149795532,3.71524882316589,-42.5951736077476,-118.803791328825,18.3233109203528
5.73,1.4695919752121,-10.8951606750488,2.93343305587769,-21.1411720567859,46.3037511761057,39.1774289093433,-3.32546544075012,-12.4440298080444,3.76778531074524,-47.2016375991118,-168.787662090112,14.919761062591
5.735,0.706016421318054,-10.4389171600342,2.67409491539001,-22.0954433989378,23.3516876495797,40.0672932751692,-0.437815070152283,-11.4874830245972,3.03732585906982,-52.9987674873493,-204.699184821395,5.33986024924936
5.74,0.143937215209007,-10.3314847946167,1.80986320972443,-19.5573451033611,-5.59556161432031,37.6373749307617,3.31789898872375,-10.6800889968872,1.60180044174194,-60.0963619784627,-220.038437319788,-8.90404633789289
5.745,-0.319346070289612,-10.5551290512085,-0.561887502670288,-10.3120112881156,-29.8069899341653,29.2152360048537,7.32742214202881,-10.1412858963013,-0.131924942135811,-69.1612387807418,-201.874286882569,-25.2619925226893
5.75,-0.746877610683441,-11.1526718139648,-3.86030006408691,-4.10293817688262,-36.5184191899844,15.4529717329791,9.98916244506836,-9.98466300964355,-1.24885416030884,-78.2889191724393,-155.016470760992,-36.3334508370713
5.755,-1.01995289325714,-12.4756650924683,-5.97024774551392,-4.68139330099334,-33.6010951313102,-0.753054342729264,10.8561878204346,-10.1283311843872,-2.34090304374695,-85.6460984180535,-107.369228205334,-42.4545605033046
5.76,-1.11090588569641,-14.4428672790527,-6.36936187744141,-11.633124406626,-26.4137673224285,-18.2697110108411,9.79210567474365,-10.5383100509644,-3.54400849342346,-91.213911535097,-64.5353770521348,-43.5570042617634
5.765,-1.00933301448822,-16.3236045837402,-4.7350435256958,-19.2736856395831,-32.0926649285858,-34.7054308521691,6.60733270645142,-11.1379060745239,-4.90062713623047,-96.737512837643,-24.75701785433,-38.9858250276515
5.77,-1.08484268188477,-17.699499130249,-1.55641448497772,-16.1425271410161,-58.9465747637719,-45.8087673669549,2.93557238578796,-11.782205581665,-5.53991889953613,-101.922166002627,7.15283492668628,-31.2399636220339
5.775,-1.2432062625885,-18.3248100280762,1.78159856796265,-4.24589531687145,-88.0778096871182,-51.558977270689,-0.52373743057251,-12.3743181228638,-5.55075788497925,-104.714811788192,23.5526745036438,-22.8576498216289
5.78,-1.43901920318604,-18.039831161499,4.53556346893311,14.7860003454328,-110.724729389832,-51.9596566579694,-3.43286371231079,-12.8298892974854,-5.06866121292114,-104.250816547305,20.8824069249854,-15.0979606980366
5.785,-1.54746198654175,-16.430362701416,4.5267219543457,31.2373374142981,-108.193529585317,-48.4349204613114,-5.06650733947754,-12.7535905838013,-5.09048223495483,-99.8569626844254,-4.44707085491136,-11.2124598858341
5.79,-1.81650376319885,-14.3314867019653,2.64674997329712,36.2408710379664,-92.8160416879502,-42.9570643507316,-5.57033538818359,-12.2937021255493,-5.65372705459595,-96.3979431528667,-37.0069689609371,-10.8683037290301
5.795,-2.200439453125,-11.9361839294434,-0.215880200266838,31.5124403585932,-69.5763503577385,-35.0532070092333,-5.37407112121582,-11.7426061630249,-6.25052452087402,-93.5947447250342,-71.9607147554766,-12.9213937067388
5.8,-2.66778111457825,-9.34346389770508,-3.58623194694519,17.4795656993501,-40.7492569279437,-24.3064114917641,-4.64086723327637,-11.2400245666504,-6.60046815872192,-91.2396340275113,-106.205862574573,-16.8541901638491
5.805,-2.97104263305664,-6.79857492446899,-6.37329244613647,-4.73090833049453,-7.79442405061638,-10.1301959212781,-2.92521643638611,-10.6145105361938,-6.44749116897583,-87.5884061425192,-127.451917308707,-21.8226849170752
5.81,-2.95576906204224,-4.41052436828613,-8.3201847076416,-25.0515561019085,17.7831641928625,1.39389636135803,-0.913610994815826,-10.0543231964111,-6.25325202941895,-84.1103577039328,-132.838491356124,-26.1699568898158
5.815,-2.7481586933136,-2.40549445152283,-9.37200260162354,-45.8224618962408,36.9270011061346,11.7521131321568,1.04888367652893,-9.70864200592041,-6.11660289764404,-81.2155869298981,-124.896606936421,-29.10219637409
5.82,-2.43688011169434,-0.986957788467407,-9.43024349212646,-68.9337046889212,49.9941228752311,22.0560075942174,2.68461656570435,-9.70933437347412,-6.11974668502808,-79.2662031294522,-104.824661720613,-29.9009630918609
5.825,-2.48855996131897,-1.14853692054749,-8.08748340606689,-86.7099618529856,50.2702640082801,31.417558785738,3.57750225067139,-10.0948085784912,-6.07263565063477,-77.5039801726431,-72.6195001613027,-27.0790721438174
5.83,-2.76871275901794,-2.07482171058655,-6.42142915725708,-92.0417782738268,43.8875615119299,36.6558528413688,3.98771619796753,-10.4707345962524,-5.89695739746094,-75.4072965125568,-38.4265076667083,-23.6080690453599
5.835,-3.18647384643555,-3.52329206466675,-4.71007633209229,-86.0608684855917,35.0292808565707,37.5630761329703,3.95059466362,-10.7565622329712,-5.58881950378418,-73.3017609273061,-7.14747920460335,-20.3818428512827
5.84,-3.63826513290405,-5.22941112518311,-3.29921865463257,-69.3189205279208,28.7608679156023,33.5449612216165,3.47612309455872,-10.8441572189331,-5.13314008712769,-71.5957914085012,14.8347661885594,-18.5423055681636
5.845,-4.01524543762207,-6.95227527618408,-2.63037276268005,-49.3816632274506,29.6810958873836,24.6127591364175,2.65157651901245,-10.6758012771606,-4.45510244369507,-68.88203430785,31.4880907342021,-18.1848834764441
5.85,-4.27155780792236,-8.59249401092529,-2.27900242805481,-34.1436580382193,32.1021657217213,14.2152620544237,1.70523405075073,-10.475866317749,-3.86066150665283,-65.5477955022383,46.2818809103833,-18.2414630559812
5.855,-4.43648386001587,-10.1321744918823,-2.08899021148682,-24.893952901905,34.3310920894228,3.05435366168051,0.707798838615417,-10.3048515319824,-3.39406394958496,-62.05914661006,58.0807116826894,-18.5150292077132
5.86,-4.56071186065674,-11.5372905731201,-1.82620739936829,-23.8742893286395,33.7385868393026,-7.98346148872753,-0.23617297410965,-10.2568206787109,-3.12039661407471,-59.24218535105,64.0528241872734,-18.7675566692542
5.865,-4.60743522644043,-12.41188621521,-1.56388998031616,-28.3442332064207,30.2469804752137,-18.1022774610747,-0.901008367538452,-10.3472471237183,-2.83243536949158,-57.4410098254043,64.9228536837496,-18.6542489535655
5.87,-4.52732181549072,-12.973521232605,-1.36357164382935,-33.6650120415632,26.5840951648557,-26.8212495781223,-1.39643466472626,-10.48108959198,-2.56644487380981,-55.901167582687,63.5676280392032,-18.187159636985
5.875,-4.31431579589844,-13.2435503005981,-1.23552072048187,-38.5970984714186,22.9301471570267,-33.6923225529595,-1.74869966506958,-10.6243667602539,-2.34838390350342,-54.4846614809072,60.0891151477533,-17.518362881383
5.88,-3.95666027069092,-13.1784801483154,-1.19380271434784,-41.1860714310282,18.8182878993144,-37.4189318207264,-1.98124551773071,-10.7136402130127,-2.24493861198425,-53.0756310211741,53.544806960546,-17.0675259999326
5.885,-3.56538271903992,-12.791690826416,-1.13016092777252,-41.1425733712989,11.3411978526314,-37.7602739395924,-2.34076523780823,-10.7450952529907,-2.23250126838684,-51.5049675498271,43.7541713325342,-16.7385823819575
5.89,-3.16565918922424,-12.2527618408203,-1.00450253486633,-39.8086749924359,1.6547630569888,-36.2585202467817,-2.84818339347839,-10.7059926986694,-2.13874745368958,-49.9331907576454,31.6967939944811,-16.0876824295282
5.895,-2.75671768188477,-11.6019830703735,-0.817626476287842,-37.76988060066,-9.4595413542218,-33.3187658468732,-3.46315503120422,-10.5802564620972,-1.93043386936188,-48.4267447248749,17.2842120438039,-15.100274424618
5.9,-2.30977869033813,-10.8577995300293,-0.613354802131653,-36.4164888619057,-19.510730769823,-29.2892650101729,-3.97648191452026,-10.3056001663208,-1.62474811077118,-47.1351627830147,-0.876013595962802,-14.1523286914112
5.905,-1.86117780208588,-10.1165208816528,-0.405636698007584,-36.7758387745184,-25.8030562030756,-24.8554852764995,-4.03274488449097,-9.98224639892578,-1.38887965679169,-46.0749022728698,-20.3412886030857,-14.2238868757981
5.91,-1.41885840892792,-9.44241714477539,-0.228394761681557,-37.9487871606847,-29.1482181887175,-20.9230909467766,-3.69038033485413,-9.71446800231934,-1.24168157577515,-45.2594903840916,-36.8039245123855,-14.7895213079499
5.915,-0.984013974666595,-8.87159252166748,-0.104423575103283,-39.6805201530389,-29.5745346910476,-17.6987276867955,-2.96324515342712,-9.55659580230713,-1.18270969390869,-44.6825511350898,-48.7869108450934,-15.6547713795544
5.92,-0.542779207229614,-8.49933338165283,-0.115173973143101,-42.2017683719332,-25.8131375622906,-14.2195966632257,-1.9011572599411,-9.64262866973877,-1.134397149086,-44.1946707226758,-57.0709809120243,-16.5853641634011
5.925,-0.0605479292571545,-8.30477046966553,-0.212070688605309,-45.2507648174269,-18.1090222728801,-10.5183743548301,-0.725835502147675,-9.83493709564209,-1.13304555416107,-43.238946257778,-61.7528262861633,-17.0884554070968
5.93,0.456059366464615,-8.24886798858643,-0.340205520391464,-48.0813932849661,-7.50480183169303,-7.0754629706552,0.458810716867447,-10.0456132888794,-1.19186866283417,-42.2144622785057,-61.3348187089585,-16.9431345947683
5.935,1.00170648097992,-8.31742763519287,-0.470670938491821,-50.229801967637,5.57434363166366,-4.19613013169192,1.58844351768494,-10.2200918197632,-1.31796705722809,-41.35146446178,-54.6129426788038,-16.0132453204061
5.94,1.50885987281799,-8.48700904846191,-0.573520421981812,-50.653222469759,20.4799670564464,-2.55307626009634,2.4827926158905,-10.1929578781128,-1.45344150066376,-41.0716555171467,-39.2422405743775,-14.5950470392594
5.945,1.9002593755722,-8.63119411468506,-0.665446758270264,-49.7424201590324,35.5113248723389,-2.01021944160949,3.12484049797058,-9.96322727203369,-1.598876953125,-41.0447718925735,-19.2568458081845,-13.5122904473095
5.95,2.17303514480591,-8.72476768493652,-0.729832649230957,-47.9883182971464,49.8688025643397,-2.4098772887222,3.48965644836426,-9.62092590332031,-1.68295741081238,-41.2432537747595,4.46383171224775,-12.8894967233148
5.955,2.31764054298401,-8.74456119537354,-0.751765966415405,-45.730028946203,62.8747121780946,-3.68425270340271,3.54042291641235,-9.23081207275391,-1.64516472816467,-41.6589629933086,31.4485405238132,-12.8539361971748
5.96,2.23947596549988,-8.70979690551758,-0.682911455631256,-43.363265945956,72.6648048060674,-5.93392875891592,3.28567790985107,-9.03517627716064,-1.53527069091797,-42.228071430427,58.8987907603385,-13.405124779232
5.965,2.09546256065369,-8.67088508605957,-0.59887707233429,-40.7556807208581,80.8172093163679,-8.5357181416162,2.70199251174927,-8.95844459533691,-1.4931526184082,-42.8794221753415,83.4473580713889,-14.1265464348417
5.97,1.85870122909546,-8.63634300231934,-0.499209880828857,-37.9914075411056,87.6408210142099,-11.4273794720314,1.81336224079132,-8.96593952178955,-1.54266512393951,-43.507212182714,103.712140018034,-14.8527961804209
5.975,1.48826134204865,-8.61720752716064,-0.38213837146759,-35.1641019605976,93.421544788061,-14.5530089324653,0.62647819519043,-9.02057552337646,-1.72082841396332,-43.9767057258824,117.627086338615,-15.3764275104981
5.98,0.915059804916382,-8.63918304443359,-0.293430238962173,-32.9721815578192,97.8461754833411,-17.3864087492602,-0.743674337863922,-9.01854133605957,-1.78282535076141,-44.128810623604,122.601595073405,-14.7068213774794
5.985,0.307818353176117,-8.72292995452881,-0.21767795085907,-31.0681707040298,101.1750867414,-19.7871348651551,-2.19922041893005,-8.99355602264404,-1.65486705303192,-44.0473640328461,121.799362034631,-13.4110619211681
5.99,-0.320329159498215,-8.85562133789063,-0.169979184865952,-29.2163049294588,103.570563856918,-21.7470764305105,-3.6596405506134,-8.96945285797119,-1.41628229618073,-43.7423346147025,116.453372971262,-11.9047695676539
5.995,-0.964458584785461,-9.01592826843262,-0.183514833450317,-27.0119108937087,105.214412805222,-23.2192383287421,-4.98318719863892,-8.98792552947998,-1.21350026130676,-43.2002600663191,108.088481275882,-10.8935873817902
6.0,-1.64816677570343,-9.14303302764893,-0.297898441553116,-24.4907036559494,107.460493193024,-24.2199498346082,-5.88596820831299,-9.0517110824585,-1.27440249919891,-42.4061344620892,91.2313353476697,-10.581205265005
6.005,-2.32532811164856,-9.25709342956543,-0.480843365192413,-22.2226300590199,110.285035962012,-24.8303945765835,-6.42987012863159,-9.14394187927246,-1.43516027927399,-41.6487279548373,69.1157565510587,-10.5302793745534
6.01,-2.98431444168091,-9.35200119018555,-0.70474249124527,-20.387390672436,113.233430551221,-25.0524013378183,-6.58020544052124,-9.26483345031738,-1.60794162750244,-41.036415156124,43.1935972167837,-10.5465685219503
6.015,-3.6064178943634,-9.40092182159424,-0.904747843742371,-19.3398445594312,115.003118904793,-24.8264450196959,-6.17778015136719,-9.42374515533447,-1.59790217876434,-40.7926627801192,16.1664720766989,-10.2301557397812
6.02,-4.14106893539429,-9.39558887481689,-1.0125105381012,-18.8526386281977,114.054712987591,-24.0783395225463,-5.15374088287354,-9.60013103485107,-1.50838494300842,-40.4872747770441,-8.27949981660245,-9.86031636415064
6.025,-4.59822797775269,-9.35833644866943,-1.09336984157562,-18.9115336418634,110.747740297146,-22.9852036043789,-3.75082969665527,-9.77924728393555,-1.49707305431366,-40.3924819966481,-29.0633018618613,-9.97343112699522
6.03,-4.97236394882202,-9.29405784606934,-1.17264974117279,-19.5192411855289,105.217793748861,-21.6541090181701,-2.03395628929138,-9.95236778259277,-1.5643562078476,-40.6627799028622,-45.3138518596958,-10.7997901014657
6.035,-5.22770833969116,-9.20325469970703,-1.30318832397461,-20.7026363460307,97.7381628718066,-20.4076114474739,-0.0632896348834038,-10.0935211181641,-1.55436885356903,-41.7469153392508,-54.0470854117304,-12.8776933026554
6.04,-5.37580537796021,-9.11586093902588,-1.45982074737549,-22.2473860796666,90.0780374157456,-19.4429206517431,1.42314207553864,-10.1711130142212,-1.4207056760788,-43.0766233970581,-51.6509491829578,-16.155159575886
6.045,-5.45687341690063,-9.05805397033691,-1.56933736801147,-23.9677894957351,82.4703541521319,-18.76413474448,2.63186240196228,-10.1788663864136,-1.22132778167725,-44.5612367301466,-40.0341190463705,-19.6632352336111
6.05,-5.47764921188354,-9.0403299331665,-1.59939253330231,-25.7716936819542,75.0044997666336,-18.3775801884031,3.58065152168274,-10.1091909408569,-0.987085819244385,-46.2007894894623,-19.7859088461991,-22.9484332809821
6.055,-5.39818859100342,-9.06728744506836,-1.50432896614075,-27.3885941188876,67.7419118108348,-18.2511260661095,3.9132399559021,-9.93609714508057,-0.821819067001343,-48.2061740109131,7.32278497427501,-24.9897924087914
6.06,-5.24371910095215,-9.14691734313965,-1.36032450199127,-28.5447931736617,60.7977609345204,-18.2940452673066,3.30577921867371,-9.74917888641357,-0.744327068328857,-50.3537972218294,32.8930196653387,-25.6287805113082
6.065,-5.07616519927979,-9.24268436431885,-1.21022152900696,-29.1680496429727,54.4294496467515,-18.5090442544529,2.04874157905579,-9.58120250701904,-0.72219705581665,-52.3826297827008,53.7628505045149,-25.4932251619455
6.07,-4.92666530609131,-9.33621597290039,-1.07409369945526,-29.1675886052037,48.8510292459269,-18.9096672926727,0.280625373125076,-9.45589256286621,-0.739328980445862,-54.1233137379623,67.8030010227714,-24.9241355078473
6.075,-4.78053712844849,-9.4277229309082,-0.912359952926636,-28.1288090399985,44.8944953201299,-19.5419788852758,-1.61551666259766,-9.47007465362549,-0.758482813835144,-55.1260059986877,71.4254874717361,-24.8699191737631
6.08,-4.63390874862671,-9.52767372131348,-0.727781653404236,-26.3944839908543,42.1329849518966,-20.3703066617745,-3.21623802185059,-9.59697532653809,-0.733941674232483,-55.6924096808948,68.3203058901299,-25.3278679896868
6.085,-4.48061418533325,-9.62826347351074,-0.543343424797058,-24.1407572062765,40.3167761798877,-21.2794902176679,-4.47906732559204,-9.77963542938232,-0.656661927700043,-56.0401960832426,59.3821427573328,-26.1665622857983
6.09,-4.31533622741699,-9.7233190536499,-0.377347648143768,-21.476028911035,39.3049861071879,-22.1828203014425,-5.34951400756836,-9.97613430023193,-0.516216456890106,-56.3292428587284,44.965949344132,-27.3047091505961
6.095,-4.12522602081299,-9.81340885162354,-0.273061633110046,-18.8473537693274,38.4017311554941,-22.5352034211018,-5.59006786346436,-10.1478023529053,-0.653059422969818,-56.7989413075718,28.3177884215017,-28.6777171926466
6.1,-3.93696022033691,-9.89289569854736,-0.185381665825844,-16.5768059363711,36.9759906379565,-22.4413583294531,-5.36541271209717,-10.2438697814941,-0.934723734855652,-56.9986492087138,11.7461862355045,-30.1505382041331
6.105,-3.76777005195618,-9.95220470428467,-0.0943034663796425,-14.7754699012799,35.2823564407926,-22.0394529232166,-4.67808866500854,-10.236029624939,-1.17863965034485,-57.1829379578045,-4.34544660468486,-31.6852441445946
6.11,-3.64077353477478,-9.97775459289551,0.0255680102854967,-13.619012153091,33.6201035477704,-21.4793893641066,-3.4956955909729,-10.0807218551636,-1.15252077579498,-57.6704836909492,-19.4133391024478,-33.2389585015161
6.115,-3.58252120018005,-9.96690654754639,0.179815500974655,-12.5143904180605,31.0917177811934,-20.0872584999273,-2.48688960075378,-9.88694190979004,-0.973269462585449,-59.1020435296597,-25.8676680850766,-34.5181436500328
6.12,-3.55683016777039,-9.92605876922607,0.341408163309097,-11.4881835235701,27.818380357316,-18.0008611047311,-1.58482098579407,-9.65584564208984,-0.815778434276581,-60.8435368623379,-25.7274152731123,-35.6419249194588
6.125,-3.55522561073303,-9.85212326049805,0.493751764297485,-10.7179123550165,24.1080781661925,-15.4130100036927,-0.778460502624512,-9.39978504180908,-0.675328254699707,-62.8984812364062,-20.5305138713991,-36.7507207538457
6.13,-3.56799340248108,-9.73509311676025,0.607276380062103,-10.564074296793,20.4856292832683,-12.621754161624,-0.0640227571129799,-9.13941955566406,-0.526360929012299,-65.3733183198903,-12.4461440216474,-38.0964831712971
6.135,-3.58969569206238,-9.60081100463867,0.644828498363495,-10.9469422582654,18.0985123192947,-9.83867149467087,0.354817479848862,-9.02713203430176,-0.32188093662262,-68.1410270847954,-3.06132643104945,-39.9950332888451
6.14,-3.5921196937561,-9.48410892486572,0.640771090984344,-11.6477444265444,17.025993327137,-7.15082727795712,0.518466353416443,-9.07173347473145,-0.11432034522295,-70.7923221054867,6.28481905535474,-42.0644337582918
6.145,-3.56207013130188,-9.39811038970947,0.603331804275513,-12.5978681363228,17.2636856178007,-4.65754740305354,0.426126539707184,-9.25055503845215,0.0619236305356026,-73.3397436092805,14.9284456481207,-44.1673909471308
6.15,-3.46846747398376,-9.37111949920654,0.540915608406067,-13.6999336730563,18.889108423271,-2.63380653476495,0.037513479590416,-9.5066499710083,0.12300568819046,-75.9591826276829,21.3614507801607,-46.0464545349767
6.155,-3.31335735321045,-9.4291353225708,0.505600810050964,-14.7405847100941,21.2518860081373,-1.30873574851732,-0.50733083486557,-9.72597217559814,0.212294936180115,-77.7885941553575,24.6466368747008,-47.3498219682498
6.16,-3.16438031196594,-9.51247215270996,0.489624500274658,-15.5221495964403,23.731461535358,-0.441241612924916,-1.04080164432526,-9.89732074737549,0.260911107063293,-79.5410977529777,26.4632469203234,-48.7047300089999
6.165,-3.0179431438446,-9.61111927032471,0.502769947052002,-15.9849734598841,26.1529855772756,-0.001510445642138,-1.49915647506714,-10.0159025192261,0.218127384781837,-81.3779200359017,26.8969383194098,-50.2453850442284
6.17,-2.78963923454285,-9.73805618286133,0.598455250263214,-16.0483405399089,28.3210447141885,-0.091504504548017,-1.75253522396088,-10.0705518722534,-0.0839012190699577,-83.3384711956405,24.6682083196469,-51.9708889040595
6.175,-2.49710869789124,-9.8724193572998,0.835432648658752,-15.4617075449275,29.9402298493993,-0.506868178224088,-1.80728244781494,-10.0389795303345,-0.376514822244644,-85.1541335525159,19.1725920096778,-53.2773913941616
6.18,-2.21850824356079,-9.96525001525879,1.13108932971954,-14.1476047618265,31.1821836367502,-1.17829183525306,-1.73573648929596,-9.97845935821533,-0.604806959629059,-86.9661280978069,12.7979337686226,-54.2433338220578
6.185,-1.98436295986176,-10.0005016326904,1.44820201396942,-12.0336688976704,32.1488124986579,-2.08045278274085,-1.55350482463837,-9.91840648651123,-0.742826342582703,-88.8531112899955,6.48086682887527,-54.9652438361931
6.19,-1.82046091556549,-9.99481868743896,1.70150101184845,-8.9358758731988,33.2776856741101,-3.13735305325745,-1.2180917263031,-9.94387531280518,-0.75003582239151,-91.0568445049434,1.36764548977844,-56.0847323317257
6.195,-1.69168496131897,-10.0077476501465,1.89042186737061,-5.22828398651533,35.0498226504995,-4.38370932441527,-0.889969348907471,-10.0162010192871,-0.732118129730225,-93.4775796600118,-2.83130124117246,-57.7599523388872
6.2,-1.6083607673645,-10.0464506149292,2.03800868988037,-0.909245667926087,37.6179703633297,-5.85222731672469,-0.530327200889587,-10.1367521286011,-0.726263821125031,-95.9959660296439,-5.64209270492784,-59.6748027028895
6.205,-1.58022832870483,-10.1167812347412,2.15617203712463,3.97746930937678,41.0391950431162,-7.54078326824066,-0.116841562092304,-10.3099403381348,-0.743382573127747,-98.5681196484223,-6.66653484929148,-61.6590409586699
6.21,-1.6390540599823,-10.2302560806274,2.28170800209045,8.01687392037358,44.0936180739055,-8.87828115679631,0.352095425128937,-10.5539312362671,-0.614472568035126,-101.440296156683,-4.62715733011521,-63.4116879902626
6.215,-1.73513889312744,-10.3745098114014,2.44298052787781,12.831219841769,47.336069382356,-10.5055959246667,0.716830968856812,-10.7974653244019,-0.533438265323639,-104.413955615631,-0.223237729409925,-64.9998777270199
6.22,-1.86977314949036,-10.5515651702881,2.64042448997498,18.4811839128284,50.6029556925623,-12.4913206003652,0.927713930606842,-11.0541801452637,-0.46238973736763,-107.607888675313,6.66704241772418,-66.6059147480783
6.225,-2.04634428024292,-10.7650394439697,2.87660145759583,25.0662256406984,53.7655723348991,-14.9119917224101,0.935806393623352,-11.3357353210449,-0.371780753135681,-111.130128437829,16.2928664348372,-68.3759992526222
6.23,-2.29598450660706,-11.0791835784912,3.09938764572144,31.5972132514769,55.843875955929,-17.6847923933414,0.575737655162811,-11.7640380859375,-0.0038583013229072,-113.796470365262,24.1653732080452,-69.8219912810489
6.235,-2.59080672264099,-11.5191373825073,3.26502704620361,37.6941645386158,57.0536322315324,-20.721791611558,0.0850502327084541,-12.2868947982788,0.348209023475647,-116.707278423468,31.2996697206636,-71.7362405884042
6.24,-2.92040300369263,-12.1115169525146,3.38200044631958,43.4460751594532,57.2024108271282,-23.8606648087926,-0.491953372955322,-12.9435949325562,0.693764209747314,-120.078004099626,38.1537952886227,-74.144257931238
6.245,-3.2743718624115,-12.9014854431152,3.45721936225891,48.9382234408713,55.9668261911784,-26.9052950558593,-1.10625064373016,-13.793797492981,1.04404497146606,-124.214776472336,45.2816748385158,-77.1160595787322
6.25,-3.62633442878723,-13.9011535644531,3.60035753250122,55.3729139220891,51.6263468415674,-28.9638269867893,-1.53822910785675,-14.8847522735596,1.47934651374817,-127.872383754013,49.3409177339569,-79.8566866435782
6.255,-3.98710870742798,-14.8227729797363,3.78544616699219,63.5309089422252,44.2831387479004,-29.854425597951,-1.78139579296112,-15.9456214904785,1.69563102722168,-131.222331994715,50.1009470338501,-82.0435629516545
6.26,-4.33418607711792,-15.5527763366699,3.95876431465149,73.6560906508789,34.2648904808925,-29.4454953421532,-1.84318339824677,-16.9208793640137,1.69821584224701,-134.316312066083,48.4310682346195,-83.7381397149238
6.265,-4.62233829498291,-15.8860950469971,4.02002048492432,86.3354625807938,21.9001546301888,-27.3700484477437,-1.71926593780518,-17.724817276001,1.5066853761673,-137.207353556831,45.7468653625071,-85.0390038838661
6.27,-4.99695110321045,-15.8220195770264,3.77559304237366,99.5959470052934,9.86565244943971,-23.5300341340925,-1.49876630306244,-18.4449253082275,1.4834223985672,-138.912756169935,45.8810990702653,-86.5507638038109
6.275,-5.43554925918579,-15.6044511795044,3.29469609260559,111.645261305031,-1.07405866620702,-18.9120629815241,-1.31580948829651,-19.036922454834,1.70192933082581,-140.648320898413,48.1675424609675,-88.4980165852357
6.28,-5.87232494354248,-15.3050298690796,2.62887358665466,122.330477544491,-11.0553527283191,-13.8737081996934,-1.27040791511536,-19.4932155609131,2.29260063171387,-142.928156081093,53.6529869117152,-91.0802993745532
6.285,-6.1238431930542,-15.0360240936279,1.88609409332275,131.734459578683,-20.665848947161,-9.05820029236549,-1.61723840236664,-19.7954883575439,3.64186930656433,-146.8551050425,65.915703641881,-94.854129155147
6.29,-5.95890855789185,-14.8918266296387,1.55328094959259,142.202803651616,-33.1434929474869,-4.53524176690706,-2.77823972702026,-19.8821792602539,5.31025457382202,-149.781554233906,83.9222133130557,-99.4891365070527
6.295,-5.48736524581909,-14.7924470901489,1.52929127216339,153.438464836287,-47.6378578757384,0.314816785739537,-4.14488172531128,-19.8164901733398,5.96318292617798,-149.38618190361,94.7048758614039,-103.893433729174
6.3,-4.76177501678467,-14.7085256576538,1.71329319477081,164.669481492323,-63.1795571811306,5.66837484596723,-5.39884519577026,-19.6216640472412,5.30355215072632,-144.960110038415,94.3286348909737,-107.438561455599
6.305,-3.9175820350647,-14.5830459594727,1.73588025569916,172.590356250138,-76.0951921846254,11.7289741587961,-5.66316890716553,-19.3429679870605,3.27945923805237,-135.516594869307,77.3974428819692,-108.283640271037
6.31,-3.15443682670593,-14.6160383224487,1.59908485412598,175.769618063482,-82.9573876210889,16.1460959148574,-5.04204893112183,-18.7260456085205,1.67443120479584,-127.046982713573,64.4270844028443,-107.506508177462
6.315,-2.39480590820313,-14.8444452285767,1.34249484539032,176.5537237802,-86.1768997392119,19.686422018296,-4.39220285415649,-17.872652053833,0.0592607669532299,-119.01203013624,56.0523299143032,-106.542379164791
6.32,-1.58302891254425,-15.2570419311523,0.899005830287933,176.243961040961,-87.2783906862815,22.6466413725051,-4.08657503128052,-16.8712902069092,-1.59842598438263,-111.554515411718,54.1677270430403,-105.870855456162
6.325,-0.486164599657059,-15.6135625839233,-0.347136229276657,179.396612437299,-92.7402402485414,25.5110963519088,-4.75993204116821,-16.2092380523682,-2.37476301193237,-107.190885135916,71.0351011795348,-105.428689499863
6.33,0.809387266635895,-15.5528297424316,-2.28335332870483,187.47511430078,-110.250441053866,28.3000060239976,-5.7687873840332,-15.6518602371216,-3.87710666656494,-101.331921545122,83.5690378914527,-106.135156456285
6.335,2.02862238883972,-15.1188116073608,-4.47879076004028,196.797352630985,-136.070591512887,31.2875393046976,-6.73639106750488,-15.0646076202393,-6.17044973373413,-93.9901102251404,84.5970086822963,-106.743869745306
6.34,3.00073003768921,-14.3267488479614,-6.6913366317749,204.983990049406,-168.020577204806,34.6712525855624,-7.45185375213623,-14.3581094741821,-9.22721195220947,-85.1732307614352,69.5796083579726,-106.361727491433
6.345,3.3399772644043,-13.4065465927124,-8.39686679840088,202.943648619783,-194.063118623202,39.2037797791612,-7.73953628540039,-13.2318344116211,-11.142523765564,-76.3853044696217,36.4527674116822,-100.85126747285
6.35,3.37550234794617,-12.7223339080811,-9.47562789916992,194.704787574968,-205.183868705277,44.7922576335386,-6.98296642303467,-11.9850988388062,-12.0275144577026,-67.5012569256186,-25.7277806882329,-88.82657600507
6.355,3.24173140525818,-12.3090763092041,-9.80143642425537,184.937248231635,-201.072135806064,50.7682804214224,-5.56395053863525,-10.7767782211304,-12.4452905654907,-60.2605733864881,-100.233777390746,-71.2663030829398
6.36,3.03529191017151,-12.2111959457397,-9.22776317596436,177.264254699178,-180.548018406823,56.6235796157263,-3.7458164691925,-9.73567771911621,-12.8154354095459,-56.148341883466,-174.505513972653,-48.6104563229807
6.365,2.79490923881531,-12.3069620132446,-7.91848278045654,176.632462200952,-140.230832415585,59.6283574165334,-1.65153014659882,-8.36559772491455,-12.7638635635376,-67.1571110140983,-189.60846924652,-25.4001023628015
6.37,2.15429091453552,-12.390308380127,-5.78248453140259,175.65269888527,-91.2245871207698,60.7233938348373,0.351612359285355,-6.88252067565918,-12.7247667312622,-77.0387213467602,-209.103072232165,-8.43762040343554
6.375,1.1265332698822,-12.4325580596924,-3.150954246521,173.338603473713,-37.3012510764217,60.5856357494673,2.51077127456665,-5.32921409606934,-12.4717988967896,-81.286935085968,-228.540629477863,2.33333541411869
6.38,-0.301688820123672,-12.3945159912109,-0.401880383491516,168.34823503967,17.1782570267568,59.9707479694369,5.14848232269287,-3.75400900840759,-11.704122543335,-73.8067373032126,-242.327298015642,6.50728557369805
6.385,-1.57402288913727,-12.190710067749,0.855077922344208,160.594003237224,52.8213601538474,58.7406377301068,7.60410737991333,-3.02720952033997,-9.13756465911865,-59.1892172340366,-189.504240559786,11.3333858237682
6.39,-2.53348255157471,-12.0271348953247,1.40861737728119,150.841244423255,67.8271252509199,56.519210910114,9.16283416748047,-3.15756916999817,-7.00331211090088,-47.4589649760921,-135.840386817101,16.196939843039
6.395,-3.16212821006775,-11.9690608978271,1.53976964950562,139.639201429679,62.7661873023723,53.3667849100188,9.89642524719238,-4.16306304931641,-5.41770887374878,-36.6899764664622,-89.2019632018539,20.8935042748394
6.4,-3.40767097473145,-12.1295747756958,1.65353393554688,127.795393861688,36.7970499269859,49.3392375074211,9.92924213409424,-6.16894721984863,-4.42408609390259,-22.2789535064631,-58.3099260010458,25.0828366607599
6.405,-3.25407433509827,-12.5646295547485,1.99016511440277,119.042547421452,0.0781282594094214,44.5963917138047,9.15787315368652,-8.36618518829346,-3.62390184402466,-2.22965485006519,-16.9277376408318,28.0996919435668
6.41,-2.81196093559265,-12.9967985153198,2.3312931060791,113.682973111824,-31.2184895072834,40.5159513262744,7.61926555633545,-9.74184322357178,-3.55907583236694,17.6394433523471,22.046547782217,31.6999597871614
6.415,-2.07431697845459,-13.3116474151611,2.54466819763184,111.70468395081,-55.8560746737866,37.316110152961,5.49627494812012,-10.0625495910645,-4.22258186340332,36.1822372790364,54.5904167149211,36.9457841263521
6.42,-0.95364648103714,-13.2664928436279,2.31335687637329,113.270327233117,-75.5122765200998,35.2106804356425,3.25428247451782,-8.92184352874756,-5.4631290435791,52.0598213821477,73.1076264605268,46.4381351480257
6.425,0.367213934659958,-12.7179899215698,1.44826138019562,116.222676501855,-87.8548859729873,34.2316240445399,1.73527646064758,-7.1915979385376,-6.59085035324097,64.8277911108814,82.6302147296561,58.0889693813959
6.43,1.62237679958344,-11.8817043304443,0.322429627180099,118.330582162748,-90.2300910870484,34.1792091728493,0.843940079212189,-5.71717262268066,-7.33119821548462,76.2446162330978,87.1276142603535,69.5626968095877
6.435,2.689777135849,-10.8343648910522,-0.915276944637299,118.766689741253,-82.0310022337708,34.8862430349723,0.582984685897827,-4.68050861358643,-7.53398752212524,87.1817844906609,87.2588700056336,79.9614754058245
6.44,3.26566576957703,-9.71846771240234,-1.94321751594543,115.901261459893,-63.0792080418448,35.7722312684443,1.06038010120392,-4.08530187606812,-6.77289438247681,99.9477632192515,82.1300263163577,87.4309497915829
6.445,3.24182891845703,-8.73672389984131,-2.64708852767944,111.679118552747,-40.270887553949,35.9440207713538,2.00416588783264,-3.57954049110413,-5.79557752609253,113.616317295714,74.7026873675891,92.3537198434104
6.45,2.76626229286194,-7.86589288711548,-3.08800768852234,107.283625444466,-17.3027201489074,35.3155784809156,2.93216776847839,-3.09351754188538,-5.13509559631348,126.350685908825,66.7807129493173,96.7985815590121
6.455,1.89371120929718,-7.10501003265381,-3.27220916748047,103.170287450799,4.16971608262419,33.9133201537444,3.61043953895569,-2.62093710899353,-4.97764348983765,137.457352140832,59.0107922023483,101.754225311315
6.46,0.76807826757431,-6.48254728317261,-3.14722657203674,99.7722819990956,21.027739690145,32.3852497420617,3.4973304271698,-2.29818654060364,-5.26765060424805,146.672834614309,51.7294314716158,109.560414362777
6.465,-0.101062580943108,-6.05937910079956,-2.95470476150513,96.5585892021454,33.4012540414794,31.4937871119699,2.87924337387085,-2.31834411621094,-5.23169374465942,155.615983785201,44.030322710867,119.415188882189
6.47,-0.830444514751434,-5.71720838546753,-2.66535830497742,93.3629076140365,42.1724975962452,31.0353926262029,2.04267764091492,-2.65456581115723,-4.9132719039917,163.344848265069,36.2083661677063,128.900381865613
6.475,-1.47054755687714,-5.39332437515259,-2.25550818443298,90.054391300839,47.606244345165,30.8984439182495,1.15225505828857,-3.30715703964233,-4.33766984939575,169.438524476501,28.1851990817862,136.825286435039
6.48,-1.96080708503723,-5.00178241729736,-1.67397141456604,85.8390580922956,49.6893871552218,30.5743582723216,0.66788774728775,-4.22056198120117,-3.82923436164856,176.48352309591,15.8715974423038,145.099514199375
6.485,-2.21062922477722,-4.66117382049561,-1.09919023513794,80.4542872148193,50.1402957536585,29.8141752931721,0.677400946617126,-5.15209102630615,-3.60001444816589,184.340398981203,0.0223133742447854,153.894899057763
6.49,-2.28527879714966,-4.39277744293213,-0.56820547580719,74.1408701574097,49.4858850839959,28.5071229728418,1.11325562000275,-6.04680013656616,-3.66152191162109,192.341979254251,-16.7976652258254,161.748947244739
6.495,-2.22597599029541,-4.21795177459717,-0.113180130720139,67.033641684472,48.0778654922598,26.5315419818344,1.94779860973358,-6.85870409011841,-4.0407190322876,199.966095953008,-32.606243927752,167.439997464977
6.5,-2.00857400894165,-4.2253212928772,0.174492835998535,59.3653473221637,47.5320036039816,24.0744514373613,2.94391345977783,-7.52010536193848,-4.67467737197876,207.688867904136,-40.6488224112933,168.885169870703
6.505,-1.66029477119446,-4.3516902923584,0.35654616355896,52.058930042461,48.2832424504129,21.8046754157812,3.96097564697266,-8.0626802444458,-5.09616279602051,215.067002170124,-44.2455624621816,168.138534571772
6.51,-1.21691453456879,-4.57158470153809,0.446152150630951,45.8341893310457,49.8432610719384,19.8765369187487,4.89085054397583,-8.45304203033447,-5.30503511428833,222.093777844828,-43.6638659864228,165.520044949664
6.515,-0.716068089008331,-4.86019229888916,0.452749252319336,41.6786885796316,51.6607573346059,18.5102070941591,5.59096908569336,-8.63753509521484,-5.28476238250732,228.733746246456,-38.9182812869493,161.287759211601
6.52,-0.31395822763443,-5.2060399055481,0.392541080713272,38.4697939905733,53.5010083724933,16.8739755143273,6.15461206436157,-8.59187030792236,-5.11026668548584,235.518200469786,-26.9076156126299,156.826375268397
6.525,0.0007451143465004,-5.54954051971436,0.326152771711349,35.6213353142058,54.8038430510111,15.247886765413,6.58723592758179,-8.51377105712891,-4.97685623168945,242.408331379955,-11.1429038006476,153.20267304576
6.53,0.205941393971443,-5.84736394882202,0.251302391290665,33.2514577476973,54.8077055229868,13.6568471322246,6.82326650619507,-8.49655723571777,-4.86094665527344,249.269365684259,6.97218709531002,150.498068398597
6.535,0.247036263346672,-6.01887655258179,0.15639391541481,31.6961007302803,51.9918746602844,12.1222573049791,6.71718788146973,-8.70264053344727,-4.69913768768311,255.846947138008,25.3950650982887,148.851350770842
6.54,0.195557340979576,-6.07635354995728,0.0097516328096389,30.4266827522768,44.0567657882387,10.9100233782542,6.35834550857544,-9.20793628692627,-4.62031316757202,262.122688871956,41.9893153378,147.313957150942
6.545,0.165315955877304,-6.04721641540527,-0.196381106972694,29.1396531314983,31.9816367885327,9.99288179820412,5.92986822128296,-9.73612976074219,-4.76129245758057,266.924530424529,54.3327649039553,146.000265886738
6.55,0.18438832461834,-5.93665599822998,-0.466511219739914,27.8624521529355,15.69803209021,9.33479990186256,5.44887161254883,-10.1830682754517,-5.0373067855835,270.175673148698,61.9973538886389,144.89464950541
6.555,0.297547817230225,-5.74239778518677,-0.81674712896347,26.7861987548491,-5.73184395194275,8.86442184919671,4.89377975463867,-10.3388528823853,-5.1642804145813,271.937698030021,64.1932665369872,143.929079322824
6.56,0.558319389820099,-5.55038595199585,-1.1642564535141,26.1247478676995,-30.0734458589712,8.21144466548609,4.1015887260437,-10.2329864501953,-4.70793437957764,272.980094180392,61.7027473391688,143.008000992491
6.565,0.826109826564789,-5.41041374206543,-1.45252597332001,25.6678594386444,-54.5092262562572,7.13380943475321,3.20710897445679,-10.1063346862793,-4.13298940658569,273.587079431553,55.5742781441048,141.884107024943
6.57,1.08184850215912,-5.33330345153809,-1.6780196428299,25.3221767345609,-77.8477982350832,5.54576313196857,2.28198671340942,-10.028621673584,-3.62637639045715,273.882799301858,45.9247064130213,140.427514542925
6.575,1.37713217735291,-5.31976318359375,-1.88074803352356,24.8622796071764,-97.3469296361482,3.28918132831766,1.52575933933258,-10.0843706130981,-3.59571743011475,274.162591171018,32.2508452795742,138.279433709334
6.58,1.69232869148254,-5.31252241134644,-2.01304078102112,23.6529468033015,-111.098238284594,0.274765970509184,1.10394906997681,-10.1896734237671,-3.73952531814575,274.082896523782,17.1011339457436,136.67582823562
6.585,1.9601868391037,-5.32814502716064,-2.05267214775085,21.6829819353391,-119.758569812523,-3.15791704530106,0.975833594799042,-10.3147230148315,-3.87121224403381,273.377529227817,2.07213574676589,136.146420273053
6.59,2.14815640449524,-5.37476634979248,-1.98574483394623,18.8634149591607,-123.186696398465,-6.84961935065414,1.11464726924896,-10.4455919265747,-3.92848777770996,271.872729270636,-11.9007175579288,136.935457386351
6.595,2.19261026382446,-5.46620225906372,-1.78536975383759,14.7034438489348,-119.718954715337,-10.3555878950202,1.34482908248901,-10.5479001998901,-3.9291787147522,269.067160767162,-21.7546869687932,139.271764573089
6.6,2.08391928672791,-5.60116529464722,-1.50135827064514,9.51277157974465,-111.350552302724,-13.394780457734,1.54332733154297,-10.6844396591187,-3.9161205291748,264.975303718434,-26.9401700017614,141.787582791593
6.605,1.85316956043243,-5.7682900428772,-1.16586446762085,3.53040034447065,-99.334316609136,-15.9173067757768,1.6900520324707,-10.8385286331177,-3.77835845947266,260.030465325398,-29.1774001719464,143.977519024417
6.61,1.50856196880341,-5.96274471282959,-0.790155112743378,-3.04752453972755,-84.4310624062216,-17.8471869710476,1.76425385475159,-10.993127822876,-3.45098638534546,254.404192619248,-29.3459009387706,145.499148567713
6.615,1.02445483207703,-6.17338848114014,-0.323044180870056,-8.16913932754068,-72.0808031414638,-18.8074927853312,1.63506948947906,-10.9824657440186,-2.94447827339172,247.921578115719,-29.8830270151004,145.315156931851
6.62,0.494904667139053,-6.42510604858398,0.251758813858032,-14.1553134840785,-57.4690887330822,-19.5693952646043,1.46659004688263,-10.8553295135498,-2.52152800559998,240.862441004728,-30.8349982910493,143.229831876354
6.625,-0.0363426767289639,-6.70618295669556,0.937730312347412,-20.9940531971585,-40.4648376056207,-20.2403332845111,1.27099239826202,-10.6447429656982,-2.20414662361145,234.257074341435,-31.7157785052791,140.173622751097
6.63,-0.534572780132294,-7.00909280776978,1.74444341659546,-28.7280078755054,-20.8172178919995,-20.9002473790975,1.05630803108215,-10.371880531311,-2.01631665229797,228.953336828272,-32.1341617428882,136.827636020113
6.635,-0.864333152770996,-7.34022855758667,2.662926197052,-35.0116862892688,-1.55725250163335,-21.3255598436196,0.681626677513123,-10.1437978744507,-1.99675786495209,221.949619872206,-33.8604476593794,131.626747495472
6.64,-1.07181203365326,-7.75457811355591,3.61460900306702,-39.798996614382,17.2044098210888,-22.0656125477378,0.290259331464767,-10.0115785598755,-2.11026692390442,213.924461786142,-38.8680486606984,125.075421288892
6.645,-1.17868781089783,-8.26228427886963,4.64037132263184,-43.0272821104939,35.0168567424705,-23.176138127532,-0.0210039019584656,-9.96953582763672,-2.39426279067993,205.865781131633,-47.1324614431979,117.768853745028
6.65,-1.20445907115936,-8.88327026367188,5.79727172851563,-44.4979072161623,51.24053677611,-24.7556569391379,-0.124392926692963,-10.0174579620361,-2.90887260437012,199.012260035415,-58.8734302679502,110.39672321532
6.655,-1.31570267677307,-9.63168430328369,7.18413066864014,-42.387225083372,63.6407725350249,-26.3030567861718,0.412651926279068,-9.85596656799316,-3.19922614097595,192.083470254544,-72.348737802225,103.726579037939
6.66,-1.56884777545929,-10.4104595184326,8.62395668029785,-37.1783930487261,74.5805021135267,-27.2598296851072,1.32424807548523,-9.5178279876709,-3.12856221199036,182.961656995344,-83.052566307173,97.4468553037055
6.665,-1.91230595111847,-11.1423358917236,9.96657466888428,-28.9922269133582,84.6734658198654,-27.4604733221655,2.50466203689575,-8.9940767288208,-2.82232069969177,171.787836343418,-89.7277033528373,91.1043006592967
6.67,-2.25189661979675,-11.686206817627,10.9358425140381,-17.6933881864119,94.7446753736976,-26.5706106638868,3.80984044075012,-8.24473476409912,-2.50777363777161,158.836158431673,-90.0422882056297,83.8663355354558
6.675,-2.66758894920349,-12.2193813323975,11.8888101577759,-5.24582391230392,102.058619521866,-24.4606576537905,4.73841857910156,-7.49361848831177,-2.27096796035767,144.360706297233,-80.6272139442256,74.5635837349526
6.68,-3.09904408454895,-12.6856803894043,12.8347816467285,5.71205433259628,105.685197254143,-21.9200219429371,5.57543992996216,-6.51399087905884,-2.03208684921265,128.092862260421,-63.4189006700262,64.2291455206973
6.685,-3.49242377281189,-13.0309543609619,13.6522064208984,14.3173110570392,105.8736694941,-18.9887011191062,6.32257127761841,-5.29798793792725,-1.88002812862396,109.767594490871,-39.2489102541021,53.2985923013454
6.69,-3.70958781242371,-13.1070928573608,13.9724140167236,18.8051363700676,103.374796974927,-15.4604627429513,6.87283802032471,-3.88369274139404,-2.11032223701477,88.5245108890262,-9.19924967514178,42.6091515898841
6.695,-3.7996289730072,-12.7199840545654,13.644326210022,17.700867243553,98.8546119331585,-10.8728201916187,6.75750255584717,-2.82047843933105,-2.36799669265747,65.652959924889,25.3519956329298,33.4140025895652
6.7,-3.8444721698761,-11.98996925354,12.9317560195923,12.5084575449927,91.0037944256599,-5.38499883503986,6.05667066574097,-2.13613748550415,-2.65010094642639,42.510277771459,60.619288091508,25.2520050785754
6.705,-3.84959292411804,-10.9755172729492,11.9097356796265,3.69293985025332,79.2160080692418,0.900803980998774,4.76902294158936,-1.87392520904541,-2.97676706314087,20.466585008315,93.6346740109221,18.228297866356
6.71,-3.75861787796021,-9.82914161682129,10.664605140686,-8.07946492015393,61.9709688678752,7.6669018574913,2.80829882621765,-2.20790910720825,-3.44489526748657,4.55841702564773,114.333193460431,13.2946208561977
6.715,-3.52128577232361,-8.89618873596191,9.42497730255127,-17.4025877598567,47.8440612867811,12.8080714768982,0.480645328760147,-2.92482829093933,-3.80189299583435,-12.0982782183504,128.997520815989,7.49095874579271
6.72,-3.18880343437195,-8.22402763366699,8.2254467010498,-25.984430168938,35.3257759533464,17.3854269095671,-2.02934050559998,-3.85761642456055,-3.88667154312134,-29.967478889093,138.457865571212,0.893972724611704
6.725,-2.77884292602539,-7.84932851791382,7.08053827285767,-34.3613703180135,24.1646731136553,21.7054874086543,-4.61992979049683,-4.94836854934692,-3.67060256004333,-48.7983240911965,141.319059135287,-6.41365605989505
6.73,-2.315749168396,-7.86997938156128,6.00132083892822,-42.312741870473,16.0981889680189,25.4433255074167,-6.93934869766235,-6.13931226730347,-3.43570780754089,-65.0048296141681,125.43753059793,-13.7829605988334
6.735,-1.7710132598877,-8.1939172744751,4.99916362762451,-47.9994890715339,12.2566370080308,28.2692838331109,-8.4647855758667,-7.07055997848511,-3.46939444541931,-80.7337034235753,93.991899734703,-21.9427698879678
6.74,-1.12902188301086,-8.72958946228027,4.02464151382446,-51.7935327969764,10.5431687952909,30.6607396747547,-9.18273258209229,-7.81093549728394,-3.20578479766846,-96.5571821831763,53.8800087393481,-30.4194495819457
6.745,-0.375320822000504,-9.43155670166016,3.05161118507385,-53.7300075398909,9.8942163005487,32.8837271929729,-9.05033493041992,-8.39230251312256,-2.33428072929382,-112.388686415052,8.52944461286354,-38.8120411095043
6.75,0.504680335521698,-10.1399040222168,2.05140805244446,-52.8008115297294,8.9574900068273,35.6263145221107,-8.23202514648438,-8.92524814605713,-0.937258660793304,-121.139046666431,-37.225999467241,-44.0860058280755
6.755,1.39691519737244,-10.7623653411865,1.15636837482452,-48.7974942232124,7.22532756632904,38.8319886769753,-6.54793500900269,-10.0371437072754,1.35036504268646,-120.596784287845,-79.7842183364843,-45.548943555833
6.76,2.27308940887451,-11.323823928833,0.476745665073395,-42.079928042424,4.27251171029335,42.076594910109,-4.05708742141724,-11.8485422134399,4.00180816650391,-111.920572570096,-114.243301340764,-44.1255150573294
6.765,3.10969996452332,-11.8403520584106,0.113481536507607,-32.7683550526077,-0.31412765700488,45.0249177823313,-0.757067203521729,-14.4982233047485,6.62006950378418,-95.5346345625337,-136.205870239588,-40.374962561427
6.77,3.65245819091797,-12.2212800979614,0.118534684181213,-21.499099582504,-5.12609539190865,46.5303119659696,1.89733934402466,-17.1180248260498,7.31889486312866,-77.2199399258189,-124.484705548335,-34.2053346464246
6.775,4.05100297927856,-12.6321506500244,0.155895084142685,-9.46661657642828,-6.30022454702771,46.3772781625209,2.69728255271912,-18.4730548858643,6.69057416915894,-62.8195925514926,-104.560306078977,-24.4067042819893
6.78,4.10455751419067,-12.9031763076782,0.14944127202034,2.43204167946572,-5.73570642391839,44.7438794036474,1.95931828022003,-18.4727668762207,5.08368825912476,-53.2177570125183,-85.003083919021,-11.5172656152824
6.785,3.5343279838562,-12.8102788925171,0.0001631991763133,13.0595146459084,-5.68496238725343,41.7399553764866,-0.0371299833059311,-16.89914894104,2.86092281341553,-49.8944499246731,-76.6092527121281,4.02454937643885
6.79,1.84397840499878,-11.9312429428101,0.127810195088387,21.9849155702414,-17.8110569778856,38.9512984213971,-1.20916390419006,-14.6728515625,1.93984270095825,-51.4384927337299,-82.6027505390035,12.9190637584582
6.795,0.06317288428545,-10.7477083206177,0.111330978572369,30.8032379114087,-33.5316184470729,35.1167345987036,-1.21355795860291,-12.6615591049194,1.42276346683502,-55.1146986205167,-99.5857563630517,15.6112289235956
6.8,-1.61734998226166,-9.32208919525146,-0.518248796463013,37.8278484161459,-47.220686996707,29.4112112076143,-0.0954056084156036,-10.9904880523682,0.917336106300354,-60.3864947540265,-123.663593866694,12.2417617097922
6.805,-2.93401980400085,-7.69646215438843,-2.66972780227661,39.5063195933523,-48.9081057217262,20.2073007821376,2.14188694953918,-9.84136295318604,-0.224117279052734,-66.6931157732119,-148.561409240575,2.39237428864381
6.81,-4.25605201721191,-6.35558557510376,-6.51848602294922,23.8184935133096,-30.801803571683,8.09007988789778,5.07419776916504,-9.52899169921875,-1.40125417709351,-73.7490085443477,-156.870484630057,-11.7084707846814
6.815,-5.36055421829224,-6.08058881759644,-8.93221855163574,4.28865016664162,-11.1844800158991,-2.09541964820305,7.76308012008667,-9.7489013671875,-2.63545370101929,-80.9924514799029,-150.775251135494,-25.7145779325673
6.82,-6.05457925796509,-7.14911556243896,-8.9362964630127,-16.4303205767892,5.69223312362491,-10.3717455612756,9.71821117401123,-10.3996667861938,-3.98710155487061,-88.0509192323558,-130.237295772994,-37.94602776426
6.825,-5.82056283950806,-10.2069492340088,-4.61539220809937,-35.6469451084987,13.8590685429812,-18.3927654064753,9.78774261474609,-11.3361177444458,-5.63476705551147,-94.0281065674932,-93.0375174019771,-44.9348788135976
6.83,-5.04010057449341,-13.9800701141357,0.926104724407196,-41.7606098685367,2.89530566322418,-27.6836446306538,8.52646732330322,-12.0565357208252,-6.78457069396973,-98.1802673564031,-44.101472791451,-42.6436713659493
6.835,-4.07671213150024,-17.4418258666992,5.17193651199341,-34.6831849260424,-16.9234909707153,-36.1368199361504,6.22115659713745,-12.677583694458,-7.51374769210815,-100.831357471419,0.277896625067856,-35.5259175715007
6.84,-3.04832935333252,-20.1402320861816,7.35722732543945,-16.1398343389358,-40.3409823703062,-42.5802189085599,3.00019001960754,-13.1959838867188,-7.8099193572998,-101.824651391847,32.5382767153212,-25.3179437248228
6.845,-2.1417829990387,-20.9926834106445,6.42881345748901,5.73053084807481,-53.1031464382455,-43.6517697214028,-0.824105858802795,-13.4797811508179,-7.53808212280273,-100.104768777703,33.681776740881,-15.6691147768114
6.85,-1.84380555152893,-19.6456851959229,3.56189179420471,20.9693945067074,-59.6245871521115,-38.8277198087441,-3.81131219863892,-13.2796974182129,-7.21377038955688,-96.9438596826583,9.91308811322545,-8.99972960420195
6.855,-2.02095246315002,-16.9562091827393,-0.063138484954834,29.1083332990592,-62.2701926252243,-30.7944201371902,-5.78160190582275,-12.7760515213013,-6.98496580123901,-93.1225327665762,-26.1827737397933,-5.4221913495047
6.86,-2.6122829914093,-13.2957992553711,-3.90998888015747,29.0455945964381,-60.6425517158211,-20.4638239043431,-6.55318021774292,-12.0418834686279,-6.87804937362671,-89.0253550004849,-68.4405991817921,-5.01399235083488
6.865,-3.37846302986145,-9.61572265625,-6.74492025375366,15.0302325422268,-46.0280198544069,-8.54644751502864,-5.42043590545654,-11.2415285110474,-6.67324113845825,-85.7472330290939,-99.0656511181336,-7.31297426130593
6.87,-3.91730213165283,-7.1731333732605,-8.25283336639404,-7.42785975069284,-29.3296006923164,3.38544345315888,-3.26374983787537,-10.6115951538086,-6.3621244430542,-82.4928391348796,-123.370524109787,-11.9527815286508
6.875,-4.14538908004761,-5.33712577819824,-9.03061294555664,-33.8612194707556,-17.3986296652327,14.3253279915775,-0.682130575180054,-10.2138547897339,-6.05058336257935,-79.5118918640867,-141.002138357798,-18.0093151713762
6.88,-3.99173545837402,-3.81658911705017,-9.32597923278809,-61.5834239343687,-14.4656354450552,23.590679383733,1.9930739402771,-10.0937347412109,-5.79617166519165,-77.0147405525842,-150.615274444754,-24.8867146089321
6.885,-3.28172445297241,-2.75854849815369,-8.6576042175293,-80.7045111950627,-26.8249634934835,29.449907644357,4.0632529258728,-10.2499027252197,-5.62939834594727,-76.141535018144,-138.023315275837,-29.221717854376
6.89,-2.34426259994507,-2.43173050880432,-7.18561744689941,-87.218749474449,-41.8809338960502,31.900518046855,5.27529764175415,-10.4955453872681,-5.35224008560181,-75.7087195908186,-110.763948336046,-30.603782727266
6.895,-1.3374992609024,-2.68096804618835,-5.33016872406006,-83.1989714120322,-53.9013394201261,30.5595162712552,5.67431974411011,-10.758602142334,-5.04190587997437,-75.1036741133822,-74.4176362527678,-29.7494763262592
6.9,-0.38306599855423,-3.41802978515625,-3.40218734741211,-69.650048098883,-58.1379623283124,24.8899367506731,5.24644756317139,-10.9827823638916,-4.75781631469727,-73.8282728896657,-32.8696228523369,-27.0922117202332
6.905,0.299133032560349,-4.71000194549561,-2.03221845626831,-53.2430765237715,-46.6266312936451,12.6836493358826,4.07711172103882,-11.0465383529663,-4.2239785194397,-72.002392569792,3.77071692187955,-23.7584954240929
6.91,0.711717307567596,-6.25089359283447,-1.06659746170044,-40.8193312537335,-30.1227632398733,-1.22304803717174,3.03946375846863,-11.0258274078369,-3.68427062034607,-69.8453915091453,34.2541431782335,-20.7809068988244
6.915,0.83563756942749,-7.94085741043091,-0.487457126379013,-32.6947529341116,-12.3882820740937,-14.5335958272968,2.04005074501038,-10.8985261917114,-3.22124671936035,-67.2711273619134,58.5840488131951,-18.365553932822
6.92,0.624755203723907,-9.6659107208252,-0.302077829837799,-29.5969991832278,1.94495655720319,-24.3167114170325,0.964399337768555,-10.628643989563,-2.94452786445618,-64.1392534010307,76.2913552175882,-16.8146399534601
6.925,0.0722120404243469,-10.9557666778564,-0.602247595787048,-30.3843458247064,18.5961701475056,-32.3293583040834,-0.0725421011447906,-10.2860879898071,-2.92733502388,-61.9405335449336,84.7261948802579,-16.2706222162578
6.93,-0.603085696697235,-11.7807655334473,-1.0876179933548,-32.59790768187,37.7677973929631,-38.6729511372462,-0.903795778751373,-10.0645847320557,-2.74982690811157,-60.1495008502053,89.1266876870112,-15.9981027910162
6.935,-1.33202481269836,-12.1697673797607,-1.65076076984406,-35.4786936435792,57.3172126466978,-42.5108412620655,-1.56364381313324,-9.96457576751709,-2.50736665725708,-58.4151860463449,90.5409944678782,-16.0350933880137
6.94,-2.01234292984009,-12.1346855163574,-2.12793016433716,-37.9176790641099,73.2031603164478,-41.9833799034113,-2.11657571792603,-9.97929096221924,-2.4179995059967,-56.133858467331,90.089382359957,-16.5636048882528
6.945,-2.51913380622864,-11.8832836151123,-2.28005838394165,-37.9619523503099,79.8302264907335,-37.5865958893773,-2.7666118144989,-9.99998378753662,-2.73770594596863,-54.6455056056719,88.1632075423108,-17.3005822996972
6.95,-2.90977239608765,-11.5574178695679,-2.19958996772766,-36.7713103590987,79.2845968288871,-31.542660530576,-3.56779909133911,-10.0115880966187,-2.99444437026978,-53.4509704066338,83.3405612335266,-17.9164348439478
6.955,-3.17515468597412,-11.1661005020142,-1.92142653465271,-34.881711204458,72.496898265701,-24.3770629685387,-4.49718189239502,-10.0091304779053,-3.10390973091125,-52.2352547909794,74.302062621822,-18.2130443463921
6.96,-3.25654530525208,-10.6780109405518,-1.4955118894577,-33.3670108880755,60.8483043343785,-16.7084544175285,-5.47998046875,-9.98234558105469,-2.97911381721497,-50.2615452718046,57.3433107995164,-17.7048987627106
6.965,-3.18775367736816,-10.1051797866821,-1.08875417709351,-33.4311053832469,50.0116798764926,-9.93078769468589,-6.13493728637695,-9.94574165344238,-2.89692616462708,-47.5877994193114,33.6665215133698,-15.5028047931635
6.97,-3.07727932929993,-9.59214401245117,-0.783275365829468,-34.7501754214219,41.9678753739953,-4.15549989764045,-6.22427320480347,-9.8856029510498,-2.74484777450562,-44.9090538683458,6.5918394736414,-12.791517659671
6.975,-2.93897581100464,-9.14447021484375,-0.592987239360809,-37.2237933161391,37.3459922305798,0.521374432804137,-5.64788055419922,-9.787522315979,-2.48207139968872,-42.4533515598215,-22.349676700224,-10.1963898458456
6.98,-2.72899174690247,-8.64360332489014,-0.500689804553986,-40.7071385664269,37.1009523639165,3.76312217840932,-4.17636346817017,-9.59798336029053,-2.03066372871399,-40.5898983693236,-49.333247431519,-9.45095239134051
6.985,-2.4127504825592,-8.13527774810791,-0.471580058336258,-44.2237639134455,39.1910312310754,5.50968180390433,-2.50240898132324,-9.38233470916748,-1.65580272674561,-39.4113184921866,-66.8398282365838,-10.4308787777886
6.99,-2.06194519996643,-7.72933006286621,-0.499226242303848,-47.4486513904453,42.3355512872063,6.29897761061736,-1.08383965492249,-9.21538925170898,-1.40286946296692,-38.7745877671905,-75.7482322351671,-11.9159369269468
6.995,-1.70294785499573,-7.4760479927063,-0.581915318965912,-50.1555851321156,46.0690863667916,6.278577116227,-0.0710826218128204,-9.12531089782715,-1.27672743797302,-38.6720358918974,-75.95994760887,-13.3337271042906
7.0,-1.35822093486786,-7.45008182525635,-0.709441483020782,-51.5016173420392,49.926504002448,5.38904188014169,0.655302166938782,-9.11948871612549,-1.16100645065308,-39.3002254653364,-66.4195052252503,-13.3344203684913
7.005,-1.00500905513763,-7.58498096466064,-0.869902968406677,-51.5185459658971,54.3550757168792,3.65991289740855,1.17828035354614,-9.1946268081665,-1.01072430610657,-39.8394723154035,-53.0459333586628,-12.3279424754185
7.01,-0.686372637748718,-7.82392740249634,-1.04262185096741,-50.5711406714084,59.3258483381935,1.29952406448279,1.46616470813751,-9.33271980285645,-0.932307243347168,-40.2390110610925,-38.1552057226863,-11.1123139446761
7.015,-0.433866024017334,-8.14121723175049,-1.21394002437592,-48.8480922645838,64.720591291858,-1.55595145731817,1.49200773239136,-9.52340698242188,-0.979205429553986,-40.4914172867758,-23.014375342324,-10.1313314402276
7.02,-0.371818959712982,-8.50992393493652,-1.3221937417984,-47.2448112248555,68.1441826321919,-3.80331912233532,1.30688071250916,-9.68832683563232,-1.03061187267303,-41.0850734237712,-9.94574666274186,-10.0012897610724
7.025,-0.49130979180336,-8.87389850616455,-1.33042430877686,-45.6090492205291,69.6581965145628,-6.29327611020769,1.12336504459381,-9.75085830688477,-1.05123972892761,-41.6816904477718,-0.697422291856951,-10.2957759284584
7.03,-0.752439796924591,-9.20643424987793,-1.26401817798615,-43.828787734122,69.1471412702949,-8.89165552096484,0.987890303134918,-9.73005294799805,-1.04312598705292,-42.2472164506705,6.82575680412824,-11.2001553000443
7.035,-1.13212466239929,-9.48435020446777,-1.13861095905304,-41.8060135510444,66.395107789535,-11.4983101327883,0.940351486206055,-9.63597583770752,-1.00613284111023,-42.7526436190623,14.1857445381518,-12.8993031674157
7.04,-1.57041215896606,-9.65155792236328,-0.953837633132935,-39.325138580334,61.3225926703442,-13.4511781834845,0.977762162685394,-9.55270957946777,-0.828790903091431,-43.1602078370261,23.4253102586433,-15.4543787519481
7.045,-1.97999227046967,-9.78116607666016,-0.763629794120789,-36.3340279880562,56.9154779951906,-15.2041376962318,0.882729291915894,-9.50770092010498,-0.686355769634247,-43.5782529802713,32.7885621672672,-17.6788518363108
7.05,-2.35384893417358,-9.8805456161499,-0.582832217216492,-32.915566119789,53.4447446892053,-16.8488096823304,0.587355196475983,-9.49251556396484,-0.590408623218536,-44.0561408259296,41.7107392423119,-19.2362647406679
7.055,-2.68041920661926,-9.95663738250732,-0.430819928646088,-29.1409918485756,51.3228951971221,-18.4919824419062,-0.0090781711041927,-9.4988489151001,-0.559076070785522,-44.6604930391653,49.4483292888446,-19.6525835536004
7.06,-2.92235493659973,-9.98764324188232,-0.347316473722458,-25.5175884467149,50.1757307750726,-20.0514068369739,-0.921287059783936,-9.48520946502686,-0.515233814716339,-45.3598565988504,52.430686993701,-18.6488377361956
7.065,-3.10440397262573,-9.96156024932861,-0.27968817949295,-22.2214945400704,49.0450919957199,-21.4115826611213,-1.71787655353546,-9.4576473236084,-0.503048837184906,-45.9623031893076,51.3308831033564,-17.2799312227416
7.07,-3.23210120201111,-9.89559268951416,-0.21895045042038,-19.4597946340877,47.800669094984,-22.504498305688,-2.41097140312195,-9.43608856201172,-0.535336196422577,-46.424488430064,46.064301819278,-15.8808233203252
7.075,-3.30760860443115,-9.819411277771,-0.154345542192459,-17.6625703728768,46.2844422313221,-23.1853144866819,-3.05806016921997,-9.45828247070313,-0.636409401893616,-46.669712711835,35.9611474706976,-14.971955660681
7.08,-3.34275436401367,-9.72402191162109,-0.0594272278249264,-17.1361591558074,44.5001270276425,-23.1838528261996,-3.39871692657471,-9.57114601135254,-0.724737823009491,-46.404984824889,21.722018173993,-15.1276566530006
7.085,-3.33148384094238,-9.60294437408447,0.0403102301061153,-17.322893112621,42.5860587203003,-22.8811695780359,-3.34363913536072,-9.69298934936523,-0.833364546298981,-46.2082002447118,7.90015367142088,-15.8949601043598
7.09,-3.27222228050232,-9.46298217773438,0.143983587622643,-18.2210151771535,40.5613789144442,-22.3508361248356,-2.90469861030579,-9.80354690551758,-0.977679193019867,-46.2671516074382,-3.9187727980838,-17.1476321660658
7.095,-3.15822768211365,-9.32456588745117,0.258651912212372,-20.0928695003305,38.4214396663442,-21.6476135082695,-2.11400866508484,-9.87255191802979,-1.19368028640747,-46.9412332219105,-10.5955358556574,-18.7272927040969
7.1,-3.05289816856384,-9.25144577026367,0.435255199670792,-22.2411757301638,36.1051107829286,-20.9424596557155,-1.24441516399384,-9.91018772125244,-1.40899074077606,-47.9170657637248,-11.6689496025964,-20.3618508875821
7.105,-2.95949006080627,-9.23254299163818,0.597492098808289,-23.8588701765882,34.5179899707765,-20.3810283512242,-0.457549452781677,-9.91294956207275,-1.53183174133301,-48.6780342146289,-10.4428811277076,-21.7148328149861
7.11,-2.87479162216187,-9.25895023345947,0.70945531129837,-24.7674099871522,34.105740243042,-19.9654659817423,0.172493249177933,-9.88089752197266,-1.57115042209625,-49.1588727020086,-7.39929163071561,-22.7430955964168
7.115,-2.78055453300476,-9.30016708374023,0.67987847328186,-24.9406577354496,36.0425667406988,-19.5601318205424,0.461566269397736,-9.8178186416626,-1.6604790687561,-49.5716210335525,-1.48346490081264,-23.5817898925283
7.12,-2.68954753875732,-9.31990718841553,0.578173458576202,-24.968453190277,38.5430409392325,-19.2320607592338,0.432808250188828,-9.7512903213501,-1.80578529834747,-50.1170389595347,6.37548384017114,-24.4008422721341
7.125,-2.59943079948425,-9.32591152191162,0.425732225179672,-24.8346139259433,42.0681630415786,-18.9446805499055,0.214743569493294,-9.69244480133057,-1.93566930294037,-50.3648348075281,14.6168199747861,-25.1859008002408
7.13,-2.50525379180908,-9.3171854019165,0.227885112166405,-24.5419403200082,46.8969838413726,-18.6591291237275,-0.139426156878471,-9.65060997009277,-2.03151965141296,-50.1903029836668,22.467096189793,-25.9184368811773
7.135,-2.37362408638,-9.26789855957031,-0.0188677571713924,-24.1977329367854,53.7380535027332,-18.1549194365553,-0.510203838348389,-9.66788101196289,-2.14464998245239,-49.8534756198422,27.9351424411774,-26.4982174888739
7.14,-2.24582028388977,-9.18914318084717,-0.221458211541176,-24.069610540787,60.7143506643762,-17.4740383687642,-0.826055586338043,-9.75165462493896,-2.184410572052,-49.5870606761713,30.0056084201346,-26.9013181782151
7.145,-2.14843487739563,-9.1095027923584,-0.379117012023926,-24.147298819954,67.4295399393335,-16.7157268614473,-1.07838666439056,-9.85340595245361,-2.17534303665161,-49.2503630859409,29.7338147024923,-27.0873076444091
7.15,-2.09919738769531,-9.04417037963867,-0.488976806402206,-24.4428086619419,73.6420819328911,-15.9506654196831,-1.25734984874725,-9.94560432434082,-2.12762856483459,-48.8024631858336,27.6184436448368,-27.041101414674
7.155,-2.13419461250305,-8.99595260620117,-0.551664710044861,-25.0641697537582,79.0301108106016,-15.585743780255,-1.33086669445038,-9.97569942474365,-2.04019474983215,-48.9136552504268,24.952487623092,-27.0924200410029
7.16,-2.24897742271423,-8.98806762695313,-0.594359219074249,-25.6940497990168,83.8679269695324,-15.7702476803045,-1.33298742771149,-10.0000276565552,-1.89062583446503,-49.3392238470428,22.6513883539783,-27.7111293118739
7.165,-2.42395329475403,-9.02041530609131,-0.622781336307526,-26.0793441851918,88.1917918839873,-16.368363930828,-1.28324043750763,-10.0099067687988,-1.747882604599,-49.8273125802265,21.0039791695698,-28.7327719324515
7.17,-2.64721393585205,-9.09537887573242,-0.640610873699188,-26.0036298306949,91.9991032518925,-17.2973208843685,-1.19399333000183,-9.99753856658936,-1.66727042198181,-50.1813042094353,20.2801669477506,-30.051121385669
7.175,-2.82791113853455,-9.16650772094727,-0.666013777256012,-24.8891478638239,94.9397455763931,-18.6315300368388,-1.11998903751373,-9.9929370880127,-1.68701756000519,-50.6488272430281,20.7550119441336,-31.5135058681038
7.18,-3.01901054382324,-9.25296211242676,-0.702071130275726,-23.5183818313684,96.8917999808044,-19.8872022591377,-1.04760575294495,-9.99008083343506,-1.6781051158905,-51.1187374277358,21.4551917114246,-32.5696750949358
7.185,-3.21111369132996,-9.35669994354248,-0.718590974807739,-22.0553809243611,97.559765160875,-21.018551378164,-1.00217461585999,-9.96317672729492,-1.64234232902527,-51.6697492786482,22.4326959420382,-33.2320600104544
7.19,-3.39248991012573,-9.48151111602783,-0.676136672496796,-20.6991683174796,96.4735738375462,-21.9584946909845,-1.01759493350983,-9.87796592712402,-1.57993721961975,-52.4069930674702,23.7741741233327,-33.4859757079442
7.195,-3.61582517623901,-9.56698894500732,-0.590320408344269,-19.634017391889,93.6617283902245,-22.378993579689,-1.15595698356628,-9.73701572418213,-1.42402386665344,-53.5408591112057,25.2502616727898,-33.5937799987091
7.2,-3.84380531311035,-9.60697174072266,-0.568985939025879,-18.6076465728585,90.8818892093535,-22.3861499103919,-1.27481377124786,-9.63222980499268,-1.17920935153961,-54.7132269312926,25.7382769814399,-33.8864604348334
7.205,-4.05001926422119,-9.60712337493896,-0.626289129257202,-17.5987354248938,88.4280891085131,-21.9446464824423,-1.32840168476105,-9.56451416015625,-0.905882954597473,-55.9440133593505,25.1474622031392,-34.519294536908
7.21,-4.18606281280518,-9.57463073730469,-0.785977244377136,-16.5952935509071,86.7067584942648,-20.9291664000433,-1.23813462257385,-9.52981376647949,-0.71498030424118,-57.3148015899208,23.3104589202022,-35.7874523450096
7.215,-4.17580270767212,-9.50461387634277,-0.939654529094696,-16.36618680803,84.1795338598467,-19.2533948551063,-1.10046219825745,-9.47415256500244,-0.601598620414734,-59.1480585140981,22.3749074190181,-37.6840626888334
7.22,-4.03614807128906,-9.43711090087891,-0.9696906208992,-16.7763738186351,81.1335358673987,-17.6538123628135,-1.03089773654938,-9.45078277587891,-0.457981169223785,-61.2522485520822,23.1365657190283,-39.5989130528356
7.225,-3.79187297821045,-9.38853549957275,-0.837244033813477,-17.8518451600616,77.0493764418654,-16.1764134170358,-1.03435587882996,-9.45808792114258,-0.306295186281204,-63.5043941478672,25.1143853045362,-41.4580973751022
7.23,-3.49938821792603,-9.39378833770752,-0.457325339317322,-19.777799704107,70.2173499509659,-14.6982870561115,-1.08976769447327,-9.47478580474854,-0.249477803707123,-65.6297646024676,26.7301433923308,-43.2634632218038
7.235,-3.26694440841675,-9.42472457885742,0.0958547219634056,-21.3868642065151,61.201097265388,-13.4055892320956,-1.19762313365936,-9.48974704742432,-0.311830848455429,-67.8503547242871,27.2723921105381,-45.1466898099489
7.24,-3.11965990066528,-9.46862506866455,0.634232044219971,-21.6982166722828,52.0707121187792,-12.5160902813902,-1.31984007358551,-9.53727531433105,-0.334003865718842,-70.2959107867994,26.8284622578859,-47.0302442471741
7.245,-3.06723165512085,-9.52837467193604,1.0800873041153,-20.3338112534919,43.4857141623014,-12.1094891200994,-1.43053114414215,-9.62675380706787,-0.286396533250809,-72.9917454710684,25.2512315596519,-48.8614043032762
7.25,-3.12979674339294,-9.63015842437744,1.25879502296448,-16.5102423278148,36.4537304683552,-12.3399499479794,-1.44697093963623,-9.76765441894531,-0.190224543213844,-75.9262337951268,21.766781526266,-50.471635060485
7.255,-3.25831890106201,-9.76278114318848,1.22396445274353,-11.4420891381826,31.5006753577479,-13.0772859443552,-1.34707796573639,-9.91003131866455,-0.0917863249778748,-79.0413601321646,17.7446709542476,-52.2075720342734
7.26,-3.39636659622192,-9.89372062683105,1.10073161125183,-6.0675242708736,28.2308110850635,-14.1610670646806,-1.15551114082336,-10.0324220657349,-0.0228993743658066,-81.8443399939436,14.1969947134885,-53.8082097907929
7.265,-3.5150830745697,-10.0071630477905,0.944048941135406,-0.785135207652285,26.484604921858,-15.5102667748318,-0.894618809223175,-10.1192016601563,0.017883937805891,-84.3004213779668,11.6137847259911,-55.2264712511894
7.27,-3.53642058372498,-10.0664339065552,0.871511697769165,3.71976029557667,25.6532786923137,-16.8312338980487,-0.698297500610352,-10.1093883514404,0.137030437588692,-87.5647463672343,11.0134486639874,-56.8373679518423
7.275,-3.50991106033325,-10.0941295623779,0.870685219764709,7.49215488267111,24.1916660212552,-18.1629671069448,-0.667905569076538,-10.1180324554443,0.301716566085815,-91.3171293538343,12.4892023879488,-58.9455775561531
7.28,-3.46120166778564,-10.113169670105,0.95860755443573,10.5517355600574,21.8667037787287,-19.510088732041,-0.722931981086731,-10.1940593719482,0.420067965984344,-95.1295497032386,14.3364321716207,-61.3821587500959
7.285,-3.40335512161255,-10.1387844085693,1.15602874755859,12.8687705142784,18.5086754242377,-20.8681284145255,-0.825706005096436,-10.3715658187866,0.449941217899323,-98.7839877771406,15.695311967373,-64.0695444903616
7.29,-3.35004734992981,-10.236029624939,1.58583962917328,14.4339058012659,14.1400983839286,-22.0974378141755,-0.977592587471008,-10.7320880889893,0.551896870136261,-102.36191407196,16.9112871302158,-66.8881518249616
7.295,-3.35487699508667,-10.4795608520508,2.04443001747131,16.0525820873835,10.7691695096429,-23.0065172096839,-1.17298746109009,-11.2091264724731,0.653279542922974,-106.014036711733,19.4629194456329,-69.3558581909522
7.3,-3.41382479667664,-10.8678636550903,2.46386814117432,18.1745272021151,8.71196775805379,-23.5224628693975,-1.35690414905548,-11.7744207382202,0.714434683322906,-109.924265370052,21.8042809723566,-71.5482737824454
7.305,-3.52700638771057,-11.4085931777954,2.78768849372864,21.1884916073558,8.30050094075295,-23.56317762704,-1.48487532138824,-12.4108829498291,0.701337575912476,-114.25476922838,22.692063838033,-73.5087293195358
7.31,-3.64914560317993,-12.1466073989868,2.92153239250183,26.6641057083406,9.11077311218073,-22.3800181080645,-1.49460792541504,-12.9204521179199,0.7866250872612,-119.327584875895,22.9043409947951,-75.0484178829968
7.315,-3.7656683921814,-12.9830904006958,3.00022053718567,32.0123350737573,9.56942543758896,-21.1229200837764,-1.45175051689148,-13.5788450241089,1.10104405879974,-124.427769091413,24.0264471603271,-76.2523889883733
7.32,-3.86273598670959,-13.8346338272095,3.07488894462585,38.0203265620514,9.3843879290105,-19.5764388971858,-1.34452688694,-14.3715686798096,1.52861952781677,-129.522817004676,25.4799745949557,-77.338737406053
7.325,-3.92146444320679,-14.597601890564,3.20947623252869,45.7278159649119,8.13918467916194,-17.4476243196965,-1.15318977832794,-15.2907495498657,1.93234348297119,-134.571556235366,26.5636985124468,-78.5724539852649
7.33,-3.93661308288574,-14.9894819259644,3.41953897476196,56.8698728221024,5.54386690070024,-14.1699591172063,-0.906388998031616,-16.0896663665771,2.04104399681091,-139.698023018811,29.0520525402983,-80.5597453356042
7.335,-4.03700828552246,-15.2044506072998,3.53645420074463,69.5959803214132,2.54815276092182,-10.6828273807974,-0.711877346038818,-16.8033885955811,1.99310576915741,-143.954446645401,32.4939248819457,-82.9194664108169
7.34,-4.21537256240845,-15.3064403533936,3.48869848251343,83.701789448161,-0.582408149453725,-7.15460053058673,-0.55280613899231,-17.4589672088623,1.78034865856171,-147.087550040334,36.0753789694715,-85.3319643577463
7.345,-4.45256376266479,-15.3842525482178,3.14117050170898,99.1401206706542,-3.45883404923408,-3.8010852235899,-0.389639645814896,-18.0978488922119,1.35535824298859,-148.599002601766,38.3164152625715,-87.2372524569105
7.35,-4.547194480896,-15.4579706192017,2.60603880882263,114.446287732708,-7.28694014151078,-0.917557261094052,-0.0485002510249615,-18.8508644104004,1.51934087276459,-150.752301699883,40.5934637280703,-88.5507114946823
7.355,-4.51729488372803,-15.5159940719604,2.07384347915649,129.283582798807,-12.9542213034372,1.47746447290508,0.204974934458733,-19.5488758087158,2.4524827003479,-154.500723176764,45.0698809176375,-89.5515322835751
7.36,-4.36273431777954,-15.5254135131836,1.6065057516098,143.755210027312,-20.6644265602663,3.46359191632123,0.175049617886543,-20.1041889190674,4.16698837280273,-159.455492664853,53.6024605873301,-90.4545447635533
7.365,-4.06524133682251,-15.3902978897095,1.32076787948608,158.25051069148,-30.8732712560635,5.24198491910355,-0.636859178543091,-20.310230255127,6.70387315750122,-164.24865987718,71.1748400197641,-91.7742465942265
7.37,-3.5787672996521,-15.1166009902954,1.27055311203003,170.804726235043,-43.2786399021395,7.78934580496847,-2.25264930725098,-20.1997299194336,7.29987478256226,-162.464109031974,97.4086950368127,-93.9564852038564
7.375,-3.04008984565735,-14.8815603256226,1.28917336463928,180.375829337847,-58.4759542393905,10.7032231794327,-3.82869124412537,-19.9448623657227,6.0581431388855,-155.333896972479,118.372601486522,-96.1209311706985
7.38,-2.40187191963196,-14.7545852661133,1.32557249069214,186.619742390263,-76.8880132227238,13.6760237420931,-5.09558439254761,-19.5972137451172,3.43374252319336,-144.114778505978,130.026570776721,-97.7770676293189
7.385,-1.30642831325531,-14.8823537826538,1.30817544460297,188.97292014425,-99.8924045360286,15.6747650508023,-5.63975429534912,-19.2253475189209,1.44716107845306,-133.439698267247,127.448748100932,-97.5162295351053
7.39,0.336335122585297,-15.2733821868896,1.14715099334717,191.024189876545,-127.849147450456,15.8421576194337,-6.3100790977478,-18.5179252624512,-0.436327695846558,-125.648515141391,122.295643579724,-96.0786249789794
7.395,2.21739459037781,-15.7258176803589,0.593656301498413,195.260710331894,-157.609046645389,15.1088702176884,-7.17462348937988,-17.6435680389404,-1.90115129947662,-118.654155544488,120.392602612797,-94.59825660846
7.4,4.17480134963989,-16.1168155670166,-0.451116979122162,202.728306415631,-186.272932704966,14.0623546094746,-8.2225341796875,-16.6493110656738,-2.90957474708557,-111.22286191619,121.436924876513,-93.5256778521471
7.405,5.70320653915405,-16.0033397674561,-1.99520075321198,214.407424462354,-198.856572703474,15.0680547147557,-9.13125705718994,-15.4894485473633,-4.13220691680908,-99.0252027378688,106.174969628957,-93.3575664061055
7.41,6.50119972229004,-15.353102684021,-3.16203236579895,222.598269277303,-189.036563846937,19.1063921086947,-9.27204513549805,-14.2234535217285,-6.33841753005981,-90.7040720645014,65.5660252771331,-92.8076542156495
7.415,6.72974348068237,-14.4421710968018,-3.98936080932617,226.706696364958,-169.041581202696,24.1167081102089,-8.66427326202393,-12.9638872146606,-9.42606163024902,-83.8685485167469,5.84083114609453,-90.2656900330025
7.42,6.44711494445801,-13.425482749939,-4.50157260894775,226.199431875679,-144.454320869998,29.1389359616355,-7.24156141281128,-11.766716003418,-13.239426612854,-77.4639689244851,-68.8327271722317,-84.7294187295461
7.425,5.74260950088501,-12.7299470901489,-5.11850214004517,221.204241328082,-109.76620113228,35.4960354938819,-4.37361764907837,-10.5636053085327,-15.0646295547485,-73.7347471093607,-123.508739817831,-75.4471574965529
7.43,4.77643156051636,-12.2665166854858,-5.87274074554443,215.927086911169,-64.1388709104372,43.2382154275368,-0.557941138744354,-9.40929985046387,-14.1968870162964,-75.0789351682084,-165.039267933987,-60.1525266240077
7.435,3.65770506858826,-11.9756088256836,-6.55282354354858,211.184668004375,-13.2962020449905,51.2185777179285,3.09570622444153,-8.22900104522705,-12.0504693984985,-78.8847575548745,-188.670574990451,-40.7204471900246
7.44,2.46394348144531,-11.8203630447388,-6.98590278625488,207.659743977515,38.5253814851334,58.5388807722138,5.69412517547607,-6.96158599853516,-9.67273712158203,-83.2241474893129,-189.523201164922,-18.3898847741929
7.445,1.40448212623596,-11.7795515060425,-6.39408731460571,202.456027754557,73.9297148592187,62.2472158688563,5.76428318023682,-5.36264562606812,-10.910662651062,-84.9967113525254,-162.713533880084,-1.97143250486028
7.45,0.340275913476944,-11.7824640274048,-5.20827770233154,193.641327121197,95.8171106960379,63.8714280232962,6.24376583099365,-4.30673599243164,-11.9622001647949,-82.5380618173743,-145.813747080884,9.45306718866227
7.455,-0.819914996623993,-11.8293724060059,-3.65444874763489,182.136433539823,107.989306929134,63.9536498405248,7.29459810256958,-3.86325812339783,-11.6852712631226,-75.6061164891067,-129.694022526412,17.3162609989369
7.46,-2.1981086730957,-11.9239988327026,-1.98820924758911,168.891344361713,114.475527772544,63.0564020402061,9.16429996490479,-4.16652059555054,-8.54276752471924,-63.5526084532184,-102.943518340165,23.1441916252366
7.465,-3.83618187904358,-12.0253028869629,-0.464694112539291,156.905960632606,118.969805906791,61.6828646584949,10.0309019088745,-4.78825330734253,-5.68439817428589,-49.3199558833942,-57.3924881615405,26.8484644668703
7.47,-5.20749378204346,-12.1014938354492,0.782883286476135,145.471909773303,119.065715423117,60.3255967873866,9.40158081054688,-5.95886468887329,-4.09568548202515,-32.7569930329234,-11.923652479388,30.5397292132296
7.475,-6.32372903823853,-12.1635475158691,1.87764811515808,134.696125225449,112.700245494042,58.9966673711447,7.65743207931519,-7.48126220703125,-3.64277386665344,-14.7119166986002,28.3858888226214,34.4363726252894
7.48,-7.23561239242554,-12.2341213226318,3.05082702636719,124.92500686299,95.5376398457685,57.6700465588423,5.4550576210022,-8.99478435516357,-4.08786344528198,3.34828231487555,55.3609269400957,38.7516144259172
7.485,-7.63095855712891,-12.2219333648682,4.13969326019287,118.198800492902,64.5759483758047,55.7227357208096,3.92105269432068,-9.08181285858154,-4.87913608551025,17.9555871958176,64.0186527508558,46.2155529433533
7.49,-7.45652866363525,-12.0801725387573,4.69016170501709,113.300653273032,28.3926916910347,53.1646078954918,2.75499200820923,-8.22224426269531,-5.72898387908936,31.337389440355,65.6736690584524,55.8926435066029
7.495,-6.71216344833374,-11.7974433898926,4.5858039855957,109.686035201991,-9.88903304074231,50.1127393554521,1.93815886974335,-6.66873455047607,-6.47454595565796,43.2031253306759,63.4830566369001,66.368511032907
7.5,-5.36495065689087,-11.344799041748,3.59351444244385,106.330083225008,-44.4937203102011,46.8592265556407,1.55709648132324,-4.91869449615479,-6.73714399337769,51.7597540964361,62.1670909197029,73.9414696147803
7.505,-3.74208426475525,-10.7138328552246,2.04509544372559,102.709905379983,-68.8034461512599,43.5927807926359,1.76629281044006,-3.73667049407959,-6.2560567855835,61.3494831251066,60.3671038469728,79.9280347996481
7.51,-2.17884182929993,-9.99087142944336,0.434815973043442,99.386260197774,-84.0040116585558,40.5283242139559,2.28551411628723,-3.03564262390137,-5.58501529693604,72.8257855346154,56.1848663200527,85.2022249144619
7.515,-0.798202037811279,-9.2107629776001,-1.06110119819641,96.661021549128,-90.5404822036904,37.8864992505488,2.99525737762451,-2.76742076873779,-4.93871307373047,86.0350913516641,49.4107598333149,89.8707480046248
7.52,0.161211222410202,-8.44979572296143,-2.11455059051514,95.3820822874215,-89.3039993978647,36.4820484326541,3.61807656288147,-2.79413771629333,-4.76532697677612,99.4072903502284,40.9647903773927,93.5575270242468
7.525,0.617425739765167,-7.71813058853149,-2.73885440826416,94.8078204725743,-82.0834102752724,35.2882543091409,3.75408506393433,-2.87651991844177,-4.84404850006104,111.625460586627,37.4249184815339,98.4709123961547
7.53,0.674526929855347,-7.03075504302979,-3.09304928779602,94.5588190961924,-71.5155435159427,34.0019760091712,3.40917658805847,-3.03508973121643,-4.92658948898315,122.539645257633,37.8617637204696,104.922401727636
7.535,0.372383862733841,-6.403151512146,-3.21594834327698,94.3998191225036,-58.8144106033321,32.5588799809526,2.59709978103638,-3.29645204544067,-4.91756343841553,131.948381103488,41.0112937203567,113.012603705165
7.54,-0.156507328152657,-5.90689134597778,-3.04823184013367,93.4106847872807,-47.2776985857091,31.3010016075517,1.53186881542206,-3.79795622825623,-4.73570966720581,138.978489910507,38.3229517536072,122.305205844562
7.545,-0.554883658885956,-5.48509836196899,-2.7059760093689,90.9787891031085,-37.8939509869333,30.3404925951404,0.842544436454773,-4.26850986480713,-4.62704277038574,145.802367985726,25.1951113103365,130.663827426283
7.55,-0.788222908973694,-5.13747644424438,-2.2594108581543,87.3105608772723,-29.9703817194903,29.445570474234,0.505793809890747,-4.75349473953247,-4.56596374511719,152.864510379953,7.45437283750354,137.996636556939
7.555,-0.829873263835907,-4.8743143081665,-1.74356055259705,82.4608055476722,-23.1853435149859,28.467048545434,0.533918440341949,-5.28033399581909,-4.54042196273804,160.384671599542,-11.871754994527,144.160895943254
7.56,-0.693102300167084,-4.80946207046509,-1.22599542140961,76.6912696236816,-16.870546759364,26.8559998730721,1.01743257045746,-5.89708232879639,-4.52914047241211,167.857021494941,-29.0279112366769,148.486345461596
7.565,-0.534737825393677,-4.88446283340454,-0.7756507396698,70.7811957273288,-11.0312148397923,24.9569665196403,1.83703064918518,-6.4810996055603,-4.6093602180481,175.120995979141,-41.7088882610468,150.862131141737
7.57,-0.395445168018341,-5.04196643829346,-0.419131994247437,64.9479546289494,-6.08424670839591,23.0182685501509,2.81874513626099,-7.05357503890991,-4.70224761962891,182.447330090464,-49.4381693824542,151.302241211096
7.575,-0.308758169412613,-5.24137687683105,-0.183359324932098,59.3692473601798,-2.41609468185762,21.2351213088195,3.83403778076172,-7.63066577911377,-4.74583292007446,190.055341203157,-51.533326495261,149.699318756299
7.58,-0.259232401847839,-5.54366064071655,-0.0540987551212311,54.5399552773331,-0.894005541536232,20.2967728451702,4.65885925292969,-8.11301898956299,-4.82296180725098,196.015227669127,-49.8805026783879,147.076416831987
7.585,-0.183151036500931,-5.84874820709229,0.046300295740366,50.1575351511237,0.31178396830464,20.0629788849752,5.26371908187866,-8.40939998626709,-4.97197532653809,202.823505592282,-44.8133663331685,143.633591678951
7.59,-0.0707011595368385,-6.13473749160767,0.118745595216751,46.2535902668411,1.66743679315888,20.3972380976719,5.66186857223511,-8.51291561126709,-5.14385271072388,210.565839205194,-36.9869462613852,139.87676906939
7.595,0.093243733048439,-6.37264013290405,0.162227392196655,42.9046289884734,3.77017306806689,21.1717525212474,5.85405540466309,-8.40007019042969,-5.27876424789429,219.421712218871,-27.0119689503166,136.417401198184
7.6,0.276156336069107,-6.6147837638855,0.184743672609329,40.2358316080339,6.34804568961473,21.712665937472,5.88900136947632,-8.21072673797607,-5.10219430923462,227.46706034412,-17.2865582137838,135.791455341887
7.605,0.438866764307022,-6.8195595741272,0.157686471939087,37.7463540140639,7.55793984966209,21.5407551987046,5.80020666122437,-8.1674165725708,-4.86491966247559,235.161637274355,-7.66155808823941,136.512040299323
7.61,0.549483060836792,-6.96998023986816,0.0772643908858299,35.2856622523509,6.42910039826892,20.6784950424093,5.58208799362183,-8.33041477203369,-4.71537065505981,242.49444640501,2.11681692332541,137.895877606303
7.615,0.546218037605286,-7.03251934051514,-0.0663122683763504,32.6242790422554,1.07003269657812,19.1462496775963,5.20692825317383,-8.81222248077393,-4.9176173210144,249.358021539686,12.5298650653989,138.874589072852
7.62,0.429442971944809,-7.05284261703491,-0.253396540880203,30.3993415050292,-6.07675484465005,17.978198537065,4.8654260635376,-9.44918060302734,-5.3800106048584,254.677072336969,20.0696741779091,138.365931224983
7.625,0.308138877153397,-7.05843496322632,-0.479123800992966,28.0344858351079,-16.3901488191857,16.8820146469804,4.62382984161377,-9.97032356262207,-5.66162586212158,258.666230661336,23.291998626423,136.758186656632
7.63,0.21966427564621,-7.05644083023071,-0.729340851306915,25.4959811432756,-30.1135458995883,15.9027892086959,4.44589757919312,-10.3551387786865,-5.66198587417603,261.740034353895,22.067277406348,134.000347515078
7.635,0.236053332686424,-7.05696153640747,-0.966869950294495,22.8794961816892,-47.7635914130746,15.2886390890959,4.20789957046509,-10.6300868988037,-5.22356033325195,264.943229150091,16.1394962445719,129.698134300292
7.64,0.378180146217346,-7.08394479751587,-1.15950155258179,21.0521559088805,-64.450013347888,15.2860316643802,3.71377229690552,-10.7917413711548,-4.79026460647583,268.17956402414,8.78346617828549,124.812636590765
7.645,0.606336116790771,-7.10601711273193,-1.31701982021332,19.7898413276137,-79.1154745148484,15.34040850791,3.15613913536072,-10.8967866897583,-4.50284194946289,271.334537684796,-0.428131064813076,120.320953928403
7.65,0.90771472454071,-7.1055850982666,-1.4309366941452,18.9132002080209,-91.1981474584926,15.1797931944826,2.66005849838257,-10.9606895446777,-4.40038537979126,274.277474952858,-11.6097532068335,116.641845211219
7.655,1.26226115226746,-7.03191614151001,-1.45185828208923,17.80939553437,-99.1335090475376,14.0895182718038,2.61651420593262,-10.9989376068115,-4.52458810806274,276.512749981393,-24.8682133340178,114.75264220755
7.66,1.55032730102539,-6.92522478103638,-1.40749907493591,16.0110118485475,-103.098392879595,11.9419590939109,3.05654835700989,-11.0077438354492,-4.65435123443604,277.375047703728,-33.6138505095852,114.351737424027
7.665,1.74463415145874,-6.80525732040405,-1.30025255680084,13.7814980845773,-104.165343560032,9.17019490418619,3.62910389900208,-10.9820699691772,-4.7167501449585,277.290326037264,-38.0894412462628,115.193708503393
7.67,1.83209824562073,-6.67912578582764,-1.13478291034698,11.1779076663703,-102.5151425358,5.95787113327775,4.16809034347534,-10.9156284332275,-4.67246150970459,276.281671021393,-38.131713287036,117.30091748499
7.675,1.80651009082794,-6.55274677276611,-0.957543790340424,8.03993434655884,-97.3691619018966,2.73924139021809,4.27706384658813,-10.7806043624878,-4.42427444458008,273.599264489032,-32.834375661125,121.216391728592
7.68,1.68242084980011,-6.44646167755127,-0.709642350673676,3.99890030855816,-89.3101055869827,-0.228438424875,4.009934425354,-10.6098117828369,-4.16542959213257,269.583003974038,-26.5512385398534,125.543890303685
7.685,1.46023535728455,-6.36190128326416,-0.376587212085724,-0.657851750983041,-78.6834718800342,-3.07161717825113,3.54407334327698,-10.4686241149902,-3.91037225723267,264.237725250342,-20.8641686123542,129.572008027079
7.69,1.13808977603912,-6.30109643936157,0.0533869117498398,-5.79351031486421,-65.4855451581428,-5.82501669684501,2.96430563926697,-10.3968944549561,-3.6638879776001,257.528840239989,-16.5932598620817,132.854392036512
7.695,0.776686012744904,-6.26338911056519,0.569229662418365,-11.0595054833345,-48.9343370632336,-8.03687356803703,2.31120443344116,-10.461353302002,-3.37108278274536,250.116336462098,-12.8765244865337,134.414243318402
7.7,0.459775596857071,-6.2958927154541,1.12104141712189,-16.2260962130585,-30.9562478091954,-10.002533709275,1.76481735706329,-10.5463542938232,-3.08690285682678,242.972067873291,-10.795314620012,134.745671417688
7.705,0.184099584817886,-6.39303064346313,1.69185900688171,-21.133530782652,-12.2610808998596,-11.9972563054314,1.24661195278168,-10.634916305542,-2.79090070724487,236.01538359985,-11.1636948964811,133.972207135697
7.71,-0.0504114180803299,-6.55432224273682,2.26934456825256,-25.6387901535368,6.63012524526026,-14.2419066223759,0.695807695388794,-10.7137403488159,-2.46607828140259,229.193554581381,-14.7795663072346,132.124490701047
7.715,-0.179216340184212,-6.75555944442749,2.84603381156921,-28.6975486469017,24.3041233783921,-16.8329892566654,0.142922207713127,-10.6853170394897,-2.34647035598755,222.169702227642,-20.9803364697578,128.311537596888
7.72,-0.219901666045189,-7.00936365127563,3.45096111297607,-30.6222139927413,37.8488614931274,-19.0374089056249,-0.285714715719223,-10.593071937561,-2.33688378334045,214.788193848204,-27.5920739919987,123.141630810322
7.725,-0.184478148818016,-7.33036851882935,4.07725954055786,-31.5070923204731,49.0122797669472,-21.2163485338857,-0.552474141120911,-10.4652271270752,-2.37079000473022,207.174281452067,-35.0079296852253,116.839879716014
7.73,-0.0821817070245743,-7.7421293258667,4.71794366836548,-31.3906751611648,59.8073356935444,-23.8216388154224,-0.597626686096191,-10.3345031738281,-2.36794805526733,199.467451162462,-43.7837289761674,109.602010214822
7.735,-0.0102453706786036,-8.24140739440918,5.42693281173706,-29.7680441955178,71.0883288437367,-27.254078665826,-0.28844952583313,-10.1016902923584,-2.44045829772949,193.939137029388,-51.1727403184085,104.444882712193
7.74,-0.0620947740972042,-8.8154878616333,6.2762131690979,-26.9661264281548,80.5953442815584,-30.4644844342382,0.216825172305107,-9.71157455444336,-2.36436772346497,187.59813966811,-57.8063976252433,99.6614416892446
7.745,-0.25265446305275,-9.45123195648193,7.26344585418701,-22.8743581718861,88.2443160387047,-33.1316425692769,0.879766702651978,-9.16216278076172,-2.11382150650024,179.86180296129,-63.6056585325018,94.7882793013589
7.75,-0.614969372749329,-10.1315765380859,8.39114570617676,-17.1130577484872,93.9182702954502,-34.7001920970757,1.66081166267395,-8.43871974945068,-1.64504241943359,169.79419974734,-68.2664703390918,89.1176308561717
7.755,-1.15415406227112,-10.7469615936279,9.52462768554688,-9.42889002654772,98.039449346285,-34.5059244416077,2.50146412849426,-7.63927268981934,-1.36524450778961,158.43911953522,-68.4996325067885,82.2886916107771
7.76,-1.8041113615036,-11.2480278015137,10.5420083999634,-1.29653361556509,100.48383061626,-33.0567871110681,3.299476146698,-6.84400701522827,-1.2308337688446,146.157291935757,-63.3637400622892,74.399850440169
7.765,-2.53881025314331,-11.6063547134399,11.3888530731201,6.71246061438383,100.407714988149,-30.4724381895267,3.99313473701477,-6.07963037490845,-1.21550977230072,132.905768719448,-52.4225044270753,65.643520603456
7.77,-3.31426358222961,-11.7442312240601,11.9356231689453,13.4604322360362,95.1726823478472,-26.8130567662129,4.43060398101807,-5.39748764038086,-1.26944053173065,118.340281031369,-34.221320704177,56.4647982080911
7.775,-3.84747910499573,-11.7246723175049,12.0874032974243,17.9253840993078,83.7829662464466,-22.4454649806916,4.39703559875488,-4.91801261901855,-1.28688061237335,103.065867518767,-10.9083124158671,48.4691875203774
7.78,-4.27526521682739,-11.5446920394897,11.8634853363037,19.6016149744665,68.9106186495266,-17.6984835075327,4.13876342773438,-4.61526489257813,-1.28894186019897,87.4330944709823,13.6198078701293,42.0519959838132
7.785,-4.626540184021,-11.1932134628296,11.2521877288818,17.9869889905268,51.1198678240434,-12.6589360039182,3.67294764518738,-4.48393392562866,-1.28607058525085,71.4762562678368,37.6719322728674,37.2686574137024
7.79,-4.89944219589233,-10.6215333938599,10.1796970367432,11.2438890012999,30.3716587483231,-7.40317459325877,2.83333468437195,-4.52518367767334,-1.305903673172,55.0047667258254,57.2529371515134,33.9825953474013
7.795,-4.90951871871948,-9.98908615112305,8.95011425018311,1.07010355979076,7.8752303111395,-1.93861622066272,1.64657688140869,-4.68404483795166,-1.49984419345856,38.4694251603581,70.0254079749102,30.420788299023
7.8,-4.66633558273315,-9.4154109954834,7.73271989822388,-10.2248555129853,-14.6575996192257,3.63619250419474,0.330978810787201,-4.88733196258545,-1.76098048686981,22.2686774868568,77.4139787699498,26.1293343397271
7.805,-4.16555261611938,-8.95889854431152,6.59929609298706,-21.4937669123095,-36.136123256855,9.20711463797105,-1.02663767337799,-5.10906600952148,-2.0374584197998,6.60130184696281,79.4710541630392,20.8899764821331
7.81,-3.40945219993591,-8.74323177337646,5.65552377700806,-29.6297362799197,-52.5331056803054,14.104493461559,-2.29982280731201,-5.33157062530518,-2.19165205955505,-8.12180099395061,74.0441205278164,14.387257316782
7.815,-2.63258743286133,-8.62259006500244,4.78685188293457,-34.0583523905805,-61.9539821874094,18.0935143283696,-3.3017246723175,-5.58007669448853,-2.23603129386902,-18.9731436557242,66.6603718463308,8.9541415065867
7.82,-1.88168442249298,-8.56543731689453,3.9951057434082,-36.1198093500225,-66.127664902394,21.1069886675373,-3.94627928733826,-5.8478217124939,-2.23336458206177,-28.4714044985772,56.2398356824929,3.42532450083576
7.825,-1.18341815471649,-8.56517314910889,3.28931212425232,-36.3838883689972,-65.5123604808243,23.0564612604424,-4.15458822250366,-6.13021278381348,-2.22834014892578,-37.9584313877928,41.9438535986844,-2.84932077430684
7.83,-0.548083961009979,-8.73913192749023,2.73770809173584,-34.7418938170533,-57.1784368631415,23.9635701463753,-3.68142247200012,-6.38957977294922,-2.4760913848877,-49.0131813519176,21.9728380882415,-10.4059665165646
7.835,0.0176999662071466,-8.97560691833496,2.28044509887695,-30.8818704642285,-42.959612011292,23.9560193722478,-2.845219373703,-6.62492656707764,-2.78114199638367,-59.8600784143152,3.34444225445812,-17.158888317818
7.84,0.482042044401169,-9.18227767944336,1.95044207572937,-25.3641806904091,-25.4569039234867,23.0047703888037,-1.81224226951599,-6.83151483535767,-3.1012556552887,-70.3408875824839,-12.2783262737402,-22.9550671022135
7.845,0.813348412513733,-9.28383731842041,1.7816915512085,-18.5333392373307,-6.53945533780199,21.0289298506078,-0.702775895595551,-7.00381183624268,-3.40373754501343,-80.3072537325564,-23.3878278880255,-27.6141372105651
7.85,0.943838059902191,-9.05435180664063,1.77769351005554,-12.0465882004854,7.5951430362975,18.419488521603,0.176807507872581,-7.13100051879883,-3.84818887710571,-89.1139971955333,-27.486016522114,-30.5366112318735
7.855,1.04055297374725,-8.62958717346191,1.76054859161377,-6.93091055460834,17.7739041638953,16.104015119381,0.784713208675385,-7.32796049118042,-4.31044006347656,-96.9796498739091,-27.1120807405288,-32.4022295923383
7.86,1.12086522579193,-8.07931900024414,1.76727831363678,-3.2437720962813,24.6324966755715,14.2202967576156,1.08695697784424,-7.63402938842773,-4.45713567733765,-103.962384488845,-20.3154704880231,-32.8183281316701
7.865,1.20533931255341,-7.48155641555786,1.84623384475708,-1.1672612931869,28.7141767424361,12.9746700360385,1.01732814311981,-8.10702323913574,-3.8451714515686,-110.067357833164,-4.15143764263159,-31.1800662781075
7.87,1.2033679485321,-7.05526876449585,2.07368755340576,-0.597919509058824,30.8093816665672,12.731532377059,0.322931736707687,-9.57996368408203,-1.4477082490921,-106.382334172159,-0.0822567619171503,-28.7876525024325
7.875,1.14774012565613,-6.76110649108887,2.26040887832642,-1.29439224453858,32.1252210252647,13.0904152754872,-0.246125563979149,-11.3596897125244,0.587462306022644,-95.7551198991309,-3.79820501819427,-26.3721390269846
7.88,1.00331723690033,-6.54680347442627,2.39249897003174,-3.78551708803732,32.2712641300979,13.9339709587405,-0.698782861232758,-13.273549079895,2.29215621948242,-80.2389655012346,-10.2500956232894,-23.4660472144005
7.885,0.690722286701202,-6.32587766647339,2.45779180526733,-9.28761866262341,30.2575536080489,15.1330303043301,-1.11868357658386,-15.0814895629883,3.91795325279236,-62.9098603315635,-10.6126949983997,-19.055051284251
7.89,0.162730231881142,-6.1618013381958,2.4141902923584,-17.3399480949785,24.5671010293632,17.0326732521453,-1.89279544353485,-16.3147373199463,5.15244817733765,-47.0040743773692,-17.1616579595264,-12.6526257628988
7.895,-0.327027291059494,-6.15977573394775,2.22423028945923,-25.5779809793562,19.2638399218946,18.9848898735494,-2.73837327957153,-16.6810131072998,5.56147146224976,-35.2315637390298,-27.1398864406399,-6.60695084029323
7.9,-0.727854490280151,-6.33342504501343,1.85805904865265,-33.4852346324193,16.5903621543263,20.7127672241171,-3.52483439445496,-16.1237831115723,5.24580335617065,-27.6661712992096,-39.9179272833048,-0.886360158616607
7.905,-0.976417899131775,-6.70009517669678,1.22643756866455,-40.3889644492256,21.8318595686778,21.6259686387897,-3.96974277496338,-14.5009107589722,4.59062194824219,-23.9197408224713,-54.921769682126,5.42559833324006
7.91,-1.24614584445953,-7.15978050231934,0.287188947200775,-45.9978099277079,36.2699403230739,21.0801152882479,-3.61919784545898,-12.6680774688721,3.93309044837952,-22.0742493219433,-76.4968073078222,9.85744000073642
7.915,-1.61555147171021,-7.65490102767944,-0.813450038433075,-52.224790941171,52.1984844675827,19.1486590268261,-2.57554984092712,-11.0633459091187,3.22837328910828,-21.9898708724842,-102.618858958347,10.9048102363701
7.92,-2.099778175354,-8.18899917602539,-2.02868294715881,-59.4407935917357,66.5710876135004,16.0652025694224,-0.88796466588974,-9.85818862915039,2.60910606384277,-23.9255550210023,-130.536376096371,8.45071814494268
7.925,-2.69098401069641,-8.83618640899658,-3.28636384010315,-67.463588432346,72.8772919911465,12.8464366494661,1.31646406650543,-9.41475200653076,2.73909139633179,-29.2295452511649,-149.433050661695,3.45356861371423
7.93,-3.35933375358582,-9.99410820007324,-3.88604426383972,-79.9079608736775,71.7163647379194,8.6184786900156,3.5263729095459,-9.77093315124512,2.73739671707153,-36.8913987450859,-159.116155206509,-2.68522313161975
7.935,-4.14658689498901,-11.7551279067993,-3.61567878723145,-93.0089535508681,63.9823912765522,3.22473443807377,5.38613939285278,-10.5837755203247,2.25115752220154,-45.0611382754999,-160.554401800417,-9.05369065996599
7.94,-5.05482959747314,-14.1944313049316,-2.36845135688782,-104.246643301723,49.2528731804609,-3.22960521672564,6.71380090713501,-11.681736946106,1.25297677516937,-53.0178544509849,-152.887391513672,-15.0261395513667
7.945,-5.95618295669556,-17.5087509155273,-0.0904674157500267,-103.651119107989,23.3322762519585,-9.18094306061885,7.1191463470459,-12.5214376449585,0.61519181728363,-59.9547448362116,-128.629018449888,-18.0475112967622
7.95,-6.64399385452271,-20.9248714447021,2.3779821395874,-91.1955861375539,-9.77647237699414,-13.6233561534031,6.97195720672607,-13.1144142150879,0.178944662213326,-65.8599692982537,-97.7330402299291,-19.2431410336149
7.955,-6.9900221824646,-23.8973770141602,4.80423402786255,-69.5542137146385,-46.4119925989775,-16.5322201690166,6.32188415527344,-13.4732046127319,-0.24099138379097,-70.7956005962883,-65.593585090434,-19.7744051000895
7.96,-6.88258171081543,-26.0312175750732,7.0267481803894,-39.7726320841857,-84.6298414016365,-17.7733816544238,5.15767478942871,-13.575478553772,-0.756899833679199,-74.7768973729213,-35.3282040855963,-20.2098740559074
7.965,-5.87136793136597,-25.840539932251,8.39030075073242,-4.45299775156364,-120.686287086729,-16.6995871244386,3.30796909332275,-13.1343574523926,-1.64654183387756,-78.4579185430729,-13.0516522444001,-20.4151434385811
7.97,-4.27614164352417,-23.6765289306641,8.34860229492188,27.8301675562762,-151.031943304882,-14.9245336572736,1.22025275230408,-12.523964881897,-2.52544569969177,-82.2625456466343,0.661520683145248,-19.7595972499689
7.975,-2.57344341278076,-20.635835647583,7.39837694168091,53.4164677060414,-172.757873469722,-12.8166151897762,-0.943956613540649,-11.8724584579468,-3.13347172737122,-85.4224370434923,6.52497149478015,-18.6956142867264
7.98,-1.13598251342773,-17.537633895874,5.87935209274292,68.9825132207301,-183.021079641123,-10.6486610670217,-3.06078720092773,-11.2793254852295,-3.24698495864868,-87.2866005736639,4.62611615315361,-17.558246063494
7.985,0.0268807057291269,-14.0553693771362,3.63781476020813,65.8833558659719,-169.821588805912,-9.01444610054239,-4.55711317062378,-10.9325265884399,-2.82863092422485,-86.4224040587388,-12.0596705740669,-16.4435062569819
7.99,1.07440495491028,-10.4215841293335,1.10312581062317,55.2311977420951,-142.202653387455,-8.53975222209474,-5.42219305038452,-10.7217512130737,-2.64433360099792,-84.4599745969783,-35.2510297781644,-15.9704985814856
7.995,1.92024266719818,-6.9521336555481,-1.49207317829132,39.3945811136255,-101.761492632592,-9.05530770725199,-5.67797470092773,-10.5901250839233,-2.71623420715332,-81.9910866082613,-61.5670383105498,-16.1861276535829
8.0,2.44039154052734,-4.0565037727356,-3.86014342308044,20.9505807506386,-49.5184787467152,-10.4246095179042,-5.30516529083252,-10.472279548645,-3.09185767173767,-79.7203082564205,-87.0002312323328,-17.2023044152771
8.005,2.87301921844482,-1.90262186527252,-5.79630899429321,1.84742807260117,4.19146639314927,-9.56921370172469,-4.31281518936157,-10.1192283630371,-3.37472724914551,-78.736733695182,-105.611533663945,-18.1074342538981
8.01,3.51129627227783,-0.163011237978935,-7.41230869293213,-19.9566055188415,46.3160830826522,-7.23407362356124,-3.04436063766479,-9.59949207305908,-3.58835983276367,-78.4577682789112,-116.070035434284,-19.0817539088112
8.015,4.28087949752808,1.07200372219086,-8.60495185852051,-43.6150847753706,72.0248843827289,-3.66463511944597,-1.68833255767822,-9.02840518951416,-3.74748706817627,-78.7178618825053,-117.450566929705,-20.3595952176087
8.02,5.02386808395386,1.54369628429413,-9.12239074707031,-67.504528586231,71.8113180277609,0.88239181870883,-0.556577980518341,-8.61187553405762,-3.87180757522583,-79.3214047183243,-107.184690154339,-22.3979354018047
8.025,4.89881229400635,1.03969419002533,-8.72903060913086,-82.1189409193348,56.2680921750893,4.52308872593949,0.639897346496582,-8.5557804107666,-3.87411904335022,-79.9914804268484,-86.199924306904,-24.6066153812591
8.03,3.94066786766052,-0.001621272880584,-7.70524120330811,-91.5698258625572,33.5103833889433,8.40095936306549,1.7217652797699,-8.78930282592773,-3.93213939666748,-80.7423162921187,-61.0604500099991,-25.6750345523675
8.035,2.22914552688599,-1.51281893253326,-6.12197494506836,-95.6921182342267,8.24601396042282,12.4686025374121,2.52410960197449,-9.24905395507813,-4.04589939117432,-81.4222889447502,-33.8441508280197,-25.136054079678
8.04,-0.0850720927119255,-3.4998631477356,-4.03282976150513,-92.0261508010058,-9.00835698689733,16.1895564085462,2.60697269439697,-9.79694271087646,-4.15592956542969,-81.5787344276893,-8.02003373663836,-21.9611823704229
8.045,-2.25797343254089,-5.91458129882813,-2.07225179672241,-77.3363878209785,0.794883648506038,17.0768953119265,2.11552476882935,-10.0837059020996,-4.03850078582764,-80.4108813626438,11.25825886554,-18.0382495602477
8.05,-4.0701732635498,-8.55806541442871,-0.66063791513443,-58.1627149338645,26.2205463934508,15.6257977170952,1.41181266307831,-10.188606262207,-3.80358648300171,-79.102121495021,24.2851696034453,-14.9457806682342
8.055,-5.46204710006714,-11.3453149795532,0.0736634358763695,-37.3444349474491,62.0507044962459,11.7915719887656,0.630794882774353,-10.1551923751831,-3.48636674880981,-77.9084639752912,31.3989840862902,-13.0394723095627
8.06,-6.37472820281982,-14.0785665512085,-0.0479102395474911,-21.591650353305,95.3702250790223,4.8705101400536,0.0402327552437782,-10.1074295043945,-3.14104080200195,-76.8412674080442,33.8839332648404,-12.4007061881939
8.065,-7.26423788070679,-16.094654083252,-0.387462228536606,-13.2807461806724,112.306806107282,-3.21314766247708,-0.242977723479271,-10.1726217269897,-2.84969973564148,-75.7423855932376,34.480427345436,-12.9226214332421
8.07,-8.16601276397705,-17.1335582733154,-0.76743084192276,-9.05992150003634,116.147653704012,-10.6070575310135,-0.36694198846817,-10.3228740692139,-2.57117533683777,-74.67914370552,34.0380189174213,-14.1849599201709
8.075,-9.03993225097656,-17.1053199768066,-1.11960697174072,-7.64806846462864,108.046701008729,-16.463530664081,-0.411313384771347,-10.5420970916748,-2.2919590473175,-73.6697510292189,32.868584663583,-15.9545552124155
8.08,-9.46449375152588,-16.2496471405029,-1.37650752067566,-6.99126765564328,91.4694903836497,-19.2674411391345,-0.645840525627136,-10.7570381164551,-2.01398825645447,-72.6658020136862,31.3906546705973,-17.3366713117242
8.085,-9.3599214553833,-14.8647985458374,-1.63619840145111,-6.33120500444242,72.7249173009527,-20.4663425365995,-1.1468733549118,-10.8376016616821,-1.72736358642578,-71.6834705468766,30.0816830671102,-17.6875330067459
8.09,-8.79557514190674,-13.1372814178467,-1.86994063854218,-6.23287717426409,52.7130879951244,-20.6555302388724,-1.83125519752502,-10.7852096557617,-1.48182582855225,-70.4343245703297,28.3460807725912,-17.4527981879928
8.095,-7.78208160400391,-11.1707620620728,-2.04963302612305,-7.08236274237738,31.9018499337432,-20.0887133302206,-2.64547538757324,-10.5999574661255,-1.31115520000458,-68.7283618817139,25.6925471573994,-16.8900606098227
8.1,-6.31162405014038,-9.40213966369629,-1.96842920780182,-9.89985547548219,11.428661840048,-18.6870202012032,-3.23297667503357,-10.4030323028564,-1.30977416038513,-66.1523628664328,19.362213428963,-16.9879064847777
8.105,-4.83630609512329,-8.00924015045166,-1.71787977218628,-13.8155568228736,-7.01383844264241,-16.878491976916,-3.69043779373169,-10.2426080703735,-1.29779446125031,-63.7480065049941,9.64903556123369,-17.4339741866402
8.11,-3.44476723670959,-7.0236029624939,-1.35049486160278,-18.3057897775844,-22.6258212483676,-14.5509393851468,-4.01429796218872,-10.1208248138428,-1.27519154548645,-61.8704694644276,-2.60818884306576,-17.846307584192
8.115,-2.21268725395203,-6.49526739120483,-0.900915026664734,-22.9889209348347,-34.5973909198779,-11.5832896388943,-4.19354295730591,-10.0417518615723,-1.24129521846771,-60.8346849371735,-16.8976011386664,-17.9188322403465
8.12,-1.18125426769257,-6.51928281784058,-0.584549129009247,-27.1856145571331,-38.5067760498343,-8.06037539519739,-3.84205460548401,-10.0251226425171,-1.30182445049286,-60.4281930589094,-31.7430070544054,-17.5760182157144
8.125,-0.233460262417793,-6.76616239547729,-0.433149665594101,-30.5275987972637,-38.8091177885395,-5.23046153620009,-3.12575459480286,-9.9911470413208,-1.41896736621857,-60.2122771188669,-43.9333408548419,-17.325123169385
8.13,0.616606414318085,-7.20053482055664,-0.427181392908096,-33.4775062733734,-35.5331302512642,-2.83592848089173,-2.10828351974487,-9.93263912200928,-1.53802728652954,-60.2000442500634,-52.5583876255182,-17.173033639589
8.135,1.3437272310257,-7.79238080978394,-0.553287208080292,-36.5864239684556,-28.4396407038421,-0.586588812195154,-0.846432268619537,-9.83867835998535,-1.59043049812317,-60.4236304925438,-56.2003059626715,-17.1360054765511
8.14,1.82355904579163,-8.51248836517334,-0.723651170730591,-39.9409860019428,-15.8934677080262,1.22964173104175,0.545558452606201,-9.71958541870117,-1.65617084503174,-60.6338910359535,-53.7754658639119,-17.615192765699
8.145,2.0932765007019,-9.19133472442627,-0.864636659622192,-42.3312790038804,-1.72764213592819,2.39089320481098,1.8170725107193,-9.57597160339355,-1.76612770557404,-60.7350529677505,-45.5653325947465,-18.2047115156047
8.15,2.15914368629456,-9.76931858062744,-0.967636346817017,-43.3123537158827,12.6820877838836,2.86082900272807,2.85428380966187,-9.4234733581543,-1.88070964813232,-60.7187902873367,-31.358300064499,-18.7326936761831
8.155,2.0076584815979,-10.1407451629639,-1.02009427547455,-42.0201707173755,25.1581873076834,2.52118589341814,3.4432384967804,-9.29071521759033,-1.92213702201843,-60.5670371443574,-10.0925479185729,-18.9097424247536
8.16,1.7225489616394,-10.2203855514526,-1.03450238704681,-38.8597602261406,33.2317902179822,1.42710111256464,3.3439199924469,-9.21442317962646,-1.96100747585297,-60.0368505402243,14.4663748130329,-18.718927429911
8.165,1.38348150253296,-10.1441793441772,-1.00110602378845,-35.330782482008,38.7081846680797,-0.0049255464803694,2.82173371315002,-9.22235298156738,-2.01483225822449,-59.2003162914379,37.6827308019452,-18.1814615516699
8.17,1.0080155134201,-9.94665718078613,-0.920364618301392,-31.6939458055972,42.0448345304684,-1.76345954121403,1.94730281829834,-9.31302165985107,-2.09608221054077,-58.0609041340963,57.9970418653567,-17.3878379663441
8.175,0.6149542927742,-9.66781139373779,-0.792857468128204,-28.1525132115131,43.7215196132069,-3.99637356545208,0.797545671463013,-9.47954368591309,-2.23716115951538,-56.5750033103492,72.2945675719177,-16.5702984736394
8.18,0.322175443172455,-9.46096324920654,-0.705405652523041,-24.853292785776,46.0040117394743,-6.68498575156063,-0.0922145918011665,-9.60956764221191,-2.34836316108704,-55.022248595006,77.9896544339552,-16.0007819327181
8.185,0.0306099019944668,-9.26875686645508,-0.672175586223602,-21.9957755710217,49.7663599720733,-9.51075325884491,-0.867987513542175,-9.73347759246826,-2.40932965278625,-53.3482136256655,76.860501220747,-15.6053191024162
8.19,-0.289222717285156,-9.07555675506592,-0.695756077766418,-19.7289997100345,55.1373406976153,-12.3717154502618,-1.5601509809494,-9.84573459625244,-2.42355966567993,-51.5940673675499,69.4160116669725,-15.3436118666307
8.195,-0.675828754901886,-8.86575126647949,-0.774062037467957,-18.5489872007192,61.8438863681779,-15.1105931329066,-2.16445875167847,-9.89010524749756,-2.42774343490601,-50.0063625742238,56.2528881739968,-15.1015602077292
8.2,-1.04235696792603,-8.72193241119385,-0.854621589183807,-17.9711190459902,68.4578112585006,-17.6410399090656,-2.5181348323822,-9.844482421875,-2.39576506614685,-48.6409667780032,40.8439814064481,-14.9493904232105
8.205,-1.39694833755493,-8.62960243225098,-0.938691258430481,-17.8814864735122,74.8526100198709,-19.9531289525539,-2.65597152709961,-9.7789831161499,-2.41781377792358,-47.6068385716228,24.9477286887878,-14.8900429095123
8.21,-1.74553143978119,-8.58878612518311,-1.02166986465454,-18.2996767582772,80.8465654694206,-21.9947373822679,-2.56411695480347,-9.72800827026367,-2.51605439186096,-46.9576154306348,9.77502949953198,-14.923859176093
8.215,-2.11612987518311,-8.62670707702637,-1.06241583824158,-19.5735531422615,85.3886754184249,-23.4307949005468,-2.09003496170044,-9.77893257141113,-2.60627770423889,-46.7398894904623,0.29925489340675,-15.0222924473167
8.22,-2.46265435218811,-8.72246837615967,-1.06632792949677,-21.05156338997,88.0877339519822,-24.283188848586,-1.29995584487915,-9.81561183929443,-2.64922547340393,-46.4101382026178,-7.52065384698299,-15.3882198321001
8.225,-2.78943943977356,-8.83343887329102,-1.05814301967621,-22.3836364007773,89.4525696726908,-24.6945899253161,-0.385096430778503,-9.80225086212158,-2.64215493202209,-46.140291088889,-13.2751881142353,-16.0174936980698
8.23,-3.09722971916199,-8.9375581741333,-1.05065727233887,-23.3833831424231,89.6538758380986,-24.7132329266557,0.540470480918884,-9.71899032592773,-2.57744193077087,-46.0359428738441,-16.3070868886892,-16.9034665636162
8.235,-3.37798285484314,-9.02750015258789,-1.05129289627075,-24.1673881138503,88.2644172854321,-24.2928979624912,1.11521363258362,-9.59839820861816,-2.39392709732056,-46.3045912893736,-10.7413689321736,-17.7026021116022
8.24,-3.62149572372437,-9.10248851776123,-1.0715320110321,-24.9473718114037,85.6775992505056,-23.7371493753894,1.34486103057861,-9.46463108062744,-2.32985615730286,-46.5076323228306,-2.01655102697009,-18.4781666767626
8.245,-3.82969570159912,-9.15419960021973,-1.10555469989777,-25.8086808638571,82.2200960209426,-23.0982415275953,1.28260517120361,-9.34771060943604,-2.30593943595886,-46.6930582984181,8.22717288359734,-19.248109996236
8.25,-4.00195550918579,-9.17458057403564,-1.14957249164581,-26.8242241255059,78.0985891210277,-22.4126715349391,0.952911496162415,-9.27256488800049,-2.26152682304382,-46.8979878791806,18.7773375001456,-20.0263724861186
8.255,-4.1132869720459,-9.16830825805664,-1.17122566699982,-27.9105657129964,73.6376628004981,-21.7698995076221,0.35845559835434,-9.2993745803833,-2.09691667556763,-46.9212685789666,28.4141675133325,-20.5892671586395
8.26,-4.15865993499756,-9.15240097045898,-1.18477404117584,-28.780900860438,69.2444304848326,-21.1286728106048,-0.183941051363945,-9.33028316497803,-2.0175096988678,-46.7600692843651,35.7602169656942,-20.9933274895591
8.265,-4.14463758468628,-9.12724113464355,-1.1918865442276,-29.4209715479382,65.0088594257784,-20.5410443155519,-0.713156044483185,-9.36963748931885,-2.0160825252533,-46.4668765840531,40.2896705741665,-21.3719043846854
8.27,-4.07489681243896,-9.09259414672852,-1.19416463375092,-29.795149801239,61.0561128398762,-20.0765333953831,-1.27702164649963,-9.42354774475098,-2.0895574092865,-46.0974692178876,41.1252349360908,-21.8905787049724
8.275,-3.94149470329285,-9.07564353942871,-1.21076881885529,-29.8260768978009,57.7523844892868,-19.6012188234946,-1.71444272994995,-9.50374126434326,-2.16615533828735,-45.9963107011851,36.9868369783585,-22.5777401317053
8.28,-3.81850862503052,-9.07801532745361,-1.23059391975403,-29.7179823239962,54.7629472933557,-19.0745446441423,-1.94176232814789,-9.60287857055664,-2.19803237915039,-46.2025072820386,31.1918244487637,-23.2626424733702
8.285,-3.69676423072815,-9.10355854034424,-1.24867534637451,-29.4867018734158,51.963495224283,-18.5319544164764,-1.96303880214691,-9.72299957275391,-2.17856431007385,-46.610634990609,24.5802764642722,-23.9933634315349
8.29,-3.55121159553528,-9.16183090209961,-1.25659191608429,-29.12778909291,49.173714703075,-18.0432031549433,-1.77307951450348,-9.8709545135498,-2.09483051300049,-47.0380818892467,18.3087814004409,-24.8837844577782
8.295,-3.37989783287048,-9.26365184783936,-1.27186262607574,-28.5895855542386,46.3817382760489,-17.5159706076262,-1.44193303585052,-9.9823694229126,-2.07967638969421,-47.4611882026669,14.3782021934899,-25.6682129009339
8.3,-3.22293066978455,-9.36498260498047,-1.28126227855682,-27.8442736044596,43.8295083190794,-16.9977744005811,-1.11586177349091,-10.0593481063843,-2.06082034111023,-47.9685346542154,11.6658597957706,-26.5730507489678
8.305,-3.08906173706055,-9.46108913421631,-1.2852019071579,-26.9193515851712,41.6250920852145,-16.5069194407836,-0.828641295433044,-10.095477104187,-2.02656960487366,-48.5722960560879,10.0369689617493,-27.6507231188543
8.31,-2.99126791954041,-9.55374813079834,-1.28919088840485,-25.8886077375246,40.0265170458243,-16.081878476281,-0.628873348236084,-10.0676145553589,-1.96779048442841,-49.2844525600884,9.60616844022905,-28.9871315922374
8.315,-2.92039322853088,-9.63020801544189,-1.27875649929047,-25.0251232698205,38.9832295557669,-15.7857061059436,-0.485796540975571,-9.96459865570068,-1.93948352336884,-50.1796308130887,9.8507464153498,-30.1131121825761
8.32,-2.86867594718933,-9.67271327972412,-1.23854339122772,-24.4330807650166,38.1625584213278,-15.558656957554,-0.386857718229294,-9.82121086120605,-1.90316259860992,-51.0829472364849,10.6604132612624,-30.962842356839
8.325,-2.83533692359924,-9.67348194122314,-1.17176914215088,-24.1099564682143,37.5171909221262,-15.3859761149577,-0.335352927446365,-9.65404415130615,-1.85474956035614,-51.9653666961156,12.066862763263,-31.5228803027396
8.33,-2.82450389862061,-9.61395645141602,-1.10880482196808,-23.9397993805164,37.1590089718616,-15.2585299076872,-0.359217524528503,-9.50576305389404,-1.81369888782501,-52.8662276665052,14.3282957087719,-31.7963269261611
8.335,-2.73759198188782,-9.5110559463501,-1.08389270305634,-23.8102477674341,37.5536982832399,-15.0330602405432,-0.388825654983521,-9.42476463317871,-1.7963160276413,-53.6923185560508,16.1718747563323,-32.1445504606158
8.34,-2.57978105545044,-9.40636444091797,-1.06667697429657,-23.9277902004082,38.6254813225146,-14.6012761717825,-0.40692725777626,-9.40556049346924,-1.7651926279068,-54.5490086930779,17.6532044759774,-32.6896507828016
8.345,-2.35215878486633,-9.3207950592041,-1.03728055953979,-24.3984004795058,40.2930515178057,-13.9481547003256,-0.405284583568573,-9.45014762878418,-1.71358585357666,-55.458704513159,18.7864882460861,-33.4524702149707
8.35,-2.06690502166748,-9.30772495269775,-0.918242573738098,-25.4403031487089,41.9449976553704,-13.3028435501847,-0.368309915065765,-9.57414150238037,-1.69385969638824,-56.3032403285582,19.622978098643,-34.2147159112496
8.355,-1.75005996227264,-9.35284805297852,-0.736675322055817,-26.4896353561818,43.1347790427462,-12.7090465405377,-0.295042365789413,-9.7284517288208,-1.73371136188507,-56.9426758084656,20.5258078710609,-34.9792736265625
8.36,-1.42412030696869,-9.45017337799072,-0.516404509544373,-27.513967363745,44.0920505454909,-12.1846254698377,-0.21521370112896,-9.88183212280273,-1.77710127830505,-57.5266125862721,21.894207242969,-35.8030115159389
8.365,-1.10300648212433,-9.59786891937256,-0.264948755502701,-28.4759294989023,44.9405444555141,-11.7636313924184,-0.147289782762527,-10.0151929855347,-1.79392719268799,-58.1242404782698,23.9141281145209,-36.7029162598448
8.37,-0.832662403583527,-9.76768207550049,0.0699954777956009,-29.0359435391409,45.9582802078865,-11.8198651936287,-0.147766515612602,-10.0827369689941,-1.77118813991547,-58.6155291550797,25.6745069202541,-37.3853955919016
8.375,-0.639751195907593,-9.90403366088867,0.422538667917252,-29.0641283147509,47.2215749212991,-12.2256177039152,-0.207828655838966,-10.1029710769653,-1.74800741672516,-59.3137384127951,27.1605921591088,-38.179961743333
8.38,-0.530631840229034,-10.0088176727295,0.741189658641815,-28.5463060605629,48.8626952090293,-12.9792812675019,-0.319564640522003,-10.0942554473877,-1.69561743736267,-60.2325422901344,28.3269613655571,-39.116353357785
8.385,-0.515495777130127,-10.0816078186035,0.982890546321869,-27.4377629431752,51.0100486274734,-14.1008802914881,-0.479841232299805,-10.0694284439087,-1.58933293819427,-61.396304071867,29.1178853186135,-40.2269216262616
8.39,-0.645144581794739,-10.1508874893188,1.19282007217407,-25.2372638227993,54.2759479753446,-15.6871755045243,-0.621876537799835,-10.0821933746338,-1.44915199279785,-62.9615102220671,28.3516729899742,-41.6220082548042
8.395,-0.883295834064484,-10.2340002059937,1.34474337100983,-22.3547173798315,58.2705294699132,-17.4271013087879,-0.69554728269577,-10.1581735610962,-1.29496490955353,-64.7182007256485,26.5269964909417,-43.2587982026007
8.4,-1.20951640605927,-10.3196687698364,1.42840087413788,-18.8467083164509,62.7991976066309,-19.2640721483264,-0.708948194980621,-10.3018646240234,-1.13914179801941,-66.6529679212705,24.3178725491914,-45.1285659029862
8.405,-1.6049085855484,-10.3939218521118,1.42565131187439,-14.7362065588361,67.6585425218257,-21.1344477355481,-0.667613387107849,-10.5241203308105,-0.99709939956665,-68.7626699219149,22.5415759875974,-47.2382679036306
8.41,-2.01355648040771,-10.4694004058838,1.37733483314514,-10.5783741515941,71.1966829647298,-22.8356002634408,-0.582476735115051,-10.7522392272949,-0.853803157806396,-71.0135177817576,21.3672683937863,-49.4133382297266
8.415,-2.42829346656799,-10.5716133117676,1.34505212306976,-6.6571062000291,73.0216685298222,-24.2216829951101,-0.513723909854889,-10.9035243988037,-0.670126855373383,-73.3994394626264,21.1294019332987,-51.3829325599265
8.42,-2.84218382835388,-10.69655418396,1.3353259563446,-2.95231063548052,72.9990537734803,-25.2409350494781,-0.486019045114517,-10.9719400405884,-0.42790499329567,-75.9408367395723,22.0332254982409,-53.0691081905167
8.425,-3.24275040626526,-10.8363389968872,1.35640621185303,0.581179249011651,70.7208510060117,-25.7720198234871,-0.544079303741455,-10.9460287094116,-0.0906743779778481,-78.6933824845199,24.5526056603972,-54.3228406390913
8.43,-3.5505199432373,-10.9672966003418,1.37277722358704,3.15525241775111,68.0880862885386,-26.0211663413889,-0.687735676765442,-10.86155128479,0.233672291040421,-81.9123618478877,26.5899537596163,-55.6056970142869
8.435,-3.78522300720215,-11.0894689559937,1.40907096862793,5.80464224255086,64.8948977194768,-26.0430946637192,-0.859593749046326,-10.8118047714233,0.552847504615784,-85.6098437739391,27.6211774280521,-57.1650223716116
8.44,-3.94053554534912,-11.2032537460327,1.47394120693207,8.79566574991678,60.9535233985426,-25.8441995550885,-1.03467774391174,-10.8356504440308,0.850499451160431,-89.7339529759278,27.6493775715878,-58.994106050206
8.445,-3.98366665840149,-11.3090324401855,1.5862044095993,12.5578543268439,55.7246071926422,-25.403123013962,-1.16149425506592,-11.0189113616943,1.07429838180542,-94.1682142379377,26.7829731980136,-61.0079873269843
8.45,-3.95182323455811,-11.4318466186523,1.73233532905579,17.1174102865358,49.2534537465403,-24.9146620354685,-1.28711819648743,-11.3738203048706,1.27211213111877,-97.4591359838332,26.9495222382825,-62.6309563869952
8.455,-3.90612959861755,-11.622052192688,1.90635216236115,22.2865264787054,41.8763986504413,-24.4577087196163,-1.47273433208466,-11.853325843811,1.50038468837738,-100.663170893297,29.109166582138,-64.4429714228537
8.46,-3.87030363082886,-11.9059982299805,2.13070297241211,27.9662983490764,33.8043615610098,-24.0091189704028,-1.71387779712677,-12.4348878860474,1.7260650396347,-104.115510499847,32.9577288775355,-66.6181817678277
8.465,-3.89390516281128,-12.3562879562378,2.51612639427185,33.8830009440187,25.6853242323521,-23.3820051517581,-1.92852807044983,-13.0603742599487,1.73847270011902,-108.323911066383,36.1156156138721,-69.3892714763719
8.47,-4.04937839508057,-12.915376663208,3.04288220405579,40.224910135551,19.0289309333176,-22.6061998224295,-1.98544192314148,-13.7057418823242,1.84786319732666,-113.157355904245,36.7255515067542,-72.1347821264744
8.475,-4.3172402381897,-13.5243787765503,3.53508448600769,47.5340185097867,13.9133830610348,-21.6018836842289,-1.89955604076385,-14.38489818573,2.04932165145874,-118.321470690395,35.665598355122,-74.5773329057518
8.48,-4.68149900436401,-14.1390609741211,3.91124415397644,56.0855348789532,10.4251670320952,-20.2781571645873,-1.66914331912994,-15.1093349456787,2.30834317207336,-123.61770865585,33.2927667317975,-76.5899574277228
8.485,-5.03971338272095,-14.5550346374512,4.01177167892456,66.3488742390432,8.65592690968749,-18.1844924481141,-1.27501022815704,-15.9242868423462,2.33938646316528,-128.184578040595,30.4660348871798,-77.9953371513446
8.49,-5.46085596084595,-14.8067359924316,4.00795269012451,77.0245145532865,7.31296657734312,-15.4392959867134,-0.774948298931122,-16.6874160766602,2.0757896900177,-131.717302143488,28.2609868608166,-79.400778346669
8.495,-5.87358808517456,-14.9330768585205,3.93263006210327,87.8833610316371,5.46696793526919,-12.3855397531419,-0.303595364093781,-17.3161888122559,1.77383947372437,-134.68113979041,28.2611985966809,-80.8476856204445
8.5,-6.22471570968628,-14.9454278945923,3.79660177230835,98.8420853662207,2.44604250004719,-9.23562470134033,0.0575637258589268,-17.7669086456299,1.59177422523499,-137.309259979247,31.5995764969297,-82.3797380324134
8.505,-6.24286031723022,-14.804178237915,3.55374598503113,110.393861366058,-4.51219926996837,-6.86312476907738,0.149569272994995,-18.1714611053467,1.98152041435242,-139.947475187678,41.4192096930628,-84.348437607832
8.51,-5.98585891723633,-14.690092086792,3.30563068389893,122.782608746789,-15.7627498401432,-5.375834428721,-0.195243790745735,-18.5865287780762,2.82692670822144,-141.419640501004,55.1722361340849,-86.6444671690343
8.515,-5.53134250640869,-14.6297826766968,3.04883742332458,135.927089238425,-29.8822312980621,-4.21773103182891,-0.94377601146698,-18.9714183807373,3.94297695159912,-141.830421738067,70.7309733463617,-89.001736206335
8.52,-4.92900800704956,-14.6477212905884,2.78011393547058,149.808861330207,-45.9133922046611,-2.96641967187165,-2.09440040588379,-19.2918910980225,5.19898414611816,-141.198123805842,86.5125284048372,-91.212224478372
8.525,-4.31748962402344,-14.5306987762451,2.23810720443726,159.060407202503,-55.2369043651466,-1.17044480167036,-3.39233183860779,-19.3953971862793,5.62491226196289,-138.974555721545,92.8287458398065,-92.0572281617293
8.53,-3.70001292228699,-14.3221254348755,1.56738793849945,166.354871651158,-60.2048390428608,1.5078119638828,-4.39006757736206,-19.3604393005371,5.43202114105225,-136.498707770064,93.4700527915465,-92.0542843501971
8.535,-3.02744555473328,-14.1208200454712,0.839807391166687,171.817124194579,-61.7586865884712,4.74338409790038,-5.02580881118774,-19.1797027587891,4.78278589248657,-133.116493715722,89.2456627521636,-91.0106246148299
8.54,-2.23381900787354,-14.0514984130859,0.141265869140625,175.463051852775,-60.8187501058399,8.17085114370141,-5.19406509399414,-18.8327789306641,3.84623646736145,-127.936450928427,80.7979891640435,-88.6039528192626
8.545,-1.11378633975983,-14.2541236877441,-0.364447981119156,176.667692316691,-62.3732465194214,10.1143737880657,-4.75444841384888,-18.1863842010498,2.94113969802856,-119.273134607831,76.0929996939018,-85.0106927497564
8.55,0.208087503910065,-14.5874900817871,-0.609809339046478,178.934031045571,-67.9151322383755,11.2559681908471,-4.39920902252197,-17.2737598419189,1.14175200462341,-107.737675929921,76.6131664105225,-83.6575366525285
8.555,1.66294384002686,-14.9399909973145,-0.676222264766693,183.25300554458,-76.8011263862921,11.9932836966554,-4.39680814743042,-16.2303466796875,-1.14132058620453,-96.0875247154679,84.730497899435,-84.3818304026842
8.56,3.14742350578308,-15.1170406341553,-0.706197082996368,191.349484465956,-88.0072128518569,12.9654142759395,-5.22018480300903,-15.2955074310303,-3.08355498313904,-89.4709702023148,105.582962982646,-86.7333415905145
8.565,4.20846080780029,-14.8319902420044,-1.26425230503082,202.091773766121,-95.5045748999965,16.3303966167792,-6.61785936355591,-14.5932426452637,-5.52533626556396,-87.609408974217,120.671096746015,-87.7843096282935
8.57,4.82059335708618,-14.2819004058838,-2.19797611236572,211.634121772519,-97.3824944311565,22.3107360842185,-7.76305675506592,-13.969934463501,-9.09883594512939,-83.7928358697973,110.622884439118,-87.6635655441461
8.575,4.98491525650024,-13.5545167922974,-3.41846179962158,218.658342956473,-92.7671648542496,30.8692243689802,-8.46435546875,-13.3955192565918,-13.206787109375,-77.3202822349156,72.3725683322392,-85.7350889527496
8.58,4.67316007614136,-12.8173294067383,-4.74856519699097,220.499242862332,-79.2210487488493,42.0510739082752,-8.42518424987793,-12.842848777771,-15.9303932189941,-68.3510827225299,1.48206449858938,-79.9374468003244
8.585,4.22876834869385,-12.3622226715088,-5.62862253189087,216.504647707385,-55.7276227211608,53.2881386968207,-6.85500049591064,-11.954291343689,-15.5640840530396,-63.8593317582761,-77.1682695447478,-66.1830577365628
8.59,3.58876967430115,-12.0929727554321,-6.2252893447876,209.201467937349,-27.7349974079285,62.9308221821262,-3.9267156124115,-10.7880601882935,-14.0654277801514,-63.8074428111515,-145.303531949884,-49.7837906148351
8.595,2.7413547039032,-12.0096979141235,-6.50688886642456,199.722722652502,1.48456776292019,70.3082392782512,0.0277574323117733,-9.39783477783203,-12.1540384292603,-68.2656507163914,-191.079582710714,-32.5276660164456
8.6,1.69438683986664,-12.2091808319092,-6.15894794464111,190.82903771158,22.1086359093197,73.9392293127326,3.63240337371826,-7.97590637207031,-11.2305498123169,-77.5993227832673,-177.498612149979,-17.4469020271918
8.605,0.711663365364075,-12.5917186737061,-5.18504667282104,184.432811440673,31.0009070010835,75.0912773200386,5.66958093643188,-6.7537055015564,-12.3958425521851,-85.4049722497846,-152.032525037154,-7.96781011024444
8.61,-0.206555917859077,-13.0172300338745,-4.03638124465942,179.719202271799,36.4804672438612,75.5081510858412,6.98992967605591,-5.8692684173584,-13.5656909942627,-89.1742121432561,-131.76698493951,-2.53885196426297
8.615,-1.05651235580444,-13.434136390686,-2.90951132774353,176.463988754884,41.7920560594754,75.7197913274632,7.90439891815186,-5.39988088607788,-13.7521123886108,-87.2548880053475,-119.64025727572,-0.165215032286829
8.62,-1.82497620582581,-13.8042898178101,-2.17981863021851,174.693794967314,50.869322824909,75.3540893389223,8.74053287506104,-5.49978971481323,-10.7817430496216,-74.3367941337515,-90.8729621521083,3.85740440216488
8.625,-2.52819180488586,-14.0960836410522,-1.70830070972443,173.171441423966,56.7368446427327,74.2764425822453,8.76512336730957,-5.87219333648682,-7.87336921691895,-61.1403700534774,-53.6627301765663,8.68553492596584
8.63,-3.17302227020264,-14.2694063186646,-1.25579190254211,170.21323185292,57.5401363608287,72.48464490633,7.63318729400635,-6.62127208709717,-5.69743490219116,-48.2772387141325,-17.5627283751368,13.8644054820439
8.635,-3.75784063339233,-14.2936210632324,-0.678584098815918,164.761798329145,51.7202858483172,69.9191165710464,5.18163824081421,-7.78167533874512,-4.63693141937256,-35.8220643286287,11.8825927971925,19.1986850398545
8.64,-4.24653673171997,-14.1167850494385,0.357005715370178,155.214956058273,33.8984610772051,66.2425008729095,2.90874743461609,-8.61072540283203,-4.48406887054443,-18.9750817219012,26.738404506132,25.141950240479
8.645,-4.53425550460815,-13.7942333221436,1.38946294784546,146.225184016107,9.96747776335991,62.3758693120627,1.76469492912292,-8.50424289703369,-4.61029195785522,-2.62848539051469,32.2710626395174,31.525567982178
8.65,-4.51233434677124,-13.3031558990479,2.1686327457428,138.970034136314,-15.6304763966767,58.6851356129113,1.35027587413788,-7.86276006698608,-4.93455839157104,12.3920344092689,29.6658713957236,39.2324324227294
8.655,-4.07532739639282,-12.6150789260864,2.47990489006042,134.492927097641,-39.4618414014772,55.4722931745128,1.39242672920227,-6.97231101989746,-5.40449142456055,25.3481058401975,19.3680054293791,49.0462667882572
8.66,-2.93200612068176,-11.6163139343262,1.99465274810791,132.831497242414,-52.3320385715185,52.9746637497683,1.8413097858429,-5.73937797546387,-6.40794229507446,35.565481442268,16.6515828474044,60.3037128612859
8.665,-1.64774012565613,-10.5852336883545,1.244215965271,130.665753539629,-58.7208438418921,50.7636358927868,2.20169043540955,-4.53862619400024,-7.07767772674561,46.1393314473106,20.9129378705754,70.3013134664329
8.67,-0.370186656713486,-9.58874034881592,0.331089586019516,127.800134012972,-60.2993347100279,49.0310969381106,2.46319985389709,-3.51778101921082,-7.29677391052246,57.5582158715617,27.2554890998897,78.9087110282938
8.675,0.714619934558868,-8.71355438232422,-0.628465235233307,123.935093886202,-58.7970346020836,48.0549399623107,2.60520553588867,-2.87628507614136,-6.88366079330444,70.5009598958723,29.6872123217853,85.8552114896826
8.68,1.27991306781769,-8.15929985046387,-1.25206053256989,120.20519588235,-56.4580397359073,48.0157585821369,2.79741597175598,-2.41371703147888,-6.68603134155273,80.7107471577749,26.9801949102977,90.6161743600725
8.685,1.56020081043243,-7.61977624893188,-1.79450798034668,116.906460400044,-53.0544779253145,48.1187339291586,2.98665976524353,-2.04543542861938,-6.7265100479126,87.793489402538,23.9318370874914,93.8259124774933
8.69,1.5549134016037,-7.07860231399536,-2.28071141242981,113.776594514777,-48.2837820353574,48.1654831589328,3.15569496154785,-1.82080316543579,-6.9162745475769,93.1061266521898,20.0517824973783,96.0501567505188
8.695,1.20822596549988,-6.53679800033569,-2.72511458396912,110.305178189875,-41.4527595822659,47.8578650990937,3.27532243728638,-1.8573796749115,-7.10036516189575,99.0748582131347,13.818396474021,98.1902872439156
8.7,0.562436521053314,-6.15650224685669,-2.87350535392761,105.807621564826,-34.2358143655958,47.1076063848083,3.04755973815918,-2.20877408981323,-6.84407138824463,107.301418087254,7.88295440131714,102.436124077292
8.705,-0.0794605612754822,-5.90176773071289,-2.80695819854736,100.818783093157,-28.176494005689,46.2261738875127,2.56083130836487,-2.70596265792847,-6.33128595352173,116.341412510387,2.30093854622485,108.545229686059
8.71,-0.632244646549225,-5.76310634613037,-2.55175399780273,95.4983525976626,-23.5289908226968,45.2192981359207,1.93602454662323,-3.29422664642334,-5.63215398788452,125.994204675664,-3.29710306709441,116.111303437249
8.715,-0.950080275535583,-5.73654079437256,-2.13771343231201,90.0863156050196,-20.5998027254343,43.9789767637814,1.48010528087616,-3.88412666320801,-4.86692142486572,136.257014696093,-10.0075692662406,124.172975714615
8.72,-0.994435667991638,-5.75275230407715,-1.69004619121552,84.8412972281509,-18.0379370790932,42.586973965649,1.53981339931488,-4.43229961395264,-4.5301456451416,146.944443916844,-18.3560872906324,130.990856883744
8.725,-0.876868188381195,-5.78653287887573,-1.25406515598297,80.4642183098725,-15.8814619430126,41.4295266938041,1.98067152500153,-4.951012134552,-4.45006275177002,158.387578927743,-27.8313491790026,136.907494591889
8.73,-0.646662354469299,-5.83339977264404,-0.846151173114777,76.8916127324164,-14.0714660818274,40.5029705517568,2.69649791717529,-5.41702365875244,-4.54005908966064,170.63729097773,-37.2758905840334,141.959908464352
8.735,-0.422255277633667,-5.89763736724854,-0.497435092926025,73.1263480090418,-12.2949415626699,39.4039350576938,3.32625460624695,-5.70960712432861,-4.56770086288452,183.599842550633,-41.7995112109545,145.978204375719
8.74,-0.279500991106033,-5.97673845291138,-0.166325569152832,68.4032653677888,-10.5447790123877,38.2039391224143,3.96898818016052,-5.9564790725708,-4.63236474990845,194.546586733413,-43.1458507793907,148.77895076564
8.745,-0.216365158557892,-6.06406450271606,0.126562014222145,63.3091190394966,-9.40092467076475,37.1222762145052,4.7373046875,-6.20147562026978,-4.82993698120117,203.595644817574,-42.6097867974769,150.415873902125
8.75,-0.233096525073051,-6.15511178970337,0.36378014087677,58.0731984746023,-9.03888964003458,36.2731436817947,5.65315341949463,-6.44103813171387,-5.19675731658936,210.866613415484,-40.2983039332774,150.850342235229
8.755,-0.317374527454376,-6.23004817962646,0.471996873617172,53.0089342239289,-9.11634740031711,35.9375696576828,6.55107021331787,-6.5266318321228,-5.72663450241089,217.465709965119,-33.9769672715252,149.916300205852
8.76,-0.340906530618668,-6.26432657241821,0.505053460597992,48.3032924707215,-8.43148689356087,36.2116924698321,7.2569727897644,-6.42117166519165,-6.04447221755981,223.466536584974,-25.9612280163275,149.189622719676
8.765,-0.3201764523983,-6.25726509094238,0.465523481369019,43.9795163487258,-7.07352020872316,36.4944725467543,7.75003051757813,-6.22876644134521,-6.04143333435059,228.402304486792,-18.0281664934855,148.921209945673
8.77,-0.263426333665848,-6.20768117904663,0.347588956356049,40.050491009811,-5.16268855727382,36.4166971826754,7.99159383773804,-6.01911735534668,-5.65617227554321,232.101876450729,-10.8745123709856,149.290846123175
8.775,-0.206676676869392,-6.14214468002319,0.0946617126464844,36.1455420877205,-4.68893895247892,35.0340210078547,7.69671297073364,-6.14473104476929,-5.13929748535156,236.983330688267,-0.0765527602175029,150.692182374809
8.78,-0.158672571182251,-6.10462284088135,-0.169525951147079,31.9113814627299,-7.28757705665089,33.0741118858979,7.08359432220459,-6.63082122802734,-4.96151494979858,242.814864239354,14.0966891166586,151.84097921207
8.785,-0.11093332618475,-6.07076358795166,-0.497303396463394,27.5543833006113,-13.5906617453935,30.4953056628679,6.34131717681885,-7.3754448890686,-5.06097459793091,248.375813016282,28.4445891758957,152.195629954533
8.79,-0.0567252784967422,-6.021409034729,-0.934213757514954,23.2312936126272,-24.3280614838857,27.2265495883763,5.61246490478516,-8.31329154968262,-5.40542221069336,252.678039891446,40.43040320692,151.276395775276
8.795,-0.0372226499021053,-5.88986253738403,-1.62747931480408,19.5532965087305,-42.518433017328,22.8385662730879,5.22411108016968,-9.17130279541016,-5.34237670898438,255.192533053251,44.5105157453701,147.542181091869
8.8,-0.0139068057760596,-5.75711727142334,-2.31817626953125,16.1969381354917,-62.5037304533253,18.2719359449632,4.8654088973999,-9.74208641052246,-5.18063640594482,258.348490261147,44.2370110653407,142.843775924087
8.805,0.034801609814167,-5.64075136184692,-2.94032001495361,13.2223019594919,-82.4064030909331,13.6815510726789,4.47738122940063,-10.0472278594971,-5.1044225692749,261.997723730902,41.1288310306889,138.053873542184
8.81,0.1379684060812,-5.5641074180603,-3.4057343006134,10.7342373609065,-99.8611427601974,9.26019459933216,3.98367309570313,-10.0934152603149,-5.35177230834961,265.991963716012,36.8763450081552,134.261875458398
8.815,0.395171880722046,-5.53346395492554,-3.56086874008179,8.96347666763482,-109.82685321211,5.54214057038752,3.68413710594177,-10.0835628509521,-5.73003005981445,268.45837234606,31.3647853291159,132.706614063629
8.82,0.714108526706696,-5.52203559875488,-3.49759936332703,7.24875255386124,-114.573035553136,2.03903430217048,3.62146043777466,-10.1335363388062,-6.08935880661011,269.670894848277,24.6010077959505,132.458486951461
8.825,1.072958111763,-5.53664398193359,-3.24322938919067,5.59504764258526,-115.09827710031,-1.01756702535549,3.75321435928345,-10.214147567749,-6.42717790603638,269.477136041902,17.0644831506573,133.380084376171
8.83,1.44429457187653,-5.59577465057373,-2.81970572471619,4.08783193287267,-112.611412053697,-3.09051588479773,4.01498126983643,-10.2611217498779,-6.75210571289063,267.411604874621,9.58162415544661,135.432050787761
8.835,1.82430994510651,-5.69349670410156,-2.3312132358551,1.77321145052322,-107.241414875396,-4.36880798608042,3.91064381599426,-10.1498126983643,-6.60635423660278,264.189968567666,2.23672281519568,138.383621414934
8.84,2.08085560798645,-5.80593633651733,-1.8433883190155,-1.18906325701758,-100.621404286522,-5.77477382531039,3.42216348648071,-10.0241146087646,-6.02942419052124,261.402377122087,-5.30180841160958,141.53242058458
8.845,2.17604732513428,-5.92355108261108,-1.36173903942108,-4.78611333446116,-92.8840567117052,-7.39163498865603,2.59266376495361,-9.93090057373047,-5.15744876861572,259.330370935472,-12.8238679969011,144.54762125406
8.85,2.03306221961975,-6.02772998809814,-0.878983616828918,-9.09627005925185,-83.7198894494616,-9.14527154390482,1.52315139770508,-9.95716190338135,-4.34526443481445,258.2795873128,-19.5961798514345,146.710018164151
8.855,1.7181624174118,-6.15816593170166,-0.424657076597214,-14.2110077003444,-72.1254998993924,-10.3490898237986,0.627615034580231,-10.005877494812,-4.05074405670166,256.667662668677,-30.3806882584059,148.458942742646
8.86,1.29153716564178,-6.32747364044189,0.0394374392926693,-19.776071666247,-58.6544953842946,-11.2147309237331,0.0131577542051673,-10.0144567489624,-3.93364548683167,254.354195634524,-44.0171780118093,149.551021689039
8.865,0.783433735370636,-6.53297662734985,0.5284383893013,-25.6949974877641,-43.3573885681752,-11.7541297455092,-0.277419209480286,-9.97380924224854,-3.85906839370728,251.268589375079,-59.5721176389075,149.818669481856
8.87,0.274816304445267,-6.74957084655762,1.07479524612427,-31.8718517429085,-25.916205116866,-11.8113334335817,-0.151479467749596,-9.90410232543945,-3.53772139549255,247.22175693336,-73.8492620609851,148.723243742769
8.875,-0.140358209609985,-6.93533277511597,1.63689303398132,-37.7967813007061,-7.94885206642943,-11.8878008164346,0.218290016055107,-9.93396759033203,-3.25469350814819,241.984941613684,-84.6096718530175,146.328046665007
8.88,-0.444476097822189,-7.07914638519287,2.12868142127991,-43.4099434587439,9.60938802064906,-12.2500962481269,0.674449682235718,-10.1414947509766,-2.96378564834595,235.834711435925,-91.8303429378798,142.769750333862
8.885,-0.622971177101135,-7.1814603805542,2.54129838943481,-48.7117411981829,26.2194159971431,-13.0145651709806,1.1620762348175,-10.5568933486938,-2.66229200363159,228.883901125169,-95.5272442978518,138.003739953676
8.89,-0.635515928268433,-7.28691339492798,3.05806112289429,-53.9479144800764,40.2427403443793,-14.3074516789723,1.65314447879791,-11.1626892089844,-2.45758008956909,221.503253349567,-96.776240010237,131.587979341743
8.895,-0.547901093959808,-7.43620491027832,3.76508569717407,-58.8368477747556,51.1448185050815,-15.9612044015725,2.0221254825592,-11.5977468490601,-2.43799114227295,214.216110863702,-96.5386792007148,124.061629970766
8.9,-0.405781656503677,-7.68487548828125,4.61234855651855,-62.3406187057563,59.3165182997873,-17.6965232432409,2.28415536880493,-11.8439264297485,-2.46304631233215,207.032363781493,-94.9287148208836,115.952761086235
8.905,-0.239161655306816,-8.07305812835693,5.58302450180054,-63.7230080126318,64.8396961306047,-19.339253748068,2.44530463218689,-11.8641633987427,-2.45649027824402,199.943474366477,-92.0119303471538,107.569523502745
8.91,-0.20889550447464,-8.69613075256348,6.70924139022827,-60.9777295889611,68.2050327875076,-20.3264380642828,2.57800436019897,-11.3524780273438,-2.33563017845154,192.598452857585,-89.2571784511043,100.024172545496
8.915,-0.38633868098259,-9.41541862487793,7.99953031539917,-55.6280932045753,71.0286534809583,-20.4904462741805,2.78393578529358,-10.4942321777344,-2.03287720680237,183.52596722457,-85.3241096402008,93.2941071185269
8.92,-0.722169041633606,-10.2048740386963,9.42059803009033,-48.0471125655219,73.3867967824728,-19.7652799673584,3.10203266143799,-9.49332714080811,-1.67971444129944,172.811763662273,-80.9765371391368,86.6085335438109
8.925,-1.18682742118835,-11.048059463501,10.9539527893066,-38.3950648908642,75.3116328830416,-18.0439749663195,3.57014942169189,-8.50331783294678,-1.3777049779892,160.423576357054,-76.7970282727901,79.3566758151982
8.93,-1.75641012191772,-11.9080896377563,12.2893133163452,-30.0792344442928,76.0636093899033,-16.1269406493301,4.20442867279053,-7.57355928421021,-1.41970527172089,150.397855863094,-73.7740548480341,73.2132621662302
8.935,-2.34513807296753,-12.6529102325439,13.1615762710571,-21.1511355952377,75.8984895667182,-13.6883291816565,4.77659273147583,-6.58107614517212,-1.42245697975159,137.993890820893,-65.0101571617207,66.0183135737821
8.94,-2.91427278518677,-13.2233123779297,13.5087566375732,-12.7084873187994,74.094281437081,-10.6007199692374,5.19000720977783,-5.53654289245605,-1.39359557628632,122.575626694181,-49.5733934676421,57.7372556202753
8.945,-3.41363573074341,-13.5314903259277,13.2125854492188,-6.16781919553289,69.6177617946763,-6.65410177056794,5.31104850769043,-4.44936513900757,-1.34028255939484,103.112025937178,-25.7795723051618,48.2431219192283
8.95,-3.83132338523865,-13.4568357467651,12.2468566894531,-8.13451709863788,60.7442532325625,-2.19709555173515,4.89798069000244,-3.60272812843323,-1.2878829240799,81.7252761363319,1.88391387593032,39.7196571369831
8.955,-4.16766119003296,-13.1206073760986,11.0896635055542,-13.7268693778219,50.0330105572706,2.54657263934602,4.02934789657593,-3.07056570053101,-1.25850427150726,59.9578184213381,28.8933565100277,31.9265649732549
8.96,-4.37876033782959,-12.5375118255615,9.85318183898926,-21.3953660844844,36.9501042210021,7.569722779754,2.70804286003113,-2.88775134086609,-1.25792479515076,37.9546406328034,54.0858091692298,24.6739456785498
8.965,-4.36824798583984,-11.6966686248779,8.69128036499023,-28.9364959848255,19.9648324816967,12.9117204513268,0.8836270570755,-3.14935231208801,-1.29779636859894,15.8032460317322,75.5426981826631,17.6841776763161
8.97,-4.0500864982605,-10.743766784668,7.67764806747437,-35.4782155303373,-2.69853260899117,17.6664704108929,-0.620192587375641,-3.57739973068237,-1.31686520576477,-5.34181624467293,85.1125240400921,9.78619344373037
8.975,-3.58311700820923,-9.9014310836792,6.69482660293579,-40.7851598173159,-25.1049118321573,21.5713578612809,-2.0881233215332,-4.10464096069336,-1.40982329845428,-24.9437261979342,83.4392642972224,1.03867593842883
8.98,-3.05253577232361,-9.24953365325928,5.76630878448486,-44.5055228770868,-44.347462054409,24.4393611239584,-3.5425112247467,-4.70821952819824,-1.61774206161499,-43.0120029773206,71.147273376274,-8.37093555902141
8.985,-2.64264583587646,-8.95679664611816,5.00808429718018,-45.5572251602016,-53.8404960949996,25.727652622186,-4.94360303878784,-5.35303592681885,-2.03611993789673,-59.6301264355284,48.853382246096,-17.9788952163603
8.99,-2.21016764640808,-8.96296310424805,4.26542711257935,-43.3670225499995,-51.7048564509821,25.3121585545958,-5.65580081939697,-5.98836135864258,-2.6806001663208,-74.1343131758065,24.3756115533401,-27.0387842729981
8.995,-1.71662449836731,-9.11556911468506,3.61473822593689,-38.4228501004078,-44.0566633354011,23.7417563379845,-5.84984588623047,-6.71415424346924,-2.8806517124176,-87.3206968780006,1.65267952912683,-35.2778690065079
9.0,-1.16042864322662,-9.36350631713867,3.08945870399475,-30.8559225755716,-32.7337259935157,21.0902769021856,-5.54556512832642,-7.58919048309326,-2.48487401008606,-98.8000387216901,-18.3671214612365,-42.2582130552342
9.005,-0.572646856307983,-9.62073040008545,2.76925015449524,-20.7906108900877,-20.196410045506,17.1533848928942,-4.66474533081055,-8.78780078887939,-1.45726263523102,-105.959702556886,-35.1971566610859,-46.2088525277775
9.01,0.0336447581648827,-9.77445411682129,2.37443685531616,-10.6923273201593,-8.55448323258716,12.4351533934992,-3.03531908988953,-10.3122482299805,-0.0611300505697727,-108.140151656953,-58.0657877193529,-47.2126102980135
9.015,0.618264377117157,-9.77932071685791,1.93414187431335,-2.59093834654325,-0.0586713249704095,7.7288217911857,-1.00618302822113,-12.0959072113037,1.92943072319031,-105.213593182521,-74.8700270022544,-45.9918744933192
9.02,1.16151940822601,-9.61808681488037,1.48270523548126,2.52516255761897,4.27815600786872,3.4339881689111,1.19148421287537,-14.0927486419678,4.4465765953064,-96.7878376714477,-79.6338039105823,-42.7600099780821
9.025,1.62178707122803,-9.31477355957031,1.22612583637238,2.83018642623387,3.32907176750465,0.563050059324586,2.56778788566589,-16.0529441833496,6.17771005630493,-81.3535499209431,-59.3478347171318,-37.793523300472
9.03,2.06587910652161,-9.16693878173828,1.08822286128998,2.10612895793481,3.40254987537859,-0.99262210728955,2.53766798973083,-17.0362491607666,6.2913031578064,-64.9844278391173,-36.981755317616,-30.98106188645
9.035,2.49681425094604,-9.17359256744385,0.96274995803833,1.45510787636945,7.16570172242212,-1.41278258146506,1.53582549095154,-16.9628086090088,5.4876070022583,-50.7396346080434,-16.9465087082183,-21.528918480873
9.04,2.90575337409973,-9.32783508300781,0.796940207481384,1.3392709629755,16.2738272825258,-0.64631833623924,-0.192327067255974,-15.7594566345215,4.12171077728271,-40.5948809923231,-2.43922533092528,-9.08425746404909
9.045,3.11807250976563,-9.36037635803223,0.637901306152344,-0.465885015491601,31.4950985082906,2.79896242988657,-1.38730335235596,-13.9244699478149,2.85009551048279,-38.9266926649121,-6.77340639234785,2.52399480871431
9.05,3.18942213058472,-9.21172428131104,0.811804890632629,-7.31808665789969,45.4845109662977,8.77884897040656,-1.71118330955505,-12.5122547149658,2.1380774974823,-40.9895566433231,-25.4049876556054,8.54827032176339
9.055,3.10870385169983,-9.03152275085449,1.35190629959106,-17.7703968617565,57.4178828048746,16.2086655702966,-1.27122735977173,-11.2543563842773,1.79428136348724,-45.6233550517457,-48.0982570220269,9.16815609271895
9.06,2.85777378082275,-8.93694114685059,2.30709409713745,-30.8915864083228,66.5133588546355,24.3138683507904,-0.106040835380554,-9.94655132293701,1.68893218040466,-52.0621299860871,-66.9551013392061,4.19570794062385
9.065,2.39049386978149,-9.09341239929199,3.00232124328613,-34.2839262181093,72.3100721013336,29.4104735471839,1.73596835136414,-8.79524421691895,1.59676611423492,-58.5995874935569,-71.8625649371035,-6.66232617210229
9.07,1.8318897485733,-9.14449024200439,2.59021925926208,-30.3835774284248,73.7618697905548,30.4415042627757,3.62637734413147,-8.31010818481445,1.35066246986389,-63.3164341720977,-68.6133278357126,-17.766442182227
9.075,1.10144889354706,-9.16360473632813,1.04561018943787,-24.176183689954,69.2655904108813,26.9049159803604,5.19312810897827,-8.51639938354492,0.93183445930481,-66.5221971194215,-57.793932530008,-27.146839573215
9.08,0.0847957953810692,-9.24055576324463,-1.75025641918182,-21.7482956192773,56.3494431431987,17.8185821388036,5.94386577606201,-9.4990348815918,0.303391307592392,-68.4894965060602,-39.5589803518531,-32.1960466718631
9.085,-0.907647550106049,-9.67504501342773,-3.82583999633789,-31.406408501918,29.0196945191054,3.79544049912771,5.03012657165527,-10.9376392364502,-0.0851389691233635,-69.7838105235885,-26.6339982344791,-31.8940293671435
9.09,-2.06049394607544,-10.6700201034546,-4.70887613296509,-42.5282070180302,-4.26142588638359,-9.89112137108104,3.53522706031799,-12.2049999237061,-0.336980015039444,-70.6706627759905,-18.8226472675522,-29.103381411911
9.095,-3.32807683944702,-12.2400360107422,-4.23531150817871,-51.4028903726812,-38.9994136890053,-22.0549967262203,1.76559996604919,-13.1496143341064,-0.730249285697937,-71.4081661120009,-15.6942071842748,-24.8225125382813
9.1,-4.61651611328125,-14.4518346786499,-2.00122284889221,-51.8810855768522,-67.7225004132137,-30.8436316501602,0.158901929855347,-13.5164794921875,-1.79592752456665,-72.4416761862614,-16.9461893968746,-20.4849565096351
9.105,-5.49149036407471,-16.6324234008789,1.16468334197998,-37.7212598990533,-77.8878709549437,-35.9941270391051,-0.999999582767487,-13.2228584289551,-3.24013638496399,-75.6786530980922,-21.6670044153231,-18.457363628098
9.11,-6.07272148132324,-18.2447109222412,3.4866828918457,-16.9901331264472,-76.1291723757462,-38.9209143248743,-1.88933396339417,-12.6903781890869,-4.38934373855591,-79.6767999514075,-27.5875780199776,-17.3938963441379
9.115,-6.34137058258057,-19.0316829681396,4.55853462219238,6.50286217243682,-66.2703134032097,-39.6187649976583,-2.5244414806366,-12.0441675186157,-5.06911134719849,-83.5767081938906,-35.1455067705822,-16.747260137298
9.12,-6.17068672180176,-18.3659534454346,3.73051357269287,24.8601707862702,-56.2868103085097,-37.3554861935261,-2.86202669143677,-11.484580039978,-4.97422409057617,-85.3937912301133,-46.5877606870786,-15.4526336386152
9.125,-5.59745740890503,-16.3418712615967,1.99578607082367,30.5982912551733,-53.0614242277004,-30.9113734663484,-2.71568036079407,-11.0687313079834,-4.58043622970581,-84.1725465763258,-65.2099401949436,-14.0187908091746
9.13,-4.86621809005737,-13.8178157806396,0.0782182738184929,29.817286444339,-51.7111402250185,-23.6753207954751,-2.37752604484558,-10.7624187469482,-4.25328207015991,-81.9906631365328,-85.3900004751239,-13.0516778576095
9.135,-4.02942419052124,-11.0671415328979,-1.83490407466888,23.4772777529433,-50.1800986810468,-16.0391778411373,-1.91620707511902,-10.5500478744507,-4.06711149215698,-79.5265836009914,-104.674097030549,-12.7277160088603
9.14,-3.08733105659485,-8.50710582733154,-3.59344577789307,9.9587667108472,-43.7572688233228,-6.44270058556688,-1.35993826389313,-10.3930320739746,-4.00335693359375,-77.8687122743218,-117.232957102749,-13.2642555426951
9.145,-1.9870240688324,-6.30498600006104,-5.04810619354248,-9.25167991475809,-33.2084480464937,4.66405102380386,-0.784304082393646,-10.2187824249268,-3.87730836868286,-76.2292892886003,-122.098401376872,-13.9611397437115
9.15,-0.830004572868347,-4.42355060577393,-6.18107414245605,-29.9880616641569,-21.8676856184219,15.0696307809067,-0.277522295713425,-10.0179586410522,-3.66507124900818,-74.3456255683483,-120.349545100269,-14.4284348197407
9.155,0.318176209926605,-2.88938021659851,-6.93751239776611,-50.3770198650074,-11.1287055449105,23.791461332122,0.116706170141697,-9.79160690307617,-3.37016916275024,-72.1742401293096,-112.118006018245,-14.4919897299677
9.16,1.19806003570557,-1.93734335899353,-7.00812005996704,-66.5067404013297,-3.17070422664438,29.2257203452297,0.308586418628693,-9.58043956756592,-3.10804581642151,-70.1505985122074,-97.1429870177208,-13.8883282196119
9.165,1.63158345222473,-1.67340207099915,-6.38705968856812,-76.5947385601418,2.32531100906098,31.3734972354023,0.293179929256439,-9.49273204803467,-3.06546688079834,-68.9580543133123,-84.0843756643301,-13.2383742483826
9.17,1.630784034729,-2.0031259059906,-5.29400205612183,-80.8927102274532,5.63826822587946,30.6888185824327,0.172404751181602,-9.51230621337891,-3.26447677612305,-68.3985935183966,-71.3970260734646,-12.5452500665043
9.175,1.17798864841461,-2.90776634216309,-3.83888792991638,-79.1450082528195,6.88893263885627,27.2147401913014,0.0130178267136216,-9.63084316253662,-3.71111607551575,-68.3888058573159,-58.1811018031102,-11.825876613872
9.18,0.27505099773407,-4.35327196121216,-2.3857753276825,-70.1490207385091,7.78431537064476,20.2453346905308,0.153790906071663,-9.74504566192627,-4.06309223175049,-68.6751956892146,-42.5471539627879,-11.398355436927
9.185,-0.511396706104279,-5.61770820617676,-1.40842509269714,-58.5794725864512,12.8544723670247,11.2324646561394,0.547884166240692,-9.82127475738525,-4.09860849380493,-68.7180141451214,-25.675195061813,-11.2253689433654
9.19,-1.2620632648468,-6.88618946075439,-0.852851271629333,-46.3716295960773,22.1406251002974,0.834032638642112,1.05616867542267,-9.88779449462891,-3.83573627471924,-68.4497721258475,-8.37949378605144,-11.2050277862435
9.195,-2.03899550437927,-8.30629825592041,-0.701908767223358,-35.0267127054428,35.9337037706125,-10.511155698651,1.57490038871765,-9.96650695800781,-3.27058982849121,-67.7977281167322,8.71780244715228,-11.2655808283302
9.2,-2.97710680961609,-10.0568313598633,-0.910921454429626,-27.6912090651596,48.1807076505927,-20.9559817227248,1.52665138244629,-10.115629196167,-2.56110382080078,-67.0981391608045,26.2019494958881,-11.1367959039823
9.205,-3.92566156387329,-11.6275310516357,-1.19978284835815,-22.9041617023294,55.0200048778637,-29.1299337723094,1.0054817199707,-10.2863569259644,-2.15993881225586,-66.0250208195471,42.4070053112084,-11.3843637944123
9.21,-4.85401058197021,-12.900333404541,-1.51993572711945,-20.4045156642326,56.7012969231973,-34.641285130579,0.229081407189369,-10.4471092224121,-2.01412725448608,-64.7076617437592,55.8148374066727,-11.9262624654246
9.215,-5.72209167480469,-13.7039852142334,-1.81277942657471,-20.0402343550391,53.1415286862863,-36.7930474361323,-0.548675119876862,-10.5574426651001,-2.07676386833191,-63.2897281324429,64.3028774127876,-12.6820809536945
9.22,-6.33890247344971,-13.7324914932251,-1.94633638858795,-21.6875445017046,44.5279702937941,-34.7523030253484,-1.47947883605957,-10.6281261444092,-1.92090559005737,-62.1785519771302,65.6168623751255,-13.1772551543684
9.225,-6.6969108581543,-13.3253221511841,-1.9572468996048,-24.1012462694752,33.7634487278814,-30.5230054950469,-2.48240113258362,-10.6965208053589,-1.59841573238373,-60.9270086041846,62.0722127619423,-13.7088556076597
9.23,-6.78090143203735,-12.5751285552979,-1.8679267168045,-26.8227283140776,22.5514285354752,-25.1054872755949,-3.44994902610779,-10.7584886550903,-1.23005652427673,-59.514887483852,54.1728052886882,-14.341629945579
9.235,-6.53399419784546,-11.5856132507324,-1.70643985271454,-29.1465140565196,13.7668473288077,-20.0590959224321,-4.18324613571167,-10.8015832901001,-1.03435206413269,-57.9340880117767,42.1712305961541,-15.177641684894
9.24,-6.02113628387451,-10.5884656906128,-1.47629296779633,-31.7488673567132,6.25560548250095,-14.0613249584572,-4.59896564483643,-10.7940855026245,-1.08302545547485,-55.7350778726398,26.0488644660206,-16.186204493211
9.245,-5.38042402267456,-9.67118835449219,-1.19056046009064,-34.678810189879,-0.911118527140846,-7.45504731868408,-4.83011770248413,-10.6906061172485,-1.26025247573853,-53.8095689984378,11.0206886645076,-16.9688007381219
9.25,-4.64395236968994,-8.87994956970215,-0.871919691562653,-37.7873897905973,-7.80284396631571,-0.742433665374158,-4.88311910629272,-10.4882469177246,-1.48516523838043,-52.2792412092343,-3.50529833205379,-17.3792063147805
9.255,-3.84616684913635,-8.32869720458984,-0.578594624996185,-40.6396972785622,-14.2590580811555,4.75000852762165,-4.71207237243652,-10.186092376709,-1.56896376609802,-51.209742868237,-21.1019787237811,-17.1031147006029
9.26,-3.03860449790955,-8.08945178985596,-0.453526645898819,-43.2203476526681,-19.9083809682066,8.59452948546459,-4.24728679656982,-9.87170886993408,-1.60672354698181,-50.0352132932779,-43.1738511398932,-16.5466813870368
9.265,-2.22058176994324,-8.02837181091309,-0.446423053741455,-45.5080785340288,-23.472885941307,11.0792088715427,-3.59541296958923,-9.61753082275391,-1.73798012733459,-48.9835963875277,-64.8391906966062,-15.8444901290353
9.27,-1.38916802406311,-8.10824489593506,-0.541946172714233,-47.4333551817991,-24.3571597972973,12.1589320057274,-2.77463030815125,-9.45190715789795,-1.95118927955627,-48.1530556297379,-84.6334614018966,-15.031436363068
9.275,-0.531367838382721,-8.28926086425781,-0.718812882900238,-48.6929684232491,-21.060524598161,11.3350891021925,-1.76313030719757,-9.43469333648682,-2.05294394493103,-47.7737786402217,-100.603843870166,-14.1357825581468
9.28,0.275159031152725,-8.50352764129639,-0.923256814479828,-49.2238209708262,-14.8636647189377,9.02162036049185,-0.543274521827698,-9.51459789276123,-2.0010814666748,-47.5261364714845,-111.702805648789,-13.4180398131789
9.285,0.929820418357849,-8.70103073120117,-1.09139251708984,-48.9198775527607,-7.18084681313297,5.71949795813113,0.593701541423798,-9.61027336120605,-1.95343613624573,-47.3455121188836,-116.642582871649,-12.8989275070113
9.29,1.39801812171936,-8.86444091796875,-1.20208406448364,-47.6799079353636,1.4668285877069,1.58713948845062,1.57732033729553,-9.69604587554932,-1.98194706439972,-47.2529186594003,-114.316008704479,-12.6439659368049
9.295,1.71756100654602,-8.99687385559082,-1.27100479602814,-45.1943372095989,10.4282995276033,-3.23862981760993,2.66538023948669,-9.78630542755127,-2.22702670097351,-47.5774687581918,-100.946835479717,-13.0706939580325
9.3,1.93285822868347,-9.07773685455322,-1.33030390739441,-42.3711468180658,19.0191996212976,-7.967410544178,3.97995138168335,-9.84287452697754,-2.44588994979858,-47.841503380937,-79.0783251159527,-14.1180471181933
9.305,2.0145800113678,-9.10609722137451,-1.36736392974854,-39.5515764267928,27.0241523002486,-12.4999189547566,5.23695707321167,-9.82683849334717,-2.54295587539673,-47.7977082079788,-50.4607409087589,-15.2947247876464
9.31,1.94035661220551,-9.07982063293457,-1.37025332450867,-36.9482464095479,34.2522580460226,-16.7363796459501,6.25138282775879,-9.71289348602295,-2.46799492835999,-47.3015769270474,-15.7385624327448,-16.2827458020346
9.315,1.71974503993988,-9.02187061309814,-1.26630735397339,-35.1429898458731,39.8993969800866,-20.0203021554937,6.44926786422729,-9.48786163330078,-2.34668970108032,-46.4093868818091,23.3657766222901,-15.8964525006934
9.32,1.45490109920502,-8.99172496795654,-1.1028870344162,-33.8931881711658,44.3427355635033,-22.4087885723959,5.86231136322021,-9.30586910247803,-2.2249698638916,-45.6071640883182,54.0928545093586,-15.0694361205154
9.325,1.16854047775269,-9.00443267822266,-0.904257357120514,-33.0777011503067,48.0891762855254,-24.0552893416448,4.68877840042114,-9.21248626708984,-2.04001569747925,-44.7878282558618,80.1220668135898,-13.9081425983941
9.33,0.877425670623779,-9.07459735870361,-0.687575280666351,-32.6266900990324,51.4994931532073,-25.0365074876197,3.05055832862854,-9.24940776824951,-1.7379561662674,-43.8651072650335,104.094295932285,-12.4768260851728
9.335,0.606117010116577,-9.21979141235352,-0.508258581161499,-32.5328569602148,54.1776444777152,-25.3332740844148,1.28193306922913,-9.40966415405273,-1.57971465587616,-43.1055492481931,124.418398071872,-11.5149646953057
9.34,0.332472264766693,-9.3731861114502,-0.365796446800232,-32.551486301176,57.6836591258582,-25.4958564923232,-0.343355298042297,-9.58602523803711,-1.52277255058289,-42.4138252550946,135.143584578355,-11.3209301200431
9.345,0.0406129434704781,-9.51777172088623,-0.258614033460617,-32.5763003784307,62.1777665053757,-25.5307570514347,-1.78852045536041,-9.76323890686035,-1.49196469783783,-41.8040259659959,136.897918666672,-11.6721324707496
9.35,-0.290812104940414,-9.63150215148926,-0.187446415424347,-32.4742368616632,67.9373030324214,-25.4363177333282,-2.99348831176758,-9.92220306396484,-1.3948632478714,-41.300162910924,129.780451740169,-12.3308512822313
9.355,-0.685947477817535,-9.67416763305664,-0.151899069547653,-31.8355766082265,73.5915043820872,-25.1418375423577,-3.84658646583557,-9.99264240264893,-1.15904831886292,-41.0498398929377,114.99063331899,-12.8318755399293
9.36,-1.13092303276062,-9.67321300506592,-0.140943318605423,-31.1264083119879,78.3361089494149,-24.6288425243656,-4.4827880859375,-9.96528911590576,-0.973295569419861,-40.5774435193721,96.5777410525781,-13.4199556812411
9.365,-1.60714530944824,-9.6334056854248,-0.153918832540512,-30.4068171470758,82.0292810261,-23.8727832719275,-4.90781116485596,-9.87140655517578,-0.867784857749939,-39.9672856453419,75.264805106092,-14.0440573864618
9.37,-2.08413314819336,-9.55680751800537,-0.193254441022873,-29.740491212406,84.376277458889,-22.8035034969836,-5.09605407714844,-9.76420974731445,-0.888274431228638,-39.4146789452583,51.6902535065366,-14.5855052649889
9.375,-2.53910112380981,-9.47788047790527,-0.260529816150665,-29.1422281128154,85.7112242717896,-21.5990508632707,-5.0439281463623,-9.6704568862915,-0.938994586467743,-39.258028556644,28.6817743250136,-14.6629322894202
9.38,-2.96849775314331,-9.40746212005615,-0.316223978996277,-28.6176781222949,86.5840063345014,-20.3215305733642,-4.80654191970825,-9.59810066223145,-1.07498180866241,-39.2508739334884,8.41705470384463,-14.6622902516382
9.385,-3.34542894363403,-9.34812164306641,-0.354833215475082,-28.0718401396787,87.1466978088945,-19.018431225016,-4.37618494033813,-9.55466938018799,-1.28033065795898,-39.3676940739578,-8.54810298212873,-14.7152651988408
9.39,-3.58818125724792,-9.30440235137939,-0.373165041208267,-27.224375880673,87.6135753896107,-17.8029939395704,-3.69284772872925,-9.56180000305176,-1.4950635433197,-39.635126715815,-21.0887230341494,-15.0694685639139
9.395,-3.80632281303406,-9.25485992431641,-0.429228544235229,-25.9580639311945,88.9965520927549,-16.8338652284264,-2.81314492225647,-9.58397388458252,-1.66497099399567,-40.1617889423364,-29.0600848427623,-15.8299930525219
9.4,-4.02788066864014,-9.20490455627441,-0.522238850593567,-24.4371737558767,91.0959063568067,-16.1096551480881,-1.87050068378448,-9.60362243652344,-1.80593264102936,-40.7565515699773,-33.4175577030282,-16.6731713678235
9.405,-4.24433565139771,-9.15493774414063,-0.655382096767426,-22.7249511988866,93.7051683933458,-15.6337139063433,-0.912126362323761,-9.61325454711914,-1.90394604206085,-41.4138479945643,-34.0923325817013,-17.5946424340337
9.41,-4.38789749145508,-9.10141944885254,-0.844312071800232,-20.9523070809513,96.0605113173005,-15.4230862402657,-0.0249187238514423,-9.59548568725586,-1.8777871131897,-42.2988151147554,-29.8079700663111,-18.8977212918144
9.415,-4.45462417602539,-9.00317859649658,-1.04807734489441,-19.3513756262975,97.1144368269902,-15.2936678158723,0.616650998592377,-9.51549339294434,-1.87479543685913,-43.4213327991849,-20.6669861736578,-20.7002150439699
9.42,-4.47063207626343,-8.90059471130371,-1.24877142906189,-18.1052520084582,96.9318590402866,-15.2404896705419,0.98119181394577,-9.44078063964844,-1.87975358963013,-44.477689856219,-7.96837018575638,-22.6476949291846
9.425,-4.44514513015747,-8.81411170959473,-1.43949389457703,-17.3317621132583,95.4633000668421,-15.2552787376423,1.03520750999451,-9.40719795227051,-1.88150501251221,-45.3422312956972,7.68327382093182,-24.6069978718526
9.43,-4.39282035827637,-8.79731750488281,-1.6150506734848,-17.3812997677611,92.4435914725094,-15.2664751252392,0.666310906410217,-9.51460552215576,-1.83065593242645,-45.8614520311178,24.1338826208769,-26.4512274949315
9.435,-4.31076622009277,-8.81774139404297,-1.73580586910248,-17.6589879386571,89.3998542726767,-15.1760485432701,0.0689951181411743,-9.69510746002197,-1.79713141918182,-46.2961252698974,37.4827906743714,-27.7133286327867
9.44,-4.20628309249878,-8.86665439605713,-1.80839920043945,-18.1770560796553,85.7507437463273,-15.0503030531029,-0.621292054653168,-9.89060020446777,-1.75195920467377,-46.6920679209884,47.1929803343388,-28.4021480879406
9.445,-4.08456087112427,-8.94075298309326,-1.83408188819885,-18.970783825366,81.1238369987773,-14.9282287896145,-1.32440304756165,-10.066990852356,-1.67867684364319,-47.0791620620097,52.6828541627633,-28.4978509910435
9.45,-3.99208545684814,-9.03504276275635,-1.8204630613327,-20.3185150448456,74.9433764037511,-14.9170238642811,-1.79146444797516,-10.1476068496704,-1.56784439086914,-47.5987413823618,52.223786903363,-28.1325588138529
9.455,-3.90412068367004,-9.11876773834229,-1.79361522197723,-21.7424028735709,68.8344278893351,-15.0560506572894,-2.21386313438416,-10.1868886947632,-1.37457060813904,-48.0680061141929,48.3957288358539,-28.0628960069606
9.46,-3.79966855049133,-9.20543003082275,-1.74774205684662,-23.1514999276485,62.8284854577919,-15.40046123864,-2.56010937690735,-10.2000732421875,-1.15970945358276,-48.5250550526935,41.4203127686137,-28.4888129432243
9.465,-3.66100645065308,-9.30595779418945,-1.67706537246704,-24.4725182772842,56.9569372434526,-16.006724197296,-2.80047726631165,-10.1976919174194,-0.970374166965485,-48.9994526716859,31.2812384551883,-29.5997961456929
9.47,-3.48809361457825,-9.46323108673096,-1.53159952163696,-25.7898858908085,51.1909461876412,-16.6878426141607,-2.70247983932495,-10.1482992172241,-0.804794251918793,-50.1403913763069,20.5409828438494,-31.2860605687423
9.475,-3.29749703407288,-9.62912273406982,-1.31330859661102,-26.9945639207641,45.3367125028478,-17.376436673072,-2.44756388664246,-10.1027879714966,-0.615245938301086,-51.6921249783692,12.2378480113978,-33.021188165114
9.48,-3.0869152545929,-9.78067111968994,-1.03196287155151,-28.1725649393689,39.4689072321736,-18.0125168225497,-2.06906461715698,-10.0473718643188,-0.47215473651886,-53.2864209042444,6.49569303512925,-34.6323409978608
9.485,-2.8519184589386,-9.88791942596436,-0.694988071918488,-29.429902020278,33.680311665304,-18.5166616229248,-1.59935879707336,-9.96397113800049,-0.46757784485817,-54.4638977058304,3.66713112670078,-35.8928319186192
9.49,-2.68298411369324,-9.93566513061523,-0.423803299665451,-30.4149382419989,28.4210267308065,-18.3162058160687,-1.13674283027649,-9.80505847930908,-0.534976899623871,-55.4491046822806,3.66252672542655,-37.2648769039968
9.495,-2.50574946403503,-9.9407205581665,-0.12495544552803,-31.2300769232103,24.0909975706256,-17.5412201094405,-0.743146896362305,-9.64698886871338,-0.58296149969101,-56.6815713368743,5.30388564289091,-38.6876394590563
9.5,-2.31750750541687,-9.90485191345215,0.202519863843918,-31.9292389923149,21.0507847484046,-16.2988667560231,-0.478255391120911,-9.50166034698486,-0.61207503080368,-58.171252670327,8.47122834924659,-39.9614697392636
9.505,-2.11979913711548,-9.82532787322998,0.553626000881195,-32.5916000021715,20.0772249520366,-14.7292978224906,-0.462183058261871,-9.38491916656494,-0.630980372428894,-59.9178071731802,13.2218545821013,-40.6988228111124
9.51,-1.98912453651428,-9.73677539825439,0.794583141803741,-33.0913717739305,22.5354168645134,-13.0615099149197,-0.767385065555573,-9.34828472137451,-0.710060298442841,-62.1793715998306,17.1444100243248,-40.8367550663062
9.515,-1.88636863231659,-9.6758451461792,0.968697428703308,-33.1692291002795,27.2894248947809,-11.5071236381385,-1.06540894508362,-9.41858863830566,-0.727626442909241,-64.5911182259513,18.7968735487191,-41.1423104090159
9.52,-1.7966935634613,-9.65713405609131,1.09157717227936,-32.6275950990975,33.9755158563266,-10.171141197805,-1.25919163227081,-9.57907676696777,-0.67073780298233,-67.0337373071204,18.1737519756443,-41.9353568433569
9.525,-1.69234788417816,-9.71361827850342,1.18822336196899,-30.9296612978511,42.1242730456103,-9.30192449384,-1.17632806301117,-9.77944946289063,-0.539229869842529,-69.2956637337969,15.576543515443,-43.9118360042402
9.53,-1.58299112319946,-9.82585620880127,1.28462255001068,-27.9009914953273,50.0357836140736,-9.12054113646749,-1.01016354560852,-9.87453937530518,-0.495915859937668,-71.5672821989055,14.3942787512488,-46.6237216330587
9.535,-1.49817287921906,-9.96019840240479,1.36796867847443,-24.7751485914818,56.333846406229,-9.26179969378711,-0.85633397102356,-9.90909767150879,-0.484844714403152,-73.9705115791312,15.1383954179231,-49.3674905849229
9.54,-1.44932901859283,-10.1086225509644,1.43085694313049,-21.6219934686927,60.8216529362371,-9.66643632191795,-0.754506409168243,-9.89953231811523,-0.477770954370499,-76.4878051184961,17.7256369245781,-51.8795453691943
9.545,-1.46027672290802,-10.2673463821411,1.45153832435608,-17.5339869391094,63.956989803029,-10.4230778479828,-0.794157981872559,-9.87765789031982,-0.398833394050598,-78.915390953302,21.2560097348487,-53.6332749857706
9.55,-1.50692367553711,-10.41637134552,1.44574093818665,-12.1364726361892,65.9929257606372,-11.5319573521871,-0.964309394359589,-9.83686447143555,-0.327253013849258,-81.3340429006736,22.8649700768719,-54.6162553205513
9.555,-1.60413181781769,-10.5557899475098,1.40046691894531,-6.1897509329578,66.7480168337604,-12.7322521082428,-1.12383997440338,-9.85081100463867,-0.205353155732155,-83.9316936156237,22.5946772932997,-55.5387611604207
9.56,-1.76130151748657,-10.6817903518677,1.31086814403534,-0.0069194401990524,66.1892732087075,-13.960742738966,-1.19856309890747,-9.96076202392578,-0.0275125112384558,-86.6766715109709,20.5502906841408,-56.6653803734468
9.565,-2.00012636184692,-10.7660217285156,1.18377375602722,5.86075907677168,64.8719346234872,-15.406082484327,-0.985722064971924,-10.2805852890015,0.080048494040966,-88.7541555093003,17.9269891937628,-58.1746541045337
9.57,-2.28771805763245,-10.9045734405518,1.06975913047791,10.8872259143519,64.0006552023928,-17.159081270662,-0.68268483877182,-10.7032556533813,0.217564657330513,-91.2919191256077,16.5909375977639,-60.400981585256
9.575,-2.60256171226501,-11.1354789733887,0.99320775270462,15.2569606717254,63.6905509536959,-19.1200319964673,-0.4270199239254,-11.1856288909912,0.392136186361313,-94.3308683628323,17.3159433951405,-63.1132223839114
9.58,-2.93527436256409,-11.4916763305664,0.974483907222748,19.0270099426136,64.0409738090634,-21.2385142052897,-0.297146946191788,-11.7066230773926,0.602451145648956,-97.9014385439157,20.5212828707358,-66.1877159255768
9.585,-3.29409718513489,-12.1123714447021,1.11103475093842,22.1284058918723,65.1851602686348,-23.346254234095,-0.350347727537155,-12.2368783950806,0.720385730266571,-101.661485002764,24.3415972112734,-69.1084414184576
9.59,-3.58051109313965,-12.6759748458862,1.267245054245,25.443129139478,65.7840449154399,-25.0877851328135,-0.491476148366928,-12.7768516540527,0.984164834022522,-105.798223224528,27.9009675896652,-71.6260628069027
9.595,-3.85481095314026,-13.2316417694092,1.44573652744293,29.194397097696,65.2798676716662,-26.3022303332822,-0.657984733581543,-13.3302993774414,1.34935677051544,-110.170186331119,30.7769382680096,-73.8088888128012
9.6,-4.16424512863159,-13.8180112838745,1.64996027946472,33.5866014698914,63.1611634816958,-26.829280173039,-0.801644742488861,-13.9010372161865,1.78680658340454,-114.679176692838,32.5914326625368,-75.6907903442473
9.605,-4.54465675354004,-14.4343109130859,1.8447585105896,38.9800637630866,58.4754761261486,-25.6175977840896,-0.81496125459671,-14.2930116653442,2.06733179092407,-119.703791695379,32.230248844132,-77.7345058873202
9.61,-4.88376235961914,-14.8277740478516,1.94657623767853,45.2883957446591,52.9260737840129,-23.2780684556107,-0.826146185398102,-14.6522798538208,2.36280679702759,-124.814125572004,32.8423260013189,-79.8027281491351
9.615,-5.19982290267944,-15.011058807373,1.96879494190216,52.4326506730874,46.9194312580798,-20.0105264472441,-0.896822154521942,-14.9812746047974,2.7041974067688,-129.850939292403,35.0522439525603,-81.8243070491079
9.62,-5.51400756835938,-14.9839029312134,1.92210376262665,60.3779433571856,40.9310936391224,-15.9946672058636,-1.10898888111115,-15.2807216644287,3.13394260406494,-134.608480238019,39.7676187253349,-83.7062563918782
9.625,-5.84252071380615,-14.8780899047852,1.79680418968201,69.4779273317986,34.8643215428311,-11.3995532813527,-1.52474701404572,-15.4838352203369,3.24064350128174,-139.59820663428,43.0151448643388,-85.5166458427143
9.63,-6.13030672073364,-14.8525171279907,1.60848844051361,79.196651313134,28.1792738926812,-6.52324473758061,-1.87450301647186,-15.7637662887573,3.16178417205811,-144.422014075223,42.6559486309824,-87.3864852600861
9.635,-6.37343835830688,-14.924880027771,1.3842339515686,88.6610258799672,21.3273049569525,-1.81740896431214,-2.03289461135864,-16.1904926300049,2.92372536659241,-148.608715130766,39.460608552332,-89.1263666681202
9.64,-6.5655689239502,-15.1222906112671,1.1699206829071,96.2463744249949,15.202860450857,1.87559299797395,-1.77062726020813,-16.8938274383545,2.54518437385559,-151.240387017972,34.8157486525486,-90.3499677371713
9.645,-6.6680850982666,-15.2487630844116,0.987020552158356,105.830516358924,5.81250976670107,5.92969276097004,-0.996766030788422,-17.8105888366699,2.21835112571716,-152.756921240147,29.213299646224,-91.5086546883506
9.65,-6.69544982910156,-15.2563228607178,0.756758391857147,117.505017197769,-6.58717189311734,10.4446561231182,-0.304505944252014,-18.6744060516357,2.36396360397339,-154.867408712546,27.2958367348642,-92.7596721367301
9.655,-6.63720655441284,-15.1566505432129,0.490895301103592,130.747333319076,-21.4819728831602,15.2255793675837,0.0858776792883873,-19.4215297698975,3.15009164810181,-157.688891556786,30.9420546761001,-94.1221992534993
9.66,-6.44989204406738,-14.9914264678955,0.249054357409477,144.146634508267,-37.6961384632859,19.6933666131346,-0.278152525424957,-19.9527683258057,4.97089815139771,-161.005044021476,44.4348304191772,-95.6049786807957
9.665,-6.03148746490479,-14.6755676269531,-0.152866080403328,157.347532362447,-53.7573726928005,24.5637627744064,-1.24809849262238,-20.1846008300781,6.80828094482422,-162.143718518387,65.9360371150402,-97.3597499012203
9.67,-5.35687494277954,-14.3281412124634,-0.629271805286407,167.982232522806,-67.7754002283354,29.8666584667545,-2.32971787452698,-20.0611534118652,6.50904750823975,-156.593274572403,87.8907171453732,-99.3017639275517
9.675,-4.34805297851563,-14.067852973938,-0.967563211917877,175.191183003052,-80.3563832832563,35.2422290794188,-3.4640679359436,-19.5817947387695,3.96375107765198,-144.356157391246,107.460704928888,-101.489678424382
9.68,-2.66613268852234,-14.3295955657959,-0.261203229427338,177.330985647369,-96.219381517395,38.9814058952585,-4.87032604217529,-18.7994613647461,0.814838290214539,-129.955345564056,118.956213830343,-104.281948549542
9.685,-0.365022629499435,-14.8459186553955,0.901514887809753,181.200943510341,-123.91017735611,39.2885116909098,-6.26056718826294,-18.2604064941406,-0.0343858227133751,-120.037050285362,137.921422513799,-105.721083068042
9.69,1.83743822574615,-15.264518737793,1.6593496799469,187.540069399787,-158.691945817538,37.266915715464,-7.70344400405884,-17.6585540771484,-0.78866446018219,-112.333805845071,142.633146550462,-106.913572625424
9.695,3.71231198310852,-15.4334268569946,1.59968280792236,196.363772222473,-197.7144694516,33.5002542184042,-9.1213207244873,-16.8723983764648,-2.17871928215027,-106.188711969567,124.515646305275,-108.211574945104
9.7,5.42681503295898,-15.1301641464233,-0.108796678483486,205.145947495005,-229.429769843637,30.2055417175192,-9.69115734100342,-15.7873229980469,-4.01101589202881,-102.028375444221,78.2649383782634,-109.4511040153
9.705,6.82936716079712,-14.5791625976563,-2.19739770889282,212.978945038959,-244.075116103491,29.6226431284666,-9.26869487762451,-14.7496919631958,-5.61883544921875,-94.8468618338701,39.0094438218014,-107.056904145157
9.71,7.73061323165894,-13.917387008667,-4.01142501831055,219.460685278275,-243.485780061146,31.1456592001636,-8.24349689483643,-13.6676626205444,-7.49438810348511,-85.8184377511913,2.07647739920049,-99.3068660788617
9.715,8.006911277771,-13.2145891189575,-5.16610670089722,223.946985751571,-227.813542180337,34.4999377808001,-6.74579095840454,-12.5051441192627,-9.82469749450684,-75.8010774087755,-34.8922979976715,-85.2510471066492
9.72,7.73288345336914,-12.5359401702881,-5.22973012924194,220.014395053909,-197.589900461517,38.3920152113998,-4.02150726318359,-11.5293951034546,-11.0324220657349,-70.9295610964798,-72.27883081607,-69.5067029187719
9.725,7.3225531578064,-12.1331968307495,-4.90980958938599,211.540274973323,-160.775617967255,41.6363789728179,-0.389783293008804,-10.5792980194092,-11.3691720962524,-66.2271739284119,-124.420761317325,-50.867273768158
9.73,6.7713360786438,-12.0204925537109,-4.34617519378662,202.496407832931,-118.096730145945,44.1697439472998,3.10448789596558,-9.41140270233154,-10.9910869598389,-63.4753863344622,-169.731771818326,-29.2244977413682
9.735,6.06695795059204,-12.2268304824829,-3.63519811630249,196.009135140387,-69.7720694284052,45.898201863947,5.62124013900757,-7.81861019134521,-9.97867584228516,-64.2115236326387,-190.61268463943,-4.3083330642823
9.74,4.91520357131958,-12.4460306167603,-3.08067870140076,194.870105473639,-32.7997773378843,46.5387916458242,5.55837059020996,-5.46047258377075,-10.7564468383789,-74.1053600039148,-170.005143309667,13.9171994292335
9.745,3.60665822029114,-12.4672136306763,-2.73719501495361,194.024500733635,4.15034225104345,46.584844196303,5.47971487045288,-3.6186351776123,-11.9184217453003,-83.5650149100315,-157.742535862527,24.2535048464532
9.75,2.20143890380859,-12.3444395065308,-2.49460625648499,192.479348018838,40.6926414899135,45.7770718741114,5.81933546066284,-2.63501262664795,-12.5658721923828,-88.4879898675341,-150.256443626518,28.5021352272004
9.755,0.76764190196991,-12.1345529556274,-2.22229194641113,188.933223084794,76.3112174076946,43.7240228775377,7.1547679901123,-3.005206823349,-11.5300445556641,-83.3708804432522,-143.430871664385,28.4583024882018
9.76,-0.733760476112366,-11.962287902832,-1.72589755058289,182.339904875198,95.3953738355463,39.6789662850027,8.8148078918457,-4.49570846557617,-8.38122940063477,-71.5566066132328,-113.854185463748,29.9439693779699
9.765,-2.11610341072083,-11.8274545669556,-1.0827499628067,174.2172663293,103.294651535206,35.522895212793,9.73474884033203,-6.0060453414917,-5.47668504714966,-58.3976187997996,-69.6619189676605,32.9522510658211
9.77,-3.29207444190979,-11.7339916229248,-0.289121747016907,164.979285212696,100.994974652987,31.9203290105427,9.69914150238037,-7.57500696182251,-3.21323013305664,-42.9932985042785,-16.7817252718498,36.7035378070593
9.775,-4.09416484832764,-11.6937294006348,0.686030268669128,155.133171373151,88.7276953564557,29.9906332303794,8.31125640869141,-9.39809513092041,-2.16208481788635,-22.8374409994221,35.3259398778865,39.7996010861235
9.78,-4.41316652297974,-11.6596765518188,1.63631153106689,147.204660463843,67.6242891231381,30.544021987123,6.48107385635376,-10.385968208313,-2.55672311782837,-1.71721489166481,69.0527548861545,42.4998788084476
9.785,-4.40683126449585,-11.5503273010254,2.23210024833679,141.12515006475,43.034778243108,32.3904167801688,4.78794717788696,-10.2841367721558,-3.55376029014587,16.6942510391495,90.2514764093397,47.192666145637
9.79,-4.13675880432129,-11.3605012893677,2.42625498771667,136.496931920879,17.398894335063,35.2061861711686,3.3439793586731,-9.21602821350098,-4.8995943069458,32.2285925232582,99.7623850549882,54.3336220926962
9.795,-3.70080828666687,-11.0974493026733,2.16498756408691,132.319902413201,-4.22658551831418,38.5707646770736,2.28726315498352,-7.54540252685547,-6.19486951828003,45.4701641539461,96.8391460524928,64.6023743777035
9.8,-2.85129284858704,-10.6563320159912,1.35354244709015,127.273075635479,-15.7875092758845,41.6515078418295,1.95374953746796,-5.96947622299194,-6.89541387557983,55.0193321042304,91.8448365992986,73.0452053617021
9.805,-1.73937451839447,-10.1417217254639,0.254935204982758,121.880053889485,-20.4396177139245,43.9301101753645,2.02300429344177,-4.68303966522217,-6.90478467941284,64.0438015073798,88.2498963032566,81.0611905037099
9.81,-0.479173243045807,-9.60029411315918,-0.984760820865631,116.455558631796,-19.2895743671399,45.0807955599312,2.40968084335327,-3.73723292350769,-6.31242084503174,73.6497795560857,85.2400846530313,89.0637338334312
9.815,0.547913670539856,-9.14530563354492,-1.94688546657562,111.944621666164,-14.3460542006139,44.1016093952344,3.03592658042908,-3.17591738700867,-5.63215208053589,85.8318317521537,75.5451570507643,97.5829673134855
9.82,1.06281352043152,-8.7107572555542,-2.40098285675049,108.785625024087,-8.43191548793128,41.1406301824801,3.76462936401367,-2.675461769104,-5.40131330490112,98.084965726914,62.9074082936514,104.711430844553
9.825,1.1831374168396,-8.28315544128418,-2.53034782409668,106.562780939841,-1.92629370562637,37.1616283494083,4.1938533782959,-2.28147745132446,-5.41374254226685,109.29704909857,54.0099223524563,111.439816044986
9.83,0.941205203533173,-7.86338090896606,-2.40528082847595,105.155775631197,4.80564127218505,32.6820624426337,4.12827301025391,-2.05102372169495,-5.56585216522217,119.086233311383,50.8124785755416,118.230233023462
9.835,0.370789468288422,-7.49382448196411,-2.16531205177307,104.511347283006,9.73730551097235,29.4457412289633,3.18547320365906,-2.28852486610413,-5.53507852554321,127.716231969208,49.6797429281138,126.155151253266
9.84,-0.268184453248978,-7.14253044128418,-1.9210969209671,103.31025851746,14.3555959748844,26.7291034960297,2.09389019012451,-2.84351539611816,-5.41089582443237,135.972059203921,44.3822038116223,134.60328929425
9.845,-0.853300511837006,-6.80320882797241,-1.67228901386261,101.166473872857,18.7271099965366,24.3803431668876,1.18141007423401,-3.47922968864441,-5.31395387649536,144.04818416157,35.8248066495804,143.074322129332
9.85,-1.30662536621094,-6.47758388519287,-1.41589677333832,97.8165256321541,22.7977780909119,22.3623945124586,0.64447683095932,-4.08434200286865,-5.29557228088379,152.059750171185,24.3258485025946,151.247258188277
9.855,-1.44217085838318,-6.24448823928833,-1.10595083236694,93.1281403518848,25.2085018962043,21.082229231796,0.725065290927887,-4.82353496551514,-5.10608339309692,160.411309337305,10.2774351629897,158.073444867436
9.86,-1.45267367362976,-6.07457637786865,-0.773579776287079,88.2410033969573,26.8283615125956,19.5581715562506,1.17558062076569,-5.66896438598633,-4.72889137268066,169.565019579929,-4.69591940581067,163.125039117199
9.865,-1.39437520503998,-5.96481323242188,-0.440786957740784,83.2465368494122,27.9403163094737,17.9972342742818,1.90457701683044,-6.51093912124634,-4.41943836212158,179.437170100591,-18.9627207870508,166.412190598673
9.87,-1.30782675743103,-5.91646480560303,-0.125059440732002,78.2109457328744,28.7384888007868,16.5619229541697,2.85632109642029,-7.26194143295288,-4.38518381118774,190.005166633515,-31.181172768753,167.834919002787
9.875,-1.17400896549225,-5.94890737533569,0.088251069188118,73.1146547251828,29.4611364753525,16.1276219606998,3.77789521217346,-7.80787181854248,-4.75657939910889,199.748390503403,-34.7111989469232,167.002045735395
9.88,-0.99890398979187,-5.99216079711914,0.209725111722946,68.0258427746323,30.2008630379378,16.4368468225411,4.64318656921387,-8.17867469787598,-5.1083869934082,207.121552391675,-34.7862217447666,165.739075455968
9.885,-0.788953483104706,-6.0254864692688,0.241490289568901,63.022087169816,30.8766180487568,17.346704859615,5.45544290542603,-8.35128974914551,-5.4184250831604,213.344346499177,-31.7741936981556,163.894418946066
9.89,-0.549570381641388,-6.02206611633301,0.179319024085999,58.2073980314148,31.3816456510821,18.7238690717755,6.21466588973999,-8.28150177001953,-5.65561246871948,219.860729457962,-25.8999560968306,161.232844490674
9.895,-0.36643049120903,-6.00443506240845,0.10618618875742,53.7898126762635,30.7835601364099,20.1337789183643,6.72123289108276,-7.97610330581665,-5.71109056472778,227.756988214009,-16.3881526964008,158.508937728916
9.9,-0.164854153990746,-6.01105117797852,0.022687578573823,49.5468376921491,29.4716174006339,21.1645603320514,7.00398015975952,-7.70333862304688,-5.6020040512085,235.310562719018,-5.01211063371854,156.94847173
9.905,0.0615472979843616,-6.02986574172974,-0.0789609551429749,45.4777832299652,27.5202613830652,21.6076364110574,7.08240699768066,-7.55545568466187,-5.39280462265015,242.421554626188,7.99727127745565,156.544602644377
9.91,0.319630950689316,-6.03528547286987,-0.215481579303741,41.6230771794093,24.9622821143618,21.0493008898074,6.96891736984253,-7.69214725494385,-5.19326782226563,249.035500007078,22.5611000833399,157.277058470591
9.915,0.498846262693405,-5.97396421432495,-0.373010873794556,38.0462710356137,21.4258338508246,19.2101836633222,6.76900053024292,-8.17062854766846,-5.30700302124023,254.908151296969,37.8477071911577,157.91722478074
9.92,0.601343095302582,-5.87057399749756,-0.568089067935944,34.6782945105967,16.5320016029631,16.8407500591098,6.56738710403442,-8.64913654327393,-5.50016212463379,259.949650527138,52.4410996170907,158.089646076148
9.925,0.645165801048279,-5.73343992233276,-0.803407967090607,31.5386785302898,10.0848861538715,14.2099959785736,6.33701705932617,-9.07058238983154,-5.69376468658447,264.179450076344,64.7772955223475,157.740896617127
9.93,0.676690936088562,-5.57473611831665,-1.08444213867188,28.7301286492427,1.51118661094131,11.8037937585117,5.96574687957764,-9.38798999786377,-5.74312591552734,267.612931530596,70.6162329984946,156.804846512133
9.935,0.724396169185638,-5.36665868759155,-1.39611434936523,26.7743859426796,-5.9263989022428,10.062755487187,5.24972581863403,-9.5218334197998,-5.49972009658813,270.384786220327,70.7763804439639,155.292956818594
9.94,0.768605411052704,-5.16977024078369,-1.69660270214081,24.8548688519269,-13.7411291052616,8.46099587209626,4.28844594955444,-9.53003311157227,-5.19718360900879,272.710137783636,68.0914194208536,153.498324614173
9.945,0.807429373264313,-5.00062322616577,-1.96711337566376,22.7253234441964,-22.3017287722505,6.85105795924808,3.15083193778992,-9.4509744644165,-4.90376377105713,274.618328713198,62.8095794941693,151.517993226598
9.95,0.851727247238159,-4.87590551376343,-2.16176223754883,20.0531861012527,-31.8156563615122,5.07069956953209,2.05903267860413,-9.4058723449707,-4.70431041717529,276.03094843734,53.2556065058039,149.511789082447
9.955,0.896548926830292,-4.74056100845337,-2.24633741378784,16.993582371978,-40.0230063285909,3.2634257521746,1.32912516593933,-9.45506763458252,-4.50737047195435,276.985644958768,44.1532490404543,148.109059472223
9.96,0.934189140796661,-4.61778402328491,-2.24256253242493,13.6216229929012,-47.0098800381637,1.36150579004484,0.895980477333069,-9.57111167907715,-4.36837816238403,277.625934212321,34.4684096275914,147.083520228724
9.965,0.951631724834442,-4.52070665359497,-2.15220546722412,9.90929052804692,-52.7144950140934,-0.661834818486216,0.728202104568481,-9.74446105957031,-4.30280447006226,277.873542230113,23.903918689259,146.45615369308
9.97,0.867731928825378,-4.4874701499939,-1.95175862312317,5.50399780585441,-56.7109957918188,-2.81087556045954,0.679532408714294,-9.95752048492432,-4.26749467849731,276.786285397273,13.0718345996238,146.92266927377
9.975,0.671371757984161,-4.49660778045654,-1.67299854755402,0.370075097198203,-59.1587614205275,-5.24982085362885,0.508989214897156,-10.1427993774414,-4.24413204193115,274.517433158778,3.50709296425822,149.020589198096
9.98,0.388924956321716,-4.54986095428467,-1.34398186206818,-5.32899469894034,-60.1928998721916,-7.8072537071986,0.207947820425034,-10.2977361679077,-4.17113447189331,271.053516381585,-5.71171794577966,152.02234805529
9.985,0.0367992408573627,-4.64969301223755,-0.982176542282104,-11.5472322164922,-59.7712313135917,-10.3702087687123,-0.221635788679123,-10.4204874038696,-4.00216865539551,266.296562832238,-15.2379778684746,155.506796381129
9.99,-0.254130661487579,-4.77977180480957,-0.685721576213837,-18.4449412215451,-57.2651392844656,-12.415286080751,-0.532120168209076,-10.5325012207031,-3.53787231445313,259.806407799865,-28.4250736178897,157.900641081435
9.995,-0.584598004817963,-4.96342706680298,-0.313123852014542,-25.4676870846388,-53.0996254757283,-14.1699386266388,-0.542545914649963,-10.6253490447998,-3.11033296585083,252.517776332761,-43.0557161880087,158.255004955954
10.0,-0.960336744785309,-5.20670747756958,0.154005646705627,-32.4348335003414,-47.5373140760613,-15.7210822711115,-0.371848165988922,-10.6933240890503,-2.79779958724976,244.360536048528,-57.4176300878754,156.378820292843
10.005,-1.38868236541748,-5.51807928085327,0.736090540885925,-39.1991967222281,-40.7017188113205,-17.1254374663578,-0.103600353002548,-10.7303638458252,-2.66959404945374,235.225731769526,-70.1315491146122,151.983456958156
10.01,-1.77067315578461,-5.90129041671753,1.42481517791748,-45.6882930752796,-33.2830644480815,-18.5664895604673,0.311911046504974,-10.6429557800293,-2.65655970573425,225.019530356938,-79.7835899590807,144.311009840832
10.015,-2.10371875762939,-6.35778045654297,2.18291449546814,-51.8722678026337,-26.2254948655044,-20.0690048193705,0.72929835319519,-10.4259166717529,-2.60048866271973,214.222189732063,-87.4476837550495,136.054540568338
10.02,-2.36525845527649,-6.88560628890991,3.01929783821106,-57.5154998684925,-19.501629542754,-21.510126922919,1.0508086681366,-10.1005887985229,-2.54460716247559,203.179454070689,-92.6449864303764,127.629133396912
10.025,-2.52144598960876,-7.48781442642212,3.95118117332458,-62.2803422863309,-13.1027360829763,-22.7307756427013,1.14624905586243,-9.68545532226563,-2.54323816299438,192.306790119647,-94.5841522678239,119.543268589505
10.03,-2.58826589584351,-8.23072338104248,5.09287929534912,-64.4103504393777,-5.15496958973806,-23.2121263942688,0.950475633144379,-9.36687564849854,-2.90492033958435,182.01219239882,-96.2149692151912,111.548422882979
10.035,-2.69821190834045,-9.13113021850586,6.35487365722656,-64.7175723482449,2.66729068339729,-23.4004552002536,0.869210004806519,-9.25669765472412,-3.50202059745789,173.955232951982,-99.7744471690625,104.855896175688
10.04,-2.88074827194214,-10.1688985824585,7.71042966842651,-62.7732360575957,11.39311582806,-23.2834182012781,1.0837025642395,-9.24022006988525,-4.34243297576904,167.8387575691,-107.301076577796,98.7265390560316
10.045,-3.18539547920227,-11.3185586929321,9.12816524505615,-57.4424236745625,23.2436852833289,-22.7585130409208,1.92579996585846,-9.09819793701172,-5.48016166687012,163.129301155241,-122.839422260305,91.6916354562152
10.05,-3.55607938766479,-12.3960390090942,10.3934440612793,-47.2922605490196,37.7543487504874,-21.2553454989519,3.12526845932007,-8.58819007873535,-4.6336555480957,150.786630230651,-130.703838674441,84.6364461945639
10.055,-3.923583984375,-13.293981552124,11.4751062393188,-35.6333735226179,50.4852339671225,-18.8429226841034,4.1486234664917,-7.82280921936035,-3.25764441490173,135.799173455649,-126.337162134269,77.2113202270864
10.06,-4.27209520339966,-13.9602422714233,12.3451080322266,-23.4851000270903,59.7729866722084,-15.4555518369381,4.94762325286865,-6.79295015335083,-1.95056843757629,119.335316650035,-112.38574260352,68.522752697129
10.065,-4.57905054092407,-14.2611131668091,12.9139537811279,-12.5644300914674,62.0802109134604,-10.7883888081936,5.55552339553833,-5.40713310241699,-1.9306173324585,102.845846635034,-97.3339727672927,55.9837718905092
10.07,-4.68286991119385,-13.9322786331177,13.0113792419434,-4.88902464845939,54.6313397933333,-5.20136450344901,5.99867343902588,-4.00808668136597,-2.12112736701965,82.9716080749408,-73.3087003995028,41.3670646138443
10.075,-4.55479049682617,-13.1270456314087,12.7122983932495,-1.13034977697339,42.3836050831119,0.633840594481831,6.13914823532104,-2.88999390602112,-2.34947323799133,60.800035387514,-41.0735577248305,27.7458061822901
10.08,-4.19305276870728,-11.9495897293091,12.0120544433594,-1.89908500673739,27.279425497836,6.50134160157285,5.96104907989502,-2.14922714233398,-2.57371807098389,36.8402918546213,-2.66064661688216,16.2520082432222
10.085,-3.61820363998413,-10.7327566146851,10.8140077590942,-9.37360049899011,13.4261549316865,12.0653558527773,5.52809906005859,-1.94134080410004,-2.77077984809875,12.3810915924449,33.2105893107985,9.09519771955216
10.09,-3.13824987411499,-9.98846340179443,9.70493316650391,-21.2730800851318,3.03450662605633,17.6458790980926,4.45887279510498,-2.10770273208618,-3.00841188430786,-10.5464763143965,67.9828467338071,5.27843251606203
10.095,-2.68233823776245,-9.54482173919678,8.57383060455322,-35.4009592606353,-4.78982853048282,23.3340742992575,2.74022269248962,-2.6219322681427,-3.30223274230957,-32.2375571465439,99.3356143450783,2.59656834341004
10.1,-2.22577977180481,-9.35527610778809,7.38985872268677,-50.8080731035269,-10.0252483571335,29.1571281704898,0.389018833637238,-3.48981881141663,-3.64954113960266,-52.688806672625,124.310795271688,0.0026342079034277
10.105,-1.75990450382233,-9.44492435455322,6.21706295013428,-65.3845266603183,-10.6814152391865,35.0548872357691,-2.26126289367676,-4.74326467514038,-3.97173094749451,-71.3709825621594,126.479858446409,-5.09871999371524
10.11,-1.32516312599182,-9.83326148986816,5.31523513793945,-74.9722134624269,-6.9210930114501,40.6717376959587,-4.65218114852905,-5.99314451217651,-3.99970889091492,-88.8338023452119,112.105486281496,-12.6803213262095
10.115,-0.840016663074493,-10.3611431121826,4.57616567611694,-78.5815859481852,-0.7225795861174,45.8715163148598,-6.75419092178345,-7.2330150604248,-3.52307319641113,-103.50232343692,91.7267426285491,-20.42988298681
10.12,-0.250607460737228,-10.9381608963013,3.94165396690369,-75.2392192174611,6.88286615021283,50.5396739899021,-8.48092937469482,-8.47993659973145,-2.38124442100525,-114.22012650891,69.6938705925978,-27.1431256578538
10.125,0.587481141090393,-11.3093090057373,3.22930788993835,-62.8024760974325,13.6882113608933,54.3247940731939,-8.84744358062744,-10.1121807098389,-0.187217175960541,-117.927874209284,30.1948900375086,-32.9418281971477
10.13,1.5485782623291,-11.4881706237793,2.47468066215515,-46.9963391881342,19.4604674077209,57.6846495032878,-7.64386987686157,-12.3111133575439,2.80574560165405,-114.822146212544,-19.1825743311498,-37.7736781858385
10.135,2.58613848686218,-11.5615558624268,1.70129370689392,-31.2171576203953,24.0154351878378,60.2952434267151,-5.30232858657837,-14.9137306213379,5.83353471755981,-104.512132754761,-66.3252349543258,-41.0627284599015
10.14,3.66779685020447,-11.5921001434326,0.926719844341278,-18.1697853432838,27.1319787891283,61.852847576369,-2.09708094596863,-17.8150100708008,8.29011344909668,-86.2457002347215,-101.455083516236,-42.256116187159
10.145,4.67885828018188,-11.8542261123657,0.0121395522728562,-4.66162203778027,29.4414143041241,61.03847046125,0.25341984629631,-19.3622817993164,7.88649797439575,-65.1148981126429,-108.140329241872,-39.6074132232577
10.15,5.37790632247925,-12.1736288070679,-0.850671172142029,9.11938085808224,29.5366476317216,58.0230717162836,1.02741479873657,-19.1997661590576,6.03718757629395,-50.1887525307252,-106.622756830943,-31.7090780897033
10.155,5.62913084030151,-12.3921346664429,-1.55323839187622,21.1435557928063,25.5671739125419,52.8142362665431,0.607241809368134,-17.7541408538818,3.66708731651306,-42.0384175677432,-102.927897697533,-19.0903104282939
10.16,5.22744989395142,-12.3032503128052,-1.94694769382477,28.7256651206201,14.8953311834772,45.2527626477592,-0.618585228919983,-15.4627828598022,1.8981956243515,-41.9026948787459,-104.4588162981,-2.05287994939174
10.165,4.06330585479736,-11.7244997024536,-1.87709820270538,29.0568029368661,-5.18527215087764,35.896158220745,-1.1793919801712,-13.8742628097534,1.60155487060547,-47.7144038057668,-119.654300144653,10.8813434139293
10.17,2.65834832191467,-11.0999317169189,-1.64161193370819,26.9122311129615,-27.0695406148306,25.7172331686071,-1.04312896728516,-12.4492626190186,1.67185413837433,-54.2050950079895,-138.132871510124,16.0943162507595
10.175,1.0544216632843,-10.4492607116699,-1.32466566562653,23.5621069948876,-47.8882218748598,14.9168940906869,-0.207122340798378,-11.0717391967773,1.59135115146637,-61.4510480380646,-157.161150160376,13.4328912057554
10.18,-0.745043992996216,-9.76035022735596,-1.04581761360168,20.7834852952361,-62.8932015001778,3.70800340558096,1.403977394104,-9.58358573913574,0.479535102844238,-70.2308737255225,-172.710786145584,2.15885374945907
10.185,-2.60387873649597,-8.96529006958008,-0.986306190490723,16.5116749599932,-64.9084351544117,-6.18932020415327,3.73049259185791,-8.58365821838379,-1.22416496276855,-81.7274276459205,-171.957785110346,-12.2019092635325
10.19,-4.06900215148926,-8.41175079345703,-0.93142706155777,8.41057456186958,-55.9048661301226,-14.1932731141645,6.22096347808838,-8.07481479644775,-2.43133425712585,-92.3272870113225,-158.955987270472,-25.665253721476
10.195,-5.0803656578064,-8.28361797332764,-0.658396244049072,-3.31476529595782,-37.8936128925694,-20.0080043998931,8.51491737365723,-8.03155422210693,-3.03129553794861,-101.023968806014,-137.219169784095,-36.7673727550422
10.2,-5.58679103851318,-9.02807807922363,0.422642737627029,-17.5478095344422,-15.189603053678,-22.7853983730412,9.74637031555176,-8.42097759246826,-3.04266405105591,-106.030538448768,-114.701087939695,-42.4840395997624
10.205,-5.36640167236328,-10.5998821258545,2.59601187705994,-26.1362516138091,-7.49919168506351,-23.1143556513947,8.59615039825439,-9.26266765594482,-2.95002818107605,-110.287242113114,-82.3554772004815,-41.8178741745381
10.21,-4.63267946243286,-12.2920169830322,4.69604825973511,-28.5222859927992,-11.5216779174862,-22.5528594601063,6.00438261032104,-10.4806261062622,-2.91196203231812,-113.104660994799,-47.7109135791009,-37.358293401275
10.215,-3.49065470695496,-13.8583564758301,6.1959080696106,-24.5805718699538,-23.5016290848817,-21.4829632605898,2.38830494880676,-11.9975185394287,-3.05007362365723,-114.240173114124,-16.1530763681892,-30.0608270844796
10.22,-2.21698904037476,-14.8573455810547,5.80265235900879,-14.2840113235145,-29.2143924764912,-20.1295663991937,-1.24509799480438,-13.5284633636475,-3.77329421043396,-113.250949986442,-5.28646951428102,-21.7952138962334
10.225,-1.36758053302765,-15.182089805603,3.81167769432068,-1.83500908114279,-20.7884867012559,-19.0556181899522,-3.79049062728882,-14.3608379364014,-4.94176387786865,-112.56340948421,-18.8513579677283,-16.159607736583
10.23,-1.04722309112549,-14.8250665664673,1.01570343971252,9.03361673399533,-7.55212138226288,-17.5550205066585,-4.83000421524048,-14.3494815826416,-5.95049381256104,-111.007827070551,-48.4942850504826,-12.8620026505846
10.235,-1.31124222278595,-13.7598896026611,-2.25210642814636,16.6087865896124,6.31129286857771,-15.3219157707322,-4.21347665786743,-13.4804439544678,-6.55425596237183,-108.070429085906,-89.0337083218398,-12.080103084969
10.24,-2.18179488182068,-11.9665784835815,-5.30517053604126,17.8462204992801,11.7844404174985,-11.957861481846,-2.26522850990295,-12.2522563934326,-6.49489164352417,-103.074774085445,-117.969770589653,-15.4540491953207
10.245,-3.11566066741943,-10.0320873260498,-7.68658494949341,13.5508844312147,12.2258746897827,-6.32659505363948,0.099136509001255,-10.9416265487671,-5.73135423660278,-99.8784641199326,-118.112098071578,-19.6505891383628
10.25,-3.92299509048462,-8.12865352630615,-9.36907768249512,4.64858320665472,10.1430119174819,0.891600407813888,2.24377799034119,-9.72288131713867,-4.75631427764893,-98.2324568318512,-101.016551220575,-23.4381937029652
10.255,-4.47965288162231,-6.3696174621582,-10.2594499588013,-8.57377595567151,6.58350450841987,9.27570254384267,3.78615975379944,-8.73536396026611,-3.85650205612183,-98.0372773461289,-72.3461696510971,-26.2443649706339
10.26,-4.4810619354248,-5.12781953811646,-9.63811683654785,-25.1400497403425,-0.89104961709035,16.1230628094288,4.10082960128784,-8.7392463684082,-3.72421050071716,-98.3183054795291,-41.4930713587473,-29.8726382973728
10.265,-4.25821828842163,-4.41360950469971,-8.06775379180908,-38.3799770029876,-12.9170240932173,20.0146792022595,3.62352609634399,-9.20955944061279,-3.52861547470093,-97.6181496179003,-9.07042803852711,-31.5210463969475
10.27,-3.90875506401062,-4.16488075256348,-5.99539422988892,-46.528761513028,-26.1948341463203,20.8909549067317,2.37206363677979,-9.85837364196777,-3.16800093650818,-96.2644061244037,19.3139496047404,-31.0427760606957
10.275,-3.50262641906738,-4.36069917678833,-3.74610662460327,-47.8700706471405,-38.1749244788201,18.5198427835307,0.313224196434021,-10.4674491882324,-2.55130648612976,-94.4777925620685,38.9494542703212,-28.1907656859597
10.28,-2.9111225605011,-5.13008069992065,-2.17619848251343,-41.4621954886043,-38.4123760053156,11.806819532314,-1.71140646934509,-10.5349597930908,-2.55502128601074,-92.1154350338362,44.5807539956999,-23.3505248098735
10.285,-2.14962410926819,-6.175208568573,-1.1754697561264,-33.8846538497979,-32.9619089533075,4.03084553019313,-2.96351194381714,-10.3367462158203,-2.75175166130066,-89.1854204836841,44.1712807398631,-19.5212526762394
10.29,-1.35071957111359,-7.29478406906128,-0.634319305419922,-26.0590892592081,-24.324998144043,-3.95247252456182,-3.38729548454285,-10.0042695999146,-3.00062775611877,-86.1085636965659,38.0722086789868,-17.1812144986674
10.295,-0.678117871284485,-8.24162101745605,-0.450395584106445,-19.1243708741375,-15.3994179272443,-11.0840933105729,-2.84893727302551,-9.69236850738525,-3.12866950035095,-83.4022719926776,26.2870912189869,-17.0458555172434
10.3,-0.18886025249958,-9.15305709838867,-0.348737478256226,-14.3994509119978,-6.92595397170503,-15.7871028796288,-1.72752833366394,-9.68197727203369,-3.35517549514771,-81.6373647715247,16.7476170146821,-17.6123189636057
10.305,0.0469873882830143,-10.017505645752,-0.272351771593094,-11.3137712280192,3.89445305577033,-18.9309569923157,-0.677880525588989,-9.80325889587402,-3.51169228553772,-80.263970823786,12.188392319165,-17.9203400046058
10.31,-0.0281574856489897,-10.7436933517456,-0.219557374715805,-9.73229385966886,16.6855459630523,-20.669614088941,0.144907787442207,-9.98049736022949,-3.55565357208252,-79.2219913149547,12.6559033999267,-18.0680257699344
10.315,-0.548759341239929,-11.1453456878662,-0.195651665329933,-9.61755180425452,30.6472193152927,-21.0553507298647,0.492013782262802,-10.0939989089966,-3.41229152679443,-78.4903004699279,18.4795019787453,-18.3254624299413
10.32,-1.20840740203857,-11.3075189590454,-0.191790550947189,-10.0166354885901,40.9293621861678,-20.4086325607548,0.306425958871841,-10.1275033950806,-3.33282494544983,-77.0335440633693,26.4850625445324,-19.098296626981
10.325,-1.78219640254974,-11.3291721343994,-0.249451041221619,-10.4782589462873,47.7608354317445,-19.3113575479504,-0.247396424412727,-10.1769256591797,-3.39473867416382,-75.0421067882037,31.2475417169181,-19.8126968481239
10.33,-2.2399001121521,-11.2216558456421,-0.375845670700073,-11.1166698978192,51.1881321497031,-17.8975459557982,-1.0497567653656,-10.2645654678345,-3.54729628562927,-72.695322091279,31.107348669109,-20.303625232455
10.335,-2.56481766700745,-10.9702644348145,-0.583122253417969,-12.4444031771827,50.9538156800367,-16.3166918422095,-1.83484435081482,-10.4238834381104,-3.62296462059021,-70.4134378518478,22.7636134846835,-20.2793148816516
10.34,-2.80452919006348,-10.6557931900024,-0.779980063438416,-14.2560101092383,49.1565197018395,-15.1588296363725,-2.04164171218872,-10.632830619812,-3.54906058311462,-68.4064550661312,9.52574467029944,-19.6891301883019
10.345,-2.91550922393799,-10.3340530395508,-0.902227342128754,-17.1612805915747,46.3550561420563,-13.9416241857055,-1.7771909236908,-10.8679847717285,-3.39365148544312,-66.5631782544416,-3.97008630177082,-18.6115790542732
10.35,-2.87671947479248,-10.0226449966431,-0.935259342193604,-21.3332847875709,42.8147197933339,-12.5771060687932,-1.0756698846817,-11.105016708374,-3.20150661468506,-64.8986338329528,-15.9547789011108,-17.158135289462
10.355,-2.63350939750671,-9.74789714813232,-0.875112473964691,-26.969881324651,39.2147217422116,-11.1371066775896,0.0104675116017461,-11.253809928894,-3.11348581314087,-63.594136003372,-22.808701270942,-15.7705106425876
10.36,-2.22091317176819,-9.52484035491943,-0.780916452407837,-32.4440884066667,37.2354558641469,-10.3914882230715,1.08596289157867,-11.1997413635254,-2.99622225761414,-62.187943487239,-24.1885224266897,-14.4163078188694
10.365,-1.73095941543579,-9.36462593078613,-0.681264221668243,-37.2428871099639,36.6710875783125,-10.2044349549142,1.98699295520782,-10.9798135757446,-2.84744238853455,-60.5103875553813,-20.4150461083854,-13.4092544823589
10.37,-1.21204209327698,-9.27849006652832,-0.58775269985199,-41.0323307030003,37.4685838808978,-10.5523067346267,2.62180519104004,-10.6119346618652,-2.68010830879211,-58.5446864330083,-11.3801265158059,-12.9474568548379
10.375,-0.817575216293335,-9.30995082855225,-0.515890896320343,-42.7204358620311,39.4159459453493,-11.4798413012726,2.75051188468933,-10.1790676116943,-2.61205172538757,-56.6909457715102,3.37527287459791,-13.6661891234619
10.38,-0.522571206092834,-9.37549018859863,-0.485933840274811,-42.6599238010794,41.9946019042176,-12.5924475274427,2.48183560371399,-9.85522270202637,-2.58721089363098,-55.1847729463065,19.542487734369,-14.5105985803614
10.385,-0.29215732216835,-9.43109035491943,-0.54570871591568,-41.3140589307904,45.5267317806521,-13.7353353972982,1.97013449668884,-9.63758373260498,-2.62289071083069,-53.7371280121006,35.0386962723416,-15.1667646086408
10.39,-0.11359278857708,-9.45251274108887,-0.7223841547966,-38.889686699989,50.2609817811981,-14.8387328209199,1.29006361961365,-9.53348255157471,-2.72897553443909,-52.1947107880662,48.567439791588,-15.4578945918234
10.395,-0.0242439191788435,-9.4315938949585,-0.960903823375702,-35.9944856240365,56.658679957871,-16.0869720898545,0.562033891677856,-9.59540557861328,-2.85846900939941,-50.4856096275269,57.2501640947104,-15.372165472456
10.4,0.0333983078598976,-9.38674831390381,-1.21963322162628,-33.8986933036368,62.4074247860282,-17.3682489838045,-0.0376752354204655,-9.68124103546143,-2.94604110717773,-48.7664305228672,62.5285650211475,-15.0000892098722
10.405,0.0546265803277493,-9.3370943069458,-1.46814584732056,-32.5670966985241,66.953653339102,-18.6829050122283,-0.602454364299774,-9.7899808883667,-3.06674337387085,-47.0296466056217,63.737877334455,-14.3064433722961
10.41,0.0334648303687572,-9.29755592346191,-1.68159925937653,-32.0184480930645,69.7831411650498,-20.0332590243492,-1.20449638366699,-9.92222309112549,-3.28233957290649,-45.2681852149051,60.0998522051285,-13.2435011591284
10.415,-0.13258858025074,-9.31625652313232,-1.74947547912598,-31.923494803223,71.0878234097382,-21.4000328112348,-1.6380273103714,-10.0943260192871,-3.60752081871033,-43.6114272090701,49.580479788906,-12.2216203357035
10.42,-0.40796235203743,-9.34378719329834,-1.75306236743927,-31.8222099280208,72.3727937284818,-22.7297698973461,-1.72101318836212,-10.2031650543213,-3.71239542961121,-41.9359988811389,39.0736202792429,-11.4716262912483
10.425,-0.771864295005798,-9.3676700592041,-1.71403777599335,-31.5926575153005,73.6591778963837,-24.0081644514663,-1.48238182067871,-10.2087574005127,-3.64095449447632,-40.2748354032892,29.9592997375619,-11.0863455654517
10.43,-1.20498061180115,-9.37194538116455,-1.65635991096497,-31.0717599684386,74.9736341417743,-25.2132898588125,-0.933738768100739,-10.0529222488403,-3.43490600585938,-38.670393231402,24.0785273527485,-11.2104612017282
10.435,-1.70088469982147,-9.31714630126953,-1.62245714664459,-30.5897705941837,75.5514476549899,-26.3462287043682,-0.241097837686539,-9.71788120269775,-3.42686676979065,-37.621737212657,22.3227828303671,-11.806139074718
10.44,-2.19142770767212,-9.23001956939697,-1.61725127696991,-30.313701178121,75.6685580784989,-27.2241538995249,0.299171060323715,-9.36853122711182,-3.40825629234314,-36.9958972242925,23.3245649683856,-12.5864429373887
10.445,-2.66812825202942,-9.11669540405273,-1.63028585910797,-30.2234641339014,75.2766623144911,-27.9371146583002,0.606606602668762,-9.04907512664795,-3.33423066139221,-36.6763434088789,26.8362247678776,-13.4262326250883
10.45,-3.12063312530518,-8.98320960998535,-1.64315021038055,-30.2829687419505,74.2016451806444,-28.6576125308247,0.535444021224976,-8.82905769348145,-3.13594460487366,-36.4885097916089,32.7966627716228,-14.1248662083059
10.455,-3.50420689582825,-8.82603645324707,-1.70782053470612,-30.2931184030572,72.5365816647787,-29.1829565308362,0.106690488755703,-8.73535537719727,-2.90913152694702,-36.4784250172994,39.1410444916346,-14.2008802373526
10.46,-3.81051445007324,-8.6491870880127,-1.81343948841095,-30.331879726597,70.9224508695538,-29.3506718259059,-0.49431961774826,-8.71020030975342,-2.7531156539917,-36.4957976034533,44.0958822816153,-14.1595823523097
10.465,-4.0312328338623,-8.45951747894287,-1.94811153411865,-30.4945919080996,69.4977690313375,-29.0656787676925,-1.21008515357971,-8.74080467224121,-2.68986678123474,-36.486204602764,46.9960147541486,-14.1549668519781
10.47,-4.13740062713623,-8.27434635162354,-2.08382129669189,-31.0415329662667,68.449594540929,-28.0692873564765,-1.9511570930481,-8.81604480743408,-2.75561237335205,-36.3435492717592,46.3645398597188,-14.454601274451
10.475,-4.11139965057373,-8.14027786254883,-2.18778514862061,-32.303809981493,67.5629540243913,-26.4083390295857,-2.51256251335144,-8.90270042419434,-2.97370743751526,-35.9684591882042,42.2703161504435,-15.0391066655059
10.48,-3.98273825645447,-8.06348514556885,-2.270099401474,-34.0321859358702,66.7571283061132,-24.2639789415454,-2.8686511516571,-8.98520851135254,-3.18632912635803,-35.4929858144175,35.9474461112226,-15.7404065838208
10.485,-3.75735425949097,-8.05421543121338,-2.33177351951599,-36.1524678995389,66.0542540291947,-21.7003886724389,-2.99736881256104,-9.06699085235596,-3.34019374847412,-34.936386868764,27.8513155294938,-16.4846871750352
10.49,-3.43345355987549,-8.15411758422852,-2.36741971969604,-38.5677013372308,65.6383501502543,-18.8359439383189,-2.82144689559937,-9.17957305908203,-3.3444652557373,-34.2564551972675,18.8729464881475,-17.0955519736444
10.495,-3.15931797027588,-8.26563453674316,-2.36408662796021,-40.530134214086,65.6674672466861,-16.23776900635,-2.35833382606506,-9.27570247650146,-3.46529293060303,-33.6374795490189,10.8892450890253,-17.1338898254557
10.5,-2.86726593971252,-8.38838481903076,-2.31597566604614,-41.8391502138027,65.986450741304,-14.0089220395976,-1.7149955034256,-9.35764694213867,-3.56428956985474,-33.1610260430863,5.12929789685574,-16.7735017240892
10.505,-2.53201174736023,-8.52114486694336,-2.21834588050842,-42.4522723899326,66.5593874994522,-12.2268958030637,-0.930756092071533,-9.42436981201172,-3.58380389213562,-32.8313430571335,2.31245915436396,-16.1226068943017
10.51,-2.14186954498291,-8.65236759185791,-2.06041145324707,-42.744696693963,67.4532543561318,-11.1359062718429,-0.0711090043187141,-9.46486854553223,-3.44865345954895,-32.4224298768086,4.25763641205471,-15.6686554465898
10.515,-1.82229363918304,-8.75615501403809,-1.88638162612915,-43.2403601069362,68.6270018744309,-10.7776756564805,0.669920802116394,-9.45986747741699,-3.33296489715576,-32.0706341534179,7.89247226992556,-15.6407916898707
10.52,-1.57081532478333,-8.8443021774292,-1.69899535179138,-43.6506427401897,70.1878845148864,-11.0525754026478,1.20317959785461,-9.43895721435547,-3.23653149604797,-31.8824009700816,13.8032291851954,-16.0107335183388
10.525,-1.39169752597809,-8.92192077636719,-1.49905276298523,-43.8027203171546,72.2283830388602,-11.941927504286,1.46129846572876,-9.41819190979004,-3.15673828125,-31.9198679727737,22.3676298524574,-16.7916751499233
10.53,-1.31703186035156,-8.98464298248291,-1.28829610347748,-43.4128565344249,75.0072728234366,-13.4229012003206,1.28636538982391,-9.42136669158936,-3.0292341709137,-32.1266792706525,32.539290998413,-18.0919877810901
10.535,-1.33801639080048,-9.05324649810791,-1.08720910549164,-42.8066806606808,77.6480356924278,-15.1285001813631,0.870221257209778,-9.43551635742188,-2.80895471572876,-32.3651075141993,41.083618593478,-19.3423631916876
10.54,-1.42155432701111,-9.12443542480469,-0.914243936538696,-42.1319262725753,79.8785022677872,-16.7989202730854,0.30352982878685,-9.46867847442627,-2.56289529800415,-32.6603458561677,47.5003695828407,-20.4956252651186
10.545,-1.54513335227966,-9.19574546813965,-0.785808444023132,-41.501977925425,81.456952154788,-18.2252174510403,-0.35076493024826,-9.52841281890869,-2.34279990196228,-33.0359242982483,51.2611400417414,-21.5082810642958
10.55,-1.68215274810791,-9.26369571685791,-0.811557412147522,-40.6914052256737,83.4037404833492,-19.5968048137435,-0.851825654506683,-9.60737800598145,-2.21175074577332,-33.4091463250654,49.0579395815487,-22.5019318621074
10.555,-1.80825531482697,-9.34693336486816,-0.916423380374908,-39.8684254872951,85.8604707353436,-20.9344393060826,-1.16675519943237,-9.67542266845703,-2.10217785835266,-33.7282834989396,44.6280052443781,-23.3936147657998
10.56,-1.92159128189087,-9.45520305633545,-1.06731247901917,-39.0922564503932,88.2338863398421,-22.1261553445408,-1.33978796005249,-9.75276279449463,-1.98261165618896,-34.0753459012355,38.8448874892229,-24.1020436940608
10.565,-2.01885485649109,-9.60267734527588,-1.22618556022644,-38.4408852149112,89.7722156956582,-23.0200478144297,-1.41558539867401,-9.86550998687744,-1.81274378299713,-34.5555150300765,32.7020475761452,-24.5109910253316
10.57,-2.03667736053467,-9.75317478179932,-1.24940156936646,-38.2546703524746,88.3950856344436,-23.4780683473397,-1.32008695602417,-10.0467176437378,-1.63646996021271,-35.2050830956177,27.701853914981,-24.6533970544318
10.575,-2.01200461387634,-9.87370109558105,-1.13017427921295,-38.4395567431176,84.8263322836794,-23.740538856765,-1.13838493824005,-10.2243642807007,-1.51944828033447,-36.0945854614176,23.4437193260037,-24.8216946231282
10.58,-1.96874070167542,-9.96289157867432,-0.879393994808197,-38.8264254878963,79.4304486884235,-23.8736694889723,-0.907697319984436,-10.3738088607788,-1.39461255073547,-37.3746004779184,20.2629019370761,-25.1598026474222
10.585,-1.94633257389069,-10.0183401107788,-0.504561960697174,-39.1260112452714,72.6295337091934,-23.9640021558403,-0.68442839384079,-10.4529752731323,-1.12715590000153,-39.3641218850218,18.9502044653968,-25.927512495037
10.59,-2.01060557365417,-10.0497608184814,-0.102493517100811,-38.7667193892667,66.8978575237722,-24.5954633898917,-0.67011171579361,-10.4346971511841,-0.748419642448425,-41.1870720537416,19.1911854921459,-26.8087674074141
10.595,-2.10731554031372,-10.0800476074219,0.214222505688667,-37.8374140960785,63.2498603182575,-25.8152429681022,-0.829849541187286,-10.3769388198853,-0.530073165893555,-42.8919828932251,18.5762020894671,-28.2985614389882
10.6,-2.24921846389771,-10.1225290298462,0.436591684818268,-36.2530219444998,61.9083906746995,-27.5955573884754,-1.05759239196777,-10.3500747680664,-0.484977006912231,-44.6813592670796,16.9725590497127,-30.5892651601851
10.605,-2.4972550868988,-10.2087545394897,0.570812821388245,-33.6741747403348,63.3625174584277,-29.8893825061231,-1.06370580196381,-10.5405616760254,-0.567505061626434,-47.1343226697468,14.7805925431574,-34.1333068865322
10.61,-2.86956191062927,-10.3398933410645,0.678068935871124,-29.7618526290352,66.2839532909823,-32.1449910078173,-0.72717946767807,-10.8113126754761,-0.274913996458054,-49.5815862795515,15.5033580384863,-38.1927444423646
10.615,-3.27538633346558,-10.4877347946167,0.746504247188568,-25.0625936876072,69.0344977905031,-34.0991525255875,-0.503364384174347,-10.8103456497192,0.237694144248962,-51.7092960739426,19.2661126673409,-41.7634853781773
10.62,-3.69036197662354,-10.6411085128784,0.776644885540009,-19.7856510065579,70.8946246788752,-35.5835780284739,-0.552612364292145,-10.4758520126343,0.85691249370575,-53.6253212304821,25.8203895156418,-44.456837288683
10.625,-4.09153270721436,-10.7760887145996,0.782801568508148,-14.3609764564031,70.1447450400887,-36.0761507808477,-1.16788101196289,-9.87137413024902,1.20861077308655,-56.1469007135512,33.8814197552259,-45.4629924553176
10.63,-4.45225620269775,-10.8753805160522,0.828663527965546,-9.24229608861214,66.4224695273501,-35.5018070037305,-1.85239887237549,-9.60929584503174,1.32826209068298,-59.9692794787654,36.8526886479648,-46.2211946796078
10.635,-4.74718618392944,-10.9459247589111,0.907560348510742,-4.60008886354763,60.7341718733476,-34.1942970607258,-2.36509275436401,-9.61317157745361,1.44838535785675,-64.777958050697,35.7593870977101,-47.365555309003
10.64,-4.95953750610352,-10.9949579238892,1.01850843429565,-0.608590185533088,53.6902626691106,-32.3361133611726,-2.62224006652832,-9.86545848846436,1.65218985080719,-70.2583925576885,31.0736929119737,-49.1470428143661
10.645,-5.04117107391357,-11.0684747695923,1.16372382640839,1.92624375986806,47.8979446491434,-30.6526902968179,-2.65996503829956,-10.3695240020752,1.96580588817596,-74.5124734293934,24.7699286194087,-51.7330548869705
10.65,-5.0232629776001,-11.1820459365845,1.29469382762909,4.63098821246594,41.785410285413,-28.6954961750561,-2.55301642417908,-10.8669281005859,2.15980887413025,-78.0823742519381,19.0036609409359,-54.7826353136382
10.655,-4.93445444107056,-11.3018188476563,1.43805491924286,7.65519662080119,35.2362014374763,-26.5021738759506,-2.3406674861908,-11.234375,2.22439813613892,-81.7361293069231,14.8650222190352,-58.0677001723205
10.66,-4.78877401351929,-11.4092607498169,1.61336028575897,11.0606922287028,28.2429654066915,-24.1109246475291,-2.04828906059265,-11.397536277771,2.15255784988403,-85.8573288483254,12.9796868099839,-61.4458092829712
10.665,-4.63754558563232,-11.4861793518066,1.90712285041809,14.2200798991095,22.2164350774427,-22.0877628512161,-1.86486005783081,-11.3197841644287,2.04051876068115,-89.9700726155352,12.6258915487137,-64.2846066567578
10.67,-4.53803968429565,-11.5761423110962,2.25005316734314,17.286162062812,17.078228906362,-20.349141613084,-1.81995248794556,-11.214111328125,2.00476121902466,-93.1914015639775,12.7952597495625,-66.185195585773
10.675,-4.46961212158203,-11.7059783935547,2.58808708190918,20.2482528888537,13.059325108159,-18.755880460868,-1.88890957832336,-11.1915254592896,2.02693891525269,-96.1663792494357,13.5352321989579,-67.3157694783286
10.68,-4.41773319244385,-11.8994779586792,2.87789463996887,23.091479640317,10.4120957575711,-17.206103708003,-2.05907773971558,-11.3454675674438,2.09599614143372,-99.3933431039433,14.9185043077837,-67.7630375859377
10.685,-4.25748014450073,-12.2846384048462,3.0413064956665,26.0104122085407,10.1373163934878,-15.2927952592058,-2.13838815689087,-11.9291286468506,2.07761859893799,-103.928465769427,14.834670565911,-68.6750795759987
10.69,-4.03553771972656,-12.7876491546631,3.15858173370361,29.5037363652059,11.1266564881594,-13.1075018474696,-1.98771381378174,-12.7007169723511,2.11487650871277,-108.737328756466,13.8644678075201,-70.2902758807341
10.695,-3.78853011131287,-13.3226776123047,3.24009203910828,33.8816314910902,12.8962808087079,-10.7848866286967,-1.63966453075409,-13.5986785888672,2.23096251487732,-113.632388730831,12.792270688027,-72.4040828250697
10.7,-3.56054306030273,-13.7843408584595,3.29611730575562,39.6018602794625,14.8983125610499,-8.48357562371868,-1.12002837657928,-14.5553979873657,2.46107983589172,-118.384649940218,12.5957277257916,-74.7978865442407
10.705,-3.23912191390991,-14.2068853378296,3.46015453338623,47.86900513763,14.5943828033627,-6.75555099719697,-0.547130167484283,-15.3877782821655,2.60449767112732,-122.608561866359,13.8792696812251,-77.390161900314
10.71,-2.9057924747467,-14.5787000656128,3.73474311828613,58.1768329348789,11.5866227712093,-5.68650046047715,-0.042901124805212,-16.0177879333496,2.69508790969849,-126.534964412632,16.7342605797601,-79.7239214264915
10.715,-2.62466382980347,-14.856746673584,4.05472660064697,70.7004833819067,6.44855875344064,-5.23705096120186,0.333958238363266,-16.4424095153809,2.71780776977539,-130.117644519114,21.3119541067929,-81.677430661196
10.72,-2.5141179561615,-14.950834274292,4.30116081237793,86.0583276552205,0.0845140727367734,-5.38880495795485,0.471653670072556,-16.6425170898438,2.63344573974609,-133.208605646868,28.0706516867632,-83.0281210601335
10.725,-2.63075232505798,-14.8897657394409,4.10618591308594,103.288388251737,-2.79638936956018,-5.5411655608835,0.332546204328537,-16.8307647705078,2.71519422531128,-135.463114488106,37.2891718868745,-83.9272539926632
10.73,-2.8433403968811,-14.7910661697388,3.62134981155396,120.313085550479,-2.4224277613221,-5.62411863524013,0.154392287135124,-17.1315040588379,2.53017711639404,-136.298856434949,42.8772672506583,-84.4952183730956
10.735,-3.09437918663025,-14.6852703094482,2.94137239456177,136.652523630172,-0.181096009179688,-5.63315369485159,0.0704857632517815,-17.5728530883789,2.04770922660828,-136.25243846935,43.8795462849389,-84.580083473533
10.74,-3.26779961585999,-14.6178207397461,2.2689573764801,151.603766742195,0.14402762539889,-5.57388600898927,0.390701562166214,-18.2041721343994,1.30889213085175,-137.016436109151,39.3144185984317,-83.6521954445976
10.745,-3.27380990982056,-14.6355314254761,1.84223103523254,162.211473994953,-3.03063924488223,-5.42763458338637,1.09942233562469,-18.9918346405029,2.18659472465515,-137.122454305447,45.1767528875807,-82.2035123216379
10.75,-3.10195255279541,-14.6247587203979,1.58222699165344,171.926953636433,-9.97861438680161,-5.13901682915785,1.44022905826569,-19.5112628936768,4.06746435165405,-136.534375017909,57.6395156132524,-81.1543542839889
10.755,-2.71768617630005,-14.535834312439,1.42321157455444,181.354171974181,-20.8899064726941,-4.61541538115831,1.0453200340271,-19.6064357757568,6.34876108169556,-135.193827449889,77.779653437734,-80.7799779552021
10.76,-1.97027516365051,-14.2506074905396,1.13739502429962,189.860352962732,-36.3777002176092,-3.48000016514171,-1.04529297351837,-18.9738235473633,6.83105087280273,-132.864541697618,114.449914563157,-81.4446714746603
10.765,-0.800339162349701,-14.1015167236328,0.913396537303925,192.695564487204,-54.9247442295095,-1.75291821144717,-3.82265758514404,-18.1733894348145,4.37469291687012,-126.620423739528,150.591628329848,-83.0504284579628
10.77,0.645223677158356,-14.2098731994629,0.890415251255035,192.936451598852,-76.8010649145896,0.0456332042112093,-6.56832313537598,-17.2981300354004,1.00079655647278,-119.019092551842,176.769106965487,-84.5763541902461
10.775,2.30188250541687,-14.6066799163818,1.07127141952515,192.301503553229,-101.952150533083,1.68631938472791,-9.04855728149414,-16.3468036651611,-2.4571681022644,-111.109432964644,189.256687183508,-85.5081900685218
10.78,3.98845219612122,-15.1420068740845,1.04547524452209,196.726031795672,-128.367039714083,2.74713794267227,-11.377161026001,-15.0724573135376,-4.6601095199585,-104.588487439493,186.688071602719,-84.5594084909153
10.785,5.26551961898804,-15.2651786804199,0.0048316451720893,205.892432529774,-148.374029830885,4.62045435321849,-13.2820119857788,-13.6791181564331,-5.73354387283325,-100.100411117012,173.852247359676,-82.5952851422406
10.79,5.99657201766968,-14.9654664993286,-1.79193294048309,215.684260025796,-158.467000367412,8.20799029731335,-14.3485059738159,-12.2878227233887,-6.93401670455933,-96.8702302434055,140.0233312686,-81.0561225033458
10.795,6.08371305465698,-14.2384099960327,-4.16692352294922,223.567964894148,-155.77078319255,14.1443168795148,-14.3003253936768,-10.9961891174316,-8.91235733032227,-94.4521588621134,77.677412336048,-80.5401085417405
10.8,5.6077094078064,-13.5285196304321,-5.61980867385864,222.419933038074,-131.754021240466,23.5711604106324,-12.9408721923828,-10.4094667434692,-11.3192873001099,-90.926101023851,-25.7262660937845,-77.7071851306401
10.805,4.71071100234985,-12.8461265563965,-6.3848876953125,217.53540521541,-97.9299955648355,34.4037687172864,-9.86389446258545,-10.3460178375244,-13.6807775497437,-85.5711780730477,-126.7468915222,-70.7510062911973
10.81,3.40190505981445,-12.1913051605225,-6.75905418395996,211.52696976482,-58.0553033789769,45.9891458327457,-5.26382446289063,-10.4506521224976,-15.2545642852783,-81.7750067436788,-207.461559208558,-60.2548360275853
10.815,1.66338932514191,-11.565803527832,-6.95467662811279,206.405243132659,-14.7494315126165,57.8536557041106,0.797839164733887,-10.4509572982788,-15.4016380310059,-82.3292902552036,-252.361884095144,-46.4661799047578
10.82,-0.470884263515472,-11.156964302063,-7.25828504562378,203.204466223429,28.3300076299269,68.3372310988932,6.18778467178345,-9.93217182159424,-13.4131011962891,-83.9533589756709,-249.8961038425,-34.2281064971174
10.825,-2.60244059562683,-10.8907537460327,-7.61318302154541,198.805359945077,64.1080599270913,76.3182798232964,9.85190010070801,-8.94258308410645,-11.9617033004761,-81.8007428964714,-224.950326880267,-25.2937614400663
10.83,-4.62300872802734,-10.760124206543,-7.67890691757202,192.016561721435,89.4200238212957,81.6513666593232,11.6936540603638,-7.75490474700928,-10.7945928573608,-77.3651565777626,-184.942165967837,-18.9016793864384
10.835,-6.38801717758179,-10.766655921936,-7.00545263290405,181.157353243058,99.4846695633355,83.9500599943018,11.4515800476074,-6.69654035568237,-9.61595630645752,-72.347692783282,-138.032563351973,-14.2907049089011
10.84,-7.91586589813232,-10.8947095870972,-5.05003070831299,164.970078117695,90.3566954735037,84.3120258693666,9.82547092437744,-6.55344009399414,-7.9892406463623,-61.6707479029073,-84.8409283979358,-8.23380585105506
10.845,-9.28225517272949,-11.0656290054321,-2.82740569114685,150.46429994334,77.3112868757787,84.185448803668,8.22998809814453,-6.74519824981689,-6.28371620178223,-46.9308718249396,-32.8481453224918,-1.45545600257371
10.85,-10.362322807312,-11.2634811401367,-0.582429707050323,137.01907256217,59.1686925155807,83.2043399407198,6.68637418746948,-7.09212064743042,-4.78946161270142,-29.5917467677561,13.3994326703325,5.71292262039452
10.855,-10.8813791275024,-11.4691982269287,1.3301385641098,122.831608523895,31.5490979838687,80.4328814019604,5.09142637252808,-7.33116388320923,-4.039466381073,-11.9849909932293,45.4703656445266,12.7606904546258
10.86,-10.2747602462769,-11.6878232955933,2.72453832626343,108.007509383272,-11.3968237670057,73.7647453001954,3.09854197502136,-7.05088996887207,-4.47660207748413,4.9064523030135,56.9940490763078,21.454797268
10.865,-8.83510208129883,-11.8956241607666,3.64775991439819,96.2336292920037,-57.45610454347,64.9344171940145,1.38043117523193,-6.38100147247314,-5.03773260116577,20.4800080375814,58.8531446061153,31.6738411437752
10.87,-6.67230653762817,-12.0591039657593,4.03467750549316,87.9909501714431,-102.499651666763,54.7025445154307,0.138860315084457,-5.46980476379395,-5.53682088851929,34.4049674154857,54.8054549756552,42.7543033550306
10.875,-3.93392658233643,-12.0854196548462,3.62999439239502,83.6590256337676,-138.864316468341,44.523807293495,-0.240513890981674,-4.67963314056396,-5.81362581253052,45.7884919504037,51.2884334776648,52.8884326114969
10.88,-1.15884208679199,-11.8981599807739,2.56196236610413,81.5038960449534,-160.391611071739,37.091352533038,-0.0229431707412004,-4.13929033279419,-6.39008569717407,56.6659677697155,50.2612720642378,59.8345881483327
10.885,1.45661306381226,-11.526535987854,1.26699542999268,80.7675538411019,-170.423560698222,32.1444001964541,0.543735206127167,-3.81532192230225,-6.79638910293579,67.6702904471981,51.1461367315913,64.6934344597181
10.89,3.793123960495,-10.9685106277466,-0.0936706885695457,81.4601418531304,-169.313122203339,29.6336226575574,1.36075079441071,-3.6920964717865,-6.92072916030884,78.8565761943591,53.2827769983222,67.8925243122228
10.895,5.49022150039673,-10.1853513717651,-1.20401513576508,84.3869598747509,-155.365425125688,29.5896533147754,2.21501231193542,-3.73011565208435,-6.7111554145813,89.849178267226,54.1678158354995,70.3264075814435
10.9,6.33132553100586,-9.49497604370117,-1.84446239471436,88.6776573905962,-132.920617550704,30.8403634046423,2.68354892730713,-3.66682934761047,-6.61580419540405,101.178522326553,52.8379848342872,74.1927249535884
10.905,6.53315830230713,-8.74915027618408,-2.21206307411194,93.0351678169026,-106.639859624625,32.9611883683501,2.78545093536377,-3.5266695022583,-6.32276439666748,111.231966558354,51.0823256892705,78.5999113457283
10.91,6.12718057632446,-7.88116979598999,-2.3759024143219,96.7764517461013,-78.5653983998522,35.7374451150014,2.50609040260315,-3.33418941497803,-5.75080537796021,119.618851462861,49.0338597496298,83.4874990931411
10.915,4.92891550064087,-6.77890825271606,-2.41498732566833,97.9874579463229,-53.1760074812166,38.4017140800212,1.76760745048523,-3.23784518241882,-5.15725469589233,127.967569270286,42.9433185950269,90.6884787426263
10.92,3.40424394607544,-5.80515432357788,-2.34205007553101,96.3322094122945,-32.687055310917,40.8892860512128,0.879180729389191,-3.36189866065979,-4.95373964309692,137.304834016665,31.6594704257615,99.7534648279322
10.925,1.86932575702667,-5.00496912002563,-2.18321204185486,92.4863006453895,-16.5703633604365,43.0919025302314,0.0900427773594856,-3.68399000167847,-4.82852983474731,146.795340887263,18.1486834738431,109.50656515136
10.93,0.5096635222435,-4.41522455215454,-1.94713568687439,86.7086026453407,-4.75275426366799,44.8782053189594,-0.433830201625824,-4.20251226425171,-4.62160539627075,156.015946002618,3.73931768849136,119.331751291289
10.935,-0.328975170850754,-4.09799957275391,-1.62748289108276,79.431350273394,3.43731575169737,45.1972776060366,-0.171864122152328,-4.90292119979858,-4.33575439453125,165.132486355779,-13.6118882657866,128.623445015525
10.94,-0.779557645320892,-3.96526479721069,-1.28865730762482,71.8917230146703,11.0428440906279,43.9317391754816,0.572694361209869,-5.62258100509644,-4.17210292816162,174.003249181847,-31.2839739459509,136.676948386644
10.945,-0.947988212108612,-3.99877452850342,-0.952696025371552,64.9762657630591,17.6363014653289,41.7661354915752,1.53397476673126,-6.3581395149231,-4.07006931304932,182.305248495349,-45.1234671667708,143.220255951138
10.95,-0.901283383369446,-4.19418478012085,-0.637314438819885,59.428833930499,22.8154443752001,39.1901979479966,2.51363468170166,-7.10790061950684,-3.98520731925964,189.746616652673,-51.5899043672508,147.944424592469
10.955,-0.783832788467407,-4.59706449508667,-0.406386077404022,53.3237478880585,28.0709009886679,35.360934352099,3.13205790519714,-7.63082265853882,-4.0604419708252,197.246150700968,-50.213771513655,149.168257887952
10.96,-0.69121390581131,-5.06890726089478,-0.258897989988327,46.6491265216766,33.9051068512675,31.083927950445,3.83820652961731,-8.05813980102539,-4.28834342956543,204.562321490806,-47.4238578037582,148.463778516579
10.965,-0.608276724815369,-5.59724521636963,-0.190303206443787,40.1003616360358,39.8336564093252,27.0734543132251,4.6772289276123,-8.37621402740479,-4.6287693977356,211.157033058993,-43.1613484786175,146.518950452309
10.97,-0.516731083393097,-6.1707592010498,-0.200957551598549,34.5608289172508,45.2551873649145,24.2474464686594,5.71607065200806,-8.55950260162354,-5.03994083404541,216.298649202017,-37.2390792795016,144.10266175039
10.975,-0.36985045671463,-6.71340131759644,-0.256440758705139,30.6831358650432,49.7376629322755,23.4611175253671,6.62409019470215,-8.46055698394775,-5.31460571289063,219.445153428102,-25.7596623037312,143.160273229847
10.98,-0.19951468706131,-7.1850962638855,-0.29086896777153,27.8517475389588,53.2701855445873,23.3448369698422,7.16915607452393,-8.31927585601807,-5.39677858352661,222.016746971369,-10.4494722602567,143.478382460251
10.985,-0.0151437036693096,-7.57824468612671,-0.308598846197128,25.9622696201759,55.5161498191734,23.5789246281714,7.25110721588135,-8.2405424118042,-5.33076477050781,224.170797390294,5.91507871746715,144.654103903221
10.99,0.170247435569763,-7.87439823150635,-0.323062598705292,24.9808533987151,55.7035223986744,23.7387254415403,6.65584754943848,-8.40441513061523,-5.19080495834351,226.012134428259,18.3661293762596,146.036821059176
10.995,0.35158833861351,-7.98896503448486,-0.376690536737442,24.6059989566865,51.6524074283456,23.4435536939164,5.52815341949463,-8.88859176635742,-5.23440265655518,228.633738616628,26.8171702476405,147.719820651802
11.0,0.480706661939621,-7.99970293045044,-0.451625794172287,24.46477625786,43.4233750257467,22.581906547099,4.37725353240967,-9.39799308776855,-5.24698972702026,231.313317450673,33.6322510392092,149.508742818077
11.005,0.567165493965149,-7.91708850860596,-0.553584039211273,24.5359997629776,30.9655641872232,21.1817570408342,3.32111358642578,-9.85534381866455,-5.12904071807861,233.814805932298,38.501421181525,151.032571682285
11.01,0.652423977851868,-7.73483800888062,-0.708142638206482,24.9129510730814,13.72458126445,19.3160772086668,2.52634334564209,-10.1384115219116,-4.6571831703186,235.697861765714,39.4864676485297,151.258446038138
11.015,0.814557909965515,-7.48602962493896,-0.91974925994873,25.4907150674255,-5.96300060534443,17.2747010053847,1.96289753913879,-10.2932367324829,-4.27144908905029,237.803854973639,34.8269160118416,149.155881585176
11.02,1.02777290344238,-7.22710943222046,-1.14197313785553,26.0874260065272,-25.5415333823977,15.1936055445316,1.59693622589111,-10.445611000061,-4.05132055282593,239.6825941275,27.4364669147802,145.468084867368
11.025,1.28437626361847,-6.97853899002075,-1.35535562038422,26.6658183782749,-43.9435007612323,13.0889536150048,1.46352779865265,-10.6215677261353,-4.01079654693604,241.165783366146,18.3185212501973,140.590018403658
11.03,1.57426190376282,-6.77935981750488,-1.51551949977875,27.2338578907882,-58.7428233906412,10.9001879058493,1.76016438007355,-10.8167877197266,-4.13572692871094,241.918033080575,9.24191957443414,135.621670499499
11.035,1.83010816574097,-6.62863874435425,-1.58794713020325,27.6296263720554,-68.9910577873818,8.55715810542087,2.18849182128906,-10.9204568862915,-4.27030181884766,241.897706437605,-0.561239845751121,132.468021895542
11.04,2.02416658401489,-6.52115154266357,-1.58742761611938,27.7876906098279,-75.6242847922989,6.46625065093826,2.66444873809814,-10.9194774627686,-4.33522176742554,241.258947146425,-9.61241208690408,131.196937351381
11.045,2.13570189476013,-6.45995235443115,-1.50915884971619,27.6184180316275,-78.9434357100341,4.67283976971837,3.13260006904602,-10.8094511032104,-4.28490447998047,240.069128193009,-16.8634945890459,131.911539063105
11.05,2.09058785438538,-6.47303199768066,-1.29229032993317,26.6441154521872,-79.6854674614643,2.35930934287178,3.36872982978821,-10.6173715591431,-3.99017333984375,238.597741521248,-18.183674532961,134.779262288026
11.055,1.88075685501099,-6.55537414550781,-0.930241882801056,24.7942850739889,-79.2003259549074,-0.615035482871199,3.21380138397217,-10.462929725647,-3.71897125244141,237.229244819144,-17.550691874272,137.893609983499
11.06,1.53978848457336,-6.68803548812866,-0.475320428609848,22.2322520880132,-77.5293133442747,-3.69712504866725,2.84930324554443,-10.3284683227539,-3.5060088634491,235.868015438318,-16.7127625593475,140.676065126822
11.065,1.08065807819366,-6.862548828125,0.0483940318226814,18.9939057232538,-74.5829678118171,-6.57976540673611,2.36753463745117,-10.2043046951294,-3.3616669178009,234.472580470127,-16.5386422543837,142.779339919457
11.07,0.549052655696869,-7.05612087249756,0.611506104469299,14.8858799092132,-69.544309940342,-8.87989649653502,1.91530382633209,-10.0639333724976,-3.08481335639954,233.197384152086,-16.2627231024827,143.780235840431
11.075,0.0250680334866047,-7.19921112060547,1.2037478685379,10.723998053567,-62.5747780810718,-10.6827624940003,1.49534201622009,-9.96975040435791,-2.72712731361389,230.962273048091,-15.8880001415956,144.386975204781
11.08,-0.468015134334564,-7.29100751876831,1.815305352211,6.84052452688745,-53.6183817582854,-11.9946693712832,1.09747540950775,-9.93203449249268,-2.35564517974854,227.649877187445,-15.9480050610014,144.506366911473
11.085,-0.909775495529175,-7.32772302627563,2.43955016136169,3.51696344138253,-42.5089322241925,-12.7905768011128,0.714959144592285,-9.96242046356201,-2.02287817001343,223.100793615298,-16.8939999214265,144.034400839825
11.09,-1.22372591495514,-7.35622406005859,2.94723773002625,1.42666622161358,-27.0174604224093,-13.190153966616,0.452003002166748,-10.086522102356,-1.79175412654877,217.945011659935,-21.6169664494636,141.960960313484
11.095,-1.47434782981873,-7.41415309906006,3.39528775215149,-0.0153818428099733,-8.96136784672858,-13.7510294644636,0.402852535247803,-10.2346792221069,-1.71430790424347,212.442829830627,-29.0016354989399,138.535046708833
11.1,-1.66206705570221,-7.48884153366089,3.78043293952942,-0.84679650129272,10.6665518937789,-14.5790456135814,0.558644413948059,-10.3738698959351,-1.77788233757019,206.527913330152,-37.7266352579301,133.754406063444
11.105,-1.78257977962494,-7.56566381454468,4.09372901916504,-1.0678669930027,30.7398503408164,-15.8277288448121,0.92400735616684,-10.4619188308716,-1.97742235660553,200.085173470998,-46.2348823787045,127.512009313024
11.11,-1.90066647529602,-7.66368865966797,4.50360870361328,-0.437377993690936,47.9727796167846,-17.3490100484598,1.38133990764618,-10.3329849243164,-2.1010217666626,193.320390192477,-51.4726744154313,120.531091528408
11.115,-2.0381326675415,-7.78854322433472,5.04303407669067,0.331077545162633,61.638475259079,-18.6503506230967,1.74163281917572,-10.1384115219116,-2.12353277206421,186.218892248253,-54.3360331494732,113.757039683183
11.12,-2.1877167224884,-7.93674755096436,5.68877077102661,1.07780940055671,71.2391599111781,-19.476451757926,2.00119018554688,-9.86014652252197,-2.05273270606995,178.741747560057,-55.3029693698936,107.296664275592
11.125,-2.33464002609253,-8.10357093811035,6.40451717376709,1.5730749550108,75.480304404595,-19.3454111636047,2.16230082511902,-9.43924427032471,-1.89618277549744,170.777255214201,-54.9852494602721,101.28585874936
11.13,-2.47653245925903,-8.33505439758301,7.23340368270874,2.11178499489781,74.1390464969013,-17.4120475718572,2.25399041175842,-8.91594982147217,-1.60977971553802,162.506155676505,-54.1955805544756,95.4582388966671
11.135,-2.66005635261536,-8.60863304138184,8.08837604522705,2.64309879368734,70.2446775378351,-14.3332544261093,2.35572671890259,-8.40928363800049,-1.38004529476166,153.618699868106,-53.1383424030385,89.5259532251334
11.14,-2.89022994041443,-8.91511726379395,8.91121864318848,3.02692981183267,65.0029786329031,-10.5745381466015,2.49309325218201,-7.93652057647705,-1.21687245368958,143.811340521911,-51.0621390651785,83.4451382599086
11.145,-3.16892528533936,-9.23895931243896,9.56131362915039,2.86083305815289,60.6976576820447,-7.18940760148394,2.71485829353333,-7.50771474838257,-1.08726704120636,132.229948821832,-45.614127466177,77.1794164134732
11.15,-3.47148060798645,-9.5540132522583,9.9304838180542,1.09807734658849,57.9755062789037,-3.39319806574437,2.96217274665833,-7.09878921508789,-1.02892553806305,122.669254927324,-39.6367796215942,72.3470029341759
11.155,-3.81152129173279,-9.83187484741211,10.0821523666382,-1.52144438113591,56.6884834883144,0.856906515285661,3.2201292514801,-6.69649267196655,-1.03613233566284,112.32731716536,-33.2849632406708,67.0945259907335
11.16,-4.16458129882813,-10.0503902435303,10.021933555603,-4.74019269201069,56.4161160347818,5.42038689890334,3.47269773483276,-6.30173540115356,-1.10791349411011,100.188602519575,-26.1633760025505,60.8946608282754
11.165,-4.40285873413086,-10.1345777511597,9.71261024475098,-8.09620912890422,55.3441724860617,9.59866974629402,3.65997838973999,-5.93201684951782,-1.24543964862823,84.315734662086,-16.2724322163878,53.1399201767368
11.17,-4.34351301193237,-10.1105470657349,9.14797687530518,-12.7416777692974,49.2784727294701,13.3072584137095,3.52374863624573,-5.607017993927,-1.42323911190033,67.411480919168,-3.52109933436838,45.7794726856047
11.175,-4.05342102050781,-10.0241584777832,8.40153408050537,-18.6978494661323,38.8839664165591,16.6576207346307,3.01252007484436,-5.34994602203369,-1.59349775314331,50.119101676664,10.9775901708449,38.7140074043471
11.18,-3.56476640701294,-9.89508819580078,7.50767469406128,-25.9326897784279,24.1923627005505,19.6691877434727,2.08665060997009,-5.17624616622925,-1.75177526473999,32.7504633720768,26.3163995607154,31.8487349676626
11.185,-3.00879573822021,-9.77021408081055,6.58487558364868,-33.8037775798358,4.71094881019246,22.2804612707224,0.664344370365143,-5.12866735458374,-1.99592161178589,16.1285013475555,37.8614119657273,24.6247290429379
11.19,-2.53545928001404,-9.67523860931396,5.68148422241211,-40.1878768498712,-16.3471271651511,24.4697981544472,-0.560296297073364,-5.14854621887207,-2.23233294487,0.0165668139299044,43.6594024578002,17.225450218827
11.195,-2.15359711647034,-9.62140560150146,4.89677047729492,-45.0828753525334,-36.1169475007602,26.195486429386,-1.72585487365723,-5.24891901016235,-2.48038864135742,-15.6845458816938,43.7492057850076,9.75396434235801
11.2,-1.86594879627228,-9.62366199493408,4.28453683853149,-48.3977266661861,-52.6379217633084,27.3954072325847,-2.89762806892395,-5.44477844238281,-2.74265742301941,-30.9980929631454,37.531264526911,2.26092217542504
11.205,-1.5463707447052,-9.8030948638916,3.75149583816528,-50.0028142909499,-59.1242689652189,27.811328186998,-3.99349141120911,-5.80164289474487,-2.8696231842041,-45.8110418199485,19.5526032445298,-5.2488915210149
11.21,-1.16279232501984,-10.1788969039917,3.22362422943115,-49.6829975132533,-57.7176598075465,27.6169580786924,-4.55530214309692,-6.22741031646729,-3.02730536460876,-60.038482955436,-3.88262914454339,-12.645633356736
11.215,-0.730566084384918,-10.6658811569214,2.77219009399414,-47.6305768940832,-51.2432415310214,26.7744627823078,-4.62474203109741,-6.69790172576904,-3.30994415283203,-73.497124828136,-27.4773712101721,-19.6393568922727
11.22,-0.258933007717133,-11.2030515670776,2.45859599113464,-43.8925407198349,-41.6393432749177,25.2140411796212,-4.20484018325806,-7.19661092758179,-3.80019736289978,-85.9940350845632,-47.0253606619176,-25.9746151871007
11.225,0.247734904289246,-11.5831937789917,2.41531085968018,-38.2903717512662,-34.6089715056156,22.8242809324388,-3.59747672080994,-7.77476692199707,-3.8480339050293,-94.4532175414348,-53.4075406487962,-29.8777643543449
11.23,0.667479932308197,-11.7496166229248,2.46380710601807,-31.2603722272739,-29.5907427299481,20.6570260503006,-3.11580061912537,-8.40510177612305,-3.65421533584595,-103.33025048116,-61.959350716097,-33.7580733690046
11.235,1.00173187255859,-11.6963958740234,2.50161457061768,-22.9659817445072,-25.4764604626277,19.0871190224043,-2.56174468994141,-9.14260196685791,-3.19009280204773,-111.711841989061,-75.5470968244886,-37.0281254718912
11.24,1.24571096897125,-11.3991956710815,2.39916634559631,-13.5152889003552,-20.9433185520036,18.6314583198525,-1.68088734149933,-10.0645961761475,-2.39888024330139,-118.412407829005,-98.1594011284888,-38.9029372669788
11.245,1.43965792655945,-10.8223361968994,2.16941070556641,-7.37652661021196,-16.8407483515625,19.3407137010031,-0.23624575138092,-11.6713085174561,0.273245215415955,-115.092239213083,-110.722304672677,-35.9475451489656
11.25,1.59505343437195,-10.164400100708,2.03232932090759,-3.444423203859,-11.817245816082,21.0211588028796,1.28443908691406,-13.6730613708496,2.98108601570129,-104.501983093654,-113.54697721526,-31.2672160768223
11.255,1.73262858390808,-9.53428840637207,2.04051995277405,-1.63431539160449,-5.05029053740526,23.5511240507022,2.56296944618225,-15.7974843978882,5.25596904754639,-88.3035474391871,-107.926353075554,-25.4692170470129
11.26,1.88857936859131,-9.12036514282227,2.28577780723572,-2.1255019357419,5.05982975035483,26.8098943886272,3.02229571342468,-17.5719146728516,6.35853910446167,-68.765968903284,-95.3884616841063,-19.259639355555
11.265,1.9400782585144,-9.09461975097656,2.43995118141174,-3.61467655453556,16.7726496579902,29.494723930596,2.1887104511261,-17.7014236450195,5.67420387268066,-51.7852990039319,-83.4557318833113,-10.251713524349
11.27,1.85193228721619,-9.13313579559326,2.22869873046875,-4.78486597116398,25.3000230159879,31.4842282622265,1.25884222984314,-17.0779266357422,4.31149387359619,-41.1530577116749,-80.9694405725891,0.255140382424504
11.275,1.60400092601776,-9.12383460998535,1.63491976261139,-6.11974832415434,28.8875747548952,32.6843915371407,0.566651463508606,-15.8759412765503,2.73774647712708,-37.5668668879597,-89.1040182891559,10.8629352003424
11.28,1.13596487045288,-8.85411167144775,0.673852562904358,-9.52025917462227,23.723738298954,32.7940912054003,0.6701300740242,-14.2262344360352,1.89019930362701,-42.3179806255664,-109.026512135735,17.9864955093592
11.285,0.447841316461563,-8.45369720458984,-0.506725907325745,-15.2396700478415,14.6799650736629,30.8914156535936,1.99082660675049,-12.5277433395386,2.47045135498047,-48.5743007166093,-129.154300978197,16.677570009649
11.29,-0.368439167737961,-8.15158271789551,-2.07329154014587,-21.7372290052746,5.60007551558804,26.8702476476807,4.24286985397339,-11.1604194641113,2.86261653900146,-54.7552838211069,-142.09061096431,9.05179699001861
11.295,-1.24049305915833,-8.02543449401855,-3.94171404838562,-29.2944832746988,-2.28750761955226,20.663980890423,7.2214150428772,-10.2563076019287,2.63632822036743,-60.7003829275236,-143.117325000346,-3.81689369642389
11.3,-1.92246055603027,-8.20871829986572,-5.55290985107422,-40.7660830989641,-7.09394930453066,12.0679513246619,10.2563905715942,-10.0516777038574,1.399094581604,-67.2409106050252,-117.613316677248,-19.0324638486658
11.305,-2.49218702316284,-9.22655010223389,-6.25275754928589,-54.4598508187472,-2.81509000062085,1.81973805881911,11.8195734024048,-10.3820943832397,0.0899720638990402,-72.714767639846,-86.5045302533191,-28.8696796592698
11.31,-2.91496253013611,-11.2147245407104,-5.74283742904663,-64.4313464408863,6.48468917348953,-9.51601250450582,11.789231300354,-10.9787406921387,-1.23925685882568,-78.0634614581263,-50.6348014495675,-34.3030131817449
11.315,-3.14607834815979,-14.2105827331543,-3.84232950210571,-67.59431825306,17.1974532734191,-21.4655633536792,10.0912237167358,-11.7234220504761,-2.559645652771,-83.6227436688965,-10.5399065261886,-35.5152283254496
11.32,-2.96005392074585,-17.896858215332,-0.227779671549797,-56.5366517981596,10.3815391987717,-31.5199057553561,6.86558246612549,-12.3432722091675,-3.77699708938599,-89.5208169228776,30.6241810872223,-32.3896688744547
11.325,-2.43936800956726,-20.725887298584,3.20428991317749,-35.4894204556707,-16.3382906079124,-37.5334365270671,3.38555288314819,-12.6710176467896,-4.81748676300049,-94.354398364523,61.1446047707628,-26.7883212361337
11.33,-1.68601739406586,-22.2606525421143,5.72609806060791,-9.49918889480643,-49.6635109835512,-40.2185204935825,-0.0445733591914177,-12.8021688461304,-5.39331483840942,-97.9093069218396,80.1997124040745,-20.4728687823515
11.335,-0.756364405155182,-22.1593685150146,6.8519172668457,18.4204669462016,-81.9798782678333,-39.7700195368282,-3.22209787368774,-12.7754650115967,-5.32755136489868,-99.843650645733,85.9405751939295,-14.4866263239219
11.34,0.0713648125529289,-19.7158470153809,5.66281461715698,37.024481565969,-95.9615691969837,-36.2563994730444,-5.43912935256958,-12.5774745941162,-4.63421583175659,-97.3168904641785,64.3577989639036,-11.5873348184302
11.345,0.543493330478668,-16.3837375640869,3.58352208137512,45.978108247047,-100.465088577177,-32.8869271365991,-6.61424160003662,-12.1534595489502,-4.36425018310547,-92.8905590517951,28.9149125870482,-11.3181562094664
11.35,0.702656030654907,-12.62034034729,1.04666483402252,46.7370310562946,-96.2163011020793,-29.5875427863219,-7.02483987808228,-11.6561803817749,-4.37921333312988,-88.0123628144911,-12.3481863023447,-12.9936306411745
11.355,0.563625633716583,-8.76322364807129,-1.63143610954285,39.958150267327,-83.2570826614907,-26.3035912484744,-6.84490728378296,-11.2027378082275,-4.58636045455933,-83.8068719085417,-53.3887132323491,-16.1872512197013
11.36,0.0660852417349815,-5.46162033081055,-3.90962553024292,23.8161951546539,-49.3906859073442,-22.0691693687481,-5.93730354309082,-10.8184795379639,-4.5286660194397,-80.3087017326604,-86.1300241509381,-20.2274173967906
11.365,-0.293843984603882,-2.6047694683075,-6.00161695480347,2.70208793589757,-7.65444871508707,-17.0177100152211,-4.72851324081421,-10.4001932144165,-4.48596668243408,-77.2254382281008,-110.031116849428,-23.7344651110456
11.37,-0.456272214651108,-0.375013560056686,-7.74766683578491,-23.1420588986682,34.2962854454125,-11.4150031692553,-3.40470552444458,-10.0210294723511,-4.46635389328003,-74.6571983077168,-124.786504287001,-26.271837699023
11.375,-0.330760926008224,0.95031327009201,-8.92045974731445,-53.7759029960188,66.8597587285819,-5.5525843565153,-2.19093632698059,-9.77590560913086,-4.48176956176758,-72.7693886626386,-129.308854498736,-27.2164528612357
11.38,-0.395149171352386,0.634749174118042,-8.76721572875977,-82.450710528079,69.6200430778591,-0.0805663167779986,-1.22067606449127,-9.76291847229004,-4.44243717193604,-70.6549943220345,-122.697163080272,-25.4944272752394
11.385,-0.943011999130249,-0.531152546405792,-7.95811462402344,-102.144065188382,57.2803740214094,4.95082462695648,-0.359784096479416,-9.82592582702637,-4.41385173797607,-68.6609410844167,-113.420031319346,-23.1560710317505
11.39,-1.92795729637146,-2.32908487319946,-6.6632661819458,-110.932032461331,36.6878181266845,9.01557649685003,0.432243913412094,-9.92603778839111,-4.4141263961792,-66.6429343733798,-101.129454247555,-20.4407925064618
11.395,-3.27719068527222,-4.49515962600708,-5.08330631256104,-104.760560395253,18.3993377560042,11.0205734050654,1.21078455448151,-10.0099153518677,-4.47372102737427,-64.2885340155305,-83.9573956174704,-17.5467132890804
11.4,-4.24577951431274,-6.14099168777466,-3.95127820968628,-85.1710860820358,16.3052376149714,9.49534093698277,1.97973263263702,-10.0400066375732,-4.37312412261963,-62.0542561946143,-59.9939774428042,-15.5054617367507
11.405,-5.08938884735107,-7.78163003921509,-3.01534533500671,-63.482530712334,22.5325259869471,6.04156272183839,2.62222957611084,-9.99925994873047,-4.03981399536133,-60.2034183635134,-33.99182293297,-14.5363962048565
11.41,-5.84238290786743,-9.50936412811279,-2.24667429924011,-43.2349813329648,33.9031704926378,1.02686440691976,3.05010008811951,-9.88872337341309,-3.51709794998169,-58.677287725555,-7.00449303631054,-14.4874049654873
11.415,-6.50352239608765,-11.4133014678955,-1.66817033290863,-30.7419130579458,44.5024868580008,-5.20362956493252,3.02981734275818,-9.71129417419434,-2.94011497497559,-57.2387747542694,19.7209042283208,-14.919860100334
11.42,-6.85678291320801,-12.9169006347656,-1.36899566650391,-26.3730508572388,49.5431664654702,-11.5934982103825,2.33689737319946,-9.68609046936035,-2.4787483215332,-55.9653269646555,44.0768055632635,-15.2141319705348
11.425,-7.0574631690979,-13.9448041915894,-1.19571852684021,-25.5992211601276,50.686929453313,-17.4939193418908,1.20209407806396,-9.8567533493042,-2.09634351730347,-54.8435059595214,65.3384502041774,-15.4298054388617
11.43,-7.12995672225952,-14.426568031311,-1.11830651760101,-26.9547934367744,48.2551669578296,-22.5031698338944,-0.210095301270485,-10.2003126144409,-1.80235505104065,-53.9208942517198,82.3205134621202,-15.7304618283892
11.435,-7.03280687332153,-14.1088008880615,-1.15003871917725,-28.129348624943,42.0860376466365,-25.395358796423,-1.36277055740356,-10.5659341812134,-1.67756021022797,-53.433003594022,90.2162189728441,-16.8198787085535
11.44,-6.67101144790649,-13.2909517288208,-1.27837932109833,-27.4432236794166,33.5888998285472,-25.9614858559686,-2.40477514266968,-10.9044227600098,-1.59437394142151,-52.5470085303609,88.0363572690454,-18.6754140022561
11.445,-6.07642793655396,-12.2570028305054,-1.43416154384613,-26.0772097510762,25.4471657812775,-25.4449101113041,-3.43723607063293,-11.1397695541382,-1.44822144508362,-51.0833228968893,79.2714350543564,-20.3735834450289
11.45,-5.25949239730835,-11.1229724884033,-1.57720005512238,-24.4441798224178,18.4305687959841,-24.2197176081764,-4.46207618713379,-11.2203483581543,-1.21557998657227,-49.0292049757105,64.8523114900017,-21.4607190420104
11.455,-4.27428436279297,-10.0900840759277,-1.5693587064743,-22.7698853058888,11.2287524483255,-22.130062212746,-5.21895742416382,-10.9679737091064,-1.01158916950226,-46.9209953713998,44.2730539735909,-20.886426491312
11.46,-3.30501317977905,-9.254958152771,-1.38323450088501,-21.6302579975885,2.901534155417,-19.2738393188395,-5.61917304992676,-10.5507144927979,-0.90910279750824,-45.535826177532,20.6520997763618,-19.5370116302019
11.465,-2.37775897979736,-8.59229946136475,-1.08403372764587,-21.3833739798492,-5.52943855296541,-16.0075967539625,-5.62278079986572,-10.0613069534302,-0.897753119468689,-44.7079150425727,-1.43947794894923,-18.1273203496665
11.47,-1.50909960269928,-8.10167026519775,-0.70524001121521,-22.311287621994,-13.4348292719324,-12.4986553697601,-5.18424844741821,-9.55634880065918,-0.972046852111816,-44.3876747931474,-19.6674870263694,-17.0323010068355
11.475,-0.707677781581879,-7.84302425384521,-0.343175023794174,-25.1965541877987,-19.0884696923126,-8.78160836683124,-4.26005220413208,-9.24580192565918,-1.04046368598938,-44.7001491174864,-36.9711275432674,-16.2702124049076
11.48,0.0475868545472622,-7.75462913513184,-0.0083016632124781,-29.271694348533,-21.1861164090719,-5.33772197315233,-3.33706879615784,-9.1775598526001,-1.10769999027252,-45.3226491433467,-52.9505258612415,-15.1865192232677
11.485,0.74576997756958,-7.80630779266357,0.288023322820663,-33.8384851861032,-19.5146905719943,-2.35904275205074,-2.44946074485779,-9.27719688415527,-1.18509316444397,-46.1345127488511,-65.5321338784715,-13.9616964041288
11.49,1.37468183040619,-7.98261785507202,0.534400880336761,-38.3712890023634,-13.6738406428796,-0.0269079571220884,-1.62658309936523,-9.49575328826904,-1.28228878974915,-47.0513153807636,-72.8575595746343,-12.7307460515308
11.495,1.8229193687439,-8.23195743560791,0.609236657619476,-41.3395048005433,-2.06265309632038,0.812769192538804,-0.734415769577026,-9.6003942489624,-1.30831170082092,-47.4221195206144,-73.1459779727164,-12.3407285895447
11.5,2.10835123062134,-8.43620777130127,0.612961113452911,-43.0834774918902,11.7269029039303,0.760542844741389,0.106317073106766,-9.61945533752441,-1.33503425121307,-47.5100513759892,-68.5710557949394,-12.4822202270698
11.505,2.26331424713135,-8.60737705230713,0.539022922515869,-43.6418488716333,26.7795273675773,-0.0659751584108936,0.821911752223969,-9.59664726257324,-1.35803210735321,-47.474790524399,-59.5184186916529,-12.961491186035
11.51,2.31840038299561,-8.75800514221191,0.373216986656189,-42.9719609933114,42.0423893227456,-1.57857709927407,1.31014037132263,-9.5836706161499,-1.3714599609375,-47.5074729795775,-46.1281367672609,-13.5611220310069
11.515,2.19612312316895,-8.95243453979492,0.0598818846046925,-40.8195839707328,55.9358922644274,-3.65348355496545,1.84879279136658,-9.69328498840332,-1.40998518466949,-47.3977254999937,-29.0097770844305,-14.3524745784337
11.52,1.95358443260193,-9.16094017028809,-0.296894878149033,-38.3135943944443,68.5332848488292,-5.91249263709265,2.47535419464111,-9.84362411499023,-1.46110570430756,-47.3439001942394,-10.0244347108486,-15.2847936925932
11.525,1.6043838262558,-9.37780284881592,-0.660630941390991,-35.7045919050936,79.6252183627956,-8.3585823081338,3.10316228866577,-9.9991569519043,-1.50668823719025,-47.4906570538409,10.1267048408385,-16.1924302106395
11.53,1.15705025196075,-9.59619426727295,-0.973891079425812,-33.3377332821983,88.6488476526771,-11.0568963510715,3.56420040130615,-10.1017208099365,-1.51310765743256,-48.1123237966225,30.4336871112706,-16.7642707234259
11.535,0.615957856178284,-9.83795642852783,-1.16491436958313,-31.2259036776275,94.430568634147,-13.7182402875793,3.45532941818237,-10.1735801696777,-1.52895748615265,-48.8880693617959,50.0479789168367,-16.4176676513517
11.54,0.0332792662084103,-10.0788326263428,-1.30017626285553,-29.1524973022325,98.1331049001842,-16.1804159078894,2.91238117218018,-10.2341442108154,-1.51291239261627,-49.460538251986,65.6979298903843,-15.8510454030912
11.545,-0.572712957859039,-10.2977542877197,-1.3948450088501,-27.1847573683923,100.094564475083,-18.3367459024502,2.01409864425659,-10.2754602432251,-1.46130681037903,-49.7844463129955,77.15236886436,-15.2717019275015
11.55,-1.16995346546173,-10.4402513504028,-1.46518290042877,-25.6067036323634,100.717423085874,-19.908085562525,0.907856822013855,-10.265585899353,-1.37527143955231,-49.8354097694875,84.5470799994635,-15.0275636458086
11.555,-1.71850657463074,-10.4751129150391,-1.51185083389282,-23.688344258675,101.074655639844,-21.5004212241084,-0.109892688691616,-10.1902837753296,-1.36613237857819,-49.6944210046401,87.1622569798238,-15.3110250341006
11.56,-2.23646903038025,-10.4225378036499,-1.53378069400787,-21.4897234403209,101.069956469695,-23.2176332342871,-1.04127061367035,-10.0730590820313,-1.40766215324402,-49.3807104160614,85.3242667345517,-15.9773560914122
11.565,-2.71786785125732,-10.284369468689,-1.53419601917267,-19.0337359713987,100.498255975787,-25.0016820605891,-1.87820482254028,-9.92175674438477,-1.47610855102539,-48.9040724950213,79.2540932040538,-16.9205010554062
11.57,-3.11673188209534,-10.049015045166,-1.52920889854431,-16.3671874307434,98.4989298321301,-26.4778430345797,-2.58090424537659,-9.74947166442871,-1.48685646057129,-48.2909844698372,69.6566733823779,-17.7902795424304
11.575,-3.40252304077148,-9.72317218780518,-1.4964120388031,-13.6927286772556,95.0965257386016,-27.4735736249936,-3.07709717750549,-9.59227085113525,-1.48675560951233,-47.9737255979846,57.5099537548864,-18.5269752085715
11.58,-3.60054922103882,-9.3523120880127,-1.42911851406097,-11.2895599149588,90.8187509406659,-27.9626459054178,-3.37636113166809,-9.45663452148438,-1.55272662639618,-47.7552073558684,43.904076909343,-19.1340219314347
11.585,-3.71899485588074,-8.95555210113525,-1.32843637466431,-9.35228945500603,85.8658392640312,-27.9291762709374,-3.47808837890625,-9.34801959991455,-1.69971585273743,-47.5859689286139,29.4808688918647,-19.5955907476186
11.59,-3.77567720413208,-8.57203102111816,-1.23024344444275,-8.60216905205125,80.6073380937409,-27.4448851229322,-3.40031266212463,-9.28687381744385,-1.81924283504486,-47.5876901362847,16.7418420897388,-19.8080232911843
11.595,-3.80915713310242,-8.24457550048828,-1.19185674190521,-9.21200932228501,75.8883945471249,-26.6644967366705,-3.21366691589355,-9.25414943695068,-2.02120923995972,-47.4218531432368,7.68889421284509,-20.0794430559696
11.6,-3.83293342590332,-7.99402713775635,-1.18887805938721,-10.9017878776624,71.8889226371106,-25.6957539312147,-2.95931124687195,-9.23859596252441,-2.33940172195435,-46.9502559018041,1.14789589262092,-20.4063171266261
11.605,-3.85454034805298,-7.83405351638794,-1.21359097957611,-13.5759017065971,68.7828258101556,-24.6012724657808,-2.65670609474182,-9.23517036437988,-2.7724335193634,-46.0954748026499,-3.39691411553968,-20.7859219652225
11.61,-3.89105987548828,-7.73572683334351,-1.32347750663757,-17.0938136905007,67.2714415506152,-23.6728636349212,-2.33282542228699,-9.24279022216797,-2.85815095901489,-45.0825918996829,-6.58696015725307,-21.1472475100527
11.615,-3.96031427383423,-7.67555904388428,-1.54435253143311,-20.7370348862382,66.5481040269433,-22.9341428176912,-2.06002187728882,-9.24112224578857,-2.81475639343262,-44.7002413250401,-6.5692857621152,-21.3452324959765
11.62,-4.05773639678955,-7.66917037963867,-1.84265685081482,-24.4204824810925,66.0776337667237,-22.3624918426543,-1.86515426635742,-9.25761032104492,-2.73366498947144,-44.7807590100708,-4.65479782502578,-21.4307601247634
11.625,-4.18141555786133,-7.7322850227356,-2.19642043113708,-28.0789042628278,65.4495432310277,-21.9501328318931,-1.77437162399292,-9.31520652770996,-2.68532729148865,-45.2190454189214,-1.77073817499174,-21.4374468799609
11.63,-4.29432678222656,-7.92977857589722,-2.56936526298523,-31.5040119051574,63.8077911507992,-21.7376712600234,-1.61058139801025,-9.40631198883057,-2.67907571792603,-44.9581834190457,-0.923312442521728,-21.7937078395214
11.635,-4.37590360641479,-8.20920085906982,-2.89266777038574,-34.4626995894452,61.2973209704152,-21.4235884261349,-1.28012311458588,-9.46941184997559,-2.62315487861633,-44.7341566293638,-0.774538702763539,-22.4516958207619
11.64,-4.42313003540039,-8.53901195526123,-3.14957547187805,-36.8701534416725,57.9497154845977,-20.956169552927,-0.826371908187866,-9.50115585327148,-2.50430417060852,-44.6220903005569,-0.445109154181583,-23.3474409794632
11.645,-4.42957544326782,-8.88345909118652,-3.31393384933472,-38.5774206964198,53.7402323330784,-20.2586467292232,-0.294340759515762,-9.4949254989624,-2.30102157592773,-44.7249905154977,1.18364403551971,-24.4188586036173
11.65,-4.3666410446167,-9.15846538543701,-3.31831741333008,-39.2978314840323,50.1691396425235,-19.476060729596,0.17387367784977,-9.44301700592041,-2.11288785934448,-45.1424072813393,4.75474184871647,-25.3973685795862
11.655,-4.26485633850098,-9.35159969329834,-3.23663139343262,-39.6385144896433,46.1017517464972,-18.4983703763275,0.501336812973022,-9.35674667358398,-1.96814787387848,-45.7340382672458,9.10249833800126,-26.3794695275113
11.66,-4.11814975738525,-9.45815277099609,-3.07603979110718,-39.6895872291621,41.3376196683324,-17.350481954226,0.646963179111481,-9.2545804977417,-1.84624946117401,-46.5166823234809,14.1349287845006,-27.358882795998
11.665,-3.90707349777222,-9.46140003204346,-2.83402943611145,-39.5274078024147,35.5430442708445,-16.0732604850957,0.521864116191864,-9.16864776611328,-1.70768201351166,-47.5570225869113,19.8725190599694,-28.3132736664604
11.67,-3.63875651359558,-9.40787601470947,-2.51054906845093,-39.0633715803933,29.9358004717225,-15.0346141085794,0.284702777862549,-9.1428394317627,-1.52553045749664,-48.5366527139042,23.8466560908049,-29.4376167189455
11.675,-3.34118318557739,-9.35172271728516,-2.15157127380371,-38.4631857825513,24.5371045460758,-14.2497058446344,-0.0361616909503937,-9.16752338409424,-1.32820749282837,-49.5571956740254,26.0302231722284,-30.7828122306958
11.68,-3.02044463157654,-9.31046199798584,-1.76966428756714,-37.7506058068222,19.4200753765167,-13.7721347489989,-0.439512968063354,-9.25361251831055,-1.14148020744324,-50.6149597500286,26.2422937157681,-32.300814943542
11.685,-2.68197846412659,-9.31674003601074,-1.38258790969849,-36.9242963512232,14.8153206399923,-13.7802566976957,-0.939623951911926,-9.4419412612915,-1.03093945980072,-51.6656375047679,23.7871668506814,-33.8490549038438
11.69,-2.3413405418396,-9.38672256469727,-1.02442502975464,-36.1867076378482,10.9286843088403,-14.1383131432343,-1.33941209316254,-9.65311050415039,-0.980306386947632,-52.3544381769016,19.2374924671713,-35.1059121639637
11.695,-2.02831125259399,-9.50571060180664,-0.706627190113068,-35.5839878398241,7.74700290098262,-14.6873177723044,-1.61965775489807,-9.85164928436279,-0.940273344516754,-52.9186493683851,13.89947338079,-36.1277221241759
11.7,-1.76083922386169,-9.65974426269531,-0.438918262720108,-35.1236877312786,5.3953183971021,-15.3663000475062,-1.76804542541504,-10.0246076583862,-0.903695702552795,-53.3890410814293,8.49772094548977,-36.9058275197075
11.705,-1.59290158748627,-9.79837322235107,-0.25522580742836,-34.7949268208638,4.47031441554374,-16.0497338984996,-1.74632298946381,-10.1470136642456,-0.886539161205292,-53.6719372715674,5.10754032925466,-37.3434718907761
11.71,-1.41968512535095,-9.98042011260986,-0.0687617361545563,-34.3258430890457,4.81943355855342,-16.65614541377,-1.54454672336578,-10.2204809188843,-0.925844192504883,-54.1945833468568,2.69291862038024,-37.777475771017
11.715,-1.2393810749054,-10.1762456893921,0.150291010737419,-33.6387602094883,6.0471745760152,-17.1267215419218,-1.25995528697968,-10.2373723983765,-1.02212238311768,-54.8951865858763,1.0256505542382,-38.3848161920146
11.72,-1.05485439300537,-10.3681087493896,0.415170580148697,-32.7030140479128,8.05424786173825,-17.4510940557949,-0.939421951770782,-10.1961069107056,-1.15559220314026,-55.7763697812671,0.306814311992368,-39.2095068927803
11.725,-0.895768404006958,-10.4921417236328,0.741637885570526,-31.5413286436878,10.9143067606374,-17.7420191333024,-0.711228251457214,-10.1191730499268,-1.15235042572021,-56.9845687737399,2.58576618579426,-40.0736248605298
11.73,-0.770989716053009,-10.5499486923218,1.10870826244354,-30.1226061455224,14.3452106722514,-17.8864895870792,-0.54249370098114,-10.0531921386719,-1.07451319694519,-58.4966155616298,5.25770374570469,-41.0792131214633
11.735,-0.707779467105865,-10.5323543548584,1.47725749015808,-28.4505621763249,18.4626809303669,-17.951847667247,-0.393745601177216,-9.99676513671875,-0.969871580600739,-60.1848675697277,7.57631732739765,-42.3928463290589
11.74,-0.726603627204895,-10.432991027832,1.8203901052475,-26.5038011685204,23.4201141922322,-17.9788337446578,-0.247615188360214,-9.95122241973877,-0.855671465396881,-62.0084597762294,9.20258280745675,-44.121963358961
11.745,-0.875300943851471,-10.2998237609863,2.02419281005859,-24.1153813459626,30.1927931694334,-18.1402294071979,-0.146470323204994,-9.94423007965088,-0.615126669406891,-64.268022957453,11.477327791658,-46.3098163840887
11.75,-1.10308218002319,-10.2074737548828,2.09002232551575,-22.0183493462286,36.3484260268265,-18.2788549265925,-0.110935062170029,-9.95348644256592,-0.3978131711483,-66.7163998880925,13.8973193098805,-48.6692471762616
11.755,-1.37547767162323,-10.1661682128906,2.05425310134888,-19.7615797123755,42.8076129815025,-18.42142658778,-0.153588801622391,-9.97237300872803,-0.245207086205482,-69.3544580021723,15.9750816384186,-51.0362150821837
11.76,-1.66778385639191,-10.1871719360352,1.93961501121521,-16.9762319839389,50.3216714270682,-18.5894509489096,-0.289230823516846,-9.99620819091797,-0.194281667470932,-72.194505300577,17.3016734224171,-53.2806186585445
11.765,-1.98458886146545,-10.2764120101929,1.74486780166626,-12.7613674971273,59.4366544970986,-18.8929657726048,-0.516276299953461,-10.038818359375,-0.05344258248806,-75.1621746836233,17.1631281577452,-55.5202342722971
11.77,-2.31645441055298,-10.4181213378906,1.53247821331024,-8.13591814119138,66.7823863456639,-19.2845507630053,-0.733023583889008,-10.1358966827393,0.245788797736168,-78.0965673850334,16.502047808358,-58.0115286965863
11.775,-2.6549129486084,-10.6128263473511,1.31941175460815,-3.24129956780175,71.9209835450747,-19.7564382874778,-0.945034801959991,-10.2963390350342,0.618028402328491,-81.112054922459,15.6316716797814,-60.651547074958
11.78,-2.98983359336853,-10.8652677536011,1.12693250179291,1.76551798947514,74.1325168360547,-20.3050527419915,-1.15893375873566,-10.5361976623535,0.961614906787872,-84.3585667783711,14.929463346307,-63.3223764366756
11.785,-3.29047656059265,-11.1619596481323,1.00291776657104,6.73568112312775,73.0121335857409,-20.7672943318086,-1.40216839313507,-10.8080940246582,1.03650176525116,-86.9392717939904,13.948737827726,-65.1145361126169
11.79,-3.56899809837341,-11.5014686584473,0.937212347984314,11.7194631203768,70.417023701162,-21.2603742257283,-1.6398857831955,-11.0673770904541,1.15730667114258,-89.9230057819646,12.5085506063202,-66.8942853348363
11.795,-3.8370349407196,-11.8855619430542,0.916043162345886,16.8608103247021,66.7304222664585,-21.7800696592962,-1.86161696910858,-11.3384962081909,1.35010969638824,-93.5091283037881,11.0392727554656,-68.7765625266867
11.8,-4.11425256729126,-12.3224315643311,0.919070720672607,22.4437591409464,62.3680692360305,-22.3088321689873,-2.04951190948486,-11.6737222671509,1.63878619670868,-98.0262534208085,10.3723269811287,-70.8987910942689
11.805,-4.31956720352173,-12.6731491088867,0.91022527217865,29.2936978029442,57.1679866737114,-22.3721189942894,-2.12319135665894,-12.1274013519287,1.79319906234741,-102.851194673154,9.14566001091386,-73.2024499767741
11.81,-4.48641633987427,-13.0076522827148,0.881363093852997,36.5307032852067,51.0299791194715,-21.7905659525032,-2.12970209121704,-12.6306858062744,1.95902276039124,-107.809379255828,7.69772052480004,-75.6640979649709
11.815,-4.61906862258911,-13.3425388336182,0.840990364551544,43.8802497944234,43.9544939507015,-20.4565924415593,-2.11137819290161,-13.1699666976929,2.18914151191711,-112.868015430625,6.95863856131766,-78.1608736160691
11.82,-4.71466970443726,-13.7006931304932,0.815767705440521,50.8738956365584,35.8940306168185,-18.0540682783655,-2.17200660705566,-13.7339649200439,2.59027194976807,-118.004290365718,9.57561871161887,-80.3470805656067
11.825,-4.81396961212158,-14.0339155197144,0.842642724514008,57.2359641314259,27.3958358269551,-14.9838760483299,-2.28915977478027,-14.1773891448975,2.91489028930664,-123.211708551206,13.651493117689,-82.0454207631088
11.83,-4.93235301971436,-14.3444652557373,0.952817797660828,63.2485967332611,18.3192350049656,-11.5763715110387,-2.34138417243958,-14.617956161499,3.1690239906311,-128.298970048815,15.3438577534409,-83.5775004958343
11.835,-5.07091856002808,-14.6180925369263,1.14485788345337,69.1028748142841,8.60530325510664,-7.8903890622287,-2.26019501686096,-15.0882625579834,3.33963990211487,-133.190642249351,13.8066297656284,-84.9730857281863
11.84,-5.21940803527832,-14.7860317230225,1.38086414337158,75.4083073805539,-1.88024606434602,-3.87013502100414,-1.84745132923126,-15.6227235794067,3.35988926887512,-137.725997141266,8.93381657116404,-86.0494620696778
11.845,-5.40972328186035,-14.8494968414307,1.51622450351715,82.073834350056,-11.7592984911636,0.382326135372105,-1.1537379026413,-16.1548843383789,3.21868968009949,-141.309783738394,6.21089634485452,-86.7133564570031
11.85,-5.613600730896,-14.8830728530884,1.60262107849121,88.1393565217291,-20.0447132515873,4.17430084710456,-0.362409800291061,-16.6461811065674,2.92797803878784,-144.308523651975,6.22568797327583,-87.2279975505852
11.855,-5.80690908432007,-14.9083671569824,1.66189849376678,93.7348387351004,-26.7842401981046,7.34926391013986,0.450200021266937,-17.0873184204102,2.44873094558716,-146.740631072011,8.9303972077108,-87.6435257691212
11.86,-5.87093687057495,-14.9006090164185,1.7389315366745,102.690323227633,-35.4729665299602,10.6750495028801,1.15325105190277,-17.5202178955078,1.47331249713898,-147.891873116995,11.6417466666795,-87.6745758090881
11.865,-5.75441598892212,-14.8267650604248,1.71879327297211,115.874282212671,-46.6125781794278,14.3124155189516,1.76098144054413,-18.1010780334473,1.12064278125763,-148.771396576418,15.3444724704662,-87.3481952195991
11.87,-5.44001388549805,-14.6360836029053,1.46372771263123,131.144741045744,-57.3009567964732,18.0233255969112,2.15682339668274,-18.7417755126953,1.71049845218658,-149.478894891404,23.8979542265663,-87.1331603739595
11.875,-4.90100765228271,-14.2910661697388,0.88229113817215,147.267634807991,-65.8594365434985,21.6754550668737,2.24662017822266,-19.3621025085449,3.41573572158813,-149.826401255996,39.4663049300998,-87.3057592542858
11.88,-4.01891851425171,-13.7157583236694,-0.127897679805756,160.292860196719,-70.0936210741511,25.074705320553,1.65482366085052,-19.295654296875,5.36735963821411,-145.654590012844,59.4886322366824,-88.2743961918095
11.885,-2.83445167541504,-13.3497524261475,-0.777520477771759,167.551438831474,-76.7921515177227,27.7554521169454,0.629061877727509,-18.6160736083984,6.08922815322876,-138.937112624515,86.5847986364451,-89.6721602545067
11.89,-1.30466651916504,-13.3480911254883,-0.71180135011673,171.278331552092,-89.0870452690684,29.294011991646,-0.859357237815857,-17.5242500305176,5.00053024291992,-129.153276449822,114.916553087252,-92.199473681384
11.895,0.625756144523621,-13.856481552124,0.395428657531738,173.036162697265,-109.81376656966,29.2832441984195,-2.86159610748291,-16.1548271179199,1.52813720703125,-115.700932011536,139.912764166316,-96.4829721778441
11.9,3.08884859085083,-14.5761117935181,1.88660216331482,180.771119705872,-145.481171509817,25.5032245588904,-5.51418876647949,-15.2359285354614,-0.796112537384033,-109.745676413824,161.117113765377,-99.346890987398
11.905,5.12484741210938,-14.9660873413086,2.43886399269104,191.351301296276,-183.481543674209,20.165686147072,-7.73210096359253,-14.6278696060181,-1.87300062179565,-107.687009586658,172.813279964269,-100.239316674163
11.91,6.83403491973877,-14.9844598770142,1.6789778470993,202.766391550443,-219.198638240578,14.4247533477781,-9.4687671661377,-14.1281585693359,-2.62997817993164,-106.755631331057,167.82534307757,-99.7061930886865
11.915,8.31726455688477,-14.5499391555786,-0.962929487228394,212.554831272636,-246.656872968243,9.69944662617662,-10.6286659240723,-13.4907159805298,-4.20769596099854,-103.558850082491,135.853965233171,-98.3237832912435
11.92,9.3445405960083,-13.7998018264771,-4.3660831451416,216.941520267077,-246.840850943726,8.81256193037609,-10.8515205383301,-12.8367834091187,-7.40546655654907,-93.2660828523624,73.5689101163128,-93.0435279684467
11.925,9.70169067382813,-13.0496206283569,-6.40439176559448,216.179325797217,-225.920527931111,10.2440184624754,-10.130615234375,-12.0496892929077,-10.2128248214722,-84.23546627896,5.42712018476451,-81.0055859336768
11.93,9.50977420806885,-12.3667821884155,-7.02989053726196,211.146077435565,-186.972986113757,13.5294333683526,-8.23904895782471,-11.190580368042,-12.0567245483398,-77.5298734197866,-67.2878886461366,-63.1520383489646
11.935,8.96291828155518,-11.8528318405151,-6.22677993774414,203.028875720246,-133.281442784177,18.1440850489843,-4.62438821792603,-10.3800115585327,-11.9616107940674,-74.5281009022144,-145.20004092358,-40.9567614900233
11.94,8.18322467803955,-11.7367963790894,-5.38686418533325,200.026707051702,-73.3291090047428,22.9022219286051,0.0514135360717773,-9.54557800292969,-11.2061653137207,-74.408886780441,-184.48492578404,-25.0041016551025
11.945,7.07678699493408,-11.8400039672852,-4.61512088775635,201.827363482971,-13.9006003620031,27.4457149909164,3.60629034042358,-8.58586597442627,-10.9809865951538,-78.7985127562248,-180.831006804515,-9.88527387537786
11.95,5.65042066574097,-12.0513334274292,-3.94663715362549,206.867906486657,40.4354609620004,31.4593697887422,5.85514497756958,-7.47385120391846,-11.3701410293579,-86.7062667206446,-151.654487726972,4.4614919455702
11.955,3.92901706695557,-12.1223268508911,-3.45470118522644,211.009774180488,78.3926834063101,34.1083220545483,6.93426418304443,-6.15395069122314,-12.2410774230957,-94.9785820320138,-146.868300967977,16.1788637474005
11.96,2.15736150741577,-12.0459823608398,-3.27561593055725,209.414501537561,113.031441366896,35.6406920703136,8.40075778961182,-5.067307472229,-11.6312465667725,-92.1935245866169,-159.626165431834,22.4370570178233
11.965,0.403232783079147,-12.0101280212402,-3.12156248092651,203.746113884989,146.393998971633,36.413910465494,9.5028772354126,-4.5073881149292,-9.97986030578613,-83.660528275385,-149.544136858356,28.3674882929973
11.97,-1.30518567562103,-12.0480127334595,-2.87543439865112,194.50365216429,176.217528208873,36.531440945637,9.94634532928467,-4.60701179504395,-7.57904720306396,-71.5110834024147,-110.016151904957,35.0643299722966
11.975,-2.90414881706238,-12.126971244812,-2.27855396270752,182.352212876082,189.899845116513,36.1187233499444,9.1096134185791,-5.69253635406494,-5.35286474227905,-60.3826220367671,-50.5979901450357,42.5022966954138
11.98,-4.33931970596313,-12.1215896606445,-1.28847885131836,168.538114298596,185.779246631758,36.3210096474981,8.23432159423828,-7.29495716094971,-3.78952693939209,-45.1770431706204,5.24776325914138,47.1709154082251
11.985,-5.52632999420166,-12.0463371276855,-0.0488223247230053,154.068727372139,168.458938745737,37.3567258728605,7.65574645996094,-8.67353343963623,-2.91220021247864,-27.6337842497127,57.0959247628732,49.062693393211
11.99,-6.39542388916016,-11.9049787521362,1.35356616973877,139.743252531495,139.302500424354,39.3269144295182,7.37492275238037,-9.52131080627441,-2.78593182563782,-8.90919630052708,103.942740864792,48.7829869014153
11.995,-6.6825966835022,-11.7053050994873,2.55643129348755,129.348988690299,99.8598518544443,42.230885468365,6.40393972396851,-9.47566413879395,-3.69589018821716,5.94488182102368,139.92680703525,51.88937401141
12.0,-6.46473169326782,-11.3850231170654,3.07523393630981,124.175844394067,59.9218643055472,44.6931789094384,4.69710445404053,-8.90851497650146,-4.74316120147705,18.9155924817777,158.754974803198,59.7627140676967
12.005,-5.98069953918457,-11.017183303833,3.08175873756409,121.989828689826,23.3650150561977,46.0346383077126,2.93541860580444,-7.95772123336792,-5.81983470916748,31.2457351318826,163.105067644066,69.8146761484478
12.01,-5.32580041885376,-10.6341390609741,2.62584638595581,121.57602850915,-7.21008856051709,45.7850802709133,1.50638890266418,-6.69807195663452,-6.8326849937439,43.5744758856603,153.88619739676,80.7242777625207
12.015,-4.21233940124512,-10.1718139648438,1.48495173454285,119.301739440075,-25.2000922257888,43.0539539992028,0.970482468605042,-5.5497841835022,-7.09940528869629,56.2406997014229,136.50128958157,91.1246204720775
12.02,-2.79824423789978,-9.61953830718994,0.130175843834877,115.407438782901,-35.4744384357263,39.2576085000101,1.01235854625702,-4.70081377029419,-6.54083633422852,66.6945910940726,122.177044174976,98.9250380136905
12.025,-1.3791196346283,-9.04364395141602,-1.17109906673431,110.885068080598,-40.033555555764,34.885406336799,1.42273366451263,-4.04900360107422,-5.72490310668945,76.583134068742,109.819988871994,105.123359553396
12.03,-0.18993479013443,-8.49547958374023,-2.20278310775757,106.48568176449,-40.1197183921437,30.2915816104939,2.05759692192078,-3.52511668205261,-5.08787250518799,87.1825904529829,98.6802713545939,110.415704311024
12.035,0.248262226581573,-8.05119228363037,-2.67359685897827,103.93872471356,-36.4077598801464,26.8604053450867,2.32263922691345,-3.09909439086914,-5.18800783157349,98.5424039861972,89.3291686449562,115.757103487271
12.04,0.208323448896408,-7.6902437210083,-2.89425301551819,102.372500865174,-31.228294243837,25.2164812647022,2.07675242424011,-2.86553144454956,-5.49322509765625,108.208583322248,81.2074931557316,120.977867862397
12.045,-0.231883361935616,-7.38690090179443,-2.91105818748474,101.177053835881,-24.8097213015132,25.419334467957,1.36538481712341,-2.87241888046265,-5.81063032150269,116.591465735901,72.4808678117189,126.466758143581
12.05,-1.00531423091888,-7.11326456069946,-2.76651096343994,99.6145182896466,-17.3437012839274,27.6858200459044,0.209832981228828,-3.1985490322113,-5.89880657196045,124.107911332582,60.7980341420872,132.732828329664
12.055,-1.8289897441864,-6.81701517105103,-2.46364903450012,97.5137570066258,-11.7260072953754,30.3790046167755,-0.996324181556702,-3.93375444412231,-5.43361473083496,131.692535877557,44.2682694260773,139.838041896796
12.06,-2.46611285209656,-6.54180240631104,-2.09471654891968,94.3110061727259,-6.6911026128492,33.3512092454307,-1.94144010543823,-4.86767244338989,-4.89272737503052,139.923706129366,23.6570568696345,146.92900768932
12.065,-2.8585319519043,-6.2988862991333,-1.67602479457855,89.8911702702432,-2.17248232473078,36.4165230128516,-2.5557017326355,-5.8542218208313,-4.37716674804688,148.998117875727,-0.468508715267385,153.858439507973
12.07,-2.8952329158783,-6.10840654373169,-1.22353136539459,83.9674155049828,1.76830556043015,39.2480428200775,-2.70480918884277,-6.6443018913269,-4.03072500228882,159.316320730325,-27.4844626540779,160.420120281334
12.075,-2.62244153022766,-5.96625471115112,-0.805754125118256,77.2947646481764,3.38062176649167,40.5640495184097,-2.21544122695923,-7.35323095321655,-3.94927501678467,169.975828137749,-53.4070044789464,165.319797463578
12.08,-2.26628756523132,-5.88272476196289,-0.466263890266418,70.4220575505803,3.75518464482012,41.1015649155222,-1.28259468078613,-8.06079292297363,-4.12944412231445,179.948997156235,-76.8615530698792,168.132469363789
12.085,-1.87857913970947,-5.85592603683472,-0.213199332356453,63.5066549404825,3.25531191432745,41.0470463455671,0.0274699311703444,-8.74493408203125,-4.5582160949707,189.168495780945,-96.6833767582815,168.565353093006
12.09,-1.52493488788605,-5.88177442550659,-0.0622492432594299,56.8028959871013,2.46180935141593,40.6210679376009,1.62719511985779,-9.31035900115967,-5.22155332565308,197.743538736707,-109.653748897785,165.704951830875
12.095,-1.26348876953125,-5.9179573059082,0.0193706583231688,50.647799299558,2.07428896390173,40.2282091169201,3.27118635177612,-9.65904426574707,-5.67875242233276,206.022219784383,-115.018719056857,160.55873214035
12.1,-1.08316278457642,-5.95519971847534,0.0837124586105347,45.0314850092183,1.70005681613951,39.7442355727114,4.85278081893921,-9.76679611206055,-5.8814868927002,213.009066173199,-116.261458315963,155.697344998594
12.105,-0.97695255279541,-5.99099397659302,0.140725359320641,39.9577609465443,1.06899888341422,39.1362394535535,6.31619691848755,-9.62642765045166,-5.83316469192505,218.883698217949,-113.294055310294,151.731081468324
12.11,-0.923250079154968,-6.02291536331177,0.184786781668663,35.4542859625802,-0.686720879531422,38.3749124177181,7.50778388977051,-9.22859191894531,-5.59801435470581,225.479639220187,-102.223117797836,148.937178927952
12.115,-0.83668315410614,-6.0726842880249,0.209001585841179,31.410226577664,-4.19761996670463,37.3552778727565,8.172287940979,-8.89819717407227,-5.34020900726318,233.26120543969,-82.2392410411862,147.264206053028
12.12,-0.724584937095642,-6.12621974945068,0.201106444001198,27.8004323277245,-9.61374312001859,36.0446362880173,8.34410285949707,-8.76686763763428,-5.21224880218506,241.037239205967,-58.3273156626727,146.55054690741
12.125,-0.590563356876373,-6.1744966506958,0.147311180830002,24.6474752804214,-17.1905684427358,34.3804538665545,8.01821041107178,-8.89004230499268,-5.27315235137939,248.308631275605,-32.5753817179873,146.633957177554
12.13,-0.449699938297272,-6.18309450149536,-0.0209539532661438,22.0925713043918,-28.0829887159515,32.0250836218431,7.18305730819702,-9.29950714111328,-5.54322862625122,254.360260842507,-8.96141651182641,146.420718671666
12.135,-0.344959110021591,-6.14722967147827,-0.26786407828331,20.0361174585169,-41.1090849537984,29.2779542169073,6.08877182006836,-9.68190479278564,-5.54069471359253,258.911734980863,9.22190455884507,145.588173253355
12.14,-0.259947538375854,-6.12534618377686,-0.557806730270386,18.3005954187206,-55.3753796203794,26.5938947787674,4.99696254730225,-9.96671295166016,-5.3253436088562,262.638231550509,20.5258539748378,144.172357000681
12.145,-0.18611441552639,-6.15140342712402,-0.872848510742188,16.8117644438196,-70.3908982275867,24.2232129574842,4.03905487060547,-10.1139335632324,-4.92887210845947,265.904728539932,23.5605633721351,142.091225681335
12.15,-0.105553112924099,-6.26744318008423,-1.18547427654266,15.5988270076101,-84.5660679253561,22.2875595448173,3.09297370910645,-10.1711912155151,-4.56660509109497,269.692341642271,13.9507646863622,138.109662527324
12.155,0.0417128875851631,-6.37992763519287,-1.4459513425827,14.6884908572944,-94.8021172646174,20.9572794586671,2.32083463668823,-10.2731523513794,-4.37816381454468,273.014463692295,1.20372383118419,133.053423748926
12.16,0.246285706758499,-6.46570205688477,-1.65304696559906,13.9213521842489,-102.422374906493,20.0489462613254,1.85980403423309,-10.4130630493164,-4.33957290649414,275.748697700078,-11.3338553992737,128.069762560648
12.165,0.504193961620331,-6.50470304489136,-1.80251181125641,13.1793059186667,-108.319956386854,19.4423981422716,1.8381028175354,-10.5878744125366,-4.44092607498169,277.761718373021,-20.9854454512569,124.076273896346
12.17,0.683547139167786,-6.48493957519531,-1.83593702316284,12.0372094969814,-112.900656904669,18.3583566209841,2.26578545570374,-10.7201118469238,-4.61067247390747,278.671335645927,-26.2437280554938,123.779911988259
12.175,0.790778815746307,-6.42828702926636,-1.75705647468567,9.90108405575915,-115.157986614034,16.8129955854175,2.67893981933594,-10.8352289199829,-4.65129327774048,278.947739741259,-29.0401270300075,124.917630258687
12.18,0.840328335762024,-6.35086107254028,-1.57529532909393,6.7012941088645,-115.24294050693,14.9360066675319,2.93408703804016,-10.9409761428833,-4.57055807113647,278.567653374326,-29.6283121854777,127.652164794793
12.185,0.845900297164917,-6.27131175994873,-1.29458153247833,2.26852332219762,-113.178106018944,12.8648260800327,2.8388032913208,-11.0463676452637,-4.36889219284058,277.451354577136,-28.1571287118447,132.310872903119
12.19,0.817297101020813,-6.17683839797974,-0.932041585445404,-3.23073518614645,-108.606346218753,11.1001416938015,2.25399851799011,-11.1016979217529,-4.10609483718872,274.490057760585,-27.8874506452978,139.022831498598
12.195,0.768654763698578,-6.0788426399231,-0.520201325416565,-9.47908594053179,-102.207019041963,9.1851248439382,1.5698573589325,-11.1322011947632,-3.77684569358826,269.991585890188,-29.8953589216469,145.757712208933
12.2,0.702405214309692,-5.99624967575073,-0.0634185671806335,-16.3232915124951,-93.8869333875382,7.21557405619426,0.922673523426056,-11.1419553756714,-3.39517998695374,264.232998759437,-34.4408463991958,151.939019747416
12.205,0.619815170764923,-5.96533679962158,0.438203871250153,-23.5691420897327,-83.1957748835006,5.41534920750364,0.533506035804749,-11.1338510513306,-2.98273253440857,257.574301979105,-42.1703734074133,156.629939027867
12.21,0.542694449424744,-5.99598741531372,0.857306897640228,-30.6118423504866,-70.0481320142788,3.9461682599579,0.546092092990875,-11.026798248291,-2.66193032264709,250.927134558092,-51.851329857733,157.72655321987
12.215,0.444450676441193,-6.08057165145874,1.33047032356262,-37.2203304102299,-55.4317013602754,2.52440782171568,0.657126903533936,-10.7866973876953,-2.37473225593567,243.809421744778,-59.4038490985151,156.173900957364
12.22,0.327207833528519,-6.23378086090088,1.90218794345856,-43.1500991570545,-39.5400436523793,1.07652468466252,0.792325258255005,-10.4437856674194,-2.14955043792725,236.126251230457,-64.2321371435538,152.257757355224
12.225,0.205087631940842,-6.50736856460571,2.66119027137756,-47.7121327678678,-22.4611692931407,-0.510663148720823,0.848073959350586,-10.0890769958496,-2.0957818031311,227.725501041935,-65.8389186552317,146.251002131169
12.23,0.157465592026711,-6.84342765808105,3.49514079093933,-49.9764053645241,-4.95994591770621,-2.50913914726953,0.756122827529907,-9.7081470489502,-2.25178933143616,218.222699830831,-66.4749731915,139.092485767754
12.235,0.17669939994812,-7.20722770690918,4.35448932647705,-50.6349995250534,12.2096512829567,-4.72220581571829,0.547653257846832,-9.36307621002197,-2.38051152229309,208.334716931674,-68.0231380197209,131.50150914685
12.24,0.248964488506317,-7.60309505462646,5.237633228302,-49.7469519895467,28.6450210770898,-7.04439286700764,0.278731644153595,-9.08319854736328,-2.43526220321655,198.237689262779,-71.8023568195699,123.632939977699
12.245,0.317388296127319,-8.08594512939453,6.18664312362671,-46.8956656148628,43.2213346150031,-9.18019942377297,0.179819494485855,-8.94333171844482,-2.43523287773132,188.036856378879,-82.0849402376464,115.490288977533
12.25,0.262611478567123,-8.69808769226074,7.20052289962769,-43.5378558264253,53.5659532262163,-10.4800202813195,0.51216334104538,-8.78971767425537,-2.43727278709412,176.551046346045,-93.0726177441218,106.785110427514
12.255,0.0780842676758766,-9.41734218597412,8.23860359191895,-39.0582250328536,62.7930026250537,-11.3064338973034,1.11152124404907,-8.54809856414795,-2.34523463249207,165.77666881716,-100.889256985014,98.9693454508364
12.26,-0.25165206193924,-10.2460908889771,9.29419136047363,-33.0963202459842,72.1028646524829,-11.7413299710046,1.9247612953186,-8.16593456268311,-2.15138912200928,156.129941859866,-104.120305292645,92.2354141367966
12.265,-0.79981791973114,-11.2376337051392,10.4195241928101,-24.740987400348,82.814090252302,-11.5610770099398,2.91174101829529,-7.44910430908203,-2.08181858062744,145.27286440051,-102.901539997526,83.9076308591777
12.27,-1.52013576030731,-12.2349576950073,11.6455545425415,-14.9729665286781,90.6520123626476,-10.6451605950721,4.02186012268066,-6.46774482727051,-2.0610682964325,130.882475441994,-96.5215559164656,72.6462266915249
12.275,-2.30923509597778,-13.0614042282104,12.8191051483154,-4.61995532252226,94.0977744970273,-9.23880159307803,5.10743522644043,-5.33534860610962,-2.06767106056213,113.551860800516,-83.781094774614,60.1021061675546
12.28,-3.10780644416809,-13.5885200500488,13.8211898803711,5.65913872266208,91.9454043046379,-7.46685159311715,6.0679783821106,-4.11430549621582,-2.10558462142944,93.3968536542114,-63.5362638105345,47.1542497466503
12.285,-3.76151537895203,-13.3532791137695,14.0177383422852,11.2821414757466,81.3087575403662,-5.73746775895061,6.52223777770996,-3.00049352645874,-2.4226348400116,69.8084401857356,-32.9501200468001,35.2233197007016
12.29,-4.19114112854004,-12.6603689193726,13.5353536605835,10.4429238163899,66.9538104334529,-3.81875364231225,6.4438328742981,-2.10725069046021,-2.82456874847412,45.0497591803426,2.16332965779955,24.8277308028072
12.295,-4.40252494812012,-11.7380561828613,12.625678062439,4.14840888062151,50.5959513335684,-1.79611584957462,5.82344722747803,-1.50515329837799,-3.28218245506287,19.7012879250245,38.8525304709041,15.9415334567628
12.3,-4.38695383071899,-10.7539758682251,11.4628372192383,-7.13397250551965,33.4778546130211,0.268832403750294,4.62048244476318,-1.26819908618927,-3.77564096450806,-5.81107286565443,74.8647609264043,8.63648477621504
12.305,-4.06080436706543,-10.0302600860596,10.1258125305176,-18.0341958429753,18.5908733358043,2.24955289866473,3.28866100311279,-1.46923959255219,-4.143150806427,-29.6533345835021,103.420504600853,3.02892059853232
12.31,-3.70518350601196,-9.54397296905518,8.97849082946777,-26.350500987694,5.88474115160807,4.12564855587291,1.5418701171875,-1.91588032245636,-4.5282416343689,-51.6755412790644,123.590674767115,-2.15056254013691
12.315,-3.29030656814575,-9.23545360565186,7.91802644729614,-32.6731456306723,-4.84367859567285,5.89500906036471,-0.622570097446442,-2.61199259757996,-4.92030239105225,-71.5895759363565,134.963636414482,-7.11108795670552
12.32,-2.77419471740723,-9.04341888427734,6.8218879699707,-37.5903798141775,-13.6974782200497,7.54677078282182,-3.240154504776,-3.58163094520569,-5.30653619766235,-88.8713000837552,136.34550662698,-12.0985582561064
12.325,-2.0509557723999,-9.0139102935791,5.58714866638184,-41.2513133979801,-19.9834413320904,10.8089886587304,-5.74474287033081,-4.90452003479004,-4.88133525848389,-103.289125912168,123.845358860886,-18.3231589486437
12.33,-1.25236546993256,-9.08364772796631,4.47613430023193,-43.4761860484092,-23.5335875400082,15.4997670665302,-7.83995532989502,-6.35924339294434,-3.95006537437439,-116.750677445454,93.9331191267058,-25.9368100900447
12.335,-0.410272926092148,-9.20044422149658,3.46948385238647,-43.6446048529634,-23.6937435232139,21.3414502787236,-9.26204586029053,-7.93577480316162,-2.64564037322998,-127.958949571553,51.7216553012457,-33.8745998113396
12.34,0.433426678180695,-9.27703285217285,2.51388669013977,-40.3835276186462,-18.8852579041264,27.9482495741947,-9.47163009643555,-9.65124607086182,-1.148472905159,-134.018488497513,5.97543283029432,-40.1369236386629
12.345,1.25289750099182,-9.11755466461182,1.57327735424042,-33.9727154787669,-8.62255289785551,34.0509211447635,-7.96872186660767,-11.6662817001343,1.62651312351227,-129.602743878344,-37.2041155411403,-43.4759060106533
12.35,2.02514982223511,-8.7813024520874,0.795255124568939,-28.2670162103064,1.25697145234508,38.5726054130549,-5.70545101165771,-14.1348361968994,4.97282838821411,-117.571693504446,-73.7852905092188,-44.3766952640566
12.355,2.73290061950684,-8.33771514892578,0.216720014810562,-23.4167110504782,10.1798146842773,41.46543982846,-3.06063199043274,-16.9091396331787,8.2109546661377,-98.8132346471666,-101.914318115271,-42.646068762348
12.36,3.32836651802063,-7.95747756958008,-0.090519592165947,-18.5349716525423,18.5133301981571,42.8336599079024,-0.755354762077332,-19.5311279296875,9.61118316650391,-74.2587250715382,-116.896146814397,-37.30628492584
12.365,3.77959537506104,-7.98101091384888,-0.401354432106018,-12.1759425918554,26.6265345452636,41.9995981875954,0.0725314542651176,-19.9539604187012,8.32936763763428,-53.2655205253842,-121.92790619481,-26.841405466363
12.37,3.96337294578552,-8.22978496551514,-0.870318710803986,-5.71058456126426,32.746290126494,39.0633305992582,0.0441592447459698,-18.7060394287109,6.16683053970337,-41.0649448562871,-125.16176854038,-13.1761298807026
12.375,3.76573801040649,-8.59294700622559,-1.55128026008606,0.0686822478595326,35.8861212577596,34.2495669514896,-0.495829045772552,-16.1623382568359,3.92821073532104,-38.6121419630655,-129.681823808554,2.11291304332792
12.38,2.7780876159668,-8.73170375823975,-2.54108786582947,2.83485763529592,33.2156197451222,28.5068805011262,-0.560235142707825,-13.5443181991577,3.56717610359192,-45.1330533372709,-141.728447013759,13.5928226464922
12.385,0.985724747180939,-8.665452003479,-3.67496466636658,-0.343004122670533,23.1594588055789,23.0685626481043,0.0706163123250008,-11.9119968414307,3.73670649528503,-51.2964555348449,-164.700108060561,15.8976836422913
12.39,-1.19717800617218,-8.67812728881836,-4.75042629241943,-7.93795791470326,7.53094438074126,17.721181933692,1.55907368659973,-10.729829788208,3.27345514297485,-57.4728385069366,-186.609196578184,10.8991864293623
12.395,-3.59382653236389,-8.92957210540771,-5.65324115753174,-19.1921365959878,-12.2552163286835,12.22375733114,3.97373366355896,-9.84029579162598,1.80537700653076,-64.0936277373751,-200.601849960952,-0.808634580213419
12.4,-5.83120679855347,-9.89797592163086,-6.04099416732788,-31.1374185769299,-28.4748674044864,5.21262022831437,7.20251035690308,-9.34340667724609,-0.286489129066467,-73.5880209856105,-185.078660468211,-17.7948113729447
12.405,-7.40612983703613,-11.0826940536499,-6.07355165481567,-37.3308257955278,-28.8668895269939,-3.88885827706644,9.86015701293945,-9.41594886779785,-1.98310995101929,-84.2994788118613,-147.447555651107,-32.7505999758602
12.41,-8.55156898498535,-12.8221206665039,-5.53751802444458,-38.1156213613515,-21.4806444113666,-13.9595781917125,11.4284410476685,-9.84869956970215,-3.54464840888977,-95.0096115814132,-97.0405273499815,-43.453919631715
12.415,-9.35697937011719,-15.3401231765747,-4.21805763244629,-33.3585551138831,-11.7554368729617,-24.3104105675231,11.5030517578125,-10.5371704101563,-5.09288787841797,-104.905852179277,-39.3227548443137,-48.4575761987884
12.42,-9.64882564544678,-18.8969078063965,-0.843973815441132,-22.8086056482936,-28.9079355488111,-32.2182311262873,8.81893157958984,-11.2279825210571,-6.48345518112183,-110.938036197611,3.21039082737333,-47.0743228729828
12.425,-9.47067737579346,-21.7097606658936,3.41834688186646,-6.34082532588838,-66.2658532896817,-36.7851483223572,4.74021339416504,-11.8381948471069,-7.05673170089722,-115.822441076871,41.6055816498503,-42.2192024297897
12.43,-8.78654670715332,-23.3015003204346,7.30183219909668,14.7819107696672,-108.118554598798,-37.6040265321392,-0.0427316017448902,-12.4076290130615,-6.89995765686035,-118.854416690953,70.8541079967187,-34.9234948867056
12.435,-7.53680992126465,-23.2175712585449,9.77480220794678,39.8394552399305,-142.236831654061,-34.1213472252955,-5.02354049682617,-12.965482711792,-6.03787279129028,-119.359714085751,86.4094540200725,-25.8585822259332
12.44,-5.42053747177124,-20.745023727417,8.25705337524414,58.2756316212232,-139.994070738196,-26.4065119539827,-8.78463172912598,-13.1895923614502,-5.48890113830566,-114.30538093013,55.3415462783258,-18.78917251043
12.445,-3.48393511772156,-17.533109664917,5.10925817489624,67.7665961144953,-123.619361561629,-18.4215136726919,-11.0101289749146,-12.9922208786011,-5.71837854385376,-109.547566776948,2.91050112658017,-14.7173245008756
12.45,-1.89175772666931,-13.8283729553223,0.906431138515472,69.8170052429548,-100.272197204827,-10.9288473796067,-11.499927520752,-12.4270076751709,-6.30256032943726,-104.934245275657,-63.1898844271557,-13.6245352148086
12.455,-0.877498745918274,-9.90266036987305,-3.71012997627258,65.7449830635766,-78.4115074076627,-4.92438837977395,-9.86909961700439,-11.5330486297607,-6.73633432388306,-100.285516073709,-134.344520747355,-15.716724610421
12.46,-0.291723787784576,-6.25144386291504,-7.52392625808716,50.0232365565683,-46.6826456750284,4.00957162536266,-7.415846824646,-10.7989234924316,-6.64151000976563,-94.1570537088339,-186.925693883944,-21.3034539363709
12.465,0.562117040157318,-2.93791627883911,-10.469708442688,23.7530568859663,-8.64803547987518,15.7269374507775,-4.44629192352295,-10.1648893356323,-6.59230375289917,-88.7263907903242,-218.645843710292,-27.5458984981148
12.47,1.67674696445465,-0.159672036767006,-12.2865152359009,-11.637418034293,27.4208428570538,28.884210886729,-1.08835601806641,-9.65762996673584,-6.57699918746948,-84.5031960340461,-228.927942184938,-33.1268750972362
12.475,2.99250888824463,1.6592071056366,-12.3679227828979,-54.5181840493537,46.0197928915516,41.1027704439107,2.48869037628174,-9.34733390808105,-6.51652002334595,-82.3510444077101,-214.662791575043,-35.7798571746526
12.48,3.56056880950928,1.96283292770386,-10.1787204742432,-91.5295140860758,22.5424246386018,49.4554839120001,4.95346117019653,-9.33799743652344,-6.08608436584473,-82.0006283825318,-176.16941635636,-33.8089821839833
12.485,3.43178844451904,1.46475827693939,-7.24215841293335,-114.404801163689,-17.6509658814769,54.1578403442167,6.56307601928711,-9.43932437896729,-5.55075836181641,-81.9406866423758,-129.268050948635,-30.596368556922
12.49,2.68216443061829,0.298766225576401,-4.09493684768677,-120.770885809789,-61.5201490618977,54.5869401486336,7.33524560928345,-9.61703491210938,-4.98325204849243,-81.7598778746672,-81.0456791441048,-27.0924456542123
12.495,1.457843542099,-1.46615016460419,-1.72530233860016,-105.229172844018,-80.6860082126011,48.4638633879194,7.15186214447021,-9.84754753112793,-4.49577045440674,-80.800058711362,-46.2460258323353,-24.8057649144364
12.5,0.403972059488297,-3.77075409889221,-0.862450897693634,-79.591969001916,-62.6110122346187,35.1654270172966,5.91485404968262,-10.1146278381348,-4.09255695343018,-78.2021142982776,-15.4418931661453,-21.8828708364941
12.505,-0.328775554895401,-5.95985746383667,-0.689056515693665,-55.6552910178503,-30.4167345817506,18.2966100033399,4.16930866241455,-10.3316268920898,-3.78451156616211,-74.8356574903509,12.4448753140091,-18.007626407104
12.51,-0.74773120880127,-7.98377513885498,-0.941605448722839,-37.1319272718025,7.96707330358773,-0.825062199023505,2.1857898235321,-10.4598569869995,-3.56145167350769,-71.0274991789886,35.7761688725008,-13.4000832458509
12.515,-1.03778493404388,-10.2658309936523,-1.20769274234772,-29.5521419158537,38.6564869662518,-19.6561164689486,0.681840121746063,-10.405421257019,-3.36495900154114,-67.4332009207286,45.8292920854108,-9.4032810860284
12.52,-1.59102821350098,-12.7069463729858,-1.40333104133606,-28.4893525281687,59.1885000641737,-35.2647960244365,0.170259863138199,-10.3469409942627,-3.04217863082886,-64.5087188238042,48.5592982060974,-7.02190831114678
12.525,-2.35293626785278,-14.6684637069702,-1.57962536811829,-30.130525749865,72.6071443490941,-46.8008830797505,0.347272306680679,-10.3415098190308,-2.759192943573,-62.1007014809704,47.8704497226395,-6.44262075773096
12.53,-3.28077936172485,-15.8594856262207,-1.75771605968475,-32.8420835296034,79.3890577420532,-53.5829808878172,1.03901100158691,-10.4194602966309,-2.59195184707642,-60.2319548938657,45.6847789429516,-7.81398058975742
12.535,-4.13050222396851,-15.829047203064,-1.9710214138031,-33.3652486992697,76.7546947603143,-53.5161406565994,1.51778197288513,-10.6532020568848,-2.68138122558594,-59.3776484928589,47.4964968655813,-11.360646816293
12.54,-4.69457483291626,-15.1589527130127,-2.150235414505,-30.7859507026194,67.8045856266589,-49.8160769190418,1.46293485164642,-10.8726263046265,-2.72946357727051,-58.8501324926913,51.9618832996388,-14.1331017088976
12.545,-5.00188446044922,-14.1907529830933,-2.24280977249146,-26.4526413440897,55.3831831115062,-43.9514476863317,0.885228395462036,-11.0314750671387,-2.70975732803345,-58.2019270498896,55.9702890970876,-15.3524245182073
12.55,-5.04676008224487,-13.0946979522705,-2.20957446098328,-21.1492043592499,41.102644085411,-36.7258281294156,-0.238611534237862,-11.0953378677368,-2.60357427597046,-57.1841332409093,57.517528434676,-14.5781389059691
12.555,-4.70948076248169,-11.9886569976807,-1.93131279945374,-17.9292977977022,30.430910639373,-30.8159352330758,-1.90686821937561,-10.9448862075806,-2.39352703094482,-55.6878880956642,50.5363237821142,-12.8345299221955
12.56,-4.11815023422241,-10.9221305847168,-1.47253096103668,-17.252940022689,20.0448993742422,-24.5847946344082,-3.26994204521179,-10.6749420166016,-2.17859721183777,-54.3033814301459,36.411458427582,-12.5698216720434
12.565,-3.33061218261719,-9.95312595367432,-0.891908288002014,-18.9805322128589,10.080081969564,-17.8948019272991,-4.20212650299072,-10.4002313613892,-1.99031448364258,-53.1452443091948,17.7318558118174,-13.475690878642
12.57,-2.3808913230896,-9.13378429412842,-0.228689074516296,-23.1481411821241,0.670062475032584,-10.6083492905403,-4.57698774337769,-10.2117786407471,-1.85540580749512,-52.318579683759,-3.72077884753665,-15.3784048502628
12.575,-1.33664417266846,-8.62350749969482,0.259318262338638,-29.7080239081864,-2.16924268063007,-4.43162950474526,-4.12596082687378,-10.2984428405762,-1.9000461101532,-51.6862646760613,-18.7556311589633,-16.5554786706878
12.58,-0.314024239778519,-8.31610012054443,0.553619980812073,-36.4332262404668,-0.340195394137351,0.77705824215448,-3.26222968101501,-10.4992609024048,-1.9724588394165,-50.5689925769144,-31.6763990496194,-16.8054243207225
12.585,0.658853113651276,-8.19701766967773,0.669717192649841,-42.8168200765037,5.77464874747122,4.85892272412667,-2.09018874168396,-10.7410354614258,-2.04062008857727,-49.0832112814778,-42.0919696659307,-16.1709338977742
12.59,1.54283702373505,-8.26247215270996,0.613377511501312,-48.1956316139292,16.0243204721453,7.52777688051366,-0.717283308506012,-10.9349508285522,-2.06396722793579,-47.3468849869067,-49.3182380908179,-14.637612778167
12.595,2.19168734550476,-8.46872138977051,0.39466318488121,-51.2276243034841,30.041057101927,7.77651444083896,0.609477758407593,-10.8802165985107,-2.24941658973694,-46.2959579302627,-45.8451415393798,-12.8071536702284
12.6,2.61514711380005,-8.67740535736084,0.110479131340981,-52.2749006240168,45.0185008196061,6.49555685823267,1.74680066108704,-10.6408805847168,-2.48977661132813,-45.5840234074102,-34.9480016054476,-11.3592756558172
12.605,2.82885456085205,-8.85076332092285,-0.201230809092522,-51.4804676612743,60.3465791285169,3.9115238329403,2.65949845314026,-10.2595844268799,-2.74392557144165,-45.1143386189451,-17.6430496922289,-10.5264561761655
12.61,2.8393349647522,-8.92809295654297,-0.481671065092087,-48.8833155501336,75.2016873279719,0.222903050140594,3.27234053611755,-9.79543781280518,-2.94668507575989,-44.7655720844513,5.16351629082386,-10.742372116208
12.615,2.57612919807434,-8.8767671585083,-0.819450557231903,-45.9108582044791,89.0523820590306,-4.16346005623128,3.54176759719849,-9.4503870010376,-2.9984302520752,-44.3942010388994,29.7661556482123,-12.4453081772477
12.62,2.08625483512878,-8.76647090911865,-1.14788115024567,-43.1982383303247,101.735373989206,-8.61421665197351,3.58043384552002,-9.25674343109131,-2.96125054359436,-43.8360892063447,54.250194747079,-14.5356175632912
12.625,1.38710355758667,-8.62736511230469,-1.43725371360779,-40.8240372540716,112.990630986605,-12.9381917032288,3.33828616142273,-9.2167329788208,-2.84452080726624,-43.0574852070037,77.6913869030899,-16.4138905567407
12.63,0.493147492408752,-8.51923179626465,-1.62184131145477,-38.8166480720995,121.991304010686,-16.7980255183041,2.60321998596191,-9.3390474319458,-2.64570307731628,-41.9998577347839,98.0024775323077,-16.7169716634235
12.635,-0.449842303991318,-8.49852657318115,-1.76886749267578,-37.1163885914407,128.840467446213,-19.9945523423228,1.32406866550446,-9.48284816741943,-2.35028648376465,-40.864909106065,109.125256180566,-15.2018051866302
12.64,-1.36154079437256,-8.53962898254395,-1.89458632469177,-35.5095456080602,134.145734921751,-22.619255729028,-0.170132458209991,-9.58588600158691,-2.07074379920959,-39.6617473781051,111.371377549503,-13.2057413120756
12.645,-2.21899580955505,-8.64018249511719,-2.00666689872742,-33.9524503074994,137.852478584317,-24.7163492004645,-1.76975929737091,-9.63772392272949,-1.82346189022064,-38.4357147617095,104.54053268133,-11.1241711530752
12.65,-2.99542140960693,-8.81480598449707,-2.12464475631714,-32.4550576904738,139.098018220982,-26.4006687271478,-3.29226875305176,-9.65191173553467,-1.57243919372559,-37.3893161204852,87.3862257128977,-9.46490134517297
12.655,-3.70497417449951,-8.98928737640381,-2.23668050765991,-31.3440181389445,138.703902645494,-27.6474719488094,-4.38048410415649,-9.73071479797363,-1.39368975162506,-36.7970601722697,70.5511617862719,-8.49106236482266
12.66,-4.33315229415894,-9.12886524200439,-2.33352971076965,-30.310467083549,136.816065679659,-28.6879932122529,-4.88991928100586,-9.85226058959961,-1.30455553531647,-36.5131360386614,51.9474272042605,-8.20825240582275
12.665,-4.86088275909424,-9.21872806549072,-2.40423655509949,-29.2205601373117,133.243671838067,-29.596042956744,-4.71743822097778,-9.99080467224121,-1.30562269687653,-36.4603386763772,30.8543174811167,-8.7140168148048
12.67,-5.19581079483032,-9.24470138549805,-2.3903751373291,-27.8336321697327,126.431992480705,-30.3777512770628,-3.57998585700989,-9.98987483978271,-1.33148717880249,-36.3449938567686,7.69005449123035,-10.6005620211129
12.675,-5.34154987335205,-9.24513816833496,-2.26479315757751,-26.5186192639247,116.524365957495,-30.7628817386977,-2.16646337509155,-9.79738235473633,-1.42659294605255,-36.1514741070146,-7.56517216621948,-13.263575085099
12.68,-5.33478116989136,-9.22896575927734,-2.07387757301331,-25.3976639852678,104.161368389935,-30.7912543445099,-0.859274089336395,-9.52308750152588,-1.54423928260803,-36.1222716332182,-14.7768991183637,-15.6977025335825
12.685,-5.18618726730347,-9.19839572906494,-1.84281265735626,-24.5730706146978,89.6090424763866,-30.4595291319953,0.111182928085327,-9.22809886932373,-1.65481734275818,-36.4157307109078,-13.4379284702683,-17.3017707526127
12.69,-4.89208269119263,-9.1250638961792,-1.6495840549469,-24.5319784891038,74.0261707906776,-29.6861877934098,0.336887300014496,-9.05145263671875,-1.64647960662842,-37.4141711788749,-3.73961736304119,-17.0343961673634
12.695,-4.54357767105103,-9.02789306640625,-1.50814819335938,-25.3260050555907,59.8160032036011,-28.6283007740016,0.120644360780716,-9.00554466247559,-1.64698660373688,-38.2707144668349,7.34594443820323,-16.3442175045647
12.7,-4.17028522491455,-8.92119121551514,-1.42645370960236,-26.8823848938358,47.7483498459417,-27.4411421792671,-0.311547040939331,-9.04512786865234,-1.67899823188782,-38.8492485650079,17.7499489829288,-15.7361735740826
12.705,-3.79425859451294,-8.81576538085938,-1.41448485851288,-29.18987892756,38.5670968654893,-26.2403846778951,-0.793031692504883,-9.13942337036133,-1.76247894763947,-39.0244087662729,25.7840665696357,-15.6171831410045
12.71,-3.53388953208923,-8.75278472900391,-1.44444680213928,-31.8935751595637,34.3235413152954,-25.3620291808206,-1.27138543128967,-9.26895236968994,-1.87090253829956,-39.3071307865873,28.0106382296208,-16.4092050469701
12.715,-3.30288171768188,-8.70375156402588,-1.48876225948334,-34.3213795604231,32.3894400631175,-24.68511474539,-1.6072838306427,-9.37442302703857,-1.90423178672791,-39.7457211388559,27.6408398351253,-17.5079280598785
12.72,-3.08291363716125,-8.67053985595703,-1.55465698242188,-36.3588523105946,32.324942586785,-24.1362851399174,-1.75061094760895,-9.4303035736084,-1.88929653167725,-40.4051485824639,25.8232923460391,-18.8512316092287
12.725,-2.85181641578674,-8.6567211151123,-1.65286993980408,-37.8321753409851,33.7212449889999,-23.633224632073,-1.62358784675598,-9.40070152282715,-1.85609340667725,-41.3840273886481,23.8897648297514,-20.379877464349
12.73,-2.66824197769165,-8.69873046875,-1.75026798248291,-38.4229491381508,35.5695010085945,-23.0443547501385,-1.4154144525528,-9.27571105957031,-1.85640847682953,-42.6528784609505,23.1169289251645,-21.8545016457764
12.735,-2.53549003601074,-8.76895809173584,-1.81122648715973,-38.5986318488872,37.1168325537367,-22.2888436203813,-1.26849865913391,-9.13458156585693,-1.84450852870941,-43.6632034580734,22.9546299701066,-23.1174394818049
12.74,-2.45320630073547,-8.86313247680664,-1.83370232582092,-38.3932617209233,38.2590485037326,-21.3300524005462,-1.20553660392761,-9.01823425292969,-1.79438126087189,-44.498197499202,23.3492219512893,-24.287275009257
12.745,-2.42568445205688,-8.97858715057373,-1.81352376937866,-37.7820007713422,38.8353457149524,-20.0856773111345,-1.26337826251984,-8.9984712600708,-1.65753102302551,-45.3547544475404,24.3155827282721,-25.5954918768408
12.75,-2.44290804862976,-9.11776256561279,-1.78321599960327,-36.8616396108721,38.7030995922426,-18.6086130446261,-1.41088080406189,-9.09346580505371,-1.53447413444519,-46.248522266477,23.9141417748992,-26.8484183630934
12.755,-2.46214747428894,-9.25880241394043,-1.76456201076508,-36.0126949083637,38.3665898322144,-17.359612209599,-1.55930364131927,-9.2468843460083,-1.48354911804199,-47.1348178584616,22.3250265475094,-27.6309633815855
12.76,-2.47641158103943,-9.3949556350708,-1.74933469295502,-35.2288214180781,37.8556063049328,-16.3487681180992,-1.66940295696259,-9.45288467407227,-1.50177502632141,-47.9425048032885,19.7450899281718,-27.9697902832896
12.765,-2.48044633865356,-9.51408195495605,-1.70599162578583,-34.3590822046416,37.0575533419302,-15.459556035339,-1.65579998493195,-9.71973896026611,-1.56555235385895,-48.4737022754188,16.5914157110058,-28.0530776100287
12.77,-2.42878174781799,-9.61340618133545,-1.62672114372253,-33.2199193492047,35.9344209404754,-14.7104994343475,-1.47456729412079,-9.95512390136719,-1.52354466915131,-48.8379528487609,13.3482805298646,-28.4593150637463
12.775,-2.31808686256409,-9.69884014129639,-1.51133894920349,-32.0199268290198,34.9013923945514,-14.2894746210768,-1.26888108253479,-10.1161050796509,-1.464075922966,-49.2825503524046,10.8700881159507,-29.042517596217
12.78,-2.14686250686646,-9.77908515930176,-1.35128915309906,-30.8394652347665,34.084648618885,-14.2521109249959,-1.06366682052612,-10.190881729126,-1.44104278087616,-49.8794713198233,9.3931117881279,-29.7486191375183
12.785,-1.91144359111786,-9.88883495330811,-1.10682725906372,-29.8449555406668,33.657813022178,-14.6701500918256,-0.832065880298615,-10.1672992706299,-1.61763978004456,-50.71727939889,9.16555635196611,-30.471266812084
12.79,-1.65154755115509,-9.97910404205322,-0.79259842634201,-29.144461584674,33.3967461166272,-15.3829025298312,-0.530425786972046,-10.0998229980469,-1.72065734863281,-51.7619500022542,9.9780807782727,-31.3583034795936
12.795,-1.38916337490082,-10.044319152832,-0.457581967115402,-28.7581734059748,33.4489151015078,-16.1988147299662,-0.222794428467751,-10.0042867660522,-1.70282387733459,-52.7662712630967,12.2103010047015,-32.3796797227935
12.8,-1.13344264030457,-10.0810813903809,-0.124901831150055,-28.7036241001685,34.0122520287775,-17.0263194686699,0.05207234993577,-9.89167785644531,-1.55758941173553,-53.6623169501215,16.0964387320441,-33.5189177103112
12.805,-0.897751033306122,-10.083794593811,0.149945169687271,-28.9870154790215,36.1863456378221,-17.6338477198696,0.158761724829674,-9.81336688995361,-1.39276444911957,-54.5966116964983,22.1113884755552,-34.6932218890277
12.81,-0.718126893043518,-10.073413848877,0.346608877182007,-29.2710728013185,40.0979095981238,-17.9126133531072,0.0386720895767212,-9.78684997558594,-1.3192640542984,-55.2918429917356,26.9821141934545,-35.5786261413257
12.815,-0.572133362293243,-10.0576972961426,0.515147089958191,-29.3881763946384,45.2145955506771,-17.9549690636977,-0.22419773042202,-9.78636169433594,-1.26748073101044,-55.9261080184413,30.8188278181893,-36.3740733871599
12.82,-0.450689822435379,-10.0395336151123,0.682425081729889,-29.2177631748466,51.2875011568431,-17.7954909767671,-0.586777985095978,-9.79798603057861,-1.19712316989899,-56.6242865403054,33.5958085648926,-37.1984294086563
12.825,-0.369866073131561,-10.0026073455811,0.884594261646271,-28.3491014237517,57.6886041828173,-17.4156078079621,-0.929022431373596,-9.78999328613281,-1.02250254154205,-58.0030660922047,34.8369188238811,-38.3912877962532
12.83,-0.406154572963715,-9.974778175354,1.09382319450378,-26.749595771087,63.6218597412131,-17.1156173618786,-1.21241676807404,-9.77303886413574,-0.849766194820404,-59.4966440485789,34.5485892182581,-39.7199405898337
12.835,-0.565025210380554,-9.96520900726318,1.29252541065216,-24.401081328755,69.0269572616594,-16.9921360794213,-1.42685258388519,-9.75966548919678,-0.687990486621857,-61.104156390498,32.9706447652559,-41.2171112257113
12.84,-0.858336508274078,-9.98230934143066,1.46605885028839,-21.2432458188372,73.8235600591384,-17.1328721272694,-1.56006228923798,-9.76007652282715,-0.545070588588715,-62.8318800618094,30.2150083597089,-42.9191602159326
12.845,-1.32503831386566,-10.0298748016357,1.48745226860046,-16.9490785668935,77.9161342777292,-17.705776442019,-1.50245237350464,-9.82265281677246,-0.342223256826401,-65.1591509082754,26.1138690838989,-44.8675092427192
12.85,-1.86009991168976,-10.0978260040283,1.40526986122131,-12.0464635495331,81.5269069522672,-18.4888166492259,-1.33335590362549,-9.91828060150146,-0.124573409557343,-67.6931579205393,21.8220855679756,-46.8912498975644
12.855,-2.43116044998169,-10.1793851852417,1.24277710914612,-7.18263205382729,84.4128599520836,-19.3526306735574,-1.11036550998688,-10.0149612426758,0.0672555491328239,-70.4290106831554,17.8610915286505,-48.9885107086355
12.86,-3.00033044815063,-10.2670850753784,1.02302718162537,-3.17375668087314,86.212901666327,-20.1408942679322,-0.901695668697357,-10.0725736618042,0.180237665772438,-73.3761211968,14.9114709204859,-51.1626077327748
12.865,-3.47300171852112,-10.3298187255859,0.815471053123474,0.930544545635714,86.5270220662559,-21.0248522276733,-0.782299399375916,-10.0707035064697,0.239724949002266,-76.4050163955664,15.0590286197676,-53.3737414576884
12.87,-3.8672890663147,-10.3663301467896,0.673755168914795,5.35942575301369,85.3190689605933,-22.0154670063988,-0.767878711223602,-10.0626096725464,0.265335768461227,-79.3336375871278,16.2524726960858,-55.5407043492396
12.875,-4.18823957443237,-10.3888177871704,0.599263310432434,9.76598547529724,82.4156306765018,-23.0047738038983,-0.863231360912323,-10.0708570480347,0.259380459785461,-82.1843263202593,17.8414837630907,-57.6815417672155
12.88,-4.43578958511353,-10.4190549850464,0.596046447753906,13.4664675619415,77.3134452155564,-23.7869243789658,-1.08735013008118,-10.134316444397,0.220848500728607,-85.0103512402979,18.8514382224511,-59.8362342239227
12.885,-4.59264516830444,-10.5207567214966,0.605807185173035,16.3936407533989,70.9395263424788,-24.1394663005233,-1.33741807937622,-10.3367099761963,0.272151410579681,-88.0386658729848,18.7933952748843,-61.8587078786769
12.89,-4.71553373336792,-10.7149496078491,0.59506219625473,18.8939032160683,64.7016170263438,-24.227497193641,-1.53649616241455,-10.6321210861206,0.266328036785126,-90.7517399547189,17.9211579197589,-63.5830574365383
12.895,-4.80336570739746,-11.0141048431396,0.565087854862213,21.1042992805516,58.9897415593264,-24.0544082472419,-1.65233671665192,-11.0177335739136,0.214184105396271,-93.3127330443936,16.3193436631548,-65.1235656226996
12.9,-4.82915449142456,-11.4564075469971,0.530024766921997,23.2711733796436,54.4744059518685,-23.5462882767698,-1.61153936386108,-11.51025390625,0.196383848786354,-96.3706565471325,14.0754788179648,-66.856268501916
12.905,-4.8063006401062,-12.033543586731,0.551211297512054,25.9248828722065,50.943164000026,-22.6159055212401,-1.4848301410675,-12.1225347518921,0.384461879730225,-100.403951553917,12.9745479464071,-69.051368357753
12.91,-4.78243970870972,-12.5797595977783,0.595183789730072,28.8816529808848,47.1739787480679,-21.388247319822,-1.38829600811005,-12.8132724761963,0.697018325328827,-104.697210390701,13.7894450096766,-71.1300203184305
12.915,-4.76844024658203,-13.0781717300415,0.66400808095932,32.0942119664328,42.5921205131886,-19.8730159562316,-1.35771381855011,-13.5617208480835,1.09311902523041,-109.066748780136,16.5297715461991,-72.944405429931
12.92,-4.76739168167114,-13.6157302856445,0.800788104534149,35.5257399865823,35.7375134168931,-17.9904740945508,-1.44395506381989,-14.3123693466187,1.46313786506653,-113.370840296943,20.4674439046032,-74.3835467786202
12.925,-4.8377161026001,-14.1769351959229,1.06686222553253,39.374391074439,26.7026433431851,-15.6234703301355,-1.53479278087616,-14.9691982269287,1.92332530021667,-117.935988474018,23.9099651142217,-75.7914878231808
12.93,-4.99472999572754,-14.6213846206665,1.39515948295593,43.8861510778663,16.842151955437,-12.8217181948599,-1.56196641921997,-15.5194358825684,2.34872388839722,-122.582620807891,25.8848203976298,-77.2493438901958
12.935,-5.24625682830811,-14.8878545761108,1.74075758457184,49.2634326529177,6.84953226574223,-9.57658603716007,-1.49721813201904,-15.9447212219238,2.6723837852478,-127.144954947028,25.8865911241722,-78.7900638122215
12.94,-5.59109830856323,-14.9018468856812,1.91316938400269,56.2832961761817,-1.24608466441661,-5.79095368968051,-1.31811594963074,-16.1599216461182,2.7110333442688,-130.769831962202,22.9132509765674,-80.4416991761789
12.945,-5.9264063835144,-14.8569717407227,1.84610939025879,64.3941355702881,-7.56693435502535,-1.84896934747606,-1.01250469684601,-16.3539600372314,2.66308951377869,-133.199903985866,21.4738381278587,-81.8770839208246
12.95,-6.20276832580566,-14.8570384979248,1.65234291553497,73.538263057507,-13.2791103503662,2.12708867406346,-0.617207050323486,-16.6065578460693,2.52348566055298,-134.97369045294,21.5615787379367,-83.0543831374922
12.955,-6.38237571716309,-14.9560689926147,1.39490854740143,83.6185499327461,-18.9763043257627,6.00969519360522,-0.149014368653297,-16.9610805511475,2.29145622253418,-136.404451159517,23.1302597468771,-83.9631398065624
12.96,-6.31305408477783,-15.0953149795532,1.26393961906433,92.4013399223037,-24.8757589855034,8.63096598336567,0.349957317113876,-17.3821964263916,2.09300947189331,-138.670571322344,23.8852312916898,-85.0705525276424
12.965,-6.09750556945801,-15.12584400177,1.33268570899963,103.702352356953,-35.2473278156342,10.9504521217251,0.806066811084747,-17.8610420227051,2.50923824310303,-141.337855815883,29.8071743492728,-86.1853486832152
12.97,-5.80209159851074,-14.9853210449219,1.36794710159302,117.386772962857,-48.3353670390639,13.4075674256339,1.05989801883698,-18.3692016601563,3.54626226425171,-143.687686777177,40.176439698106,-86.9948148923209
12.975,-5.47473955154419,-14.6136608123779,1.18206632137299,133.493178648448,-62.9088289729988,16.360471647242,0.972184002399445,-18.8858509063721,5.24696016311646,-145.128720088266,54.6925382882966,-87.2313443432785
12.98,-4.95866823196411,-13.9453992843628,0.313099563121796,145.9869196971,-67.2970206090569,19.7466762396065,0.0374967679381371,-18.9644260406494,5.68290138244629,-142.637627154558,73.5569436248869,-86.1654455119738
12.985,-4.00141382217407,-13.5497026443481,-0.313767611980438,153.401773060066,-70.5045184244299,22.4550716417592,-1.06835794448853,-18.700101852417,5.56094026565552,-137.862628245423,93.3318507438804,-84.9561536892339
12.99,-2.56736898422241,-13.5547819137573,-0.390632480382919,157.111808873812,-77.6197245583181,23.7445123193146,-2.18612194061279,-18.0631103515625,4.61973428726196,-129.905375900089,110.958396991527,-84.1190115536113
12.995,-0.575119256973267,-14.1525526046753,0.511664927005768,158.558470260777,-95.3363746614958,22.5746682541261,-3.11661767959595,-16.9873809814453,2.46790909767151,-117.392332736842,122.428135589244,-84.3303854178556
13.0,1.96704590320587,-14.9578676223755,1.85082614421844,166.528672644778,-132.364039095618,17.0527744988726,-4.32001686096191,-15.8521022796631,0.0132593670859933,-107.052874333546,129.389095561106,-85.6084777361051
13.005,4.46433973312378,-15.3418617248535,2.25484728813171,178.17439106646,-172.899039819488,9.96456981032077,-5.91162252426147,-14.9932079315186,-1.56766903400421,-102.253245762265,142.829295923047,-87.3902350339405
13.01,6.6224250793457,-15.3174924850464,1.69561862945557,191.72018615297,-210.669084344688,2.65380468832452,-7.59883642196655,-14.3515958786011,-2.62187814712524,-101.275005578768,155.167636507703,-89.6402974220286
13.015,7.91051244735718,-14.9325160980225,0.162905782461166,204.301872717375,-235.162374934785,-2.65012278947506,-8.82518863677979,-13.8027944564819,-3.87524890899658,-100.910041250658,150.767328116057,-92.4002744127932
13.02,8.47010040283203,-14.3064107894897,-2.49686408042908,214.377740460221,-237.181843306305,-2.3172206499891,-9.07415580749512,-13.4475746154785,-5.54466104507446,-95.1795740087198,110.991660012785,-93.7958801357127
13.025,8.65899753570557,-13.555230140686,-4.85060405731201,220.236485484961,-223.672985882827,1.39334247570503,-8.80998611450195,-13.0170974731445,-8.04309272766113,-87.0629050481568,61.3277221424109,-90.876964642962
13.03,8.49625682830811,-12.749439239502,-6.44042062759399,221.282815824294,-195.880099206588,7.83373947325262,-8.01914215087891,-12.4711055755615,-10.8058729171753,-78.7246101094052,6.07687053097912,-82.3134168955725
13.035,7.87522888183594,-12.0468673706055,-6.38593149185181,215.969816574616,-153.598742055351,16.189064634926,-6.44554615020752,-11.7797508239746,-12.0641841888428,-75.3580849995868,-52.0238092097488,-64.7955048066747
13.04,6.91468667984009,-11.6782312393188,-5.89724111557007,210.034409506632,-101.085980093488,25.6162197934245,-3.43993806838989,-10.9813137054443,-11.298656463623,-72.9717876583136,-111.241105351463,-45.1085807694748
13.045,5.74974775314331,-11.5678758621216,-5.28312921524048,206.53385559473,-45.2353080993352,35.014951119692,-0.273174285888672,-9.98735237121582,-10.4543724060059,-74.3011746972299,-144.60925688113,-26.3889225093226
13.05,4.40160846710205,-11.6642045974731,-4.59322214126587,205.786824144828,10.9497972773384,43.8649194348313,2.49983143806458,-8.78145790100098,-10.1052484512329,-79.883638570043,-148.893137868184,-10.1087943772875
13.055,2.83406472206116,-11.8020839691162,-3.75033330917358,206.223191270521,60.3466337700303,50.8381361811587,3.56033515930176,-7.37550449371338,-10.9844789505005,-89.4915837132299,-135.961226523897,-0.0025145372278645
13.06,1.22503066062927,-11.7906723022461,-3.10549592971802,204.743567390621,93.2948652695248,54.9718998555393,4.61437320709229,-6.12602567672729,-11.5221862792969,-94.602914797474,-148.50771029332,5.85573163065573
13.065,-0.320619195699692,-11.7473211288452,-2.66656827926636,200.811823636417,118.570075915805,57.2523702458123,6.0728497505188,-5.33682489395142,-11.3301906585693,-93.1308997483095,-164.244220254219,10.2005460159555
13.07,-1.74952745437622,-11.7299032211304,-2.4134886264801,194.121407457579,138.841435334621,57.9274763886601,7.9805121421814,-5.14108324050903,-10.2454671859741,-84.4907924105134,-172.209436600126,14.1963168172134
13.075,-2.93908619880676,-11.8866691589355,-2.1126708984375,184.307436488268,153.247533728229,56.7320635103137,9.4642448425293,-5.65371656417847,-8.21376037597656,-71.3888708275956,-145.208537678907,20.016345768417
13.08,-3.89109873771667,-12.061484336853,-1.50212335586548,173.476327408137,154.00239257492,54.3451104708801,9.92596340179443,-6.68758869171143,-5.856360912323,-59.1735624404589,-97.6032051639963,26.6591265004356
13.085,-4.617356300354,-12.2045831680298,-0.597910642623901,161.900372538638,142.832820300658,51.7354591135583,9.81167888641357,-7.96392059326172,-3.85537791252136,-45.2144247959479,-38.8459051874092,31.6220034230694
13.09,-5.10386419296265,-12.2875299453735,0.59788453578949,149.768891063185,119.914899182246,49.4540051760448,9.34251499176025,-9.30206108093262,-2.62718296051025,-28.1006191417466,25.7519032088341,33.4677391028603
13.095,-5.21244525909424,-12.3029890060425,1.9067223072052,138.647348679166,83.9383803708211,48.4354019896479,8.83759689331055,-9.85623168945313,-2.83002328872681,-9.17016160701399,79.2309320325783,31.7811263401632
13.1,-5.04089069366455,-12.2551221847534,2.81534385681152,130.694754522845,45.6773169612834,47.8315927764513,7.66364049911499,-9.81298828125,-3.53768157958984,6.89849234237335,119.535345570068,33.9984413862757
13.105,-4.58329296112061,-12.0784435272217,3.18045568466187,125.653719745539,9.58352550935681,46.9910765273787,6.02232551574707,-9.28625011444092,-4.46274375915527,20.7817316441667,147.107576154981,40.137671544377
13.11,-3.81743884086609,-11.712947845459,2.85473155975342,123.497620269863,-20.6670271547928,45.3808218645077,4.04555702209473,-8.33708572387695,-5.38976192474365,32.8841028533773,161.520258850948,50.4532618516177
13.115,-2.97917151451111,-11.2637405395508,2.06995439529419,122.320013694682,-36.0915323668586,42.0831689671851,2.78834176063538,-7.09921598434448,-6.19586038589478,45.1260865443175,152.091373947042,62.27335500281
13.12,-1.96023881435394,-10.7376394271851,1.00262200832367,120.522867980647,-44.059914505446,38.337626415039,2.2034604549408,-5.95678234100342,-6.47650957107544,57.377359292529,136.600177060373,73.5655291726736
13.125,-0.804546058177948,-10.1610412597656,-0.257409006357193,118.37607122262,-46.2538566442188,34.3889028105578,2.17209815979004,-4.92772531509399,-6.27798223495483,68.3968586503474,119.917863484346,83.4443664485324
13.13,0.443263828754425,-9.56322574615479,-1.61206531524658,116.191804046807,-44.3420354691134,30.5288316464089,2.58755373954773,-4.04330730438232,-5.62155437469482,76.530548442322,108.073051878547,90.6886836483014
13.135,1.22126591205597,-9.03430080413818,-2.42549443244934,115.053211512166,-40.0353758011778,26.4038567179429,2.99270510673523,-3.25803518295288,-5.30476522445679,84.8094343956728,100.654120892647,97.3391568808728
13.14,1.47594904899597,-8.49949741363525,-2.87446236610413,114.321684591679,-34.8122857466394,22.3419602940092,3.12238645553589,-2.61457943916321,-5.29918432235718,93.8472090073254,94.6376736301602,104.15721563492
13.145,1.22075152397156,-7.97808218002319,-3.0291805267334,113.639212089811,-28.834234392572,18.752313394574,2.90399599075317,-2.20000696182251,-5.51975250244141,102.975579248129,89.2690698104493,111.11555281414
13.15,0.433096796274185,-7.5158429145813,-2.97310161590576,112.399826453588,-22.1720781214254,16.4253618594517,2.19124555587769,-2.19888591766357,-5.8321008682251,110.873231362766,83.5049229057138,118.097071655404
13.155,-0.521480739116669,-7.14328670501709,-2.80829048156738,110.212082711487,-15.5454644471721,16.2121216460166,1.10109674930573,-2.73250389099121,-5.81383752822876,119.428835600151,75.9163914925328,126.592119435607
13.16,-1.31215631961823,-6.81665372848511,-2.57456755638123,107.95395386999,-10.0624634966,16.7791093093977,0.0729395970702171,-3.50554585456848,-5.63121318817139,128.289776614192,65.4713793458042,135.32697515757
13.165,-1.84613740444183,-6.53421926498413,-2.27226114273071,105.453004973309,-5.50296004398739,17.916412645833,-0.736725568771362,-4.44345569610596,-5.34506177902222,137.277581561877,51.4508041497089,143.8305196931
13.17,-1.95044589042664,-6.31089735031128,-1.8816123008728,101.866315545784,-0.907646336443246,19.5501051028409,-1.01254022121429,-5.45171928405762,-5.06248760223389,146.012737812163,31.8130608896276,151.174257126428
13.175,-1.80116724967957,-6.21330690383911,-1.46797299385071,97.0080156495322,3.85730066866686,20.8596863007114,-0.930792152881622,-6.17640924453735,-4.88476419448853,155.348117426331,11.6699852300293,156.961831580017
13.18,-1.5787707567215,-6.19399261474609,-1.06475830078125,91.7190518355437,7.95139887321619,21.613062996353,-0.596224963665009,-6.80263996124268,-4.80971193313599,164.873622186236,-7.86547338591014,161.468376734013
13.185,-1.3318384885788,-6.242506980896,-0.690675437450409,86.2520864615954,11.178060491853,21.8599948254164,0.0073119532316923,-7.38223743438721,-4.82024335861206,174.374251397184,-26.1162118387842,164.602204128998
13.19,-1.10661840438843,-6.35755014419556,-0.399609953165054,80.9451865708464,13.4603485662189,22.0647707269226,1.05993163585663,-7.97194337844849,-4.83880043029785,183.256734827867,-41.0353428164243,165.660378016351
13.195,-0.912700533866882,-6.48412609100342,-0.202834859490395,75.9754384779076,15.4596892240278,22.8043299498732,2.2947039604187,-8.37220764160156,-5.02214097976685,191.662402752591,-51.0745426887112,165.046917745858
13.2,-0.742090702056885,-6.5652232170105,-0.0604893378913403,71.1570610373546,17.3801522959805,23.9112987086572,3.55181217193604,-8.58912563323975,-5.33573055267334,199.809302130421,-56.9026543150239,163.764918559403
13.205,-0.594506323337555,-6.58216285705566,0.0364100970327854,66.4527340955624,19.2387253163164,25.3188214041311,4.76092529296875,-8.60062313079834,-5.72678565979004,207.551171290469,-58.5406771119655,162.263164866592
13.21,-0.483843386173248,-6.55366945266724,0.0637216344475746,62.0369963065817,20.6298453124986,26.8604890149041,5.79330539703369,-8.25917911529541,-5.83544158935547,213.183399921574,-55.3700418275431,161.540503531648
13.215,-0.405101865530014,-6.53324508666992,0.0674455836415291,57.9746934863924,21.2960705018781,28.124398445342,6.59416675567627,-7.78685569763184,-5.646164894104,218.843741611304,-47.4843083930074,162.198728861962
13.22,-0.325086236000061,-6.51068782806396,0.0438730791211128,54.1392110032555,21.1744863044627,28.9861958563211,7.165771484375,-7.37309169769287,-5.40111970901489,224.759204526912,-36.1816498827678,163.91586574006
13.225,-0.224248915910721,-6.48033380508423,-0.0110023571178317,50.4778505326297,20.1226149741659,29.3494560522336,7.49207258224487,-7.13938999176025,-5.22913885116577,230.987763314073,-21.9805732774765,166.524574531276
13.23,-0.0673646330833435,-6.43930912017822,-0.106766805052757,47.0181513972486,16.9613046055078,29.0619597296894,7.49198341369629,-7.4145622253418,-5.20443201065063,236.160811987658,-5.29829726748937,169.013290559154
13.235,0.083073578774929,-6.39861440658569,-0.236291721463203,43.9272107600619,11.2223534148469,28.0768654513606,7.31255054473877,-7.96279287338257,-5.29456758499146,240.871265609135,12.4025170420976,170.372402581338
13.24,0.207577928900719,-6.333984375,-0.412188053131104,41.068131139535,2.98179826967476,26.495579328307,6.96977567672729,-8.62218856811523,-5.41462755203247,245.044156022176,29.0958374679727,170.755193703182
13.245,0.289049923419952,-6.22464036941528,-0.64733213186264,38.3461504911231,-7.85299975293841,24.3623097599315,6.46639347076416,-9.2707052230835,-5.49885559082031,248.586865861635,43.1074241351202,170.223859627269
13.25,0.327121794223785,-6.03938436508179,-0.970197796821594,35.3923805430378,-21.5783741731058,21.7578476388316,5.67845869064331,-9.60961627960205,-5.16128396987915,251.394701987914,49.0602516005828,168.936765119693
13.255,0.348136693239212,-5.89537191390991,-1.32519102096558,32.2458455811017,-36.185597732108,19.2423077505361,4.96750783920288,-9.76476573944092,-4.84641885757446,254.421568620497,50.7696327988781,167.059651550855
13.26,0.375243276357651,-5.81070327758789,-1.6934826374054,29.1923002296208,-49.9301376630864,17.1042758327618,4.32808828353882,-9.78534698486328,-4.63728761672974,257.497448690564,49.1239601900661,164.585702391963
13.265,0.437994301319122,-5.8126859664917,-2.05243849754333,26.5979058073575,-60.5537934075567,15.7353727344024,3.75885152816772,-9.72281837463379,-4.64633798599243,260.412436824542,44.9813411754266,161.460399073062
13.27,0.652014672756195,-5.83896541595459,-2.31942987442017,23.5838440719211,-70.0930063571258,14.6644707895307,3.32808303833008,-9.67362403869629,-4.78840160369873,262.480672746735,38.8005219954691,158.826541525322
13.275,0.922621846199036,-5.84311437606812,-2.47809648513794,19.9891650306149,-79.3796798923228,13.2569609006615,3.10578846931458,-9.68095016479492,-4.85021209716797,263.985855194509,33.2124607826311,157.49291976912
13.28,1.22074103355408,-5.83596515655518,-2.52765989303589,15.9209182383004,-87.5089164009586,11.5445453908274,3.01364135742188,-9.75096893310547,-4.80317783355713,264.836432312229,28.7494888204451,157.684451933826
13.285,1.50414597988129,-5.84173917770386,-2.45688271522522,11.5490336788857,-92.5568018580024,9.62199911117784,2.90956449508667,-9.89742374420166,-4.60411643981934,264.760098118065,26.2617204813149,159.902706130949
13.29,1.69916391372681,-5.82223653793335,-2.23726797103882,6.78148778679644,-94.2671973393895,7.19841491345189,2.48207974433899,-10.0667915344238,-4.43126249313354,264.033038141295,25.1711236859714,162.730431768091
13.295,1.8134788274765,-5.77376890182495,-1.90682590007782,1.65873406493922,-93.5261696257673,4.59139702094196,1.79529798030853,-10.220890045166,-4.27332639694214,262.737132689691,23.8092334843424,166.285859419784
13.3,1.83986973762512,-5.71422433853149,-1.47726368904114,-3.74045704942228,-90.5331192597652,1.91749450098469,0.911814272403717,-10.3597459793091,-4.07277250289917,260.655045143861,21.1415186888863,170.597402672977
13.305,1.74654304981232,-5.6959753036499,-0.959805309772491,-9.22677875259152,-85.34123292445,-0.60581985013356,-0.0274710655212402,-10.4959373474121,-3.66245317459106,257.053213186946,14.6464407976692,175.773538592066
13.31,1.55881237983704,-5.73141193389893,-0.397817641496658,-14.5581144988699,-78.0116066619476,-3.11755361551405,-0.753761231899261,-10.7014274597168,-3.16360473632813,251.831178396634,3.53484573040327,179.502002256192
13.315,1.38150823116302,-5.78401613235474,0.0993937775492668,-19.7116612748265,-68.4426687291106,-5.58589817730521,-1.28741145133972,-10.9619035720825,-2.61032152175903,245.896809517404,-9.4379716168229,180.986735117591
13.32,1.22516012191772,-5.84973430633545,0.536230206489563,-24.6402472327322,-56.4804564167633,-7.95511193480374,-1.63086879253387,-11.2580547332764,-2.02264332771301,239.54820332539,-23.5324878795518,179.705514572702
13.325,1.03407680988312,-5.94617557525635,1.0425363779068,-29.1465243018034,-41.5081046051105,-9.99687319000035,-1.77519714832306,-11.5140819549561,-1.45999479293823,233.268527402481,-38.0528929040141,174.017387673429
13.33,0.76093590259552,-6.06156301498413,1.69368135929108,-33.1326158712336,-25.5311890608997,-11.3595915520663,-1.8001457452774,-11.6306419372559,-1.20348465442657,226.669021041496,-54.8744193957049,165.200419417264
13.335,0.457164078950882,-6.21192455291748,2.39115166664124,-36.6661664270155,-9.49069213947893,-12.2373605066458,-1.73056471347809,-11.6427755355835,-1.16563475131989,219.390184065662,-72.3334450086734,154.94826449194
13.34,0.141120985150337,-6.41707849502563,3.10229873657227,-39.712242966639,6.17810033778106,-12.7199304469801,-1.57555437088013,-11.5554838180542,-1.32625496387482,211.31078061721,-89.6558565929579,143.967929438823
13.345,-0.174082830548286,-6.78274583816528,3.82526016235352,-41.9185409176203,20.5647297040463,-13.1127918289818,-1.36320996284485,-11.3385181427002,-1.70972514152527,202.619296596477,-105.064278417076,133.616408921453
13.35,-0.515585005283356,-7.30881834030151,4.65336751937866,-43.1629501579779,33.1202054175117,-13.1854471125042,-1.12456691265106,-11.040548324585,-2.1431303024292,193.885028270784,-120.080217080917,124.162908015779
13.355,-0.910476088523865,-7.98651933670044,5.6342511177063,-42.8415760971504,44.0553348636075,-12.9308219291143,-0.788369119167328,-10.7227745056152,-2.55260109901428,185.644705565487,-134.615296766811,115.145063896124
13.36,-1.38047528266907,-8.82009601593018,6.80383205413818,-40.5602485181366,53.2967447351749,-12.343631419942,-0.295340061187744,-10.4118719100952,-2.91124582290649,178.221451069842,-148.725238158007,106.318266997744
13.365,-2.00578141212463,-9.8177604675293,8.20342350006104,-36.5268544736094,59.1413034570089,-11.7232299697041,0.64701634645462,-10.0263481140137,-3.46071362495422,171.839445252787,-164.733207157279,97.2357204960821
13.37,-2.75101161003113,-10.8220415115356,9.67334175109863,-29.9043303751217,63.9178528190848,-10.7103889016457,1.9592627286911,-9.38797378540039,-3.38634252548218,165.051234425413,-176.223689039505,90.2483686732673
13.375,-3.58771467208862,-11.7924346923828,11.1535396575928,-20.9130625215277,67.2261095850938,-9.12522750001177,3.4346752166748,-8.56881999969482,-2.6714940071106,156.307144287693,-180.621524902671,84.1241478558671
13.38,-4.49884557723999,-12.6946239471436,12.5968580245972,-9.58343757067125,68.6576079521018,-6.7895333227519,4.91870784759521,-7.61518383026123,-1.263711810112,144.253991421641,-175.44284815321,77.9352724677835
13.385,-5.3580060005188,-13.3786706924438,13.6609964370728,1.73280778665313,63.4272130102461,-3.58628730013722,6.1343674659729,-6.36557292938232,-0.714873731136322,128.876353260113,-164.430848343101,67.1474053152878
13.39,-6.07990026473999,-13.7498369216919,14.2281284332275,10.9247313368581,55.0435724455948,-0.0052834831608087,7.2094874382019,-4.99815082550049,-0.536446154117584,111.690354213932,-146.27264017046,54.8513948280127
13.395,-6.60926961898804,-13.7122383117676,14.2327938079834,17.0931784829078,44.8768187905579,4.04140500264997,8.00116062164307,-3.68553948402405,-0.586224734783173,92.378691015016,-118.748767324871,42.2535446209365
13.4,-6.86187934875488,-13.113959312439,13.5494804382324,18.8758732242068,34.5112519891603,8.70007298361422,8.30803298950195,-2.64883947372437,-0.703096926212311,70.3791912833493,-78.3502815919427,30.8462271220448
13.405,-6.56504774093628,-11.9203224182129,12.1659145355225,13.5507802708298,24.5380880933163,14.3342635865592,7.60992908477783,-2.20809030532837,-1.08947360515594,46.7877998523953,-35.164016583233,23.3609749993036
13.41,-5.96219730377197,-10.7218837738037,10.6377067565918,4.24133061607177,13.2520107210605,19.7763090153206,6.63227844238281,-2.05766081809998,-1.45198619365692,23.5293289170607,4.31966392122853,17.842501461277
13.415,-5.19537401199341,-9.68405342102051,9.17063903808594,-8.05365705037504,0.25220758990835,24.6947026234374,5.31803894042969,-2.19143509864807,-1.80415451526642,1.09467858042447,38.6880458553119,13.5031303098589
13.42,-4.4908332824707,-9.07497978210449,8.10256385803223,-22.0847353698665,-15.2216434710745,28.5291213046111,3.44733905792236,-2.65991473197937,-2.20138716697693,-19.7019197175227,65.409142662087,9.18035651812388
13.425,-3.70137691497803,-8.67911434173584,7.12323808670044,-35.6944934704058,-30.8274372716381,30.6488892965448,1.09159088134766,-3.47257375717163,-2.82857894897461,-38.0276280342742,76.4939932698841,3.15684790725254
13.43,-2.85822582244873,-8.4080114364624,6.12395906448364,-47.3328147972165,-43.8784124735367,31.4766399220586,-1.16277050971985,-4.41554737091064,-3.39190864562988,-54.4252183445606,76.6606635460108,-4.18621098946977
13.435,-2.03487968444824,-8.27423286437988,5.13397789001465,-56.2527413249297,-53.6513613266928,31.0418471549685,-3.19239330291748,-5.44130325317383,-3.79625821113586,-68.7982483773015,66.6583091292015,-12.6634934476419
13.44,-1.43560302257538,-8.35896015167236,4.27876091003418,-60.5978617880817,-58.7213902570257,29.1618136802604,-4.83125352859497,-6.49686145782471,-3.85731410980225,-80.4847430283283,46.0261688731418,-21.9775918999038
13.445,-1.02159905433655,-8.45526599884033,3.53800892829895,-59.7771325970346,-60.6511782447428,26.0067922082806,-5.75034856796265,-7.42349290847778,-3.87191319465637,-88.0795582155457,24.6066768529616,-28.9780337802629
13.45,-0.627436459064484,-8.53080940246582,2.80659151077271,-55.6347799597728,-60.4625352500562,22.2882015825993,-5.96829414367676,-8.16135120391846,-3.99822068214417,-94.4217235391719,-0.378428872120378,-35.1189953913188
13.455,-0.184235289692879,-8.57104969024658,2.05455803871155,-48.8514185667096,-58.3371101539425,18.4615402887755,-5.51621198654175,-8.73250389099121,-4.08605527877808,-100.386616533803,-28.2274096508568,-40.5432994037112
13.46,0.464012026786804,-8.54047107696533,1.24727070331573,-40.7589762871327,-54.1008594910659,15.9410331454061,-4.52071762084961,-9.29978466033936,-3.27640914916992,-107.220336911617,-52.8872168378247,-44.4632849872595
13.465,1.23679625988007,-8.41404628753662,0.603023290634155,-34.5431079914492,-50.0915930897818,14.9564767444744,-3.34064674377441,-10.2614326477051,-2.02761197090149,-110.880710419908,-71.2767737629374,-44.8787653944714
13.47,2.04493975639343,-8.25167179107666,0.0821495577692986,-28.4586849787953,-45.2219106832782,14.7808999016701,-1.95258772373199,-11.5462636947632,-0.483523935079575,-109.684232032051,-86.8296062766767,-42.2476672431557
13.475,2.84635233879089,-8.08084583282471,-0.309059470891953,-21.9907929480222,-39.040323107039,15.1862101572078,-0.416399329900742,-13.1181802749634,1.36315417289734,-102.677543943696,-98.8202560816333,-36.6222175748011
13.48,3.54071545600891,-7.96582412719727,-0.442037552595139,-15.786327653158,-31.140372633746,16.1446188864494,0.672664761543274,-14.8033752441406,3.8926088809967,-88.0777072342806,-92.7119905861343,-27.9225253742331
13.485,4.03682994842529,-8.06504917144775,-0.289374768733978,-12.0352756996726,-23.0856364134821,17.4947765306317,0.789176225662231,-16.1108360290527,5.58869171142578,-71.4378501141338,-79.2577336948814,-18.7872788404826
13.49,4.41902208328247,-8.37631607055664,-0.0854688882827759,-9.34366207231066,-13.7481351718028,19.069744728703,0.385460466146469,-16.9060573577881,6.39093685150146,-54.9774288936724,-69.0189659403305,-9.64111083424919
13.495,4.7245569229126,-8.901780128479,0.0272829607129097,-7.01137060991792,-2.316458230123,20.7464707925765,-0.309668958187103,-17.064094543457,6.22320413589478,-40.2695659123446,-68.1726098795175,-0.721088577165928
13.5,4.93703460693359,-9.48915672302246,-0.338730841875076,-4.61964753712278,13.8161826389563,21.6712049816627,-0.954430222511292,-16.1260280609131,5.18324661254883,-34.3664075825264,-84.3538061365196,7.72873726759472
13.505,4.869797706604,-9.96102523803711,-0.805724143981934,-4.96790095365516,29.4587322487646,21.9197145844244,-0.939831972122192,-14.7690019607544,4.08057403564453,-35.0220818371855,-108.286959742974,12.8226650298335
13.51,4.48919343948364,-10.3369770050049,-1.21360123157501,-8.94269154821682,41.6731253905526,21.719660051182,-0.0936525762081146,-13.3003940582275,3.36664819717407,-38.703499158309,-132.692024779562,13.8948749559313
13.515,3.7492504119873,-10.6267347335815,-1.43131971359253,-17.4716819535006,47.9110039708364,21.2247786948688,1.77209532260895,-11.9580192565918,3.42459774017334,-42.783867828853,-151.803563435796,10.1691980089861
13.52,2.97281575202942,-10.8214979171753,-1.42082965373993,-31.3022515321699,41.9526611276191,19.5202059497491,4.71321725845337,-10.9877414703369,3.57105588912964,-46.7428059812379,-152.203525653214,0.809969081783363
13.525,1.97445333003998,-11.1170997619629,-1.44151508808136,-44.7600020651832,31.6241890836038,16.3669620345008,7.68909788131714,-10.3341026306152,3.00997543334961,-50.5702117656812,-145.347518368139,-8.13813709889799
13.53,0.717794895172119,-11.5797424316406,-1.45201933383942,-55.776164875592,19.8873730138669,12.0789897641343,10.1746530532837,-10.0145893096924,1.92513728141785,-54.4934997456932,-128.014861500099,-16.4896254018051
13.535,-0.862721979618073,-12.3054523468018,-1.39959764480591,-61.5636983480457,10.3550858761163,6.9634461607197,11.4724454879761,-10.0768728256226,0.507156550884247,-58.8057772442212,-95.3531700966648,-23.9655457785927
13.54,-2.28283977508545,-13.5088739395142,-0.849545419216156,-59.4599795931142,8.05538081936682,0.948827681383369,10.4797344207764,-10.6170282363892,-0.717019617557526,-63.9408705565877,-45.6416326379647,-26.151435124334
13.545,-3.24413633346558,-15.1806173324585,0.335389941930771,-53.9940968041494,5.96848780856889,-6.84614577257437,8.42405605316162,-11.289134979248,-1.8751802444458,-68.7057266348045,-0.811752828373794,-24.3648488827554
13.55,-3.7117166519165,-17.1922550201416,2.1298828125,-44.9796165526612,0.0847877872316764,-16.4150841322981,5.60279989242554,-11.9252452850342,-3.07079577445984,-73.3857722540972,35.7931214020208,-20.0496805066612
13.555,-3.59890699386597,-19.3372116088867,4.53566408157349,-31.2130151106636,-16.8536300883372,-27.8398493494247,2.36964058876038,-12.239767074585,-4.49040699005127,-78.6384950843497,59.2810218066707,-15.536870361649
13.56,-3.05542254447937,-20.3874893188477,6.60577630996704,-16.9763002858306,-37.6961896897047,-35.8902227863562,-0.912540435791016,-12.2122526168823,-5.4475154876709,-85.9147024373535,73.7459417894104,-12.0721194476029
13.565,-2.31810259819031,-20.2466526031494,7.62097024917603,-0.107890361820609,-59.0563427339232,-41.686799429271,-3.94782853126526,-12.1762170791626,-5.52559041976929,-92.5221659687213,76.4060614145094,-9.35775787521027
13.57,-1.49493229389191,-18.9529781341553,7.40561008453369,18.7463352715029,-78.0648821374737,-45.2912780844889,-6.5017557144165,-12.1723651885986,-4.83718299865723,-97.1552267167135,64.4118189300493,-7.55161680203795
13.575,-0.806122779846191,-16.5480709075928,5.59842824935913,37.1019632319136,-87.3926734114742,-46.2763621175339,-7.95607757568359,-12.2007579803467,-3.79150199890137,-96.8151379375602,29.1529549249069,-7.30364934554157
13.58,-0.666457414627075,-13.6922674179077,2.83134460449219,44.7905466711515,-78.7000897302849,-43.031585129671,-8.36706924438477,-12.1393718719482,-3.04854464530945,-93.3791907850178,-20.6895633639593,-9.34566417151111
13.585,-0.981488287448883,-10.7293214797974,-0.315329194068909,44.7866022369058,-60.6681922459653,-36.7251792614444,-7.99046564102173,-12.0181064605713,-2.74225258827209,-89.870754834814,-71.9633443783071,-12.7905443577143
13.59,-1.67943811416626,-7.75809288024902,-3.70034337043762,37.7070462753905,-34.7494138553294,-27.5002967401213,-6.86829137802124,-11.8251266479492,-2.88418745994568,-87.2046383036237,-119.524062097559,-17.334953519148
13.595,-2.51979398727417,-4.89618015289307,-7.24484443664551,23.4563039495495,0.959269012911908,-14.8567593976868,-4.94093418121338,-11.4752988815308,-3.3943612575531,-86.6265720734089,-152.517222581414,-22.4504390659546
13.6,-3.139972448349,-2.5744092464447,-10.3043527603149,2.06638131239015,41.8438903650867,-1.71254581703687,-2.99994230270386,-10.9093322753906,-3.748126745224,-86.6791986809638,-168.044373583874,-26.9756135609119
13.605,-3.57782554626465,-0.903450548648834,-12.389666557312,-24.5675074256189,76.9407900944405,10.5558191594074,-1.2554395198822,-10.2767114639282,-3.99171209335327,-86.7171335516141,-172.665119500793,-30.3010141017377
13.61,-3.85542893409729,0.0133656105026603,-13.199836730957,-55.3415667688933,99.7325098075586,21.3354311745176,0.195012256503105,-9.66315078735352,-4.13869380950928,-86.5065178383676,-167.898726630013,-32.0531010578185
13.615,-4.09087324142456,-0.183555170893669,-11.9160947799683,-85.3262611497893,89.6764018019813,29.727472871848,1.1978805065155,-9.359938621521,-4.19810104370117,-85.9548912704298,-150.587052103104,-31.219537941321
13.62,-4.37791538238525,-0.81245094537735,-10.1075229644775,-102.76984028995,57.5310522092326,35.5381675157771,1.82210063934326,-9.32430934906006,-4.22475147247314,-85.4324501008155,-124.427099732875,-28.0901057730667
13.625,-4.79133129119873,-1.89206540584564,-7.76517200469971,-105.409988441916,19.1777966138253,38.0281266380836,2.15180373191833,-9.39286422729492,-4.16133785247803,-85.0187592031662,-94.1052125730335,-23.6418443308056
13.63,-5.37620687484741,-3.46779298782349,-4.88096284866333,-91.3019663338768,-16.2076239664482,36.4733843376919,2.2236487865448,-9.47691917419434,-3.96944069862366,-84.6905412927904,-62.1362935967353,-18.4736519217212
13.635,-6.10735559463501,-5.72794628143311,-1.92826473712921,-61.7355459075632,-28.1265960587074,28.1874974404419,2.19277429580688,-9.42825603485107,-3.59196758270264,-83.163809598185,-33.4298281378721,-15.4025990878503
13.64,-6.53959512710571,-8.00529670715332,-0.260819882154465,-34.750923327136,-27.2397591742311,16.5177435830707,2.1638822555542,-9.39730358123779,-3.26222825050354,-80.4175066461387,-9.1010776586539,-15.0188278338602
13.645,-6.67559432983398,-10.2066507339478,0.348615884780884,-13.1745247862477,-19.3528407018744,2.91260888026935,2.07569885253906,-9.40947151184082,-3.00083374977112,-77.4756690385334,12.0323959211638,-16.1305811401577
13.65,-6.49933815002441,-12.2531824111938,0.0161342024803162,0.412941711274747,-8.65815184380962,-11.5935263849129,1.87582468986511,-9.48762702941895,-2.82837295532227,-75.141390417979,30.7160915277885,-17.8808871244125
13.655,-6.2733359336853,-13.6557636260986,-0.631774187088013,4.04244020319605,-0.271032605117111,-23.3999770870117,1.09550976753235,-9.65457439422607,-2.57050585746765,-75.1402497763876,44.7134304203274,-17.4936375965876
13.66,-6.08007621765137,-14.2794208526611,-1.14201605319977,4.59240105874996,4.66454407808457,-31.3335098929064,0.116198927164078,-9.83280944824219,-2.39710092544556,-75.246288463252,54.8936395480293,-16.4504149933273
13.665,-5.83225440979004,-14.1573133468628,-1.51916790008545,2.74787709720651,6.02941394973905,-35.9077183159152,-0.89153778553009,-10.0349445343018,-2.33806991577148,-75.0018155022898,61.7269740201548,-15.6731770318203
13.67,-5.41597986221313,-13.2737340927124,-1.75874221324921,-0.814616812070145,3.3991885685333,-37.5094830536478,-1.71558082103729,-10.278660774231,-2.43979215621948,-73.8048111898667,65.5468324455653,-16.340734108088
13.675,-4.67837142944336,-12.0297384262085,-1.91593337059021,-6.03094220456584,-4.01227723404763,-35.6896576964734,-2.114253282547,-10.6695976257324,-2.5035662651062,-71.8833218819912,63.7277413337266,-19.3597169948213
13.68,-3.837975025177,-10.837718963623,-1.97412049770355,-11.7622303498649,-13.8725692656494,-31.3645189517383,-2.41432166099548,-11.0318927764893,-2.45499110221863,-70.1282706238106,58.5585243962668,-22.1177542118617
13.685,-2.96238255500793,-9.776047706604,-1.90589737892151,-17.4695492269322,-25.4254509023588,-25.070006150404,-2.7407500743866,-11.2812585830688,-2.36235356330872,-68.6809603688741,51.5003708325157,-24.0698735030701
13.69,-2.1529541015625,-8.96352863311768,-1.64777910709381,-22.2491226552631,-37.6617348004366,-17.5178557398371,-3.29869103431702,-11.2646131515503,-2.35823249816895,-67.7477721131427,44.8821053569755,-24.373661534332
13.695,-1.4234344959259,-8.44962596893311,-1.25255358219147,-25.2395092474889,-47.444119559931,-9.93161158625452,-3.97618842124939,-10.9308700561523,-2.36632442474365,-66.0121664035291,34.5100669513393,-22.746027455118
13.7,-0.703740239143372,-8.11029815673828,-0.854581117630005,-27.9997628609149,-54.1753597794378,-2.57156515529274,-4.39958572387695,-10.4780082702637,-2.28012180328369,-63.8407741343012,19.0509378028234,-20.6324646900453
13.705,0.0129032926633954,-7.92839670181274,-0.492875337600708,-31.0480353063566,-57.3873723498522,4.38878543562906,-4.46796035766602,-9.96638298034668,-2.14993929862976,-61.5627831026969,-0.877833788015757,-18.6152178375535
13.71,0.720441818237305,-7.91344594955444,-0.235369578003883,-35.3509247098704,-55.6157373923668,10.5030337499543,-3.99131989479065,-9.49424076080322,-2.15687680244446,-59.9927889898886,-23.4015224173114,-17.8712155765478
13.715,1.25413298606873,-7.98588705062866,-0.0948089733719826,-40.5245368740612,-47.3540464402515,15.090432122024,-3.16173434257507,-9.28337001800537,-2.31585121154785,-58.8309738120694,-44.0470088630093,-17.9781746314029
13.72,1.75303959846497,-8.13406372070313,-0.0111601576209068,-45.3599624667825,-34.0948085252754,18.2138007898427,-2.16032910346985,-9.25520801544189,-2.47927069664001,-57.7469954700317,-62.5807954777306,-17.8697470858762
13.725,2.24725246429443,-8.3540735244751,0.0227879751473665,-49.4054561914244,-16.2749269429822,19.7772840248247,-1.08673715591431,-9.36901569366455,-2.59603309631348,-56.7129594712051,-78.3601238945367,-17.2201534071257
13.73,2.73813319206238,-8.63936710357666,-0.0193461831659079,-51.7617758324304,5.55920110227374,19.270736705409,-0.224787101149559,-9.51324558258057,-2.57525444030762,-55.9290210941223,-88.6190133863825,-15.5754575153649
13.735,3.05731153488159,-8.87859344482422,-0.152054607868195,-52.2632585665765,27.6197277204008,17.1818838572061,0.731861591339111,-9.68623542785645,-2.56195640563965,-54.8131765045119,-91.2642158783342,-13.9106322023465
13.74,3.21880888938904,-9.0697193145752,-0.340387582778931,-51.3375220472296,48.4890736161459,14.0539090805659,1.83003389835358,-9.86607456207275,-2.56528329849243,-53.6885175557776,-87.1192677691877,-12.6577082774149
13.745,3.21378636360168,-9.20859146118164,-0.568747460842133,-49.1121166420453,67.426746391963,10.078018398661,3.05477976799011,-10.0416975021362,-2.57248258590698,-52.6501921981523,-76.0320470857486,-12.0202142787791
13.75,2.97239089012146,-9.2796106338501,-0.794558167457581,-45.7883041202015,82.7049711501219,5.54985526905505,4.12234973907471,-10.1831159591675,-2.45223259925842,-51.5730611207575,-56.2184810960529,-12.3353310325531
13.755,2.58265542984009,-9.31646251678467,-0.99029016494751,-42.117996101763,95.0032595054851,1.13465887928773,4.8128457069397,-10.2696886062622,-2.32457137107849,-50.224156816288,-31.9027754243757,-12.6650823203976
13.76,2.08505010604858,-9.35083961486816,-1.15380597114563,-38.7820224281021,104.264012472782,-2.66243633988812,5.07466506958008,-10.2699146270752,-2.20389246940613,-48.9532805928966,-8.2531591920683,-12.794515258943
13.765,1.49629521369934,-9.39984798431396,-1.2820907831192,-36.1196351801986,110.373555213656,-5.58550971029616,4.85104608535767,-10.164963722229,-2.10485982894897,-47.94882955846,12.1513744014108,-12.5977981268838
13.77,0.840763866901398,-9.47278594970703,-1.37339925765991,-33.435145440141,114.870462970733,-8.44486979546586,4.03917360305786,-10.0014448165894,-2.1476993560791,-47.2006984481009,32.6532800254713,-12.0523298282565
13.775,0.198025718331337,-9.5496072769165,-1.44637405872345,-30.2091343970227,118.955585452939,-11.6933487458589,3.07572460174561,-9.89789390563965,-2.22446942329407,-46.5992934614922,53.5986630021515,-11.6146760656778
13.78,-0.423790782690048,-9.61937236785889,-1.49487638473511,-26.9849111559196,121.894684154687,-14.97807380263,2.02532243728638,-9.82335567474365,-2.23579359054565,-45.8374575765635,72.4411639220737,-11.277144338595
13.785,-1.01693522930145,-9.67294025421143,-1.51252210140228,-24.1950076913066,123.033222047815,-18.0204073985883,0.934078574180603,-9.75496864318848,-2.09857034683228,-44.6608960203263,87.0253253473434,-11.0397431847447
13.79,-1.50750207901001,-9.69685935974121,-1.45741629600525,-22.85381467041,121.400519968237,-20.3818223607152,-0.197363555431366,-9.63765239715576,-2.02415204048157,-42.9052197998366,94.3554911947902,-10.3924154212513
13.795,-1.94285070896149,-9.69335460662842,-1.35348331928253,-22.2714215153559,118.359405561046,-22.2351310127483,-1.19877886772156,-9.55159854888916,-1.98570346832275,-41.754657358675,95.852866736343,-9.66148784986427
13.8,-2.3342273235321,-9.65592956542969,-1.21504330635071,-22.2039563218291,114.210707678045,-23.6209849330804,-2.02918171882629,-9.50695991516113,-1.94754600524902,-41.1137670484744,92.1327632237605,-9.05262685800277
13.805,-2.69237947463989,-9.57381534576416,-1.05743408203125,-22.3846199480178,109.247168227061,-24.5545027454392,-2.62392258644104,-9.51968383789063,-1.864874958992,-40.9018570143802,83.5669546837558,-8.83362623377642
13.81,-3.00801968574524,-9.39494800567627,-0.943098604679108,-22.5894795193413,104.166907673352,-24.9060355065468,-2.90634179115295,-9.56498527526855,-1.81511449813843,-40.4644380395542,70.7325169691141,-9.31435031548754
13.815,-3.25934147834778,-9.21745300292969,-0.888658404350281,-22.7310249446061,99.5181306600794,-24.893397949035,-3.01308703422546,-9.62291431427002,-1.79420697689056,-40.085243012308,56.0192820440041,-10.085575149204
13.82,-3.46926116943359,-9.0444164276123,-0.897117614746094,-22.8367238295593,95.3620698331534,-24.5787669924656,-2.96897339820862,-9.68743801116943,-1.79813361167908,-39.8338544848111,40.7553767774401,-11.0441665860059
13.825,-3.6791365146637,-8.87182235717773,-0.979039788246155,-22.9640641688977,91.8088893136968,-24.0252348017495,-2.7907543182373,-9.74992275238037,-1.82232105731964,-39.8256958238475,27.1477189600706,-12.0575147956102
13.83,-3.90934705734253,-8.69542980194092,-1.11016595363617,-23.5696919199609,88.417399862462,-23.3549490649084,-2.47347402572632,-9.74645614624023,-1.74907350540161,-39.9749388723069,15.8871053868143,-13.0760573640782
13.835,-4.1246542930603,-8.58232688903809,-1.24916565418243,-24.5667117085806,84.9133420635162,-22.6360187207985,-2.05711221694946,-9.68643760681152,-1.63985025882721,-40.6083637857447,6.17031819099547,-14.1620318289008
13.84,-4.31708288192749,-8.5453634262085,-1.3888965845108,-25.8940052945162,81.2494441776138,-21.8788683456405,-1.58332705497742,-9.58915519714355,-1.52365624904633,-41.6184463111521,-1.41757780114923,-15.2522580864818
13.845,-4.47416496276855,-8.60444927215576,-1.52367651462555,-27.4353962826278,77.3733801255233,-21.0855896848677,-1.15354800224304,-9.50391483306885,-1.46188640594482,-42.6078060426176,-4.6889551741782,-16.1406949427712
13.85,-4.53147745132446,-8.71812152862549,-1.65845596790314,-28.9886308187602,73.5651057009451,-20.4270672413246,-0.884256601333618,-9.50330924987793,-1.51255261898041,-43.2650785615425,-4.23638940109409,-16.8763575428004
13.855,-4.50515127182007,-8.84771347045898,-1.79623568058014,-30.3940822593683,69.888647097159,-19.8867446364633,-0.695415794849396,-9.574387550354,-1.60007083415985,-43.8267728283168,-2.10392088584219,-17.4618533112849
13.86,-4.39336919784546,-8.98109340667725,-1.93681204319,-31.5560340409709,66.5080791184071,-19.4696676725329,-0.562785923480988,-9.6994457244873,-1.68733251094818,-44.2382883107155,1.20265074443256,-17.900131182399
13.865,-4.17152070999146,-9.10033130645752,-2.07623505592346,-32.1874884448331,64.1250875886921,-19.2159363901507,-0.453285157680511,-9.80881023406982,-1.67674779891968,-44.0082816904153,5.36696670874421,-18.2023380248681
13.87,-3.89215588569641,-9.19934558868408,-2.12397742271423,-32.6074392108568,61.6664175629735,-18.9753259011641,-0.39104375243187,-9.81210613250732,-1.63227581977844,-43.3230600374067,10.1527483521438,-18.6536735101279
13.875,-3.61202263832092,-9.29312992095947,-2.08620715141296,-32.8204215846507,58.8377971710503,-18.7827111514751,-0.416791617870331,-9.76462841033936,-1.58110201358795,-42.7265420511491,15.6326535194746,-19.1637195939459
13.88,-3.35706281661987,-9.38902950286865,-1.96435785293579,-32.7976770547145,55.5660170303037,-18.6687272470587,-0.547191381454468,-9.69711494445801,-1.54171216487885,-42.4398585211161,21.7130706261803,-19.7265596249536
13.885,-3.17894339561462,-9.50588035583496,-1.77431488037109,-32.348503324327,52.1671236540086,-18.7705465845633,-0.781538665294647,-9.71613216400146,-1.58890926837921,-42.7141213521434,27.2717910538912,-20.5288387675051
13.89,-3.04832029342651,-9.6248607635498,-1.54205048084259,-31.834026155285,48.8236436024498,-18.893317527347,-0.967867910861969,-9.76790046691895,-1.6619930267334,-43.1786937440148,30.9287392223131,-21.8712151186755
13.895,-2.96050763130188,-9.7396764755249,-1.29201900959015,-31.2422858863517,45.8309893874195,-19.017485243816,-1.13482975959778,-9.84812164306641,-1.70228147506714,-43.7710862960137,33.0806347165552,-23.4823628287804
13.9,-2.91757321357727,-9.84654808044434,-1.03928804397583,-30.5578531201923,43.4013579109572,-19.1304360821205,-1.29706358909607,-9.95722007751465,-1.68000066280365,-44.4614476663727,33.8216385245153,-25.2067123866418
13.905,-2.95844626426697,-9.9414119720459,-0.840523421764374,-29.6939673788745,42.1972980131215,-19.1895821052382,-1.46525776386261,-10.1152801513672,-1.64948642253876,-45.1783613971302,32.5828129638043,-26.5527223984506
13.91,-3.04491567611694,-9.99277114868164,-0.704456806182861,-28.820293976476,41.6963002224064,-19.1182527321885,-1.59124600887299,-10.2170667648315,-1.5910530090332,-45.8320514818354,29.8683421083849,-27.6044127287343
13.915,-3.14312529563904,-10.0068130493164,-0.62737900018692,-28.0027647290551,41.7742531714038,-18.8763410921649,-1.65705931186676,-10.2361459732056,-1.54676687717438,-46.5606277606007,25.7842834281418,-28.5103878032651
13.92,-3.22684669494629,-9.98618030548096,-0.609949231147766,-27.2973035179885,42.3678102706562,-18.4214812292934,-1.64471125602722,-10.1464157104492,-1.55097579956055,-47.478608600145,20.3311918759452,-29.3799972431073
13.925,-3.26651096343994,-9.91384315490723,-0.663202881813049,-27.0664004353597,43.3926220990087,-17.6619317501894,-1.48964703083038,-9.98416137695313,-1.54347836971283,-48.3221130569795,16.5189388661755,-30.0740093495777
13.93,-3.25568461418152,-9.82195949554443,-0.705286502838135,-27.3126407077697,44.2243410644303,-16.7225263147661,-1.23571288585663,-9.87268924713135,-1.50588226318359,-49.2470675196664,13.7916272551165,-30.7886964386658
13.935,-3.17563414573669,-9.73186874389648,-0.711218535900116,-28.006266908552,44.7165996281023,-15.6372212084821,-0.893185675144196,-9.81667709350586,-1.47262525558472,-50.2893680473887,11.8956094302032,-31.5906665151574
13.94,-2.99749803543091,-9.67051887512207,-0.646831035614014,-29.1443010752285,44.6593933787089,-14.4374574996343,-0.46816211938858,-9.82626533508301,-1.48730909824371,-51.5031302289404,10.5761492174719,-32.5703205478123
13.945,-2.68396759033203,-9.64661693572998,-0.42043125629425,-30.7301343967221,44.0099277660053,-13.3156458860103,-0.105248220264912,-9.84672737121582,-1.43737018108368,-52.8969464422973,12.5464487647036,-33.3886455122716
13.95,-2.27165293693542,-9.63532543182373,-0.0911130383610725,-32.3968234976102,43.222775784918,-12.2910611614477,0.146526411175728,-9.85220432281494,-1.35740220546722,-54.2541050303789,16.0801862969141,-34.1072394695648
13.955,-1.79002225399017,-9.63805770874023,0.324399709701538,-33.9484239109837,42.4854602791097,-11.4133161125303,0.278780370950699,-9.84898281097412,-1.25350427627563,-55.6011583535834,20.6508310687234,-34.8399002014538
13.96,-1.2837598323822,-9.66158294677734,0.809713065624237,-35.0401545177294,42.1106707238782,-10.7898393696186,0.268213003873825,-9.8507776260376,-1.13107228279114,-57.0101512472761,25.5516164491599,-35.7972331759011
13.965,-0.902470886707306,-9.68646430969238,1.28474724292755,-35.2553771935711,42.2563518286854,-10.6592837187284,0.166584059596062,-9.84215068817139,-0.989564836025238,-58.6831070467278,30.1822951686791,-37.2703752062786
13.97,-0.65359091758728,-9.70113658905029,1.65199947357178,-34.6168637892016,43.2182063883633,-10.9903634783664,-0.0222938247025013,-9.83971977233887,-0.841767728328705,-60.417934114776,34.1679427758133,-39.0786370531882
13.975,-0.552096009254456,-9.71927642822266,1.87165820598602,-33.0049664658353,45.2493509682687,-11.8412163649742,-0.306093394756317,-9.850661277771,-0.678671717643738,-62.2251748484047,37.1504814806828,-41.1649661464928
13.98,-0.652248322963715,-9.78519153594971,1.84994637966156,-29.9748452481129,49.0758039413229,-13.4395958901994,-0.7171511054039,-9.89101982116699,-0.468027859926224,-64.2155397838706,38.1334037588556,-43.4543670091056
13.985,-0.922475874423981,-9.92342758178711,1.60916316509247,-25.2843204110861,54.7736023884609,-15.7528119149008,-1.13206565380096,-9.92739677429199,-0.248783320188522,-66.1406490920062,36.777628284081,-45.6643635075225
13.99,-1.25525963306427,-10.0875988006592,1.26226115226746,-19.475295748409,61.2653898360454,-18.3500511109534,-1.51441776752472,-9.95365428924561,-0.0672742128372192,-68.0573231165169,33.7401509526225,-47.6358634605008
13.995,-1.61189889907837,-10.2580518722534,0.847811937332153,-12.7290965608462,67.9958514139867,-21.0441287290584,-1.83381295204163,-9.96297264099121,0.0647128894925117,-70.0579743168728,29.1005366381217,-49.336761563847
14.0,-1.919309258461,-10.389461517334,0.432862490415573,-5.35002058252658,73.4509595795358,-23.3923426430669,-1.98482942581177,-9.92967796325684,0.13851010799408,-72.5170473237525,22.5731178011845,-50.7763673653997
14.005,-2.13644886016846,-10.444429397583,0.154370114207268,1.71696313516087,75.8385273359947,-25.0404024029939,-1.97969579696655,-9.83875370025635,0.190681681036949,-74.7043744243141,17.4281275447107,-51.9402828263887
14.01,-2.28663945198059,-10.4620580673218,0.0184161104261875,7.979036379919,75.6913572499484,-26.0777373831896,-1.90312039852142,-9.75431537628174,0.198914870619774,-77.0823116140432,13.3707091635516,-53.2147585594726
14.015,-2.37662506103516,-10.4596700668335,0.0254995189607143,13.179126626201,73.1859892208744,-26.5207741886078,-1.78727662563324,-9.71408462524414,0.160198241472244,-79.8718564937248,10.3337543415647,-54.7909988802769
14.02,-2.41296076774597,-10.4776411056519,0.127254471182823,16.8171398026964,68.9032898565471,-26.4076952842564,-1.67446041107178,-9.84187507629395,0.122784920036793,-83.5219095861796,8.31935397040947,-57.1088269902153
14.025,-2.46828889846802,-10.5929260253906,0.290896981954575,19.8817944568623,64.5957422640194,-26.0808382890727,-1.62684333324432,-10.1339159011841,0.193288996815681,-87.4175831113772,8.59173508432041,-59.7144451208322
14.03,-2.58511734008789,-10.8293228149414,0.478590041399002,22.7791487499507,60.8661242979231,-25.5313751835546,-1.60908687114716,-10.5402765274048,0.31196191906929,-91.4763888747114,9.9778997782597,-62.2724465876504
14.035,-2.79012846946716,-11.2043466567993,0.666904211044312,25.7407478023722,58.1298822145243,-24.7237001915587,-1.59990787506104,-11.0398569107056,0.451116889715195,-95.6796599691806,11.8885623825271,-64.5897112069823
14.04,-3.09827852249146,-11.6860580444336,0.769509494304657,29.2441823465562,57.5605381358795,-23.3233082135783,-1.52206993103027,-11.6129159927368,0.631833732128143,-100.312228943553,13.7462901669532,-66.4244707727769
14.045,-3.42022728919983,-12.1787891387939,0.871532022953033,33.1249387386065,57.7908999260166,-21.363682544472,-1.43743467330933,-12.0954322814941,0.843700706958771,-105.464493351492,16.6357538840029,-68.0339638695554
14.05,-3.75383472442627,-12.6805086135864,1.01854884624481,37.3650313828912,57.8420170617649,-18.9263261240584,-1.32270753383636,-12.5666770935059,1.08763122558594,-110.89665891162,19.8977975900876,-69.5360932227705
14.055,-4.09811019897461,-13.1901502609253,1.24959015846252,41.9721442422266,56.923769844843,-16.0468532662171,-1.15750575065613,-13.089056968689,1.36631548404694,-116.435013422773,23.0306021642447,-71.018155480204
14.06,-4.45434617996216,-13.6385746002197,1.60008311271667,47.2764691516585,52.5388123033569,-12.8287498746104,-0.900351524353027,-13.7465448379517,1.72411727905273,-121.880313436674,27.2149587573548,-72.4972875864837
14.065,-4.84719610214233,-14.0238933563232,1.97563552856445,51.9307820332532,47.6722649536824,-10.1375255680311,-0.716866493225098,-14.3796796798706,2.12586903572083,-127.272351635427,33.7368929523884,-73.991152410803
14.07,-5.25289821624756,-14.3369903564453,2.32296895980835,56.7639946446835,41.8608189889445,-7.57902037476168,-0.638885319232941,-14.9712343215942,2.47277617454529,-132.406181362797,41.2070469419693,-75.539522144699
14.075,-5.64258670806885,-14.5608539581299,2.57297253608704,62.8313268164867,34.4496880790764,-4.66821658542392,-0.714521050453186,-15.4963665008545,2.63649249076843,-137.004401315833,47.9527637474219,-77.1965738486683
14.08,-5.94994449615479,-14.7245197296143,2.54435467720032,72.4406926390209,25.7580742847492,-0.730688781570351,-0.813682019710541,-16.0228023529053,2.39485716819763,-139.816403857506,50.1986699654001,-78.4753355254564
14.085,-6.15572690963745,-14.9198732376099,2.33256196975708,83.4287731266573,17.988081820794,3.31676824893193,-0.748597800731659,-16.6332416534424,2.10054636001587,-141.601350853683,49.8468844872931,-79.65809889346
14.09,-6.25933456420898,-15.1280927658081,1.99425327777863,95.5059682585872,10.5067758398458,7.26948303176588,-0.505699217319489,-17.3124885559082,1.9304518699646,-143.040294126887,47.5366925288468,-80.8282332416883
14.095,-6.250901222229,-15.305196762085,1.61341917514801,108.46589703885,1.91349521178223,10.8261904901551,-0.0603241287171841,-18.0302810668945,2.1956889629364,-145.307384176576,44.0730148082741,-82.1126298245417
14.1,-6.16685390472412,-15.3514251708984,1.37484490871429,122.429296721403,-10.8717418755035,13.9586996586305,0.149956494569778,-18.7610511779785,3.15039324760437,-148.943599305772,46.273250966367,-83.3792474249855
14.105,-5.96528005599976,-15.179123878479,1.02244389057159,136.604985513549,-24.5524110000058,17.2490382771257,0.0033492578659206,-19.3579044342041,4.42332744598389,-152.143392667761,54.4045228713755,-84.7277385030103
14.11,-5.59811925888062,-14.7669954299927,0.492337077856064,150.130891089195,-37.4035365743372,20.7336044237275,-0.51931220293045,-19.7362804412842,5.61843252182007,-153.823947052664,67.8688372161812,-86.0059264439082
14.115,-4.92575025558472,-14.0631551742554,-0.324337393045425,160.727779322308,-45.5303415356285,24.3242912194639,-1.46368300914764,-19.683723449707,5.71145582199097,-151.353699856303,85.3142946583635,-86.728539967528
14.12,-4.1629524230957,-13.5713062286377,-0.83819854259491,165.338184332824,-53.7893140724541,26.4633066844786,-2.27349781990051,-19.1896991729736,4.60087728500366,-144.569477859404,97.0896910516272,-85.769171596708
14.125,-3.10045719146729,-13.3835401535034,-0.883318185806274,166.941571240484,-67.656507125453,26.6383627253588,-2.75177597999573,-18.5841770172119,3.5396831035614,-136.429722859446,105.112240005427,-83.4685521483834
14.13,-1.65137481689453,-13.5491304397583,-0.352335125207901,167.143922424835,-88.5270790401541,24.5810192473444,-2.89027118682861,-17.886022567749,2.57916378974915,-127.614871961925,109.592905572658,-80.4325467226911
14.135,0.380513548851013,-14.2059297561646,1.08984196186066,170.460416398983,-117.435690777693,19.5508461783658,-2.84748291969299,-16.8532676696777,0.705687284469604,-118.341851974879,109.599073233479,-79.1478837624601
14.14,2.60730624198914,-15.0182981491089,2.63604164123535,180.903693677662,-144.579122086512,13.2717252083261,-3.26572704315186,-15.8073091506958,-1.13419198989868,-112.065010580474,122.820161126846,-79.771671278979
14.145,4.75816440582275,-15.6062431335449,3.32344031333923,195.307524448465,-166.516692492974,7.47539274467425,-4.15365934371948,-14.9532833099365,-2.51618337631226,-106.91755462571,138.388907981351,-81.7031804743669
14.15,6.66396570205688,-15.7811622619629,2.67557835578918,212.003334478293,-181.29295981884,3.14951014964983,-5.44270992279053,-14.3356876373291,-3.40292453765869,-102.232311232459,149.188994342272,-84.6242747974629
14.155,7.73551893234253,-15.1353054046631,-0.256757110357285,225.359523513443,-184.027480694568,3.31238027927702,-6.44309186935425,-13.6983814239502,-4.77678680419922,-97.5232168186263,127.587728790163,-87.3149048775844
14.16,7.935706615448,-14.148699760437,-3.29604625701904,231.301952015894,-172.269091472337,7.00692415676824,-6.72005558013916,-13.1341695785522,-7.20213222503662,-93.3884115403973,96.7169744588088,-87.7571527961536
14.165,7.54284906387329,-13.1242933273315,-5.56175231933594,231.950847307802,-153.250129200113,11.8553872999547,-6.39588212966919,-12.5277919769287,-9.95273017883301,-86.8283222011127,58.3527854380876,-84.1512158955479
14.17,6.69117021560669,-12.236424446106,-6.54158020019531,228.099057748022,-130.083466252507,16.7221779751184,-5.46424198150635,-11.8123369216919,-12.5367374420166,-76.4258279819674,12.7797261918426,-75.042359505203
14.175,5.74567699432373,-11.7829923629761,-6.15288829803467,219.168940578067,-97.354313070641,22.6013742937809,-3.25067520141602,-10.9204998016357,-12.6748657226563,-67.5936693850889,-44.2587447272797,-55.391652546077
14.18,4.83171033859253,-11.6425533294678,-5.73098039627075,209.484347052014,-56.2536429099001,29.8287918979959,-0.536252737045288,-9.90118503570557,-11.5713348388672,-64.1666492897917,-98.4950776054382,-32.6844325182757
14.185,3.8810727596283,-11.7348833084106,-5.30544900894165,201.240745855915,-12.6136586799102,37.3219670401743,1.8542811870575,-8.66175651550293,-10.2789239883423,-65.5573645972655,-133.60392333565,-9.68158824281797
14.19,2.83724045753479,-12.0103845596313,-4.89962530136108,196.27376398959,29.0791513158304,44.2356108765609,3.24466776847839,-7.11501026153564,-9.62399291992188,-71.5932642385083,-135.420562409577,11.4375385246481
14.195,1.67875218391418,-12.2155132293701,-4.23155164718628,195.208951158364,61.071132425861,48.9561595176318,3.61789321899414,-5.44327306747437,-11.1210556030273,-80.8243946753747,-120.054262362071,22.3378058314465
14.2,0.530913472175598,-12.2801380157471,-3.57707834243774,193.114227762569,87.1504749035055,51.9006677292026,4.75894784927368,-4.45940685272217,-11.9059810638428,-83.8126365882012,-121.184467424411,27.4437478964354
14.205,-0.61449921131134,-12.2464141845703,-2.97516512870789,189.199778047343,107.538760330723,52.9531452387882,6.36992454528809,-4.09201097488403,-11.743953704834,-79.6551550819278,-124.958734337112,29.9340997546192
14.21,-1.76763105392456,-12.1597375869751,-2.47880411148071,182.333238610568,122.076599413042,51.8223322896117,8.1126766204834,-4.29879856109619,-10.2671070098877,-66.6679465261204,-114.176085449142,33.6014605464308
14.215,-2.97572708129883,-11.9817314147949,-1.8659120798111,171.985843527457,125.15526620029,48.5000838810879,9.31915473937988,-4.79648351669312,-7.61145973205566,-53.2030413699515,-65.5769535798051,40.1215659583142
14.22,-3.97344064712524,-11.7999029159546,-1.23957622051239,160.108158221183,120.076378514603,45.2377977032877,9.56343173980713,-5.79400014877319,-4.98690986633301,-39.6954407012808,-6.61421517336236,46.1725398270552
14.225,-4.78708457946777,-11.6293907165527,-0.49145570397377,147.520420109173,107.644710225128,42.7308723910829,8.90699863433838,-7.12354373931885,-3.04387760162354,-25.2245835766051,53.177312047348,50.7412738534442
14.23,-5.47507190704346,-11.4908561706543,0.607397794723511,135.496759999958,88.2636386438667,42.1394360655677,7.41638660430908,-8.48012542724609,-2.95911836624146,-7.89906169492733,98.7086576207845,52.1018441210162
14.235,-5.93677997589111,-11.2966833114624,2.1106493473053,127.432260024275,62.8456702137437,43.1546583083255,5.76757907867432,-8.86814022064209,-3.86918187141418,8.40287864622227,124.361680181004,54.6686394563907
14.24,-6.04317951202393,-11.0122375488281,3.35870695114136,122.095396093637,35.2898320828392,44.3161490521591,4.09710884094238,-8.58574295043945,-4.68540906906128,21.3084365593704,139.59738701158,58.6557316485344
14.245,-5.76111555099487,-10.6274156570435,4.10678148269653,118.68894852812,7.29327428819232,45.1877494921444,2.54962420463562,-7.74864625930786,-5.29361438751221,31.5657055888356,145.611245632371,64.1360295517425
14.25,-5.00574254989624,-10.1162900924683,3.83715963363647,115.516954036053,-17.6647252975599,45.0052878186567,1.50745391845703,-6.53462743759155,-5.73859071731567,41.9730492422916,141.602293419789,71.3795612797569
14.255,-3.92892551422119,-9.5704288482666,2.6300003528595,110.811923584776,-35.6224554652296,43.3567123794474,1.1585601568222,-5.478919506073,-5.65716981887817,54.5596330523319,130.677405842353,79.8210330561107
14.26,-2.84000134468079,-9.0151252746582,1.15853536128998,105.41093783821,-47.9467121998172,40.8775347107457,1.25814235210419,-4.65136957168579,-5.27339315414429,68.0904290434239,115.134572725559,87.8626997093978
14.265,-1.86300766468048,-8.46450996398926,-0.329868465662003,99.8966734042598,-54.9629454775374,37.9092574408633,1.71354639530182,-4.05571460723877,-4.75857830047607,82.0492593294223,96.4702133844746,95.111524834019
14.27,-1.26744830608368,-7.95923089981079,-1.35406613349915,96.1511889087216,-56.8231133470445,35.4100126763801,2.33718848228455,-3.63954496383667,-4.68817234039307,95.2623080901361,79.3696600048104,101.3311155828
14.275,-1.11487209796906,-7.55077409744263,-1.91613149642944,93.7647617938542,-55.8350411062375,33.0791662258837,2.56538844108582,-3.37688565254211,-5.03113985061646,105.812983263325,69.4856932568849,106.644989096692
14.28,-1.29223346710205,-7.20355415344238,-2.2237389087677,92.0759497102443,-53.2641988837798,30.8952439746234,2.49831295013428,-3.24210643768311,-5.43921375274658,115.064385701648,62.4146989374942,112.18733243832
14.285,-1.75267314910889,-6.9045672416687,-2.34122133255005,90.8362225645628,-49.5664232595941,28.9960449891042,2.1422061920166,-3.23562455177307,-5.76867866516113,123.481255136611,56.2111796238301,118.515202176013
14.29,-2.34971046447754,-6.63233232498169,-2.2757511138916,89.7020286717472,-45.3040607835205,28.5062418784389,1.34538006782532,-3.39929151535034,-5.81125402450562,131.35799321201,46.7177835832135,126.908930930069
14.295,-2.79160141944885,-6.40062522888184,-2.09120225906372,87.3111414433517,-40.4008182425301,29.1495261699436,0.383925527334213,-3.74082350730896,-5.5468487739563,138.867745223304,32.913861987591,135.890370141447
14.3,-3.03080701828003,-6.1965537071228,-1.80871427059174,83.8663696864017,-34.6179702798471,30.4169633930878,-0.438200145959854,-4.22688007354736,-5.10830402374268,146.364574516688,16.0532890119626,144.814995839309
14.305,-3.02745699882507,-6.01618337631226,-1.43536019325256,79.4435421610624,-27.7732994012467,32.0187247157259,-0.934048891067505,-4.84726810455322,-4.55192947387695,154.05695212601,-3.23892607706518,153.290331693568
14.31,-2.71819233894348,-5.88354396820068,-0.995550692081451,74.5347125253309,-19.734402389668,32.9485934995206,-0.765476047992706,-5.59070062637329,-3.80343270301819,162.347025929222,-22.5679336876045,160.430761716061
14.315,-2.30842900276184,-5.8084831237793,-0.61988490819931,69.5842870375541,-12.4326313461482,33.0582077904155,-0.174125418066978,-6.36103677749634,-3.18884682655334,171.139091315672,-41.6393671805798,165.539155818962
14.32,-1.90242683887482,-5.77092027664185,-0.337179005146027,64.6781826473014,-6.63776054297869,32.75261829676,0.70498526096344,-7.14096355438232,-2.92126369476318,179.264762465561,-58.1225124404098,168.635294230107
14.325,-1.58339786529541,-5.7571702003479,-0.176059737801552,59.8875152842112,-3.05472612043369,32.3287913983823,1.78201079368591,-7.91728734970093,-3.19153118133545,185.753264592155,-70.0038587280788,169.611683432339
14.33,-1.30024194717407,-5.6927490234375,-0.105122730135918,54.9057153224819,-2.38393964534908,32.4073385738375,2.92739915847778,-8.64070415496826,-3.99869537353516,192.225360604362,-76.8399150305886,167.844167078923
14.335,-1.01849436759949,-5.60880613327026,-0.0432483442127705,49.5258075396946,-2.00282085263448,32.6568180634614,4.07727003097534,-9.21197605133057,-4.62367868423462,199.359192664117,-81.2224444398247,164.905163999823
14.34,-0.761935949325562,-5.53268527984619,0.010480634868145,43.9244274579751,-1.5913202045529,32.9966746161829,5.1945686340332,-9.56359100341797,-5.00045585632324,206.719390853344,-82.2629213070386,161.13354720052
14.345,-0.562382519245148,-5.499342918396,0.0565900430083275,38.3064602618562,-0.744987035545832,33.332641376172,6.23023271560669,-9.59383106231689,-5.02698183059692,213.776410605693,-78.5878902127891,156.891070820215
14.35,-0.361640006303787,-5.53468656539917,0.112159006297588,33.3344206404508,0.110277559626275,33.1920385170127,6.93004417419434,-9.26788806915283,-4.72472810745239,220.908644401182,-67.0056925503883,153.649271794831
14.355,-0.159866333007813,-5.631591796875,0.140630438923836,29.2155501935555,0.204797259187522,32.5419035457705,7.27776956558228,-8.97086334228516,-4.40866899490356,228.120941674122,-50.3911583565894,151.642466594032
14.36,0.0582507476210594,-5.78112649917603,0.130249157547951,25.9500230909941,-0.833145941349626,31.3768542733793,7.32664918899536,-8.78011226654053,-4.15309047698975,235.231195920862,-30.1379091843578,150.715678225553
14.365,0.323460876941681,-5.97265672683716,0.0585005059838295,23.6061856206962,-3.74604798614476,29.6359654124427,7.14781093597412,-8.81285285949707,-4.07195568084717,241.883199115808,-8.20084762698881,150.664178599211
14.37,0.631510853767395,-6.12655305862427,-0.0878435596823692,22.1765758009938,-7.29285337778472,28.1397083143666,6.78847217559814,-9.17740821838379,-4.18453168869019,247.305795580908,10.8345344199999,150.56560530911
14.375,0.88418984413147,-6.25720548629761,-0.277862310409546,20.713455365676,-12.6397542714079,26.4719161379275,6.33950233459473,-9.66825675964355,-4.30377817153931,251.964230481666,25.6509683808269,150.110987917954
14.38,1.06543111801147,-6.38309955596924,-0.496186584234238,19.010807026355,-20.3295304324296,24.5817842285315,5.81596326828003,-10.1814975738525,-4.32707214355469,255.908254915998,35.6622754680908,149.350460014251
14.385,1.15771389007568,-6.55234670639038,-0.71192342042923,16.7921532631652,-31.730097996874,22.4526349717728,5.2218451499939,-10.4916486740112,-4.01516532897949,259.048502688804,39.205378043427,148.514485840977
14.39,1.23052990436554,-6.72139263153076,-0.906343877315521,15.1647565330248,-45.1404231113854,20.7316424518884,4.48677825927734,-10.5617218017578,-3.63625240325928,261.719953597736,34.400059924567,147.31759081158
14.395,1.34249544143677,-6.85736179351807,-1.07995617389679,14.2078436152114,-58.967830312469,19.0605205582289,3.81027722358704,-10.5658950805664,-3.39780497550964,263.771933669704,26.9839805426452,145.90520331387
14.4,1.50983500480652,-6.95894384384155,-1.22220599651337,13.8900724791712,-72.5961887256654,17.3434639348538,3.28291344642639,-10.5579681396484,-3.33536982536316,265.149282296972,18.6069191577119,144.183927341135
14.405,1.7496463060379,-7.0528998374939,-1.28333139419556,13.9859367454932,-84.7429151833461,15.4916732923637,3.12784147262573,-10.6148290634155,-3.40735745429993,265.745175320921,11.2301287314433,141.572568436521
14.41,1.96846675872803,-7.10426473617554,-1.25698983669281,13.8093311054451,-94.5964466083299,13.2748585576079,3.1961681842804,-10.6773347854614,-3.59585523605347,266.383470159237,4.48785690265327,138.840301523219
14.415,2.14135646820068,-7.11291408538818,-1.15832757949829,13.2711540337568,-102.16737662402,10.4754961347681,3.29262781143188,-10.7049655914307,-3.73488831520081,266.686703237629,-0.764755790798818,136.984088333241
14.42,2.25961065292358,-7.07921981811523,-0.995779812335968,12.2832004674867,-107.213363288474,7.03086012782773,3.32550263404846,-10.688268661499,-3.74320602416992,266.43718276687,-3.96233147574191,136.468190484852
14.425,2.33366107940674,-7.01718759536743,-0.813256800174713,10.4752451253161,-108.337257256022,3.18297935724337,3.09099555015564,-10.671760559082,-3.43960046768188,265.01590236286,-3.30589352055621,138.046100786908
14.43,2.33223414421082,-6.90252780914307,-0.547583281993866,8.105586124861,-106.682063363506,-0.476509588188968,2.63078594207764,-10.6928749084473,-3.10853457450867,262.93373285476,-0.711856829450715,140.641654633783
14.435,2.26717948913574,-6.74908685684204,-0.21282659471035,5.38833452867577,-102.507178535228,-3.73163543322239,2.02760601043701,-10.7402687072754,-2.81814455986023,260.088822461667,2.20755513267538,143.693150928513
14.44,2.14364361763,-6.56417274475098,0.185614928603172,2.40361251114942,-95.6770371765393,-6.40385986107796,1.33198571205139,-10.8075323104858,-2.60669326782227,256.36809057168,4.41681439754868,146.881947685939
14.445,2.00531911849976,-6.38657569885254,0.615126013755798,-1.09285075776955,-83.8071109651626,-7.73556660299108,0.810463666915894,-10.8608160018921,-2.47494673728943,251.465981842092,2.26716368766596,149.353793146566
14.45,1.88509941101074,-6.26814079284668,1.06565487384796,-4.81528635306675,-68.4046177452445,-8.55611137893056,0.379745423793793,-10.8869142532349,-2.31388354301453,245.795777359201,-4.52220080134739,150.465447415121
14.455,1.75186789035797,-6.21750926971436,1.57378685474396,-8.58829181520508,-50.6415599217512,-9.23431245124604,-0.0202605910599232,-10.86829662323,-2.107497215271,239.401982635639,-13.7475648510071,150.042986554577
14.46,1.58006155490875,-6.24571132659912,2.17216730117798,-12.2753559952249,-31.3062267022668,-10.0550074913473,-0.435502022504807,-10.788275718689,-1.84027194976807,232.275718425484,-23.8040954745392,147.854102170885
14.465,1.27434527873993,-6.41526222229004,2.95956134796143,-15.2860589851369,-12.4247749210554,-11.1951573091192,-0.965185284614563,-10.5851583480835,-1.6004673242569,223.643629729774,-33.2700973339422,142.932226873839
14.47,0.980035901069641,-6.66499662399292,3.81302428245544,-17.2392420783086,2.37206109260878,-12.2715942685395,-1.56510269641876,-10.3720827102661,-1.4864410161972,214.128001423409,-45.5906316154322,136.649928158288
14.475,0.741979122161865,-6.98139429092407,4.70616817474365,-18.145770398162,14.5927350202254,-13.4468743105337,-2.17235255241394,-10.151104927063,-1.51662158966064,204.830747925187,-59.0742105087919,129.971369187849
14.48,0.620846509933472,-7.35259771347046,5.60889291763306,-17.938788345554,25.934313655903,-14.9328357522097,-2.70846891403198,-9.92419719696045,-1.72525560855865,197.15315084523,-71.6850961318991,124.077435028505
14.485,0.622669756412506,-7.79159736633301,6.51300430297852,-15.942445287017,37.8021634897721,-17.0687315283211,-2.97233581542969,-9.61314487457275,-1.97847044467926,188.483605392111,-87.6571588267046,117.051055504773
14.49,0.577529013156891,-8.29556560516357,7.41537952423096,-12.6013506790259,48.2461681835981,-19.2243699662284,-2.93294405937195,-9.26298046112061,-2.10745406150818,178.198214766285,-106.587321809529,108.487466776248
14.495,0.429358720779419,-8.85707950592041,8.33470726013184,-8.31683363060574,57.6389213867946,-21.216712241459,-2.546954870224,-8.91648292541504,-2.21498727798462,167.04192037977,-127.267133370901,98.8074563071287
14.5,0.0789702162146568,-9.46843242645264,9.30850791931152,-3.70319964816033,66.7809998172624,-22.7480935873419,-1.69903206825256,-8.65034484863281,-2.51132559776306,156.40015780381,-147.63351438145,88.7333780738452
14.505,-0.563439190387726,-10.0738706588745,10.3268613815308,0.637639193516563,76.7606165343247,-23.2059023843877,-0.166353538632393,-8.35314464569092,-3.50006222724915,147.86195688843,-170.267258649255,78.6354898011149
14.51,-1.37329232692719,-10.6083555221558,11.2645568847656,4.40797399832856,87.245346231077,-22.4043626098137,1.70821297168732,-7.9020209312439,-4.01822853088379,137.987347499668,-188.17542725676,69.2968521867124
14.515,-2.32637524604797,-11.0378227233887,12.0696067810059,7.48426601417974,97.7169961155687,-20.38702867241,3.73269319534302,-7.26902008056641,-3.85247254371643,125.910971990438,-197.135365032631,60.7191591175519
14.52,-3.41056799888611,-11.2772760391235,12.6242475509644,9.55229532315057,106.787753710723,-17.2376318612117,5.48692417144775,-6.40096759796143,-2.74285745620728,110.16606089686,-186.592380652448,52.6917402388735
14.525,-4.28595685958862,-11.3375787734985,12.8862171173096,10.9170610344202,109.372269971899,-14.1441614927112,6.50432109832764,-5.57159900665283,-2.2213249206543,92.9153662988606,-165.443519510203,42.6969673320429
14.53,-5.09784507751465,-11.2433576583862,12.9487276077271,10.9888010725938,104.483309356463,-11.2555728936489,7.20895004272461,-4.65143489837646,-2.05352926254272,73.6071318549082,-138.999854742231,31.5033937730376
14.535,-5.85056972503662,-10.9828586578369,12.7963809967041,9.18548086754868,91.7244818359338,-8.59885214143557,7.66108751296997,-3.63439035415649,-2.16310286521912,51.9887703393066,-107.704809059635,19.7493605039503
14.54,-6.41907167434692,-10.4766073226929,12.2641077041626,3.38069732545937,70.2331959898403,-6.15097765658694,7.71796464920044,-2.62155032157898,-2.4280104637146,27.4332157447353,-68.3166585691131,9.64521748548766
14.545,-6.43559122085571,-9.86356353759766,11.3196592330933,-6.15511845877126,45.9267896207181,-4.00529208496082,7.03377342224121,-2.09018492698669,-2.96303844451904,2.54354899997782,-29.3314653339598,2.51704936010205
14.55,-6.03912973403931,-9.27330684661865,10.1629161834717,-17.970294300648,21.3451095525715,-1.90805368544785,5.79970979690552,-1.96351134777069,-3.48699021339417,-21.3344254291623,7.25613684212767,-2.88014456425746
14.555,-5.28693389892578,-8.77376079559326,8.87156009674072,-31.5026800182693,-2.28532708165973,0.322629188128709,4.07369661331177,-2.22892117500305,-3.91324543952942,-43.0628503205967,39.7480673088358,-6.91992675664932
14.56,-4.35797166824341,-8.54627704620361,7.57044267654419,-45.6773237914726,-22.0681038592375,3.45620442640362,1.93078362941742,-2.89552164077759,-4.32490015029907,-57.492741678178,60.6442456027352,-9.59978392090238
14.565,-3.50970220565796,-8.57871627807617,6.33885622024536,-58.8906218540911,-35.9552632627277,7.6778241837478,-0.205189689993858,-3.74526286125183,-4.78931427001953,-71.9290909796195,74.2440196742552,-12.7071204271917
14.57,-2.74587154388428,-8.81957244873047,5.15333652496338,-69.7588256916046,-44.5730632026945,12.0785193348552,-2.148024559021,-4.72847414016724,-5.1753191947937,-86.9303447367452,81.1379208488458,-16.7031661435637
14.575,-2.07124972343445,-9.25377750396729,4.00793933868408,-77.4142109963816,-47.9693303712537,16.2512808280756,-3.78352928161621,-5.83057069778442,-5.36879777908325,-102.564374539338,81.2970232753721,-21.8245273606038
14.58,-1.45167553424835,-9.89102268218994,2.97250604629517,-81.7282745893775,-46.3251262531133,21.3260789379965,-5.01828718185425,-7.12742376327515,-4.64017629623413,-114.182580959043,75.296626957435,-27.0597341707298
14.585,-0.824638545513153,-10.5178394317627,2.03761076927185,-80.9867414417568,-40.9147899775736,26.8520093350495,-6.03293418884277,-8.8029146194458,-3.00651454925537,-123.404811659421,62.6815612585558,-31.6905102204446
14.59,-0.151017740368843,-11.0142822265625,1.11058628559113,-73.6236814032671,-31.8982811599018,32.1786638404255,-6.46358442306519,-10.806568145752,-0.846738934516907,-127.838383072324,38.0198142978637,-35.2675588359558
14.595,0.603176057338715,-11.2769041061401,0.118158757686615,-57.9873225061678,-19.1821150009281,36.7761768688823,-5.98485946655273,-13.1183004379272,1.56976759433746,-125.285668171924,-3.74959626941858,-37.3687572510835
14.6,1.52840793132782,-10.97483253479,-0.829843640327454,-35.245954947611,-5.63903235329285,40.1917939633602,-4.7679295539856,-14.9341716766357,4.27337455749512,-108.53921911959,-31.1787924478273,-35.140373883421
14.605,2.42725253105164,-10.4663619995117,-1.42358422279358,-14.1586517390353,3.95868628915924,42.9277047825843,-3.34863924980164,-16.7737236022949,7.18998241424561,-86.3805008481808,-48.3780864572277,-31.8324893627217
14.61,3.24212026596069,-9.90283298492432,-1.66075992584229,3.74090442681292,9.23688230992126,44.9989425729177,-1.77868545055389,-18.3848838806152,9.40005970001221,-62.1994182050446,-61.5609594421885,-27.3361007000214
14.615,3.89419531822205,-9.47015762329102,-1.51104879379272,16.280565264142,9.39318862775606,46.3732654263835,-0.1114302277565,-19.4333744049072,9.69395160675049,-40.0995078623896,-78.225152526348,-21.4228285675898
14.62,4.20562601089478,-9.37923717498779,-1.42731308937073,22.4130164594921,7.93079902267944,45.6701930739791,0.586217641830444,-18.2325572967529,7.1765193939209,-31.9152917460298,-87.0969945223043,-9.30899886227284
14.625,4.25091791152954,-9.36068439483643,-1.46237254142761,25.2720585139786,6.99101963439904,43.1755518569965,0.6972416639328,-16.134578704834,4.97689580917358,-32.5843839073134,-93.2555370402839,3.34362882161665
14.63,3.93723201751709,-9.30006980895996,-1.65569531917572,24.8800090707145,5.40376776799223,39.0514324097241,0.553209006786346,-13.6049633026123,3.57062721252441,-39.3554885259109,-101.662973984003,13.2816042231869
14.635,3.04303622245789,-9.00450992584229,-2.09316229820251,20.607063216522,0.658489573257644,33.4033338340817,0.715190410614014,-11.3379793167114,3.6128785610199,-48.1908299909427,-121.42345574347,14.6507216187315
14.64,1.36113035678864,-8.32746315002441,-3.19940733909607,8.09190184085888,-15.2090947060219,27.0337094424448,1.81116771697998,-9.90811824798584,3.45178246498108,-54.317123770756,-139.397344431169,9.8154300684726
14.645,-0.654072523117065,-7.75516510009766,-4.33626985549927,-9.90953214598881,-38.3868993997114,20.8772979434863,3.38956665992737,-9.14051532745361,2.68616199493408,-60.7568890825271,-145.662922843631,2.44451211078628
14.65,-2.85733222961426,-7.58038377761841,-5.11432313919067,-30.5306109106877,-63.2872146228283,15.293041146016,5.22082471847534,-8.97869873046875,1.27574706077576,-68.0123258302648,-139.649665279487,-6.95795554240066
14.655,-5.00846862792969,-8.51413726806641,-4.60012865066528,-46.6723594101384,-75.1976916673074,11.0372382128666,6.82432174682617,-9.37704563140869,-0.809346973896027,-76.5194220641641,-122.18968002494,-18.4443538252764
14.66,-6.5952320098877,-10.8187370300293,-2.32350516319275,-50.1286434509345,-53.818718036831,8.28923454371701,7.39653778076172,-9.93701648712158,-2.82311272621155,-86.1897814759865,-97.6898256230504,-26.9980695153556
14.665,-7.44443273544312,-13.797872543335,1.01718950271606,-47.93446908573,-23.391461548664,6.04374710171232,6.97900724411011,-10.4475221633911,-4.59811878204346,-96.4344914951154,-68.5411600569422,-31.6667377470384
14.67,-7.44574022293091,-17.1638984680176,5.13916921615601,-42.5388108867167,5.88117109710627,4.12091395411762,5.55713081359863,-10.8523378372192,-6.03362083435059,-106.818182203476,-36.6060505170357,-32.2794398665344
14.675,-6.25746536254883,-20.2707939147949,9.42111873626709,-38.3352256035457,10.6268164145087,2.68667262582768,3.02124333381653,-11.1001758575439,-6.82690477371216,-115.89799662947,-8.18448078619017,-28.990953083078
14.68,-4.33902788162231,-21.9086132049561,12.107006072998,-29.8359021249219,-19.6386124016532,0.883477178456627,0.77074921131134,-11.3031930923462,-6.71576976776123,-122.605911752961,6.12445688581342,-24.808126452342
14.685,-2.21206641197205,-22.0360126495361,12.6606779098511,-15.9842614126631,-66.2713515919636,-1.18495809988299,-1.35036659240723,-11.6152505874634,-5.94313335418701,-125.615798535267,3.43595056763701,-20.9164588330925
14.69,-0.130477249622345,-20.5844078063965,10.7486047744751,3.39917810980613,-118.990651644138,-3.56260276541656,-3.33427405357361,-12.1006832122803,-4.67959880828857,-124.24428288955,-18.6539381799583,-17.8566194622914
14.695,1.25694894790649,-17.4964408874512,5.71005201339722,25.5066174553606,-142.729042406409,-6.82011720230792,-4.72163438796997,-12.8238153457642,-3.78734064102173,-117.59569478919,-67.194137469589,-16.6210621470982
14.7,1.80923771858215,-13.9737901687622,-0.115813493728638,40.3035700091275,-131.225364598707,-11.5164903888116,-4.67535781860352,-13.4189262390137,-3.76657891273499,-109.410758087872,-120.187601315048,-16.7051571437067
14.705,1.72229266166687,-10.3943510055542,-5.6359806060791,47.0359850211715,-94.9987925617679,-15.0787866494891,-3.63400816917419,-13.6744537353516,-4.34576225280762,-101.245540142689,-166.557782911021,-17.5376906091869
14.71,1.10491847991943,-6.96859407424927,-10.2181167602539,44.6813490217959,-39.0309281818357,-15.7691650953211,-1.80768847465515,-13.4508113861084,-5.38247585296631,-94.0909784588031,-199.482067767286,-18.8158017104565
14.715,0.693745970726013,-3.95176959037781,-13.1695556640625,30.0623911977995,22.2194352380356,-7.8834299532381,0.19302898645401,-12.5848197937012,-6.29304170608521,-90.9816646127491,-208.004436304169,-19.7661047127006
14.72,0.925704538822174,-1.57228124141693,-14.8802518844604,0.694454414580022,66.6172596922897,2.87072317207107,1.90536570549011,-11.6281414031982,-6.66227388381958,-89.1509963302672,-203.026935946522,-20.7239687343559
14.725,1.47155332565308,0.0887044444680214,-15.4200782775879,-39.6202266581406,84.3611964012016,13.9216177078529,3.25403308868408,-10.6501798629761,-6.77345991134644,-88.1003151604334,-188.67584789649,-21.1559133125621
14.73,2.08846139907837,0.922595500946045,-14.7729616165161,-88.5255832287258,66.0182999134038,23.2405775472565,4.15684223175049,-9.70486831665039,-6.83627367019653,-87.4805096442005,-167.661473179003,-20.6051268578923
14.735,1.99761211872101,0.817964911460876,-11.5594520568848,-121.100524399512,0.957517602998329,27.5535500175325,4.21141338348389,-8.99446392059326,-6.41787767410278,-87.3631260131247,-141.467793334653,-16.0836338348976
14.74,1.1777526140213,0.101621180772781,-7.3322582244873,-127.991980366379,-51.9420552604783,26.9525582573685,4.12296152114868,-8.70876407623291,-5.88056135177612,-86.1961198915363,-110.455305747832,-11.0496358599838
14.745,-0.255814075469971,-1.1644880771637,-2.9767370223999,-112.423527210008,-80.0303442032257,21.4849098645033,4.05738353729248,-8.85814666748047,-5.46975612640381,-83.7658361320082,-76.8265483503829,-7.4427999357286
14.75,-2.20542788505554,-2.94482088088989,0.404611557722092,-76.7176068331212,-65.5050999897365,10.8356904295169,4.22487640380859,-9.48911571502686,-5.50355815887451,-79.7066547082697,-43.1475241757374,-7.80992516493772
14.755,-3.47847270965576,-5.13297510147095,0.998015105724335,-45.3978495261086,-17.7969628825333,-3.85405120616923,3.84868955612183,-10.1643095016479,-5.26269054412842,-74.5007391643993,-11.7424953720318,-10.7051501465523
14.76,-4.02701950073242,-7.65744972229004,0.411989837884903,-27.3052521506351,27.1763476979767,-18.9976708650338,3.12467670440674,-10.5646944046021,-4.84019660949707,-69.3730634374714,19.5886717659893,-10.4530751850438
14.765,-4.06863975524902,-10.4184017181396,-0.828092277050018,-20.8660759426799,63.1327772155052,-32.8590360591234,2.11543464660645,-10.6993608474731,-4.35602760314941,-64.5803060364952,48.3972280623767,-7.10581291623215
14.77,-3.96725630760193,-13.2590780258179,-1.96495509147644,-23.3945436715269,81.0011463107163,-42.3912070836581,0.888928830623627,-10.5911464691162,-4.02117395401001,-60.5151072160978,69.5463043555796,-1.03371028418053
14.775,-4.35520124435425,-15.1589136123657,-2.73550748825073,-29.8361719173941,85.7876882395479,-48.1167360988264,0.0591001696884632,-10.4882316589355,-3.72478747367859,-57.238597169351,76.9082647336129,2.19917897287542
14.78,-5.01280069351196,-16.0124320983887,-3.35783648490906,-37.0586359269136,84.6511174409011,-50.5570704817181,-0.192631542682648,-10.5019874572754,-3.37620687484741,-55.159200718054,79.4016594410719,2.07813094530987
14.785,-5.81590795516968,-15.8733863830566,-3.81991529464722,-43.6221301154995,78.1231299907156,-49.3220595816585,0.0249507371336222,-10.6628732681274,-2.97111082077026,-54.384414794459,79.4777409182367,-1.13154303236573
14.79,-6.49647617340088,-14.8462705612183,-3.99288558959961,-46.4172859955842,64.6572139665495,-42.7529543926695,0.372081458568573,-11.032374382019,-2.52475762367249,-55.1970194754883,80.8046281079167,-6.75164071389714
14.795,-6.65512323379517,-13.6589183807373,-3.75488114356995,-44.5070391790826,44.4717202708844,-33.6061699618635,0.0668237134814262,-11.4914264678955,-2.27522778511047,-55.8091854251345,83.3592418009065,-10.8223092351592
14.8,-6.33491992950439,-12.487847328186,-3.24066948890686,-40.7157821708215,20.6756963723969,-23.883872084045,-0.796214997768402,-11.7979936599731,-2.21523761749268,-55.7690034222473,85.0149001462852,-13.5123826548633
14.805,-5.55109930038452,-11.3791418075562,-2.47606110572815,-36.2944538720051,-5.20055640669284,-14.322128901725,-2.11693048477173,-11.8397493362427,-2.31656670570374,-54.9849899130836,84.1173723082104,-14.8959049193674
14.81,-4.33167743682861,-10.3713350296021,-1.4467362165451,-34.2563595746191,-29.1246676964593,-6.35374206738252,-3.52277588844299,-11.3345336914063,-2.45480275154114,-53.482116069249,75.0737169036825,-15.1495883904255
14.815,-3.00738096237183,-9.54576683044434,-0.388543784618378,-35.5991269541195,-45.6265379198989,-0.856517087781265,-4.58080005645752,-10.600492477417,-2.49656701087952,-51.9745464703601,58.8353929444624,-14.6454213919356
14.82,-1.71683704853058,-8.88597679138184,0.539657831192017,-39.0646010144439,-54.3727795672079,2.79427926799346,-5.26731252670288,-9.9454460144043,-2.53228497505188,-50.4643472486406,37.8015965840709,-13.852593523648
14.825,-0.543524861335754,-8.40194511413574,1.25537478923798,-44.1647237582599,-54.7104607046787,4.7726424938706,-5.52500581741333,-9.50126647949219,-2.5835428237915,-48.9415087618621,12.7002953606636,-12.895192247309
14.83,0.234380677342415,-8.17734622955322,1.5680148601532,-49.9243012664406,-44.2718996716211,5.21412244304495,-5.05344438552856,-9.45666408538818,-2.57586741447449,-47.3209575888174,-16.0437421150502,-11.5478033910615
14.835,0.988996267318726,-8.05618286132813,1.64115369319916,-54.4275167032163,-28.3507116408485,4.71122415219338,-4.1215353012085,-9.61599922180176,-2.46235585212708,-45.9765919450513,-41.7349283572575,-10.1431092476776
14.84,1.73564410209656,-7.96853399276733,1.51628732681274,-57.4886982061893,-9.27916886484646,3.42593537587965,-3.08223843574524,-9.83613872528076,-2.36070561408997,-44.6963549474024,-63.0560468703693,-8.88402449211465
14.845,2.46590948104858,-7.88196039199829,1.20147359371185,-58.9132639311897,11.8276772224919,1.38658293630424,-2.1038920879364,-10.0438899993896,-2.33916115760803,-43.3549570208307,-78.8221247201855,-7.89711850610846
14.85,2.8907356262207,-7.84331226348877,0.645554065704346,-58.4048109889956,33.9050487946595,-1.65344621786116,-0.970861256122589,-10.2207632064819,-2.49613857269287,-41.6477888038264,-84.5872141910265,-7.38731233268506
14.855,3.07762932777405,-7.86197710037231,0.0282133799046278,-56.9072134662949,55.6449193755957,-4.9645106185059,0.383415967226028,-10.3519620895386,-2.56691002845764,-39.5349824822043,-82.2115651146693,-7.20384320629476
14.86,3.02621364593506,-7.92933750152588,-0.611493229866028,-54.7692276522975,76.6820215475454,-8.16558848294592,1.77820301055908,-10.3787527084351,-2.56985640525818,-37.2397793738915,-72.0857277078554,-7.37323531280566
14.865,2.72159743309021,-8.0415153503418,-1.24385023117065,-52.2292442245098,96.6825981167161,-10.9466827110769,3.0721287727356,-10.2479944229126,-2.51545381546021,-34.9286994908531,-54.0460574682603,-7.93820294773973
14.87,2.10672044754028,-8.1893424987793,-1.73049962520599,-50.4179839245546,109.472421035699,-12.4417761156732,3.91725826263428,-9.94939231872559,-2.42347526550293,-33.3256677530295,-26.1653772479773,-9.01836919044692
14.875,1.39357125759125,-8.33763885498047,-2.07991456985474,-48.7580191449043,120.423475067845,-13.6213788136384,4.44102907180786,-9.64852523803711,-2.3182098865509,-32.2545643175772,-1.73289839338134,-9.86069458587593
14.88,0.625899434089661,-8.4810848236084,-2.30060839653015,-47.1824891637737,130.012937719138,-14.6063066061062,4.63134384155273,-9.38275814056396,-2.22800850868225,-31.621224781504,21.275468943794,-10.4176333334406
14.885,-0.14552204310894,-8.61262130737305,-2.39337635040283,-45.6138986548398,138.735608383621,-15.5333784274358,4.44735431671143,-9.20173835754395,-2.1896505355835,-31.3410299311826,45.2932622544428,-10.6074946631204
14.89,-0.820085406303406,-8.75449085235596,-2.29802870750427,-44.8190627109363,142.169103498251,-16.4771346933604,3.68125104904175,-9.23441791534424,-2.06415987014771,-31.251376868137,73.5370814347805,-10.2468760428694
14.895,-1.42296612262726,-8.93697357177734,-2.12986588478088,-44.221636309519,142.464987293096,-17.6417707393068,2.58844661712646,-9.32752227783203,-1.94495534896851,-30.9922053400809,98.0926428595411,-9.64550179211186
14.9,-1.95294809341431,-9.1480073928833,-1.92761826515198,-43.6370028524172,140.112314973107,-19.0862635412107,1.23288655281067,-9.4462718963623,-1.8398003578186,-30.5007971349606,117.226809932496,-8.87634565194026
14.905,-2.39740300178528,-9.36455345153809,-1.74894452095032,-42.7773757340469,135.532481889317,-20.9303224095604,-0.318812340497971,-9.54360008239746,-1.75505089759827,-29.6717726791665,127.918187002587,-8.02741204848927
14.91,-2.80764365196228,-9.53716564178467,-1.64698481559753,-41.620109462215,129.870104803215,-22.9115878255045,-1.91889870166779,-9.58775806427002,-1.61991894245148,-29.030725274615,126.694954763751,-7.11161815013984
14.915,-3.20522975921631,-9.63567733764648,-1.58635377883911,-40.2251730978341,123.988902116483,-24.6866669058789,-3.22143030166626,-9.60325050354004,-1.50169599056244,-28.5390336166441,116.858772019259,-6.46324451392981
14.92,-3.5699462890625,-9.65907955169678,-1.55982446670532,-38.6583686833682,117.996736176496,-26.1620850967973,-4.21095991134644,-9.60709476470947,-1.39281976222992,-28.2090774231245,99.0080521328628,-6.21642324855353
14.925,-3.83215618133545,-9.6085844039917,-1.56233978271484,-37.0736555128985,111.883313888174,-27.1635342630938,-4.93989276885986,-9.63882350921631,-1.24767088890076,-28.1056103024826,72.9543775061192,-6.67630116603096
14.93,-4.06906700134277,-9.48366737365723,-1.6128306388855,-35.5645115554058,105.539570790849,-27.4343529712321,-5.36748886108398,-9.7002477645874,-0.99408745765686,-28.2481887938593,42.9728181820522,-7.62495339693002
14.935,-4.28417015075684,-9.30959129333496,-1.70647311210632,-34.175039342361,98.7924572117114,-27.1830925097821,-5.35948801040649,-9.74801921844482,-0.728071570396423,-28.6055972252004,13.4786440816844,-8.74218536871558
14.94,-4.46141624450684,-9.10568809509277,-1.83651888370514,-33.0240329389034,91.4518616654019,-26.4809183272535,-4.87329626083374,-9.7679328918457,-0.491731256246567,-29.2346508175694,-13.4497839711201,-9.97123949004529
14.945,-4.5224175453186,-8.93691635131836,-1.97629940509796,-32.6217484571679,82.8036537232502,-25.4513714702589,-3.84440636634827,-9.73704719543457,-0.38556832075119,-30.43167562056,-32.528707620294,-11.3674411469699
14.95,-4.47593069076538,-8.8616189956665,-2.04012417793274,-32.8314762458224,72.6982590726221,-24.7056872751701,-2.56251001358032,-9.69907474517822,-0.434883058071136,-31.9602139002009,-41.5035317934612,-12.956012520547
14.955,-4.35154581069946,-8.86996459960938,-2.02379274368286,-33.2407924073083,61.799496968762,-24.3627349392073,-1.2370126247406,-9.64054584503174,-0.528394758701324,-33.3258487530425,-44.1306479444907,-14.4808292008639
14.96,-4.15843486785889,-8.9619722366333,-1.9185870885849,-33.6682529663244,50.4305719631949,-24.4879681651868,0.0190595630556345,-9.55376052856445,-0.621325850486755,-34.3861946405519,-41.1864846574729,-15.8607186585032
14.965,-3.90806579589844,-9.14391326904297,-1.68635535240173,-33.746557670064,39.5498278983653,-25.1774791769941,0.866461992263794,-9.41929054260254,-0.650428533554077,-35.4025097135769,-30.1393469391781,-17.1665722806342
14.97,-3.65339851379395,-9.3249044418335,-1.41525495052338,-33.517042823384,31.5905162509957,-25.7961560044666,1.17363691329956,-9.26620006561279,-0.675151705741882,-36.5213493411383,-13.7261479390908,-18.1036913102329
14.975,-3.43055629730225,-9.47369956970215,-1.16808617115021,-33.0866213773628,25.3720302853128,-26.3200468817322,1.04091084003448,-9.11362361907959,-0.687940239906311,-37.7418802401575,4.58357730811595,-18.6278092912884
14.98,-3.26275420188904,-9.5690746307373,-0.982231855392456,-32.5151257891295,20.3597352364867,-26.7209687407282,0.5049968957901,-8.97747230529785,-0.684417068958282,-39.0703212978737,22.829220866756,-18.7330676290402
14.985,-3.19286203384399,-9.55801391601563,-0.910045325756073,-32.0648045869613,16.4051496221504,-26.8139395681631,-0.2864750623703,-8.96193408966064,-0.669499814510345,-40.5249159495601,36.7839530392524,-19.1475508286332
14.99,-3.15955328941345,-9.48532199859619,-0.89627593755722,-32.040366170111,14.2507534248984,-26.4894014222027,-1.04560232162476,-9.03913307189941,-0.701682806015015,-41.9097880301989,45.5184809121347,-20.2120187353068
14.995,-3.17321276664734,-9.3788423538208,-0.920577168464661,-32.4848475605388,13.6424490934542,-25.7590475867059,-1.68454682826996,-9.16421794891357,-0.747589886188507,-43.2647712030298,49.3930764735537,-21.7280048348005
15.0,-3.24498152732849,-9.25866603851318,-0.969085574150085,-33.4612094420138,14.4726534644274,-24.6073342586692,-2.12603855133057,-9.30442428588867,-0.781496524810791,-44.6197475456716,48.3969343642424,-23.5651925328451
15.005,-3.35045027732849,-9.1832389831543,-0.915267407894135,-35.2452070418969,16.8344918982828,-22.8897380503496,-2.41280651092529,-9.52922248840332,-0.813308954238892,-45.4447353596661,41.9345098998998,-25.2350098603732
15.01,-3.47489786148071,-9.1523609161377,-0.757570385932922,-37.3806315349555,19.514104883273,-21.055562465729,-2.63280153274536,-9.76393127441406,-0.905331373214722,-46.0469087425565,33.6674196832456,-26.7062291924993
15.015,-3.62843775749207,-9.16759490966797,-0.526689648628235,-39.5941489958895,22.4600730477789,-19.1888905485847,-2.75603413581848,-9.96088790893555,-1.02580678462982,-46.5091896059613,24.4993797037426,-27.995198587002
15.02,-3.82601451873779,-9.23445415496826,-0.255561739206314,-41.5483651551731,25.6282733697623,-17.3928547402894,-2.73738145828247,-10.057300567627,-1.13702416419983,-46.9250115226317,15.4965227266744,-29.108442582086
15.025,-3.97743010520935,-9.31857109069824,-0.0819274187088013,-42.4097647076331,28.693119269225,-15.8403681098712,-2.59048557281494,-10.0597486495972,-1.17083919048309,-47.4139506143671,7.14636929886322,-30.0840975389818
15.03,-4.10637283325195,-9.41535472869873,0.0362993367016315,-42.5640347753215,31.7484507151739,-14.5812193212847,-2.35184693336487,-10.0222043991089,-1.19224667549133,-47.9147674050691,0.396216765792354,-30.8740225768722
15.035,-4.20258617401123,-9.52563858032227,0.101402908563614,-42.0783297781582,34.8635121654145,-13.6811011339673,-2.03716230392456,-9.94603633880615,-1.16813468933105,-48.5284769774677,-4.84365895887898,-31.5216781894457
15.04,-4.24069690704346,-9.65291023254395,0.107689574360847,-40.9719210948862,38.1659120442103,-13.2970344742956,-1.66432595252991,-9.82409763336182,-1.02413249015808,-49.4648105353118,-8.68399984094988,-32.0994917026613
15.045,-4.09846639633179,-9.73991775512695,0.0408213995397091,-39.5377965201423,40.5732361228433,-13.2633906699914,-1.32255125045776,-9.68637466430664,-0.796779215335846,-51.0503911398061,-10.6422517882593,-32.8351303970283
15.05,-3.81026482582092,-9.77712821960449,-0.0153169147670269,-38.1534298735021,41.5435259661462,-13.1934879527046,-1.0637868642807,-9.55492877960205,-0.587826132774353,-52.9923197887728,-10.6275105324831,-33.7738237852307
15.055,-3.38757705688477,-9.76744651794434,-0.0205458831042051,-36.9582833725332,40.8514092371705,-12.9836935697058,-0.895806431770325,-9.44112873077393,-0.387369275093079,-55.240917101284,-8.56284936054678,-34.9434936805954
15.06,-2.83909249305725,-9.71852588653564,0.116144865751266,-36.2380467547446,37.8872266656954,-12.4604327773911,-0.830586552619934,-9.37162685394287,-0.130369275808334,-57.7860709822734,-4.07117865101571,-36.4298896930573
15.065,-2.24155712127686,-9.69999313354492,0.437279403209686,-35.9729705281509,33.336213565108,-11.7033660720504,-0.832749783992767,-9.41657257080078,0.211154267191887,-60.3900259618273,1.98729540576422,-38.3350992450461
15.07,-1.6675181388855,-9.74564743041992,0.865721523761749,-35.8706235585329,29.1261191116579,-11.0138567677903,-0.919861197471619,-9.53493785858154,0.586848378181458,-63.1609927269665,8.76720776673992,-40.403362487996
15.075,-1.15684187412262,-9.87068557739258,1.37138783931732,-35.7780061933875,25.7547257845086,-10.4509356282863,-1.08944618701935,-9.69489669799805,0.965676724910736,-66.1380399597433,15.7868672381025,-42.5223228100603
15.08,-0.823023498058319,-10.1122417449951,1.89102625846863,-35.2735523269525,23.6172676026246,-9.98871709035771,-1.31239175796509,-9.7889575958252,1.25315582752228,-69.395261552274,21.6437459136519,-44.423393267412
15.085,-0.692504048347473,-10.3830585479736,2.29746532440186,-33.0779367918331,22.919903580819,-9.8864042716855,-1.62930464744568,-9.78584480285645,1.50791263580322,-72.7853030034047,25.0488393941661,-46.2733226833533
15.09,-0.727393507957458,-10.6193828582764,2.57590270042419,-29.0093980089316,23.701198674693,-10.2100818138105,-2.00426578521729,-9.71066093444824,1.75053155422211,-76.332848616796,26.5832550515878,-48.3530230780684
15.095,-0.92936772108078,-10.7935485839844,2.71026158332825,-22.877148304162,26.0534799663523,-10.9905444783794,-2.4169340133667,-9.57148551940918,1.98083293437958,-80.051326544356,26.4486883721075,-50.79985980105
15.1,-1.37467968463898,-10.8681774139404,2.64463877677917,-14.1229042364668,30.2396141161939,-12.1859308897429,-2.78884673118591,-9.38193798065186,2.14380741119385,-83.9408119181656,25.1283513338415,-53.8827852112457
15.105,-1.95172548294067,-10.8926429748535,2.4461498260498,-4.0998846554368,35.5488874976794,-13.6522939573691,-3.14932107925415,-9.21584320068359,2.21434545516968,-88.3141205720223,22.046045763313,-57.1034482162439
15.11,-2.59039807319641,-10.9058713912964,2.16437888145447,6.56202655168794,41.3051591943019,-15.1618827309315,-3.41156339645386,-9.1334981918335,2.20419192314148,-92.4653183042593,17.9608225358164,-60.003170877427
15.115,-3.25215792655945,-10.9318065643311,1.82207262516022,17.5455726474891,47.1404766701889,-16.5696735113303,-3.51238107681274,-9.18064117431641,2.11825037002563,-96.0425889009184,13.1800162583404,-62.3552694615259
15.12,-3.84768438339233,-11.0428438186646,1.44090616703033,28.485104150505,52.4079800298053,-17.3857223152487,-3.23708415031433,-9.52398204803467,2.01391124725342,-99.6413882538414,7.027586759668,-64.7576109171595
15.125,-4.27899217605591,-11.1809530258179,1.12303447723389,38.8254009595208,57.0953885930233,-17.590032056344,-2.77039575576782,-10.0128688812256,1.81243169307709,-103.953252525925,0.379226323386403,-67.4590941678721
15.13,-4.60650014877319,-11.3688049316406,0.806063532829285,48.1787268957334,61.0169143842295,-17.2020499907306,-2.20815205574036,-10.5981664657593,1.49328303337097,-108.58982399115,-5.45372804044994,-70.1762800234866
15.135,-4.87194299697876,-11.6274929046631,0.440387576818466,56.1760553760234,63.9777740686733,-16.2009884376695,-1.62078046798706,-11.2466716766357,1.03292143344879,-113.261857798547,-9.37763714078959,-72.6845372225796
15.14,-5.10809230804443,-12.0479221343994,0.0954460129141808,61.7607493056005,64.5879353577981,-14.0193355167609,-1.14031171798706,-11.9609079360962,0.756697058677673,-118.090391730395,-10.0077536813482,-75.1087762646922
15.145,-5.25529718399048,-12.5631914138794,-0.137821137905121,66.3002228015852,63.4367069731924,-11.2225788110895,-0.789428174495697,-12.7714872360229,0.7773277759552,-122.911385133401,-7.56905171366805,-77.4244562801366
15.15,-5.3320164680481,-13.1689758300781,-0.280099779367447,69.9835320851088,60.5996922787792,-7.91089499766437,-0.498696625232697,-13.6701002120972,0.976539134979248,-127.836101789141,-3.54558791042041,-79.5673051888231
15.155,-5.35601997375488,-13.8668003082275,-0.350380808115005,72.982367621338,56.042200743764,-4.17053869353235,-0.185507655143738,-14.6530799865723,1.21946704387665,-133.012306010122,0.319958877647925,-81.4432781160696
15.16,-5.25559902191162,-14.5115051269531,-0.324828654527664,75.4772718006035,48.4055301573129,-0.140809525742543,0.170166611671448,-15.3684825897217,1.33520901203156,-138.66846762408,0.80373087791532,-82.928106600117
15.165,-5.07869100570679,-15.0154418945313,-0.197830706834793,77.7679396633074,37.847136870362,3.81028079264685,0.589230298995972,-16.0703086853027,1.6351124048233,-143.925855473535,2.64874885423483,-83.9550050512609
15.17,-4.87538242340088,-15.3653497695923,0.029915789142251,79.779184487066,25.8100144582926,7.34880799501276,1.0343953371048,-16.75022315979,2.03376531600952,-148.558144410151,6.56641238690874,-84.5351476589835
15.175,-4.73274612426758,-15.529109954834,0.367104142904282,81.3075759176398,14.8560319825402,9.83738485778597,1.43555796146393,-17.3633899688721,2.34695649147034,-152.163145574841,13.6235439836053,-84.6496831011754
15.18,-4.66673707962036,-15.5819396972656,0.76019811630249,83.4292922210342,2.94128799082059,12.0627689186292,1.48285794258118,-17.6187286376953,2.28988480567932,-155.337872142576,22.911608316072,-84.5070755814947
15.185,-4.61464214324951,-15.7019882202148,1.09737539291382,86.8126947282917,-10.5239213222098,14.5386160163368,1.37326312065125,-17.8252792358398,2.07894206047058,-157.64935842187,31.39104399138,-84.3225785116343
15.19,-4.53838634490967,-15.9200353622437,1.34236204624176,92.1622218296508,-25.2225942840094,17.2000555754929,1.2267849445343,-18.121374130249,1.71262264251709,-158.894898058535,37.8404364547862,-84.1038895147888
15.195,-4.347815990448,-16.2697601318359,1.42191636562347,101.46286993189,-40.1302402985601,19.6884454618376,1.31756961345673,-18.8052024841309,1.09373426437378,-158.545410939084,39.6273300548774,-83.7919889263402
15.2,-4.03304386138916,-16.4782867431641,1.40560483932495,115.904430667668,-55.0676761831758,21.6724941798685,1.62600541114807,-19.7505931854248,1.22207856178284,-158.479253726783,40.3956819402743,-83.1471097856643
15.205,-3.68084096908569,-16.3438682556152,1.25277626514435,133.212416892425,-68.3745034411939,23.2996501458407,1.74427330493927,-20.5232925415039,2.35725331306458,-159.323847598791,46.1539309766615,-82.3814319193275
15.21,-3.30232882499695,-15.7968645095825,0.927404344081879,152.185357350022,-79.1446530829827,24.5850319834818,1.53921461105347,-20.926685333252,4.32529783248901,-160.820970423344,57.568993910072,-81.6496181308957
15.215,-2.86263823509216,-14.7140550613403,0.302019149065018,169.490734442516,-84.8101857164815,25.4517693287781,0.797239124774933,-20.4774913787842,6.05479621887207,-161.138287351804,71.744710022975,-81.4612961551001
15.22,-2.13337302207947,-13.7548923492432,-0.092163659632206,178.962499274031,-90.4291159692734,25.9739082625216,-0.635508418083191,-19.4927234649658,6.13555479049683,-157.602530644921,93.2320206989715,-81.7613600257171
15.225,-1.29283738136292,-13.1365575790405,-0.129758298397064,182.878533593145,-99.8247310217321,25.9591926199548,-2.18699789047241,-18.3266582489014,5.06113481521606,-149.492678213149,116.420956893461,-81.8746660338584
15.23,-0.351065337657928,-12.9577627182007,0.293466329574585,182.597949422041,-114.66080348397,25.2027918580582,-3.58489155769348,-17.1251201629639,3.07444930076599,-136.825464019957,137.038361016386,-81.6599317165424
15.235,1.07419192790985,-13.3257684707642,1.57740116119385,184.118267569016,-136.789318658869,22.7290322369157,-4.19388294219971,-16.1257648468018,1.050297498703,-122.861087620353,135.900793010121,-81.8902047142202
15.24,3.11905145645142,-13.9243125915527,2.82649970054626,189.774838994323,-160.982586359485,18.5160725191089,-4.98342895507813,-15.1288480758667,-0.8217493891716,-115.122756498295,134.485564153716,-82.2278824365965
15.245,5.49195909500122,-14.5010614395142,3.36308860778809,198.08280789316,-185.789300670216,13.2918247475062,-6.0761775970459,-14.2034463882446,-2.13755583763123,-109.773919246042,139.137565016276,-81.8679656182826
15.25,8.01857376098633,-14.9018249511719,2.75558495521545,208.419780107597,-209.865116437864,7.5298063004708,-7.51078462600708,-13.3943576812744,-2.73731684684753,-104.570421589138,151.262339245965,-80.4018381921827
15.255,10.0024976730347,-14.7702188491821,0.385907292366028,221.036478221688,-222.185479964625,3.84941137328868,-8.51468276977539,-12.7802104949951,-4.14007377624512,-93.1760268081558,129.816747365418,-78.8192013992207
15.26,11.0437746047974,-14.2767839431763,-1.96963036060333,231.873037792777,-215.155712667064,3.27215302638658,-8.51018142700195,-12.076247215271,-8.6628942489624,-79.1880794257256,62.4046312386576,-76.1430308295722
15.265,11.2948369979858,-13.5494394302368,-3.8283965587616,238.759043268687,-190.629992338787,5.43420394470746,-7.42825031280518,-11.237663269043,-13.4606647491455,-68.2867491707376,-22.5531480355987,-69.0703153025106
15.27,10.8286285400391,-12.6756734848022,-4.77584171295166,239.725105224894,-149.012939386226,10.213700960297,-5.14797878265381,-10.2205533981323,-16.2857437133789,-65.1819569099141,-103.510130343142,-54.7029406664025
15.275,9.77825546264648,-11.903247833252,-5.1917519569397,235.694911123993,-107.882796959216,15.2074264323171,-0.260324984788895,-9.06828880310059,-13.7784605026245,-67.4681714892791,-146.209310656476,-40.1457823940164
15.28,8.41245269775391,-11.3409099578857,-5.88623476028442,230.434244783736,-56.6211207476251,21.241037960188,4.66722202301025,-7.79999303817749,-11.026180267334,-71.4898688348526,-169.974188892348,-27.8985736083612
15.285,6.73758363723755,-10.9803466796875,-6.64848947525024,224.759272828804,4.36617324060809,28.2919156649257,8.4734935760498,-6.52167654037476,-8.99423503875732,-78.0035128877811,-167.631092497575,-16.263349772339
15.29,4.73787021636963,-10.8266382217407,-7.21887731552124,219.663473594732,75.3172063174043,36.4099011444512,9.61333560943604,-5.36576128005981,-8.95088958740234,-88.1512000697499,-128.158596000993,-3.15384646599915
15.295,2.69937896728516,-10.6290674209595,-7.23973608016968,216.300329428553,131.706961237084,43.2489593151013,9.04263210296631,-4.66360378265381,-10.8806638717651,-88.643540595692,-94.0791075900257,4.89174050242811
15.3,0.849797248840332,-10.3957567214966,-7.04555082321167,211.348319336889,175.768880403052,48.4257031210265,8.92144870758057,-4.42965650558472,-10.7409973144531,-80.8737291317497,-64.8064399395359,12.7885456736084
15.305,-0.84393036365509,-10.1895141601563,-6.54971313476563,203.860615176236,208.025637211353,51.4997390400174,9.1486644744873,-4.66771078109741,-8.64417362213135,-67.1691048262809,-34.4832208928065,21.0978140159347
15.31,-2.45199632644653,-10.1313343048096,-5.52116060256958,192.125940370803,227.989815702436,51.4556672443979,9.34197902679443,-5.43311023712158,-5.02245569229126,-51.1679967520299,8.03762232752479,30.4089925623264
15.315,-4.24521350860596,-10.2270927429199,-3.75442886352539,175.724224626258,230.775617638453,48.8836502294029,8.40145111083984,-6.3138599395752,-3.23448348045349,-34.3923520560887,49.3395312055554,38.2058140093415
15.32,-6.10520124435425,-10.3946084976196,-1.66159605979919,157.892718061998,219.312033041178,46.0857759340285,6.57660961151123,-7.25136947631836,-2.34752082824707,-16.6299550533976,79.9263614033015,44.7759368965168
15.325,-7.86308717727661,-10.6054201126099,0.518798172473907,140.068451498257,194.250142863056,43.6422552678889,4.26862001419067,-8.04881191253662,-2.24284815788269,1.47211856921908,97.3996450361624,50.3586466561401
15.33,-9.06137275695801,-10.8105592727661,2.25062727928162,125.255369452765,155.182594621985,42.4360643510322,2.50984859466553,-8.14217090606689,-2.98539209365845,17.9851772828494,97.0430476897852,55.4556992299242
15.335,-9.7080774307251,-11.0173234939575,3.8308687210083,116.95092493154,109.630205235716,42.1663743316542,1.65230453014374,-7.37001466751099,-4.28417301177979,30.5899720847642,91.1063428858585,63.9453989720074
15.34,-9.87096405029297,-11.1226387023926,5.06054544448853,112.555083483612,62.8198316081135,41.7540016605147,1.15897250175476,-6.38509607315063,-5.53989887237549,41.1989156017624,83.8661374599699,74.5703183014742
15.345,-9.48166751861572,-11.0844392776489,5.71328210830688,110.905770383972,16.918095121271,40.7920207423372,0.978495717048645,-5.3823184967041,-6.52309846878052,50.0777175604829,76.7001420394134,86.2351817433996
15.35,-8.15338706970215,-10.8094863891602,4.93163681030273,109.18010942979,-23.1909613455782,38.4606005559505,1.40822398662567,-4.61848020553589,-6.76220083236694,56.5539151012868,71.7609795335779,95.0861506812523
15.355,-6.28776884078979,-10.4950666427612,3.26803088188171,105.954518443306,-52.9771738442883,34.7519717611736,2.39072489738464,-4.14740943908691,-6.32815885543823,65.0667179582376,64.6302073985713,103.305456894473
15.36,-4.27431011199951,-10.1636171340942,1.36399447917938,102.310503238077,-74.0324545647141,30.0989361249537,3.62370276451111,-3.7787868976593,-5.75842189788818,76.231727666134,55.7996948772827,111.379553285939
15.365,-2.29355835914612,-9.81358909606934,-0.504022657871246,98.789308494504,-86.4718204773839,24.6533526582022,4.92997217178345,-3.43691444396973,-5.28669118881226,89.9766227669492,46.6740089008229,119.28286079721
15.37,-0.755737364292145,-9.37513637542725,-1.82852005958557,96.8512218269454,-89.0204236039041,18.6759570022951,5.66074895858765,-3.01397299766541,-5.3385181427002,103.366832974355,47.561831040087,125.509233923837
15.375,0.222131550312042,-8.87531852722168,-2.60656332969666,96.1383276625145,-87.7436358517861,14.0996457347956,5.52514123916626,-2.81138801574707,-5.58822679519653,114.82959111874,56.0501818198092,131.831953698896
15.38,0.654782176017761,-8.34276103973389,-3.00029540061951,96.0601561474637,-83.7038111841554,10.6022260259494,4.79779005050659,-2.91415286064148,-5.72999572753906,124.747148737003,66.0045165916587,138.374947074688
15.385,0.515811204910278,-7.79190111160278,-3.0774188041687,96.2925055226492,-77.2479573617943,8.1086725165922,3.60603809356689,-3.3840057849884,-5.59501886367798,133.258520669323,74.0016299209898,145.195901828943
15.39,-0.264793932437897,-7.24335384368896,-2.90053558349609,95.9744236130017,-67.2928200427173,7.2504703464375,2.22468996047974,-4.21943855285645,-5.15804529190063,140.780567021123,75.2360568398754,151.935263143373
15.395,-1.05034756660461,-6.71108484268188,-2.58270263671875,94.3447882883608,-55.6548197347976,8.25306783828815,1.13745439052582,-4.94738578796387,-4.84988403320313,148.173003703233,70.4523699301169,158.358072510529
15.4,-1.68758833408356,-6.18480062484741,-2.1756067276001,91.4913811399396,-43.1571103462375,10.2094824647109,0.299445599317551,-5.63135957717896,-4.57078504562378,155.872730596101,59.7407686698934,164.186122665139
15.405,-2.04545259475708,-5.65667581558228,-1.71492063999176,87.4091614881306,-30.4022204297644,12.4562279421833,-0.309803545475006,-6.31921911239624,-4.24313306808472,164.246310292105,42.8100957552658,169.161587626413
15.41,-1.88585710525513,-5.18276166915894,-1.30480146408081,81.9372715477908,-20.0442607515548,13.8099748507744,-0.387231379747391,-6.95905160903931,-3.97495102882385,174.164359683989,22.3013189609003,171.706625394187
15.415,-1.49063456058502,-4.83243227005005,-0.967986166477203,75.7775815580307,-12.1562861611977,14.7334283793912,-0.0787306651473045,-7.42155694961548,-4.0124716758728,183.857900757855,4.25708316673194,172.732642750928
15.42,-0.9473637342453,-4.61246061325073,-0.704551637172699,69.1861621410232,-6.43569110393115,15.3984446252876,0.499697238206863,-7.76182317733765,-4.31270360946655,193.003319150827,-11.2622272054477,172.401788387532
15.425,-0.354691833257675,-4.54138422012329,-0.520239353179932,62.4515273174989,-2.66899844413321,16.0010688006632,1.22307074069977,-8.03966045379639,-4.84184217453003,201.151885094814,-23.9865229970811,170.813482537559
15.43,0.0095126666128635,-4.57421445846558,-0.4269118309021,56.3041419135286,1.46971946527311,16.9567386240477,2.04598903656006,-8.25858783721924,-5.21779823303223,206.688805266241,-31.8118212102932,168.765668880984
15.435,0.279069274663925,-4.6529746055603,-0.32115975022316,50.6272131093996,7.20965996614667,17.9000936163586,2.85952806472778,-8.35342979431152,-5.38103675842285,212.296431555957,-37.4314481423804,166.071118272279
15.44,0.485900044441223,-4.77515125274658,-0.18238228559494,45.432837170132,14.4812509650451,18.8860194702189,3.60788583755493,-8.3331241607666,-5.35349178314209,218.42029720352,-40.7927788933351,162.837160304062
15.445,0.66979992389679,-4.94665670394897,0.0210447628051043,40.8070437434166,23.1845068168126,20.0614574603376,4.1899356842041,-8.20934295654297,-5.16290760040283,225.676553573958,-41.2748741355221,159.230178384513
15.45,0.802018523216248,-5.11448812484741,0.238576218485832,37.0667433614584,31.745322488534,21.3573372987331,4.59346723556519,-8.16455078125,-4.82087993621826,233.005892968515,-40.119971109143,156.979453468075
15.455,0.920049130916595,-5.28827857971191,0.406417101621628,33.8826730949386,38.916604475508,22.456862858869,4.89735794067383,-8.29776954650879,-4.43986940383911,240.348373647036,-38.5421735052079,155.68190877107
15.46,1.02825152873993,-5.45168542861938,0.505453765392303,31.1493645777883,44.0562262032942,23.1968336007172,5.12876510620117,-8.62685203552246,-4.10888242721558,247.615612961659,-35.9917876993143,155.168210243593
15.465,1.12478125095367,-5.55272340774536,0.497026115655899,28.7206995730935,45.5649876701934,23.1849815149599,5.33142042160034,-9.18552494049072,-4.05049991607666,254.565412404417,-30.3397788403721,155.163606696092
15.47,1.14412605762482,-5.58127450942993,0.380720525979996,26.1463312654767,41.9151975400216,22.3464682188614,5.6262640953064,-9.73946380615234,-4.37576675415039,260.1096135575,-21.8457299753349,155.107066390143
15.475,1.07536852359772,-5.61303424835205,0.187862664461136,23.7730625100453,36.3164368358488,21.397978631842,5.9107608795166,-10.1525373458862,-4.69882106781006,264.432986698335,-12.3293896217489,154.609227561919
15.48,0.918078482151031,-5.66272878646851,-0.0702974200248718,21.5726658425069,28.9912672717798,20.4708555840936,6.12712240219116,-10.3851823806763,-4.88560771942139,267.695003083663,-2.73292154424512,153.542392994698
15.485,0.681168377399445,-5.72339010238647,-0.372584939002991,19.0665908888538,17.768759323903,19.4613485021238,6.10820198059082,-10.3889036178589,-4.69640016555786,270.455219131048,4.36667483262526,151.699881164196
15.49,0.390316188335419,-5.76418924331665,-0.66410768032074,16.0200669718396,1.55759518503061,18.111018395665,5.68987035751343,-10.2671947479248,-4.44715309143066,273.287725900609,7.67362874005012,149.09001124082
15.495,0.0803687497973442,-5.75064420700073,-0.935201227664948,12.915335328945,-16.7232810506693,16.5625513315733,5.0093207359314,-10.1218957901001,-4.19181394577026,275.805579515486,8.99087341016939,146.067693514225
15.5,-0.228822410106659,-5.67441368103027,-1.17877912521362,9.86381427477933,-35.9168775995922,14.8288478296436,4.15369129180908,-10.003870010376,-3.97029542922974,277.804393394955,8.72251869277417,142.804871166575
15.505,-0.46949976682663,-5.57718181610107,-1.36983597278595,6.44525038056141,-54.2769554282472,12.6702459434101,3.50836324691772,-10.0458745956421,-3.95506262779236,278.792011428182,5.64077960105991,139.804369064188
15.51,-0.637478172779083,-5.55591201782227,-1.4780787229538,2.35307850280144,-70.3924008692041,10.0562864442694,3.22324013710022,-10.1944761276245,-4.07060766220093,278.951346081141,2.94341388719975,137.877941529543
15.515,-0.741969168186188,-5.56083202362061,-1.50196933746338,-2.3873383047914,-83.8902411975508,6.92495676408621,3.12292265892029,-10.4022350311279,-4.13977956771851,278.549976844754,1.95320443751281,136.913204630035
15.52,-0.781843662261963,-5.56582117080688,-1.43413901329041,-7.81046304233486,-94.3253222492263,3.23806739422046,3.1092746257782,-10.6427612304688,-4.0647177696228,277.693006669971,3.41269441384335,136.955428859484
15.525,-0.71275383234024,-5.54731607437134,-1.24090957641602,-14.1293425435332,-99.8455904194573,-0.585277522596217,2.89731812477112,-10.8325901031494,-3.81322932243347,276.292052908931,6.41405519907467,138.925514963304
15.53,-0.607890784740448,-5.52464389801025,-1.03815865516663,-20.8662005936323,-101.786211087198,-4.00482763209726,2.35911726951599,-10.9341430664063,-3.52063059806824,273.495035802298,9.79155941109706,142.215234595906
15.535,-0.460472583770752,-5.52672958374023,-0.797983050346375,-27.8856799187555,-100.603509190897,-7.01584395693745,1.54009854793549,-10.949028968811,-3.20312786102295,269.230511571352,12.9163675412833,146.045194871099
15.54,-0.262495875358582,-5.57811164855957,-0.495882868766785,-35.0973505218391,-96.4694757240442,-9.58954290601559,0.459224045276642,-10.8732194900513,-2.87209439277649,263.351849714992,15.272504474729,149.828163444802
15.545,-0.0572686158120632,-5.71054649353027,0.0584626235067844,-41.8663275365102,-89.1452931223103,-11.6769861739285,-0.601445198059082,-10.6504220962524,-2.64249920845032,255.601934592102,10.0879375408832,151.285384304224
15.55,0.0913657397031784,-5.86322784423828,0.775185227394104,-47.5744224938219,-80.487543405888,-13.6829854124046,-1.35577476024628,-10.4293193817139,-2.47583556175232,246.81481426261,-0.465473016346432,150.246813059789
15.555,0.184814631938934,-6.04502820968628,1.64068937301636,-52.0549070610398,-70.5274337090953,-15.6843631741335,-1.8593761920929,-10.1849145889282,-2.2986364364624,236.880331435583,-14.5524966682775,146.679664803479
15.56,0.220601364970207,-6.26933670043945,2.64933848381042,-55.003889046517,-59.203977272833,-17.7772851075344,-2.16283369064331,-9.88401222229004,-2.01778674125671,225.571819453225,-30.1391454485976,140.348202386283
15.565,0.260265529155731,-6.53964900970459,3.76795554161072,-55.7739962905306,-46.4417824690425,-19.9843941434797,-2.3871705532074,-9.49459743499756,-1.70849323272705,212.910697788772,-46.6148321418539,131.482084088851
15.57,0.350503325462341,-6.89240026473999,4.91646242141724,-54.8725718295344,-32.8417932465637,-22.1522893558525,-2.47913336753845,-9.10476207733154,-1.57253623008728,199.503514561279,-63.4670808244315,121.926280609788
15.575,0.465903043746948,-7.34705781936646,6.09770107269287,-52.7219057693428,-19.3599645891787,-24.0865545325705,-2.41458177566528,-8.74656391143799,-1.6529438495636,185.655770471942,-80.5432026174345,112.081368883537
15.58,0.556049466133118,-7.94739866256714,7.32893371582031,-49.937210323972,-7.75676067998563,-25.4103715522187,-2.13690614700317,-8.47480297088623,-2.03277778625488,171.835989177067,-97.6314343358359,102.48172925038
15.585,0.460610061883926,-8.71835422515869,8.571044921875,-44.9356335495009,8.76488464864847,-25.9443967226653,-1.3730376958847,-8.35372352600098,-3.09151434898376,160.447919151256,-120.191057390768,93.3922432765217
15.59,0.197163805365562,-9.64766788482666,9.70415687561035,-37.6047880982316,31.921971671038,-25.7167021213991,-0.191287979483604,-8.11972808837891,-4.06131219863892,150.443768394695,-139.440661490885,86.1168077348941
15.595,-0.242359280586243,-10.7404413223267,10.7292642593384,-28.3423036779802,60.9260523777008,-24.6918356515333,1.30095767974854,-7.7505030632019,-4.52622604370117,139.982076926013,-151.40704363372,80.3331538098891
15.6,-0.903834939002991,-12.0308389663696,11.6830263137817,-18.1701917395394,93.3906586726342,-22.6839734789611,2.84437298774719,-7.26469326019287,-3.50955057144165,124.045264837514,-147.063002340457,74.7652177494405
15.605,-1.80983698368073,-13.421968460083,12.8194665908813,-9.27900750162731,120.076282891955,-19.9594468775362,4.18995475769043,-6.49199819564819,-2.74796056747437,104.884132177717,-137.268210542336,65.1655576257169
15.61,-2.83438777923584,-14.6734466552734,13.9694375991821,-1.37603125453193,137.884717077199,-16.6944610674665,5.41785383224487,-5.36174488067627,-2.48615980148315,84.5014406754294,-125.052184985336,52.6493896509248
15.615,-3.90261149406433,-15.6217260360718,15.0045928955078,5.46046602206616,145.608117405731,-12.9756757813938,6.47253561019897,-3.90044093132019,-2.6687536239624,62.8686879512466,-108.486162210117,37.7923724135968
15.62,-4.79106426239014,-15.7439708709717,15.4951305389404,10.5725010426815,140.708139695164,-9.03127824797824,7.01468324661255,-2.30245566368103,-2.79253172874451,37.8501182479347,-75.539720220185,22.1657158002135
15.625,-5.26517343521118,-14.9195261001587,15.1699695587158,12.2028475607697,127.965588515427,-5.43636655335341,6.84624528884888,-1.12566339969635,-3.18261742591858,11.1058500244003,-32.9260846111108,9.06168454261585
15.63,-5.46643352508545,-13.7967586517334,14.4674043655396,9.70786056546043,109.479585904139,-2.26760316765037,6.35621356964111,-0.420540332794189,-3.66371703147888,-15.8318508639762,10.0791018374181,-1.41096564442413
15.635,-5.43716812133789,-12.5931816101074,13.5164642333984,2.53376112545378,85.8129462790986,0.508767077535057,5.6326117515564,-0.249830007553101,-4.17913150787354,-42.1573789725173,50.2063197772705,-9.11418820676574
15.64,-5.19506645202637,-11.340461730957,12.2384281158447,-10.9483142725149,57.131533954111,3.48014637387863,4.39028787612915,-0.858753740787506,-4.73457765579224,-65.5912286751704,86.7095315510678,-13.9005559657735
15.645,-4.80996465682983,-10.0919733047485,10.6529703140259,-25.3120304885488,30.1959692073975,7.51309624266637,2.55469655990601,-2.12614488601685,-5.093092918396,-86.2289184599307,116.896461003099,-18.1008192156869
15.65,-4.36871337890625,-9.011794090271,8.92403507232666,-38.8615873017436,7.2391493078882,12.4156916232329,0.350012809038162,-3.82243776321411,-5.0088472366333,-105.041807094706,135.524859398203,-22.4732006713637
15.655,-3.91290092468262,-8.20021057128906,7.12880897521973,-50.6156120330943,-10.1969712656987,18.1255786514282,-2.11030101776123,-5.86563158035278,-4.27295303344727,-121.912743174853,138.339566694787,-27.3623730226639
15.66,-3.42220520973206,-7.73532152175903,5.24263048171997,-59.8335772803356,-19.5485563574466,24.474075560415,-4.54450988769531,-8.53167152404785,-1.9035758972168,-127.329725224455,110.107806213429,-31.5970834778826
15.665,-2.82611393928528,-7.51980066299438,3.38215947151184,-66.792392572798,-25.4938262185925,31.2090399405667,-6.21229553222656,-11.659366607666,1.74534058570862,-123.993068531877,79.8953728350371,-33.913545549987
15.67,-2.07931113243103,-7.52204275131226,1.66559052467346,-71.1177532986812,-29.498337100667,38.1376009101006,-6.98625707626343,-15.1113767623901,5.9233832359314,-112.131065339938,48.8152595452436,-35.0922483705291
15.675,-1.13650155067444,-7.730224609375,0.195806801319122,-72.3504795004634,-32.6097273242287,45.1181054682724,-6.71027135848999,-18.7982444763184,10.0656795501709,-91.4034424543757,17.7001756868996,-35.6847228847981
15.68,0.197226285934448,-8.17915630340576,-0.721483111381531,-69.7451516528862,-33.7729631813952,49.6786057016169,-5.52235078811646,-21.3221035003662,11.1701774597168,-60.6299431866132,-19.3696873634623,-34.5946007876019
15.685,1.70432651042938,-8.73694038391113,-1.48646032810211,-63.2962919442353,-30.7306876420448,53.2287638623657,-4.69976997375488,-21.754451751709,10.221019744873,-34.2173147982288,-52.2502743769643,-28.3265600919433
15.69,3.25816249847412,-9.38159084320068,-2.14387726783752,-53.3330403604243,-22.3404627750337,55.5269483482512,-4.17461967468262,-20.235424041748,7.97081518173218,-15.2974295425577,-82.5239847974949,-16.7430493256747
15.695,4.70322179794312,-10.0921621322632,-2.74168729782104,-39.9986020626864,-6.7555275184217,56.1732549984637,-3.88445544242859,-16.7909812927246,5.2650671005249,-8.38157443242735,-111.978424272366,0.737629427705848
15.7,5.52783584594727,-10.7034578323364,-3.12756943702698,-27.9287681671345,12.0347463600119,52.3715751215291,-2.80833053588867,-13.3090400695801,3.96735787391663,-16.6865841518062,-144.912394336874,14.8297357542357
15.705,5.74448728561401,-11.1972246170044,-3.42264318466187,-18.5903303357653,24.4492563605184,45.9121217894755,-0.957826495170593,-10.6952791213989,3.60355949401855,-28.5640116184388,-179.119252115483,21.0802928731663
15.71,5.28420066833496,-11.5489206314087,-3.71733832359314,-12.3909407252281,27.0506653870593,37.205928956365,1.35041105747223,-8.96859073638916,3.78087735176086,-42.2288876380328,-209.489619958053,19.3919589027984
15.715,3.94371151924133,-11.6990194320679,-4.17020654678345,-10.2790274508399,13.3017105925561,26.6068448174338,3.5658233165741,-8.16281223297119,3.86193823814392,-55.7134739842951,-226.170990967975,9.21336852992984
15.72,1.77261769771576,-11.5785131454468,-5.0891547203064,-16.2070655984835,-21.0917761287084,15.9131079169845,6.03411769866943,-8.07378482818604,2.5755786895752,-71.533554724784,-213.780290153142,-7.08922281362501
15.725,-0.454489558935165,-11.7306003570557,-5.81073617935181,-27.3558536071011,-60.6534048864122,5.17564243792157,8.47008323669434,-8.48988723754883,0.657308578491211,-88.2172753197807,-181.554883913131,-23.8425852980596
15.73,-2.46464109420776,-12.2594890594482,-6.07380247116089,-41.2752293053589,-98.2576465695102,-5.8660571691335,10.4272680282593,-9.33836555480957,-1.53480184078217,-104.568222268225,-132.720178819321,-38.4638039146712
15.735,-3.72569036483765,-13.3050584793091,-5.31822156906128,-52.1144765558861,-118.625564372623,-18.0159985114791,10.6670904159546,-10.5238304138184,-3.25144505500793,-117.610898790282,-71.7901034601989,-45.3081213309821
15.74,-4.86355638504028,-15.3610134124756,-2.3151330947876,-50.0838100892225,-119.389370767127,-30.5880459714183,8.91582679748535,-11.5374202728271,-4.40969944000244,-125.078303628722,-17.0722781040476,-44.4533504771117
15.745,-6.11031627655029,-17.975341796875,2.13657307624817,-35.2656327226098,-118.49103696673,-41.6512141436952,6.10028171539307,-12.3399906158447,-5.28971147537231,-129.24842098496,23.3029013158856,-41.8310940056766
15.75,-7.40618371963501,-20.7843456268311,7.51144409179688,-8.04255970052106,-123.088505598957,-50.0010828379953,2.57485270500183,-12.9197835922241,-5.86735343933105,-130.679837389698,46.2433518132753,-38.7653567665273
15.755,-8.24007415771484,-22.5427627563477,12.1562557220459,29.8823166754267,-148.643562755912,-51.9479804495833,-0.93341189622879,-13.2610683441162,-5.74987554550171,-129.701153243905,45.4497589638007,-35.5032550038346
15.76,-7.9749059677124,-22.0327587127686,13.7510404586792,59.022348882424,-169.929765341986,-48.7160066513195,-3.53302836418152,-13.3762998580933,-5.18157815933228,-125.05700709889,22.0573224056327,-32.0124136209328
15.765,-6.97300720214844,-19.912015914917,12.5910968780518,74.724619105014,-168.943895837187,-43.0240753366786,-5.28089046478271,-13.2512941360474,-4.66426086425781,-118.292865858151,-14.3262671425884,-29.4467247762038
15.77,-5.41846132278442,-16.4671268463135,8.79246520996094,75.3854262468344,-138.959679569533,-35.7087514902982,-6.12432050704956,-12.8523206710815,-4.46309757232666,-110.20917988109,-59.4408618936274,-28.1925842238262
15.775,-3.97171449661255,-12.5848941802979,3.16009759902954,64.3299796034142,-81.2434199507659,-26.6004688358436,-5.69837141036987,-12.0085878372192,-5.30678272247314,-103.4894075492,-102.378648035427,-27.936651912984
15.78,-2.45734477043152,-8.7703685760498,-2.30917167663574,55.4570618526636,-34.8953340167576,-18.2898020122847,-4.40847969055176,-10.9600162506104,-6.32347583770752,-99.8444497778659,-136.848454436703,-26.8076370111065
15.785,-0.531411290168762,-4.81306266784668,-7.62238311767578,45.4335782456569,7.60298238591738,-8.86445429259527,-2.54511141777039,-9.7840518951416,-6.89691305160522,-96.9999970074466,-162.403579895549,-25.0944360295178
15.79,1.98206913471222,-0.668225705623627,-12.6968126296997,31.4042740678023,50.3313668805951,2.76779414226968,-0.283142358064651,-8.53556823730469,-6.69932413101196,-93.7626444352115,-177.703640768485,-22.9613150177568
15.795,4.57178783416748,2.32728505134583,-16.132604598999,-5.21061129892474,99.1519505582967,16.9853297959133,1.41562008857727,-7.59397125244141,-6.1285924911499,-89.4565448427878,-171.780842229708,-21.2048003915465
15.8,5.83648729324341,3.26492857933044,-17.1687278747559,-51.6368585027,123.272019121577,29.5097196109188,2.51840472221375,-7.09845495223999,-5.61064577102661,-86.7908654437044,-150.421597600649,-19.5853352185798
15.805,5.75092744827271,2.81037712097168,-16.1782875061035,-98.3962857492831,115.563098794086,40.4566174729545,3.11643600463867,-7.13310146331787,-5.12948656082153,-85.4693945940361,-120.339545703324,-18.6496761419162
15.81,4.21234893798828,1.40821516513824,-13.3341608047485,-137.96543625281,68.4027872545469,49.8214932590536,3.2514181137085,-7.79728984832764,-4.67463397979736,-85.3386579431329,-86.3441574116072,-18.8748640637569
15.815,1.89308571815491,0.152542173862457,-8.74522590637207,-149.766473176218,-14.679124960395,55.5083975544654,2.65841841697693,-9.05050659179688,-4.52717781066895,-85.2134400850791,-56.7694178148845,-21.1228756875468
15.82,-0.3211749792099,-1.10378646850586,-4.115478515625,-139.889077070274,-78.2019367133592,55.7523514210508,1.81282472610474,-10.1396036148071,-4.48861980438232,-83.8261398721903,-31.8228383054245,-22.66040591123
15.825,-2.35136651992798,-2.46545100212097,-0.125374853610992,-112.918155849322,-111.989058876904,49.9233826059973,0.857284903526306,-10.9680938720703,-4.47905015945435,-81.4413588329128,-12.9854173386975,-23.2612115487391
15.83,-4.08398914337158,-4.07207536697388,2.32094740867615,-73.2993362101507,-100.967168952876,36.7628375094333,-0.0374344289302826,-11.394700050354,-4.4003005027771,-78.3148055893936,-2.58782762226313,-22.5689838291894
15.835,-4.92127466201782,-5.49629354476929,2.55606889724731,-41.9395437493181,-54.3527022261426,17.093407294245,-0.513986229896545,-11.3289203643799,-4.00412607192993,-73.592180570815,1.42190312516285,-20.0846459525698
15.84,-5.32061147689819,-7.38306570053101,1.93174755573273,-23.3804820195732,-5.55197775033963,-4.31655575826935,-0.782384991645813,-11.1366481781006,-3.53107404708862,-68.095292138113,5.11946669331915,-16.8911978363195
15.845,-5.44479608535767,-9.85400295257568,0.783937275409698,-16.5228969607995,38.67226128814,-26.2297620261884,-0.862266957759857,-10.8766384124756,-3.07188677787781,-62.6260181602253,8.67761190652863,-13.3957469295016
15.85,-5.52517557144165,-13.1331253051758,-0.448211938142776,-20.0376440057964,68.541112245618,-46.8567813479179,-0.748887121677399,-10.614574432373,-2.77463793754578,-58.6201531931478,11.769431930571,-10.2238694044238
15.855,-5.93271398544312,-15.9113187789917,-1.34365737438202,-28.7840188417941,75.633970000542,-60.7025890786255,-0.348223954439163,-10.3319396972656,-2.55872368812561,-57.1933335057213,14.6257470320313,-8.0272669069694
15.86,-6.59019088745117,-17.5558300018311,-2.06839847564697,-37.8181358871461,69.4461054804556,-67.3865643890758,0.126725554466248,-10.0883769989014,-2.34749317169189,-56.7050569423354,18.7468082621029,-7.10622656956376
15.865,-7.37268733978271,-17.9433689117432,-2.63332605361938,-45.4200954522353,52.732396939908,-66.9740824349095,0.56686145067215,-9.91348552703857,-2.13916230201721,-56.8304489702131,24.4622337199415,-7.60290981515745
15.87,-7.95624494552612,-16.8311023712158,-2.99523043632507,-48.2541355992649,29.0973674303468,-59.1485434575292,0.729090631008148,-9.87792491912842,-1.95667791366577,-57.2767437758655,32.3303042852835,-9.95057219139048
15.875,-7.9693865776062,-15.1662502288818,-3.11496996879578,-45.3844691855245,3.95509318276899,-47.0987886105898,0.357110202312469,-10.0771169662476,-1.73740673065186,-57.7193195435148,37.706547671581,-12.8750884392607
15.88,-7.54844379425049,-13.4660577774048,-3.04261088371277,-40.8361301039971,-18.0540102217575,-35.5127045705513,-0.416771650314331,-10.3844347000122,-1.58443176746368,-57.7047234292585,38.5262420889689,-15.2845443906885
15.885,-6.71845531463623,-11.8699531555176,-2.78169226646423,-35.6776843748584,-36.7463665082498,-25.1337915795155,-1.51885342597961,-10.7330541610718,-1.53010308742523,-57.0913075549942,33.6590458713232,-16.9016463182023
15.89,-5.4599404335022,-10.511344909668,-2.29866313934326,-30.8706894445572,-55.9056925830122,-14.7438546631592,-2.73750281333923,-10.9377431869507,-1.62230372428894,-55.6715263775074,19.8947786464745,-17.5242573346367
15.895,-4.05936145782471,-9.45815086364746,-1.7026869058609,-28.2123576214734,-77.2597052871667,-3.43875222585718,-3.5317690372467,-10.8707237243652,-1.59516620635986,-53.8781236071372,-0.0349600064366462,-18.0782112895342
15.9,-2.62734723091125,-8.65708637237549,-1.10200500488281,-28.7716288786397,-95.5241775429144,6.9817596054318,-3.92052364349365,-10.6416997909546,-1.51201128959656,-52.284469719044,-21.9324392268482,-18.4978495744033
15.905,-1.20591259002686,-8.10652256011963,-0.54718416929245,-33.0111921832637,-107.942622586157,15.7845535115211,-3.88976788520813,-10.3013477325439,-1.41293048858643,-51.1419976369543,-43.5753433196849,-18.7220932225913
15.91,0.165201038122177,-7.87692070007324,-0.146266952157021,-40.888551805877,-107.767196007514,22.2750961571294,-3.37699246406555,-9.99387836456299,-1.4585268497467,-50.83549289795,-58.2369659203317,-18.4764215634297
15.915,1.48929047584534,-7.89857769012451,0.119863420724869,-48.813125111128,-97.1383015079502,26.7144476176181,-2.54551959037781,-9.79338073730469,-1.56864249706268,-50.8001774048464,-71.7824604785176,-17.659034042434
15.92,2.72385382652283,-8.08191394805908,0.28556302189827,-55.5196127250826,-79.6365769673853,29.1475385848951,-1.47900950908661,-9.68513965606689,-1.6432763338089,-50.4864599860785,-84.4021911966,-16.3377766361774
15.925,3.83236908912659,-8.38018035888672,0.358399271965027,-60.1798951920119,-56.8938843521296,29.4332112469309,-0.215140968561172,-9.66505432128906,-1.63032472133636,-49.5805924870273,-95.6613072508808,-14.5482926868434
15.93,4.65073871612549,-8.64118671417236,0.248634427785873,-61.1261154486796,-31.140372633746,26.6099645063372,1.12761032581329,-9.70681571960449,-1.57741677761078,-47.9345203121488,-96.8498284683547,-12.7914809474042
15.935,5.18423938751221,-8.78744220733643,0.0771944969892502,-59.9920171785124,-5.80993307783668,22.1842973298505,2.31077098846436,-9.72793197631836,-1.72904872894287,-46.6708635987101,-90.3157963007537,-11.2070264703493
15.94,5.49583148956299,-8.83595371246338,-0.147238001227379,-57.4162230689063,18.1523939741097,16.7377559290679,3.30760383605957,-9.72556781768799,-2.01909422874451,-45.753975589433,-77.4820894163532,-9.82625677208072
15.945,5.62204027175903,-8.79426956176758,-0.420996934175491,-53.8187658481552,39.9106667922171,10.6707020874734,4.08542013168335,-9.6960277557373,-2.40339612960815,-45.1767119064457,-59.095507038624,-8.68657567604063
15.95,5.50605916976929,-8.64499282836914,-0.724913597106934,-49.6486928881469,57.30806019321,4.60828338300435,4.4712028503418,-9.63733673095703,-2.65222096443176,-44.4293389470845,-35.6670975816448,-8.55502025621066
15.955,5.15828084945679,-8.46850395202637,-0.946645379066467,-45.6933235096033,72.0695264991441,-1.25848412580283,4.72688436508179,-9.54791927337646,-2.76709938049316,-43.8118044687507,-11.2684315785351,-8.78626740961884
15.96,4.59698152542114,-8.29778575897217,-1.08627653121948,-42.2402325822442,84.4990159582741,-6.83637049121161,4.82433032989502,-9.43378448486328,-2.76878809928894,-43.1728300266123,13.6603962692721,-9.13919609063809
15.965,3.82869911193848,-8.17472362518311,-1.13759732246399,-39.6893789083924,94.7990368493017,-11.9860189366994,4.71602249145508,-9.3005838394165,-2.67465829849243,-42.3206956257615,38.6072208117685,-9.32022171685282
15.97,2.96325278282166,-8.2039680480957,-1.10765612125397,-38.5832809987276,102.663063942655,-16.1967400600058,4.07876968383789,-9.23876762390137,-2.55949449539185,-41.490629566119,61.7355185868065,-9.11508808418889
15.975,2.10898065567017,-8.33820724487305,-1.0653373003006,-38.1678381575562,108.995475756146,-19.8308873494309,3.17231011390686,-9.24835968017578,-2.40570378303528,-41.035411118316,80.8991852467864,-8.79603799522654
15.98,1.28004574775696,-8.56145095825195,-1.02648496627808,-38.2175585196193,113.778937269662,-22.7688829756281,2.08486485481262,-9.31479549407959,-2.21012711524963,-40.8319739338872,95.0913347948324,-8.4634573015184
15.985,0.49454739689827,-8.85774612426758,-1.01423370838165,-38.4335256860805,116.722414122669,-24.6727452728031,0.937199115753174,-9.41646194458008,-1.96423184871674,-40.6365144104089,102.106792846082,-8.27746954287166
15.99,-0.210826173424721,-9.18282508850098,-1.0144305229187,-38.5094432387052,118.448703454254,-26.2489070464319,-0.152656719088554,-9.4781379699707,-1.76999461650848,-39.8815804316366,103.461649660413,-8.17313754952607
15.995,-0.873654842376709,-9.4849271774292,-1.01189625263214,-38.3024304502459,119.626282708678,-27.7620073910013,-1.19577860832214,-9.52338218688965,-1.55370962619781,-38.9671512904607,101.50368031218,-8.01442273623519
16.0,-1.49966728687286,-9.74709224700928,-1.00740790367126,-37.7180906912784,120.320871966133,-29.1107511860254,-2.16553497314453,-9.56048107147217,-1.31642735004425,-38.0343489404175,95.9620404800364,-7.79672667814032
16.005,-2.08851623535156,-9.93517875671387,-1.00856757164001,-36.4994756603214,120.436670993321,-29.8892834683801,-2.9737548828125,-9.60423755645752,-1.086097240448,-37.346583041943,84.8692736829913,-7.55077498122274
16.01,-2.61473917961121,-10.0101051330566,-1.04118847846985,-34.9091446592594,119.691920826602,-29.896205865104,-3.5056586265564,-9.6456356048584,-1.069340467453,-37.0849150797453,69.217369275341,-7.55607776933961
16.015,-3.08125925064087,-9.99921894073486,-1.09239017963409,-33.273102617177,117.952367267648,-29.2274381378059,-3.78925204277039,-9.69232368469238,-1.15351927280426,-36.9843029781764,51.5552138364563,-7.65379301692675
16.02,-3.48764967918396,-9.90800285339355,-1.15414488315582,-31.7216114868303,115.128930989305,-27.8745962292798,-3.80561447143555,-9.74000549316406,-1.28400444984436,-36.9814889402383,32.7673168638538,-7.81453725017477
16.025,-3.8289942741394,-9.73470115661621,-1.2018711566925,-30.5365395148872,110.940174046822,-25.7026387618981,-3.43844294548035,-9.76097393035889,-1.31849694252014,-37.0463176807455,14.4325243955063,-8.06002876309702
16.03,-4.11645698547363,-9.53450965881348,-1.22122299671173,-30.0375976111124,105.575169736803,-23.1886476189969,-3.00727558135986,-9.7519359588623,-1.32311582565308,-37.3000421329386,-0.661624416643268,-8.51444807876713
16.035,-4.33604383468628,-9.36246871948242,-1.21575129032135,-30.1663739977238,99.5609081348512,-20.6477011345363,-2.51909112930298,-9.74122524261475,-1.38369297981262,-37.6394274026073,-12.121188380374,-9.23760033355776
16.04,-4.4886302947998,-9.23614406585693,-1.18533635139465,-30.9245318257844,93.1650438639704,-18.2554888494418,-1.97055351734161,-9.74555110931396,-1.52541172504425,-38.0478351489337,-19.5944159550813,-10.2425491180302
16.045,-4.63667249679565,-9.13768005371094,-1.12546384334564,-32.3290953418004,87.241890155357,-16.5578163029312,-1.33003127574921,-9.82107543945313,-1.69971144199371,-38.6546291547976,-22.2592723163697,-11.4021436305955
16.05,-4.76072072982788,-9.04473686218262,-1.07941091060638,-33.7119456864449,82.804008893087,-15.3465488479738,-0.75277578830719,-9.93867015838623,-1.7293576002121,-39.1380938499132,-21.3195526922446,-12.4899298030954
16.055,-4.82819414138794,-8.96154689788818,-1.0592452287674,-34.8968878847938,79.9070729490853,-14.4678552565355,-0.255343049764633,-10.0526809692383,-1.69056081771851,-39.5158238015824,-17.3369171985343,-13.521779287614
16.06,-4.81921339035034,-8.89281845092773,-1.07464349269867,-35.7684780794953,78.675104898301,-13.8791825963132,0.142307579517365,-10.1370058059692,-1.62671029567719,-39.7856333492708,-10.6227737962937,-14.486580220145
16.065,-4.74203491210938,-8.87337875366211,-1.15925931930542,-36.1205299349799,79.2704856580618,-13.94342820942,0.318016022443771,-10.1591396331787,-1.66325104236603,-39.8465586366673,-4.48964811976311,-15.0894963861077
16.07,-4.60945796966553,-8.90006351470947,-1.27842223644257,-36.3419407622096,80.2676864466945,-14.475038907995,0.385415256023407,-10.1699085235596,-1.75112068653107,-39.8785512427397,1.744946206747,-15.8036592581769
16.075,-4.43984270095825,-8.97186470031738,-1.40758991241455,-36.519747661778,81.177699870572,-15.2197088199921,0.377441376447678,-10.1884727478027,-1.82141482830048,-40.0508905758774,8.87071501474323,-16.6870059159874
16.08,-4.24553537368774,-9.09074592590332,-1.5278412103653,-36.7205449780926,81.6059800522885,-15.98807265822,0.315694093704224,-10.2305641174316,-1.81821513175964,-40.5068876652458,17.5707606776008,-17.7960083635967
16.085,-4.01430702209473,-9.2460412979126,-1.54814696311951,-36.9262429551367,80.0688118286312,-16.9757111820147,0.128313884139061,-10.2527465820313,-1.64219987392426,-41.0842606312599,26.6247279602281,-18.5747506742685
16.09,-3.7885730266571,-9.3997802734375,-1.49845385551453,-37.1938326913449,76.8876443925086,-18.1402276996506,-0.0751565247774124,-10.1989078521729,-1.47495460510254,-41.7231599413175,34.6041903731966,-19.2678577806738
16.095,-3.58566904067993,-9.5430154800415,-1.39697873592377,-37.5654291331394,72.3477747455521,-19.2978047450898,-0.286288142204285,-10.1088590621948,-1.26109981536865,-42.4900365058536,41.6096421973119,-20.0787480842215
16.1,-3.42913031578064,-9.6637020111084,-1.26262617111206,-38.1019575679168,66.7031493211026,-20.2169603771713,-0.495080083608627,-10.0298309326172,-0.927470743656158,-43.4782248598765,47.6924242570177,-21.2720470190198
16.105,-3.36944651603699,-9.75921058654785,-1.11775755882263,-38.891274718971,60.9757215133451,-20.7401084713647,-0.89781266450882,-10.0180034637451,-0.604815661907196,-44.3625738479476,52.9471210119403,-22.719249698477
16.11,-3.35304737091064,-9.83076000213623,-0.962903201580048,-39.8894488095604,55.7822881401829,-20.9776436676775,-1.36644434928894,-10.0113792419434,-0.413926005363464,-45.5260282711676,55.9338261322034,-23.7081176563222
16.115,-3.35955405235291,-9.88569831848145,-0.798597455024719,-41.0382797977674,51.2150874912626,-20.8656371030257,-1.91301536560059,-10.0270872116089,-0.299375057220459,-46.9275557680976,55.8435788427001,-24.2552704503536
16.12,-3.35840392112732,-9.93607330322266,-0.624802470207214,-42.2479848469521,47.4498603339284,-20.2345515293787,-2.5820209980011,-10.1064577102661,-0.151464521884918,-48.4741769735661,50.971283888839,-24.4206720188419
16.125,-3.30449914932251,-10.0067234039307,-0.408560335636139,-43.2725917696295,44.3355092233615,-19.0519469632733,-3.13027405738831,-10.2466993331909,0.122451916337013,-49.631904283167,41.0145107394558,-25.4737164341286
16.13,-3.2413547039032,-10.0794153213501,-0.184013500809669,-43.9872856889067,41.3713915386835,-17.7110408103218,-3.38913035392761,-10.365816116333,0.30549168586731,-50.6661861688037,30.0206689872545,-27.379349457846
16.135,-3.17021441459656,-10.1567268371582,0.0635572671890259,-44.2966659375516,38.4298783650637,-16.3197995782819,-3.34748840332031,-10.4294481277466,0.348404556512833,-51.7859137209572,19.20520274787,-30.0025826463323
16.14,-3.07814764976501,-10.2532081604004,0.391480058431625,-43.9317562509545,35.32381227396,-15.0447535244022,-3.00706171989441,-10.3624124526978,0.174044653773308,-53.510037882576,10.6483699302084,-33.0287082033902
16.145,-2.96647453308105,-10.3521394729614,0.775402665138245,-42.7777821303025,32.4511371618902,-14.1105262261434,-2.48822331428528,-10.1655683517456,-0.0106822364032269,-55.2333287611161,5.33235301757787,-35.2254370593443
16.15,-2.87791585922241,-10.4335775375366,1.12451612949371,-41.0353564768027,30.2335864742513,-13.4448875792589,-1.8954541683197,-9.96964645385742,-0.100050181150436,-57.3175678165347,1.62757740998827,-37.0330432080936
16.155,-2.82427215576172,-10.4894704818726,1.40949881076813,-38.681239571804,29.0044529519725,-13.00509596747,-1.28061282634735,-9.81436347961426,-0.09640783816576,-59.8734724152776,-0.819291489587637,-38.6116433592561
16.16,-2.81788921356201,-10.5021829605103,1.58432638645172,-35.4063585251742,29.8974250538708,-12.6639211882387,-0.781226217746735,-9.7543420791626,-0.116441540420055,-63.0558829458292,-2.02757665983778,-40.2681657235647
16.165,-2.81067538261414,-10.4666585922241,1.58624446392059,-31.3798561415195,33.199623442086,-12.2465821157989,-0.509438157081604,-9.71492290496826,-0.101937770843506,-66.0771761440493,-0.792755564331903,-41.9080565772444
16.17,-2.74061393737793,-10.414041519165,1.46093189716339,-26.8605948828362,37.8870798166282,-11.7267159275017,-0.401562064886093,-9.71034145355225,0.0075364508666098,-69.159476591936,2.37268477425737,-43.8164455822918
16.175,-2.57691311836243,-10.3649845123291,1.21829831600189,-22.0710869443575,43.3951526840962,-11.1222510161448,-0.432789593935013,-9.74891948699951,0.218243882060051,-72.3436971226176,7.08595456810716,-46.135410918727
16.18,-2.25950145721436,-10.4033393859863,0.84381103515625,-18.2027444211237,47.6762640294414,-10.6747472670093,-0.538813352584839,-9.8493766784668,0.390353262424469,-75.3309076768793,11.211417428212,-49.1503725315865
16.185,-1.87460517883301,-10.5501842498779,0.430030465126038,-14.0662093974874,51.3084220262708,-10.4872944327856,-0.65277487039566,-9.94958877563477,0.451885432004929,-78.1325624819594,15.9786384594289,-51.8516781973807
16.19,-1.46729588508606,-10.7523832321167,0.0382442139089108,-9.32072288198317,54.2933171464039,-10.6069098281727,-0.791883885860443,-10.0858364105225,0.450930535793304,-80.8665506029321,20.6868620241425,-54.0926632640619
16.195,-1.06437933444977,-10.9855642318726,-0.293125867843628,-3.78485541346148,56.5463131007406,-11.1040016044562,-0.966663658618927,-10.2786455154419,0.411473512649536,-83.6037898939497,24.9422133110331,-55.7868951027781
16.2,-0.74258279800415,-11.2604608535767,-0.476712018251419,1.96090462202835,57.1752710704612,-12.4921991334472,-1.17789232730865,-10.5167827606201,0.370875179767609,-86.5686793900038,28.3710878026899,-57.2322006971933
16.205,-0.543957233428955,-11.5815048217773,-0.513057887554169,7.83315207698399,57.5220431897173,-14.4850161068251,-1.40122771263123,-10.7701864242554,0.306639701128006,-89.7204087108037,31.472094431166,-58.9926170689669
16.21,-0.47426375746727,-11.9208612442017,-0.422240912914276,13.7265509202519,57.8791596304714,-16.8323301434105,-1.59569346904755,-11.0475540161133,0.249794319272041,-93.0642849133343,33.4668853292141,-61.1813648488759
16.215,-0.545981705188751,-12.257493019104,-0.212455585598946,19.5585574619387,58.4800933340275,-19.3567680606472,-1.72690808773041,-11.3572731018066,0.225486755371094,-96.6163111308211,33.6682290606623,-63.9147860641474
16.22,-0.848177015781403,-12.5119075775146,0.103852733969688,24.6993147086745,59.8835127933575,-21.2907617373457,-1.72626960277557,-11.6725616455078,0.433377861976624,-100.435233820315,33.414275797132,-66.7811637418025
16.225,-1.30433666706085,-12.699179649353,0.449181139469147,28.9341737205077,61.6302790320749,-22.4326327627884,-1.6749130487442,-11.9768581390381,0.783372581005096,-103.568391856762,33.1476457025022,-69.0939272664714
16.23,-1.82892084121704,-12.8285236358643,0.779525935649872,32.3839041947952,63.6296666474344,-22.7204483966763,-1.57460474967957,-12.2607202529907,1.16091859340668,-106.349747339629,32.2412317883174,-71.0938544667753
16.235,-2.31972002983093,-12.9070606231689,1.03844797611237,35.1398411286657,65.7871526515122,-22.010692704169,-1.42379879951477,-12.5107116699219,1.4242103099823,-109.171824410327,29.8579089944277,-73.059384834419
16.24,-2.90172624588013,-13.0212163925171,1.30266010761261,38.0083805611931,67.9929076024545,-20.1891990732898,-1.3320769071579,-12.7209300994873,1.72973155975342,-112.916386830327,28.2062480172608,-75.056340902434
16.245,-3.55394506454468,-13.2029895782471,1.59508693218231,41.38804353988,69.9520039319001,-17.7701151164532,-1.28576362133026,-12.9516258239746,2.1062319278717,-117.013393841689,28.1309947005329,-76.8705620893944
16.25,-4.2181510925293,-13.4566631317139,1.86977005004883,45.6004773331208,71.2568637615068,-14.7771159768699,-1.24820780754089,-13.2279748916626,2.4833972454071,-121.422294611311,29.0038382349472,-78.6318219895306
16.255,-4.78749561309814,-13.7945556640625,2.03534960746765,51.3008234408192,71.0974061651437,-11.1405354325529,-1.15232670307159,-13.5961389541626,2.72504448890686,-126.159030800715,29.6451827527276,-80.6029394519154
16.26,-5.19103002548218,-14.131781578064,2.00125432014465,59.4625204234855,67.5127726245593,-6.79914724089551,-0.915713369846344,-14.0962610244751,2.94049835205078,-130.842819363673,29.3260933901776,-82.7018634140495
16.265,-5.45993375778198,-14.4043874740601,1.80264687538147,68.9730124275946,61.459578944338,-2.03700445532651,-0.679078578948975,-14.5584392547607,3.15956974029541,-135.335745120464,29.9388535662815,-84.5506590185885
16.27,-5.60031509399414,-14.5972299575806,1.45761156082153,79.3653364950658,53.1776262360499,2.95376055657527,-0.462511956691742,-14.9833240509033,3.36766767501831,-139.524112742164,31.5571815127514,-86.1136385271192
16.275,-5.60692739486694,-14.6822519302368,0.992660582065582,89.7658089782168,42.8140026234711,7.73829440979086,-0.275113105773926,-15.4311943054199,3.51050710678101,-143.099689451909,33.7988256926875,-87.3984585817012
16.28,-5.55801343917847,-14.6927528381348,0.574628412723541,97.0951005614499,33.9773565923079,11.0327029672577,0.0176831874996424,-16.0118026733398,3.11688041687012,-145.842966630153,33.8470434131332,-88.4961724341598
16.285,-5.51420927047729,-14.7359304428101,0.236377447843552,103.736243755615,24.0602668420025,13.8818941814137,0.426927030086517,-16.7052440643311,2.41507482528687,-147.485476861379,33.2890408636053,-89.4551856351429
16.29,-5.48322916030884,-14.8337144851685,-0.0066116782836616,110.713480068269,11.9265151824239,16.554114340401,0.949170291423798,-17.5015697479248,1.62628769874573,-148.225664461734,33.2155753488926,-90.2424947105811
16.295,-5.44043111801147,-14.9812412261963,-0.114958636462688,120.423557030115,-5.11883148572634,19.2562601194632,1.5572714805603,-18.3742446899414,1.55448520183563,-149.258143177429,37.1296050074847,-90.6556255327185
16.3,-5.32832431793213,-14.9816226959229,-0.127323299646378,131.797160715264,-23.2823800125243,21.203483872584,1.92389607429504,-19.0388469696045,2.48963713645935,-150.587680480507,43.3330662645408,-90.9304723449198
16.305,-5.13300752639771,-14.8307809829712,-0.106528721749783,144.628804882535,-40.4499990196488,22.7691493530058,1.94180262088776,-19.4666290283203,3.91751646995544,-150.686335732879,52.5685407017194,-91.6525326232169
16.31,-4.82636213302612,-14.5115222930908,-0.118148848414421,158.726875404953,-55.5748552950897,24.2195536836363,1.55628025531769,-19.6069164276123,5.60127210617065,-148.754375745006,66.3981882048507,-93.0625978566094
16.315,-4.24247026443481,-13.9353322982788,-0.522301375865936,172.758857016962,-66.3451859368914,26.7537468185551,0.711735963821411,-19.1925735473633,6.93703746795654,-142.903744985,94.5191561876821,-95.3651024371448
16.32,-3.23053288459778,-13.5046768188477,-0.819952428340912,181.022784856031,-73.3116100600893,30.3667854083503,-1.12249767780304,-18.1347274780273,4.57934474945068,-130.607000252389,121.418852195969,-99.3591784977149
16.325,-1.745561003685,-13.3811588287354,-0.648341834545135,185.165021380077,-82.8865790499633,33.7152241772465,-3.65909314155579,-16.9044532775879,1.18231773376465,-118.979777982979,146.701207220122,-103.697639526426
16.33,0.22599683701992,-13.6486854553223,0.168804630637169,186.202581756515,-99.3892791413871,35.9571962062628,-6.74410057067871,-15.7558937072754,-1.81297242641449,-112.028865219387,169.6139783759,-107.66082264138
16.335,2.02762079238892,-13.9752407073975,0.888943910598755,190.922583982452,-137.038320035251,34.9665763048954,-9.63367366790771,-14.9607973098755,-2.64209771156311,-113.60877676687,181.997343567565,-110.748368674549
16.34,3.86086750030518,-14.0219860076904,0.502125203609467,197.535791702912,-181.016883572588,32.5282841485655,-11.5279092788696,-14.0904769897461,-3.83021759986877,-113.532640648192,161.424759145973,-112.476707062886
16.345,5.67932415008545,-13.8288993835449,-0.755719065666199,204.427302311293,-221.719401516041,29.7704859881461,-12.4707736968994,-13.2628335952759,-4.88290643692017,-112.084818129067,118.838543331322,-111.553477222965
16.35,7.44514513015747,-13.4131174087524,-2.75013399124146,210.328845301373,-251.300117528288,27.5715424433537,-12.4390125274658,-12.5743179321289,-5.39835023880005,-109.4076503518,61.6000964261327,-106.787712729588
16.355,8.17782974243164,-12.8954954147339,-4.29883098602295,214.467953598779,-247.781859766057,28.4657286113769,-11.4888849258423,-11.9903984069824,-7.07752227783203,-102.848865578647,-3.66901924711947,-93.6534638613288
16.36,8.35232257843018,-12.483904838562,-4.9045238494873,215.468945142401,-227.269531273324,31.3319047984515,-9.58761405944824,-11.4731845855713,-9.56350231170654,-94.4244556148399,-80.2479335396148,-74.298770470642
16.365,8.07767963409424,-12.2324724197388,-4.72423458099365,213.166474712811,-193.791577622559,35.5541364980566,-6.57283639907837,-11.0641613006592,-11.9008169174194,-85.94674285475,-159.100691658228,-50.3391089000193
16.37,7.45637178421021,-12.2215204238892,-3.89478826522827,207.09863027682,-151.412125294463,40.4628739262343,-2.15489959716797,-10.8237743377686,-12.8775682449341,-79.6886434994283,-229.049355627624,-23.4499228453174
16.375,6.60123825073242,-12.5120649337769,-3.18338990211487,201.237535667006,-100.810491243505,44.8294275230018,2.58123993873596,-9.99265480041504,-12.4357271194458,-84.1287582335569,-246.180480934013,-0.367189448995578
16.38,5.58254718780518,-12.8664216995239,-2.75853037834167,197.629501898325,-56.6946818849862,48.1252601749106,6.04747533798218,-8.6400089263916,-12.0922231674194,-91.3185158822358,-243.570747614421,15.7612352456947
16.385,4.38534879684448,-13.1880750656128,-2.61754989624023,196.052930313346,-18.0472859005196,50.4299333405075,8.33245372772217,-6.97044372558594,-11.8522272109985,-98.4018113723217,-233.13192361908,25.1946144140744
16.39,2.9551305770874,-13.3157300949097,-2.76755380630493,196.086398240279,18.0319845692315,51.8454866308981,9.64696502685547,-5.33098554611206,-11.5767488479614,-100.792555166745,-233.127770864065,28.0507860815622
16.395,1.31191289424896,-13.1743040084839,-2.96849703788757,194.576325377059,55.0133522736121,51.8355726113178,11.0690956115723,-4.62430238723755,-10.4384288787842,-95.482779766355,-219.881028780176,27.6756447715884
16.4,-0.391947954893112,-12.9092998504639,-2.9970908164978,190.413133832639,85.4859646329626,49.9872175539802,12.0637874603271,-4.79853963851929,-8.95944595336914,-86.2193835158494,-182.100711650464,26.3726325081521
16.405,-2.07159614562988,-12.5587892532349,-2.79514265060425,183.261597922556,106.988568102511,46.4094893346467,12.4161024093628,-5.87106132507324,-7.18863153457642,-73.8371043242625,-121.157419875298,25.3629666242842
16.41,-3.53337979316711,-12.1728420257568,-2.25360417366028,172.278271246582,114.240562434907,41.4126014850408,11.6369409561157,-7.99290227890015,-5.05161809921265,-59.1182105874251,-43.0383436018547,27.3883277415099
16.415,-4.55157613754272,-11.8894195556641,-1.38434147834778,159.145702604858,103.661787863473,36.8888374241471,10.2050771713257,-9.82049942016602,-3.73773121833801,-39.6425716220103,24.2940505569136,32.1607380089488
16.42,-5.15500354766846,-11.7096290588379,-0.326352149248123,146.422754068039,83.4401385614362,33.2710569755206,8.39208507537842,-10.6109247207642,-3.46104407310486,-17.6420046732859,77.0831312367436,38.0514995454234
16.425,-5.32509136199951,-11.6210308074951,0.828788697719574,135.202255903325,56.201453434452,30.5707519324398,6.38068294525146,-10.2855663299561,-4.07201814651489,5.54401759174881,114.515778077323,44.8751829602517
16.43,-4.94635534286499,-11.5644607543945,1.79272663593292,128.025065802719,26.0116484727805,28.4087033619965,4.7519850730896,-9.2205057144165,-4.65873193740845,25.8964487946918,136.554018641962,53.3951267799797
16.435,-4.37464761734009,-11.4474077224731,2.21836280822754,123.966389812979,-1.45154305123124,25.7740586349543,3.66834807395935,-7.77648448944092,-5.02265357971191,41.7096839780851,147.234467409381,62.1039868019612
16.44,-3.53790688514709,-11.2001857757568,2.18954944610596,120.996364014669,-24.0012574226681,22.7902358545209,2.9742636680603,-6.17111682891846,-5.44104337692261,54.823783788293,150.356833746939,70.2187842906916
16.445,-2.40825772285461,-10.7931699752808,1.71678292751312,118.419634169147,-40.2049591529854,19.549358904674,2.65577745437622,-4.56108140945435,-5.95499753952026,66.0333194993886,147.280530205144,77.5800001781053
16.45,-1.02712082862854,-10.2135324478149,0.767049849033356,115.983059805393,-45.8446053695299,16.5363097447821,2.93150854110718,-3.64170479774475,-6.11720705032349,77.3094427247028,140.321332422088,85.2131122359989
16.455,0.104450851678848,-9.61408710479736,-0.256669282913208,114.542197249033,-43.3848698343008,13.8629002791056,3.43012475967407,-3.11350250244141,-5.84575366973877,89.6748103679047,135.427597504422,94.3018673796165
16.46,0.953880071640015,-9.0075159072876,-1.17628657817841,113.931967658017,-35.3147861789718,11.291297344329,3.89630317687988,-2.72958207130432,-5.55622577667236,100.748418484328,133.033739143738,103.197471603695
16.465,1.47347092628479,-8.402419090271,-1.88101994991302,114.040103212956,-22.7916770244358,8.70650531426508,4.15851163864136,-2.37393999099731,-5.46732187271118,109.225448225501,133.400096830439,111.138147079915
16.47,1.39632368087769,-7.84023809432983,-2.17272853851318,113.583805595264,-8.61195244426365,6.19621784144134,3.58716249465942,-2.15970706939697,-5.58559894561768,115.530655395528,134.586323104352,120.268361471794
16.475,0.981830656528473,-7.33208703994751,-2.23895692825317,111.653266286739,3.78253656423826,4.21835215215656,2.60728859901428,-2.18355488777161,-5.4432635307312,122.967474646865,130.96266186285,130.973098391902
16.48,0.367021083831787,-6.87071228027344,-2.14334297180176,108.958920583709,13.5371489207938,2.90045583930178,1.47120094299316,-2.41639256477356,-5.18372058868408,130.695082371925,122.143794814096,141.503665488174
16.485,-0.351305305957794,-6.45320415496826,-1.92662906646729,106.019432561178,19.8100330743476,2.3844512692066,0.37015426158905,-2.84786105155945,-4.91393280029297,138.062028788053,107.50495772452,150.457606357954
16.49,-0.893467545509338,-6.14768314361572,-1.66602313518524,102.00369797075,24.4249067361273,3.04870381457644,-0.189902499318123,-3.5399272441864,-4.85408639907837,144.476819513124,87.090833691673,156.252325189414
16.495,-1.20460736751556,-5.90387487411499,-1.43611323833466,97.2961745004259,29.4827540240756,4.25840993097821,-0.27613240480423,-4.34139013290405,-4.73197460174561,151.47074197792,65.3411959402237,160.75903426795
16.5,-1.33101999759674,-5.70253801345825,-1.21859538555145,92.4040378470259,34.6044157694392,5.82284768489671,-0.0229546334594488,-5.13904571533203,-4.56872129440308,159.306744805109,43.9435212517999,164.300473692224
16.505,-1.31666135787964,-5.5227632522583,-0.991425216197968,87.9502763949357,39.3184176741907,7.52967908819751,0.426853328943253,-5.79036951065063,-4.38770151138306,168.379954438175,25.0450571769132,167.207839335088
16.51,-1.21444129943848,-5.39298582077026,-0.773179292678833,83.9652298444484,43.6360363806496,9.4440982965084,1.06923615932465,-6.44513893127441,-4.34084796905518,178.168216575451,12.270791721312,169.150003625581
16.515,-1.08629536628723,-5.32206058502197,-0.600092113018036,79.9429314422279,47.5784386450539,11.7395199708746,1.74924027919769,-7.16182470321655,-4.3557767868042,188.170837369638,3.49729548478066,170.06658769144
16.52,-0.948686063289642,-5.30199241638184,-0.468561589717865,75.7590375944341,51.2123315099325,14.3886575055619,2.37610340118408,-7.85484218597412,-4.45145845413208,198.209699147561,-1.96133471050265,169.925366700161
16.525,-0.82528954744339,-5.32205629348755,-0.372322738170624,71.2141682490051,54.6293931894198,17.3587925868986,2.78857183456421,-8.35338401794434,-4.67995405197144,208.003753285252,-4.83225168919142,168.56021679075
16.53,-0.716417908668518,-5.33406734466553,-0.324870884418488,66.0689457660994,58.0563620582983,20.3752039074094,3.00896525382996,-8.44590473175049,-5.03857421875,216.814260182462,-6.9401560694236,166.931148371811
16.535,-0.632922649383545,-5.33691501617432,-0.305287629365921,60.7503184405455,61.3798296555889,23.1549560033685,3.21212935447693,-8.29575824737549,-5.32603120803833,225.116491722395,-8.20530432542225,166.015875702272
16.54,-0.576545238494873,-5.33314514160156,-0.306982487440109,55.4085948303132,64.4587286692689,25.5773577245944,3.44480872154236,-7.98605918884277,-5.50309705734253,232.625806601583,-8.56016851129755,165.948297810624
16.545,-0.550871312618256,-5.32996940612793,-0.320324182510376,50.3237273140084,66.9016551089507,27.3616968339361,3.7820897102356,-7.68469381332397,-5.51881217956543,238.269264063684,-7.75454513737361,166.839541874662
16.55,-0.533610999584198,-5.34447860717773,-0.348739624023438,45.8428397656295,67.7355802254742,28.2469969258491,4.25993967056274,-7.61812734603882,-5.42243957519531,244.071209235286,-4.21442778159156,168.946709875125
16.555,-0.495123773813248,-5.35358381271362,-0.398476421833038,41.7782488320683,66.7044129060991,28.1269529360916,4.75100040435791,-7.77340793609619,-5.20456504821777,250.253295415335,3.30088955321553,171.696161544378
16.56,-0.42438817024231,-5.34829711914063,-0.476617693901062,38.0259034115088,63.4923866753063,26.9982317323484,5.16971015930176,-8.1268949508667,-4.92053604125977,256.688890896618,14.6186402202,174.662171191456
16.565,-0.299611926078796,-5.30975770950317,-0.609969973564148,34.2879048033008,56.8819554267442,24.9516014060472,5.24414157867432,-8.58121395111084,-4.83805751800537,262.565203167903,27.6918698859618,176.431736601623
16.57,-0.139515221118927,-5.25292348861694,-0.795074760913849,30.109837106869,47.0109626231472,22.3888700332288,4.76048469543457,-8.963623046875,-4.88801383972168,267.67576927096,37.6696407444009,176.549475402536
16.575,0.009784092195332,-5.21190452575684,-1.02482354640961,25.6242760015505,34.861804618122,19.7192410772579,3.90934944152832,-9.27212238311768,-4.9579963684082,272.197163256212,43.5504233744981,175.854408031839
16.58,0.136670380830765,-5.20142936706543,-1.2965852022171,21.0484078425734,21.211680099588,17.2023710096215,2.8030161857605,-9.50311470031738,-5.00763368606567,276.149056068468,44.5382292379274,174.670053229759
16.585,0.277742117643356,-5.24155521392822,-1.59769785404205,17.8320034605227,10.1462349129965,15.8169525138491,1.90741658210754,-9.65182113647461,-5.01807451248169,279.350556977749,38.0436277524049,173.480234276342
16.59,0.466661036014557,-5.25064086914063,-1.87880194187164,14.8231873103689,-1.75694226008537,14.5884234633118,1.09791493415833,-9.84323406219482,-4.99657964706421,282.193964729226,25.5460225242297,172.392034877398
16.595,0.656691014766693,-5.20779323577881,-2.13073015213013,11.6596477387205,-15.0623600445352,13.2403840315459,0.372570395469666,-10.0996627807617,-5.00564241409302,284.806976539619,9.01505227983123,171.361974048668
16.6,0.820091307163239,-5.10051441192627,-2.34200429916382,8.16536052538237,-29.9461072271801,11.6261456608415,-0.244326189160347,-10.4366254806519,-5.07913637161255,287.213580033295,-10.6204933668846,170.377047109974
16.605,0.900413274765015,-4.95424318313599,-2.42228984832764,4.76851748649874,-42.8127253780963,9.85056626911044,-0.381251990795135,-10.856520652771,-5.20253753662109,288.862606264989,-31.320535948578,169.557943503949
16.61,0.917555332183838,-4.79982757568359,-2.42496275901794,1.12306751465769,-53.5380245827002,7.90276621877841,-0.209494039416313,-11.2692775726318,-5.15838718414307,289.492049178141,-50.8487673706019,169.187050571639
16.615,0.877272248268127,-4.64526891708374,-2.37947726249695,-2.85515994571696,-62.2107836398235,5.87192985115924,0.198211535811424,-11.6492233276367,-4.88374710083008,289.336430148091,-67.1049010480828,169.202213591597
16.62,0.780628323554993,-4.49692726135254,-2.30632734298706,-7.25353197873296,-68.7759887907964,3.8239582464598,0.798418521881104,-11.9739122390747,-4.31441116333008,288.534292731965,-78.2169494691549,169.577628109137
16.625,0.600816547870636,-4.4769172668457,-2.19257211685181,-12.6441990170103,-72.304464516025,2.18566544360255,1.50694823265076,-12.1307764053345,-3.70674633979797,286.484170471451,-83.4902448291874,170.548129688304
16.63,0.406156152486801,-4.59897613525391,-2.01782703399658,-18.6036833555926,-73.8922922527562,0.893566328356088,2.10738563537598,-12.066047668457,-3.50890231132507,282.872940174238,-86.9570576065891,171.36343570915
16.635,0.217408761382103,-4.81890487670898,-1.79869592189789,-25.1040187849234,-73.6619441229975,-0.0915828049295275,2.51850819587708,-11.7869472503662,-3.48541378974915,277.359966646041,-86.6415711688262,171.771402908275
16.64,0.0611144118010998,-5.08869934082031,-1.55262434482574,-32.1516709328256,-71.6274561654934,-0.795476487581654,2.62370371818542,-11.286057472229,-3.35385203361511,269.370940260687,-79.7704145241717,171.423882883305
16.645,-0.194459348917007,-5.47450971603394,-1.12754845619202,-40.0574168216294,-67.7510574341335,-1.41660417902739,2.38376355171204,-10.6841249465942,-2.88358592987061,258.745897987815,-68.6042846652515,168.881795757253
16.65,-0.561210572719574,-5.94455242156982,-0.49801042675972,-48.7447515024415,-63.0171421128569,-2.2791869550393,2.10433793067932,-10.11181640625,-2.57911944389343,247.003709974296,-62.8526438368863,163.785163240103
16.655,-1.00124895572662,-6.46826887130737,0.328574419021606,-57.8033650212518,-57.3634325368113,-3.50733693007763,1.78368639945984,-9.59891510009766,-2.47958779335022,234.141671465218,-61.6198493332123,156.161224126264
16.66,-1.4492439031601,-6.99675130844116,1.3562183380127,-66.5029701369079,-50.4714677208504,-5.34056632005481,1.38199806213379,-9.19434928894043,-2.62760996818542,219.87679406289,-62.6625118609606,145.833472667207
16.665,-1.81853592395782,-7.55165529251099,2.56965231895447,-71.8523128231594,-41.0087665503638,-7.5787787568198,0.97221702337265,-9.00322532653809,-2.8205029964447,204.231398825519,-60.920717999959,134.641237825279
16.67,-2.14558672904968,-8.1193790435791,3.9094033241272,-73.5538290586254,-29.490806817107,-9.94165281810809,0.681404769420624,-9.01494884490967,-3.07564258575439,189.840299527329,-63.5505115851432,123.968916982972
16.675,-2.45614314079285,-8.7271146774292,5.35821676254272,-71.4228646790948,-16.0312650669839,-12.18560474821,0.639963805675507,-9.17574787139893,-3.54984450340271,177.477684450362,-72.7549359823549,113.97119343442
16.68,-2.8103461265564,-9.46255207061768,6.89743995666504,-64.6820553645608,-0.596883187934833,-13.6931521489842,1.20371305942535,-9.34660053253174,-4.71289873123169,168.622152946144,-92.938322564661,104.656099482086
16.685,-3.26476144790649,-10.49280834198,8.48707675933838,-57.2808487195567,11.5741004731397,-14.0291556212401,2.3010516166687,-8.94671535491943,-5.36306381225586,153.533896239371,-101.847389091594,96.9945123655431
16.69,-3.80064511299133,-11.8261260986328,10.2174005508423,-48.0802936245098,22.4271122623918,-13.5494680207355,3.2530300617218,-8.15068340301514,-4.77692031860352,133.704381757963,-100.302270527743,88.9534604292813
16.695,-4.42218017578125,-13.4546546936035,12.1494445800781,-36.3683018773113,31.82559087166,-12.2470773045138,3.92000102996826,-6.95458364486694,-3.18443441390991,111.140121004585,-91.3395323743119,80.0817891880543
16.7,-5.16762924194336,-15.3335180282593,14.4777631759644,-19.9607224153637,37.1868146719727,-9.73341571824003,4.32922649383545,-5.16553401947021,-2.38220429420471,93.7133851109173,-88.3096809490618,70.3071601083624
16.705,-5.95085430145264,-16.7934646606445,16.6652450561523,-3.06825309664149,35.2130436810953,-6.64158459514025,4.95752096176147,-2.89564919471741,-2.59203791618347,72.2223724723906,-83.2241269987454,56.8774645773649
16.71,-6.55499172210693,-17.5783576965332,18.1930561065674,11.3841196151494,31.0161963795406,-3.1872828033073,5.57120847702026,-0.604322850704193,-3.00157785415649,45.7627660428948,-66.5877532750753,41.154365692901
16.715,-6.84663963317871,-17.5323257446289,18.7837619781494,21.7653318186146,26.4494687212202,0.627593532712208,6.04273366928101,1.46296310424805,-3.36402797698975,14.3120663255303,-35.4002659964345,24.1310941961482
16.72,-6.39972400665283,-16.2815361022949,17.8095531463623,23.68060906944,22.8363754899116,5.29042590135775,5.99792432785034,2.60032749176025,-3.88907527923584,-18.580749287907,5.34141112907778,10.5823621282957
16.725,-5.46001625061035,-14.5274448394775,16.1868019104004,20.1815834123652,17.8859824455333,11.0090867344287,5.30915451049805,2.51943469047546,-4.45264959335327,-49.6194733388776,43.9974968217159,-0.0332288236213658
16.73,-4.33372974395752,-12.6064767837524,14.2933969497681,14.0855840828418,14.5322092988953,17.518975890861,3.95590925216675,1.3832505941391,-4.97596120834351,-78.0996341399707,81.5686530684743,-9.02432596917682
16.735,-3.19817137718201,-10.7176475524902,12.3409042358398,6.81047681718127,14.6448066749103,24.6857789812868,1.90040743350983,-0.763170599937439,-5.37112379074097,-103.513149286755,117.497531310438,-17.1143691448078
16.74,-2.52241563796997,-9.41403102874756,10.8182649612427,-0.289856686510945,22.4105473461072,31.8143108142457,-0.678029537200928,-3.60173177719116,-4.84492969512939,-125.965750107582,133.330702108472,-26.5175913204546
16.745,-1.9639196395874,-8.22871017456055,8.99953365325928,-8.33607512727131,30.0830969162684,38.1482389297328,-2.71195149421692,-6.05617046356201,-3.76290988922119,-142.463334387317,121.753258257733,-36.6778460504963
16.75,-1.39197731018066,-7.1112060546875,6.80975008010864,-17.6461369377337,35.8063924595781,43.8062856759014,-4.26510143280029,-8.61478233337402,-1.8141907453537,-149.419800094705,90.4901505396966,-45.5263971013828
16.755,-0.701733827590942,-6.02549648284912,4.16653490066528,-28.5504878438822,37.9838226160323,48.8415728490211,-5.35877895355225,-11.6725883483887,1.30171990394592,-143.396720718535,44.4845541963349,-51.3363950660166
16.76,0.339284032583237,-5.44437551498413,1.94079995155334,-40.584833784054,34.1249023387585,53.2011186717001,-5.34936666488647,-16.5607814788818,7.04970979690552,-114.576792157179,7.61874817006906,-50.8691247494231
16.765,1.71052742004395,-5.31988859176636,0.385692685842514,-50.6149939009744,30.4790532277378,56.3877775799154,-4.72125673294067,-21.5826988220215,11.3267498016357,-81.1849945126056,-23.9740152131635,-47.1868946357883
16.77,3.35153913497925,-5.73676061630249,-0.683918654918671,-56.6518565988902,30.2654834576753,57.9838186191236,-4.04519081115723,-25.6088275909424,13.1859169006348,-49.2387551794465,-50.9886598900875,-38.5928432635657
16.775,5.20711088180542,-6.84308433532715,-1.46328949928284,-55.889095223329,37.7928607721225,57.3420198937633,-4.03456258773804,-27.143440246582,11.2514982223511,-26.4096060296767,-73.9461346339834,-22.5771715184569
16.78,6.86981248855591,-8.43848705291748,-2.77073168754578,-48.0769195110598,53.1726162922937,52.5905236655631,-4.51261615753174,-23.8036556243896,8.2647819519043,-21.5208298293484,-89.8535905694298,-5.54442697621218
16.785,8.0010929107666,-9.921142578125,-4.31672239303589,-41.8887032362311,66.0274318763241,47.2030992595942,-4.17838191986084,-19.2863540649414,5.60146999359131,-27.3148127079258,-117.418150851904,8.33632613672331
16.79,8.46066093444824,-11.2800025939941,-5.81300020217896,-38.5416236749797,74.7850321282227,41.0070111917471,-2.93152499198914,-14.5236186981201,3.51374053955078,-40.8911199570049,-154.00247453719,17.6549581270468
16.795,7.94762945175171,-12.544454574585,-6.73862886428833,-39.7279831375813,77.127459164457,33.2241745570577,-0.622815787792206,-10.866530418396,2.39518046379089,-58.3373423803742,-193.589731872207,19.6982672738641
16.8,6.23466300964355,-13.7908668518066,-6.81583499908447,-38.8912234925522,66.3551853338363,20.6849751843843,2.15420842170715,-8.7465238571167,0.712540686130524,-74.3206680571211,-202.927201524262,8.56736155426722
16.805,3.808025598526,-14.8157119750977,-6.61486101150513,-31.515445641828,49.0489066563714,4.54101455741619,4.83236742019653,-7.71945333480835,-1.78543436527252,-92.0254814424671,-191.379373373764,-9.50576807452445
16.81,0.924733817577362,-15.6411991119385,-6.22226667404175,-16.4718276363753,27.6172107956917,-14.3190937364126,7.19051551818848,-7.72523260116577,-4.57426738739014,-111.069319263648,-161.462816960028,-31.9096602550591
16.815,-1.88586270809174,-16.387825012207,-5.66507720947266,8.57840597015513,6.29884057994713,-33.9759803091901,8.76247596740723,-8.84446144104004,-6.06328201293945,-129.303376687022,-115.423298482154,-53.707211783536
16.82,-3.90663266181946,-17.820125579834,-3.63049411773682,30.0529313857991,-27.7780685808346,-48.422168498131,9.27366542816162,-9.98125553131104,-6.49748373031616,-138.18672072154,-67.1657580335876,-66.5004224763475
16.825,-5.72256469726563,-19.5227127075195,-0.0791523903608322,44.289832333287,-80.5739316385104,-57.2507002645602,8.70519542694092,-10.9999303817749,-6.73776435852051,-140.808966947692,-24.3952073660688,-71.160373679102
16.83,-7.51258516311646,-21.1048946380615,4.64001703262329,51.7549593036387,-152.065036737603,-59.9620258178668,6.9333930015564,-11.8681268692017,-6.85205507278442,-138.14780230365,9.15885593639033,-67.94472061786
16.835,-9.52670001983643,-21.1588535308838,8.85930347442627,58.2841625274965,-236.180264366414,-54.6318862084669,3.40000867843628,-12.5705156326294,-6.29648017883301,-131.675924857496,23.7971884457411,-57.18474454284
16.84,-10.7757396697998,-19.9081611633301,10.3914632797241,69.3046590929338,-278.402690645492,-44.649113944008,-0.773958504199982,-12.7771053314209,-5.64065217971802,-124.558348647966,13.5340343545323,-45.6803768860316
16.845,-11.2580661773682,-17.6120052337646,9.52408695220947,79.3598177022164,-263.154511889492,-34.8774594116997,-4.55259323120117,-12.5098857879639,-5.61577177047729,-119.265334531799,-13.4202596246591,-36.1795530146926
16.85,-10.9922161102295,-14.3817977905273,6.33119058609009,85.9304596837687,-184.07305171671,-27.1466073467832,-7.38963556289673,-11.7613172531128,-6.40887880325317,-116.403621873347,-53.6501182322638,-29.8306633698285
16.855,-10.3226518630981,-10.6574678421021,1.21391427516937,84.1101527982578,-47.4634455801876,-22.6659434870996,-7.86260366439819,-10.5290327072144,-7.34774923324585,-113.577624274065,-98.2366027566774,-27.763079730701
16.86,-9.58805465698242,-7.42311334609985,-4.07892894744873,72.0119548346301,67.2732993620694,-13.215860237331,-6.16845941543579,-9.27806758880615,-7.59275197982788,-109.165663579696,-129.827812271874,-27.3284047843741
16.865,-8.2998161315918,-4.17813873291016,-9.3561487197876,44.203095761017,141.976423861765,0.392521953616494,-3.31771469116211,-8.26533699035645,-7.57204294204712,-103.794846778694,-150.189316527356,-27.7248989732407
16.87,-6.16275262832642,-0.719618797302246,-14.3899488449097,-2.81036756514002,163.05927805587,17.6169822752615,0.129462659358978,-7.66147756576538,-7.5194034576416,-97.831989180435,-159.383557112515,-28.5615100616553
16.875,-3.05895709991455,1.8388032913208,-16.9119510650635,-64.5975727547169,98.5229720980085,32.2448825244287,2.5333263874054,-7.85901117324829,-7.84111309051514,-92.8808670133628,-152.991743143812,-29.5846365408301
16.88,-0.97231251001358,2.65164375305176,-16.4470119476318,-109.318270496321,-1.61504934894658,43.9445696858375,3.78645634651184,-8.39054012298584,-8.21794700622559,-90.4396412907844,-134.554876913413,-31.0161212474597
16.885,-0.0213982649147511,2.20507788658142,-13.8361349105835,-134.93608343137,-102.905685922352,52.7693687538853,4.11266613006592,-9.12300491333008,-8.43815898895264,-89.3991712537597,-108.411357978327,-32.7891222427791
16.89,-0.370128065347672,0.808954834938049,-9.61730194091797,-138.660653887669,-178.000822299272,58.5857017189742,3.63334250450134,-9.96280097961426,-8.32362461090088,-88.9624216374724,-77.5423794961569,-34.8713463923925
16.895,-1.34169685840607,-0.935435056686401,-5.36169576644897,-114.731618885285,-193.397093216856,58.2125958053731,2.51578783988953,-10.7662258148193,-7.68155813217163,-85.7453752176397,-49.4239455135076,-35.4516529246551
16.9,-1.90020966529846,-2.90083360671997,-1.9827526807785,-83.8950701412941,-185.596088278974,53.0133567714165,1.58039736747742,-11.3502149581909,-7.14288663864136,-80.6713642870206,-29.6553665647801,-34.4220531336945
16.905,-1.91592657566071,-5.1120138168335,0.421820402145386,-53.1796616324225,-162.090661608914,43.3051990927271,0.804924666881561,-11.7498254776001,-6.68602609634399,-74.2331801640424,-18.4928789042348,-32.0482277178457
16.91,-1.18408763408661,-7.61900806427002,1.65431129932404,-31.4256081636749,-131.086848362339,29.1398443767951,0.173720389604568,-11.9949207305908,-6.2901496887207,-66.9450336403695,-16.9204208006834,-28.5605692030971
16.915,-0.0248109232634306,-10.1785659790039,1.42666518688202,-29.101455298565,-101.516664501793,11.5389924470322,-0.436366885900497,-12.1112842559814,-5.773521900177,-59.3292497724002,-23.3533098195076,-24.0668016254909
16.92,0.880311906337738,-12.4907388687134,0.602832019329071,-36.7790523785229,-66.5906219545267,-6.68139349894402,-0.769710421562195,-12.0498542785645,-5.22219371795654,-52.5767300985342,-31.2470806791491,-19.1505065929966
16.925,1.40668559074402,-14.4218454360962,-0.55630499124527,-51.1786552622297,-27.5192249018586,-24.2058676920869,-0.702998995780945,-11.8442392349243,-4.63907957077026,-46.9779147528481,-38.7870801831825,-14.2620847087314
16.93,1.35011303424835,-15.7100553512573,-1.68267822265625,-67.7860416630623,13.1256470987734,-38.7651723514197,0.0126128504052758,-11.5481004714966,-4.01729965209961,-43.079191548186,-43.1866714049653,-10.1964368033961
16.935,0.969679653644562,-15.8921566009521,-2.33889484405518,-76.1740740393499,39.3498809406024,-45.6904343395844,1.5185227394104,-11.3436498641968,-3.46777653694153,-40.995498907901,-42.6825624630834,-8.39115804160653
16.94,0.626810431480408,-15.6021814346313,-2.6825430393219,-77.1009785210448,50.9296470556586,-47.2752021515674,3.14175128936768,-11.2234010696411,-3.11376094818115,-39.585891297183,-36.8570224029932,-8.36595635111647
16.945,0.359432011842728,-14.9625015258789,-2.7447464466095,-71.5022246470612,48.89305539989,-44.2617363501362,4.56397914886475,-11.1699333190918,-2.97985339164734,-38.6351767760414,-25.6424357670063,-10.0025285866331
16.95,0.153311893343925,-14.0667562484741,-2.53315854072571,-61.2301870410631,35.0745342749166,-37.5572670570812,5.0856351852417,-11.1413583755493,-3.11280822753906,-37.9739529926816,-8.50407729028612,-13.2824434826812
16.955,-0.129091084003448,-13.0651397705078,-2.14712619781494,-52.0112075107301,20.1714371663532,-29.1511995662902,4.29777240753174,-11.0763006210327,-3.32072114944458,-37.4580756348597,7.21446158913319,-15.994190800169
16.96,-0.431652963161469,-12.1384477615356,-1.76204836368561,-46.0695405743714,7.81695940600919,-20.2780871551483,2.89557337760925,-10.9729633331299,-3.47991394996643,-36.7102996943376,17.6661630523802,-17.1477175434304
16.965,-0.732399463653564,-11.3370790481567,-1.41999661922455,-44.2587925386039,-0.92742410968037,-11.3602421275847,1.14746499061584,-10.8272514343262,-3.54060506820679,-35.5996289730235,21.2674349337828,-16.5247086684769
16.97,-0.984907567501068,-10.7154474258423,-1.14190638065338,-48.3382254732316,-4.74135425105642,-3.13388331715908,-0.389075309038162,-10.6218538284302,-3.39415693283081,-33.8919758125881,14.4752045400824,-14.0964415223012
16.975,-1.04049909114838,-10.2538032531738,-0.880168735980988,-55.3063264078706,-5.47587322128641,3.65939252237116,-1.34286296367645,-10.4028720855713,-3.08801221847534,-31.685783729539,1.07513089918501,-12.1572569018335
16.98,-0.870024383068085,-9.86053276062012,-0.657559514045715,-62.9695083735852,-3.77265925692477,8.92155979669845,-1.87716543674469,-10.2234573364258,-2.78633046150208,-29.3683995818966,-15.3223016764203,-10.9975992100184
16.985,-0.457249343395233,-9.50123405456543,-0.494613021612167,-70.2979871643071,0.0744974869271373,12.4761234294619,-2.0339822769165,-10.110595703125,-2.55600190162659,-27.1171214201362,-33.2336616898148,-10.6436570996811
16.99,0.191019684076309,-9.13554382324219,-0.483187228441238,-74.9120941373525,4.87046190184258,13.5634801538178,-1.8051974773407,-10.1241302490234,-2.47959566116333,-25.3129371961611,-49.9710095150798,-10.3113453446715
16.995,0.841853320598602,-8.77917766571045,-0.61392080783844,-78.3066093623896,11.7285267814054,13.1522711761581,-1.25839519500732,-10.1997528076172,-2.28681111335754,-23.6389876041852,-62.0368665329875,-9.01162181732059
17.0,1.43529725074768,-8.44351577758789,-0.833381175994873,-80.8930585671009,20.8685057824772,11.535973503419,-0.491562485694885,-10.2840595245361,-2.01181817054749,-22.0120911854016,-69.1420049680391,-7.18021928950298
17.005,1.92970263957977,-8.13689041137695,-1.11269378662109,-82.7607737956409,32.4644116345421,8.77314832377054,0.448669970035553,-10.3427133560181,-1.68341195583344,-20.4125752874532,-70.6216356781281,-5.06006966074943
17.01,2.20234632492065,-7.88047027587891,-1.35099518299103,-82.4166073935531,45.2782631590254,4.33497763223452,1.43379545211792,-10.2562685012817,-1.57749891281128,-19.2295011458423,-62.2183514894239,-3.41623330560706
17.015,2.27277088165283,-7.65334320068359,-1.50128352642059,-80.5850580166683,57.8038772854396,-0.96610859359203,2.31198859214783,-10.1075611114502,-1.58544981479645,-18.6218772719942,-51.2266441713382,-2.48238785761153
17.02,2.15734648704529,-7.47441244125366,-1.58406794071198,-77.5494282513803,69.5632432247213,-6.74277726278857,3.04944252967834,-9.91974830627441,-1.6551798582077,-18.481327346801,-37.0987223071524,-2.32545807157155
17.025,1.85772383213043,-7.3616738319397,-1.61153864860535,-73.461491731236,80.1289926254082,-12.7158588004611,3.61063289642334,-9.70886707305908,-1.74901592731476,-18.7501960359313,-19.2065875687242,-3.04627696298697
17.03,1.30522990226746,-7.3874249458313,-1.55067503452301,-69.0376328473321,88.1925841859311,-18.1649068806691,3.78642344474792,-9.438401222229,-1.82826435565948,-19.102435721618,5.41608387972624,-4.85318323078974
17.035,0.670124053955078,-7.51670074462891,-1.43022584915161,-65.1305733967881,94.798729490789,-22.969477093815,3.62906455993652,-9.1929817199707,-1.81262421607971,-19.3049388776778,29.8766339580373,-6.81104756486379
17.04,0.0515368394553661,-7.7101035118103,-1.28041613101959,-61.8134100641013,100.244869617958,-27.1716707259426,3.13649439811707,-9.02320003509521,-1.68279075622559,-19.4871751549229,53.5249481855342,-8.59133039561209
17.045,-0.424712479114532,-7.9230694770813,-1.13696253299713,-59.223381840265,104.815509267125,-30.7780447586551,2.28033590316772,-8.99843978881836,-1.40572583675385,-19.8102550554956,75.4817387443207,-9.76759227729948
17.05,-0.828309655189514,-8.21444702148438,-0.982693314552307,-57.5021741694218,108.628790220365,-33.873831415058,1.05341327190399,-9.12828922271729,-1.17560458183289,-20.6202932929443,91.7542614607151,-9.58151657996718
17.055,-1.24933004379272,-8.56024837493896,-0.837452590465546,-56.1355557693398,112.051357032324,-36.5850271947704,-0.23627981543541,-9.26126003265381,-0.996112048625946,-21.3094730405769,101.494452726612,-8.50674277160971
17.06,-1.67316877841949,-8.91128730773926,-0.717185020446777,-55.0177372550592,115.205593032549,-38.8821598315236,-1.43596291542053,-9.37111186981201,-0.842788279056549,-21.7785089610709,104.361506592995,-6.77502173208656
17.065,-2.06296825408936,-9.17745208740234,-0.652641475200653,-54.0286234104038,118.256570232902,-40.6525414492964,-2.27910375595093,-9.42164039611816,-0.671654999256134,-21.8800943645965,99.0754524395925,-4.70645539949224
17.07,-2.45867252349854,-9.28369045257568,-0.656732201576233,-52.9642750320408,121.281046299275,-41.6607354273982,-2.9083399772644,-9.41695213317871,-0.414629548788071,-22.3822225516191,86.6136220347425,-3.29246857029914
17.075,-2.87658953666687,-9.31774520874023,-0.714874088764191,-51.603390575767,124.020621514989,-42.0079412636666,-3.42062187194824,-9.39433002471924,-0.139107450842857,-22.9970659354199,70.9315896626633,-2.85668307790187
17.08,-3.32310557365417,-9.3086986541748,-0.816461086273193,-49.8879407543941,126.164071480322,-41.6578086913388,-3.77622294425964,-9.36531639099121,0.122815571725368,-23.6894165983747,53.3679255516102,-3.42909412492737
17.085,-3.81346654891968,-9.30533123016357,-0.939892053604126,-47.6973522385038,126.845929265165,-40.4043801861823,-3.81007432937622,-9.34935760498047,0.301041513681412,-24.4685755505858,36.2072221110203,-5.07093179596387
17.09,-4.26779127120972,-9.39316654205322,-1.01809787750244,-45.8619506349272,125.80793175662,-38.9302785142264,-3.61179447174072,-9.42821979522705,0.543192386627197,-25.8235809215315,21.92012098068,-7.36539425563849
17.095,-4.65741109848022,-9.58452224731445,-1.05063855648041,-43.8588678872267,122.36965550957,-37.133815819108,-3.30108594894409,-9.57559394836426,0.758844196796417,-27.1221057506831,10.7958772568449,-9.46335174600502
17.1,-4.96844148635864,-9.8821907043457,-1.03567981719971,-41.4133767115116,116.073122679789,-34.9668802483135,-2.92609548568726,-9.7673282623291,0.911206066608429,-28.2272969527355,2.74742224929647,-11.190354832359
17.105,-5.16476345062256,-10.2868814468384,-0.9650998711586,-37.7663049966295,105.461624672041,-32.3066342647148,-2.59180212020874,-9.91700839996338,0.919010877609253,-29.1328468479904,-2.920820475199,-12.5814278709906
17.11,-5.2109899520874,-10.6744203567505,-0.885577201843262,-33.4543075358575,92.2501605152147,-29.9570560204196,-2.32588934898376,-9.98950958251953,0.926670372486115,-30.7140663766996,-5.91020879258893,-14.1134777216385
17.115,-5.1100435256958,-10.9780292510986,-0.829594433307648,-29.0136600469737,77.9923250379207,-28.0479327700364,-2.0382137298584,-10.0230846405029,0.957675755023956,-32.7934799034696,-5.89351111450237,-15.8047179374983
17.12,-4.85452747344971,-11.1603403091431,-0.812332808971405,-24.7467503724602,63.388683913138,-26.6770659922907,-1.68765258789063,-10.0217580795288,1.00245487689972,-35.2712744588643,-2.7547585127953,-17.7346083780529
17.125,-4.41402578353882,-11.1270246505737,-0.860030949115753,-21.6301452994672,50.0330344629327,-26.1598243041821,-1.19855713844299,-9.922287940979,0.913993179798126,-37.7125104267265,2.7823883355353,-20.4489545825199
17.13,-3.91352939605713,-10.968409538269,-0.895373404026031,-19.4959399951754,38.1424264387492,-26.1303998492376,-0.732711434364319,-9.66814041137695,0.86523973941803,-40.1469025450403,10.5768920005442,-23.2007063179766
17.135,-3.40543937683105,-10.7465286254883,-0.871486365795135,-18.1101048578635,27.739063078032,-26.2871065869125,-0.387316316366196,-9.37694549560547,0.894365906715393,-42.755163958866,20.6911650433196,-25.5765585924615
17.14,-2.92398881912231,-10.4960565567017,-0.761836469173431,-17.425520119995,18.9990027519219,-26.4491852683697,-0.228112667798996,-9.11640357971191,1.01312661170959,-45.6286621087308,33.0961973025791,-27.3508726916489
17.145,-2.59514880180359,-10.3151388168335,-0.59335333108902,-18.0688300247091,13.3932317123397,-26.0428675599293,-0.394577175378799,-9.02469348907471,0.99260687828064,-48.521619467541,44.3570550550983,-28.7645118215245
17.15,-2.28410959243774,-10.1543579101563,-0.378713250160217,-19.349388041249,10.2186801682019,-24.9868349368808,-0.765634298324585,-9.09818458557129,0.787487864494324,-51.1474515430065,52.3614801019359,-30.385254239866
17.155,-1.99191045761108,-10.0085277557373,-0.133786097168922,-20.96867392175,9.35703216761095,-23.3551505554889,-1.28447067737579,-9.27863121032715,0.538214206695557,-53.4888779565273,57.43215790024,-32.0489687933707
17.16,-1.72053241729736,-9.87443542480469,0.130651250481606,-22.7098325751588,10.8557233743526,-21.1715202948156,-1.91491532325745,-9.52622509002686,0.353865206241608,-55.5147223096369,59.6463139838613,-33.6276474917086
17.165,-1.62649750709534,-9.86251831054688,0.36669847369194,-24.0740347958219,16.0738786172156,-18.6670196997662,-2.47023558616638,-9.74134349822998,0.344821363687515,-57.0527408918458,55.7795048380962,-35.1812969618331
17.17,-1.64900314807892,-9.93325805664063,0.578433573246002,-24.7586912506767,23.3633262919254,-16.4985422137665,-2.85784530639648,-9.95577239990234,0.252355486154556,-58.1651396510199,50.2100934567869,-36.4533274871942
17.175,-1.77975225448608,-10.0646324157715,0.771589457988739,-24.7366451075832,32.1090471373101,-14.7596511831622,-3.04822134971619,-10.1555233001709,0.0961137786507607,-59.1558927410761,42.9189792159196,-37.561375415867
17.18,-2.01664686203003,-10.2336368560791,0.951939761638641,-23.919418096033,41.6503398794814,-13.6009437414153,-2.98909950256348,-10.321891784668,-0.104125902056694,-60.3975801510494,33.7497166325551,-38.6406101915261
17.185,-2.28222870826721,-10.36829662323,1.14661419391632,-22.4412968577506,49.8921344905445,-12.6527504138511,-2.54957342147827,-10.3715343475342,-0.111364111304283,-62.0773490641981,23.4882999707164,-39.9968467040697
17.19,-2.48209834098816,-10.4471025466919,1.31354808807373,-21.0297750865176,56.0430715928832,-11.8631481023991,-1.9417439699173,-10.3087396621704,-0.0379374586045742,-63.8559371542586,15.671365324143,-41.5545089103316
17.195,-2.59733939170837,-10.4661121368408,1.45159041881561,-19.6255752780749,60.6842363603256,-11.1375685691322,-1.27128612995148,-10.1501092910767,0.0824875384569168,-65.7979443504008,10.8672194364993,-43.3006023754157
17.2,-2.59313726425171,-10.4138259887695,1.55994713306427,-18.0405820698493,64.840993866547,-10.3090333256374,-0.709507346153259,-9.91655445098877,0.202893793582916,-68.0786879482407,10.0975126123259,-45.2382655712458
17.205,-2.48006463050842,-10.2975292205811,1.65570366382599,-16.0528774930651,69.3951044579231,-9.21398922337067,-0.513365566730499,-9.68522167205811,0.360799342393875,-70.4977701975299,13.4459488199012,-46.9605558270725
17.21,-2.31382703781128,-10.1632795333862,1.7290940284729,-13.9794753865384,73.2743240574102,-8.22093009069594,-0.501100480556488,-9.51818084716797,0.49550274014473,-72.9917659616359,17.7362578687375,-48.5830638493144
17.215,-2.11440348625183,-10.028525352478,1.7726001739502,-11.8802133300404,76.2820456697495,-7.44255063382389,-0.608467817306519,-9.42469120025635,0.594822466373444,-75.5191681809724,22.0222818276432,-50.2220428727398
17.22,-1.91664254665375,-9.92723274230957,1.76518642902374,-9.81154027574028,78.1570282195663,-7.09221529025513,-0.725545585155487,-9.41580772399902,0.642177760601044,-77.9853855657239,24.7061722186012,-52.1751627866617
17.225,-1.79558074474335,-9.89315986633301,1.67322492599487,-7.51669404481167,78.7326424118692,-7.31772380410003,-0.860194146633148,-9.46026706695557,0.753384113311768,-80.4398208741572,25.330507857801,-54.2821839380568
17.23,-1.73762905597687,-9.90456485748291,1.51366913318634,-4.77892071837831,78.4791877521483,-8.03321941683107,-0.990279078483582,-9.5596227645874,0.89789342880249,-83.0773120825359,24.5603340194431,-56.3655009179374
17.235,-1.74587333202362,-9.95411014556885,1.29145979881287,-1.45864474042076,77.5189177963579,-9.21740602550297,-1.09352374076843,-9.70742607116699,1.0474773645401,-85.9155630411889,22.520277750218,-58.3830636666783
17.24,-1.84830343723297,-10.0292949676514,1.01270174980164,2.87873711840161,75.9520177592436,-10.856764978201,-1.08810544013977,-9.87202167510986,1.10095191001892,-88.8423810628094,19.1269031667723,-60.3162462584129
17.245,-1.95410406589508,-10.0877685546875,0.773163855075836,8.25686371591938,74.057924340129,-12.7724981441534,-1.00844514369965,-9.91994380950928,1.09957921504974,-91.9622134001853,16.1690265674484,-62.4225673154181
17.25,-2.07759833335876,-10.1249809265137,0.544048845767975,14.265252208959,72.0362429873186,-14.7615721738662,-0.942247927188873,-9.87002944946289,1.10124409198761,-94.8250052285261,14.1595900362726,-64.3693897949252
17.255,-2.23128819465637,-10.1398401260376,0.316085577011108,20.7111177334325,69.9263497413775,-16.7341495891861,-0.928122878074646,-9.73979187011719,1.12090635299683,-97.3365887297448,13.1954123585032,-66.1180958073668
17.26,-2.47137904167175,-10.1414384841919,0.0916920825839043,27.0234453756695,67.5261597953325,-18.5115031225541,-1.03038990497589,-9.64198970794678,1.11830139160156,-100.045400773437,12.4033452025345,-68.314206531201
17.265,-2.7019476890564,-10.1228408813477,-0.034050777554512,32.7346139181078,64.3692873420876,-20.0755805839939,-1.09049439430237,-9.63331604003906,1.09888052940369,-103.625307823116,10.732471757006,-71.1108479774303
17.27,-2.91393685340881,-10.1476488113403,-0.084390863776207,37.7650038455926,60.4082830574788,-21.3365120519537,-1.06185376644135,-9.7266674041748,1.12403011322021,-107.619486336523,8.97098646062725,-74.1427826103773
17.275,-3.10407495498657,-10.2562875747681,-0.0699655413627625,42.039752869726,55.5705283702505,-22.2045437180977,-0.915204644203186,-9.93945980072021,1.22568714618683,-111.798066297143,7.62825237829914,-77.2248303412647
17.28,-3.3180820941925,-10.5287923812866,-0.0367949120700359,45.648534544121,49.8033591068072,-22.221106926835,-0.655088305473328,-10.3606796264648,1.35097801685333,-115.948840557651,8.47552283068723,-80.2579192761814
17.285,-3.50475144386292,-10.8465147018433,0.0148374596610665,48.4647957087411,44.774338632251,-21.8751834585832,-0.403218537569046,-10.8800258636475,1.37822043895721,-120.227434978287,10.7112264535927,-82.8439859902991
17.29,-3.6674964427948,-11.2245426177979,0.10037999600172,50.8709723155936,39.6390267538311,-21.1599721524764,-0.171529233455658,-11.4948377609253,1.36132001876831,-124.52942962702,14.383299222158,-84.9136357616505
17.295,-3.80756974220276,-11.6785764694214,0.23420450091362,53.146337139462,33.7188271020337,-20.0474504498972,0.0292454957962036,-12.2088403701782,1.34047901630402,-128.773149101754,19.6178332586507,-86.3800159047498
17.3,-4.00063848495483,-12.3037462234497,0.503442525863647,55.9669457194888,26.3021056823299,-17.8713760859932,0.158791437745094,-12.8036003112793,1.34513056278229,-132.718443951272,26.9268238121232,-87.1459738088425
17.305,-4.19446468353271,-12.9817876815796,0.869183361530304,59.0806103960442,19.3712122031945,-15.3293026203196,0.292605131864548,-13.4848728179932,1.41245710849762,-136.462821956164,34.4480556638647,-87.6051332757966
17.31,-4.37799739837646,-13.6504917144775,1.30474495887756,62.6616239363685,12.7536502371388,-12.5048477900164,0.451499044895172,-14.2751998901367,1.49956023693085,-139.784957666567,41.4706205269455,-87.8900887679695
17.315,-4.53656196594238,-14.2309789657593,1.7819744348526,66.9648958304759,6.2567969236243,-9.48134587937342,0.663551509380341,-15.2112922668457,1.55406332015991,-142.37435068281,47.0629608532985,-88.1540277680663
17.32,-4.60460472106934,-14.5675401687622,2.17561554908752,73.1847324660671,-1.2471532688566,-6.26017615971616,0.851808786392212,-16.075101852417,1.4961371421814,-143.834754410386,53.6308844195611,-88.7654253214309
17.325,-4.63150215148926,-14.7482261657715,2.42139768600464,81.6223588459182,-9.59845203401423,-3.29908296818006,0.932073175907135,-16.911449432373,1.40308284759521,-144.396182299782,61.4046369026544,-89.8324306433811
17.33,-4.64003896713257,-14.8095617294312,2.49909281730652,92.3973442616393,-18.6708087472082,-0.73904124915163,0.891279876232147,-17.7142734527588,1.24112594127655,-144.101227410665,68.8585384571052,-91.2410000653453
17.335,-4.66625785827637,-14.7989206314087,2.35944581031799,105.950550103398,-28.3176484026238,1.15880466522078,0.700794279575348,-18.4638404846191,0.930882811546326,-142.916298872694,73.0439281163273,-92.7996560641314
17.34,-4.77584743499756,-14.8496170043945,2.03771591186523,121.266320411425,-38.2069922169733,2.44455736078953,0.347380131483078,-19.1872577667236,1.37151205539703,-142.482923369857,75.2286938959501,-95.1569387618104
17.345,-4.8986439704895,-14.9443492889404,1.7149897813797,136.908928931614,-46.87980591561,3.7572516308177,-0.239401653409004,-19.9181327819824,2.79158759117126,-142.252923579746,79.8105828666806,-98.0550085172143
17.35,-5.01429033279419,-15.0835237503052,1.36052632331848,152.445765142318,-53.6545954212648,5.49546135005236,-1.11575961112976,-20.5730533599854,4.90126037597656,-142.399581401604,88.6235418018022,-101.464420384831
17.355,-5.08842658996582,-15.2786617279053,0.816162705421448,167.130863103142,-56.9068309757014,8.6249818838791,-2.44592070579529,-20.8902359008789,6.83690500259399,-143.660407001632,105.788135035124,-105.439768066697
17.36,-4.93974685668945,-15.2462120056152,-0.0938243865966797,177.933749841622,-55.8851337136104,13.5001395407761,-3.97261309623718,-20.5694847106934,5.72909688949585,-141.122568253244,120.741078864251,-110.33122170118
17.365,-4.50128841400146,-15.0908994674683,-0.828396856784821,185.774055687988,-56.4543787545122,18.9385402098417,-5.48615121841431,-19.7604827880859,3.08119940757751,-132.954167439907,127.026041353578,-115.778427337859
17.37,-3.71027493476868,-14.8786649703979,-1.14042234420776,191.010884668042,-61.4134888278187,24.4335776612787,-6.98292350769043,-18.5166130065918,-0.17572320997715,-120.183448560032,125.359871347067,-121.262686750786
17.375,-2.34071469306946,-14.8124961853027,-0.417655199766159,194.400407024796,-77.9592327713919,28.8034917111178,-8.65576171875,-16.937313079834,-1.20006883144379,-109.44081092022,125.544368416927,-124.723611905123
17.38,-0.514206171035767,-14.8560485839844,0.565538167953491,197.613778802855,-99.584082966705,32.2450840150092,-10.1523323059082,-15.821478843689,-0.942267835140228,-107.381952847758,131.115671760636,-126.609509097234
17.385,1.48710501194,-14.872278213501,1.07820653915405,200.601672376034,-119.393100050414,35.0151423649888,-11.5321416854858,-15.0214576721191,-0.881788671016693,-108.955047866449,122.433312872635,-128.481349760033
17.39,3.51907682418823,-14.7884292602539,0.796935141086578,203.212635129676,-135.465177205236,37.3538879292604,-12.7142820358276,-14.4599847793579,-1.59266972541809,-111.92868683483,90.2923209405764,-130.464262959114
17.395,5.16077470779419,-14.4061632156372,-0.737849712371826,204.427220349023,-151.846593627567,40.6447823543992,-12.9170227050781,-13.8460359573364,-3.54934906959534,-111.435929667349,18.6274524139043,-129.269881439332
17.4,6.20685529708862,-13.9412889480591,-2.50378942489624,204.115080703954,-169.015667464985,45.7896360070897,-11.6750173568726,-13.2997493743896,-6.41721153259277,-108.986214019632,-52.8442754385128,-121.32750524601
17.405,6.7547550201416,-13.5008296966553,-4.10623645782471,203.856667326895,-180.822141218972,51.8535394239295,-9.58385848999023,-12.8207588195801,-9.45113849639893,-102.756610213528,-114.887866292738,-106.95903436454
17.41,6.8264045715332,-13.1421527862549,-5.30444002151489,204.559794320813,-183.165046368449,58.3106704916653,-6.90499973297119,-12.4040946960449,-12.1717777252197,-91.7129046652907,-161.921559785443,-86.4137706996279
17.415,6.38911771774292,-12.8568029403687,-5.67754650115967,207.49717181489,-166.017050494809,63.6586812910286,-3.53567051887512,-11.8964929580688,-12.863335609436,-78.3368329494669,-190.633926527749,-67.5476953817855
17.42,5.84162950515747,-12.6434030532837,-5.56554126739502,207.105146277288,-137.379829493752,67.4564508846633,0.154236733913422,-10.9902629852295,-13.4141073226929,-65.7279075906515,-227.440572870519,-49.0696875069211
17.425,5.2400951385498,-12.5533103942871,-5.13205432891846,203.244955584829,-101.160149117685,69.7535596157545,3.36425232887268,-9.70175552368164,-13.5881118774414,-56.4671887743006,-255.753045697299,-30.171564941493
17.43,4.62589979171753,-12.6349544525146,-4.48763847351074,195.593832318094,-60.003252839697,70.4975926126115,5.42788648605347,-8.02057933807373,-13.1744613647461,-52.8139528136925,-261.848251871105,-10.1843618827172
17.435,3.73980402946472,-12.8499336242676,-3.63108992576599,187.853438478907,-17.4995781536182,69.3142828294743,5.0442910194397,-6.44838619232178,-12.3357543945313,-61.4417521506043,-231.73015023534,4.73096553332883
17.44,2.83756995201111,-12.9958868026733,-2.88802909851074,182.567882929314,23.5481682863389,67.3450436691112,4.54394054412842,-5.36006259918213,-12.4953050613403,-70.2880424088755,-234.813324947441,14.3938843078242
17.445,1.79462075233459,-13.0512647628784,-2.21754121780396,179.376313115086,61.8922919188258,64.8153874873486,4.48959970474243,-4.69045352935791,-13.0770807266235,-76.0277713873282,-262.413245119249,19.488874164479
17.45,0.443612217903137,-12.9820251464844,-1.57380354404449,177.98643792088,95.7572099370169,61.9655456976742,5.62263917922974,-4.38990449905396,-13.3898248672485,-74.2443543535245,-305.504416819239,20.5245391634226
17.455,-1.43500983715057,-12.7652969360352,-0.908274114131927,173.92199725148,117.163207210944,59.0063730699553,7.14278793334961,-4.42741012573242,-12.5743398666382,-65.4269079841182,-294.357657376805,20.745212330222
17.46,-3.21273994445801,-12.4959115982056,-0.435459971427917,166.644130162508,124.253517305308,56.2276608702974,9.50944709777832,-5.06274509429932,-10.936616897583,-53.7922066575676,-251.640370231981,18.9821082790099
17.465,-4.75950336456299,-12.2138195037842,-0.109530724585056,156.687394579166,115.853340852676,53.7610370892902,12.9612894058228,-6.31673383712769,-8.62252902984619,-40.2184829275421,-180.962419644146,14.5217095905937
17.47,-5.87068843841553,-11.9833908081055,0.163468062877655,144.839338633511,88.3015803447061,51.858259084646,18.0164051055908,-8.26661014556885,-5.80506134033203,-25.721756461385,-83.8342268161676,5.85119126240497
17.475,-6.44930982589722,-11.8555202484131,0.790077209472656,133.659985528358,48.6235053993901,51.0215199301844,19.2616920471191,-9.63138675689697,-4.10360717773438,-7.50481293075043,29.8929342044915,4.84774682709724
17.48,-6.59597969055176,-11.7847929000854,1.60442233085632,124.792200664769,8.87058182605442,50.8369135772973,17.0586700439453,-10.0381526947021,-3.70603632926941,14.4076590918328,126.599154530452,11.5058352937064
17.485,-6.30220985412598,-11.7456407546997,2.45883584022522,118.668416979475,-26.7178934480544,50.9893190033424,12.3739404678345,-9.4974479675293,-4.40347051620483,37.3931341962313,197.736489981484,23.3506170174273
17.49,-5.46668291091919,-11.6830635070801,2.98769974708557,116.19868887749,-49.8131775037391,50.7431726460335,7.66237211227417,-8.08940029144287,-5.61949443817139,53.9289641202242,228.339248180374,33.6560883994126
17.495,-4.18721580505371,-11.4270753860474,2.78245639801025,114.488395848941,-66.8127670270922,48.6928523100332,4.70255517959595,-6.35204267501831,-6.49590063095093,64.5752516965093,240.400009877161,43.203972274133
17.5,-2.77598905563354,-10.9830141067505,2.09765672683716,112.38105026356,-81.059264390364,44.7609207256265,2.67048096656799,-4.63347005844116,-7.12396383285522,72.9144208994747,243.818601519023,54.4672103475779
17.505,-1.3582079410553,-10.3640003204346,1.03590941429138,109.743893734451,-92.1912569638125,38.8994675308805,1.35897672176361,-3.08728981018066,-7.42790269851685,79.694777009303,239.83400576102,67.9306709187373
17.51,-0.205986142158508,-9.62591648101807,-0.178494974970818,107.113977205861,-95.179621820044,30.9622925266108,0.625242412090302,-2.08224725723267,-6.96279716491699,84.8259702836534,224.328178609149,83.3841036894854
17.515,0.608053207397461,-8.93658638000488,-1.18144488334656,105.478078597752,-91.688411606927,22.3184302923185,0.357401072978973,-1.49620389938354,-6.17517614364624,93.4227332409766,202.168299205581,99.1216518391385
17.52,1.15929317474365,-8.31386756896973,-1.92641365528107,104.497318074451,-84.1033499298444,13.8996227911781,0.286774486303329,-1.17074954509735,-5.47444868087769,103.805898024771,178.61853094743,114.055006685725
17.525,1.46239101886749,-7.76735639572144,-2.37912511825562,103.986174037724,-73.1578420113048,6.15699804145348,0.289712816476822,-1.07078921794891,-5.00034523010254,115.024073925167,156.067431968582,127.637179359754
17.53,1.49300038814545,-7.30807876586914,-2.45781469345093,103.228733379526,-59.181922592003,0.0810335510760164,0.0665784701704979,-1.28604197502136,-4.7231125831604,123.637024430823,139.494264815491,138.686048531003
17.535,1.4540501832962,-6.88425016403198,-2.3448600769043,101.65082307747,-43.6225228513768,-4.16052136734088,-0.222295597195625,-1.57233309745789,-4.61759519577026,129.945305185976,121.053887867859,147.252389825763
17.54,1.41543126106262,-6.51482486724854,-2.16226840019226,99.4770129212759,-27.2692365631416,-6.64604641621556,-0.510414123535156,-1.91888165473938,-4.68466758728027,135.558259023244,97.8555669934499,153.875706226195
17.545,1.41161704063416,-6.20611190795898,-1.96853637695313,96.7963480871535,-10.5807860621447,-7.30318489267801,-0.744455993175507,-2.32500314712524,-4.92040967941284,141.342609627545,68.4019744620357,158.789576541534
17.55,1.39882910251617,-5.83720636367798,-1.72718071937561,93.6742481269732,4.89297804732835,-5.84095921214146,-0.597101092338562,-2.82054400444031,-5.07337379455566,148.306875410965,37.9607946332456,163.016070279181
17.555,1.29628169536591,-5.39999580383301,-1.43451941013336,90.1758115737143,18.3874224909971,-3.33633161826214,-0.0451481528580189,-3.33656477928162,-5.04258871078491,155.328268896603,15.0117790786367,167.604632344731
17.56,1.10440540313721,-4.96973752975464,-1.13820350170135,86.3335501278262,29.9315930751938,-0.10694863614858,0.77482682466507,-3.92836761474609,-4.87081718444824,162.547410019091,-1.21503291690244,172.115057046175
17.565,0.818073630332947,-4.6067533493042,-0.875935435295105,82.1522790726736,39.4291999274337,3.6387410185288,1.77052998542786,-4.64460849761963,-4.58346366882324,170.088280372244,-10.9209106997912,176.192229188188
17.57,0.474029868841171,-4.39171266555786,-0.660599052906036,77.1073101064054,46.4452658655192,7.44439734622073,2.8161678314209,-5.70609855651855,-4.33567667007446,176.255449419145,-14.6354527308419,177.802009152911
17.575,0.145145729184151,-4.27921295166016,-0.469201147556305,71.7305920219605,52.0598487029043,11.006747394638,3.76668167114258,-6.93148517608643,-4.23110675811768,183.735285201875,-15.1167642088217,177.807241077815
17.58,-0.151731118559837,-4.27115058898926,-0.309670060873032,66.1529502627014,56.2349077010068,14.2370862163692,4.5526385307312,-8.1828498840332,-4.24161005020142,192.83763242194,-12.3859777390224,176.327453273376
17.585,-0.392971098423004,-4.37793922424316,-0.194418251514435,60.5233034431018,58.8119312446634,16.9984249760995,5.074143409729,-9.28890991210938,-4.34067869186401,204.076503795521,-6.22256444239102,173.398545213869
17.59,-0.551911115646362,-4.63298225402832,-0.15361687541008,56.2929847995194,59.5298319377559,18.6348187729241,5.12231397628784,-9.64785575866699,-4.49960899353027,214.886944723224,2.34027339221154,169.001979765888
17.595,-0.647432565689087,-4.92417478561401,-0.161015912890434,52.0942147997133,59.2660022206859,20.0897754246365,4.95592355728149,-9.42262554168701,-4.77901744842529,225.009667563776,9.89519387137366,164.689138776754
17.6,-0.684672355651855,-5.22070932388306,-0.209440007805824,47.6721044442369,57.9865028834674,21.3870417914335,4.72164106369019,-8.75003528594971,-5.10653972625732,234.332424988359,15.9918599981148,161.182205468168
17.605,-0.665241539478302,-5.4765772819519,-0.292375266551971,42.6641858391214,55.4277398505568,22.4557017267101,4.66298151016235,-7.82507228851318,-5.34374618530273,242.585615770052,19.9821675018102,159.771074725265
17.61,-0.60864394903183,-5.73968744277954,-0.434071660041809,38.3851201354326,50.4831405141419,22.1858050941098,5.15824365615845,-7.26100826263428,-5.38045835494995,249.357037992446,26.1737476448051,161.732691394514
17.615,-0.510803520679474,-5.98510026931763,-0.590085744857788,34.556638596195,43.589068584822,20.9841630832403,5.75480127334595,-7.01076078414917,-5.40725660324097,254.865476275034,35.4711018883167,165.435077396389
17.62,-0.384223461151123,-6.19313144683838,-0.756209015846252,31.0871108185982,34.7553083085832,18.8583930625734,6.30484056472778,-7.05916738510132,-5.41451930999756,259.059130463152,47.5939056084294,170.347786579569
17.625,-0.264146387577057,-6.31219291687012,-0.937278389930725,27.8437750006501,23.6753156728332,15.5987143094888,6.53872108459473,-7.40638828277588,-5.30317497253418,261.588212909024,61.6546354866552,175.631088166736
17.63,-0.183398693799973,-6.34741544723511,-1.13183116912842,24.6278504393886,11.0032307009891,11.8364932891631,5.95600366592407,-7.97373294830322,-5.1307897567749,263.472143006654,70.5223452181636,179.945363495596
17.635,-0.0797756984829903,-6.36932849884033,-1.32851302623749,21.4458019088631,-2.17614714810731,8.3953329947367,4.71332120895386,-8.63629055023193,-4.89829683303833,264.899652543187,71.5901565024359,183.426260123066
17.64,0.0560173578560352,-6.39389085769653,-1.51929414272308,18.3718359993111,-15.4360209110064,5.54554670034924,2.94485926628113,-9.35540390014648,-4.6145601272583,265.986089753326,63.2565402432658,185.962787475134
17.645,0.205151498317719,-6.42505025863647,-1.67805445194244,15.7458007257178,-27.8694650496659,3.72498154831032,1.12018573284149,-10.0755834579468,-4.32001113891602,267.080887115009,40.6545392796286,186.901474033147
17.65,0.459145724773407,-6.39500093460083,-1.87958669662476,13.8097033507549,-38.3887913621115,2.23386416758462,-0.0644348487257957,-10.6473360061646,-3.97917056083679,268.481895517562,17.7969099485672,186.611723748177
17.655,0.823602318763733,-6.33802223205566,-2.10970902442932,12.3524073592518,-47.1680228231116,0.643645170952826,-0.640132546424866,-11.044529914856,-3.64344215393066,270.527564494737,-5.07771502758334,185.053334126769
17.66,1.28992164134979,-6.26769304275513,-2.34859132766724,11.2474586289149,-54.1211212472387,-1.24685925055717,-0.573394358158112,-11.2510023117065,-3.37375783920288,273.342476696996,-28.1385796256062,182.044895344566
17.665,1.74628484249115,-6.20511722564697,-2.46944427490234,9.94414412960785,-58.5162728460611,-3.84383623137865,0.337260037660599,-11.2529497146606,-3.51493263244629,276.831009475958,-53.3916502136922,176.562766950661
17.67,2.05971002578735,-6.05882167816162,-2.44589686393738,7.56743808147663,-60.289533388569,-6.89247067684634,1.7306661605835,-11.2638158798218,-3.72676229476929,278.99858366944,-70.9035449059312,169.572478146503
17.675,2.233069896698,-5.84232234954834,-2.31043839454651,4.07586800276774,-60.2385665169823,-10.0302010980554,3.25152325630188,-11.2854661941528,-3.91018128395081,279.954946757026,-79.5960466248505,161.831578873317
17.68,2.25740122795105,-5.56252717971802,-2.07067918777466,-0.605561690327274,-58.7477684476003,-13.0387551396998,4.68365907669067,-11.3148508071899,-4.0000376701355,279.661357905742,-78.2092108648252,153.803688711586
17.685,2.08414030075073,-5.28561353683472,-1.66687202453613,-6.31790705301522,-56.9830217358929,-15.3444878383918,5.38388013839722,-11.2685832977295,-3.79313206672668,277.587275341619,-63.1266095546847,147.387613910951
17.69,1.80269050598145,-5.05007362365723,-1.14943826198578,-10.9963595306841,-55.5201147439866,-16.6544378664775,5.42976474761963,-11.1432275772095,-3.25132894515991,274.004649876651,-44.6355286977489,142.862436000899
17.695,1.45190501213074,-4.85062313079834,-0.573721826076508,-15.1952464974797,-53.7734919392418,-17.1404724202683,5.05758142471313,-10.9941272735596,-2.59526777267456,269.142019640465,-25.7445539252872,139.830829217033
17.7,1.05846214294434,-4.68526601791382,0.0197963118553162,-19.3264112848811,-51.2597296076778,-16.888935336157,4.42978572845459,-10.8638753890991,-1.99356305599213,263.10301226315,-8.82378222363513,138.068025694144
17.705,0.658340156078339,-4.5754656791687,0.567541122436523,-25.089118727249,-44.8816784701524,-16.3179400592803,3.31660270690918,-10.8300886154175,-1.60307288169861,255.759493395876,0.406294149623752,136.469119390579
17.71,0.290155380964279,-4.58957576751709,1.16333615779877,-31.6073629125835,-35.113719070185,-16.0124052071382,1.98546862602234,-10.7941160202026,-1.29126048088074,247.049800090815,2.99464991092837,133.894643507483
17.715,-0.0589739754796028,-4.71301460266113,1.83840978145599,-38.5261908625501,-22.3394348315636,-15.9589214108424,0.599938988685608,-10.7166242599487,-1.06428420543671,236.977183518014,0.0702417121151574,130.20737954443
17.72,-0.403766989707947,-4.93587017059326,2.63809657096863,-45.4304534341116,-6.80950180767725,-16.1600312083115,-0.638678252696991,-10.5449991226196,-0.936407804489136,225.440871066458,-7.37255656275689,125.149310275334
17.725,-0.863646686077118,-5.26161098480225,3.60561323165894,-50.9996325889891,9.46299657616818,-16.5765566344664,-1.61511123180389,-10.1789035797119,-0.85379034280777,212.664346525788,-21.7234678816443,118.594473351521
17.73,-1.42783582210541,-5.71897172927856,4.72487831115723,-55.4069146037774,24.1448314141164,-16.9342894997931,-2.25644969940186,-9.71347999572754,-0.959461629390717,201.792734423879,-37.5887439838713,112.643274886175
17.735,-2.11409378051758,-6.35141944885254,6.03776359558105,-58.5144082044177,36.747821338543,-17.1355598067078,-2.43115448951721,-9.20096683502197,-1.34899795055389,192.333728385734,-55.7856793291059,106.874551754696
17.74,-2.97005367279053,-7.25671815872192,7.64567756652832,-59.905786040241,46.3737640301929,-17.0077020805397,-1.84854924678802,-8.72536945343018,-2.21831631660461,183.172231727455,-78.6760406342173,100.288418904106
17.745,-3.74567604064941,-8.16237163543701,9.11359119415283,-57.823500418925,53.4895951263902,-16.4840861183882,-0.288407564163208,-8.16626167297363,-3.67972207069397,172.709775277587,-107.781962876499,91.8696643369316
17.75,-4.62925910949707,-9.30697250366211,10.755913734436,-52.0224021907798,60.2145857228064,-15.7407532159211,1.57733523845673,-7.53439569473267,-4.36947870254517,158.989427876648,-128.186135323726,84.0310045661556
17.755,-5.65078353881836,-10.7696418762207,12.6037588119507,-42.7516703171055,67.1643373542402,-14.7425022857035,3.50660133361816,-6.82241678237915,-4.13368225097656,141.948201520115,-136.028790755167,76.6375365254811
17.76,-6.84153318405151,-12.7227067947388,14.651985168457,-30.5099393431646,75.379463491689,-13.2997400829806,5.04527997970581,-5.99773168563843,-2.93637442588806,121.812639922377,-124.363961464187,68.4599012963866
17.765,-7.81316804885864,-14.6796321868896,16.1668739318848,-17.6337350217483,81.1601121334592,-12.2864994488558,5.95585584640503,-4.84586381912231,-2.25152397155762,101.680814438116,-105.226003636243,56.1615378089425
17.77,-8.46133136749268,-16.39426612854,17.1873645782471,-4.25098764978452,82.1084838997155,-11.9622037746109,6.43714809417725,-3.7469208240509,-1.83509123325348,80.01870556088,-80.7727721056278,41.7340472628545
17.775,-8.67553806304932,-17.6903648376465,17.6319236755371,9.05638090072533,77.1424104485501,-12.3538288923728,6.50299024581909,-2.79709625244141,-1.62148547172546,56.3647256914666,-51.1793177905792,26.1185802068789
17.78,-8.04454708099365,-17.9916229248047,17.0811252593994,19.70066637781,63.6095380799504,-13.327839481226,6.01912832260132,-2.06518268585205,-1.5486581325531,30.098809766454,-15.1047072173893,11.7155588134925
17.785,-6.74340009689331,-17.0158348083496,15.5627355575562,22.081468831896,43.415250515729,-13.6877716674655,5.08265113830566,-1.62449240684509,-1.66079795360565,3.60145458896288,16.6194160715082,0.0332491407661039
17.79,-5.19150733947754,-15.2884683609009,13.6377878189087,19.6864851975458,23.0161153330151,-13.3833322069114,3.88692784309387,-1.58193874359131,-2.03001666069031,-22.1940593777217,42.9147479137288,-9.86012170375929
17.795,-3.56517195701599,-13.045371055603,11.5398626327515,13.5334239063752,4.37931239013708,-12.2273858691366,2.50291752815247,-1.986976146698,-2.68137335777283,-46.8486602529947,63.2377640532374,-18.3077295513087
17.8,-2.18413591384888,-10.9162034988403,9.69641017913818,3.36670867115236,-14.4621486334839,-9.02724929014158,1.03133285045624,-2.84169101715088,-3.55276226997375,-69.5917046229927,77.5627744410185,-25.9398256185632
17.805,-1.03629267215729,-9.27403354644775,8.10415458679199,-10.2009370442855,-32.8775322113957,-3.47574260941127,-0.35781866312027,-3.91725325584412,-4.33512258529663,-86.6270638470291,85.3531994158759,-31.8468293448841
17.81,-0.0755655094981194,-8.05745697021484,6.64971733093262,-25.4903564824941,-46.6179125571696,3.63895104684578,-1.66708385944366,-5.13706493377686,-4.82439994812012,-100.905164495591,88.1485636167303,-37.0940538728547
17.815,0.707431435585022,-7.2667441368103,5.28297519683838,-41.7154930539742,-53.1014969475609,11.9867787952446,-2.91138911247253,-6.49400615692139,-4.81545352935791,-113.93975407367,86.8055503504199,-42.1765410682338
17.82,1.23103260993958,-7.06452798843384,4.04096841812134,-58.9575440475789,-50.8960356947529,21.5513624824856,-4.41510057449341,-8.44335460662842,-2.8473436832428,-127.706082308101,87.1140426744727,-46.5441567594172
17.825,1.72523331642151,-7.31169033050537,2.93992757797241,-73.9046002536406,-45.8056562157879,31.814020531206,-5.66728210449219,-11.0231037139893,-0.183398470282555,-133.251922706585,74.8156996775961,-48.1607498378379
17.83,2.2886266708374,-7.90620994567871,1.90425074100494,-84.4795567493287,-37.7536554862866,42.3232330410382,-6.39845895767212,-13.9596519470215,2.93346977233887,-128.897267299351,52.3955490855159,-47.152671972952
17.835,3.00392127037048,-8.78815364837646,0.877766609191895,-88.7615457739823,-26.4976744888349,52.7347294495096,-6.36225414276123,-17.0570774078369,6.3376522064209,-112.69878383356,21.2117518165743,-43.4597833491175
17.84,4.00189971923828,-9.81485366821289,-0.0107397194951773,-81.0509383897657,-10.3116373352585,61.0369268384976,-6.22182559967041,-19.4716606140137,9.26796531677246,-86.650402603423,1.24409729281155,-36.5213630015167
17.845,4.90492486953735,-10.6515684127808,-0.630027592182159,-65.7906565385564,7.98803771547144,67.26259645564,-6.52778625488281,-20.5652084350586,10.0686721801758,-62.0758259320132,-20.1251062856657,-27.0882331350417
17.85,5.79760313034058,-11.3657398223877,-1.09441816806793,-44.6756014176093,28.8237363918177,71.1810281711521,-7.03191041946411,-20.4658145904541,9.23239707946777,-41.2248395847571,-45.2377396466797,-14.9311743086941
17.855,6.78543949127197,-12.0326766967773,-1.53563034534454,-19.3848879494601,52.9212243497022,72.324873121265,-7.43756675720215,-19.2426586151123,7.25215482711792,-27.2105071815632,-77.3241208012291,0.447329125744396
17.86,7.708580493927,-12.6985349655151,-1.86249387264252,3.9281519284747,76.4073933013975,69.4360992533215,-7.17675018310547,-16.740514755249,5.52098798751831,-25.6643948251879,-112.930258944532,14.2443535376461
17.865,7.99282884597778,-13.0232648849487,-1.9366010427475,22.3339980009843,90.5830411124088,64.3232928482167,-6.33478116989136,-13.9242124557495,4.1720232963562,-29.2740541788913,-152.47348204997,22.1227248820301
17.87,7.57466888427734,-12.927978515625,-1.81393086910248,34.697046794963,92.1481174890147,57.2803467006527,-4.79580354690552,-11.2180261611938,3.25338530540466,-35.9911900577619,-194.312119999584,23.156902607282
17.875,6.32025957107544,-12.2547817230225,-1.59440398216248,38.5379114671658,74.438215612737,48.470597954441,-2.25794816017151,-9.33587646484375,2.88753962516785,-43.0316329409952,-235.533418131257,15.3293299410762
17.88,4.62031841278076,-11.1311178207397,-1.75489735603333,31.2369173576641,37.3885340638253,36.7613451130997,1.30553996562958,-8.43680667877197,2.41219425201416,-51.3185511968099,-255.203925808787,0.773131897237928
17.885,2.60130524635315,-9.95455646514893,-2.52561855316162,16.5302359990627,-11.3995336445589,23.0331481172578,5.05487394332886,-8.23552703857422,1.72892999649048,-58.6717484421381,-259.514704080792,-12.8759533119643
17.89,0.21955443918705,-8.89181900024414,-3.81475615501404,-2.85818849428363,-66.2749647620345,8.74617163786993,8.64796447753906,-8.64267349243164,0.761130392551422,-64.7537313697109,-249.490417926558,-24.4351656802607
17.895,-2.73092007637024,-8.29368782043457,-5.31864023208618,-20.7883927861548,-114.115959293878,-2.22282017858353,11.380820274353,-9.55732822418213,-0.704166173934937,-69.2599486746269,-224.557222172776,-33.0503872238158
17.9,-5.69065237045288,-8.94032001495361,-4.781653881073,-33.3461344148774,-148.991164743152,-10.7634569101758,12.305814743042,-10.3258390426636,-2.36195540428162,-75.7285476299791,-183.277006829323,-35.7122451320586
17.905,-7.95794486999512,-10.6089658737183,-2.09258937835693,-39.4654306658861,-160.341422841717,-17.0793302743656,11.7740268707275,-10.7441692352295,-3.99303579330444,-83.8201497962882,-135.159703824796,-32.9121749308661
17.91,-9.22018146514893,-13.1515407562256,2.49375295639038,-38.8014201653449,-143.689776815063,-20.6166374341911,9.93838787078857,-10.7818393707275,-5.52982759475708,-93.588870762348,-84.3746245531098,-25.622638463697
17.915,-8.72018432617188,-16.0997276306152,7.67709875106812,-30.8107511194957,-88.7027446754176,-18.5873916468749,7.16148853302002,-10.5006484985352,-6.8761568069458,-105.626573740497,-40.8686827855814,-17.8903127854671
17.92,-6.88151836395264,-18.3179016113281,10.9608335494995,-23.6401470287968,-46.4512081300971,-14.0708983223527,4.38484716415405,-10.4939441680908,-7.38280153274536,-117.72234015678,-10.9650729954172,-12.7233378576023
17.925,-4.48748588562012,-19.5551795959473,12.3788356781006,-15.6047265835057,-26.1173388199973,-9.0820922940822,1.88437020778656,-10.8672695159912,-6.8837718963623,-126.486046597797,5.5289343996273,-9.14092925113998
17.93,-1.91016697883606,-19.6385746002197,11.8223705291748,-5.7416653370824,-30.4067898263191,-4.65199531303196,-0.15242063999176,-11.6262435913086,-5.40920782089233,-129.925552278897,6.8587965635777,-6.87320015187679
17.935,-0.110953241586685,-18.1193046569824,8.79481029510498,8.80198538244633,-50.2343747792863,-3.60579175908584,-1.0531302690506,-12.4305801391602,-3.90812015533447,-122.259648482798,-18.1894648258299,-6.06209555114391
17.94,1.02945244312286,-15.3882083892822,4.13968753814697,24.243725723109,-60.62001209156,-5.97387469338991,-0.973077833652496,-13.0555906295776,-3.61185264587402,-112.916933245461,-51.8770557652419,-6.66741508992077
17.945,1.76232600212097,-12.3308887481689,-0.770243465900421,36.0703587804316,-54.779954464389,-10.2587733786299,-0.277062684297562,-13.5002956390381,-4.02757883071899,-105.337048851769,-80.6631270788816,-8.57609395112108
17.95,2.18619966506958,-9.39354610443115,-5.21921110153198,41.321756553985,-27.8531887088737,-15.4651789885732,0.841661632061005,-13.7208919525146,-4.87375593185425,-101.235711500473,-96.6760001539779,-11.7776776764465
17.955,2.09507346153259,-6.52073001861572,-9.1096830368042,33.2060472350004,26.9873102598656,-15.9867134505752,1.75415968894958,-13.1185350418091,-5.05248832702637,-97.0560113888299,-91.7648755746853,-15.854721752412
17.96,1.98787569999695,-3.60867786407471,-12.7551927566528,13.7184520234435,80.5160731060512,-11.7687121993872,2.05983281135559,-12.0241794586182,-4.8344030380249,-91.8334301833847,-79.0800941349477,-18.4264604371983
17.965,1.85456216335297,-1.21174347400665,-15.429310798645,-14.8605945489058,119.253340719617,-4.68871739821771,1.81469714641571,-10.8508253097534,-4.56499814987183,-86.9708067773883,-63.6813916700189,-19.4641881532713
17.97,1.68553948402405,0.197315365076065,-16.4943828582764,-51.2726762312495,131.564756698565,3.93412749022481,1.02961349487305,-9.92235279083252,-4.51611804962158,-83.606733705482,-49.4297648346805,-18.8511428167695
17.975,0.851043581962585,0.403556495904922,-14.479248046875,-84.1860225395583,93.2367950012014,12.1000711430076,-0.258811622858047,-9.84911060333252,-4.38504552841187,-81.1832869653131,-35.1217103915139,-15.0988110565883
17.98,-0.322901338338852,0.275977611541748,-11.0422964096069,-104.884781045688,43.1372481561311,17.5623510071852,-1.43443143367767,-9.93068885803223,-4.09670829772949,-78.4107834076107,-21.3294923250342,-10.3804762505821
17.985,-1.71690499782562,-0.270507603883743,-6.66483211517334,-110.840227888697,-6.17666514428171,19.4586266717396,-2.30351877212524,-10.0062093734741,-3.78236413002014,-75.4811786688088,-10.5522452629242,-6.06174550394895
17.99,-3.1978919506073,-1.37502586841583,-1.87922215461731,-97.7411476644739,-38.8674851700919,16.4311350768477,-2.59909343719482,-9.87307548522949,-3.60492467880249,-72.623570954048,-6.16182911963079,-3.88912038557584
17.995,-4.36938381195068,-3.24529314041138,1.20851957798004,-76.9571005861785,-43.7375705577565,11.2140607114208,-2.2122688293457,-9.48309326171875,-3.42832398414612,-68.3869275552942,-5.45413827868696,-4.81162451789798
18.0,-4.97084712982178,-5.41963243484497,2.23873662948608,-57.1551117671259,-34.9537150586883,4.14862573912766,-1.78447246551514,-9.19963455200195,-3.04023623466492,-64.3241124709171,-3.58177638707725,-5.28374554946265
18.005,-5.03161239624023,-7.87730169296265,1.57525682449341,-40.6002290304432,-15.0004563325401,-4.93132870574433,-1.43510699272156,-9.11759185791016,-2.5294234752655,-60.9826609855418,-0.105953703036113,-4.62662799045454
18.01,-4.57776021957397,-10.6574211120605,-0.232988089323044,-31.0135974925614,14.0816165967077,-16.588603380615,-1.33114647865295,-9.39971351623535,-2.07349753379822,-59.3125158089336,5.46325700811575,-1.80836579385104
18.015,-4.35691261291504,-13.5264797210693,-1.37476348876953,-32.2568831668004,40.9716444722248,-27.3536798993978,-1.29777181148529,-9.76879119873047,-1.89885771274567,-58.6063903619702,9.31340091919291,0.748407733020392
18.02,-4.60927772521973,-15.8271398544312,-1.87253355979919,-34.7745933477047,59.0731723200381,-35.8031788555736,-1.1064738035202,-10.1346998214722,-1.83366763591766,-58.4997779392155,11.1830823884402,1.05529485589653
18.025,-5.3189115524292,-17.289192199707,-1.84514403343201,-36.5877319496817,66.3398993704738,-41.3363731588089,-0.731752157211304,-10.4927291870117,-1.83630132675171,-58.9396762727102,11.8183480378593,-1.24945653671078
18.03,-6.39365291595459,-17.289363861084,-1.58241856098175,-35.3498899362111,58.2326560709655,-42.4581770884701,-0.165843397378922,-10.8612298965454,-1.85431671142578,-59.954116458808,13.3723501164997,-6.73258405922598
18.035,-7.14129781723022,-16.2349872589111,-1.53660714626312,-32.864305550068,41.0682165168996,-39.5288489723296,0.0049631167203187,-11.1672525405884,-1.86635899543762,-60.0318713323194,16.1740962753599,-11.6367444068861
18.04,-7.48222351074219,-14.8725099563599,-1.60086393356323,-30.2159987371385,21.5411479345819,-34.64333418733,-0.331494450569153,-11.3664264678955,-1.89846503734589,-59.2406553886759,18.349453469401,-14.4595548691466
18.045,-7.42312002182007,-13.4585008621216,-1.71813356876373,-27.6195979468066,1.51778628122684,-28.3841744451397,-1.14409852027893,-11.4271202087402,-1.92239475250244,-57.7834413594429,19.2391146370991,-15.0510321757968
18.05,-7.07483434677124,-12.4438314437866,-1.7290027141571,-24.9916638806239,-16.9868563431928,-21.3748823471636,-2.17547202110291,-11.2460918426514,-1.78032445907593,-56.5397902700832,17.6404542203443,-14.2136330543066
18.055,-6.40182828903198,-11.4487543106079,-1.52907478809357,-22.9293446097993,-32.659092516455,-14.2378827871811,-2.97724103927612,-10.9116449356079,-1.51977205276489,-55.4434151347019,11.4772979095804,-13.9150880470063
18.06,-5.45911502838135,-10.3601999282837,-1.16969263553619,-21.9916518443103,-44.762406291771,-7.50157798240479,-3.58144927024841,-10.5526866912842,-1.3032044172287,-54.291572033071,1.15637322459796,-13.7934611609086
18.065,-4.27128171920776,-9.16585731506348,-0.679780244827271,-22.5504945071062,-52.467003109518,-1.44512181963778,-3.95345258712769,-10.2316417694092,-1.20019924640656,-53.0343322823576,-13.2862948555994,-13.6593589342919
18.07,-2.95115613937378,-8.10154724121094,-0.189398631453514,-25.7626744171552,-52.0522262117906,3.25153631382031,-3.77736139297485,-10.0995445251465,-1.30959939956665,-51.8436424798222,-31.6415650848523,-12.9487170247398
18.075,-1.56913352012634,-7.27115631103516,0.189733579754829,-30.5201504759738,-44.63523158452,6.47903249619629,-2.98391056060791,-10.0880680084229,-1.50987076759338,-51.2723074010344,-48.7129091605309,-12.2877895008353
18.08,-0.211800128221512,-6.69479322433472,0.46097132563591,-35.600093425887,-32.4443684444227,8.16891136997713,-1.77748763561249,-10.1167755126953,-1.6755028963089,-51.1026079360108,-61.3724530512853,-11.9817910496032
18.085,1.06174981594086,-6.40237426757813,0.618545234203339,-40.2666733272311,-16.5006664025984,8.14344330210944,-0.276912808418274,-10.1412229537964,-1.73760449886322,-51.2035103206194,-67.3506239336632,-12.2356845489782
18.09,2.03508138656616,-6.4872932434082,0.634629011154175,-42.5691198511586,1.21258408064158,5.39146275531563,0.907772600650787,-10.0854082107544,-1.68312859535217,-50.8830480900462,-59.9220350602764,-13.4842824028442
18.095,2.7249059677124,-6.7371506690979,0.521132826805115,-43.3198771692535,15.4459520060596,2.35887818718042,1.93832850456238,-9.90023231506348,-1.6485059261322,-50.3241439555478,-43.673995156962,-15.0055977574379
18.1,3.13953065872192,-7.10249376296997,0.296935588121414,-42.9041406299477,28.1047701892147,-0.925098110102864,2.76096439361572,-9.60829162597656,-1.61053478717804,-49.6070014134531,-21.076012052104,-16.4008534331624
18.105,3.26871752738953,-7.55103206634521,-0.0297142565250397,-41.5570668161757,40.6091287669318,-4.45260715012048,3.32013773918152,-9.22103118896484,-1.55054342746735,-48.7857736185966,6.2951463013798,-17.3449375481672
18.11,3.01744675636292,-8.07825660705566,-0.412475049495697,-39.6641584348822,54.988220592561,-8.20941951439718,2.87878561019897,-9.00507068634033,-1.56090593338013,-47.9070697818745,32.4704085406334,-16.9339531129765
18.115,2.58615326881409,-8.6025276184082,-0.75559389591217,-37.7658951852793,67.1837897329964,-11.1148044024022,1.97871851921082,-9.01819610595703,-1.64565360546112,-46.9616042611101,52.7808878679205,-15.8158323628252
18.12,2.01189303398132,-9.09869575500488,-1.03644740581512,-35.8968139189053,77.0629275371787,-13.1983450709781,0.824459910392761,-9.22527408599854,-1.73299586772919,-46.0233616653929,66.6506593173311,-14.3651018906618
18.125,1.33022665977478,-9.53299999237061,-1.22182190418243,-34.1025539597942,84.2804567350229,-14.4339963012724,-0.346578598022461,-9.59708404541016,-1.7329341173172,-45.1858404542714,72.8606878012742,-13.0267391294025
18.13,0.643694698810577,-9.86193466186523,-1.28467309474945,-32.8701009655788,88.4907765847155,-14.8779346916611,-1.07433044910431,-9.9896764755249,-1.63889956474304,-43.8174632804781,70.6303919806441,-11.9885256161248
18.135,-0.0131127368658781,-10.1143207550049,-1.30491185188293,-32.211667314495,91.4073356622026,-15.1201417373663,-1.54431688785553,-10.2599096298218,-1.62331974506378,-42.2021030512026,64.1598259308108,-11.1509617163209
18.14,-0.644452035427094,-10.2962398529053,-1.29878401756287,-32.0424220570512,93.0761762726793,-15.2864431832777,-1.81408619880676,-10.3809385299683,-1.65114867687225,-40.6142001823905,54.2800358435628,-10.4581474542762
18.145,-1.25934791564941,-10.408763885498,-1.28588485717773,-32.2518493173821,93.2728788905865,-15.5451536735649,-1.952073097229,-10.3012609481812,-1.64240288734436,-39.5467713887117,41.7646772461874,-9.8298707959253
18.15,-1.718376994133,-10.4600563049316,-1.26166749000549,-32.6053969842949,90.4466490648728,-16.1179931015174,-1.87384188175201,-10.142972946167,-1.60353004932404,-38.9855313295172,29.3975849802201,-9.27930376108256
18.155,-2.16278100013733,-10.4625148773193,-1.21455478668213,-32.721964407765,85.8981597191837,-17.0961103416091,-1.59052467346191,-10.0094718933105,-1.62124419212341,-38.6679685142466,18.1106137069567,-9.49849563060567
18.16,-2.62814831733704,-10.4060802459717,-1.13458359241486,-32.413103253497,80.0765982442851,-18.4848209885615,-1.12237870693207,-9.90842533111572,-1.68064141273499,-38.5563154118844,8.59645730635783,-10.5875684399906
18.165,-3.16855406761169,-10.2516202926636,-0.993994355201721,-31.2305140553172,73.7000429181879,-20.3037754966167,-0.507482051849365,-9.82749080657959,-1.71062064170837,-38.654864796324,2.69252118874791,-12.6652120939918
18.17,-3.6223509311676,-10.0190591812134,-0.850396871566772,-29.1545190382269,67.4212344293027,-22.4368264989388,-0.0622507147490978,-9.74518871307373,-1.69236946105957,-38.8232118838919,2.11069088397014,-14.3903035811518
18.175,-3.96687769889832,-9.75788116455078,-0.7535040974617,-26.7791978109499,61.3772478440827,-24.6663778289494,0.283239036798477,-9.66183757781982,-1.70059156417847,-39.1147380180463,4.25819990266123,-15.6261853303306
18.18,-4.18419122695923,-9.48511028289795,-0.715599894523621,-24.347204796582,55.592084447271,-26.8513946180242,0.538760721683502,-9.58053398132324,-1.7437504529953,-39.5337530481537,8.49455173771489,-16.3728667330383
18.185,-4.21321773529053,-9.23070049285889,-0.74429577589035,-22.3968357413484,50.040783312546,-28.5513023439407,0.680000841617584,-9.51539897918701,-1.78663873672485,-40.0470041982397,14.4235290363694,-16.7670506104181
18.19,-4.09418058395386,-8.99512386322021,-0.812973380088806,-21.1559542936971,44.857339091045,-29.5252924422264,0.598887324333191,-9.4652271270752,-1.71835362911224,-40.4518636612922,21.1343572355416,-17.0232714967528
18.195,-3.88618135452271,-8.78456592559814,-0.906011819839478,-20.430577958558,40.7764410808404,-30.0240123648532,0.39006906747818,-9.41299247741699,-1.64199614524841,-40.7464804560461,27.4901043903323,-17.4149555248963
18.2,-3.61059713363647,-8.60518360137939,-1.02112150192261,-20.1919635923563,38.1405310612545,-30.1353205426623,0.0903023853898048,-9.3557596206665,-1.59996497631073,-40.9218250724187,32.9241550826703,-18.0344895411096
18.205,-3.29815316200256,-8.4829740524292,-1.17685163021088,-20.6147762076422,37.3931341962313,-29.9916304379982,-0.234720751643181,-9.31738185882568,-1.64994239807129,-40.9382653377509,36.1189214254304,-18.8351840797737
18.21,-3.01810479164124,-8.42169666290283,-1.34661686420441,-21.810470831292,37.9666276147968,-29.6200954679062,-0.608089983463287,-9.32615852355957,-1.62981033325195,-41.0193328530098,38.6882166100411,-19.5619418206725
18.215,-2.77748703956604,-8.41839218139648,-1.50648880004883,-23.6054513753605,39.6407445464074,-29.0198652738346,-1.0195130109787,-9.35891437530518,-1.59892165660858,-41.0727176115626,40.5089606276589,-20.1442069096796
18.22,-2.58389639854431,-8.47548198699951,-1.64055395126343,-25.9287299762566,42.3193330030221,-28.1761490811359,-1.45976591110229,-9.40376949310303,-1.59288728237152,-41.0555465159892,41.3625703493705,-20.5308912393507
18.225,-2.46779632568359,-8.60669898986816,-1.69958341121674,-28.5524344477956,45.2633904221077,-27.0593687556092,-1.82254195213318,-9.44310665130615,-1.69960582256317,-41.1006086890384,39.2322343472435,-20.6171377455478
18.23,-2.40226125717163,-8.79659748077393,-1.72067975997925,-31.0152879643809,47.9171989524136,-25.853461291603,-2.05577921867371,-9.53478622436523,-1.72083139419556,-41.3727712368959,35.5266176658906,-20.8987157091761
18.235,-2.37442255020142,-9.03117370605469,-1.71299648284912,-33.0543316580615,50.2382509116403,-24.5676935482737,-2.13780927658081,-9.671142578125,-1.68868041038513,-41.7020785624443,30.7535073040619,-21.4264161244513
18.24,-2.37634587287903,-9.30201721191406,-1.68205726146698,-34.434326983633,52.1723487487236,-23.2045568371212,-2.04212784767151,-9.84880542755127,-1.62544667720795,-41.9567455807428,25.2517130879884,-22.2557257406432
18.245,-2.43436503410339,-9.54709339141846,-1.55183184146881,-34.4183101900293,53.0596449634216,-21.8577476931795,-1.68267381191254,-9.9252815246582,-1.67603993415833,-42.2440540730848,19.8480089261328,-23.5940791103924
18.25,-2.494713306427,-9.71841430664063,-1.42197477817535,-33.6976364401338,53.4023121389866,-20.756391642346,-1.33381855487823,-9.9325647354126,-1.7208057641983,-42.6541898572711,16.0743123342279,-25.0713653580488
18.255,-2.55881977081299,-9.8360710144043,-1.29736411571503,-32.4656444836873,53.3814766469235,-19.8168496031392,-1.01439428329468,-9.88266849517822,-1.75642144680023,-43.1366300240112,14.2992332538535,-26.4941876772636
18.26,-2.6287693977356,-9.92118167877197,-1.18453228473663,-30.9259251843751,53.1967405204421,-18.9464751821099,-0.750326097011566,-9.78629207611084,-1.77800834178925,-43.6334579842379,15.1396368048048,-27.6153768898995
18.265,-2.72324371337891,-9.96621894836426,-1.00554144382477,-29.2068519476475,52.5052214330188,-18.0525400235387,-0.542557775974274,-9.66475486755371,-1.77544367313385,-44.0133462756849,18.0093168789235,-28.5607075144278
18.27,-2.82364940643311,-9.94201564788818,-0.80853533744812,-27.3600456357042,51.702923507447,-17.3543768696002,-0.428866177797318,-9.56819629669189,-1.76113069057465,-44.340211808605,21.3210160602743,-29.5584325200793
18.275,-2.92634558677673,-9.85096836090088,-0.607240915298462,-25.4989710585848,51.0056841365937,-16.9004715256651,-0.42782062292099,-9.50529384613037,-1.74668705463409,-44.7455835358453,24.8193143022024,-30.5787910650929
18.28,-3.02663326263428,-9.69364547729492,-0.422147423028946,-23.8316757784078,50.7918343287752,-16.7853059985222,-0.582485973834991,-9.49075317382813,-1.75280570983887,-45.4802181924043,28.2069856776912,-31.5437636061269
18.285,-3.10922074317932,-9.49306964874268,-0.295932769775391,-22.7371174733457,51.1360861082276,-17.0323163747612,-0.849544584751129,-9.51569843292236,-1.72095382213593,-46.3077297612972,30.0619984619223,-32.209560201136
18.29,-3.15900111198425,-9.28501605987549,-0.219186559319496,-21.9975821560572,51.9780469423097,-17.5318285993317,-1.12573611736298,-9.56098747253418,-1.62884891033173,-47.1679067098957,30.7977840053565,-32.9614547457277
18.295,-3.16768383979797,-9.08102798461914,-0.193872839212418,-21.5679017855608,53.2217936543177,-18.2124671954072,-1.37540292739868,-9.62990379333496,-1.4781858921051,-48.013634393305,30.5272880236565,-33.9095908704576
18.3,-3.11290884017944,-8.9020528793335,-0.233802795410156,-21.4240289733364,54.6467862661413,-18.9229349351355,-1.52995157241821,-9.74110984802246,-1.27667534351349,-48.7284239352306,29.3372812400381,-35.2521089480532
18.305,-2.99975395202637,-8.81510639190674,-0.297362804412842,-21.3396932125597,56.6292213519808,-19.6540913178597,-1.50035321712494,-9.84552764892578,-1.1296272277832,-49.5367631631233,27.0792907098708,-36.723816638705
18.31,-2.86659836769104,-8.8134126663208,-0.346234351396561,-21.2473336870554,58.9344306874276,-20.4751825089328,-1.39674162864685,-9.89975357055664,-1.01303732395172,-50.560963689545,24.9438832922851,-38.1773731016375
18.315,-2.73249173164368,-8.8930721282959,-0.360297471284866,-21.2022766366482,61.3009273102969,-21.3555068080355,-1.27186357975006,-9.88834571838379,-0.919848501682281,-51.8202046856853,23.4157958051294,-39.5487248228144
18.32,-2.64795398712158,-9.04265308380127,-0.283977717161179,-21.5302793960651,62.7431217535451,-22.0825223885754,-1.26173758506775,-9.78264808654785,-0.841132462024689,-53.2817183190009,23.566563693321,-40.6862825837962
18.325,-2.66037797927856,-9.25179958343506,-0.121712692081928,-22.0985016161387,63.2553449601611,-22.5237201655597,-1.28452742099762,-9.70442390441895,-0.751654624938965,-55.0519667480848,23.8798183667726,-41.8268319676346
18.33,-2.74943733215332,-9.51124858856201,0.0794633701443672,-22.5200421086917,63.5014230155783,-22.7844148258007,-1.290855884552,-9.68445014953613,-0.653937101364136,-57.0712438743073,23.6831242866019,-43.2672266560365
18.335,-2.91175651550293,-9.81665706634521,0.298686027526855,-22.5456962992142,63.7433278254126,-22.8962164847774,-1.26272201538086,-9.73636913299561,-0.54596483707428,-59.3169964130292,22.6821293278852,-45.1233408082712
18.34,-3.15706872940063,-10.1461963653564,0.488656044006348,-21.2824630575041,64.3180062817992,-22.8675706713984,-1.19602179527283,-9.87011432647705,-0.406740635633469,-61.7107728114435,20.4987125106235,-47.4308314269008
18.345,-3.44545888900757,-10.4457817077637,0.666235148906708,-19.1930825771878,64.7668180121607,-22.7188535475051,-1.07709431648254,-10.0423526763916,-0.21477098762989,-64.1414458917543,18.0556323916854,-49.5661876180677
18.35,-3.71164798736572,-10.6829271316528,0.826951682567596,-16.6050641365148,64.8076625433974,-22.4578498212041,-0.948057055473328,-10.1905956268311,-0.0230954866856337,-66.6304009762528,15.7345514041548,-51.5438552318666
18.355,-3.92134046554565,-10.8351612091064,0.970592081546783,-13.6558644387578,64.2288859735088,-22.0831063697495,-0.835529804229736,-10.2766799926758,0.142111480236053,-69.197561726748,13.7657007108007,-53.3786387033233
18.36,-4.09957075119019,-10.8690776824951,1.15265476703644,-10.2071345871837,62.3085236468464,-21.6068509393028,-0.828658878803253,-10.2312984466553,0.313881665468216,-71.9401695464532,12.5454285051964,-55.3574640341865
18.365,-4.32297897338867,-10.8197555541992,1.37295734882355,-6.62600066477522,59.5198530313786,-21.2539470177193,-0.903275191783905,-10.153130531311,0.592144310474396,-74.2382071832715,12.0206881231527,-57.0754785915927
18.37,-4.54503536224365,-10.6855487823486,1.59611535072327,-2.97232031498431,55.9510382089119,-20.977063101598,-1.03101480007172,-10.0730810165405,0.894061148166656,-76.525767309903,11.7802219219123,-58.7371543336301
18.375,-4.72862386703491,-10.4599485397339,1.79414033889771,0.710706796349214,51.6244582942619,-20.7431769338493,-1.19255518913269,-10.0156316757202,1.1551479101181,-79.1477061775417,11.5141083603385,-60.5017951774054
18.38,-4.8221755027771,-10.205174446106,1.90033352375031,4.3896814710708,46.2095116410324,-20.5745907896605,-1.39240765571594,-10.0046405792236,1.43060946464539,-82.9617384515902,11.2055579796778,-63.0306180760893
18.385,-4.87089824676514,-10.0339393615723,1.95847880840302,7.92739161205725,40.4951909662922,-20.5821432713352,-1.66744589805603,-10.0696334838867,1.71533977985382,-87.0213706678139,11.5611581184362,-65.706515438171
18.39,-4.87226343154907,-9.97441482543945,1.98639059066772,11.4503511057574,34.4154722464292,-20.6551699463937,-2.00139832496643,-10.2122373580933,1.97812247276306,-91.4261596635552,12.1877545502513,-68.4394790307682
18.395,-4.81945085525513,-10.0705881118774,2.00412511825562,15.116374888039,27.859284652708,-20.6596659184148,-2.37835335731506,-10.4404630661011,2.17804837226868,-96.3277492987664,12.6122337316946,-71.120840544186
18.4,-4.7194299697876,-10.4228029251099,2.01268649101257,18.3046047397634,22.2667786942676,-20.4882606136461,-2.72011280059814,-10.8354473114014,2.55316138267517,-101.725565837557,12.7536212088348,-73.5099382630189
18.405,-4.57575654983521,-10.9191589355469,2.03213906288147,22.1816625843782,15.7911719648269,-20.0420153268652,-2.96553230285645,-11.242395401001,2.88766670227051,-107.233225478581,12.1875376917451,-75.7897256343749
18.41,-4.40298271179199,-11.5280427932739,2.06241583824158,27.202263143235,8.05330956450102,-19.233918570688,-3.09450125694275,-11.6759901046753,3.13942551612854,-113.026284574073,10.8777071919699,-77.9556947334019
18.415,-4.22524356842041,-12.2131795883179,2.10241723060608,34.2255451761786,-1.60367953857775,-17.8714221897701,-3.06309485435486,-12.1831483840942,3.24260020256042,-119.508079454902,8.72177847102287,-79.9681006893194
18.42,-4.08875560760498,-12.8888444900513,2.17685413360596,42.3919071780481,-10.9476321073715,-15.7221836391152,-2.8607714176178,-12.8615112304688,3.37474942207336,-126.597337700133,7.18595237953756,-81.7067799840595
18.425,-3.9981164932251,-13.5209102630615,2.2849428653717,50.8842843542859,-19.6112387110071,-12.9547805251755,-2.57022547721863,-13.5405435562134,3.54256415367126,-133.959106832869,7.02056660586169,-83.2886381354561
18.43,-3.95846939086914,-14.0930967330933,2.42388200759888,59.438758195363,-27.432239027684,-9.56754115915169,-2.22545170783997,-14.2102460861206,3.78406047821045,-141.411908726864,8.345177208114,-84.7325606165643
18.435,-3.98774433135986,-14.5650072097778,2.58861088752747,67.5903499131523,-33.9955658766351,-5.43796439073237,-1.89034104347229,-14.9027004241943,4.2140965461731,-148.55783022145,11.3701885905635,-86.0383766726549
18.44,-3.98622012138367,-14.7779092788696,2.81466555595398,75.5694247128854,-39.4970749323107,-0.878349360576387,-1.5589314699173,-15.6093444824219,4.52364253997803,-153.336626715762,13.5680521116935,-86.974850249377
18.445,-3.92073845863342,-14.8038835525513,3.01320362091064,84.3687710809911,-44.714034892069,3.72658963097304,-1.25883674621582,-16.2556648254395,4.43791913986206,-157.015352942353,15.281202720637,-87.5585787064138
18.45,-3.78989171981812,-14.6884393692017,3.14340710639954,94.4732641466488,-49.9175120584057,8.2670868015596,-1.04370164871216,-16.8302707672119,3.96511101722717,-160.02984327216,17.269851571074,-87.8238632537771
18.455,-3.62026929855347,-14.5718793869019,3.10363602638245,107.152759019969,-55.5952502399513,12.6156112602392,-1.13625609874725,-17.3545341491699,3.4181923866272,-163.146895722543,22.7392143414209,-87.9141993357397
18.46,-3.29367446899414,-14.4939031600952,2.8293399810791,121.447252122538,-60.710525758441,16.3901693097532,-1.36435341835022,-17.9696922302246,2.63063788414001,-163.978689820046,29.5609357844101,-87.3949273739003
18.465,-2.82539772987366,-14.4655046463013,2.44853186607361,136.273639376533,-65.1412694730283,19.4357079719796,-1.43786358833313,-18.6504688262939,1.48306727409363,-162.894055779848,32.4745715409325,-86.4360985880247
18.47,-2.22282147407532,-14.5063190460205,2.03796005249023,151.318032608457,-68.9865566927188,21.6309102806542,-1.25480794906616,-19.3775367736816,0.0711211040616035,-160.104442598275,30.3181954425949,-85.059931583483
18.475,-1.53837335109711,-14.7307748794556,1.8861962556839,166.915015464991,-73.545776265594,22.6138684173201,-0.835862398147583,-20.049352645874,-0.421780645847321,-156.766132999917,29.2396505160419,-83.0865123473479
18.48,-0.8127760887146,-15.0605726242065,2.09030055999756,184.560372053612,-79.5769903970661,22.9248554679673,-0.554075300693512,-20.2504978179932,0.276141822338104,-153.716781384587,36.0738148561516,-80.954250231875
18.485,-0.03688919916749,-15.3936452865601,2.36682915687561,202.603928670845,-87.3180399344134,22.9932581049576,-0.380033075809479,-20.0360317230225,1.35225772857666,-149.758413552998,48.2620483734184,-79.6609197615873
18.49,0.802510142326355,-15.6735944747925,2.53745913505554,219.805719114387,-96.8654149600407,23.0516408544356,-0.324363946914673,-19.3883533477783,2.29189801216125,-144.102197297527,64.9954312738702,-79.9735033689529
18.495,1.80631220340729,-15.8516159057617,2.01265811920166,229.125512236869,-105.986347124838,23.4494840056632,-0.750059247016907,-17.8831825256348,1.17281985282898,-134.838684933805,90.6663557599046,-85.3798576442064
18.5,2.95299506187439,-15.9231071472168,0.8632572889328,234.953343825426,-119.027616627926,24.4126670371347,-2.2192530632019,-16.2021598815918,-0.636025607585907,-126.565140188385,127.246601822256,-91.0163414831652
18.505,4.15186548233032,-15.8306303024292,-0.81505674123764,239.340893423702,-137.185756498675,25.8471416590735,-4.40434408187866,-14.6704158782959,-2.65633344650269,-119.203289093379,158.563060147899,-95.284758921938
18.51,5.33393478393555,-15.5184326171875,-2.97850751876831,243.83294491628,-161.726366639342,27.7069082549668,-7.08841848373413,-13.5558643341064,-4.52035856246948,-112.746636138885,171.420932241583,-96.829310580088
18.515,6.15717554092407,-14.8482065200806,-5.04437780380249,245.503308658941,-177.659586048338,30.1159057299466,-8.71891212463379,-12.85866355896,-8.63007736206055,-105.512092939818,103.335557538145,-94.4459092390229
18.52,6.69531679153442,-14.2489185333252,-6.40114784240723,241.670889515647,-176.603351934709,33.3222424131607,-8.98400115966797,-12.0728969573975,-13.1148624420166,-97.9684905109977,28.1554211645522,-89.757865468212
18.525,7.00214719772339,-13.8097591400146,-7.11656618118286,232.585153315643,-160.009912780162,37.3817414406957,-7.72809791564941,-11.2371215820313,-16.2385425567627,-91.751686479398,-44.0461585044576,-80.5502991839821
18.53,7.12745523452759,-13.6551027297974,-7.22641754150391,218.15531318448,-128.508711497848,42.4301698977785,-4.63872003555298,-10.3959321975708,-15.7150764465332,-89.0190029245567,-100.383829816622,-63.6927707651762
18.535,7.08257055282593,-13.7530813217163,-7.28979921340942,204.016903564824,-87.7759563069386,47.7192771457396,0.296535551548004,-9.626633644104,-12.100287437439,-91.4930955174213,-148.681087815212,-41.8022740224738
18.54,6.80862808227539,-13.9352874755859,-7.13792181015015,194.583579037957,-42.9524437277581,52.1110648763957,4.51248979568481,-8.91500949859619,-9.70721054077148,-94.4065673494036,-168.95720104569,-23.3280227516529
18.545,6.24492740631104,-14.1042146682739,-6.64785146713257,190.026408521833,4.61410142351673,55.1658089260759,7.80608749389648,-8.33736610412598,-9.05710792541504,-95.7221983873314,-163.370119964998,-9.43878697065507
18.55,5.25215482711792,-14.0914421081543,-5.5688304901123,190.718293024377,53.1999746150141,56.0293975541648,9.96551895141602,-8.05387878417969,-10.8671007156372,-91.9136166042406,-135.38943040734,-1.94233803343014
18.555,4.24904251098633,-13.8398294448853,-4.56426334381104,189.773336352706,96.2675616718003,54.3820754546682,12.4139289855957,-7.90321779251099,-10.9306192398071,-82.7909768921507,-90.529615372721,2.65832477945118
18.56,3.08099460601807,-13.4464502334595,-3.65568828582764,184.819318185426,135.482594187619,51.8735348027247,13.7076215744019,-7.68651533126831,-8.95037651062012,-72.3736611625064,-36.6847342962742,8.20409282061822
18.565,1.65066981315613,-12.9575080871582,-2.75688457489014,175.770123497481,170.685443811378,48.8803888140742,13.5017061233521,-7.42886257171631,-5.7229642868042,-60.4230430962752,21.6519045746155,15.3059963073242
18.57,-0.292733818292618,-12.4634256362915,-1.61008536815643,162.865587551387,200.441340515457,45.8542974079622,11.1815090179443,-7.27184915542603,-3.56046485900879,-44.6439913021305,74.6877224231176,24.4863562405427
18.575,-2.43077898025513,-12.0844984054565,-0.0997427776455879,149.898172883795,212.820006536973,43.266605108822,7.26248359680176,-7.26173210144043,-3.21871995925903,-25.7974691083345,107.80376484033,33.8097471651704
18.58,-4.42722177505493,-11.7678880691528,1.56787705421448,138.799730199549,207.153230809045,41.7584959249886,3.37686419487,-7.02698040008545,-3.56486845016479,-7.23188540170589,119.621733802691,43.0159952228905
18.585,-6.09669828414917,-11.4774236679077,3.25855612754822,130.181752674664,183.33562351278,41.5646244204924,0.156499996781349,-6.45623922348022,-4.29933214187622,9.86159617084637,111.220573802818,52.4543160331347
18.59,-6.91042232513428,-11.0971517562866,4.55221033096313,124.965837733849,141.543827000493,43.1388566656806,-1.08221876621246,-5.40138006210327,-5.15694093704224,23.272594058991,89.0136343958691,64.014520486408
18.595,-6.91339349746704,-10.512713432312,5.15641450881958,121.869712983082,104.860677308107,44.6152430359139,-1.39170849323273,-4.39206743240356,-5.93012952804565,35.1838173016368,69.622167266691,76.248803139059
18.6,-6.41510057449341,-9.84322071075439,5.14068984985352,119.22582871764,69.7058234236453,45.8459440866073,-1.11383497714996,-3.63688254356384,-6.4640064239502,45.500473118388,54.9272406636512,86.5978852788948
18.605,-5.5251636505127,-9.13467407226563,4.49937677383423,116.287781865024,34.9255234528891,46.7989877022558,-0.332134276628494,-3.22849225997925,-6.65664434432983,54.3794048507028,45.2457173076303,94.1508928782025
18.61,-4.39477443695068,-8.44881439208984,3.1510021686554,111.556824015658,0.753947656767507,47.6865502943315,1.07839488983154,-3.27110624313354,-6.17840051651001,63.7346466549775,36.7653032077237,99.130107613331
18.615,-3.43151187896729,-7.82444286346436,1.64547348022461,105.94970999013,-20.3906384273864,47.8427464753659,2.52326679229736,-3.34587287902832,-5.61723279953003,74.9920005204525,29.2827353493263,103.046244385282
18.62,-2.76404333114624,-7.27500152587891,0.197338446974754,100.141344440708,-31.6867023899824,47.1295108014765,3.65173578262329,-3.3594970703125,-5.23239278793335,86.8029138974003,25.5065098798812,106.27953982515
18.625,-2.49154448509216,-6.81068801879883,-1.06780505180359,94.5398994721914,-34.5306531414977,45.4161578481788,4.23786544799805,-3.26702189445496,-5.1728310585022,98.3834176728868,27.0083028462796,109.153492182595
18.63,-2.88106918334961,-6.41243696212769,-1.98479795455933,90.2826767134683,-33.7109211580694,42.5313386597647,3.86327815055847,-3.2066662311554,-5.48042392730713,107.879716543901,32.6413135340454,114.561984307058
18.635,-3.55181956291199,-6.02524948120117,-2.65156888961792,86.7745139708314,-35.5553898377693,39.5297539723946,3.12414240837097,-3.3202166557312,-5.58805227279663,115.997512485677,36.5764382318891,122.105135943394
18.64,-4.27110719680786,-5.65384244918823,-3.08793663978577,83.5048955849571,-39.8762972803136,36.7135337889096,2.21053576469421,-3.58995676040649,-5.4342794418335,123.286335198078,37.5542583587519,130.826645475718
18.645,-4.85670328140259,-5.30293560028076,-3.29556894302368,80.0820760559994,-46.6758223160476,34.3345071840078,1.26306259632111,-4.01134824752808,-4.9542031288147,130.132862180585,34.3913275277132,140.037524401696
18.65,-4.95369529724121,-5.07331800460815,-3.25562572479248,75.3062643543539,-52.8242117578259,32.7154245016347,0.727728545665741,-4.41830921173096,-4.61486959457397,136.890050288749,22.3348790953872,148.342119187082
18.655,-4.68458414077759,-4.92223405838013,-3.04443335533142,69.7391069354708,-56.4447208670258,31.2814194552013,0.503721594810486,-4.9108681678772,-4.4144606590271,144.138001149156,6.93945170616545,155.404767015307
18.66,-4.07392835617065,-4.87066125869751,-2.67676854133606,63.7720214501158,-57.3673872163407,29.940882132465,0.604477941989899,-5.50450658798218,-4.30467653274536,151.804587964172,-10.5682313206766,161.039932627756
18.665,-3.1263108253479,-4.95261096954346,-2.15916085243225,57.8660320068867,-55.1711535491015,28.5859006671814,1.07186090946198,-6.22645092010498,-4.23180389404297,159.831357974879,-28.8093827492769,164.90469954696
18.67,-2.09509420394897,-5.22816562652588,-1.64205598831177,53.0159078470715,-49.668244304646,27.4640864922364,2.07155537605286,-6.90781688690186,-4.10365152359009,167.55970336037,-42.8256651714789,165.573935142216
18.675,-1.19061982631683,-5.53270244598389,-1.21231520175934,48.7374466151242,-42.605654533029,26.7433324876181,3.14399218559265,-7.54504203796387,-3.92385959625244,174.929463814436,-51.062603518042,163.989495179313
18.68,-0.451429307460785,-5.81470918655396,-0.87197208404541,44.7451566490221,-34.3352789953841,26.4297960688633,4.16677522659302,-8.11028099060059,-3.76246190071106,181.564077347754,-54.1020616043598,160.925977751644
18.685,0.0541938059031963,-5.99153995513916,-0.62514716386795,40.5791920477996,-25.2128185757598,26.5603329367333,4.95114517211914,-8.54357242584229,-3.75370764732361,186.679042092637,-52.6630227085082,157.596233210506
18.69,0.324838012456894,-6.06557607650757,-0.454027473926544,36.0093037194408,-16.8579092018522,26.9904504393365,5.36933040618896,-8.74321460723877,-3.94295883178711,192.58837149837,-46.796385400182,153.923244342818
18.695,0.507272899150848,-6.13590145111084,-0.32932049036026,32.1724415380916,-10.4505796046758,27.4544354349392,5.56946516036987,-8.76020622253418,-4.14600610733032,199.749510654427,-38.4824639914837,150.25223622999
18.7,0.630972325801849,-6.22169637680054,-0.240240916609764,29.1550005665633,-5.91491735424801,27.9866027939316,5.57438325881958,-8.61939430236816,-4.26027679443359,207.703252282528,-28.2628412571763,147.079422115222
18.705,0.722968578338623,-6.34413051605225,-0.169303983449936,26.869356307994,-2.77112770147147,28.7895956912514,5.37889719009399,-8.36016845703125,-4.04628753662109,215.019436732744,-16.8196464821218,145.76810775685
18.71,0.793788731098175,-6.47817516326904,-0.119658045470715,25.1933047253011,-1.15456183708573,29.7830740267865,5.00074529647827,-8.33238697052002,-3.72555613517761,221.826184693525,-4.4139627935702,146.144464840496
18.715,0.859252214431763,-6.60798597335815,-0.118979997932911,24.0600055872667,-1.98460986075994,30.5642700829175,4.62418413162231,-8.54894924163818,-3.72812223434448,228.496506455825,6.4001835117572,146.90144104583
18.72,0.917894303798676,-6.72447299957275,-0.177752375602722,23.3244966664939,-5.76507922555721,30.9942748873994,4.31832313537598,-8.9697437286377,-4.08673810958862,234.841629251361,14.6881391025521,147.672528421989
18.725,0.947059333324432,-6.80106115341187,-0.317216753959656,22.3771443059712,-13.9276786469676,30.8275738754215,4.22141265869141,-9.39467430114746,-4.52420425415039,239.6075440089,18.6422090376061,148.054486260755
18.73,0.89278519153595,-6.91515922546387,-0.499804466962814,21.267844745133,-26.8155395399762,30.14163505255,4.21103286743164,-9.77146339416504,-4.49937534332275,242.842048392251,19.1758431797227,148.243313670549
18.735,0.836025834083557,-7.04151964187622,-0.700188815593719,20.2929291562148,-43.1026020215662,29.0616796919335,4.20006275177002,-10.0868692398071,-4.27263069152832,245.563168436827,16.4257904538221,147.902883381937
18.74,0.816638886928558,-7.16872406005859,-0.906319797039032,19.5774190293317,-62.158457560592,27.5976252282466,4.14259195327759,-10.3246583938599,-3.94767498970032,248.122850130181,10.4465788213695,146.787472509339
18.745,0.931484162807465,-7.27179718017578,-1.0869961977005,19.272937733869,-81.73673036357,25.5830694702878,3.91106677055359,-10.4067258834839,-3.68856978416443,250.664991897747,2.11930289873988,143.987969213847
18.75,1.1040027141571,-7.34733104705811,-1.20419800281525,19.1716972548965,-99.0054361704107,23.1494798992015,3.5467209815979,-10.5237159729004,-3.45042610168457,253.258524008627,-5.86717603949691,140.237362076432
18.755,1.34423387050629,-7.42428302764893,-1.26883351802826,19.2465971093349,-113.401179997236,20.3578876703162,3.14614677429199,-10.6827764511108,-3.31375074386597,255.593383195261,-12.8427124888212,136.562774944478
18.76,1.66420364379883,-7.51836776733398,-1.28212535381317,19.4498106050684,-124.298323346263,17.2253887471245,2.77214407920837,-10.8871154785156,-3.32380795478821,257.480701066719,-18.5646385792022,133.497290422328
18.765,2.11729669570923,-7.63590955734253,-1.2150239944458,19.0018270351437,-128.66027339553,13.8380068009018,2.67370343208313,-11.0845165252686,-3.42907118797302,258.724669759875,-26.042269918377,130.802712492866
18.77,2.47927951812744,-7.68492555618286,-1.08486473560333,17.888198841919,-128.58456757877,10.1930814729664,2.80940270423889,-11.200047492981,-3.47710847854614,259.828619575046,-35.5229566844955,128.250134196249
18.775,2.76484441757202,-7.66775846481323,-0.900724768638611,16.5385602921136,-125.023170341742,6.74138091599013,3.06685876846313,-11.2296342849731,-3.4632306098938,260.541472758342,-44.4057372284075,126.377173382427
18.78,2.98100614547729,-7.58222150802612,-0.666524171829224,15.2804189564298,-118.520311157513,3.85351034056433,3.36407852172852,-11.1647691726685,-3.3799147605896,260.639444991796,-50.5838584836429,125.65337823608
18.785,3.02872014045715,-7.36788320541382,-0.324094951152802,14.3564599938144,-108.064903462867,2.32435755734153,3.58509564399719,-11.0570459365845,-3.31810736656189,259.729636473594,-51.3812011069719,126.492221088806
18.79,2.92342782020569,-7.10236883163452,0.0525162182748318,13.1909232166712,-94.9271575377528,1.04431031088556,3.72917675971985,-10.921196937561,-3.32078099250793,258.044820050649,-51.0043351742327,127.459362214902
18.795,2.69832396507263,-6.81996774673462,0.460515022277832,11.8403327092503,-80.9350164191723,0.0052399882293595,3.74610066413879,-10.7574634552002,-3.28934812545776,255.307772004928,-49.3057354295422,128.17968762515
18.8,2.38589787483215,-6.56246328353882,0.898805141448975,10.3614669803483,-68.3193974749703,-0.78452892164174,3.56298828125,-10.5640077590942,-3.09731864929199,251.089310569744,-45.998376833409,128.162940001305
18.805,1.93417274951935,-6.38669204711914,1.42864501476288,7.90564343596628,-53.1741257641002,-1.64168409850187,3.25740790367126,-10.4183940887451,-2.80823230743408,245.7258362221,-41.1242069926208,126.703328575673
18.81,1.4036078453064,-6.26459360122681,2.01924419403076,4.46305221690872,-34.8485745416997,-2.64874693324412,2.83935904502869,-10.2957925796509,-2.52146482467651,239.938944787429,-36.9479322208461,124.278133307077
18.815,0.847886681556702,-6.18544340133667,2.66216111183167,0.211710517865272,-14.7906107231225,-3.75434837353362,2.29415225982666,-10.2021522521973,-2.23549008369446,233.515507042868,-34.1403078304315,121.075293680718
18.82,0.359712481498718,-6.13639354705811,3.35014796257019,-4.59518521461038,4.37028971024349,-4.86284367959708,1.57951748371124,-10.154408454895,-1.93703937530518,225.908479477415,-33.8778987927087,117.318812580616
18.825,0.0576896481215954,-6.11916971206665,4.08363914489746,-9.4776148885393,21.0458396914455,-6.49733057298276,0.876359760761261,-10.1349563598633,-1.7318834066391,216.516450274271,-37.4004288382648,113.267376591396
18.83,-0.114635959267616,-6.14956378936768,4.82782125473022,-13.8128367000366,35.9448130732976,-8.92335357512923,0.230489730834961,-10.0828685760498,-1.60609364509583,206.006291783238,-43.7430073883358,108.746037247658
18.835,-0.185233607888222,-6.25391912460327,5.57639169692993,-17.3004422808192,49.3441108473939,-12.1967123433477,-0.330240607261658,-9.97858715057373,-1.55317723751068,195.297607013791,-51.9988380381432,104.008092114771
18.84,-0.205691620707512,-6.50985097885132,6.32406854629517,-19.2159158995832,61.6551682414105,-16.4601992393134,-0.733725666999817,-9.78262519836426,-1.5659362077713,186.805154705472,-60.0547388056606,99.8343206073268
18.845,-0.340945333242416,-6.96760606765747,7.16646385192871,-19.9585726133224,73.290627718959,-21.1340464619343,-0.809930741786957,-9.45815181732178,-1.57836699485779,177.83345534385,-70.5739609577214,94.7293142782542
18.85,-0.545878767967224,-7.45945310592651,7.9695987701416,-20.0207409951479,84.5467043390591,-25.4230688738857,-0.587202548980713,-9.05895328521729,-1.70417642593384,167.271865528368,-83.5568255132167,88.3756674066332
18.855,-0.836089611053467,-7.98075485229492,8.73581218719482,-19.337677681917,95.8592939443519,-28.9318275505278,-0.0639332160353661,-8.61049938201904,-1.99939560890198,155.262398552247,-98.4416860166962,80.8219767884085
18.86,-1.32948350906372,-8.67760276794434,9.6100025177002,-17.1149240976779,108.96648160312,-30.6101211428158,0.795726537704468,-8.1778621673584,-2.61179542541504,143.578485712727,-112.607293449628,72.6124172551334
18.865,-2.02790284156799,-9.61793518066406,10.6245346069336,-13.0916959359566,124.001879475906,-30.6344400313556,1.92437970638275,-7.67322635650635,-3.06334352493286,131.992818314228,-123.852530559515,64.2816696754147
18.87,-2.82605290412903,-10.583890914917,11.5692024230957,-7.79716722534178,137.568506639384,-29.9911933058913,3.08359479904175,-7.09214782714844,-3.00254225730896,119.072449989638,-127.245973444852,56.279993779718
18.875,-3.67333912849426,-11.4804706573486,12.3496379852295,-1.49977411189016,147.393419571746,-29.0265998403563,4.13805103302002,-6.43150234222412,-2.34795522689819,104.25275632103,-120.372043743395,48.6564815527029
18.88,-4.42963409423828,-12.1403970718384,12.80641746521,4.79040013193899,145.002156682946,-27.9647513112294,4.65322399139404,-5.69764518737793,-1.54279685020447,87.2909787249219,-99.4308818236216,40.4834771918656
18.885,-4.92337846755981,-12.5011587142944,12.9087619781494,9.16106294126589,128.821943973184,-26.625054101761,4.79069757461548,-5.09246349334717,-1.24604761600494,69.5419876760242,-77.4091088450716,30.9728280934056
18.89,-5.17362213134766,-12.5226707458496,12.6473035812378,10.7508261828531,102.218008816337,-24.9652088504212,4.65433740615845,-4.59380722045898,-1.24918258190155,51.2127925477015,-55.4822413450389,21.1860310317073
18.895,-5.17327404022217,-12.1575088500977,11.9889688491821,8.96194158261886,67.1511209381963,-22.9640334330465,4.27572631835938,-4.20171213150024,-1.45856773853302,32.417341385877,-34.2576436501831,11.7846641061938
18.9,-4.85723066329956,-11.2720985412598,10.7912530899048,3.99904075432297,37.3692148737579,-20.9622211005316,3.51048970222473,-4.02071952819824,-1.86989343166351,13.8205027336063,-13.4056421660616,4.86905104089215
18.905,-4.37055206298828,-10.3030824661255,9.36184215545654,-4.54086728146221,6.45958054432692,-17.922909863281,2.60184693336487,-4.1236424446106,-2.32169532775879,-4.34662481231669,2.4000992325951,-0.565516024419225
18.91,-3.78421306610107,-9.39704132080078,7.84809637069702,-16.2392682328728,-26.8575537411082,-13.4921115071804,1.65590047836304,-4.43109846115112,-2.74541759490967,-21.739052665783,13.3108306026454,-5.16412930030187
18.915,-3.14860248565674,-8.67449760437012,6.36213684082031,-30.9564322243029,-63.7481840899125,-7.30288692567547,0.754814326763153,-4.89242935180664,-3.08477640151978,-38.0347689970514,19.1472383474787,-9.38904953311904
18.92,-2.54551553726196,-8.37389850616455,5.16232538223267,-45.0826636166692,-92.3859788268604,0.760269637174589,-0.0542903356254101,-5.46575307846069,-3.34087228775024,-48.626114531653,21.9406969255547,-12.6303439782789
18.925,-1.97404003143311,-8.35416412353516,4.14913558959961,-57.5435446252245,-112.168699682264,9.35487126651229,-0.8413947224617,-6.07256507873535,-3.56957793235779,-58.8591278518282,23.7166075814606,-16.1804585965717
18.93,-1.44468700885773,-8.59719276428223,3.30584812164307,-67.9314973716269,-122.064919789561,17.8501495656001,-1.5650475025177,-6.72647857666016,-3.77112722396851,-69.0581917167339,24.4804925231402,-20.1362514468438
18.935,-0.973902761936188,-9.10045433044434,2.62452554702759,-75.5749913170589,-120.01822628401,25.445960252889,-2.16828799247742,-7.44822025299072,-3.94372487068176,-79.6282577969763,24.1614458492724,-24.6506188749869
18.94,-0.637090861797333,-9.81869220733643,2.22113609313965,-77.5820082537213,-103.875893803385,29.9606384546393,-2.88046336174011,-8.20773506164551,-3.71664047241211,-88.3288396296836,28.6065278384749,-28.4675881303785
18.945,-0.355243504047394,-10.5629825592041,1.84599161148071,-73.3774599138773,-81.2406742147195,32.3793894397538,-3.72999119758606,-9.01188564300537,-3.13045120239258,-97.579852747224,28.530451483952,-31.3509473658575
18.95,-0.118725217878819,-11.235013961792,1.45388245582581,-62.7136426570873,-54.2396421048114,32.9897214836078,-4.50287437438965,-9.90204048156738,-1.99520635604858,-106.16753838314,22.3012609042924,-32.7486943530818
18.955,0.0776325389742851,-11.6607990264893,0.983646094799042,-44.5018823862592,-25.6431819651731,32.0422991136462,-4.78258514404297,-10.9649076461792,0.11106638610363,-111.467546613017,7.15652792459314,-31.483425714999
18.96,0.433558940887451,-11.6933813095093,0.28746023774147,-24.4492000114578,-4.47699647498613,30.9724524330012,-3.77811217308044,-12.3242959976196,2.91521143913269,-106.448306969352,-15.0693917242858,-28.8660118476855
18.965,0.991358995437622,-11.4636068344116,-0.410974562168121,-7.58520937992336,8.72116546154486,30.56597763021,-2.36107063293457,-13.5645589828491,4.94878339767456,-95.3307739063764,-42.1449548584171,-26.8456743345943
18.97,1.71060299873352,-11.0246477127075,-0.965575218200684,5.15992916084913,14.8074164035753,30.8325769889885,-0.684661746025085,-14.6617517471313,5.98679494857788,-80.219294556425,-68.5611861715887,-25.2075217640584
18.975,2.47297024726868,-10.464581489563,-1.01964259147644,12.5348007308478,15.8212743160464,31.5759098914556,1.1459709405899,-15.6843585968018,5.81821250915527,-65.3376579022337,-79.0434979813748,-22.6523650710296
18.98,2.91461253166199,-9.97636222839355,-0.691783666610718,15.5892425446573,17.1656228843396,32.6346199486588,2.31339049339294,-16.2407417297363,4.86345672607422,-54.7122365538629,-70.2826124084854,-15.5051236423867
18.985,2.94745182991028,-9.49369239807129,-0.277296364307404,14.6317439381226,17.1393198258459,34.0735905426188,2.69746065139771,-16.0044021606445,3.53709006309509,-48.3982389303739,-58.6778204803102,-5.65832721081132
18.99,2.57335424423218,-9.01716709136963,0.163195729255676,9.89360670616528,14.8356080093746,35.8224194984655,2.38743019104004,-14.9750385284424,2.11915493011475,-46.5057540208088,-49.7238932709087,5.47139688605912
18.995,1.88910663127899,-8.6158618927002,0.642080724239349,2.14575814238604,7.72411749839485,37.4876810898172,1.91992628574371,-13.4777221679688,1.50195336341858,-49.4933129147183,-52.6638525764923,13.1656276110801
19.0,1.30126893520355,-8.28293514251709,0.980346322059631,-3.07282249319622,1.85470969458664,37.9647254071129,1.95256900787354,-12.1206340789795,1.26300203800201,-52.5246874721533,-60.0646630705246,15.4392942791662
19.005,0.637675285339355,-7.93857002258301,0.847884237766266,-7.319063374951,-1.16738562397414,36.8277106461701,2.33132433891296,-10.9712886810303,0.947398066520691,-55.995458344179,-66.393297789405,13.5936303163616
19.01,-0.2060467004776,-7.58112859725952,0.0734289363026619,-11.9764728935607,-1.26428103541747,33.7168770830257,2.96751832962036,-10.0956964492798,0.397897392511368,-60.2623287451048,-69.2795854684907,7.8744678912734
19.015,-1.57247912883759,-7.41986179351807,-1.68766343593597,-24.0746375600162,-2.93907799773727,27.3287104353395,3.48882579803467,-9.78433513641357,-0.373306065797806,-66.9812609637272,-65.2460035937613,-2.30008029026696
19.02,-2.96211528778076,-7.98452138900757,-2.56515502929688,-43.553592582273,-10.959975966749,20.0536266484542,3.65241527557373,-9.9352502822876,-1.25842940807343,-74.9576583293056,-60.2456904042866,-12.7487751896187
19.025,-4.07776880264282,-9.27732753753662,-1.97957038879395,-63.9192188569188,-19.9124585911411,12.4217721991415,3.44907999038696,-10.3755903244019,-2.03343224525452,-83.1466248422332,-55.0810735992328,-21.2906422090352
19.03,-4.72798538208008,-11.3339366912842,0.420674920082092,-81.0904715246818,-26.7166691366457,4.61587983402188,2.84384751319885,-11.0167274475098,-2.57915258407593,-90.9150839287198,-49.9528753628334,-26.5303552364661
19.035,-4.56381511688232,-14.0468893051147,3.99600672721863,-82.4159790161494,-26.4415405791411,-4.75444430860075,1.66161966323853,-11.6159610748291,-2.98917245864868,-96.5811219962172,-41.0151357017648,-25.9781241967868
19.04,-4.00318336486816,-16.8200817108154,6.46575212478638,-71.8732815039113,-29.7415567219165,-13.7435222327921,0.542832672595978,-12.0180130004883,-3.40998077392578,-100.886436116886,-34.4841190626824,-23.2409207642623
19.045,-3.22119235992432,-19.3324508666992,7.52556037902832,-52.4573930333558,-36.8714067813852,-21.1181491966411,-0.560552597045898,-12.2929544448853,-3.7063615322113,-103.930842675258,-33.4358045533959,-19.438284660844
19.05,-2.34365630149841,-21.3124923706055,6.84686899185181,-26.0088412650316,-48.2682911663198,-25.7979523442183,-1.6858286857605,-12.4887723922729,-3.76307559013367,-105.71657514319,-40.6540953173325,-15.3960489364362
19.055,-1.80204403400421,-21.7188205718994,5.14762449264526,-0.0818403404912977,-62.047897288497,-23.7744814818454,-2.59053754806519,-12.535457611084,-3.63819646835327,-104.743450771382,-65.9087300187384,-12.6541736545194
19.06,-1.46387445926666,-20.7869281768799,2.88080739974976,18.9887301474102,-75.8958531136986,-17.3609253134669,-2.75259709358215,-12.3363227844238,-3.61937403678894,-102.342878334743,-98.4972905867293,-11.0951590708019
19.065,-1.28375422954559,-18.5881175994873,0.0727440267801285,30.199766792576,-86.1023618847996,-7.42896026492286,-2.20145559310913,-11.9283475875854,-3.65872001647949,-99.087883383882,-133.076878618536,-10.5631786882381
19.07,-1.2168083190918,-15.1145219802856,-3.28512287139893,31.6863882012805,-87.7263076618618,5.19687450784338,-0.919250011444092,-11.3419275283813,-3.70054221153259,-95.6326819280693,-163.087787265466,-10.9414516399463
19.075,-1.15042579174042,-11.1450672149658,-6.29550218582153,20.6996839967619,-66.136018223749,18.1587682481526,0.744261503219604,-10.7681455612183,-3.56715273857117,-93.0642234416318,-176.245231456147,-11.7559431607339
19.08,-0.829510927200317,-7.44433116912842,-8.77314186096191,1.62464704539092,-35.8904618429772,29.0856809766769,2.27631568908691,-10.2627716064453,-3.51479721069336,-90.2003729339697,-178.808505829004,-12.870014462481
19.085,-0.222210913896561,-4.24629592895508,-10.4384059906006,-23.7407625454603,-4.93055433304718,37.2313509204558,3.54372382164001,-9.84693145751953,-3.5603768825531,-87.2627290625147,-171.722840263276,-13.9253162552884
19.09,0.735120415687561,-1.96673011779785,-10.6954402923584,-53.1136034578647,13.3054996399982,41.1386221068641,4.32024574279785,-9.56420040130615,-3.71925091743469,-84.7878100167606,-155.104634842799,-14.2510667598265
19.095,1.73837554454803,-0.92626029253006,-8.96098613739014,-74.8355550375133,6.11762157400153,40.2307294567239,4.43374395370483,-9.42445850372314,-3.9448721408844,-83.0618007229308,-132.04135363847,-12.2531365360812
19.1,2.56411623954773,-0.573094248771667,-6.48186302185059,-87.5587426309539,-7.10402554110373,37.6231100806802,4.15827608108521,-9.31751918792725,-4.13128900527954,-80.7628410105746,-106.314209865377,-9.12334578289543
19.105,3.12122273445129,-0.829526722431183,-3.7002809047699,-90.902680305187,-21.5150873478037,33.1790782330626,3.59023904800415,-9.22976398468018,-4.27059078216553,-77.7790660414653,-78.6334544047422,-5.43671403922744
19.11,3.20144653320313,-1.72557604312897,-1.42178928852081,-83.3979143319872,-30.1819878101665,25.2011918862451,2.88380765914917,-9.16339588165283,-4.37400913238525,-74.2034551807745,-49.512645765164,-2.38201353200314
19.115,2.7755343914032,-3.14747905731201,-0.147362023591995,-68.8057752457669,-29.0024892725861,12.155187354515,2.44825720787048,-9.15920543670654,-4.5591025352478,-70.8484730906534,-23.7403851775087,-0.992505460465131
19.12,2.06181144714355,-4.82603931427002,0.457810640335083,-52.8500298728885,-18.9476465595526,-2.32966141267546,2.22584176063538,-9.19828128814697,-4.64058208465576,-68.0319831146961,0.351415820798521,-0.417356281314823
19.125,1.12269818782806,-6.66062450408936,0.479126870632172,-37.6619670268684,-0.392379186654585,-16.902636695632,2.15578532218933,-9.28252792358398,-4.51663684844971,-65.7427769124746,23.6376386418242,-0.307427321470376
19.13,0.0311663262546062,-8.45081806182861,-0.019698491320014,-27.4637808412711,25.88475721838,-28.8896613776867,2.01221251487732,-9.43974304199219,-3.89744019508362,-63.610767514001,48.5329780721307,0.11576282184971
19.135,-1.10222363471985,-10.0140380859375,-0.761042714118958,-23.8068173049235,55.1337104520715,-37.2800979805621,1.5104740858078,-9.67085838317871,-3.3286657333374,-61.7056706601335,71.6820566977184,0.945608741293589
19.14,-2.31361556053162,-11.3735437393188,-1.59098517894745,-24.7055216430827,82.7930942507934,-42.6949558413324,0.742721617221832,-10.0196332931519,-3.02111768722534,-60.3417160338279,91.2251813472275,1.47596738081638
19.145,-3.61746287345886,-12.5140981674194,-2.42577505111694,-29.3267525034325,106.151917740508,-45.0509032370286,-0.247010290622711,-10.5077171325684,-3.02947235107422,-59.5885032627264,105.835830246099,1.30321556828577
19.15,-5.01049613952637,-13.3007640838623,-2.99653720855713,-35.3266877836006,116.463413349342,-42.7173759372829,-1.29336035251617,-11.1585502624512,-3.14612197875977,-59.0034019376664,110.917470498021,-0.784869470604889
19.155,-6.05206632614136,-13.710506439209,-3.25138998031616,-39.002979047752,113.60359265329,-36.4431026940067,-2.20531129837036,-11.6483535766602,-3.08271455764771,-58.5591049623462,110.139552932691,-3.21688740449107
19.16,-6.87239789962769,-13.7900657653809,-3.24045705795288,-40.3959790535032,101.154459570107,-28.000802757216,-2.99808144569397,-11.8898992538452,-2.83183789253235,-58.2635012052572,105.069496681601,-5.87228288656197
19.165,-7.52458429336548,-13.5429058074951,-2.96838331222534,-39.4711270436538,80.6936853452282,-18.3150207782477,-3.67595267295837,-11.817289352417,-2.38176298141479,-58.0931767779246,96.2338546882463,-8.67955338780021
19.17,-7.94841575622559,-12.9174690246582,-2.3083918094635,-37.5061806571841,56.1797949045939,-9.35471844102961,-4.290602684021,-11.3213310241699,-1.77925288677216,-57.4028837094573,82.5122778532575,-11.2735644656963
19.175,-7.89888715744019,-12.1525049209595,-1.49240267276764,-36.3826111236225,34.4050323022828,-1.43621141097867,-4.78937435150146,-10.6815853118896,-1.34654903411865,-56.3172251408838,66.0418708962295,-12.7517522983232
19.18,-7.4457106590271,-11.3061180114746,-0.625246047973633,-36.0821408567498,16.5623993598643,5.33244351758438,-5.12795639038086,-10.010274887085,-1.06025111675262,-55.3022351245578,47.458199994905,-13.4353978851808
19.185,-6.61965751647949,-10.4195652008057,0.21277442574501,-36.6406181044251,3.84217862984446,10.794841629412,-5.26127243041992,-9.39479064941406,-0.910697877407074,-54.7331676685744,27.1377366385986,-13.5315695100155
19.19,-5.52284955978394,-9.61301040649414,0.786659419536591,-38.0497749226579,-1.71806268889554,13.8034417748333,-5.06724405288696,-9.09192562103271,-0.821816265583038,-55.0886414488331,6.2882350037134,-13.5145640465295
19.195,-4.49910163879395,-8.99014949798584,1.13537681102753,-39.3860877733926,-3.78208534486622,15.3476502159775,-4.77426910400391,-9.05848979949951,-0.786176681518555,-55.454145361888,-12.8700520285214,-13.2043616138632
19.2,-3.57585692405701,-8.57340335845947,1.25707471370697,-40.3011043108371,-3.14650273198091,15.7553356697991,-4.45245838165283,-9.21654510498047,-0.798795759677887,-55.7082113235396,-30.3153814046568,-12.4370812143925
19.205,-2.79532599449158,-8.4067964553833,1.13196325302124,-40.3246206521495,-0.604527717080811,15.3510089615019,-4.18768119812012,-9.48290061950684,-0.85712456703186,-55.6896502844701,-45.8886600896765,-10.9716649817399
19.21,-2.12361240386963,-8.44277477264404,0.696541309356689,-38.7106469512755,4.77242905045904,13.9407524828126,-3.82293748855591,-9.75899219512939,-1.03123557567596,-55.6831240387181,-59.4556151022346,-9.33196110448878
19.215,-1.52031469345093,-8.51676273345947,0.162396475672722,-36.4983418489192,11.9834695685917,11.7761161244475,-3.23199391365051,-10.0060729980469,-1.21181273460388,-55.6278848838056,-70.8779112059762,-8.11090001203527
19.22,-0.991719901561737,-8.60514259338379,-0.405421733856201,-33.9760827620277,20.4289831093868,9.03928579100644,-2.38540720939636,-10.1816492080688,-1.39293110370636,-55.5377195565723,-79.6569514216795,-7.47510331540817
19.225,-0.561856329441071,-8.68201065063477,-0.909478425979614,-31.5482442102224,29.2081701741573,5.98874401521303,-1.2137690782547,-10.2017612457275,-1.57492852210999,-55.4414753609777,-84.5842908700617,-7.73947176364904
19.23,-0.253447502851486,-8.74024868011475,-1.27015423774719,-29.2983184259177,37.2277138447227,3.16143096418562,0.219149351119995,-10.0672416687012,-1.69329023361206,-55.4471785689346,-80.8215396563017,-8.8834311194305
19.235,-0.0408475063741207,-8.78544807434082,-1.49635314941406,-27.3576892204406,43.7498000114654,0.699361265168441,1.68087434768677,-9.87511920928955,-1.79159414768219,-55.443439040364,-73.329716891579,-10.0738203936424
19.24,0.0769953206181526,-8.81248664855957,-1.57542884349823,-25.8793238028953,48.3720963813256,-1.36895688609908,3.078449010849,-9.64448165893555,-1.89486753940582,-55.4463965122747,-61.7985885536024,-11.2619044790095
19.245,0.0852003321051598,-8.8027811050415,-1.45397901535034,-25.3024511482379,50.0197770657537,-2.97643699806312,4.22015762329102,-9.39207458496094,-2.06052160263062,-55.5441228589192,-43.1544465724612,-12.6086709342688
19.25,0.0728361457586288,-8.76163959503174,-1.3082869052887,-25.150484561847,49.5288128229294,-4.22078498016155,4.77599811553955,-9.19120597839355,-2.22494196891785,-55.8369330686376,-14.6756603469385,-13.9964475528522
19.255,0.0685309022665024,-8.70977592468262,-1.21265518665314,-25.1926592724245,49.0944435275679,-5.27110201553531,4.78409194946289,-9.0768461227417,-2.42919659614563,-55.8843892229909,16.075463221103,-14.8695250212456
19.26,0.0735256597399712,-8.65771484375,-1.17419016361237,-25.4928051053115,49.6062705832119,-6.24809013997982,4.24591684341431,-9.06070232391357,-2.67581987380981,-55.5649617660769,46.5759103088686,-15.0503986757513
19.265,0.0649838596582413,-8.633864402771,-1.1517505645752,-26.5795633343414,53.0204806587208,-7.54592554691203,3.13024234771729,-9.16244029998779,-2.93557214736938,-54.751974594454,72.6139403873183,-14.2664381005537
19.27,0.0019824819173663,-8.68540668487549,-1.03602635860443,-28.3321557244209,57.5038612261468,-9.20100503375848,1.88802409172058,-9.32190990447998,-3.12117409706116,-53.9976177666666,91.1324478688663,-13.290396384196
19.275,-0.0996011719107628,-8.7670373916626,-0.866033971309662,-30.1983461132286,61.463397020084,-10.8634901532125,0.702225029468536,-9.47426891326904,-3.27297687530518,-53.1320517988129,102.08030537248,-12.5168458710672
19.28,-0.2315274477005,-8.85958003997803,-0.670394003391266,-31.9273026336852,64.2808500527143,-12.4148967599683,-0.33110436797142,-9.59098243713379,-3.40092015266418,-52.0909328938171,104.997595280209,-12.0948750765965
19.285,-0.361896216869354,-8.926682472229,-0.584344625473022,-33.0026134656662,65.522113990959,-13.8675755435924,-0.960810482501984,-9.62385177612305,-3.48200178146362,-50.8543749559105,98.2382146813215,-12.0814879058233
19.29,-0.538152754306793,-8.98270988464355,-0.572684228420258,-33.6485888517039,66.8689521632047,-15.3641656133906,-1.45351040363312,-9.62178421020508,-3.44257283210754,-49.7377619700184,87.6198591636471,-12.1458897595073
19.295,-0.765321969985962,-9.03880882263184,-0.61285787820816,-33.7837309746218,68.9145938196235,-16.7987170749575,-1.86792099475861,-9.61141109466553,-3.31620502471924,-48.6650192891654,74.8035760918193,-12.3632067421033
19.3,-1.04953515529633,-9.10088348388672,-0.701099276542664,-33.3434945467632,71.9693549447767,-18.093901941605,-2.22139525413513,-9.60558795928955,-3.1248140335083,-47.5962142123689,60.5717089937497,-12.7832650836063
19.305,-1.40250611305237,-9.16932678222656,-0.93204927444458,-32.4511918034036,75.2846399754417,-18.9263500297205,-2.34676122665405,-9.59101104736328,-3.0308940410614,-46.4914823405381,45.4240603770485,-13.4363344748707
19.31,-1.80009615421295,-9.22535610198975,-1.24914932250977,-31.3383661574063,79.3871794400315,-19.4700160121806,-2.40631294250488,-9.59959411621094,-2.95533537864685,-45.367093184276,31.2600614536667,-13.7330336235479
19.315,-2.20284748077393,-9.26314735412598,-1.60853600502014,-30.2310490589747,84.1572674431525,-19.6656018941585,-2.40719151496887,-9.64460754394531,-2.8875515460968,-44.3137584859496,19.1561722349131,-13.7061278008599
19.32,-2.57967090606689,-9.27694797515869,-1.97788655757904,-29.3094892003053,89.5404878676872,-19.4446042933735,-2.3514883518219,-9.73884201049805,-2.81959247589111,-43.4080275906817,10.0952962159402,-13.361884559144
19.325,-2.84270882606506,-9.2605562210083,-2.26546430587769,-29.6805972835742,93.4588512813076,-18.4009086995133,-2.15449380874634,-9.83671474456787,-2.86484003067017,-42.5596497938744,0.918102288845478,-12.4915229447193
19.33,-3.00848627090454,-9.22852516174316,-2.47484755516052,-30.8213140070472,96.0831533943991,-16.9010025728731,-1.84123611450195,-9.89284133911133,-2.97656869888306,-41.6803278250324,-9.09693514892228,-11.3490218343257
19.335,-3.07214307785034,-9.18260860443115,-2.58631014823914,-32.5709045289864,97.3350451069924,-15.1070875383151,-1.40966975688934,-9.91944313049316,-3.10739064216614,-40.8824729375157,-18.5187960570404,-10.1343094027057
19.34,-3.01971650123596,-9.12394237518311,-2.56753635406494,-34.7742484231516,97.0104881780117,-13.2003352173475,-0.848123848438263,-9.92960262298584,-3.19923686981201,-40.3136035570182,-25.5039024551655,-9.09302145052787
19.345,-2.84999370574951,-9.0637264251709,-2.38911509513855,-36.6981931840337,95.4588945948275,-11.8722057870122,-0.147703662514687,-9.9573392868042,-3.23059988021851,-39.6636290952215,-28.4360838828318,-8.66284247622212
19.35,-2.66264295578003,-9.0114803314209,-2.1739296913147,-38.310049526265,93.8580553477274,-11.030822103915,0.581088542938232,-9.97300624847412,-3.3143904209137,-38.9770994609868,-28.2122637063723,-8.87195469407759
19.355,-2.48972463607788,-8.96697521209717,-1.9570871591568,-39.64277994278,92.3830964870306,-10.6752031821364,1.25640380382538,-9.96944141387939,-3.428626537323,-38.4081925144489,-24.4224615284045,-9.65033756604423
19.36,-2.38301277160645,-8.92959022521973,-1.7919956445694,-40.7329191154491,91.255090745603,-10.8642944079873,1.72916233539581,-9.93416976928711,-3.52297878265381,-38.256715994131,-15.8200978159619,-10.9222741763042
19.365,-2.33110046386719,-8.87866306304932,-1.68144476413727,-41.3913425212491,91.050881749798,-11.7883515545719,2.03508734703064,-9.86723518371582,-3.45005202293396,-38.162548176044,-2.58087299558418,-12.3128938611296
19.37,-2.33555936813354,-8.82838726043701,-1.58312153816223,-41.8781984052876,91.6120091108712,-13.2392007012722,2.23188209533691,-9.80030727386475,-3.34854006767273,-37.9088749502697,11.9761698039162,-13.6321483144122
19.375,-2.40228962898254,-8.78746700286865,-1.49952399730682,-42.2680860936795,92.8010562529112,-15.1687556087838,2.29264760017395,-9.75134944915771,-3.24658131599426,-37.5753704734764,26.9731307871486,-14.7709107500089
19.38,-2.55354523658752,-8.77691173553467,-1.45464491844177,-42.6745779719436,94.3330471931776,-17.556337025621,2.10578060150146,-9.76273345947266,-3.1755588054657,-37.4653702768933,41.1030368212883,-15.4644208375753
19.385,-2.7383759021759,-8.81532096862793,-1.41932237148285,-43.3507086431669,95.4563810852129,-20.1442239851525,1.73776304721832,-9.83035278320313,-2.99693322181702,-37.6439182519866,53.3685641742976,-15.8340894584766
19.39,-2.92238569259644,-8.90373229980469,-1.38165104389191,-44.3558153757639,96.1865351376764,-22.7394585206837,1.24632692337036,-9.91619205474854,-2.78321933746338,-37.8819503445616,63.0505280775199,-16.1258495266102
19.395,-3.09129595756531,-9.04930591583252,-1.33537614345551,-45.6430806380687,96.488149461235,-25.2283470108378,0.638619244098663,-10.011435508728,-2.55901908874512,-38.136412457185,70.1212901704788,-16.4334505109763
19.4,-3.21286797523499,-9.284423828125,-1.2632132768631,-46.9347274667261,96.1807909485844,-27.2732817426775,-0.109741680324078,-10.1129512786865,-2.36662912368774,-38.4354483843319,75.1711290616252,-16.9484604347736
19.405,-3.25577306747437,-9.55361938476563,-1.1513934135437,-47.7284022784707,95.5997604162698,-28.5506961646519,-0.875700533390045,-10.2275762557983,-2.19553971290588,-38.5696001298201,77.5275648158471,-17.6100632936323
19.41,-3.25086879730225,-9.80007362365723,-1.01775348186493,-48.150890459771,94.5830935885026,-29.4229386424192,-1.58137440681458,-10.3481569290161,-1.91783928871155,-38.8012767313724,76.4557168897754,-18.178198428794
19.415,-3.20760226249695,-9.99505615234375,-0.865354537963867,-48.2601290902616,92.9745362276404,-29.9853295884889,-2.18876051902771,-10.4626798629761,-1.48066544532776,-39.2579841604144,71.6353928453089,-18.5839765522898
19.42,-3.12863683700562,-10.0706510543823,-0.675089061260223,-48.2637559207109,90.078255981799,-30.1053155216385,-2.62308526039124,-10.4932260513306,-0.839529931545258,-40.2137359460689,63.3830831580186,-18.9598196642008
19.425,-3.00200343132019,-10.0876865386963,-0.436515033245087,-48.5729995655724,86.3616017147474,-29.550543651588,-2.93611073493958,-10.4346704483032,-0.395404249429703,-41.2317893022376,53.6519794588127,-19.679842838578
19.43,-2.85451984405518,-10.0719766616821,-0.152697086334229,-49.147759984229,82.2555651933025,-28.5544493536008,-3.12141609191895,-10.3550481796265,-0.122991889715195,-42.4657756739217,43.9358782701186,-20.8484830829253
19.435,-2.70331287384033,-10.0380525588989,0.182196274399757,-49.9538589100739,77.9611452243595,-27.2202060501847,-3.16312170028687,-10.2926464080811,-0.0091789569705724,-44.0449905421096,35.1255660333004,-22.5770400373154
19.44,-2.62273955345154,-10.0349416732788,0.657002687454224,-50.4912650241597,73.3911681035416,-25.6285277943089,-2.96411824226379,-10.3113098144531,0.113481856882572,-46.6213788781734,29.0491565400902,-25.4280480817906
19.445,-2.63099932670593,-10.0879373550415,1.19380807876587,-49.9909809882129,68.369162233263,-24.1032987413208,-2.51390314102173,-10.2980327606201,0.442625105381012,-49.575780618757,25.7683895779432,-28.5495486928713
19.45,-2.74183177947998,-10.1712341308594,1.71400690078735,-48.1506377427717,63.1344847627977,-22.7146683490912,-1.99462616443634,-10.172474861145,0.918295383453369,-52.769016999143,26.0154563032428,-31.3873386137553
19.455,-2.97245240211487,-10.2661466598511,2.15401864051819,-44.6475361703097,57.8646113275393,-21.526828442987,-1.5470358133316,-9.86381912231445,1.50174415111542,-56.1049360312906,30.5891148960234,-33.4829533492365
19.46,-3.22541737556458,-10.3033895492554,2.31639623641968,-38.4489243475643,54.077865659225,-20.4916176516231,-1.74261033535004,-9.40336132049561,1.73030734062195,-60.0669170329507,35.8934500507391,-34.8939474883561
19.465,-3.4848804473877,-10.3078947067261,2.29673647880554,-31.0343441921653,52.2093308079847,-19.3883047515924,-2.06604981422424,-9.12526035308838,1.8073525428772,-64.3670811909857,38.0412679220467,-36.9566577875108
19.47,-3.75125002861023,-10.2923231124878,2.11121368408203,-22.8208299793607,51.9728662438242,-18.2694497561053,-2.41230821609497,-9.04673480987549,1.83345448970795,-68.5063056016077,37.8170533021627,-39.3532516389578
19.475,-4.02557039260864,-10.2710418701172,1.7673898935318,-14.2708956527607,53.1344970065358,-17.1999018962366,-2.6511595249176,-9.20477294921875,1.93105781078339,-71.8450933132066,36.023974965778,-41.7100869592461
19.48,-4.13486289978027,-10.2770500183105,1.35265958309174,-6.63053078774223,54.0259323158709,-16.3809417241845,-2.75227284431458,-9.40926074981689,1.91109585762024,-74.9682451225192,31.7460259980185,-43.971507951924
19.485,-4.13178443908691,-10.345139503479,1.01011776924133,0.115941460644975,53.8203299614751,-15.8152432590093,-2.72266840934753,-9.59469223022461,1.79916501045227,-78.6920164466859,26.6236948941162,-46.6880893357969
19.49,-4.02512645721436,-10.4857769012451,0.784191608428955,6.1285434733712,52.5181714716851,-15.5563773819185,-2.54730200767517,-9.79552555084229,1.64384257793427,-82.9775298489512,21.4172278124703,-49.8783238480427
19.495,-3.81510043144226,-10.7227630615234,0.756271719932556,11.6315756612317,50.0919687501861,-15.7378657534495,-2.18158483505249,-10.0855617523193,1.5299072265625,-87.7243747183267,17.3855430227829,-53.56917366041
19.5,-3.56087112426758,-11.0426874160767,0.929222285747528,17.0378624883672,47.7240821838207,-16.3380652116698,-1.60651838779449,-10.4627685546875,1.40520334243774,-92.5104043829705,13.9995015011849,-57.7064241463618
19.505,-3.36004590988159,-11.4255828857422,1.13106739521027,21.6039651843785,46.1986960364817,-16.9957731551543,-0.996731042861938,-10.9072675704956,1.31793940067291,-97.3627688448335,12.6773168967484,-61.7760967406655
19.51,-3.23650050163269,-11.8685369491577,1.31224763393402,25.4962850866937,45.8598776725141,-17.6716596471148,-0.396212726831436,-11.4326648712158,1.268967628479,-102.246026252312,13.6602101466172,-65.6032019967854
19.515,-3.23122215270996,-12.3757934570313,1.38924825191498,29.4079907734206,47.5312830190242,-18.3843010945464,0.129724711179733,-12.0931215286255,1.24671804904938,-107.049978333338,17.34376275563,-68.8435598522554
19.52,-3.34050130844116,-12.8880701065063,1.40706753730774,34.214654439547,50.9581186992138,-18.9098004813616,0.505391120910645,-12.6505165100098,1.22400486469269,-111.654113230196,21.5854758622953,-71.3752377700123
19.525,-3.53929924964905,-13.3583326339722,1.45148956775665,38.9512813459242,54.6756950418033,-19.0026073842564,0.81849068403244,-13.2210454940796,1.28354704380035,-116.19144887697,26.691020068765,-73.4363293143337
19.53,-3.81461119651794,-13.7628955841064,1.55292916297913,43.3630576251863,58.0748513803815,-18.5785328915213,1.0995272397995,-13.8380098342896,1.44831967353821,-120.62735621457,32.6373793450835,-75.1040361134082
19.535,-4.13078689575195,-14.0382556915283,1.76754009723663,47.2257925631116,59.777549238574,-17.4902651906849,1.40314841270447,-14.5406227111816,1.74281942844391,-124.667167221822,39.0114689728903,-76.5005844024332
19.54,-4.42296266555786,-14.2568235397339,2.01800870895386,50.8890040150024,59.6770839860722,-16.1134817615706,1.58499264717102,-15.0703001022339,2.03606605529785,-128.610699882534,47.1646692002291,-78.0003846611413
19.545,-4.6601939201355,-14.4633979797363,2.22087216377258,54.9958806497152,57.9996100164846,-14.6019882190035,1.57569813728333,-15.4857511520386,2.34999704360962,-132.288524524154,56.6602304108126,-79.6134294562882
19.55,-4.82254934310913,-14.6705589294434,2.33172631263733,60.0018321603497,54.6256365853763,-12.9983793301949,1.34310984611511,-15.8087091445923,2.68261218070984,-135.527523171979,66.8086757437793,-81.2984917660437
19.555,-4.84941339492798,-14.8587703704834,2.23676776885986,67.6703929000356,48.3715192303408,-11.2541351388286,0.868516504764557,-16.0801296234131,2.95241689682007,-137.474769123215,72.9596572423477,-82.6700005815714
19.56,-4.81783485412598,-14.948823928833,2.10201144218445,77.8213995539411,39.4855558182755,-9.42655410185158,0.443935394287109,-16.411491394043,2.97227096557617,-139.260016647716,76.6109944103664,-84.4499752000334
19.565,-4.77631759643555,-15.0035953521729,1.95805180072784,90.1106174180865,28.0626108465628,-7.59354562580536,0.19812123477459,-16.8220634460449,2.79879236221313,-140.785785285649,77.2509080035158,-86.7922792928625
19.57,-4.75236034393311,-15.0487928390503,1.82097327709198,104.504141433432,14.085477361136,-5.79578818295241,0.218112453818321,-17.3259887695313,2.48527956008911,-141.97621895609,74.4126980259978,-89.764210713951
19.575,-4.79007053375244,-14.985125541687,1.69884371757507,121.523258467622,-1.11979062468167,-4.03076612924403,0.668664872646332,-17.9156513214111,2.64655327796936,-142.650741117764,67.5695656475079,-92.5531545369856
19.58,-4.84473466873169,-14.765604019165,1.53123664855957,139.058744633254,-12.9306358064595,-2.08310737845045,1.00010395050049,-18.5417766571045,3.66724920272827,-143.962984381864,66.0025085160427,-94.9802144472254
19.585,-4.90944147109985,-14.4716100692749,1.20105755329132,156.025125776863,-20.6846985617229,0.178893059728948,0.954866588115692,-19.102087020874,5.51496934890747,-145.846176819063,72.4771795095671,-97.5398278386877
19.59,-4.97930479049683,-14.1633586883545,0.605154991149902,171.523644626322,-23.6064212622226,2.87930701231048,0.304891705513,-19.5111560821533,8.21456050872803,-148.28215012617,89.6871661801132,-100.633637155326
19.595,-4.95210838317871,-13.9121351242065,-0.354021906852722,180.8930112618,-25.0515117056789,6.2880855933253,-1.11969995498657,-19.3733329772949,9.3408317565918,-149.314601521109,117.491138253375,-104.907682669975
19.6,-4.59169626235962,-13.8232107162476,-1.00212550163269,186.036826725737,-33.3672806805478,9.33657148217853,-2.3164336681366,-19.1017322540283,8.49089527130127,-142.727157274198,138.792667783947,-110.189802634415
19.605,-3.77940464019775,-13.9726524353027,-1.07619261741638,188.347302137034,-47.3276580043931,11.6050813574412,-3.51469969749451,-18.7110443115234,5.9647045135498,-131.268476752748,154.065544503986,-115.501026034909
19.61,-2.33138370513916,-14.4743671417236,-0.201677471399307,189.355683945338,-65.8263852581048,12.5063265259717,-5.00282430648804,-18.2105674743652,2.01018238067627,-118.017295045898,163.441331517284,-119.613564896443
19.615,-0.264988124370575,-15.0561828613281,0.950966954231262,194.342828530093,-96.5236322939732,11.5004087084108,-7.31424760818481,-17.6793193817139,-0.594851076602936,-117.112144716709,173.054740811807,-120.590104362837
19.62,1.75708019733429,-15.2519960403442,1.02891218662262,201.198931437817,-131.795357545323,10.1973793695016,-9.44534301757813,-17.146333694458,-2.29276275634766,-122.165255268468,166.109094124065,-121.572353867376
19.625,3.54078698158264,-15.0574007034302,-0.0303481500595808,208.556288268349,-165.563908424514,9.46486719422712,-11.0615119934082,-16.6196517944336,-3.52947068214417,-129.71708124505,140.375400199558,-122.177932099568
19.63,4.76315641403198,-14.4720144271851,-2.32255005836487,214.098221798628,-186.95806898061,10.8373766324683,-11.5802183151245,-16.1121158599854,-5.05475950241089,-134.148029865312,91.4206955122192,-121.311932414702
19.635,5.39756965637207,-13.8772878646851,-4.3901515007019,218.636868841723,-190.545202370431,16.4313382749755,-10.7350215911865,-15.5670967102051,-6.78020477294922,-131.711264256262,54.7142651200464,-117.230894385619
19.64,5.74983787536621,-13.3702249526978,-5.45528268814087,222.008741989661,-182.818182041639,23.6233089049455,-9.60618686676025,-14.8142356872559,-8.18587684631348,-127.16205774071,27.6991816034683,-108.138573883255
19.645,5.86602210998535,-13.0074834823608,-5.43080282211304,223.395447976092,-165.098717900523,31.4329164660868,-8.20390033721924,-13.8708620071411,-9.38516902923584,-120.200947504686,-0.542224705823511,-93.4116341835753
19.65,5.74745321273804,-12.9317321777344,-4.24701261520386,220.29517047031,-137.962417309197,38.0183082411517,-6.14011430740356,-12.8320150375366,-10.8782577514648,-108.00834949654,-60.9521573607086,-71.377635166411
19.655,5.43547105789185,-13.2202043533325,-2.97670078277588,215.185546933359,-108.306794612323,42.164113539039,-2.25109195709229,-11.5656795501709,-12.9156322479248,-91.7983435016183,-154.890877242534,-49.9051699065754
19.66,5.06600904464722,-13.5914421081543,-2.01059985160828,211.294606729256,-78.6578586706467,44.7734848586048,1.3932991027832,-9.973708152771,-13.6131134033203,-81.7661479883253,-209.658981328713,-28.6325815950639
19.665,4.64433336257935,-13.9670352935791,-1.46060812473297,209.431563350108,-49.2592150111052,46.1107505207287,3.92575812339783,-8.18303966522217,-12.8486375808716,-80.6798337215914,-211.281793294373,-8.02297157175511
19.67,4.0590877532959,-14.2625331878662,-1.45818364620209,210.144744382484,-18.7217346376598,46.5062765302803,3.36875104904175,-6.88421154022217,-11.9367609024048,-91.2618253121247,-167.24345194142,9.40084953868388
19.675,3.1840717792511,-14.4537763595581,-1.71163272857666,210.297248846272,13.2043146563127,45.8452269167444,2.32024502754211,-6.39248132705688,-12.6379566192627,-93.0775628010809,-191.696676641846,19.0572506051638
19.68,2.06849503517151,-14.5181798934937,-1.83857810497284,208.701948882589,43.3188697163509,44.0381603529395,2.26158690452576,-6.09290552139282,-13.9067487716675,-87.9713475285252,-240.6633546508,26.1642127007238
19.685,0.716164886951447,-14.4373655319214,-1.68557465076447,204.742966333974,69.4445891784598,41.0752379513664,3.66492342948914,-5.77171277999878,-15.1203002929688,-77.4086102412622,-289.523112878486,32.8806672682248
19.69,-0.917646825313568,-14.1581268310547,-1.10822796821594,197.195006244463,83.4157821068559,37.4101481974538,5.98626947402954,-5.36179113388062,-14.0290441513062,-69.7715230132716,-256.124280139068,42.7660034690788
19.695,-2.60026741027832,-13.7342672348022,-0.64972048997879,187.667534390078,86.0568045230356,34.5610782191555,8.93183898925781,-5.54562139511108,-10.9418067932129,-60.1200080933692,-192.396169975126,47.0842642133197
19.7,-4.22262287139893,-13.2636661529541,-0.263357073068619,177.08854125259,80.1523108912346,32.934772611735,12.6662464141846,-6.36427927017212,-7.41084432601929,-48.4524057455867,-111.437309365561,46.479847113287
19.705,-5.70015287399292,-12.7996282577515,0.0841291546821594,166.083685820352,66.9945456816629,32.7972365075131,17.053861618042,-7.83913612365723,-4.31562566757202,-34.8377213711085,-20.056351893933,41.5265495309641
19.71,-6.60724878311157,-12.4184980392456,0.620078027248383,158.151022156029,51.9357270902123,33.8498540359767,17.3006420135498,-9.32984828948975,-3.18384575843811,-22.5496048749668,66.3963713745315,41.3535988958956
19.715,-6.81374740600586,-12.0962066650391,1.14042139053345,151.088756818398,32.7025086139142,34.7443970813841,13.8935461044312,-9.85236263275146,-3.49987173080444,-4.03522410833794,140.195165167739,48.6567854961209
19.72,-6.36623096466064,-11.808087348938,1.50420677661896,144.405143507974,9.28578817192584,35.1003318994118,9.06391334533691,-9.46809196472168,-4.60117292404175,18.2152317144738,199.827238207181,60.665248434433
19.725,-5.26173305511475,-11.5365972518921,1.5896623134613,137.731994047358,-18.5778157216585,34.5818146734757,4.5006160736084,-8.1703929901123,-6.00850677490234,42.4485192009837,243.221233174213,75.4616716485392
19.73,-3.49552631378174,-11.108437538147,1.09372901916504,132.924005324532,-43.3789480602904,32.5629917548329,2.00061893463135,-6.2981333732605,-6.85766744613647,57.6906942207033,248.891000524997,87.9993854550681
19.735,-1.67147421836853,-10.5064830780029,0.347473353147507,128.940283830744,-62.9172984075696,30.0157512510521,0.24012553691864,-4.5113091468811,-7.28666734695435,69.2622231276205,244.920830126522,99.381280989869
19.74,0.0341525338590145,-9.76995944976807,-0.545087158679962,125.902803084191,-75.7161849875814,26.9911761469358,-0.864341795444489,-2.98120260238647,-7.22339963912964,78.2185272428531,233.336801973424,109.745778866662
19.745,1.39077579975128,-8.9378023147583,-1.46451807022095,124.037642346401,-79.4018575165578,23.5167238029474,-1.36720204353333,-1.94276213645935,-6.53940105438232,85.6844567604323,216.098756885768,119.188522224393
19.75,1.97367978096008,-8.14455032348633,-2.10212564468384,123.690532132781,-70.8336993914787,19.8476879072419,-1.22376108169556,-1.63956952095032,-5.67070913314819,94.2010674478454,195.644525982114,126.419602517551
19.755,2.01692700386047,-7.43881225585938,-2.47641706466675,123.773341346278,-57.5506890030964,16.3560969110786,-1.0035172700882,-1.60467553138733,-5.20289993286133,103.556220459661,175.231740666344,132.077294093883
19.76,1.65966606140137,-6.85226202011108,-2.62176918983459,123.821890330898,-41.0794351026113,13.3015048331074,-0.832303881645203,-1.81419610977173,-5.10413455963135,113.221566512633,155.51633132521,136.656976913511
19.765,1.0987503528595,-6.45234203338623,-2.57727122306824,123.067605220097,-23.183277382762,11.1825376808539,-0.89375627040863,-2.2977569103241,-5.29129505157471,122.25098780293,137.471586255062,140.91662438939
19.77,0.424545288085938,-6.11594867706299,-2.35350632667542,120.37151098864,-4.44888640457012,10.839604981685,-1.33656549453735,-2.91429948806763,-5.47993755340576,130.64591867028,114.127106162604,145.854769197039
19.775,-0.249280601739883,-5.75406217575073,-2.02265405654907,116.433620064182,14.6173629748252,11.6627512059246,-1.82527613639832,-3.42841744422913,-5.5091872215271,139.127114826846,84.6568274790472,150.97715152736
19.78,-0.848275482654572,-5.37552928924561,-1.6137170791626,111.426264949673,33.4807198773779,13.4647028118147,-2.20162153244019,-3.81210708618164,-5.35879421234131,147.876231983796,50.6051515983804,156.292869192327
19.785,-1.19038343429565,-5.03694772720337,-1.17772161960602,105.498951655855,50.7512220239703,16.0114404429179,-2.11695981025696,-4.05764865875244,-5.01201820373535,157.184044954474,16.348819344518,162.025638208016
19.79,-1.365762591362,-4.7911319732666,-0.794843852519989,99.0696809297439,63.0098543010125,18.8180181068422,-1.42539870738983,-4.3189811706543,-4.83433389663696,164.751990177496,-7.33997058400041,166.798273871697
19.795,-1.50599777698517,-4.58473587036133,-0.477270781993866,92.2130794182107,70.3434762241793,21.7972578303426,-0.33686774969101,-4.68487024307251,-4.78183078765869,172.035813191425,-26.4115287279281,171.262690418893
19.8,-1.64210677146912,-4.40846967697144,-0.231507241725922,85.2548993333411,72.8971132001179,24.7683132796699,1.04639554023743,-5.19762849807739,-4.81116247177124,179.546261882014,-42.0999883080163,175.462177588562
19.805,-1.78725290298462,-4.27232885360718,-0.075722374022007,79.6405999488065,71.2606340259287,26.9744097400707,2.45721244812012,-5.96594619750977,-4.7639536857605,188.211094504606,-54.2143260086527,178.946748857805
19.81,-1.89595007896423,-4.23528051376343,0.0540927462279797,73.5619228327919,67.433979562294,28.9693526098278,3.51793813705444,-6.89555931091309,-4.64581346511841,197.468063547102,-58.5855104736775,179.601941584128
19.815,-1.99001014232635,-4.27481508255005,0.168821036815643,66.7058677363923,62.0592149119517,31.1116209524348,4.26928853988647,-7.78851556777954,-4.59612798690796,207.382711504779,-59.5935302819555,177.992639732646
19.82,-2.07876348495483,-4.39090442657471,0.266988277435303,59.1266731918068,55.3861439985114,33.485261953176,4.70957040786743,-8.53159141540527,-4.67494583129883,217.856669993211,-58.7847197710101,174.198756516649
19.825,-2.18052983283997,-4.62608051300049,0.31064447760582,52.3135834003811,48.0345894136786,35.7400713227373,4.79061651229858,-8.77253341674805,-4.96223449707031,227.758436214113,-57.3255864586203,167.872198175277
19.83,-2.30848574638367,-4.90464401245117,0.283505350351334,46.0581102527954,39.9170564341856,37.8906554206587,4.67911052703857,-8.55103302001953,-5.16421747207642,236.815909091332,-53.4564106523077,160.719569434926
19.835,-2.42608094215393,-5.17202758789063,0.197515830397606,40.2191761917428,31.0105000017728,39.9245184158539,4.52599334716797,-8.13562774658203,-5.25623607635498,245.218189242228,-47.4969169222152,154.039070690763
19.84,-2.50857377052307,-5.39832735061646,0.0542971715331078,34.7634123280334,21.2273178176927,41.8034556452002,4.42643117904663,-7.66704130172729,-5.22012376785278,252.996927763416,-39.4067115295915,148.69032223097
19.845,-2.46821165084839,-5.57485485076904,-0.171595916152,30.0139139301654,9.99864733163726,43.0751856422378,4.70110845565796,-7.32108592987061,-5.07308340072632,259.580929594984,-27.5114982503601,147.341633077459
19.85,-2.315749168396,-5.71777582168579,-0.429014325141907,26.0960901014894,-2.14946181246348,43.5492622423392,5.2641863822937,-7.24395704269409,-4.98806858062744,265.459591451344,-12.3328883861512,149.220208306779
19.855,-2.06081104278564,-5.82547521591187,-0.708247005939484,23.0429699292843,-14.7974443273871,43.2729093734259,5.83835363388062,-7.46062850952148,-5.04441022872925,270.652994088655,3.82783694013472,153.334495696741
19.86,-1.70478355884552,-5.89451217651367,-1.00290024280548,20.9337836079223,-27.6419668163384,42.2377702990484,6.20357227325439,-8.00896739959717,-5.31390380859375,275.135128146558,19.1991733983802,159.032212181609
19.865,-1.41007483005524,-5.95398426055908,-1.23620760440826,19.8496840300268,-40.229329267944,40.4104180734086,5.58828973770142,-8.70169639587402,-5.6105318069458,278.369878416719,28.2824217019794,164.525268878187
19.87,-1.06951951980591,-6.04696559906006,-1.47124230861664,19.0366166036812,-52.0130072655764,38.3255984519106,4.37198066711426,-9.34691429138184,-5.69082927703857,280.708234660208,32.7499613531728,168.663680496298
19.875,-0.666432499885559,-6.14941167831421,-1.72743594646454,18.3413989688223,-62.8626090828853,36.0135384367262,2.72793579101563,-9.93667316436768,-5.62005996704102,282.53659433875,31.0547323068378,171.776402606748
19.88,-0.175039976835251,-6.23184204101563,-2.03083038330078,17.5806371311406,-72.5424556274649,33.4947456708385,0.840977966785431,-10.4567241668701,-5.46860122680664,284.301214691958,20.7789244364179,174.197800290166
19.885,0.29042375087738,-6.21033334732056,-2.34847259521484,16.1104474500318,-79.760701995172,30.8834345775484,-0.684836983680725,-10.8648233413696,-5.31021070480347,286.689895769252,-3.07303166773956,176.035694912789
19.89,0.749446153640747,-6.09300994873047,-2.62106585502625,14.0233943566752,-84.4919057313481,28.1756248641171,-1.70109665393829,-11.1742162704468,-5.08352041244507,289.192750288711,-32.485479353037,176.698510130226
19.895,1.18892848491669,-5.87950468063354,-2.83044958114624,11.3423982583781,-86.6074475437328,25.2920965814561,-2.14737462997437,-11.3937587738037,-4.84798908233643,291.789724814933,-65.8462132972653,175.926288942664
19.9,1.57994377613068,-5.55814218521118,-2.94180369377136,8.03862380401184,-85.5909856216407,22.0646733967269,-1.86480343341827,-11.5293846130371,-4.72180700302124,294.506555500711,-101.359870679206,173.137604666818
19.905,1.86046802997589,-5.16825485229492,-2.91764688491821,5.15930974806878,-82.9564928663076,19.3555915605626,-0.824139297008514,-11.5977325439453,-4.82307052612305,296.358001218648,-132.393859701534,167.815958397651
19.91,2.05429100990295,-4.78872585296631,-2.7888388633728,1.86191148873618,-78.9298777845316,16.5729963983615,0.538557708263397,-11.6230363845825,-4.94517135620117,296.844638536633,-155.259598174688,161.085339725358
19.915,2.14663434028625,-4.44021940231323,-2.55562615394592,-2.11723804717642,-73.4322790121559,13.568980163647,2.0177218914032,-11.6093626022339,-5.0265998840332,295.691675283978,-168.757199446414,153.293063769236
19.92,2.07662963867188,-4.15698719024658,-2.19801330566406,-7.30076871325912,-66.0184433473764,10.1083623678225,3.18449878692627,-11.5561800003052,-4.95985174179077,292.131999254621,-169.885778923731,144.944223018406
19.925,1.7425262928009,-3.93798303604126,-1.7265100479126,-12.9802059043608,-58.9640395574796,7.1968883661724,4.20441865921021,-11.442720413208,-4.69136238098145,286.103264481818,-161.134407804356,136.934842669326
19.93,1.24376535415649,-3.76129126548767,-1.18157398700714,-19.5423750362477,-53.0115775071377,4.75236195467754,5.14723968505859,-11.2839641571045,-4.32446336746216,278.434956459131,-147.495763126269,129.813482534995
19.935,0.625871002674103,-3.63230538368225,-0.564521849155426,-27.3368844642287,-48.574369018501,2.75033959384571,5.95293807983398,-11.0799531936646,-3.86515402793884,269.235511269824,-130.470737978447,123.869974862655
19.94,0.001846709754318,-3.59810733795166,0.158958747982979,-37.6084354192484,-46.8387394032253,1.15895311511352,6.27164459228516,-10.8158979415894,-3.23810029029846,258.181505796319,-112.070932354485,119.908164615724
19.945,-0.538164138793945,-3.77163076400757,1.03127801418304,-49.554589956857,-48.263055826321,-0.58770570820701,6.10931539535522,-10.4305295944214,-2.73328423500061,245.387359367591,-92.8072444042993,117.022532634799
19.95,-1.00940799713135,-4.11449337005615,2.05154037475586,-61.8120235356998,-51.3398887077771,-2.49373450937021,5.56985330581665,-9.9428653717041,-2.43297696113586,233.306667178806,-75.542855277014,114.645230652663
19.955,-1.40779030323029,-4.59877681732178,3.18798279762268,-73.7117908435603,-55.2137431936711,-4.53043715571278,4.69274997711182,-9.36205101013184,-2.37819266319275,222.462403154334,-61.5078000798783,112.353251393638
19.96,-1.67582058906555,-5.06435632705688,4.15197801589966,-83.5736687597099,-56.7730139094825,-6.41713390684305,3.60249543190002,-8.73452663421631,-2.61967206001282,210.113052304735,-52.1687594843148,108.196999321415
19.965,-1.95698368549347,-5.6891827583313,5.33928918838501,-90.1899090841612,-53.0994649662828,-7.99127437136437,2.90365839004517,-8.22248935699463,-3.20161581039429,195.041666165212,-49.1909745911076,101.98369917686
19.97,-2.25667428970337,-6.59997177124023,6.84613513946533,-93.0192671365148,-43.5980400382969,-9.4484824241819,2.71823263168335,-7.6679835319519,-4.07799625396729,179.318734620383,-52.7215471844114,94.6439983853316
19.975,-2.5790011882782,-7.88694381713867,8.73938751220703,-91.3598590172818,-27.5452769509004,-10.9068908827461,3.12087154388428,-6.98177528381348,-5.16227006912231,163.706971234484,-62.217190357265,86.6789323035862
19.98,-2.92813539505005,-9.68430423736572,10.9891033172607,-81.5062046488929,-3.39983444829669,-12.7514475011315,3.78298139572144,-6.10069274902344,-5.03947019577026,142.917255099178,-59.9928094804561,79.3920152139639
19.985,-3.45439791679382,-11.8241262435913,13.5090026855469,-66.0505110855296,20.2366125389607,-14.6425475898423,4.1051197052002,-5.20504713058472,-4.5592188835144,120.201316334901,-46.3969969186547,71.4728958147651
19.99,-4.1807107925415,-14.1746435165405,16.0175170898438,-46.9253154660498,39.1793003811759,-16.3640489588198,4.15547227859497,-4.35429334640503,-4.17514228820801,96.55608252272,-28.4923612264981,62.148253257972
19.995,-5.13756513595581,-16.6438827514648,18.2898445129395,-25.4441126867185,49.8101312393693,-17.733529208164,3.97167086601257,-3.59850025177002,-4.2541766166687,72.7181690740527,-11.6363542323298,50.7165451535542
20.0,-5.94941234588623,-18.6421928405762,19.0814628601074,-8.4862231757957,42.3056043227904,-18.7271731757865,3.5149781703949,-2.80569434165955,-4.06474256515503,45.8740878810823,4.7198062848855,38.3786177953428
20.005,-6.13863658905029,-19.9177837371826,18.6538181304932,2.45825743960411,31.4918507533402,-19.4209086595955,2.8324875831604,-2.08580183982849,-3.79948449134827,18.885915309834,22.5874475380632,26.9075421880963
20.01,-5.62180423736572,-20.3575458526611,17.2339992523193,8.6442276494129,18.6991113435815,-19.5354509319766,1.9951753616333,-1.56381130218506,-3.60901141166687,-7.53612934809494,39.268611934763,16.3108349549962
20.015,-4.23977422714233,-19.755069732666,15.0310010910034,11.2823147917967,5.44647822153279,-18.6753457003644,1.08030736446381,-1.4119827747345,-3.68830251693726,-32.4561744264031,51.2822863074118,6.66519826664828
20.02,-2.31978821754456,-17.8024921417236,12.7969541549683,11.038294330867,-6.02629938347752,-14.9949614453529,0.326486617326736,-1.61101400852203,-4.20406341552734,-55.7013606438021,55.6197228077475,-2.64590109223775
20.025,-0.576412677764893,-15.2827568054199,10.822660446167,8.80681091109494,-11.5651947602356,-9.02708878069609,-0.321190387010574,-2.08078241348267,-4.87300491333008,-74.6035061906513,57.6089710072841,-10.5119872741825
20.03,0.863515675067902,-12.4295892715454,9.10957336425781,4.59635360384528,-11.6681137581967,-1.12371766328931,-0.88888144493103,-2.86420297622681,-5.46560287475586,-90.0881529259064,58.3758441567256,-17.4297206863346
20.035,1.80295133590698,-9.56832313537598,7.65733003616333,-1.87947852183804,-7.14351129158239,8.30804403091758,-1.41194987297058,-4.08403921127319,-5.56875228881836,-103.830117875568,59.3639607937622,-24.3572093161688
20.04,2.30920052528381,-7.32112979888916,6.439293384552,-12.4725811226036,-2.64291587268364,18.0223659553328,-2.21978354454041,-5.90121459960938,-4.35418510437012,-118.849280388697,60.7894485943005,-32.5177622421491
20.045,2.71428394317627,-5.68969440460205,5.23901271820068,-24.0773388998329,2.27050130229257,27.9928763226842,-2.83188486099243,-8.22089290618896,-2.61980223655701,-129.786421325504,50.8902846754718,-39.2254758750598
20.05,3.12911486625671,-4.68455076217651,3.96389698982239,-35.0991127106449,8.6577121503818,38.3071910920974,-3.05306363105774,-11.0495729446411,-0.0781669989228249,-134.202507454132,31.812251512211,-43.2782676568298
20.055,3.7565004825592,-4.39266681671143,2.41649746894836,-41.9752656386773,19.5803167370871,49.2610386716136,-2.45468330383301,-14.4869146347046,4.47042942047119,-126.358240098047,13.2402465739888,-41.9144940305371
20.06,4.41254854202271,-4.47259855270386,1.15896010398865,-43.7401796900194,32.7403751826727,59.6174974157531,-1.63679873943329,-17.9412822723389,9.1495475769043,-103.832727007831,5.88373284493185,-37.5334365270671
20.065,5.19238710403442,-4.83287239074707,-0.0203643534332514,-41.6961738639068,46.2730767965432,68.3480569487276,-1.31735730171204,-20.6336555480957,11.6011867523193,-76.2834390283401,-1.18998159729583,-32.2114760691982
20.07,6.14234018325806,-5.47379064559937,-1.24432444572449,-36.2423770946783,60.2234717989166,74.8500760196888,-1.6502833366394,-22.2463436126709,11.4392757415771,-48.0503773959451,-10.2328869616756,-25.4905818787367
20.075,7.38345336914063,-6.48823881149292,-2.87456440925598,-27.9390663848556,76.6666467917237,77.3397482740501,-2.63594365119934,-22.0758361816406,9.22014904022217,-29.7293921550047,-20.8215738451427,-13.1569208274356
20.08,8.31723499298096,-7.494544506073,-4.13309383392334,-18.9806124675817,91.3381116949645,76.0291305949731,-3.67951250076294,-20.0858840942383,6.73592472076416,-28.7009056848788,-37.4785013155727,2.92639753809972
20.085,8.81254768371582,-8.27389907836914,-4.86238956451416,-11.2194369240713,100.521546920857,71.3680319204379,-4.41469287872314,-17.1696758270264,4.96500253677368,-37.4791365231655,-64.3736176820214,15.3660268399394
20.09,8.81161308288574,-8.73526763916016,-5.02818393707275,-5.48718273389148,103.24877998474,62.9969179227245,-4.58035802841187,-13.7464027404785,4.1776442527771,-52.6615712933095,-102.808465009706,20.691721703737
20.095,8.32244968414307,-8.80884742736816,-4.92183542251587,-3.04351628590181,103.366286559221,47.6400879325025,-3.17191505432129,-10.9448585510254,3.66702342033386,-65.1623337764286,-149.168503774762,12.3841190737945
20.1,7.15267848968506,-8.83458805084229,-5.98827981948853,-4.12487332940211,103.395615391517,25.8568985843028,-0.754001975059509,-9.35742473602295,1.96764254570007,-75.5235463322304,-179.823062128318,-1.38459161599607
20.105,5.10335826873779,-9.03421688079834,-7.49329900741577,-8.4485956636581,98.5187783618582,3.65943691860077,2.20870304107666,-8.92869281768799,-0.169793397188187,-84.3909623656045,-195.44606800559,-15.6839840986346
20.11,2.03518605232239,-9.6111421585083,-8.89149475097656,-16.1513483303292,84.7988544326485,-15.7463164050001,5.46452903747559,-9.68097305297852,-2.34787249565125,-92.1584720557964,-195.372493207851,-28.0050784556365
20.115,-1.78978061676025,-11.9464340209961,-6.90217113494873,-29.1359887350086,42.0482188892022,-31.3533584226345,8.35304164886475,-11.3835134506226,-4.10682106018066,-101.27507388066,-176.260626702536,-39.4945819132637
20.12,-5.6777491569519,-16.0322132110596,-2.25091743469238,-38.8229659970817,-14.1985588268084,-44.8724133185432,10.063440322876,-12.8462381362915,-5.53104877471924,-110.628895005588,-144.886644523703,-49.1806268545151
20.125,-9.60707855224609,-21.1770076751709,3.94039988517761,-40.3339062943261,-74.3474492288567,-54.8096350514273,10.3503370285034,-13.7842693328857,-6.51510953903198,-118.314408274793,-104.318271495548,-53.7485958997171
20.13,-13.5630769729614,-26.8952960968018,10.8731555938721,-29.2854435193322,-131.001279752417,-59.7567444823621,8.93127346038818,-13.9387426376343,-6.94812726974487,-122.712790553093,-56.4342740926903,-50.246976478305
20.135,-16.10959815979,-29.7328224182129,14.3691720962524,1.91853887959746,-166.408174447441,-60.1090456397514,5.54963207244873,-13.2010536193848,-6.50341463088989,-122.214405309736,-15.3274089503722,-38.2717492404942
20.14,-16.7473907470703,-28.8850555419922,13.7916450500488,37.0746902865578,-172.043435682538,-57.4478400145743,2.11752200126648,-12.3315410614014,-5.88608646392822,-119.589508970186,5.58545336123551,-27.2242836731192
20.145,-15.7471256256104,-25.0223598480225,9.80851554870605,70.0577899017652,-147.501240937984,-52.3574366299472,-0.948080003261566,-11.434910774231,-5.41256046295166,-115.698240917003,6.33738419120716,-18.5497060781293
20.15,-13.3228807449341,-18.755069732666,2.99702572822571,93.0048895883119,-89.9504289914822,-45.3851112233065,-3.09508848190308,-10.6406316757202,-5.4914493560791,-111.523861522723,-14.5809068401302,-14.2462267170259
20.155,-11.2084426879883,-13.0197200775146,-4.03158092498779,94.922424216658,-14.8459694063455,-36.9236440681575,-3.78302884101868,-10.225438117981,-5.98319911956787,-109.100790442959,-46.8349588935197,-15.5824004026563
20.16,-9.67531394958496,-8.72524929046631,-9.36735534667969,80.1208851908634,42.1049880064887,-24.8576931351487,-3.52746057510376,-9.96996021270752,-6.29408407211304,-106.318048431691,-76.8334673320121,-19.3626522686172
20.165,-8.33585166931152,-5.47589159011841,-13.1806030273438,49.0762547338081,71.654961337281,-9.30568451297809,-2.41100192070007,-9.79335403442383,-6.45176410675049,-102.684380963055,-101.015116880849,-24.7621473263967
20.17,-6.44738149642944,-2.53610801696777,-15.8347864151001,0.526860302007274,57.1567510125267,9.6522901463732,-0.445303380489349,-9.5738410949707,-6.55501890182495,-97.4016326212109,-113.450500793233,-30.7248717359666
20.175,-3.46255373954773,0.44171929359436,-17.3110828399658,-55.9550782658059,5.35302074311951,27.6771166773545,1.37570571899414,-9.4371452331543,-6.7128963470459,-93.0703091401823,-106.480600103748,-34.8930902996152
20.18,-0.558569192886353,2.47081685066223,-16.6983261108398,-102.514398045181,-60.8482223721085,43.8942858331678,2.4311420917511,-9.47358894348145,-6.82464265823364,-90.1106993803566,-88.9112498602106,-37.2449293365257
20.185,1.87268257141113,3.3658926486969,-13.9556045532227,-131.88557068388,-132.209786103402,57.075147327418,2.57489776611328,-9.67411422729492,-6.8992338180542,-88.3749434065812,-65.4122299075919,-37.984030936802
20.19,3.07625532150269,2.84364914894104,-9.10161018371582,-127.862753187283,-190.659129925787,63.6874295572452,1.52482616901398,-9.99444770812988,-6.99603986740112,-87.3913278642077,-45.8271781418626,-37.5641723783321
20.195,3.10880041122437,1.56499695777893,-4.21985673904419,-99.0410556069323,-207.709167226349,59.901851851279,-0.183563649654388,-10.2479038238525,-7.0725474357605,-85.7516385011086,-32.1245038554018,-35.9714029997364
20.2,2.74642467498779,-0.0495779253542423,-0.228749960660934,-66.2145107576907,-196.162104057039,49.62533705628,-1.77020859718323,-10.460129737854,-6.86750507354736,-82.8938395410511,-23.6943940987324,-33.3820304740604
20.205,2.25108551979065,-1.94315850734711,2.53300476074219,-36.5514773055673,-162.783338413402,34.9034312060186,-2.93204188346863,-10.639458656311,-6.33516836166382,-78.5849395710676,-21.4574525040398,-29.9740324556017
20.21,2.0691442489624,-4.27061796188354,3.4031925201416,-22.7102440940563,-126.342776549767,21.3751111585008,-3.03481459617615,-10.7991390228271,-5.52331447601318,-72.2996082515251,-30.3196229521314,-26.401674472503
20.215,2.16997885704041,-7.01230716705322,2.85263776779175,-21.9593228514213,-83.8611241011191,6.39232794043804,-2.39146566390991,-10.8868961334229,-4.86208915710449,-65.7268694018977,-40.8166640648626,-22.9745775375777
20.22,2.26371192932129,-9.95999431610107,1.53161835670471,-28.6955030052453,-34.4367312102208,-10.997868148717,-1.40842294692993,-10.9189205169678,-4.32075881958008,-59.831944865124,-48.549220261977,-19.4013060166775
20.225,2.18163824081421,-12.9593162536621,-0.301569789648056,-40.6335364479308,20.4851767832358,-30.5380284961263,-0.215590238571167,-10.906099319458,-3.88536238670349,-55.0506621819533,-51.4058102785514,-15.6293801513149
20.23,1.37305271625519,-15.2965278625488,-2.17621445655823,-53.0285061309956,65.1276705663908,-46.9460894864104,1.18055391311646,-10.9049034118652,-3.49875617027283,-52.0459287773759,-45.2839322160365,-12.0769671743664
20.235,0.150178417563438,-16.4288063049316,-3.51665544509888,-59.0957802461908,91.8651632422686,-56.7454814169381,2.38298892974854,-10.9344530105591,-3.21638917922974,-49.9051664914809,-31.612666554474,-10.1582483619729
20.24,-1.11444997787476,-16.6186981201172,-4.23822259902954,-59.252710672561,101.502922161183,-60.411383963362,3.46803832054138,-10.9926633834839,-3.05329489707947,-48.4036108741561,-12.5492013309392,-10.1359742613159
20.245,-2.20993280410767,-15.9707136154175,-4.25533151626587,-53.482758107031,93.5953731024379,-57.8657519691307,4.44195747375488,-11.0791015625,-3.02407479286194,-47.446547692181,10.8458016708095,-12.2253786472943
20.25,-2.83740401268005,-14.814151763916,-3.45070767402649,-43.4337159321501,69.5713643196444,-49.3232275440066,4.80965614318848,-11.1771106719971,-3.12945985794067,-46.8251951381012,34.5816029376114,-15.9080604071879
20.255,-3.24381351470947,-13.6427726745605,-2.44309687614441,-34.9745095696164,45.3898821104418,-38.4652348393023,4.16591835021973,-11.174337387085,-3.2274956703186,-45.6092199752584,52.9567993899942,-18.2648735293614
20.26,-3.47681927680969,-12.586597442627,-1.48601222038269,-29.4279554163646,24.2552072711038,-26.3856303581427,2.81016850471497,-11.0458660125732,-3.28084111213684,-43.7902757124869,64.5435118074363,-18.8810026962735
20.265,-3.56373715400696,-11.7561664581299,-0.784323155879974,-28.0252240985934,8.90423160677413,-13.8802429831819,0.937130689620972,-10.7641696929932,-3.25703978538513,-41.3248062334495,67.7896480029441,-17.3197119520151
20.27,-3.36569690704346,-10.9526453018188,-0.275720089673996,-32.9695929161238,3.60949414850281,-3.18497996233995,-0.750349760055542,-10.3892431259155,-3.05909276008606,-39.3971151138076,62.657061370003,-14.9238079496742
20.275,-2.89972233772278,-10.080997467041,0.210876420140266,-39.8255455596858,3.3725794321874,5.29200452882967,-1.87518787384033,-10.0352354049683,-2.80621981620789,-37.5180139599212,51.960705092007,-12.944596713123
20.28,-2.1968789100647,-9.25368690490723,0.585553586483002,-47.4768464113391,7.45264650719082,11.3177634735891,-2.41102623939514,-9.7288236618042,-2.53783679008484,-35.5256238733664,35.9541840928388,-11.6438367045655
20.285,-1.2779768705368,-8.61542320251465,0.72673487663269,-54.5822239030117,15.2509705958233,14.4110656486814,-2.27944135665894,-9.50718784332275,-2.3022723197937,-33.207836744563,14.5476728471762,-11.4025978381753
20.29,-0.322670489549637,-8.26964569091797,0.558338165283203,-59.4145861558903,26.0045997175571,14.0069464073802,-1.73752069473267,-9.52511119842529,-2.03202962875366,-31.5189973401965,-5.03687177700713,-11.8970710906856
20.295,0.554987788200378,-8.06528759002686,0.270249605178833,-62.7465914896435,37.3540313632329,11.8397273837351,-1.19029569625854,-9.67372894287109,-1.76966190338135,-30.2102716235195,-19.6061997389469,-11.5228091675675
20.3,1.32560122013092,-7.97451066970825,-0.0760901272296906,-64.6734151752608,48.7595866733188,8.17560324781645,-0.67164671421051,-9.90911674499512,-1.55751097202301,-29.1901726256943,-28.7632721421902,-10.1998647045858
20.305,1.93420875072479,-7.97242832183838,-0.390386968851089,-65.1461462280957,59.4529923095933,3.17881721071789,-0.20614030957222,-10.1686449050903,-1.47660958766937,-28.3419143571975,-31.5222314347685,-7.84578707317487
20.31,2.26192307472229,-8.03302192687988,-0.597084283828735,-64.6094982650078,66.9106982794118,-1.28981847239391,0.149680390954018,-10.3138179779053,-1.51016843318939,-27.9774315574235,-28.4158648153412,-5.49854432668898
20.315,2.35598087310791,-8.11414241790771,-0.759467005729675,-63.1659377839256,73.7847031129502,-5.97872540836109,0.51412296295166,-10.3740997314453,-1.57942652702332,-28.0490068172834,-21.7066024370363,-3.96442578249617
20.32,2.21313619613647,-8.20788288116455,-0.88003134727478,-60.7277173445819,80.7530396891156,-11.0614529410216,0.909477651119232,-10.3564624786377,-1.66626167297363,-28.4580839221484,-11.5503186082234,-3.51885775166015
20.325,1.78523325920105,-8.30771255493164,-0.93922483921051,-56.9119331270114,88.8323884960537,-16.8065222736316,1.36037826538086,-10.2633981704712,-1.74819242954254,-28.9659784963778,2.73560047250365,-4.7688436280316
20.33,1.12215840816498,-8.41636657714844,-0.936783850193024,-52.2449673199792,96.1767064954608,-21.3980981601524,1.64836311340332,-10.0743007659912,-1.7807891368866,-29.3904747532941,19.7805198269439,-7.20817013113396
20.335,0.378582745790482,-8.55771064758301,-0.91485720872879,-47.4936862427378,102.953449435218,-24.9505820003136,1.76572644710541,-9.83598041534424,-1.76838958263397,-29.6879533973103,37.5747625866402,-9.98528321275248
20.34,-0.395247936248779,-8.73926067352295,-0.882154703140259,-42.9796449561277,109.170390070601,-27.5186050621915,1.68039345741272,-9.56997394561768,-1.72132956981659,-29.8531142016303,54.7913642953975,-12.6965396103937
20.345,-1.11952328681946,-8.97222709655762,-0.837173938751221,-39.4365526260752,114.696265826141,-29.2427241011684,1.25038743019104,-9.32997703552246,-1.6835058927536,-29.9048494694986,67.2474812470068,-14.3098157781988
20.35,-1.76159429550171,-9.18589973449707,-0.813008368015289,-36.7474832441791,119.067942064786,-30.5641437244178,0.521355867385864,-9.18872261047363,-1.67137563228607,-30.2367693424045,77.5259802119597,-14.6952339615525
20.355,-2.33153033256531,-9.34964084625244,-0.815071880817413,-34.647193244211,122.104152396153,-31.5969707797613,-0.363107174634933,-9.11144828796387,-1.64547204971313,-30.6442959943279,85.9275227024256,-14.1942651991414
20.36,-2.82188177108765,-9.44895362854004,-0.842981576919556,-33.0626439982814,123.623090844916,-32.3802876096296,-1.34230482578278,-9.08125972747803,-1.58553338050842,-31.0203867005964,91.8435730143022,-12.8948592755869
20.365,-3.16339635848999,-9.46462821960449,-0.872228920459747,-31.9917762043556,123.00240423428,-32.985111105918,-2.28668880462646,-9.04260158538818,-1.44144070148468,-31.0524407783712,90.0481758286943,-10.7831637134786
20.37,-3.48815393447876,-9.37211990356445,-0.919946074485779,-31.2827274364274,121.02828831885,-33.1613299865044,-3.03491187095642,-8.96612358093262,-1.23057818412781,-31.0859906675743,82.2793001006683,-9.01566528930924
20.375,-3.81375765800476,-9.2042818069458,-0.969582796096802,-30.8903877101235,117.909992774037,-32.902489722623,-3.60437393188477,-8.87346172332764,-1.00864684581757,-31.1980569963813,70.3077543348202,-7.95017285426018
20.38,-4.1446008682251,-8.97704124450684,-1.01229071617126,-30.8137393272576,113.64416397696,-32.1685858963051,-3.99159598350525,-8.78101253509521,-0.808125972747803,-31.4425709384786,54.9877390642245,-7.82702027465662
20.385,-4.39169883728027,-8.74028015136719,-1.04410743713379,-31.146239766243,107.326361938103,-30.7357693027873,-4.1474084854126,-8.79452514648438,-0.695550382137299,-31.9799531469023,39.0744535623216,-8.87102749589776
20.39,-4.5737099647522,-8.53405857086182,-1.09355711936951,-31.8796552340352,99.1271706319879,-28.7045393455172,-4.1575665473938,-8.87094020843506,-0.644428908824921,-32.7294981064195,24.1067240811896,-10.4016506907828
20.395,-4.68849897384644,-8.39888954162598,-1.14372861385345,-32.8524995680877,89.4512992575052,-26.3102865414083,-3.99513292312622,-9.02719783782959,-0.647082209587097,-33.5495886747792,10.3904414965812,-12.2519497907129
20.4,-4.7302508354187,-8.37136650085449,-1.18120622634888,-33.9509032696524,78.5304278313018,-23.7181460815711,-3.62810206413269,-9.28167152404785,-0.700690388679504,-34.3318297498532,-1.75431914727897,-14.3086281790568
20.405,-4.67042827606201,-8.55803680419922,-1.16661548614502,-34.6297728467329,68.5046595260177,-21.2130905336516,-3.0399477481842,-9.57371616363525,-0.738534033298492,-34.8156086336706,-8.22310209085201,-15.9504024574001
20.41,-4.56269264221191,-8.8312873840332,-1.10912621021271,-35.0371697250621,61.2244906632953,-19.2252578908205,-2.52867937088013,-9.76218509674072,-0.802449703216553,-35.363543484362,-11.3640081231383,-17.0794976140003
20.415,-4.41114473342896,-9.1514139175415,-1.0175234079361,-35.0863573323699,56.0985532195112,-17.7098182064603,-2.1292986869812,-9.85148906707764,-0.909200131893158,-36.1023377261256,-11.9635612747084,-17.7167218201639
20.42,-4.21756792068481,-9.47213649749756,-0.900220453739166,-34.6408001871479,52.5495527758267,-16.6467846395125,-1.89438855648041,-9.83953857421875,-1.0831413269043,-37.2058572393787,-10.8144741544076,-17.8503920373157
20.425,-4.01703929901123,-9.64864063262939,-0.781597375869751,-33.4414770255016,49.8549885067434,-15.8398370626632,-1.76158273220062,-9.74831295013428,-1.16313552856445,-38.2032765940648,-8.84608364504887,-17.6624457219244
20.43,-3.83400344848633,-9.67710208892822,-0.683283150196075,-32.1677901792668,48.2678881851588,-15.2989287690805,-1.6874543428421,-9.63064861297607,-1.1911119222641,-39.1372298309832,-5.8488254556312,-17.5030991161353
20.435,-3.67525863647461,-9.57431793212891,-0.609826326370239,-31.0762917989529,47.7044590503352,-14.981225934932,-1.68686199188232,-9.48832035064697,-1.18627393245697,-40.0979027679346,-1.97650349343219,-17.4676811701942
20.44,-3.55366897583008,-9.35869979858398,-0.570185244083405,-30.6007330478016,48.0870520966935,-14.8280179616594,-1.8002701997757,-9.31654071807861,-1.17713963985443,-41.2545065114171,2.5495164508783,-17.712997659519
20.445,-3.44801998138428,-9.13102340698242,-0.574669718742371,-31.1355300296244,49.327503242427,-14.7313998132077,-1.98125457763672,-9.24673938751221,-1.04508030414581,-42.554831095415,7.09623442969486,-18.3807340282524
20.45,-3.35780763626099,-8.97664070129395,-0.60871559381485,-32.127604761285,50.8344034827773,-14.5611949141856,-2.10750818252563,-9.30495548248291,-1.04129946231842,-43.3315021512209,9.98548641088029,-19.5186486666184
20.455,-3.28041911125183,-8.9281120300293,-0.662149369716644,-33.3835570213399,52.4287301445038,-14.2423992497698,-2.10089707374573,-9.48721599578857,-1.15862655639648,-43.7193851790913,10.6406816985239,-21.108312016689
20.46,-3.20960164070129,-9.05874729156494,-0.7124342918396,-34.565879842142,53.8126767345101,-13.5906378397314,-1.76652014255524,-9.78377628326416,-1.29586398601532,-44.3181605428696,7.79161342777292,-23.1198180951834
20.465,-3.13513231277466,-9.23510360717773,-0.732355415821075,-35.4026872984953,54.6892973635354,-12.498771482976,-1.04369604587555,-10.0607118606567,-1.16300201416016,-45.790052648629,4.03249374021722,-25.3754197666884
20.47,-3.06742668151855,-9.45254421234131,-0.712207019329071,-35.914780731517,55.0061669146052,-11.2260280566203,-0.288906931877136,-10.250768661499,-0.984579086303711,-47.2224252798508,1.76078925741367,-27.7047157642433
20.475,-3.00883960723877,-9.71101570129395,-0.645263373851776,-36.0864370457378,54.6907043825044,-9.8677382184575,0.406161427497864,-10.3417940139771,-0.822566568851471,-48.4725957847732,1.95562488579993,-29.9990514385314
20.48,-2.95994520187378,-10.0149021148682,-0.509843170642853,-35.8234747626923,53.4566189730774,-8.60955248654404,0.970124006271362,-10.3443260192871,-0.741626739501953,-49.7873115773523,6.78878840524554,-31.9217975012142
20.485,-2.92655491828918,-10.2124795913696,-0.385882288217545,-35.370834711301,51.7786805506262,-7.41846226416855,1.34141039848328,-10.3195962905884,-0.773887753486633,-51.6001120849654,13.3650290074831,-33.0624971492143
20.49,-2.89989042282104,-10.3156490325928,-0.281714349985123,-34.9934633445632,50.124804884621,-6.494588252031,1.43207502365112,-10.2884521484375,-0.793625473976135,-53.4996730705105,19.8209852826817,-33.6592883430387
20.495,-2.87065410614014,-10.3254251480103,-0.193701431155205,-34.807811972733,48.7012910087527,-5.97343073109386,1.20021235942841,-10.2558345794678,-0.732129871845245,-55.3040348794041,25.3021352519888,-33.8539794702354
20.5,-2.78692364692688,-10.2408075332642,-0.0648750811815262,-34.9981522694284,47.8657232317338,-6.32184849905314,0.622583627700806,-10.2055463790894,-0.388593196868896,-56.667074260361,28.1266148417277,-34.262079858049
20.505,-2.60363221168518,-10.1165733337402,0.118007078766823,-34.956235398492,47.6858365395632,-7.27514355104052,-0.112273298203945,-10.1246662139893,-0.0559742711484432,-57.5800861372841,29.0287650103232,-34.9060915647004
20.51,-2.33906722068787,-9.98668193817139,0.326206982135773,-34.6181615251439,47.8484189474716,-8.45783947092607,-0.911354303359985,-10.0477733612061,0.131088137626648,-58.4037044983501,28.3952530119734,-35.8803565781002
20.515,-1.99947106838226,-9.87332344055176,0.546381235122681,-33.9095635497009,48.1836378017466,-9.70816109378391,-1.71625125408173,-9.99500179290771,0.102421939373016,-59.3632641144668,26.2952959837274,-37.2653481870495
20.52,-1.60475695133209,-9.85899639129639,0.786043643951416,-32.395006667291,48.2675330153219,-11.4517658086892,-2.29493284225464,-9.99626541137695,0.0195536352694035,-61.1778882825883,21.8369617199878,-39.2832797660056
20.525,-1.23007369041443,-9.93981266021729,1.05745220184326,-29.8450545784097,48.0725652654639,-13.7351825718155,-2.62143516540527,-9.98113346099854,0.112430959939957,-63.1529399339351,16.2336060060509,-41.2052915833526
20.53,-0.926524102687836,-10.0848197937012,1.31365764141083,-26.2484238105482,47.6711106517127,-16.2273854112643,-2.76922369003296,-9.92226600646973,0.245364457368851,-65.0691631659605,10.3635220135149,-42.8942436858404
20.535,-0.739137053489685,-10.2733097076416,1.51636123657227,-21.5320467075128,47.1081425546581,-18.6776833326078,-2.78582882881165,-9.7952299118042,0.312808841466904,-66.7484266451106,4.90942727728386,-44.2267248004507
20.54,-0.779767572879791,-10.4152002334595,1.54223024845123,-15.0816775270553,46.5661533836393,-20.7150621676782,-2.6885666847229,-9.59774875640869,0.098886601626873,-68.6017233443127,1.47491318380667,-45.2413494016561
20.545,-0.948428452014923,-10.4777240753174,1.42163717746735,-8.04821168205925,46.1813815069358,-22.3037419705084,-2.43982791900635,-9.45047187805176,-0.106678672134876,-70.816760522337,-1.82503828561504,-46.3366692728106
20.55,-1.22681272029877,-10.4720449447632,1.17101716995239,-0.836156400587162,46.1183388608965,-23.386120340733,-2.09053182601929,-9.36956310272217,-0.275131285190582,-73.2750139065163,-4.99754312087937,-47.534971321176
20.555,-1.60035943984985,-10.4069423675537,0.8010174036026,6.05999953684236,46.6084800659258,-23.8508873929957,-1.69691908359528,-9.38043308258057,-0.367487519979477,-75.8462864308918,-8.04173751649972,-48.8721857568811
20.56,-2.00990343093872,-10.3767080307007,0.409454733133316,11.8543866772413,48.4270691588605,-23.5034646982211,-1.14507269859314,-9.55373477935791,-0.495429456233978,-78.6304286309399,-8.65295663117218,-50.5219257433438
20.565,-2.35183095932007,-10.3828258514404,0.0953159853816032,16.7159146916495,51.2166550196771,-22.8286642063387,-0.468166768550873,-9.85012912750244,-0.595496118068695,-81.7528701005788,-6.85021528465923,-52.7473789598524
20.57,-2.63653349876404,-10.4381647109985,-0.13853694498539,20.6844424296291,54.7522273114533,-22.0277698846413,0.250854730606079,-10.2442712783813,-0.607371985912323,-85.1434238158973,-2.31308134190866,-55.5461582552919
20.575,-2.88858151435852,-10.5721321105957,-0.288649946451187,23.723714393292,58.7236032383168,-21.4178442370429,0.862760126590729,-10.7025690078735,-0.41417208313942,-88.6841255797402,5.85541274619886,-58.9463835184751
20.58,-3.16632461547852,-10.812726020813,-0.327095717191696,26.3418010342387,61.6996805842314,-21.4422826538932,1.22729766368866,-11.1543884277344,-0.19355745613575,-92.1029357876551,15.8680986779014,-62.3236183649121
20.585,-3.4400851726532,-11.0907430648804,-0.268603265285492,28.8500975069194,63.4455520681676,-21.7866095654265,1.39213073253632,-11.5795764923096,-0.026169316843152,-94.941589727469,24.4752179095537,-65.0074933879444
20.59,-3.71151876449585,-11.384726524353,-0.128682568669319,31.1975515623827,63.9420726698817,-22.3034226591647,1.34320080280304,-11.9593505859375,0.119181483983994,-97.371224619026,31.8008211906349,-67.004995871093
20.595,-3.99602174758911,-11.6588764190674,0.0603052303195,33.1077608128439,63.1053608361768,-22.6939523853385,1.00284516811371,-12.2422771453857,0.360547721385956,-100.019131865889,39.2709990858779,-68.5178281307375
20.6,-4.29538440704346,-11.8969383239746,0.271796584129333,34.3734699981282,60.8265228611154,-22.55671680944,0.420058250427246,-12.429126739502,0.741263210773468,-103.282083987133,46.7889541543651,-70.0132229174309
20.605,-4.58927392959595,-12.1340045928955,0.533848583698273,35.5840424813375,57.1440024644409,-21.9303577266986,-0.215961217880249,-12.5983009338379,1.1164299249649,-106.560725052901,52.2444038293727,-71.5020948734669
20.61,-4.86184978485107,-12.3905925750732,0.860810041427612,36.8958486133301,52.3028019467763,-20.8839778684945,-0.836975693702698,-12.7918615341187,1.45841109752655,-109.771433057184,55.1114850165122,-73.0620554383845
20.615,-5.05951738357544,-12.7273530960083,1.29158496856689,38.4492931777795,47.4078375950599,-19.701419406166,-1.31374156475067,-13.1276807785034,1.78313338756561,-113.123259599909,55.04645137033,-75.0442924487381
20.62,-5.18997001647949,-13.1348867416382,1.68962121009827,41.2868167212858,40.9258275632723,-18.1864902784464,-1.62158215045929,-13.6472511291504,2.11272168159485,-116.305103224759,52.317271702533,-77.1725589035465
20.625,-5.28457832336426,-13.5520420074463,2.0187554359436,45.5975198612101,32.5900632096083,-16.1673907371422,-1.79057383537292,-14.175820350647,2.42183423042297,-119.431840883386,48.398262836036,-79.3728428729636
20.63,-5.34802722930908,-13.9487962722778,2.25530600547791,51.5507673833066,22.383342702643,-13.5786218294341,-1.83369934558868,-14.6584758758545,2.70108270645142,-122.568714542741,44.0470737498064,-81.6076671090135
20.635,-5.34048652648926,-14.2507314682007,2.32649850845337,59.6130851135492,11.3648507977272,-10.4946454238798,-1.80682218074799,-15.1342468261719,2.95016312599182,-125.935137199722,41.567984873564,-83.7629059808543
20.64,-5.28341388702393,-14.4674310684204,2.25400853157043,69.4067431002688,0.667399875195043,-7.28471264606771,-1.75634610652924,-15.7155628204346,2.91722106933594,-128.664699358112,37.9851647482042,-85.7740415215862
20.645,-5.17636442184448,-14.6355352401733,2.08077120780945,80.4829125376308,-9.38950630201978,-4.03278103504919,-1.5868147611618,-16.3493881225586,2.6365373134613,-130.608953686492,32.9500824807596,-87.6804292812068
20.65,-5.01740550994873,-14.7707576751709,1.82696974277496,92.6542345065126,-18.6810813517199,-0.798954814777336,-1.23011076450348,-17.012336730957,2.14908719062805,-131.701756632937,26.4248236911475,-89.4843915240339
20.655,-4.82596874237061,-14.8564414978027,1.54875922203064,105.529667016553,-28.6370007274569,2.09046584006409,-0.486012876033783,-17.7348384857178,2.11449766159058,-132.947788043222,22.4902880971198,-90.9590088752721
20.66,-4.68239974975586,-14.8758974075317,1.32621288299561,118.553014103259,-40.5517722533766,4.5902568062374,0.411978989839554,-18.3874378204346,2.41828560829163,-134.463407020048,20.4268862413116,-92.1174840905872
20.665,-4.57926273345947,-14.8396043777466,1.16161751747131,131.885707287664,-53.7804348265331,6.95951965572059,1.32020723819733,-18.8972759246826,3.04567933082581,-136.43660769013,21.2692637169331,-93.2784250041926
20.67,-4.51311540603638,-14.7524900436401,1.06034111976624,145.675203523759,-67.8900927648783,9.39648675535153,2.12495875358582,-19.197624206543,4.00473403930664,-139.045056934158,26.0188218789563,-94.6955663135652
20.675,-4.34580612182617,-14.4017868041992,0.644937992095947,158.352663000706,-76.4995462136793,12.7830277345327,2.20383524894714,-18.9652576446533,5.51200389862061,-141.301929020848,46.2010217158941,-96.8068392577187
20.68,-3.97882914543152,-13.9072189331055,-0.105040080845356,167.757560280247,-79.2733748280807,16.3318975508493,1.66397714614868,-18.3460273742676,5.65351676940918,-138.887716696437,75.123754869542,-99.0764837981572
20.685,-3.33591556549072,-13.4228706359863,-0.8262779712677,174.014013559979,-80.0212805421971,19.5030553447432,0.410306721925735,-17.4125366210938,4.24570560455322,-131.793089922518,107.886266695315,-101.804556975309
20.69,-2.30001282691956,-13.1431198120117,-1.06009197235107,177.035757550684,-83.3739881793246,21.5889285229207,-1.73154163360596,-16.2318267822266,0.938757479190826,-119.646322483703,138.626598564468,-105.403281196151
20.695,-0.630352437496185,-13.3139238357544,0.144279986619949,180.719360532342,-99.0497026264216,21.8338539839155,-4.86417150497437,-15.3684482574463,-1.06587505340576,-113.55841095193,173.566431263668,-107.43501658742
20.7,1.34021067619324,-13.5990991592407,1.68622076511383,186.429931433228,-118.298644198189,21.1493887743575,-7.95876836776733,-14.7310962677002,-2.58028149604797,-111.659809607963,194.579617528239,-108.75169947448
20.705,3.50730276107788,-13.8897380828857,3.03997564315796,193.621109761254,-138.858961600031,19.8164449144309,-10.6019163131714,-14.2547817230225,-3.81568074226379,-112.265340028831,192.571869761335,-109.88955434869
20.71,5.72888660430908,-14.0154466629028,3.30542349815369,201.269938084428,-157.504134939737,18.2030705626566,-12.0710754394531,-13.8429298400879,-5.05742502212524,-112.642421112529,149.79666261235,-111.756067463936
20.715,7.62145376205444,-13.8138570785522,1.46328461170197,205.68583296776,-171.693060638495,17.523646032706,-12.1270809173584,-13.3490610122681,-5.61290979385376,-112.382395810827,94.0513018899146,-110.179892029929
20.72,9.01357173919678,-13.5335607528687,-1.17579996585846,209.4586245596,-185.41310751111,17.8555266320242,-11.6707534790039,-12.788046836853,-6.82436323165894,-109.579839420776,38.508408465046,-102.748413986524
20.725,9.7914342880249,-13.2097539901733,-3.99543070793152,213.734391281919,-195.962047816249,19.2593234593059,-10.7209558486938,-12.2104625701904,-8.7374439239502,-102.947780378207,-19.4028701299975,-88.7483088673708
20.73,9.63046264648438,-12.8504695892334,-5.6954550743103,220.951141838198,-193.740733694378,21.980680852956,-8.96012687683105,-11.7565250396729,-11.0606746673584,-89.0870794200143,-92.1667843960163,-66.3846166189699
20.735,8.754150390625,-12.3341302871704,-5.6467661857605,224.258893170209,-163.675661647329,25.6939968650507,-5.43029069900513,-11.234001159668,-12.4102783203125,-74.5970175109398,-167.814906548519,-41.5541161744543
20.74,7.65336751937866,-11.9163885116577,-4.89847946166992,220.606872983273,-120.491845261437,29.7126820972003,-1.34303331375122,-10.3428859710693,-12.6869335174561,-65.8253470693509,-219.164951747591,-19.9837230773937
20.745,6.43196487426758,-11.7077960968018,-3.78871512413025,209.982349804778,-68.9304057075521,33.7983578247294,2.57348489761353,-9.00263118743896,-12.0409049987793,-64.8774807370932,-235.513282733584,-2.59946348984448
20.75,5.08371591567993,-11.9686069488525,-2.84625244140625,195.376482038326,-16.3917829419446,37.5251822434551,4.13276052474976,-7.13735103607178,-11.2727365493774,-75.2309683489437,-194.091996663013,12.004116376679
20.755,3.48009824752808,-12.3601694107056,-2.33899188041687,187.186279261159,33.6711933627621,41.0939151036518,4.05064678192139,-5.66646146774292,-11.7089653015137,-86.3085448052747,-185.249988933352,22.0201286105074
20.76,1.68777024745941,-12.6719369888306,-2.21966552734375,184.260089616942,79.802325167974,44.2806184080967,4.37367963790894,-4.62996816635132,-12.1951532363892,-90.690275082378,-208.60549295113,27.8425336137685
20.765,-0.218904867768288,-12.8239574432373,-2.45046496391296,185.594435373195,120.824789662718,46.7964537020737,5.77893161773682,-4.07634878158569,-12.1802949905396,-86.080484788888,-253.983589570159,30.2529807963996
20.77,-1.78116059303284,-12.7755699157715,-2.76193046569824,185.012434954019,152.311388000587,47.0420638895328,7.95372343063354,-4.17482042312622,-10.4185543060303,-76.1925701916223,-232.985675608572,35.4696402278344
20.775,-3.44265842437744,-12.5739850997925,-2.83578276634216,178.020151734623,171.196888376429,45.233795212434,10.0124006271362,-5.18838119506836,-8.22783756256104,-67.1586136557158,-178.470780295304,41.4137216360647
20.78,-5.206702709198,-12.2706880569458,-2.60461950302124,166.328397837935,175.531012235017,42.6668905940328,12.142107963562,-6.87140417098999,-5.99806118011475,-56.4297764131218,-112.580177598623,45.6247859763768
20.785,-7.03935813903809,-11.8951854705811,-1.99707639217377,150.778215437594,163.108919870758,40.0812883327786,14.3461246490479,-9.06436061859131,-3.97632455825806,-42.5312737729676,-45.3952608844131,46.8403001014506
20.79,-8.19584369659424,-11.5912618637085,-0.673941969871521,134.955508489369,127.322676469232,39.2497059711404,14.8346014022827,-10.5597124099731,-2.94524955749512,-24.8261496140143,40.5855987652411,47.441667522019
20.795,-8.71760272979736,-11.4148588180542,0.916797995567322,122.983416308387,83.2618159825855,39.2471685558637,13.1381034851074,-11.0293664932251,-3.05750441551208,-4.4255386835529,115.31774473872,51.9737097721867
20.8,-8.63086414337158,-11.3235416412354,2.45098114013672,114.948518372568,36.155684918638,39.3113108623593,10.1662559509277,-10.6030235290527,-3.84711623191833,16.4115648773283,171.828038836873,59.2022765557296
20.805,-7.9192476272583,-11.288745880127,3.66713833808899,111.160748175878,-10.0200565595907,38.8394404133598,6.56496620178223,-9.32905578613281,-4.98467969894409,35.9139098823978,203.450776505278,68.3101698894016
20.81,-6.40800189971924,-11.0628004074097,3.73263168334961,109.63058089612,-44.3734850751467,36.5430590974152,4.34912586212158,-7.43177795410156,-5.97536325454712,49.0488861658039,211.941849115385,76.2664864988202
20.815,-4.62152433395386,-10.6532545089722,3.08216381072998,107.997127495733,-66.7933283087143,34.0274218789241,2.93938231468201,-5.72031211853027,-6.76592826843262,60.0781117130004,213.973584506653,83.6740452197524
20.82,-2.7353789806366,-10.1157112121582,1.90402638912201,105.964982293114,-79.1926693128479,31.1578818236833,2.13904786109924,-4.2985315322876,-7.16822528839111,68.9545094451331,211.982666325865,90.2946500350834
20.825,-0.962480008602142,-9.5101842880249,0.394200533628464,103.132297938635,-83.204305789774,27.7380505024875,1.74788045883179,-3.31922793388367,-6.91599369049072,75.4533319875626,208.721182695292,95.7685070699041
20.83,0.310554265975952,-8.94961643218994,-0.869743466377258,100.080173266501,-80.1032769631831,23.502704839676,1.38212418556213,-2.79246377944946,-5.99615573883057,83.1557636353427,203.564048362474,102.654936017543
20.835,1.14972567558289,-8.43539619445801,-1.7668936252594,98.1694756575145,-72.803471306597,19.5135584681394,0.878156006336212,-2.42343091964722,-5.39427042007446,92.4637883418852,193.260216225889,111.405268948165
20.84,1.53011393547058,-7.96189069747925,-2.29583120346069,97.3868794126036,-62.3786765198116,15.9484046270679,0.203367531299591,-2.20575499534607,-5.15069150924683,102.416521434374,178.550611546323,121.424425630332
20.845,1.34926092624664,-7.52256536483765,-2.42783570289612,97.6826334338544,-50.2277904769264,13.0769879773526,-0.704782783985138,-2.17432332038879,-5.27584934234619,111.218893576282,160.717534038553,131.670884177888
20.85,0.752562820911407,-7.10794591903687,-2.29896402359009,97.8252546139134,-36.8791829517553,11.9762748180747,-1.77131187915802,-2.43813848495483,-5.24310827255249,118.002200327832,139.206618228785,140.994693451603
20.855,0.111177764832973,-6.67793035507202,-2.06673812866211,97.2036254371722,-22.876202322962,12.2078361601847,-2.60979151725769,-2.89880728721619,-5.15351152420044,124.370900936384,109.888850839206,149.087934863313
20.86,-0.47423055768013,-6.22414922714233,-1.75935113430023,95.5260216939903,-8.66282454697555,13.6074170532012,-3.0551917552948,-3.51782870292664,-5.01710939407349,130.76260562206,73.4957451299236,156.077431365527
20.865,-0.840699732303619,-5.73467969894409,-1.39470493793488,92.070068917369,4.68609119048184,15.9627992507437,-2.73221015930176,-4.23337364196777,-4.82213878631592,137.869116925135,33.0135690890949,162.34374743842
20.87,-0.986379086971283,-5.39497661590576,-1.0947185754776,86.8207748420798,15.14950984325,18.452891561739,-2.06545758247375,-4.79931974411011,-4.63602685928345,144.84683818122,1.66242076626544,168.735219897664
20.875,-0.997575104236603,-5.15001058578491,-0.818328619003296,80.9727805350933,23.2658441245437,20.8253663076794,-1.17212474346161,-5.38211059570313,-4.48510789871216,152.030011527539,-22.3985893924178,174.581848166817
20.88,-0.902919352054596,-4.98504447937012,-0.550062298774719,74.8786671915544,29.1546795476724,23.0144163234591,-0.0599147491157055,-6.05507135391235,-4.36078882217407,159.665384378048,-39.3134760323262,179.39479560698
20.885,-0.749719619750977,-4.8863377571106,-0.258777230978012,68.9891658249817,32.8356802272565,24.9652651994818,1.3524169921875,-6.99393892288208,-4.19662570953369,168.570202527317,-47.9134150276134,181.562738630677
20.89,-0.649333119392395,-4.87968587875366,0.0058437990956008,63.1501395563754,35.1777657540322,27.0733655207659,2.51948523521423,-8.0080041885376,-4.14753437042236,177.584317363685,-50.8045111598748,180.570407766922
20.895,-0.606095552444458,-4.92221975326538,0.228016272187233,57.2369135277206,36.6310524244925,29.4374186434596,3.42206406593323,-8.93025970458984,-4.2037181854248,186.463576945079,-50.126795884764,177.486536375527
20.9,-0.622712075710297,-5.00319766998291,0.395934879779816,51.2272657185527,37.3035733407395,32.0764739651583,4.03185701370239,-9.6512622833252,-4.3725848197937,194.875064190977,-46.6547580126472,172.864096571694
20.905,-0.694613993167877,-5.14228439331055,0.469177037477493,45.3048701609372,37.0439578503873,34.8074636330854,4.24148845672607,-9.77769088745117,-4.71401977539063,200.860495564442,-41.5914226677009,168.710685858166
20.91,-0.757966995239258,-5.33012914657593,0.485861033201218,40.0625872748311,35.7678189662404,37.1428145933395,4.24420642852783,-9.41464710235596,-4.9684944152832,206.210924250772,-36.3251624025135,165.233067721497
20.915,-0.804572582244873,-5.55010890960693,0.464973300695419,35.8518644439774,33.8991884923517,38.9283319103129,4.24805736541748,-8.80753040313721,-5.07690191268921,211.990985496274,-30.8656248592876,162.587530550276
20.92,-0.827101767063141,-5.79212427139282,0.4134641289711,32.8864148724114,31.54065245496,40.0425099337658,4.37041759490967,-8.09558391571045,-5.0015025138855,218.695581147828,-25.022831741354,161.006970134822
20.925,-0.788265109062195,-6.00015592575073,0.313639909029007,30.6426533338326,27.1028497398655,40.313111783398,4.74647760391235,-7.69795227050781,-4.770592212677,224.68960489927,-15.478931574467,162.366573930626
20.93,-0.698469877243042,-6.16335010528564,0.16134238243103,28.3573727828365,20.0351270810872,39.7550238565054,5.05001163482666,-7.70435285568237,-4.61374378204346,229.921079011014,-1.2699820022186,165.213683644633
20.935,-0.564154624938965,-6.29574584960938,-0.0360302291810513,26.2154596100664,10.9384651397317,38.3571095296464,5.15275859832764,-8.01111125946045,-4.59337472915649,234.45042333646,14.149519776115,168.754726917934
20.94,-0.387718319892883,-6.4066309928894,-0.275349169969559,24.3728453267262,0.166970804450132,36.059088968301,4.94034004211426,-8.55410003662109,-4.76751947402954,238.282678555214,28.1041930382298,172.400558953482
20.945,-0.184371843934059,-6.48132944107056,-0.566220104694366,22.8494143210372,-12.0373947658626,33.1653973641551,4.47430944442749,-8.99493312835693,-4.89459848403931,240.941042821696,33.6797959860217,175.128208658905
20.95,0.0209841933101416,-6.55436277389526,-0.867058455944061,21.5295041695943,-24.2783991784306,30.3383684063085,3.80610871315002,-9.39273357391357,-4.83339595794678,242.978925383218,34.5175835745209,177.296069720332
20.955,0.228694871068001,-6.62180471420288,-1.15601658821106,20.3787795114399,-36.0475083825633,27.6719257335853,2.9437301158905,-9.77413558959961,-4.61948537826538,244.747179397064,30.2257215114221,178.891519948177
20.96,0.439374923706055,-6.67829179763794,-1.40473067760468,19.3671192123343,-46.6694941457815,25.2964286289372,1.88227784633636,-10.1713390350342,-4.28581619262695,246.665806855677,19.9173029028099,179.854672243797
20.965,0.648938298225403,-6.64872264862061,-1.5802264213562,18.3696742444388,-54.3561480565789,23.092290725281,1.02066540718079,-10.4638614654541,-4.11428022384644,249.233247643928,1.86739314243194,179.181038006715
20.97,0.830895721912384,-6.56938648223877,-1.70220506191254,17.2609279289234,-59.8234754305531,20.7869550313345,0.419141918420792,-10.7088994979858,-3.99072289466858,251.554583056006,-17.726103084989,176.798818288376
20.975,0.988470554351807,-6.44209384918213,-1.77097976207733,15.9072954260008,-63.2218019011471,18.3637422251447,0.129200235009193,-10.9066171646118,-3.89923453330994,253.49484855391,-36.4277176929012,173.203679916849
20.98,1.12799203395844,-6.26140689849854,-1.77946984767914,14.0431020137516,-64.5428287885193,15.8073270697612,0.274862170219421,-11.0463218688965,-3.82506394386292,254.852608198638,-50.1814100773674,169.214617215129
20.985,1.25003397464752,-6.03392648696899,-1.68450665473938,11.4175098486807,-64.3141608852964,13.2373932624631,1.02084255218506,-11.1062412261963,-3.91302943229675,256.159223386861,-60.7877547073864,163.958267554428
20.99,1.30079853534698,-5.80372333526611,-1.49651145935059,8.24192011578904,-63.3204708138971,10.8614624408027,2.01991581916809,-11.1606998443604,-3.98968505859375,256.967863143078,-68.7004605589544,157.927770592818
20.995,1.26769351959229,-5.57947111129761,-1.22322344779968,4.5157402961662,-61.589987746161,8.73399682567438,3.11110830307007,-11.2261219024658,-3.97196507453918,257.054060130403,-72.5846593663465,151.876646459915
21.0,1.12602639198303,-5.37091970443726,-0.875612497329712,0.110319507926753,-58.8524957381441,6.9605535756062,3.96077108383179,-11.324257850647,-3.67271542549133,255.861317856022,-68.0259315670915,147.815648205858
21.005,0.899945735931396,-5.18367433547974,-0.445780962705612,-4.92981709950364,-54.5613405996244,5.66070240909519,4.14811754226685,-11.4004669189453,-3.07645678520203,253.775432725014,-56.7219001888287,146.792677113487
21.01,0.647163391113281,-5.03140926361084,0.0413466170430183,-9.58624392464647,-50.0190906317421,4.80422998434779,3.83662843704224,-11.4314231872559,-2.40406894683838,251.164661216668,-43.4742087086445,147.508426296991
21.015,0.387824892997742,-4.92731904983521,0.579347729682922,-13.8555492880113,-45.2598831199689,4.37665032390806,3.08684110641479,-11.40638256073,-1.7483719587326,248.058728314253,-30.2985859694877,149.424430962962
21.02,0.158230170607567,-4.91930675506592,1.16317570209503,-18.7402324974795,-39.1404297746093,4.3405741184857,2.01778388023376,-11.2985382080078,-1.32164669036865,244.22844018998,-21.8001418777196,151.327185061945
21.025,-0.0592622607946396,-5.04201412200928,1.81018829345703,-24.705815341217,-30.9403983552263,4.32851499261922,1.19287741184235,-11.1822052001953,-1.11015129089355,239.02976464663,-18.916125236533,151.847126382323
21.03,-0.26787531375885,-5.28188514709473,2.50682997703552,-30.5798121783739,-21.8638812030542,4.14357780244419,0.485321313142776,-11.0465002059937,-0.982455492019653,232.798091293207,-19.5628297452646,150.90621318264
21.035,-0.471557259559631,-5.64080715179443,3.24782419204712,-35.8303151971461,-12.222364826323,3.6692467777962,-0.160706058144569,-10.883752822876,-0.907807290554047,225.662988818266,-23.433866778126,148.372322283592
21.04,-0.695251226425171,-6.14187240600586,4.0158314704895,-39.4492670232152,-1.41558114475577,2.55808022743702,-0.872413158416748,-10.6673965454102,-0.980674266815186,217.996866456114,-32.9256235733418,143.76822836787
21.045,-0.969841003417969,-6.73550319671631,4.82764720916748,-41.2616884553294,10.642211660898,0.710724405430668,-1.34700620174408,-10.5021228790283,-1.28283190727234,210.581521319528,-46.8430492525916,137.978645838665
21.05,-1.29194724559784,-7.38571739196777,5.67165946960449,-41.4638552245726,23.3916391335824,-1.50605201623276,-1.5245498418808,-10.3020324707031,-1.60446333885193,202.734125736804,-62.7511472258199,131.654204855935
21.055,-1.66132259368896,-8.07728862762451,6.54446315765381,-40.059370255732,36.4896231124436,-3.88131347935451,-1.34490561485291,-10.0113611221313,-1.80787587165833,194.143250402545,-79.1066157594949,125.215071336662
21.06,-2.05809831619263,-8.82142353057861,7.46286678314209,-36.8585899314077,48.3832534953349,-5.73309942608956,-0.592012047767639,-9.47719955444336,-1.38838315010071,186.121876241282,-89.2716994332797,120.578110550654
21.065,-2.48201990127563,-9.65427589416504,8.46800327301025,-33.0044234657962,57.7687359621599,-6.99262558262764,0.313484638929367,-8.82783699035645,-0.905670583248138,177.090849856529,-96.2268674047254,115.473186183852
21.07,-2.89903879165649,-10.4730157852173,9.4340934753418,-28.5077223219415,64.3014635636294,-7.60840555611837,1.25450611114502,-8.07589054107666,-0.46679151058197,166.53951898518,-100.037033791704,109.123343727598
21.075,-3.28163290023804,-11.1949338912964,10.258638381958,-23.3377830919768,67.5325050410714,-7.50004716625706,2.14004230499268,-7.22512197494507,-0.159635305404663,153.968378232854,-100.561312282205,100.833980264061
21.08,-3.8289999961853,-11.9997978210449,11.1585521697998,-17.0748769910268,65.605756487535,-6.02774354160016,2.84422612190247,-6.25920343399048,0.0184353590011597,140.463946771958,-90.9115527209189,91.2137476105569
21.085,-4.54575300216675,-12.832371711731,12.1525688171387,-11.6180971366783,61.7021462825218,-3.50840372024862,3.34339022636414,-5.3008074760437,0.15529365837574,124.936058109067,-76.9539108878361,81.3566918079613
21.09,-5.34464454650879,-13.5489978790283,13.1105785369873,-7.29185702393955,56.7249362079148,0.0245902701649461,3.62533164024353,-4.41256284713745,0.285288959741592,107.26976699064,-60.0613299382097,71.3955507526039
21.095,-6.12237405776978,-13.960262298584,13.8663415908813,-4.59071613645908,51.7264159430972,4.60727038057307,3.65800833702087,-3.6785523891449,0.451050192117691,87.1561439605166,-41.7329954137223,61.4891058521199
21.1,-6.62452125549316,-13.8649978637695,14.0902423858643,-2.88516091131601,46.5423160234359,9.88516629989843,3.34992456436157,-3.26890563964844,0.327557891607285,65.4376791924393,-23.9107830293748,51.2939112893791
21.105,-6.78885889053345,-13.4516515731812,13.8144254684448,-2.0050861275614,40.217577927477,14.8872766828984,2.94767379760742,-3.0460216999054,0.0857715532183647,43.2118269916785,-6.40794516797527,40.608336464988
21.11,-6.6262149810791,-12.7694711685181,13.1035070419312,-1.83094938745487,33.2260221232281,19.1889007938685,2.40248394012451,-2.98698616027832,-0.271751970052719,20.6513416253639,10.3534329703371,29.6013978250533
21.115,-6.12923383712769,-11.86363697052,12.0307340621948,-2.22846511648914,26.4957330075633,22.013815808167,1.58094036579132,-3.08011364936829,-0.770346820354462,-2.06721331480842,25.4759089248522,18.5807287973395
21.12,-5.48389101028442,-10.9358282089233,10.8887624740601,-2.62046290644769,15.8333108169113,23.9790695531493,0.314758688211441,-3.33391165733337,-1.30952858924866,-23.6803700128191,34.5940202215225,8.62496053953794
21.125,-4.79839086532593,-10.0995931625366,9.69816780090332,-3.71869990870803,0.338294840639942,25.5509897793036,-1.08603167533875,-3.67943668365479,-1.73367500305176,-43.7714073149047,37.4165549148952,-0.437404060467574
21.13,-4.08590793609619,-9.38747024536133,8.47524166107178,-5.99196999893539,-19.5103892603645,26.6293110171612,-2.53640913963318,-4.11467409133911,-2.07730102539063,-62.1810381659881,33.5190065027704,-8.66025981094221
21.135,-3.34297013282776,-8.86411190032959,7.25696039199829,-10.6520351804717,-42.3878637060594,26.707902588846,-3.90628337860107,-4.66698694229126,-2.49008297920227,-78.4445586930564,21.1614064922021,-16.0617089276619
21.14,-2.53211688995361,-8.60402011871338,6.1275463104248,-17.1938930373143,-63.5320359234383,26.578801768249,-4.9170823097229,-5.32785654067993,-2.93512654304504,-90.1281846646318,7.69158616115173,-21.4854887230355
21.145,-1.68915724754333,-8.51585578918457,5.02812385559082,-24.3374632392783,-80.3559803020953,26.5907289860871,-5.5177960395813,-6.00436496734619,-3.37104797363281,-100.587451416158,-8.95472207266616,-26.7156343629864
21.15,-0.83355712890625,-8.5767822265625,3.96676063537598,-31.7308151667369,-91.7057876081755,26.8643105057447,-5.65119981765747,-6.66568517684937,-3.81179785728455,-110.867152494405,-29.8263432751785,-32.28071028172
21.155,-0.0203492064028978,-8.77156829833984,3.03997445106506,-39.0117148597004,-94.7835459802641,27.6137649652554,-5.10126209259033,-7.26087808609009,-4.36386203765869,-122.487462612374,-57.7535251308782,-38.8632777735631
21.16,0.697164356708527,-9.02333545684814,2.19010257720947,-43.7144093862809,-90.9621439321012,28.7054819116227,-4.24936628341675,-8.01272583007813,-4.30623340606689,-131.576955416422,-80.47962721664,-43.3053630172672
21.165,1.25588619709015,-9.24001693725586,1.45522809028625,-44.9951279122663,-83.1061832921576,30.0858768032606,-3.40438103675842,-9.28168678283691,-3.23050951957703,-137.620948831832,-95.4726505958159,-45.0704136723927
21.17,1.63555908203125,-9.38471603393555,0.850034415721893,-42.3469577031202,-72.3604515766516,31.7816727552968,-2.62214422225952,-11.2198305130005,-1.09867966175079,-139.422984961313,-103.074425745797,-43.8410718293442
21.175,1.88733887672424,-9.42422294616699,0.358514964580536,-34.8904879975415,-61.0142369500748,34.0818584866091,-1.49824833869934,-13.9231805801392,1.01570320129395,-129.588482443357,-114.915760785308,-39.2231911767824
21.18,2.22600746154785,-9.36926460266113,-0.0353118851780891,-26.2895620399192,-50.4268665855702,36.8223967589958,-0.469539135694504,-16.5311431884766,3.2207202911377,-111.876224151815,-116.420205572652,-32.3587759288387
21.185,2.65236568450928,-9.24806499481201,-0.227758526802063,-17.8332926587285,-38.9701394982226,39.7328052511354,0.114750854671001,-18.6226062774658,5.32042598724365,-90.3215473200349,-107.613079619082,-23.7310397711768
21.19,3.16815662384033,-9.07922172546387,-0.155786037445068,-10.2352092259934,-25.4565180177986,42.6454779509848,0.0349354185163975,-19.900447845459,7.11252355575562,-67.0708730456378,-89.3774580823882,-13.4920227147212
21.195,3.70945978164673,-8.9956693649292,0.128893598914146,-3.94753899354696,-4.84750179406076,44.9433755689251,-0.901210308074951,-19.533597946167,6.92246198654175,-46.2665061545616,-87.6802243755317,-1.55119636499537
21.2,4.09907341003418,-8.98696422576904,0.262799501419067,0.941306362446715,17.8228475919403,45.8489186339908,-1.77680277824402,-18.1656055450439,5.93756866455078,-33.4262696093146,-97.1673981138144,9.67938209171606
21.205,4.24259328842163,-9.02937507629395,0.220901489257813,4.19162306061336,37.9797859742328,45.3081247460767,-2.19373893737793,-16.2003231048584,4.56157827377319,-27.7767179109263,-115.62980242152,18.2956213334575
21.21,4.04981327056885,-9.10714244842529,-0.0274859815835953,5.5123080116402,51.8283018749463,43.1894820278088,-1.80708074569702,-13.9226102828979,3.09188723564148,-29.1424842449093,-141.858644079718,22.6219621914866
21.215,3.27666449546814,-9.04018211364746,-0.622363924980164,4.36627612033246,53.2761107336923,40.8130099136566,0.108919478952885,-11.8853921890259,2.14720106124878,-35.4488013206767,-174.463617592284,18.6038814310786
21.22,2.28715467453003,-8.87964820861816,-1.61042284965515,-0.655591171811178,48.8155532433779,37.8530108330482,2.89772868156433,-10.2080268859863,2.15705919265747,-41.0829868009797,-195.699795872878,13.0923798086472
21.225,1.11701798439026,-8.78257846832275,-2.93240237236023,-10.4285411455452,38.6773736847337,33.8749686415548,6.26280879974365,-9.03447818756104,2.66267871856689,-46.0179726461378,-204.043746208262,5.91599780479734
21.23,-0.202742382884026,-8.95116233825684,-4.53953313827515,-26.4177117566742,22.7147503113612,28.2546416150777,9.87591552734375,-8.58438301086426,3.12577557563782,-50.1659772649378,-196.589701219839,-3.26875522071791
21.235,-1.77044761180878,-9.9138822555542,-5.56666898727417,-43.8797307000465,3.46911497803883,20.9521294960329,12.0433769226074,-8.91916751861572,1.61370253562927,-55.6160618263524,-169.90249922682,-13.6853008465332
21.24,-3.42823457717896,-11.3834562301636,-5.48109769821167,-56.3803292586255,-8.80835538762101,13.6229249977117,12.4727649688721,-9.49812316894531,-0.281836032867432,-62.7285529600455,-126.019408073701,-19.2596717989536
21.245,-5.03418207168579,-13.3167676925659,-4.12717962265015,-63.0579046818235,-11.5704275389135,6.74819402968722,11.2607879638672,-10.2014694213867,-2.20772671699524,-71.1486120933513,-69.5534350730731,-19.4756372578675
21.25,-6.33054780960083,-15.7111673355103,-1.13258481025696,-62.3442865173406,-0.068216641067528,1.11319116783955,8.44868564605713,-10.872260093689,-3.66565489768982,-80.3036269021071,-7.70604396407735,-13.4303913565192
21.255,-6.59890651702881,-18.2535915374756,3.10399007797241,-53.3345976435551,9.16545304535491,-2.43594406535932,4.87703227996826,-11.1893253326416,-4.9592456817627,-88.4387783545642,38.5226289188979,-7.06985282402568
21.26,-5.96128988265991,-20.202356338501,7.06013536453247,-37.6718127445569,2.35505968454756,-4.73074312529398,1.67530941963196,-11.3316202163696,-5.78515720367432,-95.8979596452434,70.7086249673974,-2.48821571652084
21.265,-4.62090015411377,-21.3448295593262,10.1854467391968,-16.0621802107146,-22.0330888944575,-6.16333603011643,-1.12230086326599,-11.3968839645386,-5.97029685974121,-102.218124929553,86.6165999972206,0.143698735782098
21.27,-3.06060409545898,-21.2588424682617,11.356819152832,10.5778251751395,-65.0493419569891,-7.49370618938635,-3.79034471511841,-11.5973625183105,-5.06317520141602,-105.823672509376,77.690826827578,0.913232577410671
21.275,-1.65158665180206,-19.8488025665283,10.2515096664429,33.8277173928767,-100.284081733983,-9.64773270264951,-6.17122173309326,-12.1632976531982,-3.69211363792419,-104.375597273252,37.6867879343122,-1.04648391186721
21.28,-0.644372820854187,-17.538932800293,7.55060911178589,49.5919749972791,-121.284652639157,-12.3269230696849,-7.41367721557617,-12.9100608825684,-2.69704008102417,-100.629395607851,-18.4269368428929,-5.45431202162397
21.285,-0.19854761660099,-14.496675491333,3.5072615146637,56.0620970848163,-125.224674582635,-15.4153100698957,-7.26242733001709,-13.7299900054932,-2.33500361442566,-95.9292965531554,-83.3519403286838,-12.0815809671507
21.29,-0.80831515789032,-11.0791692733765,-1.37829613685608,48.8939569848605,-105.366992401091,-18.6702145207504,-5.37740802764893,-14.3052930831909,-2.96563959121704,-93.7928543619104,-137.997538141909,-20.1423012869012
21.295,-1.84603428840637,-7.88972854614258,-5.73837852478027,32.2455006565486,-59.1191121723956,-19.977396614675,-3.00014138221741,-14.3805828094482,-3.9068648815155,-93.6785511461503,-168.539453015674,-26.320016145881
21.3,-2.79835772514343,-5.24413871765137,-9.33692932128906,9.67470597345554,-2.87586032810057,-18.8449375899085,-0.745717406272888,-14.0330076217651,-4.70567464828491,-94.1714039362801,-184.470459443378,-31.0726752137874
21.305,-3.40015935897827,-3.3423490524292,-11.9928359985352,-17.8262302431268,53.2915196404598,-15.0780489890588,1.12635052204132,-13.2821359634399,-5.18517017364502,-94.7052446916191,-188.176629370054,-34.3929531127356
21.31,-2.96348071098328,-2.77957963943481,-13.0967473983765,-50.6235623732882,71.3999220736727,-9.08110703929442,2.26216983795166,-12.1780729293823,-5.2115306854248,-94.4901620346554,-176.294162931361,-35.3190789528652
21.315,-2.0533082485199,-3.00829482078552,-12.6924800872803,-76.2308738924877,59.7348400656939,-3.74985624349386,2.83321309089661,-11.0608205795288,-5.29879570007324,-94.0720178536672,-152.152804668437,-33.1459142495476
21.32,-1.1841481924057,-3.72972440719604,-10.9827613830566,-93.6183020474816,26.4416942583974,1.17718715887652,3.0315990447998,-10.0722818374634,-5.35067462921143,-93.7612920577558,-121.638497419299,-29.1832809648218
21.325,-0.666494429111481,-4.81196784973145,-8.02297973632813,-101.182367723056,-24.233282363868,5.67705174753408,2.96052122116089,-9.30604362487793,-5.29973030090332,-93.6245585007613,-87.8394292548955,-24.1682316422128
21.33,-1.16042375564575,-6.22641611099243,-4.18963956832886,-88.0638692710222,-71.6112003152687,7.25637675252227,3.02499485015869,-8.9698371887207,-4.88223171234131,-91.8033568604691,-56.7997336095156,-20.7137968751345
21.335,-1.99722504615784,-7.61629152297974,-1.2837975025177,-60.7069603996943,-86.2921455210775,4.99748677181872,3.40057349205017,-8.8451452255249,-4.3883228302002,-88.2779615505562,-28.3722301518286,-19.6580237992743
21.34,-2.77115178108215,-8.94859790802002,0.445953249931335,-29.3494594673282,-76.2493632145709,0.286141010241605,3.86252403259277,-8.84866523742676,-3.96015024185181,-83.8758294984021,-0.37899479064571,-20.0175956930351
21.345,-3.15541362762451,-10.1935482025146,0.72974693775177,-1.89490535785216,-46.3152190637222,-5.92486082901908,4.23726463317871,-8.92194652557373,-3.71487617492676,-79.2018490870924,28.8868302642757,-21.0965248177289
21.35,-2.71724557876587,-11.2591886520386,0.142787456512451,6.98824913891695,-16.7151070217801,-11.5846206720088,3.86467814445496,-9.1243314743042,-3.69359469413757,-75.1062422645101,57.5969498743449,-19.6828242161507
21.355,-2.21012401580811,-11.9549036026001,-0.233065232634544,6.98266417861,6.36364584167904,-15.9550367407519,2.92309594154358,-9.37611293792725,-3.72875022888184,-71.8979111660583,81.6758733780652,-16.8086584152945
21.36,-1.76412630081177,-12.2415475845337,-0.462456881999969,0.941760783469933,24.608290485153,-18.8383481649068,1.55196189880371,-9.65162372589111,-3.7634015083313,-69.4355596683771,100.1084912308,-13.4873662332545
21.365,-1.54738473892212,-12.0384712219238,-0.615342855453491,-8.01365007108534,39.7668503290533,-19.871687484438,-0.106567427515984,-9.92044258117676,-3.72596764564514,-67.5990515741549,111.185084139891,-10.9577211505493
21.37,-1.50659394264221,-11.6321039199829,-0.937161862850189,-15.4356964770208,53.9994619177425,-18.2101244405219,-1.47037875652313,-10.3325481414795,-3.58001041412354,-65.7763472922453,110.57225907699,-11.6820029478739
21.375,-1.48718738555908,-11.1614608764648,-1.38589406013489,-21.2393287053482,63.9960175039464,-15.3864234923484,-2.45195865631104,-10.8374719619751,-3.41953492164612,-64.3638436813191,105.790081639038,-13.4914199505269
21.38,-1.47290217876434,-10.6448993682861,-1.8901242017746,-25.4434125923286,68.0819391182856,-11.8835567076391,-3.05853414535522,-11.3707265853882,-3.26374769210815,-63.1889077101043,97.3191034454696,-15.9863224222452
21.385,-1.44973373413086,-10.0977334976196,-2.32480430603027,-27.9242721951133,62.8106313433015,-8.38379851277584,-3.27353572845459,-11.8184194564819,-3.13963603973389,-61.9077076557825,84.8899554957981,-18.7099337783213
21.39,-1.44035756587982,-9.70935535430908,-2.33288812637329,-29.2135967594529,49.7447731592014,-5.83722139111817,-3.25685167312622,-11.9171848297119,-2.93966221809387,-59.5073947663325,68.5031773749678,-20.2004330269272
21.395,-1.42619943618774,-9.40136814117432,-2.07378077507019,-30.3103304797656,36.262351982906,-4.12854583674147,-3.08844327926636,-11.6930418014526,-2.71606469154358,-56.7762172682032,52.6059633081819,-20.2391328787645
21.4,-1.39467942714691,-9.15098190307617,-1.61157667636871,-31.5513826821461,24.7358135320517,-3.20383576676082,-2.76240062713623,-11.1812505722046,-2.50858736038208,-53.9189032515768,38.1899713855616,-19.2290537684517
21.405,-1.31437790393829,-8.92564010620117,-1.05630314350128,-33.56669829865,19.5617386225447,-3.01937604949746,-2.21812272071838,-10.4487743377686,-2.41531825065613,-51.2329586812259,26.6575811701359,-18.3268113923024
21.41,-1.1064201593399,-8.74860763549805,-0.562484502792358,-36.6193181594984,21.9627191629861,-3.23187518740761,-1.75778460502625,-9.88458156585693,-2.41724348068237,-48.6671059119568,18.415291370358,-18.0403669188904
21.415,-0.808437526226044,-8.63507461547852,-0.142600789666176,-39.6339041119536,27.0863838613239,-3.61099252125198,-1.45024025440216,-9.53093147277832,-2.49558234214783,-46.3194537810076,11.4396516144226,-17.4752882933823
21.42,-0.44381844997406,-8.58593559265137,0.184841305017471,-42.4033340845295,34.057812805636,-4.1799391682644,-1.29161059856415,-9.38601684570313,-2.62805676460266,-44.1636172676143,5.05262005879906,-16.3322117395511
21.425,-0.084077425301075,-8.59016227722168,0.345957785844803,-45.0364061605152,43.6464319285664,-5.27737469051432,-1.19493997097015,-9.39914894104004,-2.7294807434082,-41.9783631294659,-1.88656398932828,-14.1085155892065
21.43,0.194411933422089,-8.5842456817627,0.312073349952698,-47.2659404150529,56.3697219748445,-7.2781778625793,-0.975950360298157,-9.45508480072021,-2.71662139892578,-40.3588740508371,-7.14614646394155,-11.4573025307852
21.435,0.37665256857872,-8.56512928009033,0.11706418544054,-48.4341110838948,70.0600028830563,-9.89402334770465,-0.63543564081192,-9.52844619750977,-2.60509705543518,-39.1208510373535,-10.1651878341697,-9.05857936786443
21.44,0.443767428398132,-8.53378105163574,-0.232407122850418,-48.2436615041727,83.8800505553092,-13.0079484252221,-0.156794548034668,-9.60681915283203,-2.39375257492065,-38.2015622165831,-10.5100304249853,-7.27158502248295
21.445,0.310044080018997,-8.50963115692139,-0.735918402671814,-46.3908873144421,96.8515496760255,-16.3233734747651,0.564584910869598,-9.65632629394531,-2.05506038665771,-37.5105963744826,-6.814126699519,-7.03707730751973
21.45,0.0380484610795975,-8.52266597747803,-1.24424147605896,-43.9946691233995,107.713456079124,-19.2849195932205,1.4137110710144,-9.7115478515625,-1.81642925739288,-37.1684790291458,1.68541064940318,-8.06529654649439
21.455,-0.315175622701645,-8.57713603973389,-1.715500831604,-41.2658582858177,116.351138699765,-21.8405953806263,2.23702239990234,-9.76620006561279,-1.67548310756683,-36.9618623916583,12.3502097458864,-9.57135069716126
21.46,-0.72368323802948,-8.67823791503906,-2.11929941177368,-38.307095469449,122.520425105309,-23.9353358518938,2.92949223518372,-9.81369018554688,-1.63029050827026,-36.7873920394995,24.1384708004518,-11.1626439011226
21.465,-1.18115413188934,-8.83776950836182,-2.34337282180786,-35.2953440454994,125.139324538767,-25.477746245739,3.0853009223938,-9.79558181762695,-1.57097578048706,-36.6759165220557,41.1970441299298,-12.7510940388419
21.47,-1.56230652332306,-8.99756908416748,-2.42713785171509,-32.7174633131019,125.075612534189,-26.6219361204049,2.68729591369629,-9.75142955780029,-1.53917706012726,-36.7642001321727,62.3682946322732,-14.1963654823112
21.475,-1.92626249790192,-9.1769962310791,-2.38674974441528,-30.5606295920899,122.473173856631,-27.4918460885707,1.83263325691223,-9.70361423492432,-1.5302414894104,-37.0699467201792,83.5850273642997,-15.1786884113843
21.48,-2.31902527809143,-9.39266014099121,-2.22746610641479,-28.8404225439601,117.291068352207,-28.1693325523442,0.570681571960449,-9.6697244644165,-1.54186594486237,-37.6205590050252,101.612867716252,-15.4152059095108
21.485,-2.83196592330933,-9.65566062927246,-1.8817845582962,-27.7553906452429,108.921361373463,-28.654672134387,-0.873952865600586,-9.62701988220215,-1.47019326686859,-37.9377734806481,108.640401541954,-14.6398360047418
21.49,-3.30988574028015,-9.84916973114014,-1.50728833675385,-26.9858264012684,99.8774327613679,-28.9676040814003,-2.17837643623352,-9.55125331878662,-1.31582033634186,-38.0019670135624,109.132646445248,-13.9036227207108
21.495,-3.7311270236969,-9.9541187286377,-1.13310039043427,-26.4953795452737,90.8822648697579,-29.1911356823673,-3.27171111106873,-9.45679664611816,-1.13731598854065,-37.8604523241489,103.813759572505,-13.5738961923021
21.5,-4.06411838531494,-9.93974018096924,-0.795834958553314,-26.2598558396715,82.8479884811528,-29.4226961707037,-4.04866743087769,-9.36026954650879,-1.00641083717346,-37.5568435853527,93.1465818626438,-14.1434357851118
21.505,-4.24497365951538,-9.78354930877686,-0.484458148479462,-26.1823570982539,77.1616784121987,-29.66618899952,-4.38239765167236,-9.32273197174072,-1.02085375785828,-37.1354004229954,77.3314632545869,-15.7128092044793
21.51,-4.3530650138855,-9.56251811981201,-0.19893142580986,-26.1004853282203,72.8104790806854,-29.8290104640494,-4.56167411804199,-9.32792377471924,-1.02061140537262,-36.8645253657965,60.9875445707984,-17.2692658823526
21.515,-4.39894914627075,-9.29864597320557,0.0444663539528847,-25.9921448676055,69.6756066667571,-29.9157709419815,-4.59755897521973,-9.36728858947754,-1.01479506492615,-36.7090224489628,44.981979798114,-18.5893604489031
21.52,-4.38772630691528,-9.02100276947021,0.210452258586884,-25.8297810257506,67.7666097748736,-29.936924037841,-4.46552228927612,-9.4299201965332,-1.03692626953125,-36.5861063646592,30.5071833618345,-19.3314639173196
21.525,-4.35359001159668,-8.79115772247314,0.294169962406158,-25.5022478418391,66.4488545481139,-29.9606452848284,-4.02485752105713,-9.47457218170166,-1.11753213405609,-36.5676238727652,19.4528175958505,-19.7956999223743
21.53,-4.31318092346191,-8.62716865539551,0.337411403656006,-24.886900731587,65.1681667579798,-29.9566769449207,-3.43680143356323,-9.48796558380127,-1.20843470096588,-36.6491182748472,10.9865923601709,-20.3431993485061
21.535,-4.27045726776123,-8.53246307373047,0.336168080568314,-24.0169958860631,63.919389611648,-29.9075166583695,-2.76349639892578,-9.46979427337646,-1.3058774471283,-36.8286395518972,5.0341725716245,-20.9662577423311
21.54,-4.23067569732666,-8.51674365997314,0.25953796505928,-23.0107331439491,62.8919720661272,-29.7691677616363,-2.11933851242065,-9.42112731933594,-1.41704523563385,-37.1110439684151,1.91050145449165,-21.5180055461266
21.545,-4.2116174697876,-8.56330394744873,0.143094033002853,-22.3140179901147,61.7839514582111,-29.3907821118068,-1.67834579944611,-9.38340759277344,-1.43621671199799,-37.8026040369735,1.93589289617458,-21.6834241900878
21.55,-4.19094324111938,-8.65033054351807,0.0170685015618801,-21.8031574062382,60.5453444635534,-28.8282409015753,-1.35574173927307,-9.38010025024414,-1.37721335887909,-39.0519890701414,3.83856802109446,-21.784329989791
21.555,-4.16137361526489,-8.77183628082275,-0.118313580751419,-21.476250892183,59.2803934292671,-28.0963741791774,-1.12071108818054,-9.41330909729004,-1.26341009140015,-40.8358227454845,7.15204860115808,-22.0106551381286
21.56,-4.11127138137817,-8.92169761657715,-0.29223421216011,-21.4481514939376,58.5255482429539,-27.2085332568931,-0.914225816726685,-9.46938800811768,-1.19007039070129,-42.8963747048614,10.9712150430283,-22.9269386756641
21.565,-4.06489849090576,-9.09426021575928,-0.464629143476486,-21.8728441187925,58.2899340373452,-26.178422909292,-0.786055982112885,-9.56424140930176,-1.14692807197571,-44.7730169906466,16.5506104533568,-24.6121239288247
21.57,-4.02479314804077,-9.25557804107666,-0.600925922393799,-22.6965563949596,57.9400917480571,-25.0949807371041,-0.757871925830841,-9.70639133453369,-1.09522891044617,-46.2567492293323,23.0743614787097,-26.6609433307548
21.575,-3.98741698265076,-9.39549922943115,-0.687973141670227,-23.8869473767188,57.1580419182798,-23.9799421098158,-0.833688199520111,-9.89035034179688,-1.02902317047119,-47.2418127718098,29.9488188122806,-28.8832580753398
21.58,-3.91591143608093,-9.52896499633789,-0.724658131599426,-25.2334167187493,55.1704636999953,-22.7759368534935,-0.961031794548035,-10.0369682312012,-1.00942432880402,-47.5551340396058,34.4324008702871,-30.7815281551318
21.585,-3.80409383773804,-9.69301319122314,-0.708460628986359,-26.4486456834252,52.548958549369,-21.4385687385321,-1.16081941127777,-10.1544303894043,-0.974747836589813,-47.6567023676585,37.1949733329363,-32.0456766421907
21.59,-3.66842150688171,-9.84428215026855,-0.640634417533875,-27.4399895848446,49.6856920228808,-20.021751863145,-1.43448543548584,-10.2264251708984,-0.949739575386047,-47.5646245874576,38.1060830021755,-32.7682013733514
21.595,-3.51689553260803,-9.95713424682617,-0.520005643367767,-28.1287373230122,46.8075186085292,-18.5657826358882,-1.77966475486755,-10.2396001815796,-0.952684760093689,-47.3005250779153,36.9136446712126,-32.98307912464
21.6,-3.36105608940125,-9.9948148727417,-0.365160942077637,-28.202074771678,44.5140503682656,-17.3633022192981,-2.06628084182739,-10.1540298461914,-1.06796395778656,-47.2751884911891,32.1709184059067,-32.9647434818131
21.605,-3.19303154945374,-9.99082946777344,-0.213732212781906,-27.9296219407807,43.0149262982854,-16.2378219403161,-2.23216962814331,-10.0862321853638,-1.20977580547333,-47.5244801506108,25.7071586395813,-33.0412552608955
21.61,-3.01140689849854,-9.95347309112549,-0.0810317099094391,-27.3508983048583,42.4090270472027,-15.2520736713742,-2.25650954246521,-10.0359420776367,-1.3525984287262,-47.9211024055243,18.8789314414077,-33.1638434961189
21.615,-2.81422209739685,-9.88730049133301,0.0196066554635763,-26.4786028931249,42.829746209508,-14.4645391996934,-2.11406278610229,-10.0040197372437,-1.47618043422699,-48.3727623247697,12.7436423024574,-33.2965165056518
21.62,-2.61582064628601,-9.77136039733887,0.0907654240727425,-25.7305674054143,44.1875400051823,-14.2260178948192,-1.6965252161026,-9.95325469970703,-1.57050466537476,-48.9683923864353,6.96801214217985,-33.8427608845236
21.625,-2.41223239898682,-9.61450099945068,0.176332861185074,-25.0504103376752,46.3214618566235,-14.2241848428007,-1.2194117307663,-9.88923358917236,-1.60560810565948,-49.7089693075722,2.33186137391844,-34.8999922057715
21.63,-2.21133613586426,-9.42805862426758,0.274646997451782,-24.4063764329091,49.1493958145352,-14.5077333160046,-0.753375470638275,-9.81425189971924,-1.57886350154877,-50.495417779175,-0.249834472697741,-36.3987781813879
21.635,-2.02323865890503,-9.22400188446045,0.384600251913071,-23.7613367827877,52.6215429696787,-15.1597944005928,-0.388038635253906,-9.7303466796875,-1.48221206665039,-51.2067956416102,0.530544655455967,-38.2858569962249
21.64,-1.82840824127197,-9.0523738861084,0.439067810773849,-23.2570997748588,56.0588015185417,-16.0706667207584,-0.224028095602989,-9.63496398925781,-1.55906856060028,-51.7116695646792,3.3290320670301,-40.0576661235341
21.645,-1.61287081241608,-8.93645095825195,0.448382884263992,-22.8322449330111,59.3613106803642,-17.1695826865109,-0.22934901714325,-9.54602432250977,-1.66290831565857,-52.3386092135001,7.55552025514861,-41.3415777629564
21.65,-1.38911175727844,-8.88118743896484,0.414553582668304,-22.4098728649266,62.4569982990241,-18.423615663409,-0.419769912958145,-9.46275520324707,-1.72774398326874,-53.1183948355675,13.0066276373914,-42.0978402135223
21.655,-1.18139255046844,-8.89990901947021,0.335755586624146,-21.8510028813741,65.1980556657878,-19.7941443467908,-0.848020017147064,-9.38239860534668,-1.63986432552338,-54.0908703394048,19.4880255134746,-42.2348264875161
21.66,-0.998017370700836,-8.97469806671143,0.195406794548035,-20.7611744823123,67.9428423158383,-20.9182568803915,-1.27573776245117,-9.35050678253174,-1.54317772388458,-54.9960479893499,23.332827789734,-42.2154629012191
21.665,-0.881338894367218,-9.08339023590088,0.0201157424598932,-19.3569336927346,70.5026128016515,-21.9598368231564,-1.66727459430695,-9.38837337493896,-1.52463400363922,-55.9790829656439,23.8984460001865,-42.3937376687456
21.67,-0.836221933364868,-9.21397590637207,-0.16704735159874,-17.7332594156918,72.663985183367,-22.9599660553957,-1.99611389636993,-9.49365425109863,-1.58750128746033,-57.0982777630422,21.144517141932,-42.794516093769
21.675,-0.867922902107239,-9.34156227111816,-0.309724241495132,-16.0677570601719,73.8385659847449,-23.9747784868033,-2.19237923622131,-9.65790843963623,-1.71706986427307,-58.4828254096955,14.885511078998,-43.38166647558
21.68,-0.972037255764008,-9.47713184356689,-0.434458017349243,-14.2296455790421,74.2127988795591,-24.9512018399808,-2.09374952316284,-9.80108165740967,-1.77441203594208,-59.794303692608,8.62305320921221,-44.1930519678425
21.685,-1.15438985824585,-9.61756324768066,-0.576820373535156,-12.2339513884763,74.6770400072557,-25.8503159894902,-1.81344747543335,-9.91847133636475,-1.73366641998291,-60.9362293595641,3.90810276193977,-45.292428971364
21.69,-1.41342616081238,-9.75795459747314,-0.732915461063385,-10.1183318826897,75.4718691209701,-26.6953845596446,-1.39187979698181,-10.0147762298584,-1.61628830432892,-61.8376777262224,1.1478199067664,-46.6212183687279
21.695,-1.73606586456299,-9.87854862213135,-0.848991334438324,-8.04348775247454,76.8296492562661,-27.6338713346246,-0.904385983943939,-10.1166315078735,-1.54826438426971,-62.2641752285655,0.691321385463396,-47.8423127583536
21.7,-2.08469486236572,-9.97654438018799,-0.913715898990631,-5.96417582476849,77.1470208262399,-28.6865213064868,-0.522201359272003,-10.2052040100098,-1.6267614364624,-62.6541858603624,1.53463240920615,-48.847556094734
21.705,-2.42841005325317,-10.0457973480225,-0.964244663715363,-3.97258657789386,76.2387832515466,-29.6191563168953,-0.262699365615845,-10.255500793457,-1.75577664375305,-63.3411799474606,3.47698527695339,-49.5697256560578
21.71,-2.75214886665344,-10.0794124603271,-1.01197516918182,-2.14673251155983,74.0249891679512,-30.3136328762293,-0.134017467498779,-10.2555894851685,-1.88336586952209,-64.4434153851498,6.37870811634621,-49.972727307656
21.715,-3.02162098884583,-10.0463075637817,-1.04945755004883,-0.835261965971008,70.6816183994192,-30.4987514933041,-0.122807934880257,-10.1883306503296,-1.84535586833954,-65.9154782456384,9.3997737838896,-50.0234687830001
21.72,-3.26422929763794,-9.98374557495117,-1.08923780918121,0.0040760696334205,67.6974472793381,-30.5312290428076,-0.0999082326889038,-10.1263580322266,-1.7144718170166,-67.2913652124241,10.8597608699257,-50.5333697252982
21.725,-3.46735763549805,-9.93595218658447,-1.13307845592499,0.710106219949929,64.5159246733786,-30.5286608916796,-0.0046494430862367,-10.1136112213135,-1.58471500873566,-68.6345219127071,11.0071546446673,-51.5266499853473
21.73,-3.61936020851135,-9.92885589599609,-1.18044209480286,1.4550883462973,60.7717788949177,-30.5427993832616,0.203120470046997,-10.1789703369141,-1.50141882896423,-69.9888732930398,9.99370056713088,-53.0480916984406
21.735,-3.6699435710907,-9.99422836303711,-1.20084989070892,2.25417330819483,55.3747956392054,-30.422936393517,0.597424268722534,-10.3756589889526,-1.38644433021545,-71.5752393692886,9.50280291865101,-55.1903497957638
21.74,-3.66752934455872,-10.0864524841309,-1.17240512371063,2.85456870746693,49.7739995386599,-30.2624542687784,0.933213353157043,-10.5570697784424,-1.22315096855164,-73.3384048922032,11.2244929716044,-57.5570820601595
21.745,-3.62211036682129,-10.184962272644,-1.05811083316803,3.34755703416305,43.9412911950358,-30.1497390720002,1.19058120250702,-10.7270040512085,-1.02566742897034,-75.1369917761535,14.9947804453398,-59.9519307982736
21.75,-3.53900671005249,-10.2737722396851,-0.823264598846436,3.79921588619143,37.8401086057061,-30.1580684876931,1.34888243675232,-10.8877820968628,-0.803146123886108,-76.8606105037737,20.8085640423211,-62.2203185839048
21.755,-3.42507195472717,-10.2943229675293,-0.336818397045135,4.27484208546079,30.5692356304441,-30.2456280977581,1.27074503898621,-11.0200891494751,-0.736438512802124,-78.9503068803391,28.9358027206247,-64.082214491272
21.76,-3.3263840675354,-10.3242435455322,0.232704430818558,4.74866639544974,22.9509621585223,-30.3523668790124,0.949511468410492,-11.1224346160889,-0.630550682544708,-81.5246598200303,37.7417333910904,-65.8668472987479
21.765,-3.28793740272522,-10.4076366424561,0.838101744651794,5.3158213984655,15.6942481654098,-30.4885164548329,0.404895752668381,-11.2232398986816,-0.430346846580505,-84.3309386631784,46.1062016147414,-67.722432111322
21.77,-3.37089657783508,-10.604022026062,1.42282795906067,6.10301308002734,9.71765505673023,-30.6691817885689,-0.35551655292511,-11.3580951690674,-0.0592987947165966,-87.06946202976,52.5878769672597,-69.840637697483
21.775,-3.54860973358154,-10.8772134780884,1.78839957714081,7.83239734108071,7.08340648065993,-30.6904749033064,-1.20710492134094,-11.6217451095581,0.184256955981255,-88.8377570247413,54.8384447893464,-71.6287060901115
21.78,-3.75936388969421,-11.2846040725708,2.05435705184937,10.5122724345803,6.6281803488941,-30.1973625659882,-1.89759600162506,-12.0191202163696,0.434950292110443,-90.2629647875237,53.9015067597607,-73.4568881837354
21.785,-3.99282240867615,-11.8260889053345,2.25189685821533,14.3363245961412,7.9667147186563,-29.0214874437625,-2.35898017883301,-12.5311679840088,0.758157730102539,-91.8054878794902,50.0540441248196,-75.4066066634506
21.79,-4.23828554153442,-12.5095510482788,2.42034363746643,19.7911083277048,10.6803061872201,-26.8093616338719,-2.46483540534973,-13.1333379745483,1.27121198177338,-94.2839654538019,43.4046227413804,-77.605941236573
21.795,-4.34994792938232,-13.0764122009277,2.5579662322998,27.6249903811563,12.4409667382566,-23.5984367710829,-2.27713131904602,-13.7472972869873,1.63317286968231,-97.4486174925114,36.8976825191223,-79.4850423904594
21.8,-4.37269020080566,-13.5205202102661,2.6980984210968,37.1887783513591,11.9874934037865,-19.9480165559602,-1.95963215827942,-14.3347434997559,1.89426982402802,-100.63574085359,31.5421141154424,-81.4562486453034
21.805,-4.31547403335571,-13.8545074462891,2.83309936523438,48.4846305780908,8.97138005027817,-16.0289615856863,-1.55976343154907,-14.8945293426514,2.13339066505432,-103.897026408677,28.0038541442277,-83.6147250268109
21.81,-4.18078231811523,-14.1073532104492,2.92815399169922,61.9123726749856,2.60444952793859,-12.1105179173431,-1.1484512090683,-15.4347362518311,2.55976390838623,-107.630906412815,28.0185322207541,-86.1043563000372
21.815,-4.01038694381714,-14.3582849502563,3.00664138793945,77.5643658750952,-6.56660277843185,-8.49920565786061,-0.868427157402039,-16.0338745117188,3.14730596542358,-111.903900078332,31.6314905558266,-88.5642694201848
21.82,-3.83492469787598,-14.5688333511353,3.03315329551697,92.0931959378986,-15.4710546588067,-5.43418046593218,-0.700025260448456,-16.5848922729492,3.78255176544189,-115.915058442016,37.8217183213658,-90.8341666776226
21.825,-3.66223645210266,-14.6971168518066,2.95868968963623,105.215177786409,-23.3696544621914,-2.77537501191816,-0.68483692407608,-17.0565052032471,4.56203269958496,-119.598442857621,47.2211753552326,-92.812414857501
21.83,-3.49827671051025,-14.5861654281616,2.58999300003052,118.953823264133,-29.8832763170051,0.370012665000321,-1.03662145137787,-17.409740447998,6.04969453811646,-123.447268115301,63.8000320559021,-94.1851189561334
21.835,-3.31621193885803,-14.2124137878418,1.98185050487518,133.431884530836,-33.932868155149,4.69999532119787,-2.1191565990448,-17.5382328033447,7.70647716522217,-127.64906388891,85.5239268243695,-94.7202028059014
21.84,-3.03844809532166,-13.7636861801147,1.44423174858093,145.233372246729,-35.2512927404474,9.23339891344455,-3.60223913192749,-17.4635887145996,8.36348724365234,-129.879762690701,104.120209669996,-94.916277046405
21.845,-2.61996388435364,-13.3405332565308,1.13743412494659,153.155490098974,-34.2978871247728,13.4652116609079,-5.30550622940063,-17.2060394287109,7.57694005966187,-129.383016692744,115.543783019113,-94.857503268597
21.85,-1.93789637088776,-13.2496042251587,1.47379088401794,157.639195100385,-36.1647075985315,16.0027012158749,-6.59397840499878,-16.9187984466553,5.26096057891846,-126.991972369998,110.965684803372,-93.9309334661714
21.855,-1.07623684406281,-13.4457998275757,2.08962154388428,163.339684642056,-44.6038673558513,16.7053996154222,-7.34834575653076,-16.6034297943115,3.27316093444824,-126.275608469469,102.077764542109,-92.3704879578228
21.86,-0.0786177441477776,-13.8395080566406,2.67788672447205,170.938652584289,-57.3895443500083,16.2752974807447,-7.68377876281738,-16.2072143554688,1.45209097862244,-125.286323870084,90.343287812163,-90.8379710929904
21.865,1.03780162334442,-14.3809595108032,3.03961539268494,180.877820921086,-73.3867558013377,15.0948239336603,-7.65853404998779,-15.6948900222778,-0.295887649059296,-123.072154126084,76.7382749855496,-89.8080468680441
21.87,2.24270296096802,-14.8281736373901,2.53775811195374,192.732993923856,-88.96433409044,14.5116009106221,-7.64600896835327,-15.0133743286133,-2.28921103477478,-121.272467581678,67.777189737898,-91.5094538204835
21.875,3.18856835365295,-14.988260269165,1.66560482978821,204.205703653861,-103.754733077698,15.8207859575208,-8.09043312072754,-14.6376628875732,-3.6191349029541,-123.750733420125,72.9173237298719,-94.80398873645
21.88,3.89119625091553,-14.8702573776245,0.417340606451035,214.912844800557,-117.302706994553,19.1711269341008,-8.66056251525879,-14.4770822525024,-4.73405408859253,-126.932508743084,77.8325874038016,-98.6955846387131
21.885,4.34826898574829,-14.4643316268921,-1.23468935489655,224.50263530093,-129.169805507613,24.805978357848,-9.10044765472412,-14.4726343154907,-5.97769021987915,-128.015831386961,71.1067908450633,-102.428002982369
21.89,4.3980598449707,-13.6990413665771,-3.2539050579071,231.01437373108,-132.543823334951,33.182045950257,-8.14491271972656,-14.1152038574219,-8.31057357788086,-122.687737419218,19.8802730322247,-104.205880732756
21.895,4.13679790496826,-12.928279876709,-4.77953958511353,233.287843177454,-128.236145968829,42.2669386218989,-6.80232286453247,-13.7913274765015,-10.3461799621582,-115.766529148325,-44.386329245881,-101.346900149972
21.9,3.62793731689453,-12.274133682251,-5.77377510070801,231.041557883976,-116.911869909866,51.623256180968,-4.93706035614014,-13.5016613006592,-12.1081514358521,-107.042328521468,-111.713276328786,-92.864481389544
21.905,2.93215680122375,-11.8989658355713,-6.14822053909302,223.574084743645,-98.866844801962,60.7223146649485,-2.33853030204773,-13.2496671676636,-13.6051406860352,-96.1127622644511,-169.797341634358,-77.0865258407611
21.91,1.97591817378998,-12.0045747756958,-6.19288539886475,213.726358979455,-74.0659088312688,69.0262879031207,1.13693857192993,-12.7310447692871,-13.4202527999878,-89.151911575616,-192.772854907852,-54.6620653993146
21.915,0.875461399555206,-12.3264074325562,-6.10641717910767,205.023004089945,-45.3887482990395,75.9978824795202,4.04365587234497,-11.9469509124756,-12.4298295974731,-85.6400468704489,-194.485005747856,-33.6591517392553
21.92,-0.295611947774887,-12.7867441177368,-5.80847501754761,197.969781922775,-16.1587539629367,81.2848791990278,6.0281777381897,-10.8788280487061,-11.4430541992188,-84.6165088723766,-184.248300710434,-16.2961568784699
21.925,-1.41751480102539,-13.2807493209839,-5.10366582870483,193.327698494889,7.68847671753208,84.0991015521807,6.47592782974243,-9.4614953994751,-11.9012498855591,-84.5776997375126,-176.99604683085,-6.31017741330888
21.93,-2.4011344909668,-13.6186285018921,-3.85652804374695,187.686494995214,26.6945307859984,84.9801139928423,6.23920917510986,-7.82353258132935,-12.6278867721558,-83.4982907920297,-185.244005687639,-2.98029349362324
21.935,-3.42926907539368,-13.7737817764282,-2.47624373435974,179.757738199096,43.3235313204595,84.4065898384255,6.3286509513855,-6.18247222900391,-12.5585289001465,-79.6476350436516,-189.450855801233,-1.70807396412122
21.94,-4.52923774719238,-13.7496280670166,-1.08339846134186,169.586015581438,56.1779131874776,82.2257855685213,6.7127742767334,-4.74134492874146,-11.680438041687,-72.8466517625298,-181.374088805801,-1.13234333843739
21.945,-5.72057151794434,-13.549485206604,0.121150285005569,157.565592981889,59.9528597040007,77.6732254300868,6.95928955078125,-4.02985763549805,-10.2701034545898,-62.9355213522752,-143.024734955957,0.971207329807445
21.95,-6.66659498214722,-13.367714881897,1.18356168270111,145.123897974712,51.3792032766397,71.2037863614666,6.98224496841431,-4.45013093948364,-8.33259773254395,-51.2427190215499,-86.8771307329216,7.69866394467915
21.955,-7.17739677429199,-13.2376756668091,2.17299294471741,133.26043312229,32.4972443538824,64.3078429603142,7.07791662216187,-5.39518308639526,-6.27962684631348,-38.2791292598924,-31.2637634161968,16.9528402935789
21.96,-7.14263677597046,-13.1640424728394,3.05982303619385,122.617263527361,4.27600279073287,57.6529437651606,7.16108417510986,-6.62923765182495,-4.43396663665771,-23.6861398151204,18.9317492942594,27.7848782794371
21.965,-6.23730802536011,-13.1352701187134,3.63666319847107,115.191194993778,-30.8027427226939,52.8640249304979,6.53778171539307,-7.65899133682251,-3.89019274711609,-5.27932086754095,59.251706634753,37.8639459659094
21.97,-4.75018644332886,-13.0321359634399,3.7179319858551,111.79463071199,-62.6384695950822,49.5217504073276,5.05127191543579,-8.01282978057861,-4.27172374725342,14.752312144899,87.9779045101284,47.848555551255
21.975,-3.20749640464783,-12.8519506454468,3.54155039787292,110.3346777769,-88.4405951848834,46.8974107281957,3.52795433998108,-7.92677927017212,-4.83405590057373,33.6463212288995,105.429276896132,57.8855800082913
21.98,-1.76871526241302,-12.5752639770508,3.1698055267334,109.992922431589,-106.546074297132,44.8472372412626,2.28064870834351,-7.45700168609619,-5.33551931381226,50.2637548380011,111.37263430431,67.8784404621542
21.985,-0.276444882154465,-12.0731258392334,2.51111817359924,109.49340337683,-112.833058522453,44.0455335421486,1.54851067066193,-6.51367616653442,-5.84494161605835,63.3740604781251,105.884133343909,76.6374613934002
21.99,1.25755560398102,-11.301097869873,1.55038094520569,109.285027965631,-110.135796328648,44.0384711265468,1.07083594799042,-5.39754915237427,-6.21091556549072,74.4103552711125,97.7248235123575,84.2667280547911
21.995,2.51626992225647,-10.3508319854736,0.481161653995514,109.259646982675,-100.849245736856,43.9825284621498,0.912714898586273,-4.34342384338379,-6.36440277099609,84.4060024421568,87.9695033774493,91.05506182557
22.0,3.29799127578735,-9.26934909820557,-0.587328970432281,109.316255590516,-86.0164995767433,43.3666742103518,1.11957967281342,-3.48703050613403,-6.27211856842041,93.8970693882665,77.1907203765496,97.1102157700831
22.005,3.25893616676331,-8.2105541229248,-1.41970610618591,108.481606473941,-68.2504330549206,41.0547473838563,1.57129526138306,-2.97889256477356,-6.20332098007202,103.756638700477,67.0797796123155,102.468861173984
22.01,2.75481271743774,-7.29562091827393,-1.99912810325623,106.804596957217,-51.3792374275855,37.9973224849268,1.87658786773682,-2.749263048172,-5.94114351272583,111.688428100586,60.1828936450575,106.778300728912
22.015,1.99709403514862,-6.51974439620972,-2.34790730476379,104.535095850751,-35.5656692724702,34.5869782964882,1.96702301502228,-2.74887752532959,-5.57756900787354,118.558614858378,54.099739340042,110.862637739364
22.02,1.13856959342957,-5.88761568069458,-2.46968150138855,101.835675317167,-21.0040440563669,31.1145613488725,1.77497804164886,-2.95256066322327,-5.17960023880005,124.99158754702,46.9696877899928,115.364012440158
22.025,0.558849453926086,-5.47205352783203,-2.30042791366577,99.4952495263599,-10.8404911987298,28.8992236425247,1.49231660366058,-3.24965310096741,-5.31093406677246,133.429603247653,30.7083392630806,121.344389473638
22.03,0.154438272118568,-5.11029958724976,-2.01565456390381,96.6795860032921,-1.25421611134522,27.1584611400877,1.4235315322876,-3.53684878349304,-5.32251262664795,141.646402781449,14.6908831310512,126.972410708215
22.035,-0.12522354722023,-4.79342269897461,-1.65297031402588,93.074837555602,8.18038864910369,25.8271360349945,1.58964264392853,-3.84976887702942,-5.19585704803467,149.576798822967,0.859186090921153,132.182793195803
22.04,-0.334063529968262,-4.51365184783936,-1.25363337993622,88.2260043015399,17.986394764069,24.8549012953255,2.03512835502625,-4.23514747619629,-4.8971152305603,157.116849553419,-8.17883221974657,136.861377154613
22.045,-0.547078669071198,-4.369056224823,-0.83883672952652,82.1556122049886,25.4553159045046,25.0486669318896,2.72021746635437,-4.86987352371216,-4.70973634719849,164.616492884742,-15.1930488841143,140.848390799581
22.05,-0.806131362915039,-4.32095432281494,-0.430737495422363,75.419959683278,31.6264635365974,25.8569361503433,3.41841101646423,-5.65291500091553,-4.54023838043213,172.616256327471,-19.9660738685784,143.981234647326
22.055,-1.10772502422333,-4.37625169754028,-0.0415726639330387,68.2471409037407,36.4139787673857,27.2484966937269,4.04322910308838,-6.48221206665039,-4.40984153747559,181.226474757459,-21.8653957975026,146.070084080434
22.06,-1.44530546665192,-4.56299161911011,0.305810928344727,60.9647795502948,39.4001579630828,29.2836574248643,4.44693231582642,-7.17988920211792,-4.37271022796631,190.663555888369,-19.4129719797799,146.662480047528
22.065,-1.78006827831268,-4.87947940826416,0.563813745975494,53.9621861603471,39.3974566232661,31.7468046395839,4.62231302261353,-7.80547666549683,-4.43396806716919,199.806488092483,-14.6245517489266,145.774828662993
22.07,-2.06884741783142,-5.2289719581604,0.730298638343811,47.3384599485655,37.0651792481385,34.2399671206111,4.66354274749756,-8.33527088165283,-4.50891160964966,208.653686765914,-10.010563450418,144.236123646772
22.075,-2.2903003692627,-5.5781512260437,0.806830286979675,41.2697412483608,32.4567515773879,36.6826442583882,4.56895160675049,-8.67215347290039,-4.6059684753418,217.164006849101,-6.20808230691647,142.368367437097
22.08,-2.3919141292572,-5.86524105072021,0.790560066699982,36.2828801164565,25.2809275146159,38.9807706876657,4.2870922088623,-8.52468013763428,-4.78246450424194,225.18755301052,-4.23130731346478,140.776892379349
22.085,-2.3803858757019,-6.126784324646,0.683676481246948,32.4522402374411,15.7498254146862,40.5157122696535,3.99014258384705,-8.0405969619751,-4.98664426803589,232.016526406861,-3.42214803598488,140.772848907361
22.09,-2.2722225189209,-6.3549370765686,0.48788383603096,29.1524187550571,4.39889411560068,41.1481843717021,3.82299518585205,-7.5718731880188,-5.13093090057373,237.519008764493,-2.74069579362448,141.693312520668
22.095,-2.07305335998535,-6.53956031799316,0.203617364168167,26.2092765813202,-8.80734281207656,40.7646043630088,3.83979606628418,-7.24860286712646,-5.21328163146973,241.859457378253,-1.74501941783717,143.48925612141
22.1,-1.79264211654663,-6.64117431640625,-0.168796792626381,23.4355282216416,-24.569872378619,38.97415223436,4.14833211898804,-7.3259334564209,-5.31173753738403,245.93740816183,0.587315266846408,146.594697250205
22.105,-1.50805747509003,-6.70723724365234,-0.566921412944794,20.8084206083486,-42.1965603526911,36.0613975722405,4.40370941162109,-7.72575902938843,-5.30844497680664,249.731086472152,5.59323294670016,150.682442525052
22.11,-1.20816373825073,-6.76055717468262,-0.962839603424072,18.4271622391355,-60.1484899822082,32.552391301241,4.47539234161377,-8.27776908874512,-5.23301315307617,252.969306478412,10.8809259186163,154.4910516289
22.115,-0.886660754680634,-6.8129620552063,-1.34451162815094,16.3884463945351,-77.6201753508033,28.6716280790015,4.29795455932617,-8.91252994537354,-5.10175752639771,255.609939573809,15.2247563297888,157.446119312927
22.12,-0.527600944042206,-6.89953565597534,-1.69294416904449,15.1315515683748,-92.3184828974823,24.9174367998188,3.75288200378418,-9.50487995147705,-4.98181247711182,258.200357118428,15.326649091827,158.490701123832
22.125,-0.102217346429825,-6.99519777297974,-2.00476717948914,14.4744873702195,-102.046291030414,22.159268101637,3.01622319221497,-10.0208644866943,-4.79442453384399,260.173298241321,11.5812661953527,158.319673187015
22.13,0.380252450704575,-7.0591025352478,-2.24657130241394,14.0897137859687,-108.023020742877,19.7919296579525,2.24771332740784,-10.4600791931152,-4.5526762008667,261.694763860077,4.25376582922943,157.464929653901
22.135,0.914888381958008,-7.06515264511108,-2.39346170425415,13.7912823305634,-110.651216063795,17.4813142277776,1.54391777515411,-10.8124866485596,-4.26558828353882,262.869201227482,-6.73279280688249,156.18364080712
22.14,1.44380009174347,-6.96336460113525,-2.38473677635193,13.071508458091,-109.343391932089,14.5720771130807,1.15738236904144,-10.9780082702637,-4.02560186386108,264.44973432218,-21.7002469460136,154.735709004969
22.145,1.91679918766022,-6.80330228805542,-2.27043509483337,11.9443949101237,-104.756154923238,11.6572776630785,0.943839907646179,-11.0764417648315,-3.87354850769043,266.082695948946,-38.1040578510866,153.023804051776
22.15,2.31881356239319,-6.60678863525391,-2.07253241539001,10.3684602402848,-98.0545850454857,8.71776573488549,0.913700520992279,-11.1352529525757,-3.77372431755066,267.581867830251,-54.2362748215506,151.061080891881
22.155,2.63350129127502,-6.38896322250366,-1.80340158939362,8.28321117064271,-90.0365166957811,5.73678516692043,1.08647871017456,-11.1738777160645,-3.70090961456299,268.790865954856,-68.7208759943836,148.842690090974
22.16,2.77711534500122,-6.2118034362793,-1.42812299728394,5.7565564301335,-81.8746455432909,2.87532095659955,1.68346858024597,-11.1305150985718,-3.72775030136108,268.826109730974,-77.4559434522104,146.658709783106
22.165,2.82768082618713,-6.03941965103149,-0.982031583786011,3.14884911540422,-73.6025692885426,0.269353685922183,2.42358732223511,-11.0502510070801,-3.77541780471802,267.535231298598,-80.7958922959683,144.574928350362
22.17,2.77427077293396,-5.87885189056396,-0.471902012825012,0.366807732134424,-64.796317599186,-2.07228963946562,3.18258094787598,-10.9466705322266,-3.78048944473267,265.317113705258,-79.596388134309,142.751363464617
22.175,2.59515905380249,-5.7398533821106,0.0986798852682114,-2.72017705158412,-54.8821067736157,-4.11818572043103,3.80578804016113,-10.8350467681885,-3.66000413894653,262.601567095044,-74.5833161514648,141.409122009682
22.18,2.3778235912323,-5.68985271453857,0.56538325548172,-6.09507768087226,-42.4190537649043,-5.61408252602844,3.96799278259277,-10.7410507202148,-3.26762318611145,258.40121932154,-65.391145113624,140.476405037004
22.185,2.12991452217102,-5.68985795974731,1.03595817089081,-9.55366904494739,-28.3486352633408,-6.73658697696643,3.82063269615173,-10.6738882064819,-2.74394011497498,252.609437471422,-54.0652776205847,139.4313177921
22.19,1.83795237541199,-5.73697710037231,1.56144762039185,-13.0082165101471,-12.8410715358731,-7.59885012146952,3.40188264846802,-10.6321392059326,-2.18841099739075,245.456754089558,-41.930237616574,138.16220034242
22.195,1.4709540605545,-5.83479118347168,2.23300266265869,-16.3135584929278,4.03148500665418,-8.36927923814768,2.7395658493042,-10.6148147583008,-1.77132833003998,237.247822933687,-31.1951951471191,136.488872297659
22.2,1.14935207366943,-6.00151252746582,2.91440868377686,-18.806317992794,21.7201518248023,-9.34999280389761,2.03597140312195,-10.5342884063721,-1.61611485481262,228.132457373063,-23.4509200529362,133.656242584693
22.205,0.893829882144928,-6.23107242584229,3.57130455970764,-20.4738403767609,39.0719263923287,-10.8286681412765,1.39467895030975,-10.3832674026489,-1.59991383552551,218.352500745818,-18.4160153704101,129.775711588885
22.21,0.692776381969452,-6.54156923294067,4.21766471862793,-21.2934562469733,55.5867773902859,-12.9767045786376,0.849658191204071,-10.1809597015381,-1.69511675834656,207.981404906288,-16.2495118090806,124.842416215547
22.215,0.509844541549683,-6.9952130317688,4.90567827224731,-21.126741574617,70.1532554557945,-16.2489671014943,0.470815390348434,-9.98124122619629,-1.87620997428894,197.091310312484,-17.7771143528052,118.706037661424
22.22,0.245895355939865,-7.60000276565552,5.70416116714478,-20.4446771765522,81.5430535194651,-19.8948879295012,0.140955001115799,-9.71678161621094,-2.12231492996216,185.986761439121,-21.5849960415061,111.945796458701
22.225,-0.115255318582058,-8.29906368255615,6.67476177215576,-19.5813310201789,89.7494028638304,-22.9285164493624,-0.114604227244854,-9.36657619476318,-2.34122347831726,174.722017308964,-26.9091421599094,105.056703737286
22.23,-0.602513670921326,-9.0816593170166,7.83683013916016,-18.313989419683,94.78366209348,-25.2054914903277,-0.229736104607582,-8.93856334686279,-2.53250598907471,163.418887515672,-33.7887545787563,98.080027500144
22.235,-1.33459079265594,-9.95455837249756,9.21901226043701,-15.2692533046841,96.7055953636515,-27.0380739333244,0.0788293331861496,-8.49079895019531,-2.78636503219604,152.591453077314,-43.1707809698613,90.7133064802593
22.24,-2.2827410697937,-10.8315362930298,10.5747814178467,-9.81983468671362,96.3653836410932,-28.752757065963,0.788098692893982,-7.92305612564087,-3.16681051254272,140.504531756006,-51.1293481266114,83.1609067677877
22.245,-3.32046723365784,-11.6375875473022,11.7503185272217,-3.24847873694967,94.1773052197229,-29.9179531874213,1.65479385852814,-7.2447772026062,-3.21370100975037,128.519270970304,-55.281693330629,76.5079063652234
22.25,-4.39183521270752,-12.3295841217041,12.6498041152954,3.87262846693802,90.3510947183843,-30.2993646110531,2.55348563194275,-6.46277952194214,-2.76976919174194,116.809389751559,-54.2653406915636,70.8636702615567
22.255,-5.37484979629517,-12.7864990234375,12.9747543334961,10.2130717291197,85.8874977938893,-29.3469220520515,3.11039996147156,-5.63327884674072,-1.92565715312958,102.996049325072,-44.6845865314625,63.8943228173941
22.26,-6.10629558563232,-13.0075073242188,12.8853979110718,14.8385723114744,80.499113746342,-27.2147623894162,3.26353168487549,-4.79450845718384,-1.59877240657806,85.6210316237996,-31.901744065811,53.7270466528857
22.265,-6.54003095626831,-12.9382734298706,12.519006729126,17.7617959460441,72.2830245522204,-24.273573649782,3.11729764938354,-4.03547382354736,-1.61356711387634,66.5414582528809,-17.3706156443519,42.3073665115962
22.27,-6.62670278549194,-12.523962020874,11.9314479827881,18.8039701152668,59.8449563754928,-20.6986987419742,2.71190977096558,-3.42313003540039,-1.88620686531067,46.6073564998074,-1.81196316910952,30.7039303759713
22.275,-6.21402215957642,-11.5840120315552,11.1012897491455,16.3290886355531,38.9935533866974,-16.9337908959837,2.07859778404236,-3.23740243911743,-2.23369288444519,25.1813792150102,13.8633152130976,20.9221893618062
22.28,-5.72204113006592,-10.6929655075073,10.3285617828369,11.4910923303829,15.1767127791669,-13.1264402544908,1.38228988647461,-3.39723896980286,-2.64459848403931,3.91149181642857,26.7037139753375,12.470555117741
22.285,-5.15312433242798,-9.81641864776611,9.56034469604492,4.95380899273696,-9.17814012173821,-9.01481493075757,0.647580623626709,-3.81378602981567,-3.08534669876099,-16.5478681324051,36.2803051351394,4.82478629242859
22.29,-4.50444412231445,-8.92787647247314,8.75479412078857,-2.85844910868915,-32.1719121984309,-4.37188541318833,-0.108306229114532,-4.43203973770142,-3.53104019165039,-35.6261915787056,42.0518798705973,-2.38303251084994
22.295,-3.72234916687012,-8.01157474517822,7.71060991287231,-11.7766189971252,-49.1983307048437,1.22533156151035,-0.629092812538147,-4.96040821075439,-3.7748544216156,-52.8434728912853,42.0699423058574,-9.96496510751899
22.3,-3.01728844642639,-7.38527917861938,6.71455430984497,-20.7611522841975,-60.9210116980933,6.78199492834232,-1.03521859645844,-5.49434900283813,-3.93392395973206,-68.5717046629105,38.2055817829097,-17.8664737177165
22.305,-2.37988209724426,-7.04842185974121,5.79636526107788,-29.3237916164273,-66.7844558929825,11.9282304136792,-1.33110964298248,-6.06444978713989,-4.10368251800537,-82.4431221879111,31.7598263952365,-25.7327086697191
22.31,-1.80355036258698,-7.02255296707153,4.99939727783203,-36.8186401549523,-65.6400030560335,16.1677527371682,-1.51384699344635,-6.71192073822021,-4.40485668182373,-93.8528439133907,24.1687268309277,-33.1151271718638
22.315,-1.36620450019836,-7.29731893539429,4.29155588150024,-41.0467697229057,-54.0643316393847,18.7136613540609,-1.56888973712921,-7.38381147384644,-4.20375680923462,-104.832236400403,22.4198073750744,-38.8873029639687
22.32,-1.04000473022461,-7.7033863067627,3.54571533203125,-43.0726311514882,-40.855568822375,20.1994768004434,-1.7112535238266,-8.28973007202148,-3.32904672622681,-114.385751766094,17.0676540659795,-43.0724911326102
22.325,-0.780698895454407,-8.18760776519775,2.71891498565674,-42.9521875956642,-26.4329396634288,20.8801324719918,-1.81331324577332,-9.4812707901001,-1.84929728507996,-121.034394507968,7.82664376047862,-45.5976735404665
22.33,-0.514412701129913,-8.67533779144287,1.73461627960205,-40.4535131519768,-10.5368807523862,21.0872169774374,-1.60637664794922,-11.0641927719116,0.151222184300423,-121.774827995132,-5.2595128920611,-46.1473125233557
22.335,-0.145380616188049,-8.96702003479004,0.70244687795639,-35.6525014673885,5.52006710653733,21.2659220468816,-0.636656105518341,-13.0325565338135,3.09235906600952,-113.801251497681,-14.0920608097223,-44.915330812193
22.34,0.289797008037567,-9.10305500030518,-0.094672866165638,-30.5647037999298,16.5987410888906,21.8276402193181,0.421998709440231,-15.030987739563,5.66590213775635,-100.273337846419,-21.1190729797264,-42.9655986720995
22.345,0.772714078426361,-9.12873077392578,-0.558958649635315,-25.8237619215445,22.4279028567882,22.8650281334798,1.25105941295624,-16.822359085083,7.41519594192505,-82.7378448505971,-25.747197208496,-40.1912953595508
22.35,1.26747453212738,-9.15106964111328,-0.478569477796555,-22.5716219897563,23.6100549228611,24.541267546375,1.14806163311005,-17.8272438049316,7.41256856918335,-64.1811771021563,-25.1420373253909,-35.8198581775268
22.355,1.52802455425262,-9.27227687835693,-0.0678274855017662,-20.5835946865338,26.4351304466051,26.1074504136264,0.091757170855999,-17.4295539855957,5.88509178161621,-50.8944340153926,-23.9351138707457,-27.5480090265684
22.36,1.38472926616669,-9.35169506072998,0.358411550521851,-20.2189462546725,30.7414076239472,27.5344681765388,-1.00366103649139,-16.2518768310547,4.20517015457153,-43.7322703309605,-29.757706704209,-17.547790751422
22.365,0.783605456352234,-9.36674690246582,0.688198328018188,-21.9663306255098,35.681003846795,28.8890227549993,-1.78490519523621,-14.5327157974243,2.89756989479065,-42.9306383488328,-44.6917206640506,-7.35149055180928
22.37,-0.357634544372559,-9.3527307510376,0.71395868062973,-27.7468580314222,37.4588337858576,30.5114897961062,-1.51749217510223,-12.7625169754028,3.0387978553772,-48.7359883697364,-70.8214460321077,-1.93773192460861
22.375,-1.38431692123413,-9.46779823303223,0.488343566656113,-33.7125604034702,35.5282261754401,31.7599629990199,-0.701966881752014,-11.5224437713623,2.98331356048584,-55.8467514655695,-99.9233726137254,-4.87776550849944
22.38,-2.49231886863708,-9.71801948547363,-0.163463771343231,-38.3190175646453,30.1879813011631,31.8793171396713,0.60448557138443,-10.6819353103638,2.29913330078125,-63.6088345704659,-123.446653398276,-13.3423041143408
22.385,-3.78183102607727,-10.121994972229,-1.34258913993835,-41.3789559731893,20.5795016956737,30.3897621647182,2.38623547554016,-10.2184000015259,0.901882827281952,-71.9198975449966,-136.959240105041,-26.1473182278118
22.39,-5.49538707733154,-10.7780485153198,-3.27074480056763,-45.981243303876,-0.13529150662554,25.8117971376659,4.55277061462402,-10.2102527618408,-0.538302183151245,-81.5971554478808,-129.914186844118,-40.2199958144432
22.395,-6.77428722381592,-12.044529914856,-4.67101192474365,-51.3909785227687,-26.5317366422257,18.2810935210929,5.93957853317261,-10.7071151733398,-1.62078309059143,-90.507560691891,-113.039350725955,-51.4575831124601
22.4,-7.33913326263428,-14.0722141265869,-4.72099494934082,-53.527714412148,-56.6109779167077,8.17837801216677,6.35442924499512,-11.4365863800049,-2.66830921173096,-97.8660513338259,-91.7865341045434,-58.8567646063754
22.405,-7.007896900177,-16.9529933929443,-2.88020968437195,-49.6506224165874,-90.1815762533738,-4.42984298339048,5.62997913360596,-12.2401094436646,-3.85311102867126,-103.119204465996,-69.26296761824,-61.6582759774828
22.41,-5.87238788604736,-20.1473865509033,1.41701006889343,-32.4618810494546,-139.103892183668,-19.3913219876583,3.55219268798828,-12.6188850402832,-5.24416446685791,-105.315342510587,-53.9846404072435,-59.5651030346299
22.415,-4.75187301635742,-22.2660312652588,5.2802529335022,-7.23472932172156,-186.3628453152,-32.1016056462094,1.21835768222809,-12.6040344238281,-6.24479913711548,-106.528349956235,-42.958526011214,-54.8359893363398
22.42,-3.56281471252441,-23.0629367828369,7.92529678344727,19.5426601966455,-221.595898035469,-41.0582581010897,-1.02860820293427,-12.3026437759399,-6.6937255859375,-106.55966637358,-38.0875458687681,-48.0272879414559
22.425,-2.23452734947205,-22.2613964080811,8.65338134765625,42.8011345470748,-235.81902932159,-44.8356600706194,-2.91045188903809,-11.7824020385742,-6.42879343032837,-105.178888991348,-41.2631227950551,-39.4544818726465
22.43,-0.509535014629364,-19.3413162231445,6.53904962539673,56.1096454467233,-216.809151200962,-40.5852879916338,-3.70842313766479,-11.0456123352051,-5.90511894226074,-99.7145395798523,-64.5823141121111,-31.4340195416377
22.435,1.30079233646393,-15.7048082351685,3.25968050956726,61.329655085946,-184.856733961699,-32.7773606570283,-3.8614354133606,-10.2681188583374,-5.87738752365112,-93.4971481519839,-92.5056369109298,-24.4908214767125
22.44,3.13827610015869,-11.646125793457,-0.788854658603668,56.4980373236869,-141.889420912118,-22.3432699827826,-3.45471358299255,-9.55670642852783,-6.19404602050781,-87.7091092455317,-121.371710230318,-18.8556012227502
22.445,4.93190860748291,-7.50249814987183,-5.16834497451782,38.3751173233932,-89.481823372906,-10.2512072365768,-2.55227899551392,-9.05062198638916,-6.6911735534668,-83.8690402903671,-146.652849480798,-14.9188475247895
22.45,6.95329427719116,-3.42905521392822,-8.85853862762451,7.36154373649389,-32.5774546804004,2.66197017947727,-1.14593851566315,-8.95991230010986,-6.66498374938965,-81.5828803525155,-161.96972627947,-14.176312046908
22.455,9.05941772460938,0.171769380569458,-11.3370094299316,-31.3491646864841,11.7758847517894,14.9837291992628,0.160924255847931,-9.00147819519043,-6.51172876358032,-78.9230749161183,-168.555681545141,-15.3949065872975
22.46,10.8731956481934,2.98359727859497,-12.3939971923828,-74.3452430777548,36.3714847454645,26.1011000452456,1.35411167144775,-9.12980556488037,-6.32404661178589,-76.1105327895013,-165.960236981293,-17.9013520787131
22.465,11.6644411087036,4.36628293991089,-11.537425994873,-116.160057327545,27.2692587612564,34.8745702416808,2.45827174186707,-9.29759311676025,-6.23212385177612,-73.7506136388026,-152.233551164805,-20.6853269391266
22.47,9.88614559173584,4.10813474655151,-9.43431949615479,-138.666022416357,-8.08431862333287,40.3769979577997,3.4791841506958,-9.44676208496094,-6.13949012756348,-72.4046633911491,-127.923555531274,-20.9220408051917
22.475,7.30346965789795,3.33438777923584,-7.38845443725586,-145.264067116859,-35.6288348619144,42.0735896268742,4.18414688110352,-9.50727272033691,-6.04228258132935,-71.0699624650586,-98.6356224079896,-19.0609559827885
22.48,4.21965169906616,2.16833209991455,-5.48683547973633,-136.240267072249,-44.5780082596536,39.5096493105727,4.52704238891602,-9.48995876312256,-5.89635801315308,-69.5353692227185,-65.72981321343,-15.4909595375954
22.485,0.829405426979065,0.523786783218384,-3.52158379554749,-109.769957736323,-14.2486992455055,31.1695580320694,4.42541599273682,-9.44472789764404,-5.57027626037598,-67.5330719467725,-30.7954139297145,-11.0245596742197
22.49,-2.53466200828552,-1.90740597248077,-1.50289905071259,-75.0046500307953,41.8243423636821,19.8688256351757,3.82527136802673,-9.50475692749023,-5.08848762512207,-66.0019347801524,-4.65060921151727,-7.9271636544937
22.495,-5.15455389022827,-4.75684022903442,-0.239028245210648,-44.8240897301654,98.7224067915837,7.37752637915172,2.98283219337463,-9.67749309539795,-4.48874855041504,-64.7974582407774,17.6837200536417,-5.74210545739705
22.5,-6.87636518478394,-7.97672510147095,0.0063226353377103,-23.9415581542276,148.064526638835,-5.96329131527098,2.00515699386597,-9.97001934051514,-3.79119396209717,-63.6936791803358,37.5451742071557,-4.29608653510047
22.505,-7.69987201690674,-11.712441444397,-1.18922603130341,-21.4725864956933,175.658217678119,-20.3321259043142,1.13562965393066,-10.4079370498657,-3.05203080177307,-61.7806524768419,56.1967815850598,-3.23704051796743
22.51,-8.25085544586182,-15.4064445495605,-2.76942086219788,-29.1138725824761,180.236220271212,-33.5495032974145,0.442909985780716,-10.8852863311768,-2.6151602268219,-59.3575404159424,68.0580334561905,-2.69093701174729
22.515,-8.91945362091064,-18.35719871521,-4.02896404266357,-38.2864751283447,166.315160931324,-43.0528475085573,-0.15625524520874,-11.341778755188,-2.37622976303101,-57.1596196919781,75.3164549965956,-2.61682156184642
22.52,-9.82987689971924,-20.16237449646,-4.64840269088745,-45.4822399283987,136.392525649227,-47.6533589900598,-0.685968160629272,-11.7334756851196,-2.27672839164734,-55.4944434779911,78.3993701615076,-3.12842279436107
22.525,-10.8735265731812,-19.7183933258057,-4.09184598922729,-45.8452439922173,102.652183451307,-45.8162942354202,-1.13348817825317,-11.8798894882202,-2.08604574203491,-54.7440310844493,75.8603839413387,-5.13020033559983
22.53,-11.3172187805176,-18.1007385253906,-3.0691351890564,-41.4913740567386,65.2356012156554,-40.1239940905641,-1.48015940189362,-11.8371553421021,-1.8710515499115,-54.2355542365931,70.7855260672626,-8.57919058813604
22.535,-11.1188192367554,-15.9911365509033,-1.93022680282593,-34.8987115453022,24.1844294358295,-31.7848795291121,-1.83788084983826,-11.6386737823486,-1.64932477474213,-53.7114362555376,64.6098329442771,-13.1113455364251
22.54,-10.2176933288574,-13.7402439117432,-0.867835998535156,-27.5072327972234,-19.9220071956008,-21.4369312006785,-2.2718243598938,-11.2904891967773,-1.43597197532654,-53.0287725083732,57.9303382379224,-18.5529572481742
22.545,-8.56476402282715,-11.6754884719849,-0.142463609576225,-23.9334012008113,-53.4168262909729,-11.7306441400482,-2.88098740577698,-10.7398710250854,-1.34264552593231,-52.0778121004215,48.9613948576306,-24.1525768486352
22.55,-6.73394536972046,-9.89085578918457,0.339788824319839,-24.5817483700383,-78.6090091577028,-3.77250557766845,-3.49154615402222,-10.2387580871582,-1.39573037624359,-51.0302694025112,37.3040343785084,-28.4845423674457
22.555,-4.8935079574585,-8.44828701019287,0.60664165019989,-28.5914706864496,-96.0627379589699,2.5624453586469,-4.06717109680176,-9.87052440643311,-1.47523260116577,-49.7530513484755,22.8187911678934,-31.1488249928439
22.56,-3.17678999900818,-7.41802549362183,0.666970133781433,-35.4832391344719,-105.75328057979,7.27428806984698,-4.57680702209473,-9.70966720581055,-1.48726427555084,-48.1261685900702,5.22153277140759,-31.7249309587669
22.565,-1.72485911846161,-6.99385976791382,0.514899611473083,-43.5415782795229,-104.135618576764,10.448928406444,-4.79087781906128,-9.87064647674561,-1.38518190383911,-46.379532124947,-10.834628335101,-30.1695466205933
22.57,-0.368702590465546,-6.86288976669312,0.298783272504807,-50.9700203038425,-96.9286147004308,12.8602985183867,-4.71795129776001,-10.0630493164063,-1.46930527687073,-43.8705850767479,-28.329920545015,-27.3549571447726
22.575,0.817836284637451,-6.94382572174072,0.0540619343519211,-57.3801186889536,-85.0254049772286,14.4798234555086,-4.36524057388306,-10.2110652923584,-1.71029686927795,-40.8597830490929,-47.7032945030818,-23.3903260297145
22.58,1.72893226146698,-7.15083503723145,-0.176936611533165,-62.2054902432167,-69.1868861410752,15.2106912627404,-3.72028732299805,-10.2160301208496,-2.08336400985718,-37.6357527608339,-69.6507174574216,-18.324333741181
22.585,2.56974720954895,-7.50799465179443,-0.428026288747787,-64.0063379197823,-50.1163525255231,14.1566504936085,-2.82084941864014,-10.0716953277588,-2.36955976486206,-36.238767339702,-87.2738964218077,-13.67960788386
22.59,3.43005919456482,-7.95137929916382,-0.713685393333435,-63.6643366876614,-29.885260486959,11.8566875972179,-1.81058573722839,-9.90890026092529,-2.69524931907654,-35.5444991011377,-101.522094502183,-10.1217580763322
22.595,4.19074392318726,-8.41894435882568,-1.00795066356659,-61.4344916595165,-8.81567820418491,8.54175602884249,-0.692984759807587,-9.74725723266602,-3.06476497650146,-35.371821673636,-112.060905636783,-7.8007155086156
22.6,4.6061544418335,-8.80240726470947,-1.26101040840149,-57.5084306227015,12.7884534660546,4.48587572090714,0.551764905452728,-9.61028003692627,-3.47762727737427,-35.5507931204579,-117.766312914657,-7.06068756393317
22.605,4.50763511657715,-9.00792598724365,-1.47279894351959,-53.1003802116316,33.7016867423116,0.497181902763952,1.91520738601685,-9.5802583694458,-3.65702509880066,-36.1636318437373,-115.665879480716,-7.79437794683948
22.61,4.09347772598267,-9.07662868499756,-1.63198661804199,-49.0732152996274,53.037842999591,-3.0825427061588,3.08167004585266,-9.61018848419189,-3.70072078704834,-36.5036454908097,-107.036379426701,-9.29028414394701
22.615,3.42105865478516,-9.03206157684326,-1.72479104995728,-45.6077890506273,70.5409028421386,-6.16689840065541,4.02987194061279,-9.68314933776855,-3.66321206092834,-36.4476037886697,-91.8657642989155,-11.353218131797
22.62,2.56170654296875,-8.91746234893799,-1.70920264720917,-42.9675213703509,85.6216804917707,-8.5837898667684,4.79285287857056,-9.77091312408447,-3.66010403633118,-35.8580047840413,-69.0600290376206,-13.7256365286767
22.625,1.71345102787018,-8.82396602630615,-1.63544476032257,-41.398568861391,96.0294817679012,-10.1073182026531,5.45886468887329,-9.83813667297363,-3.69932055473328,-35.5153888348951,-41.0077010408533,-15.5496189097348
22.63,0.951842546463013,-8.76343250274658,-1.54368090629578,-40.6067040497764,104.580557589866,-11.2574853466165,5.84087085723877,-9.85888671875,-3.72580122947693,-35.2825545162785,-10.4208597440498,-16.6088173254637
22.635,0.300646334886551,-8.74207210540771,-1.44563591480255,-40.5748002361633,112.026399521096,-12.2322242043899,5.86352062225342,-9.82803153991699,-3.70789933204651,-35.0363603476454,21.5102891399118,-16.8328441151455
22.64,-0.204781875014305,-8.77701282501221,-1.35586202144623,-41.5171819265174,119.057628479139,-13.435223715357,5.36221361160278,-9.74755573272705,-3.55298733711243,-34.3393395428456,51.9435271662444,-16.1095783084599
22.645,-0.624666035175323,-8.84884071350098,-1.30389416217804,-43.3491923411712,122.943446041365,-14.9140937131272,4.48908519744873,-9.66067695617676,-3.29243683815002,-33.5783437711849,73.3527619498386,-15.3281944221267
22.65,-0.984858572483063,-8.94559288024902,-1.29254388809204,-45.5552341600586,124.522148645365,-16.6009062588575,3.4187183380127,-9.59473419189453,-3.01181626319885,-32.7250243325131,90.2963097710517,-14.7204236992115
22.655,-1.2887864112854,-9.06588745117188,-1.32507050037384,-47.8875730068887,124.093267407001,-18.4661250532559,2.21539998054504,-9.55922317504883,-2.73274803161621,-31.7516130927596,104.404195275307,-14.3842281278851
22.66,-1.50769340991974,-9.2253475189209,-1.40966403484344,-49.6887963438586,122.324494298778,-20.4082500701613,0.962638795375824,-9.54968738555908,-2.39792132377625,-30.5370073828454,117.297802918729,-14.4226308664935
22.665,-1.68870484828949,-9.39498615264893,-1.53304278850555,-50.6216909014556,120.513141791269,-22.2432794284281,-0.258056581020355,-9.5551700592041,-2.05652832984924,-29.6185347696808,124.090193821875,-14.6336529759956
22.67,-1.84669637680054,-9.54396057128906,-1.65990686416626,-50.7592987226639,118.541867234533,-23.8295157310827,-1.44289767742157,-9.60323333740234,-1.78822863101959,-28.8432468271819,125.1698281636,-14.8184898477672
22.675,-1.98820161819458,-9.6528844833374,-1.76884579658508,-50.1082280155053,116.326864207455,-25.0612874139285,-2.58225750923157,-9.71152782440186,-1.63636302947998,-28.1319543421113,120.2882236619,-14.8583627845945
22.68,-2.11253261566162,-9.686448097229,-1.80633735656738,-48.8887455505238,113.633426919584,-25.6314630681047,-3.57470083236694,-9.89337062835693,-1.55120158195496,-27.3689846457805,106.995548555843,-14.5300714496851
22.685,-2.31377077102661,-9.66904830932617,-1.79756462574005,-47.6692630855422,110.765252902178,-25.7590219734965,-4.33486652374268,-10.0333318710327,-1.45941650867462,-26.7158204856413,88.5100786993099,-14.1021583906365
22.69,-2.60695552825928,-9.60439300537109,-1.73700988292694,-46.5830273659838,107.5441356896,-25.558861572322,-4.84593152999878,-10.1162195205688,-1.37707352638245,-26.2404154137463,66.2033297380194,-13.6789743838145
22.695,-3.00968599319458,-9.49253845214844,-1.61711084842682,-45.7442459849604,103.806635685201,-25.1023590489551,-5.07925605773926,-10.126446723938,-1.31753742694855,-26.0077433121226,40.9329582807658,-13.3438622512452
22.7,-3.48907995223999,-9.31161880493164,-1.43565201759338,-45.485347664471,99.0424762862797,-24.5365786215098,-4.90565490722656,-10.0308103561401,-1.32187497615814,-25.9815324611826,15.3938103419357,-13.310790475284
22.705,-3.9337306022644,-9.11482715606689,-1.2695060968399,-45.3344448800433,94.1055745730595,-24.1424732913054,-4.47603511810303,-9.90075492858887,-1.34838306903839,-26.1456004352355,-7.33030928141942,-13.6176751435609
22.71,-4.32686042785645,-8.9227123260498,-1.13019716739655,-45.1432303191343,89.4502678989405,-23.9248942002001,-3.83085894584656,-9.78724765777588,-1.32776248455048,-26.5297268590624,-26.347126874244,-14.190979024377
22.715,-4.64342737197876,-8.76145076751709,-1.03426837921143,-44.7222584398297,85.6690615140431,-23.9035174156452,-3.00438189506531,-9.75559520721436,-1.1693195104599,-27.1882544252473,-40.2504106468173,-14.9588024238868
22.72,-4.8283805847168,-8.66047954559326,-1.00804328918457,-43.9220027408197,83.9699836561108,-24.1510366409773,-2.14747595787048,-9.88014793395996,-1.04306650161743,-27.7721092407838,-47.4585551647419,-15.7944197197772
22.725,-4.91445970535278,-8.61914730072021,-1.03431916236877,-43.1675434601947,83.2516185101547,-24.4538957665122,-1.37221646308899,-10.0212774276733,-1.06988406181335,-28.2465324729856,-50.9614723220963,-16.4294582654064
22.73,-4.90788125991821,-8.64504337310791,-1.09864795207977,-42.4925329399953,83.1810763164068,-24.8003195461206,-0.693097233772278,-10.1579036712646,-1.17387449741364,-28.6993996281668,-50.7135740212652,-16.9148422436788
22.735,-4.80722379684448,-8.75969982147217,-1.17947030067444,-41.9243465784148,83.3117651559858,-25.1950617914651,-0.135902315378189,-10.2643098831177,-1.20663154125214,-29.2985916334845,-45.9189178276997,-17.3595643982748
22.74,-4.62812328338623,-9.01197719573975,-1.21626400947571,-41.298434873064,82.8731235772984,-25.8914200679154,0.459014087915421,-10.3925704956055,-1.30427253246307,-29.8547261262745,-35.9390381483543,-18.5681919851179
22.745,-4.42460775375366,-9.3530387878418,-1.17206501960754,-40.653029807822,81.6298310728701,-26.6787650018467,1.09576416015625,-10.4849281311035,-1.33143901824951,-30.6560814857408,-22.4176080541617,-20.3793873982761
22.75,-4.21235752105713,-9.75000190734863,-1.03824329376221,-40.0307005366909,79.5403942434932,-27.4850739560086,1.69312906265259,-10.4753065109253,-1.27826380729675,-31.6480571796584,-5.38848052396928,-22.6720838271634
22.755,-4.01654529571533,-10.1300439834595,-0.794986307621002,-39.5434792375318,76.4927160245093,-28.1791389964451,2.0097599029541,-10.1832189559937,-1.15796053409576,-32.5843190205163,15.9664209585511,-25.1965473576095
22.76,-3.86500597000122,-10.3707580566406,-0.53937703371048,-39.1005961113698,73.1381027646034,-28.5195487944893,1.74056935310364,-9.79687404632568,-1.00797986984253,-33.9839579701407,39.5713156734942,-27.1833930381056
22.765,-3.74292850494385,-10.5093326568604,-0.329943627119064,-38.5763995831389,69.8826570212569,-28.4326414674901,1.22518086433411,-9.53660869598389,-0.864325404167175,-35.8347479899174,61.045580688176,-28.841344619498
22.77,-3.63782119750977,-10.5552377700806,-0.185076832771301,-37.9926745411966,66.8689794839614,-27.8342742075147,0.5066077709198,-9.4619255065918,-0.738572001457214,-38.1095151722335,78.4578502411812,-30.1614767520889
22.775,-3.50620055198669,-10.5154609680176,-0.13207183778286,-37.5767467565941,64.3564192656913,-26.4054344916411,-0.554044544696808,-9.63016223907471,-0.648731708526611,-40.6936762635728,87.1756987921104,-30.8934339744933
22.78,-3.36309576034546,-10.4573307037354,-0.107283338904381,-37.4821827875353,62.0073123044488,-24.3567158350012,-1.99736380577087,-9.96968078613281,-0.331604570150375,-43.4354542152939,86.7005430221201,-31.2071992045854
22.785,-3.20257973670959,-10.4087238311768,-0.081987090408802,-37.4497428040723,59.2432986718847,-21.9294646794646,-3.44357657432556,-10.3394823074341,0.0882774814963341,-45.9663398311071,78.4289858617487,-31.8069205495638
22.79,-3.01531410217285,-10.3826665878296,-0.0375352539122105,-37.2970880761225,55.6795347743093,-19.2101973237006,-4.70174551010132,-10.6599645614624,0.553490459918976,-48.1744341218401,62.7819582091658,-33.0498373935877
22.795,-2.74724197387695,-10.4043264389038,0.0961361527442932,-36.2629223037017,49.9314046631775,-16.321983531269,-5.28802537918091,-10.6744928359985,0.921416521072388,-50.2306591563778,41.2354741892949,-35.7860555713244
22.8,-2.45565342903137,-10.4563636779785,0.324305921792984,-34.18405860716,42.2703878674298,-13.661986849575,-5.20272159576416,-10.3976831436157,1.19386434555054,-52.8556477034809,21.3829795364246,-39.2335286680912
22.805,-2.18512272834778,-10.4923181533813,0.610333681106567,-31.4412834478201,33.569529412061,-11.409899310398,-4.63998413085938,-9.97537612915039,1.39080548286438,-55.6312248463098,5.60273758181705,-42.4968632799291
22.81,-1.96348106861115,-10.4861192703247,0.935609817504883,-28.1997969035898,24.3283415216417,-9.71558550941171,-3.68791818618774,-9.48713970184326,1.52069497108459,-58.383009025165,-4.60840205754118,-45.0887868812601
22.815,-1.84717905521393,-10.4260091781616,1.25538849830627,-24.4795755702441,16.2840162172202,-9.16168021961213,-2.56542825698853,-9.125168800354,1.62149918079376,-61.7941557608311,-8.97288098434828,-46.9286861644052
22.82,-1.81359004974365,-10.3577976226807,1.54289221763611,-20.2169006130161,10.780483718003,-9.42644738014579,-1.56053471565247,-8.8435640335083,1.74504137039185,-66.0074057616776,-10.696773773309,-48.6870842152791
22.825,-1.82466673851013,-10.2827167510986,1.78344070911407,-15.9380005414146,7.71786872907793,-10.1386183982983,-0.743107795715332,-8.63873481750488,1.84481608867645,-70.5178236329331,-9.32467329264437,-50.3048759918992
22.83,-1.85286092758179,-10.2013254165649,1.96247482299805,-12.0607138854627,7.16612690169795,-11.0300852972583,-0.180235952138901,-8.51252555847168,1.88235342502594,-74.9417098375937,-4.30456536118139,-51.7264159430972
22.835,-1.79724168777466,-10.1606216430664,1.97892272472382,-7.48506856140722,10.8501055437602,-12.0640649470242,-0.1223114579916,-8.60397052764893,1.73023307323456,-79.3227775863474,4.51911014074796,-53.2691473558334
22.84,-1.67804384231567,-10.1817960739136,1.94584894180298,-2.02691050295029,17.7679875125268,-13.0286379219917,-0.366516292095184,-8.77939605712891,1.52264678478241,-83.6574888412043,13.4481831455334,-55.0034655747885
22.845,-1.50047206878662,-10.2663621902466,1.89249360561371,3.83158927531,27.2589093171165,-13.797500364029,-0.786155581474304,-8.98840045928955,1.31363439559937,-87.8624538225877,21.71383389982,-56.8930203331996
22.85,-1.26657557487488,-10.421103477478,1.85403418540955,9.51542169314261,38.690480817751,-14.1969110436712,-1.23554360866547,-9.17024230957031,1.17098212242126,-91.8228912014954,28.2990754107232,-58.9040841569452
22.855,-1.02149081230164,-10.6726655960083,1.8375643491745,14.8289297919136,49.2352034810781,-14.3614562771923,-1.61887800693512,-9.45096969604492,1.01792991161346,-95.4716192372512,31.1021167442047,-61.1837963962204
22.86,-0.820719599723816,-10.9973106384277,1.79236507415771,20.1670316943385,58.463762351722,-14.3211180337278,-1.88547170162201,-9.87344837188721,0.897874176502228,-98.9798776025365,30.7523154360517,-63.6616865742635
22.865,-0.679190695285797,-11.3891706466675,1.69798028469086,25.6931891951814,66.7656114010624,-14.0805118136094,-1.96776556968689,-10.4014863967896,0.798112273216248,-102.563397822286,28.129237634369,-66.242685288017
22.87,-0.625583708286285,-11.8466997146606,1.51581287384033,31.6953323339987,74.8263342821338,-13.6241441864786,-1.72368884086609,-10.9731044769287,0.692144393920898,-106.620830717597,24.5938719558151,-68.7649102239627
22.875,-0.69394052028656,-12.3178577423096,1.29715490341187,38.414059646946,83.7255789970402,-13.1548675018164,-1.32125961780548,-11.4998636245728,0.68546724319458,-111.44439910192,24.7009727370955,-70.9790936283407
22.88,-0.823916852474213,-12.7093563079834,1.12083089351654,45.5001486844024,92.7013218306507,-12.8109418638969,-0.98301899433136,-11.9913511276245,0.82602059841156,-115.716860012681,26.3278554955008,-72.8309491576279
22.885,-1.02348482608795,-13.0266094207764,1.00531220436096,52.7912868309318,101.113130095439,-12.6054735519636,-0.743925154209137,-12.4586486816406,1.10559153556824,-119.504090624426,28.947666759213,-74.4983690887573
22.89,-1.34410655498505,-13.3125467300415,0.981197118759155,59.9609603083563,107.323786956786,-12.5388971368026,-0.633764147758484,-12.9283103942871,1.49549293518066,-123.432637850099,31.8898936876011,-76.5017865157271
22.895,-1.85150647163391,-13.6298093795776,1.06543624401093,66.6255583721313,109.223057659291,-12.2482239225207,-0.538385033607483,-13.4049806594849,1.7848207950592,-128.297535709089,34.4819470625263,-79.0653750772863
22.9,-2.49341249465942,-13.9226369857788,1.2113846540451,72.7684734172898,107.921086999703,-11.7657811944596,-0.464819550514221,-13.8968658447266,2.10130167007446,-133.654220848698,36.9720701093729,-81.4094960004347
22.905,-3.24830484390259,-14.1842355728149,1.39555883407593,78.4544761277312,103.704722432595,-10.9999906300016,-0.422333121299744,-14.4073839187622,2.47365784645081,-139.304822688672,39.6011636001671,-83.2587970389723
22.91,-4.06802988052368,-14.4386644363403,1.55501341819763,84.0025158471275,96.8024269555148,-9.49116683762625,-0.447132587432861,-14.9442768096924,2.9082019329071,-144.770640590839,43.2452163714361,-84.1079671377233
22.915,-4.76162958145142,-14.6678953170776,1.64891302585602,90.6092553784433,88.3234779311852,-6.8887542001642,-0.491523742675781,-15.4311685562134,2.95247483253479,-149.30043570877,45.9641200196268,-84.4185904807972
22.92,-5.3338794708252,-14.8735857009888,1.70079076290131,98.3535424254572,78.5273952273103,-3.50590088280464,-0.481554806232452,-15.94739818573,2.6996054649353,-153.30207961894,47.6331655357786,-84.6094737775315
22.925,-5.78371047973633,-15.0585412979126,1.71533095836639,107.038517275911,67.7461943394444,0.419835906787802,-0.383228540420532,-16.5176620483398,2.20297050476074,-156.740820318853,47.9636783897156,-84.8458871152732
22.93,-6.11978578567505,-15.246527671814,1.67580032348633,114.588157591958,58.2516303364798,3.65404576491151,-0.141524359583855,-17.1140098571777,1.70776474475861,-158.349480132553,45.2516664023974,-85.3282828857837
22.935,-6.36193227767944,-15.372971534729,1.55298268795013,123.401082376134,46.2351350957038,6.98261594039899,0.425437718629837,-17.8644924163818,1.45710134506226,-159.551374860422,41.8375280438748,-86.0834286004203
22.94,-6.53474187850952,-15.3627710342407,1.34021413326263,134.021862610963,30.7510484359607,10.7482699845563,1.11902558803558,-18.7174530029297,1.57312786579132,-161.185565921239,42.2493372244078,-87.0540804437491
22.945,-6.65501880645752,-15.1721639633179,1.0211935043335,146.737256958561,11.2944511841782,15.1254419641622,1.79602456092834,-19.6345920562744,2.1678409576416,-163.637043757762,49.4789831778396,-88.2324110189814
22.95,-6.86098289489746,-14.8635082244873,0.45575949549675,159.728194797655,-8.77174045102787,19.5609753489049,1.63895273208618,-20.3147945404053,3.73009252548218,-165.433055660395,70.5377404645528,-89.8057382641047
22.955,-7.10484075546265,-14.4090366363525,-0.54536247253418,171.946515298216,-25.8752120290149,24.448897775587,0.762056529521942,-20.6224308013916,5.13393592834473,-163.135339042468,96.8056849557489,-91.7069624007127
22.96,-7.20606470108032,-13.8765859603882,-1.73103082180023,181.614839313666,-39.5729036924762,29.730508890934,-0.593325078487396,-20.4917411804199,5.47434520721436,-157.719012691026,121.136505836059,-93.6591192579616
22.965,-7.01223564147949,-13.3153743743896,-2.91265630722046,187.162387259442,-49.3036556369399,35.3831973536987,-2.26440095901489,-19.8435497283936,3.96588587760925,-149.769273553778,137.723729518462,-95.4448858768398
22.97,-5.86660432815552,-13.3628034591675,-2.53241515159607,185.76745772525,-67.5719903646633,39.3363435056674,-4.0390510559082,-18.5929222106934,1.12850165367126,-139.947488848056,137.957663497535,-98.1982512444878
22.975,-4.06713533401489,-13.6933851242065,-1.51433205604553,185.577168654974,-98.5159848144876,40.9210156950021,-6.08608102798462,-17.3929462432861,-0.604145765304565,-132.291557128146,145.14045435326,-100.680690328518
22.98,-1.98500943183899,-14.1223955154419,-0.404851585626602,187.461399280927,-139.23406192887,40.419795923139,-8.18136215209961,-16.3171539306641,-1.71109366416931,-126.819441791563,150.941935071999,-102.944037434542
22.985,-0.0648394972085953,-14.4253177642822,0.116497658193111,192.672710674241,-186.83248912253,38.0272694493428,-10.0470085144043,-15.4674873352051,-2.7460789680481,-123.721691455774,144.78980610165,-105.036575169802
22.99,1.83890771865845,-14.315224647522,-0.869180262088776,197.697899412673,-231.788917182959,35.7406553039113,-10.4007740020752,-14.5778017044067,-4.33039474487305,-117.467656063009,103.28869561025,-106.473838216469
22.995,3.76593065261841,-13.9944448471069,-2.58099412918091,201.624370260838,-265.284929853889,35.1573366582247,-10.011869430542,-13.609335899353,-6.0152587890625,-110.095648476706,63.1333031400713,-104.805953832477
23.0,5.4524564743042,-13.5609941482544,-4.52408313751221,204.370570760047,-283.11445566329,36.4940798108771,-9.05396270751953,-12.6292428970337,-8.027419090271,-101.532046087804,23.2578306051,-99.2412826024513
23.005,6.3692102432251,-13.1674337387085,-5.86735963821411,205.753684066975,-276.587335647129,40.1955744730658,-7.71524572372437,-11.7676200866699,-10.8781938552856,-91.2974242580788,-22.1903096038674,-88.1275812756
23.01,6.47335624694824,-12.9319515228271,-5.46165132522583,203.553434248503,-246.182939802114,45.1246317140243,-6.09117364883423,-11.1629838943481,-13.2797994613647,-78.4119582001479,-98.5301164758804,-69.3748666074123
23.015,6.30207252502441,-12.8194742202759,-4.48750925064087,198.991031807475,-207.39060720346,49.9997577812964,-3.487544298172,-10.5038709640503,-14.2862071990967,-71.2373225902914,-168.102102342739,-46.7842447389323
23.02,5.99123573303223,-12.8361158370972,-3.34234619140625,193.111973800143,-163.463529632087,54.3961353990747,-0.0295030903071165,-9.69007682800293,-13.7628593444824,-71.0771956353896,-215.682115346397,-22.4030153549999
23.025,5.728102684021,-13.0241584777832,-2.73743319511414,188.393925008308,-117.766189971252,57.5003914900484,3.74412655830383,-8.52929210662842,-11.523250579834,-79.3211588315141,-208.676772805308,-0.641965851551502
23.03,5.33810806274414,-13.2583456039429,-2.59574198722839,186.808979611407,-82.958637545707,58.7254815403386,5.3845853805542,-7.1159291267395,-10.3024301528931,-84.0132529045028,-194.256822788064,11.576303209147
23.035,4.69795417785645,-13.4006853103638,-2.48913383483887,186.473617323159,-52.4129558226157,58.8315953592839,6.38547468185425,-5.8255934715271,-10.2550210952759,-84.4017950456281,-189.257725372262,17.6205988604271
23.04,3.75654625892639,-13.392653465271,-2.28061485290527,186.326003274817,-23.1624470133407,57.9304680115166,7.31835651397705,-4.84576940536499,-10.954797744751,-80.6490159080563,-192.742569849072,18.9110043022028
23.045,2.39874219894409,-13.0991344451904,-1.75901937484741,183.294382830572,12.0094942968767,55.7833536496935,9.35691928863525,-4.67577791213989,-10.2580728530884,-74.2637657511457,-183.503591524849,18.7057656553803
23.05,0.86448460817337,-12.6723260879517,-1.11628937721252,175.532391933229,45.9314785455833,52.1168398013389,10.9446125030518,-5.40337228775024,-7.86967945098877,-65.3258894862937,-144.891589580662,18.9041553300125
23.055,-0.639265775680542,-12.247296333313,-0.424862802028656,164.938946115458,74.3109077167971,47.634265196235,11.3537712097168,-6.76787996292114,-5.39294910430908,-52.1774372396553,-88.3854072563897,19.7428001072525
23.06,-2.00981307029724,-11.8773145675659,0.298199713230133,152.397666950182,94.1242073291153,42.6972849358393,10.3320875167847,-8.58767318725586,-3.51465082168579,-34.1671607191534,-20.3054591382472,21.377231932238
23.065,-3.00235557556152,-11.6166391372681,1.10344266891479,140.463454998338,94.3731882149297,38.4690529150483,8.15679264068604,-9.96735572814941,-3.3418653011322,-11.6970054583858,35.8782358043629,24.2409219304547
23.07,-3.63294196128845,-11.330924987793,1.8541693687439,131.665406366174,79.8075912438241,35.2662645151081,6.08790016174316,-10.0028295516968,-3.64825129508972,10.4008814407275,73.1544952186114,29.1944414939256
23.075,-3.93967509269714,-10.9977102279663,2.42769432067871,125.460766901486,56.4666286987886,32.6188012305411,4.28966283798218,-9.07276821136475,-4.13755702972412,30.8352168571027,96.4551801381114,36.2594218317521
23.08,-3.92605781555176,-10.6084594726563,2.73961782455444,121.640000060916,27.4534450575095,30.2774943453307,2.88539838790894,-7.37995147705078,-4.66708469390869,48.7435323136747,107.535959953163,45.4675925877236
23.085,-3.6170220375061,-10.2703819274902,2.61346578598022,118.994394587803,0.0275906442012857,27.6679522710357,2.26376843452454,-5.9425892829895,-5.29975461959839,62.5321713610293,105.1218432514,55.0730037307284
23.09,-3.04903888702393,-9.86124134063721,2.09065198898315,115.58980483374,-20.2485619549137,24.893269882988,2.06217527389526,-4.71448040008545,-5.89132738113403,74.3037974898712,97.9984203999407,64.0169861846984
23.095,-2.2539427280426,-9.38076305389404,1.25983142852783,111.56207643113,-32.8221906036457,22.3300518591913,2.18850827217102,-3.69032263755798,-6.19644069671631,85.1756486484014,89.9734877101202,72.5609176287915
23.1,-1.24316680431366,-8.82435894012451,0.172708630561829,106.981136856694,-36.7817127372046,20.2909893824905,2.58953142166138,-2.87838315963745,-6.00226783752441,95.9818480286295,84.0225283013957,80.8883525667627
23.105,-0.319585114717484,-8.3528995513916,-0.774894118309021,103.79265428797,-30.5177018531563,19.526650233231,3.13458466529846,-2.68483710289001,-5.46186637878418,107.813006086277,80.1764829307073,89.416820462575
23.11,0.330560445785522,-7.91146612167358,-1.45725500583649,101.831966524448,-21.3549945438478,18.9596694000391,3.50550985336304,-2.59859704971313,-5.1929087638855,118.768465590438,75.8740716404354,98.6814529773203
23.115,0.646893680095673,-7.49101400375366,-1.87326204776764,100.583851906466,-10.5142506281187,18.3905643780153,3.60997819900513,-2.59147119522095,-5.11304378509521,128.535677084691,72.9610984122625,108.645312447967
23.12,0.527879476547241,-7.08179330825806,-2.00102925300598,99.4558120140922,0.599958427247778,17.5685323283841,3.31149005889893,-2.63412427902222,-5.13335084915161,136.630503100288,73.8635439865396,119.315795969387
23.125,0.0291358791291714,-6.6788067817688,-1.8942859172821,96.9719112695795,9.99356481712112,16.5158840640692,2.33128118515015,-2.8182954788208,-5.11499118804932,141.838754568855,75.557396749757,127.306666505817
23.13,-0.547957718372345,-6.28072309494019,-1.70938861370087,94.2045781650788,16.7188670409182,15.5974234037357,1.35981571674347,-3.1508994102478,-5.13912391662598,146.821186323082,69.2195549358754,134.661209298412
23.135,-1.14037656784058,-5.90222549438477,-1.4749858379364,91.0452331833544,21.0913270437705,14.9470118098321,0.619223415851593,-3.62369084358215,-5.13970422744751,151.94664223853,55.3830499228174,141.770302412993
23.14,-1.66204285621643,-5.57333660125732,-1.22368919849396,87.1340278079841,23.5607563249792,14.808085762114,0.482004374265671,-4.2350754737854,-4.98057174682617,157.648893969007,35.1972283780722,149.133601508103
23.145,-1.95316600799561,-5.3283224105835,-1.00327515602112,81.9229418109121,25.6319121530426,15.1681374766639,0.832168400287628,-4.95482921600342,-4.64989566802979,163.390596872129,20.1498588912178,154.674770057195
23.15,-2.08060646057129,-5.18161964416504,-0.802436649799347,76.7536907225063,27.089962880449,15.6519675869001,1.31984305381775,-5.72846984863281,-4.45138025283813,169.857064808461,9.32592236348884,159.009959425293
23.155,-2.06954288482666,-5.13775682449341,-0.624345660209656,71.8524425967536,27.964013650799,16.1831240778953,1.86646676063538,-6.53856801986694,-4.41188907623291,177.136953633427,1.98973271608086,162.038369680629
23.16,-1.95631742477417,-5.21400451660156,-0.484409958124161,67.4136939004591,28.3637726700888,16.6799503305748,2.3760814666748,-7.3575439453125,-4.51359224319458,185.313004258634,-3.34910215101936,163.123864324662
23.165,-1.76968932151794,-5.36953401565552,-0.375989258289337,63.0182349431241,29.0369100109084,17.3178165745204,2.6833598613739,-7.98566293716431,-4.58260107040405,193.569869682101,-6.79453472877164,162.145849537408
23.17,-1.5346771478653,-5.54833793640137,-0.286159753799438,58.5541667355763,29.9621752472025,18.1860582689814,2.86862635612488,-8.49546813964844,-4.65845489501953,201.680049962952,-9.12538032549445,160.040826216345
23.175,-1.26003098487854,-5.73860120773315,-0.219321116805077,54.0710764511901,31.1091006126311,19.3734166467491,2.96015429496765,-8.88562297821045,-4.76574420928955,209.61506321235,-10.7101165478526,157.183225331773
23.18,-0.961566269397736,-5.94119691848755,-0.20892858505249,49.9122528127447,32.3567610230335,21.2046774481414,3.00956225395203,-9.07735157012939,-4.97968339920044,217.469466569162,-12.4894969398568,154.383844979687
23.185,-0.704148471355438,-6.11943244934082,-0.229549944400787,46.5572877980966,33.4058610040746,23.4326510044537,3.0458242893219,-8.95508480072021,-5.14729261398315,224.762168829012,-13.8799817284461,152.817272791653
23.19,-0.453549474477768,-6.26115751266479,-0.25959974527359,43.8773845300666,33.6418816059389,25.4388551486049,3.13982629776001,-8.76186847686768,-5.19758653640747,231.52467082435,-14.1206366136623,152.408472309449
23.195,-0.195057660341263,-6.36516094207764,-0.294081032276154,41.8269719865125,32.6686308756309,26.9341099164203,3.33301281929016,-8.61991882324219,-5.11059045791626,237.633564697252,-12.8740707410744,153.095930849411
23.2,0.0965970903635025,-6.46429824829102,-0.350021064281464,40.226918211167,29.2098025893689,27.3612375037144,3.74756026268005,-8.85633373260498,-4.95104598999023,242.147664040471,-9.82117681888552,154.304259615478
23.205,0.365968644618988,-6.52322340011597,-0.435221999883652,38.5329869007742,23.5119734063797,26.9720516172598,4.29728078842163,-9.36222457885742,-4.86690378189087,246.447186160724,-4.30244842942551,155.547080836854
23.21,0.623122036457062,-6.54458093643188,-0.548015594482422,36.6442790858202,15.9056664258838,25.8884369827954,4.84022951126099,-9.92776203155518,-4.80768013000488,250.834134702353,3.07141099191556,156.772649000386
23.215,0.87077260017395,-6.52901983261108,-0.690515577793121,34.503165045183,6.41602314732928,24.1511612919297,5.27798128128052,-10.4312696456909,-4.74357461929321,255.40058061537,11.9129675022052,157.915066440962
23.22,1.07439565658569,-6.50064468383789,-0.889025986194611,32.2256213909693,-5.73591730600902,22.0305856301267,5.19411563873291,-10.6162786483765,-4.59286022186279,258.847230674342,19.1949642943042,158.297092581619
23.225,1.25490212440491,-6.49571418762207,-1.09303021430969,30.07608914218,-18.950865286199,19.9068936945148,4.69945764541626,-10.6292476654053,-4.38597726821899,261.441800973976,23.2386924150456,158.149437552142
23.23,1.40767478942871,-6.51861763000488,-1.29432141780853,28.2346001325056,-31.4467032029265,18.007317341044,3.96480464935303,-10.5498027801514,-4.17999172210693,263.426080210891,23.7069087128391,157.44412489769
23.235,1.52734053134918,-6.5745530128479,-1.48620116710663,26.8633047603894,-41.7609786987519,16.5264367063369,3.11140203475952,-10.4356622695923,-4.02037763595581,264.955059037734,20.1122808979517,156.124709934962
23.24,1.63193964958191,-6.61368799209595,-1.64575481414795,25.6949582141764,-51.242561927199,14.9338654032271,2.54731225967407,-10.3918161392212,-3.95618605613708,265.928770805811,11.4636281397303,154.158899529562
23.245,1.74516034126282,-6.59330129623413,-1.75931406021118,24.3634299109553,-61.0897378611601,12.800799886753,2.25628280639648,-10.3837261199951,-3.93476963043213,266.435652804496,2.23869012312006,152.256131770201
23.25,1.84294843673706,-6.52802181243896,-1.81840348243713,22.8851874368151,-70.1400527001288,10.3031610704985,2.20428323745728,-10.4102010726929,-3.95723438262939,266.430379898457,-6.33267819086902,150.56873353575
23.255,1.89389479160309,-6.43277645111084,-1.80818462371826,21.2696274245064,-76.871709561175,7.63393594946223,2.36694383621216,-10.4724082946777,-4.02834558486938,265.816673741153,-12.6549983998617,149.30471140719
23.26,1.82365894317627,-6.32947397232056,-1.68019950389862,19.1370938090139,-80.2158179901374,5.0406241121824,2.6637487411499,-10.5928382873535,-3.95775437355042,264.51079621336,-14.3103707310688,149.301774425847
23.265,1.66690564155579,-6.20111799240112,-1.48928546905518,16.6392646012363,-81.395808301338,2.51308592939274,2.90661954879761,-10.7283744812012,-3.8022985458374,262.768223710792,-12.2613028810076,150.424739487668
23.27,1.43574833869934,-6.06108999252319,-1.23537695407867,13.6917331771841,-80.4846610660583,0.122580844745263,3.01846790313721,-10.8557052612305,-3.58572196960449,260.473799244045,-6.98285585079358,152.533437450504
23.275,1.14165842533112,-5.93530702590942,-0.905946612358093,10.07125821893,-77.2717537408626,-1.98038282743734,2.85923790931702,-10.9343395233154,-3.34059572219849,257.324235093212,1.06610565797048,155.480254266014
23.28,0.794979631900787,-5.87472867965698,-0.458256632089615,5.50253059584333,-71.2501906666877,-3.58613532842819,2.29313635826111,-10.921181678772,-3.04914808273315,254.383456164928,6.81932831545878,157.618540608335
23.285,0.478757113218307,-5.84925317764282,-0.0266116224229336,0.383742866016354,-63.4524915403643,-4.98880987025186,1.54565501213074,-10.8632831573486,-2.75507521629333,250.939128370274,10.0048517047246,158.864203188405
23.29,0.191994860768318,-5.85887050628662,0.405647367238998,-5.15817636355338,-54.1559278912491,-6.21589604332697,0.698104977607727,-10.7693538665771,-2.47695660591125,246.632175004204,10.2524511847794,159.020915048722
23.295,-0.0957241356372833,-5.91769123077393,0.935876548290253,-10.9372450971912,-43.655413627325,-7.22444476437881,-0.10406731814146,-10.6443500518799,-2.25440335273743,240.598741061252,6.31692350577474,157.449151916919
23.3,-0.416216880083084,-6.05044651031494,1.72627437114716,-15.9954134040305,-32.6286640237026,-8.18567094665305,-0.748328447341919,-10.4828758239746,-2.13479280471802,233.482886059392,-1.36721945672896,153.27805101344
23.305,-0.713618874549866,-6.24709177017212,2.62960743904114,-19.8507239263279,-21.3402703635445,-9.44198264541299,-1.27140319347382,-10.3040857315063,-2.09152579307556,225.1811326327,-11.5247113752513,147.496801315023
23.31,-0.971299886703491,-6.50714063644409,3.60241150856018,-22.2558811274468,-9.77175271627767,-11.1294611345874,-1.65404736995697,-10.1040706634521,-2.11600708961487,215.675244176092,-24.4725917018178,140.350265103412
23.315,-1.16751623153687,-6.83837223052979,4.58908987045288,-22.5387995156998,2.4277365258545,-13.5407501380337,-1.76973140239716,-9.84543132781982,-2.19472527503967,204.983744162596,-42.9656498985183,131.992039672662
23.32,-1.32742369174957,-7.28492116928101,5.59244871139526,-20.9979071313976,13.9017956451078,-16.4544362672012,-1.56263279914856,-9.47152614593506,-2.25449562072754,193.493303261505,-62.4049181066028,123.21933104232
23.325,-1.51164364814758,-7.81567144393921,6.66764259338379,-18.2618460480118,23.49654059395,-19.4286404337359,-1.21130692958832,-9.09639072418213,-2.32362413406372,181.453045792607,-80.3339392816436,114.343991989508
23.33,-1.75162053108215,-8.4290018081665,7.85351085662842,-14.658325326825,30.5675861397595,-22.1920598398422,-0.744381844997406,-8.76247692108154,-2.4543719291687,169.158199852585,-96.184588533763,105.483870598168
23.335,-2.12612533569336,-9.17646789550781,9.29112434387207,-11.3790464921434,33.6028709804944,-23.7743500007038,0.0640863031148911,-8.49609279632568,-2.98464226722717,158.422904666131,-112.544701596074,96.7497593668248
23.34,-2.58408045768738,-10.0666570663452,10.8516435623169,-6.8318753729641,35.6395753343843,-24.3745665343971,1.39298391342163,-8.02796077728271,-3.90101552009583,146.925688217383,-125.700356277192,88.4513527328262
23.345,-3.10573029518127,-11.0018873214722,12.3697824478149,-0.912046152207498,38.2641369946642,-24.0863957306723,2.94178819656372,-7.3715500831604,-4.41428804397583,133.083982015272,-128.804936802151,80.6405601338638
23.35,-3.68400001525879,-11.9195995330811,13.740535736084,6.37428684951909,42.3461927219332,-22.8559200762216,4.52932262420654,-6.52576589584351,-4.08275556564331,116.007129392028,-117.79747223765,73.2537856785759
23.355,-4.31550931930542,-12.5766716003418,14.6863994598389,12.5484175667319,47.8800666289909,-19.7109628879838,5.52946424484253,-5.53126239776611,-2.85625910758972,97.0421802557606,-94.6739419346529,64.1657750255779
23.36,-4.88563346862793,-12.8882608413696,15.1556348800659,16.2200788163997,50.9603214352211,-15.31199662851,6.03643655776978,-4.46830558776855,-2.25060033798218,81.2864228217802,-77.1894021500398,55.3833470360463
23.365,-5.30291652679443,-12.8298635482788,15.0856456756592,16.9748966819561,51.1224052393201,-10.0030562187465,6.12709522247314,-3.44415283203125,-2.10436582565308,66.0719305587667,-60.2785641047619,46.4389752612936
23.37,-5.48520946502686,-12.3593244552612,14.3935985565186,14.3044771315888,47.8179153226383,-4.0022513701197,5.83712291717529,-2.54654788970947,-2.31721258163452,49.308378712751,-39.9449748324181,36.9506267304736
23.375,-5.13919305801392,-11.3884162902832,12.9695072174072,6.94590281983652,41.134862087726,2.39205689829082,4.96954011917114,-2.23963761329651,-2.69947338104248,26.1182643106298,-10.6364760095424,26.3199324760636
23.38,-4.52687168121338,-10.2925004959106,11.4444885253906,-2.13053685237726,31.9995148086852,8.55136866632564,3.88298940658569,-2.30968570709229,-3.04445648193359,2.81395448167133,13.7075305509607,17.2856054023946
23.385,-3.8062117099762,-9.22056674957275,10.0146894454956,-12.2273167134713,20.6102426695806,14.2905469607765,2.63343977928162,-2.67562413215637,-3.37061214447021,-19.8671419935453,33.0103145039554,9.47405635998172
23.39,-3.16734957695007,-8.36165237426758,8.93387794494629,-22.5465449502186,7.0428987631267,19.3446649654379,1.27867269515991,-3.25835990905762,-3.69967293739319,-40.9506040744865,46.7876803240849,2.50996090440405
23.395,-2.62223720550537,-7.67124032974243,7.95538091659546,-31.7194599772417,-5.7288894682399,23.6633303983872,-0.0484442040324211,-4.03010702133179,-4.17920541763306,-58.7628085241527,56.846093518507,-4.16610888896877
23.4,-2.071861743927,-7.04132747650146,6.85372591018677,-40.7161100199017,-15.396322144003,27.7290961244856,-1.13522279262543,-4.76686763763428,-4.45966386795044,-74.8325839052244,66.0280397631602,-10.8425308639707
23.405,-1.55538940429688,-6.54899024963379,5.66645431518555,-49.9145375110221,-21.3241101359683,31.5074133393641,-2.09863352775574,-5.52686071395874,-4.49409008026123,-89.3667346853913,72.3321814236769,-17.6820176289911
23.41,-1.16102206707001,-6.36611700057983,4.47942066192627,-59.9501481189002,-22.1579225543705,34.8517642400421,-3.16970634460449,-6.44641971588135,-4.20441007614136,-102.434559963972,71.3643709390428,-24.9796768986306
23.415,-0.7681605219841,-6.58255958557129,3.37025213241577,-69.6737693458704,-17.5082234655601,37.9987534095579,-4.52858829498291,-7.62492036819458,-3.51750731468201,-115.363220138214,52.4167534077942,-32.1454588757754
23.42,-0.308770477771759,-7.06147336959839,2.36113500595093,-76.8217535575855,-9.58429390563843,41.28349041916,-5.57330846786499,-9.04308128356934,-2.03188061714172,-122.765902104079,28.9610675903646,-37.4689253903563
23.425,0.241063356399536,-7.76828718185425,1.4382483959198,-80.2317186705252,1.19452047144272,44.6494110572369,-6.11553239822388,-10.787652015686,0.354572743177414,-122.549685635713,1.88557169090793,-40.4569931333589
23.43,0.934395551681519,-8.67291164398193,0.561156272888184,-77.005492476448,14.6712258466199,47.8174781905314,-5.78059577941895,-13.1476831436157,3.8747730255127,-109.892347896061,-31.4536187694611,-40.0848775971874
23.435,1.80832493305206,-9.72439575195313,-0.243005603551865,-70.1559602107058,25.6288112471594,50.2086010604533,-4.19238233566284,-16.0309867858887,7.01310300827026,-89.3906608380538,-69.1491834968568,-38.0363945820739
23.44,2.82441329956055,-10.8530588150024,-0.886097967624664,-60.8013809347805,35.4222694508457,52.3238696652712,-2.20030045509338,-18.6089248657227,8.83906364440918,-69.6991161778803,-96.854944280043,-35.4737724922822
23.445,3.94243407249451,-12.0420045852661,-1.31894683837891,-49.077193884819,44.9320067190516,54.1762203832732,-0.259798407554626,-20.3864555358887,9.06917858123779,-53.3483502294489,-111.109446625022,-31.9273811808607
23.45,5.01310396194458,-13.2820510864258,-1.40021347999573,-34.4971852145646,56.9116325986879,55.324863541278,0.353110641241074,-19.8820152282715,7.3110499382019,-43.4935381439957,-110.105463458544,-24.0433621238067
23.455,5.39002513885498,-14.2407093048096,-1.2242124080658,-21.0009909618079,66.8890192589862,54.0717253191612,0.184641286730766,-17.7902088165283,5.50666284561157,-39.7475584597426,-114.727807639728,-11.1125162890302
23.46,4.98989725112915,-14.7171773910522,-0.934327185153961,-9.79248234040866,71.1411262060209,51.0982502753203,0.127895161509514,-15.3305168151855,3.77973556518555,-42.157225293261,-128.408444320832,1.00866579476309
23.465,3.77078866958618,-14.6234245300293,-0.590783417224884,-1.82458877379029,66.8749695598635,46.6506394085777,0.530640423297882,-12.9948177337646,2.14840936660767,-50.4538902290213,-151.319644533101,9.4832395493208
23.47,1.82058310508728,-13.9279527664185,-0.309552878141403,-0.838186674317949,43.4164116478879,41.2545611529305,1.69106233119965,-11.456524848938,0.398223876953125,-60.820765011645,-173.137112893198,7.9234164419603
23.475,-0.355355352163315,-13.2519063949585,0.0074871713295579,-5.17673526818877,0.75028795603285,34.8794948080723,3.29428815841675,-10.4906921386719,-0.968420267105103,-70.7743723683479,-182.081450517004,0.814105561738599
23.48,-2.71315145492554,-12.7268342971802,0.154631584882736,-10.3924879920112,-52.6110688745865,27.4150406113539,4.91016626358032,-9.89675331115723,-2.15986394882202,-81.2877888596143,-177.901169839281,-9.69625265896599
23.485,-5.19651031494141,-12.4324550628662,0.0059442212805151,-13.7856286414779,-111.188533385422,18.7909056709318,6.29125595092773,-9.58462810516357,-3.29093623161316,-92.8646862952191,-159.546211237409,-22.4712745580178
23.49,-7.02707481384277,-12.4030227661133,-0.581331431865692,-8.1358114194856,-146.529769471954,9.87998560141298,7.05739736557007,-9.46637535095215,-4.62452268600464,-104.767438395747,-123.629319977439,-34.0651655042776
23.495,-8.19690132141113,-12.7887773513794,-1.06412529945374,-2.02971899135964,-148.13583381377,0.775404856127661,7.28395843505859,-9.48393154144287,-5.56194353103638,-114.596012309503,-85.8213200910211,-41.0526744214432
23.5,-8.70376682281494,-13.6543188095093,-1.06395304203033,1.80731671948321,-127.035316750471,-8.44936320616608,6.69670248031616,-9.679856300354,-6.09940576553345,-122.583180883403,-51.4787532837926,-43.8173266766947
23.505,-8.50531673431396,-15.0804395675659,-0.250002503395081,1.06723093163624,-90.6159011525057,-17.7431973409342,5.02753448486328,-10.0989437103271,-6.2094030380249,-128.801480726431,-25.0771385754448,-42.4058441790495
23.51,-7.07907247543335,-15.9413833618164,2.02831220626831,-1.89702613158945,-77.4050790334613,-24.2182491175048,2.19631695747375,-11.0004978179932,-5.84737253189087,-130.412654049745,-25.9343221936395,-37.3179474738478
23.515,-5.36748123168945,-15.8078498840332,3.79684686660767,-0.394392571675432,-77.9477512233971,-27.0384000748573,-0.288113653659821,-12.1421070098877,-5.19736433029175,-128.760076119682,-39.1995484769704,-32.5126839965012
23.52,-3.48797583580017,-14.9104452133179,4.37828731536865,5.69784369714125,-80.2100669708563,-26.7194421934487,-2.063396692276,-13.3054876327515,-4.6333065032959,-123.922649281534,-64.0669763392337,-28.0039890404638
23.525,-1.5751838684082,-13.480149269104,2.83033323287964,16.8869050624262,-69.2048700291599,-23.6679493138134,-2.61970901489258,-14.2180595397949,-4.63161945343018,-115.754508015386,-100.416614724638,-23.8321863350482
23.53,0.183830976486206,-11.8077297210693,-1.54597747325897,24.311822709134,-42.167429595881,-20.9341251173808,-1.62628877162933,-14.0033960342407,-6.14110279083252,-106.099359434845,-140.390303672327,-20.4083764286609
23.535,1.73990416526794,-9.95568466186523,-6.32440090179443,25.269702098715,-7.98132022442273,-16.384435365945,-0.203557685017586,-13.1649923324585,-7.71428632736206,-98.8235823837591,-163.326761924146,-18.38571152861
23.54,3.16848421096802,-7.86791276931763,-10.843451499939,17.6480425605122,28.0279271459574,-9.29204804030016,1.49506878852844,-11.8855018615723,-9.0421257019043,-93.7165269979355,-168.687135365908,-17.807901430489
23.545,4.60428142547607,-5.40672492980957,-14.0778789520264,-3.17438057596514,56.896852069324,1.76326744214362,3.3258900642395,-10.4115724563599,-9.66559791564941,-90.200386594348,-155.775318438159,-18.8411075613314
23.55,5.68792486190796,-3.06051325798035,-14.814679145813,-40.6559326382193,47.8116042278452,13.3765762960487,4.99427795410156,-9.09154796600342,-9.28395748138428,-87.7336842661654,-136.257561111227,-19.9327015642937
23.555,5.94928741455078,-1.26661312580109,-13.6734819412231,-79.9344415170896,17.7653732576219,23.5677811745406,6.01681709289551,-8.22230625152588,-8.15403652191162,-85.5447042598247,-111.017109297633,-18.5680673341656
23.56,5.2598934173584,-0.175654038786888,-10.9124374389648,-114.580173100818,-24.4740738528677,31.3378982894482,6.36806678771973,-7.88029146194458,-6.58338737487793,-83.1661455228811,-80.3363708289882,-14.9507701214229
23.565,3.33052086830139,-0.130702510476112,-6.90995025634766,-130.871670082727,-60.6883139832601,34.280719444294,6.08877515792847,-8.22786808013916,-5.33325004577637,-79.5019675992227,-44.2210967245746,-10.3826337365862
23.57,0.778497755527496,-1.21113276481628,-3.21511292457581,-121.19509519876,-62.8373237225779,29.060457088072,5.45748138427734,-9.21701049804688,-4.59177875518799,-75.0222309377189,-9.90245265491409,-10.1912663501944
23.575,-1.40205752849579,-2.90575957298279,-0.681622266769409,-98.8450086871855,-41.4474969215104,18.9132804627437,4.19828176498413,-10.3554134368896,-4.21362161636353,-70.4389281178303,21.3858089422883,-10.8212847067837
23.58,-2.83946800231934,-5.06686687469482,0.378470301628113,-69.4264345356459,-1.83422424971848,4.97876735773783,2.27736377716064,-11.4281949996948,-4.1786847114563,-65.8159145781071,47.7659409981491,-10.8103649418481
23.585,-2.79336142539978,-7.51629495620728,-0.637377202510834,-45.8016742155018,41.7237780734374,-10.6612055632061,-0.187155440449715,-11.9248733520508,-4.53854560852051,-60.7391374208742,61.7088876792326,-6.88971384174259
23.59,-2.32600665092468,-9.489013671875,-1.92277503013611,-36.1427075592149,73.3812779896234,-25.9786945175825,-1.76020491123199,-11.8872880935669,-4.62377023696899,-55.5196366307447,61.0626698214794,-2.6836180371648
23.595,-1.93224513530731,-11.2516803741455,-3.02018070220947,-34.8637512220355,94.1444383494368,-39.5939338449307,-2.34563994407654,-11.5977935791016,-4.37543869018555,-51.3119600642609,55.1838781915252,0.338734720830746
23.6,-1.82151162624359,-12.8935060501099,-3.74892544746399,-39.6838635306376,103.893351766904,-50.514197384298,-1.90532600879669,-11.1892061233521,-3.78486967086792,-48.5441795823695,47.7806019992025,1.57171852213032
23.605,-2.29006719589233,-14.4473638534546,-3.96889710426331,-45.6214357685889,101.625462585082,-55.0176655380729,-0.645490169525146,-11.0105495452881,-3.02802348136902,-47.2128322791615,44.0950626589149,0.506529763695055
23.61,-3.16570353507996,-15.2465085983276,-3.70714044570923,-49.1134143779876,94.4130082177909,-54.2306228400124,0.502604126930237,-11.1003541946411,-2.48938179016113,-46.0925344062122,44.1046898105501,-1.40656646899011
23.615,-4.12120151519775,-15.4462289810181,-3.24171137809753,-50.2362428360243,84.8193518303477,-49.9542926270862,1.3095725774765,-11.2641887664795,-2.14205718040466,-45.3830382608934,47.7533290538467,-3.05957000521569
23.62,-4.96348714828491,-15.0988903045654,-2.71134996414185,-48.8836775501596,74.051736188741,-43.0039194484379,1.61787533760071,-11.381368637085,-1.97310698032379,-45.2134070977615,55.2000623247636,-3.83169343569484
23.625,-5.24594163894653,-14.2712535858154,-2.1755096912384,-44.7863392746227,61.8697044832406,-34.4314992853166,1.11207258701324,-11.0526599884033,-1.81368482112885,-45.5983565593835,66.20283113421,-3.3348688905627
23.63,-5.19430685043335,-13.2877645492554,-1.58280003070831,-40.9313019598921,51.0377655351253,-27.4817339935044,-0.0306625496596098,-10.5811986923218,-1.64326882362366,-45.9487828298456,77.0377651202763,-3.66470427511131
23.635,-4.90625381469727,-12.2338256835938,-0.94743949174881,-37.6800055564664,40.516654835759,-21.4783272696907,-1.68362557888031,-10.1536140441895,-1.55558049678802,-46.1295335409462,84.7133472944291,-4.8085458101296
23.64,-4.44504594802856,-11.1730966567993,-0.278133273124695,-35.3570992008801,29.4982414780186,-15.9409341076632,-3.77720856666565,-9.92113399505615,-1.63027954101563,-46.0226547408138,86.655142754707,-6.806159710739
23.645,-3.88714146614075,-10.2502088546753,0.419397264719009,-35.7201476609283,16.7843924607207,-9.93411741190627,-5.37457132339478,-9.95701885223389,-1.71818923950195,-44.933369341791,72.1080009547388,-8.61782982204445
23.65,-3.38012170791626,-9.48404502868652,1.04386532306671,-38.5590201667958,6.99051291973999,-5.3418230748621,-6.58143854141235,-10.0901069641113,-1.72841906547546,-43.4965741630817,46.7644781714743,-9.93042484088623
23.655,-2.9411289691925,-8.88582134246826,1.54212474822998,-43.2252107473571,0.64369655745416,-2.20159878083231,-7.3094334602356,-10.2995166778564,-1.69050753116608,-41.8785091788949,13.2700244912228,-10.6589379404017
23.66,-2.59693431854248,-8.48255062103271,1.8376944065094,-49.0444943541675,-1.3286475642169,-0.672316384097835,-7.41068315505981,-10.564884185791,-1.63786399364471,-40.2740874975751,-25.678581128094,-10.6516356144053
23.665,-2.38016390800476,-8.2573881149292,1.76208257675171,-53.9820141995077,3.07550504999275,-0.95188291037648,-5.97373390197754,-10.6905574798584,-1.40784764289856,-38.761350860579,-58.4532985019136,-9.55706877160676
23.67,-2.15234112739563,-8.0855131149292,1.45867872238159,-57.1960587512001,11.4538840211056,-1.99178241316209,-3.89752316474915,-10.6356315612793,-1.14132857322693,-37.643931912365,-80.1354266636064,-8.43243287476091
23.675,-1.87100410461426,-7.94841575622559,0.976315975189209,-58.631532288305,23.1176529252165,-3.57954206144501,-1.42579972743988,-10.4266595840454,-0.861432194709778,-36.9521020513344,-90.5522711101979,-7.60972207508089
23.68,-1.46464323997498,-7.82782220840454,0.373588413000107,-58.0854108528383,37.3603527033098,-5.48062062964639,1.11585521697998,-10.1020402908325,-0.595737457275391,-36.7560414712092,-88.708543506023,-7.63847887903394
23.685,-1.09513878822327,-7.74226951599121,-0.0978977009654045,-56.2256288890193,51.4283259971504,-7.48053075447739,3.18259763717651,-9.79592227935791,-0.385904997587204,-37.2057274657844,-70.8709170922661,-9.42154928073725
23.69,-0.749465823173523,-7.69749641418457,-0.489887803792953,-53.8896154004157,63.6545763473375,-9.6460968723433,4.53973627090454,-9.46123027801514,-0.248474940657616,-37.9597803501539,-41.7789113604178,-12.2051945845232
23.695,-0.429382026195526,-7.70793771743774,-0.803897619247437,-51.1643118649727,73.4685131657028,-12.004536433313,5.03165006637573,-9.08277320861816,-0.13773700594902,-38.8963563797135,-3.7344174546487,-15.2426292272994
23.7,-0.147063463926315,-7.81852006912231,-1.01843070983887,-47.9627187481372,79.5971257947393,-14.6282571265513,4.21230888366699,-8.62950134277344,0.0828720182180405,-39.8017252749554,39.1034647908212,-16.6585462252633
23.705,-0.0595389790832996,-8.05908489227295,-1.04185378551483,-44.1887591939492,82.7328656426922,-17.3854695982494,2.40205001831055,-8.35132122039795,0.274340391159058,-40.5631684240067,75.7669947648171,-14.9289971858962
23.71,-0.101110942661762,-8.36426734924316,-0.994906604290009,-40.1028307494208,84.3708816094447,-20.1277751820839,0.308490574359894,-8.29992389678955,0.265602827072144,-41.2729958335003,101.170291948603,-12.4443852479361
23.715,-0.258382499217987,-8.71748924255371,-0.909718573093414,-35.8042341198004,84.8505589646655,-22.766185050906,-1.77825915813446,-8.46121597290039,0.05577427521348,-42.0291182651882,113.219271569072,-10.021561762529
23.72,-0.53453266620636,-9.10675239562988,-0.815486431121826,-31.4959830177881,84.2605057524572,-25.0338146855394,-3.21197104454041,-8.71773719787598,-0.188210353255272,-43.1961346320604,107.227351515894,-9.08208802521397
23.725,-0.841404438018799,-9.49312400817871,-0.718672811985016,-27.1607065647774,82.5783531032882,-26.5674021825242,-4.2063250541687,-9.05074882507324,-0.131887570023537,-44.3953519257745,91.3635473194337,-9.2060559586497
23.73,-1.14111745357513,-9.83960437774658,-0.621142089366913,-23.2914402584583,80.538400994448,-27.5067854198328,-4.85619115829468,-9.41721820831299,0.0147388027980924,-45.3587262025427,71.2883236128239,-10.1118577171302
23.735,-1.42277336120605,-10.1265573501587,-0.521871745586395,-20.006363446945,78.3545641205523,-27.8951397307559,-5.11943483352661,-9.77632713317871,0.150384292006493,-46.0240924956341,49.3172647888612,-11.7616105101977
23.74,-1.70514607429504,-10.3086013793945,-0.407734960317612,-16.7785355735075,75.8082832583499,-27.8418540099461,-4.48420667648315,-9.91150379180908,0.019707603380084,-46.6901588831154,29.4616794753915,-14.4312061689965
23.745,-1.98553133010864,-10.3802700042725,-0.291774690151215,-12.9790396495601,72.8435235358899,-27.4290971406657,-3.51322436332703,-9.77181720733643,-0.195674702525139,-48.0119849026205,15.0902613672947,-16.7942586689768
23.75,-2.26563668251038,-10.3554563522339,-0.187424257397652,-9.28531688887311,69.644583947547,-26.8126674454302,-2.51866912841797,-9.47853755950928,-0.359396576881409,-49.8231051836977,5.87577567454878,-18.4568223356063
23.755,-2.54552745819092,-10.2371997833252,-0.104092136025429,-6.09372786473753,66.2267231359267,-26.0642648350517,-1.67392575740814,-9.10144329071045,-0.395414054393768,-52.0127477183879,1.84624879775228,-19.1973172944732
23.76,-2.81043076515198,-10.044716835022,-0.071905292570591,-3.9972175207014,61.3474750494906,-25.1980260935648,-1.1577764749527,-8.89805316925049,-0.282073229551315,-53.6791704418985,1.45795275688047,-19.4703353235243
23.765,-2.99129366874695,-9.82114410400391,-0.112828068435192,-2.55755579697481,54.8818301509543,-24.0788705697543,-0.815863072872162,-8.84336853027344,-0.296902924776077,-55.1030292423198,2.21674109677881,-20.235960255895
23.77,-3.07807230949402,-9.57459449768066,-0.212098971009254,-1.79268581395081,47.3038035687169,-22.7661457773183,-0.611304402351379,-8.88806438446045,-0.407968878746033,-56.5066911733653,4.40401206172313,-21.514949036473
23.775,-3.05701327323914,-9.31011772155762,-0.361541390419006,-1.75820275015235,38.9225604004643,-21.2952389263466,-0.523155510425568,-8.99896621704102,-0.595746040344238,-58.0659106627579,8.33119324956205,-23.35524447059
23.78,-2.93330335617065,-9.10354042053223,-0.550788938999176,-3.07259944483114,32.0098966962236,-19.5944825494257,-0.537861704826355,-9.08944606781006,-0.843052387237549,-59.198513121497,13.3776674187686,-25.1262032393476
23.785,-2.81254315376282,-8.96210289001465,-0.710701048374176,-5.1182953158765,27.0514115852261,-17.8568824245745,-0.692868947982788,-9.11716651916504,-1.18946123123169,-60.0186480860862,18.332500939881,-26.2702104064532
23.79,-2.69529724121094,-8.86854267120361,-0.823878109455109,-7.75619462805817,23.8259435421468,-16.1394859992881,-0.966952681541443,-9.12372207641602,-1.56104743480682,-60.6015842411793,22.8953422205636,-26.7827631696966
23.795,-2.58254623413086,-8.804856300354,-0.864864349365234,-10.8570877046393,22.1889264905605,-14.5155197316584,-1.34260606765747,-9.15974235534668,-1.86686718463898,-61.0236284601836,26.6586740004031,-26.6096281195205
23.8,-2.48053860664368,-8.76022624969482,-0.799751937389374,-13.6309504699865,23.0862186871088,-13.29105293613,-1.57281506061554,-9.26012134552002,-2.02454042434692,-61.1677454516709,27.1172819295817,-26.5547031533099
23.805,-2.39739918708801,-8.73686218261719,-0.705239295959473,-15.8043798431344,26.9899296374123,-12.4362889124487,-1.65836679935455,-9.3704833984375,-2.21212577819824,-61.2478430800676,25.4125418448274,-26.9925763357156
23.81,-2.32507276535034,-8.73309707641602,-0.620108902454376,-17.3405850101186,33.9358939289513,-11.9092015066516,-1.60551035404205,-9.48368644714355,-2.41571402549744,-61.2940083286677,22.5008748903333,-27.8583489167917
23.815,-2.24857950210571,-8.74759864807129,-0.610757529735565,-18.1315721424249,44.2625491426474,-11.6677901779848,-1.41143381595612,-9.59222602844238,-2.59189248085022,-61.3371751242222,19.9472515747731,-29.0346594635769
23.82,-2.20084357261658,-8.75986862182617,-0.682563543319702,-18.4103224077369,55.9416706044652,-11.5623499864463,-1.13179457187653,-9.65497398376465,-2.64321279525757,-61.299042178086,19.2274691645643,-30.2498184188139
23.825,-2.19124317169189,-8.77333927154541,-0.78263533115387,-18.454981599625,67.0880987827245,-11.5109254921853,-0.873288035392761,-9.67488193511963,-2.66710686683655,-61.3059543295261,19.3572905701187,-31.3655366499246
23.83,-2.22046899795532,-8.79336452484131,-0.894163191318512,-18.3256553827854,76.832299369664,-11.4948540570683,-0.66961669921875,-9.65733909606934,-2.66012859344482,-61.345282558767,20.0428964212681,-32.291095584353
23.835,-2.29064917564392,-8.83485698699951,-0.988521337509155,-18.0802296104339,83.2027758273999,-11.4928630569252,-0.585010588169098,-9.61355018615723,-2.57401585578918,-61.3373117280056,20.8379594689616,-32.7955699413556
23.84,-2.39372611045837,-8.9144983291626,-1.04277789592743,-17.5491602043506,87.7757923823985,-11.5343359655655,-0.554875254631042,-9.63493156433105,-2.49560737609863,-61.3228385571543,21.3227799566274,-32.9847217851353
23.845,-2.51579189300537,-9.02184104919434,-1.08325457572937,-16.6545078759165,91.7984322940775,-11.6266570712556,-0.502966642379761,-9.70766448974609,-2.43624925613403,-61.4181401866435,21.3156970504581,-33.1673712888252
23.85,-2.65478897094727,-9.15718650817871,-1.11394989490509,-15.4287382218039,95.3128105088592,-11.783372346667,-0.411300450563431,-9.81943702697754,-2.3892674446106,-61.6517668072038,20.8933847465289,-33.4291997604685
23.855,-2.81502175331116,-9.3323860168457,-1.12720239162445,-14.1013012018957,97.2683688003147,-12.060322003359,-0.272193133831024,-9.92660331726074,-2.31217098236084,-62.0406367974093,20.5953187062442,-33.8612536217014
23.86,-2.98758602142334,-9.50534248352051,-1.09307706356049,-13.161978582516,97.8036780463253,-12.4597634188524,-0.125446319580078,-10.0028076171875,-2.2217321395874,-62.5913071388633,21.552339199537,-34.4582770419577
23.865,-3.15649914741516,-9.63817977905273,-1.01109170913696,-12.5812212577682,96.9853804026228,-12.963190195591,0.0084960861131548,-10.0419120788574,-2.12102723121643,-63.2849333396456,23.5398132574367,-35.271523760769
23.87,-3.31380462646484,-9.71148872375488,-0.875278413295746,-12.3865028098149,94.7329820898385,-13.5763106641737,0.108567371964455,-10.0368537902832,-2.00910449028015,-64.102664077647,26.5672109372275,-36.3176799302777
23.875,-3.44071912765503,-9.68417453765869,-0.651185631752014,-12.7892099095052,90.5576669596422,-14.3697020230678,0.0656560808420181,-9.95726776123047,-1.87245619297028,-64.9097465507324,31.0704075909829,-37.5352157913459
23.88,-3.52714776992798,-9.56756973266602,-0.346015304327011,-13.747149917015,85.2616270696735,-15.2470381144086,-0.0687135979533195,-9.87306880950928,-1.72055494785309,-65.7433984596891,36.1272201052719,-38.8264323180855
23.885,-3.58947587013245,-9.41374969482422,-0.0319731123745441,-15.1242347282264,79.4507411804476,-16.2073422211449,-0.292124629020691,-9.77825736999512,-1.57177233695984,-66.7123700764821,40.8295321412589,-40.2505984770195
23.89,-3.63725352287292,-9.24793243408203,0.254871249198914,-16.8653797212569,73.4920568277718,-17.2709444013412,-0.609874188899994,-9.67003440856934,-1.43343484401703,-67.8880232175598,44.6265811499361,-41.8509083844589
23.895,-3.71081805229187,-9.06656455993652,0.5423464179039,-18.8527000999002,68.7518304117021,-18.7300947892039,-1.05123102664948,-9.56564331054688,-1.25978136062622,-69.3864164572988,46.5862478001774,-43.7086549519052
23.9,-3.83631038665771,-8.90389347076416,0.847932696342468,-20.3945435880443,65.9251497935032,-20.5163668420807,-1.4929119348526,-9.52969264984131,-1.03139877319336,-71.1212230347795,47.1162090080679,-45.7725878549213
23.905,-4.0109338760376,-8.80466461181641,1.11237895488739,-21.2361680353098,64.9907184433429,-22.3720080037154,-1.91189575195313,-9.55648136138916,-0.778864800930023,-73.0927571387037,45.8876867877198,-47.9942912975756
23.91,-4.23547077178955,-8.80838012695313,1.28600740432739,-21.1319478863118,66.0474579909706,-24.0961150898613,-2.28847026824951,-9.64531421661377,-0.52503776550293,-75.3157514871111,42.5313386597647,-50.3448940702463
23.915,-4.52076387405396,-8.94902610778809,1.30974876880646,-19.3566553625259,68.2507267530549,-25.3077103938988,-2.48214626312256,-9.78024864196777,-0.32179006934166,-77.1890811311488,38.2780159390577,-52.1730590883973
23.92,-4.81487464904785,-9.13838386535645,1.29991567134857,-16.6636654520462,69.5324049206187,-25.9474668926972,-2.54872822761536,-9.87769317626953,-0.134479328989983,-79.3688062311642,33.0111068058991,-54.0778588290359
23.925,-5.1020302772522,-9.34004592895508,1.27672266960144,-13.1171682726925,69.4995858616568,-25.9647301958244,-2.51796102523804,-9.9326057434082,0.0383753404021263,-81.9927600046079,26.9822064010083,-56.2201032659808
23.93,-5.36187791824341,-9.50921821594238,1.26453971862793,-8.73215096705118,67.5574898730553,-25.2479752669651,-2.41972827911377,-9.93538188934326,0.197522506117821,-85.2682796739251,20.4488077334528,-58.8200933207216
23.935,-5.59696674346924,-9.57129955291748,1.26949667930603,-4.9794627563727,64.4904070866395,-24.2942793682508,-2.35269665718079,-9.92028522491455,0.376884013414383,-88.810545551088,16.3070083415137,-61.7502649652246
23.94,-5.82446098327637,-9.60470294952393,1.28692173957825,-1.36738572914657,59.9775030265261,-23.2091313563178,-2.36817193031311,-9.95207786560059,0.599038600921631,-92.6508194119276,13.674295704233,-64.7685392198315
23.945,-6.03858709335327,-9.64479446411133,1.30820333957672,2.31211230882017,53.8871804379766,-21.9921248349103,-2.45232629776001,-10.0658740997314,0.858343482017517,-96.7815334068437,12.0796497311629,-67.8192295522394
23.95,-6.22518968582153,-9.75103378295898,1.31792235374451,6.40853341801754,45.8378366520624,-20.6174929153846,-2.58078908920288,-10.3300199508667,1.14564096927643,-101.215630744314,10.8327790613832,-70.8257080701498
23.955,-6.3210301399231,-10.0376863479614,1.29766190052032,10.0630705296625,37.5517106981914,-19.3012061792964,-2.66775369644165,-10.7745923995972,1.44292676448822,-106.038488788962,8.70222022433454,-73.6572517830378
23.96,-6.3173975944519,-10.4587163925171,1.24922287464142,13.7548372949258,29.3062141245983,-17.9654892625669,-2.72271323204041,-11.2210874557495,1.70723855495453,-111.100041454535,6.91823329662198,-76.157244453235
23.965,-6.20340204238892,-10.9998807907104,1.18951487541199,17.6389942674092,21.1410064246986,-16.5480986512896,-2.73980927467346,-11.6756811141968,1.93856835365295,-116.347873869342,5.63922317170279,-78.3366690249268
23.97,-5.94050121307373,-11.647403717041,1.16604936122894,22.0101923928123,13.0778707793028,-14.8888185981036,-2.6951048374176,-12.2219839096069,2.14951777458191,-121.701048291718,4.92453650950157,-80.2552486722159
23.975,-5.56957626342773,-12.3277101516724,1.28820323944092,27.1607697440272,3.8550953713386,-12.9073627906363,-2.53611159324646,-12.9559164047241,2.2915678024292,-127.072568602204,4.67517526752769,-82.2756049683273
23.98,-5.16639518737793,-13.028826713562,1.54746305942535,32.8465982846448,-6.98903333001104,-10.7453432484969,-2.29857277870178,-13.7525606155396,2.4189465045929,-132.423762269721,5.56724365002143,-84.2020803142969
23.985,-4.77043724060059,-13.720118522644,1.91902673244476,38.9911115940691,-19.7140774542454,-8.44693848901073,-1.98979771137238,-14.589147567749,2.52422070503235,-137.617697661787,7.459915536015,-85.9751564416972
23.99,-4.49017381668091,-14.2705945968628,2.29566478729248,45.4811197773748,-35.0696131236196,-6.07671044842045,-1.60815095901489,-15.4843254089355,2.51847076416016,-142.054165074898,9.01989403017913,-87.5127344767047
23.995,-4.26068305969238,-14.8563165664673,2.71229815483093,52.8994121405877,-51.8257712898588,-3.76140865470129,-1.24766492843628,-16.4557514190674,2.3677830696106,-144.85078603056,10.0447972123117,-88.6703900693193
24.0,-4.03588438034058,-15.5090761184692,3.17569088935852,62.1567841642454,-68.2017611268951,-1.57468207717816,-0.959643125534058,-17.4613189697266,2.24815130233765,-146.871196968185,12.5702502664138,-89.6568606307659
24.005,-3.79790496826172,-16.1975746154785,3.65194869041443,73.855443382184,-83.0197677387786,0.402765663226353,-0.736963748931885,-18.4679584503174,2.13852477073669,-148.332734507163,16.8362113984063,-90.5005870687484
24.01,-3.52930617332458,-16.5672283172607,3.83962368965149,89.8486386822815,-91.8495904109609,1.75998703035131,-0.36345162987709,-19.3183650970459,1.37875235080719,-148.793089257222,18.7892305670379,-90.8977147576605
24.015,-3.14946126937866,-16.6311454772949,3.63176918029785,107.836713672886,-93.9722766012175,2.31756173256078,0.290562897920609,-20.0420722961426,0.544385969638824,-148.547161465966,16.860815447344,-90.7598747100204
24.02,-2.69260549545288,-16.5728549957275,3.21333265304565,126.537928714732,-92.4495883786007,1.91281859616758,1.11372911930084,-20.6750221252441,0.332605510950089,-148.053448072001,16.4955557135519,-90.1517214965117
24.025,-2.17869782447815,-16.4890441894531,2.69557619094849,145.27294636278,-88.9762869214875,0.404491459930545,2.03435730934143,-21.206714630127,1.13504016399384,-147.463838822089,20.9548974301941,-89.0861914954222
24.03,-1.71878576278687,-16.498743057251,2.53479790687561,163.276682977152,-88.6167321031997,-2.24251695004597,2.65071105957031,-21.1975269317627,2.75522541999817,-145.404823655275,35.6582115055347,-87.6524596565556
24.035,-1.25732374191284,-16.4089088439941,2.37392210960388,176.887761011748,-89.695471690144,-3.95981881990099,2.76512598991394,-20.7915382385254,3.9388542175293,-142.623393040327,57.1923738641429,-87.2079372849929
24.04,-0.711083173751831,-16.2117729187012,2.0686342716217,186.650286996231,-91.0922931867358,-4.29789226636229,2.29090905189514,-20.0746650695801,4.53809309005737,-137.634896078117,84.8150693017381,-87.7147304912186
24.045,-0.0086301565170288,-15.8945837020874,1.49523115158081,192.761708039127,-91.9350633982345,-2.81451199586233,1.12302184104919,-19.0962619781494,4.39949989318848,-129.122581579692,118.30826110454,-89.2009318432892
24.05,1.13598656654358,-15.7412805557251,0.909588873386383,195.664743342057,-95.5632598853452,0.878510403630412,-0.515013217926025,-17.855016708374,2.24212551116943,-113.265580251644,144.886111768948,-92.4634468324267
24.055,2.67197394371033,-15.678427696228,0.376456946134567,196.279187159791,-105.865657682204,4.7408112510174,-2.2543797492981,-16.5643081665039,-0.599956691265106,-101.264814936527,165.659367148354,-95.1332448355796
24.06,4.52339553833008,-15.6154050827026,-0.362834274768829,196.145861867193,-122.667492738518,8.25494016389438,-4.25157833099365,-15.2904987335205,-3.18983244895935,-94.5194908669514,183.752797806906,-96.209095252505
24.065,6.61910772323608,-15.4383382797241,-1.64913856983185,197.14311046715,-146.249144319715,10.7439848946257,-6.72307157516479,-14.1182699203491,-4.33095264434814,-95.1918273680908,202.886247709998,-94.310446097214
24.07,8.47354412078857,-15.0056648254395,-3.74643802642822,201.249406535783,-168.757090163387,12.0794815377546,-9.07071304321289,-13.2909507751465,-4.53369426727295,-95.3482933415974,190.771172348931,-91.0210816344492
24.075,9.8388500213623,-14.4506530761719,-5.53031873703003,205.561946996594,-180.758374572881,13.8776406811081,-10.4667510986328,-12.6479825973511,-6.28010702133179,-92.2720034601804,157.655737818555,-88.3207253649497
24.08,10.6201124191284,-13.8201427459717,-6.77021503448486,209.110899628954,-178.349394173374,16.5073702332688,-10.7216472625732,-12.0868816375732,-9.33652591705322,-85.0837347927405,103.453590037192,-85.2976221665995
24.085,10.6021070480347,-13.1809072494507,-7.09036302566528,210.283848015121,-153.609916244833,20.5850631772054,-9.44328689575195,-11.4389934539795,-13.1368455886841,-71.9707551335565,24.7026768692934,-79.981904501632
24.09,10.0222110748291,-12.7195777893066,-7.00116443634033,209.037420453863,-102.973782908377,25.7854189470913,-5.88061189651489,-10.5752191543579,-13.6210050582886,-59.9050688703781,-71.5524470280283,-66.240595250131
24.095,8.96332550048828,-12.3444013595581,-6.88983774185181,207.769464136342,-40.3261847654694,31.4012551241892,-1.20520043373108,-9.56154537200928,-12.4122858047485,-53.7709067126409,-149.658761093007,-48.5208988825835
24.1,7.41845893859863,-12.0375032424927,-6.74032783508301,206.795738707887,29.176160492612,37.074219003505,3.72197580337524,-8.41786098480225,-10.453221321106,-54.2987403166049,-196.171898548309,-28.6074738196749
24.105,5.29294395446777,-11.7864599227905,-6.36164903640747,206.18954575867,96.2041775163026,42.0241697931346,6.84518814086914,-7.16620445251465,-9.82722759246826,-62.443173996144,-182.073459195675,-9.87546401618243
24.11,3.19703817367554,-11.6333026885986,-5.43242883682251,202.675249506158,147.085651247745,46.0434458366473,7.14633941650391,-5.95956659317017,-11.1014175415039,-71.6777878294872,-146.055672381285,5.65297234250203
24.115,1.20247507095337,-11.5004444122314,-4.28665971755981,195.815075805689,185.321050221476,49.822773919523,6.78759956359863,-5.0083475112915,-12.4462575912476,-73.9344959916377,-125.070448911177,18.4214197575908
24.12,-0.696219325065613,-11.3809776306152,-3.06307435035706,185.582182013824,211.522721387156,53.4275599332535,6.47141456604004,-4.38569498062134,-13.0982694625854,-67.3286853660491,-121.296509847556,28.6819758155941
24.125,-2.59632563591003,-11.3202590942383,-2.07509779930115,172.289035624714,225.04782100048,56.4723114161781,7.31368780136108,-4.22256422042847,-11.3240833282471,-51.133531617478,-107.949384473435,37.1674852366215
24.13,-4.52194213867188,-11.3816690444946,-1.14553499221802,158.302078619713,223.121079277133,58.2418426753991,8.45801734924316,-4.36857748031616,-8.25185680389404,-37.1804079545312,-70.3932614730396,42.6691411413643
24.135,-6.28276443481445,-11.518892288208,-0.1313845962286,145.878879764809,211.740385855626,59.2518705592931,8.94860172271729,-5.01319313049316,-5.32108163833618,-24.6523349600158,-24.5562973776436,46.1469061271001
24.14,-7.75225400924683,-11.7081117630005,1.02207231521606,135.693647032972,191.681704867186,59.723836630941,8.44446849822998,-6.20314455032349,-3.16472411155701,-12.7379194577066,23.0458317785465,47.9154709145536
24.145,-8.48263454437256,-11.8671979904175,2.3381872177124,126.540715431913,155.022071516111,60.200911684088,7.00971460342407,-7.66663885116577,-2.85255527496338,3.16360552566262,62.0200301166834,48.3584599086477
24.15,-8.59560871124268,-11.9646043777466,3.48364853858948,118.045121236577,104.055384344584,60.1797107769043,5.94149732589722,-8.3278694152832,-3.47819066047668,17.1620660633293,86.8577944673813,48.6513418353524
24.155,-8.23381900787354,-11.9529886245728,4.22555637359619,112.0780494116,49.6058880926184,59.4888439725467,5.02897310256958,-8.2845458984375,-4.41092252731323,29.3094208984136,105.603364757697,50.9616055107851
24.16,-7.4387001991272,-11.7909812927246,4.38877773284912,109.701047957787,-2.18373484794496,57.9661625801191,4.17421531677246,-7.56886720657349,-5.32050752639771,39.6693801145026,122.121104925673,56.599141198876
24.165,-6.0756983757019,-11.2927350997925,3.43701028823853,109.717057921202,-40.092452276977,54.9909458380399,3.4618706703186,-6.53673505783081,-5.94718933105469,50.7463042877679,135.641204840525,66.5336103655246
24.17,-4.51951265335083,-10.6542978286743,1.96319103240967,108.408584921524,-66.169486150682,50.6548753755381,3.05578351020813,-5.62224912643433,-6.45658254623413,61.4755752473742,140.032333457926,76.8029568769897
24.175,-2.92535042762756,-9.96203422546387,0.28118908405304,105.807232244044,-82.6189449175256,45.2870023860684,2.86193108558655,-4.8698582649231,-6.70811986923218,72.3772470118207,137.150061930073,86.8515789952366
24.18,-1.41441798210144,-9.28138732910156,-1.37192702293396,101.858979922615,-90.605669529129,39.0860546386269,2.81847238540649,-4.324866771698,-6.57413291931152,83.8758226682129,128.026008368824,96.2237255177072
24.185,-0.306494742631912,-8.67775249481201,-2.49367761611938,98.159974864379,-90.4293481957052,32.6997936137191,2.72908115386963,-3.85728621482849,-6.08429145812988,94.5220112067552,117.33737703478,105.334917832748
24.19,0.414900690317154,-8.18192768096924,-3.20165991783142,95.4804779926047,-86.6781263412641,26.5520410870809,2.46996402740479,-3.37672233581543,-5.67426681518555,102.751883722622,107.748098798595,114.402144220102
24.195,0.793285131454468,-7.75022459030151,-3.56951642036438,93.7719744736177,-79.7909119218709,20.9145651631451,2.12056040763855,-2.957275390625,-5.35991144180298,108.947158997958,96.8514950345122,123.121413450378
24.2,0.85694819688797,-7.33268594741821,-3.66360831260681,93.0482134782173,-70.0779116390601,16.1680652183228,1.77373421192169,-2.69674777984619,-5.1685004234314,113.430898150315,81.5232049897371,131.084034324401
24.205,0.585448563098907,-6.86898040771484,-3.5361795425415,92.5964306155668,-57.3703583486297,13.4211603558559,1.50306665897369,-2.71190118789673,-5.02451133728027,118.336264880137,60.6689299063956,138.034626069103
24.21,0.200663432478905,-6.47018671035767,-3.24594640731812,91.5623604657944,-43.7455174828558,12.4036184101013,1.22379565238953,-2.93741273880005,-4.95670413970947,123.471214758531,40.224145154364,144.623108504767
24.215,-0.19667275249958,-6.14870738983154,-2.80867338180542,89.7878021873442,-29.9758970972451,13.006435538321,0.96496593952179,-3.36495566368103,-4.95480060577393,128.620685619101,20.4724828766634,150.904054842862
24.22,-0.440371245145798,-5.92448425292969,-2.23257064819336,86.9849999104836,-17.291264214122,15.2220823107287,0.792683660984039,-4.00689458847046,-5.00323534011841,133.398949358658,1.39955293192957,156.880128857165
24.225,-0.444579929113388,-5.80826616287231,-1.62083637714386,83.5502412108568,-7.51771686563988,17.8369280269143,0.933538675308228,-4.74389171600342,-4.71806669235229,138.532505878462,-14.8144754040826,162.003685980023
24.23,-0.361305683851242,-5.74124574661255,-1.06852781772614,79.9081316284067,-0.0616566579163406,20.2048521593202,1.32181322574615,-5.52087163925171,-4.24947452545166,143.368662301424,-26.3362378451597,165.604042616077
24.235,-0.237116545438766,-5.71215057373047,-0.597074687480927,76.3300072581013,5.09956779094597,22.1385845812829,1.88559508323669,-6.33582925796509,-3.73185086250305,148.239242877804,-33.0935745099378,167.506154677277
24.24,-0.148488610982895,-5.71302318572998,-0.241602525115013,73.4566013157903,7.60737761264828,23.2888311261954,2.45553684234619,-7.20641374588013,-3.49709129333496,154.350008222539,-35.1101093152086,167.290307039127
24.245,-0.168181747198105,-5.71398258209229,0.0134302321821451,70.3357444500389,8.56996556388829,24.10032248639,2.84194731712341,-8.12919902801514,-3.56573963165283,163.241849012385,-32.7745944304145,165.196034435817
24.25,-0.260877549648285,-5.69914150238037,0.210386246442795,66.4670501720628,9.19951434497212,25.0688791691909,3.13557076454163,-9.01502990722656,-3.70479416847229,172.979103296938,-28.6290486797157,161.778740529898
24.255,-0.405728191137314,-5.67639017105103,0.356838166713715,61.8481347458417,9.80610856780283,26.3355804394521,3.36185741424561,-9.77796077728271,-3.87903022766113,183.089449834715,-23.8702356113671,157.307712359586
24.26,-0.540761828422546,-5.6984338760376,0.44576233625412,56.9683504895557,10.6246341690689,28.0629643088523,3.548828125,-10.1060705184937,-4.157066822052,193.304366568684,-21.5410096232512,152.484164465831
24.265,-0.610302567481995,-5.78139448165894,0.483960062265396,52.1479513130083,11.7351606026368,29.8102445193048,3.67097115516663,-9.8837776184082,-4.53206586837769,202.98095511303,-20.8572564609141,149.225371929792
24.27,-0.645163536071777,-5.89976263046265,0.482213348150253,47.5497791712965,12.5084985261278,31.1900349392011,3.77061915397644,-9.35388469696045,-4.86300373077393,211.727818307553,-21.3801894041487,147.93577757298
24.275,-0.655051529407501,-6.04330015182495,0.436530709266663,43.2892813368664,12.4884980246907,31.9948190536308,3.86504650115967,-8.63536548614502,-5.08954334259033,219.39776557564,-23.1096684340768,148.802050465413
24.28,-0.64155513048172,-6.19140291213989,0.295316427946091,39.7865485946196,9.84053186744605,31.721597826452,3.98166060447693,-8.08918571472168,-5.12780714035034,226.121977530491,-26.9495512665864,151.712885844375
24.285,-0.651827096939087,-6.32557821273804,0.0643086805939674,36.9232888983207,4.04205515128159,30.4456638479802,4.15982437133789,-7.78721284866333,-5.02590799331665,232.889697790355,-30.1212981642963,155.016429779857
24.29,-0.690380930900574,-6.4402904510498,-0.186897844076157,34.4118351706962,-4.87273336662844,28.4453746476503,4.34529066085815,-7.72009086608887,-4.85025930404663,239.65666672941,-31.5527965313043,158.364820737429
24.295,-0.761141180992126,-6.53384494781494,-0.425539344549179,32.1130632885421,-17.1492218925951,25.8539581878651,4.49755525588989,-7.90469980239868,-4.64836072921753,246.338121700057,-30.6675118073168,161.544000588503
24.3,-0.86359304189682,-6.64780044555664,-0.702818334102631,29.9035892995967,-34.4130031330442,23.1494901444852,4.39560747146606,-8.49894523620605,-4.7180027961731,251.829785038044,-29.0131477827859,163.960999630096
24.305,-0.937008857727051,-6.7960958480835,-1.05563843250275,28.1166427655394,-53.8879693248258,20.552474637128,4.16151809692383,-9.16821193695068,-4.81848621368408,255.915167067439,-29.5570972180966,165.175120396579
24.31,-0.932826697826385,-6.9353141784668,-1.43799877166748,26.7516431202907,-74.0345309422217,18.0748849874084,3.8713059425354,-9.8366527557373,-4.86274242401123,258.842149013599,-32.0603547187171,165.4129339231
24.315,-0.807644248008728,-7.03034353256226,-1.81509482860565,25.8339611015226,-93.6684219756111,15.7335627342724,3.58204030990601,-10.4438457489014,-4.77802848815918,260.737062055414,-36.4526478833718,164.794965727754
24.32,-0.442562431097031,-6.96618318557739,-2.09568953514099,24.8763805327179,-109.166305617478,13.3541963274595,3.2822482585907,-10.8408966064453,-4.53368139266968,263.268521407118,-44.8652928463335,162.525375828829
24.325,0.0262401923537254,-6.86027526855469,-2.2940366268158,23.5183562181591,-120.29810011544,10.9854816006572,2.95249629020691,-11.0928144454956,-4.26696729660034,266.501932960202,-54.4595332149508,158.741109519183
24.33,0.555531620979309,-6.710768699646,-2.40723657608032,21.7002606063919,-126.801095903453,8.68805099690135,2.72563695907593,-11.2305402755737,-4.10914039611816,269.994618494179,-64.4349186298223,153.565096543499
24.335,1.09564769268036,-6.5119833946228,-2.42509651184082,19.3117929725099,-127.989166328441,6.54356711168234,2.77650284767151,-11.2841634750366,-4.23348426818848,273.210380838448,-73.8150564736217,147.044738414617
24.34,1.50932586193085,-6.22385454177856,-2.2917366027832,17.0453381304138,-125.724671750637,4.97755969491521,3.54816102981567,-11.2036695480347,-4.65280771255493,274.822988501488,-81.0597288432275,139.460428058343
24.345,1.75120687484741,-5.9268536567688,-2.05550622940063,14.2529553071321,-121.426870838055,3.6403081200565,4.53222274780273,-11.0071620941162,-4.95663499832153,274.976804361597,-82.8087763651277,132.378450794767
24.35,1.8175562620163,-5.62480211257935,-1.71939897537231,10.6039071062589,-114.97022471375,2.3571315797436,5.52235698699951,-10.7391204833984,-5.0917181968689,273.740977253931,-78.3210552124842,126.269857450187
24.355,1.68759572505951,-5.31594181060791,-1.27348554134369,5.44956461326399,-105.740105144881,0.839557567989564,6.18177604675293,-10.47438621521,-4.98261308670044,271.085208459334,-65.8894757154682,121.964707254058
24.36,1.47694087028503,-5.01423215866089,-0.752496600151062,-0.922569339284372,-94.4873821476632,-0.204868362523999,6.30620431900024,-10.2074813842773,-4.65415000915527,266.824645738106,-49.323265110047,119.571641195318
24.365,1.25193703174591,-4.76340961456299,-0.21192954480648,-7.89205135951795,-82.0063725716238,-0.900604411408963,5.98503684997559,-9.94860076904297,-4.20260572433472,261.378280214695,-31.8813286303819,118.298193405704
24.37,1.02388942241669,-4.57967567443848,0.344101995229721,-15.2504293033315,-68.4787731090633,-1.40500502371282,5.21246099472046,-9.71399116516113,-3.67886519432068,254.6389598814,-14.544168960132,118.002555497669
24.375,0.801283955574036,-4.50035858154297,0.925217866897583,-22.6522592030975,-54.0492130156568,-2.1131766459412,3.89802360534668,-9.54941558837891,-3.18938183784485,246.025107790773,1.01138196889693,118.649278789421
24.38,0.654041230678558,-4.5128116607666,1.5983362197876,-29.9035722241238,-39.3170618816404,-3.14689824262254,2.42521286010742,-9.45947456359863,-2.79264378547668,235.508583563435,7.86545716421086,119.451170318737
24.385,0.566352069377899,-4.61685943603516,2.32983541488647,-36.777932227499,-24.9595756519032,-4.46569421945705,1.05034101009369,-9.41931533813477,-2.46298480033875,224.092537082784,7.91179572886117,119.594057876174
24.39,0.529833972454071,-4.80150604248047,3.07818460464478,-43.0910692471527,-11.1981856442424,-6.11806425563711,-0.151097506284714,-9.40940761566162,-2.19474577903748,212.545651498392,2.46193016038687,118.867312088106
24.395,0.521178007125854,-5.01561307907104,3.68319225311279,-48.2095173885118,1.61104226905961,-8.37081773825823,-1.08310890197754,-9.36345195770264,-1.98718285560608,203.451896656302,-4.25739394033917,117.102254602791
24.4,0.482684105634689,-5.3498477935791,4.39352035522461,-51.8928642380759,14.0920702012324,-11.2537304501202,-1.7595489025116,-9.21683502197266,-1.87560784816742,193.583789607629,-13.7703179186797,113.539785026064
24.405,0.373472809791565,-5.91284704208374,5.3174524307251,-53.837999660858,26.7966096706915,-14.3975060156316,-2.14630055427551,-8.99575805664063,-1.91328108310699,181.753341889655,-27.0168525355732,107.975079645092
24.41,0.164858281612396,-6.7566385269165,6.49795150756836,-53.6904914804478,40.1372241669864,-17.5956840378821,-2.19210577011108,-8.70894145965576,-2.1366970539093,167.754363751716,-44.1552844368269,100.328648718317
24.415,-0.242547497153282,-7.94150495529175,7.92755031585693,-49.8830639993267,55.8413317104631,-20.1469065419491,-1.65314757823944,-8.37271213531494,-2.65403485298157,153.695088703783,-62.9334722955242,91.0283557859153
24.42,-0.862529695034027,-9.25908946990967,9.53825759887695,-42.9931994665355,74.8106180168536,-21.7646129412045,-0.640249252319336,-8.01040840148926,-3.43385910987854,140.430970618645,-80.7769931625349,81.6153305812622
24.425,-1.63386702537537,-10.6292171478271,11.1854476928711,-34.2768672176021,96.2199757438528,-22.3970150338141,0.66999489068985,-7.53351593017578,-4.22832059860229,127.228515481334,-96.517437312396,72.5028337000897
24.43,-2.52890086174011,-12.0054159164429,12.770959854126,-24.4396018881266,119.452099224464,-21.9529793132297,2.16465663909912,-6.89810371398926,-4.86646461486816,113.475840795054,-108.676943054014,63.93879417908
24.435,-3.48001885414124,-13.260365486145,13.8653259277344,-16.0757210607442,138.793460085891,-20.2693991545241,3.19132709503174,-6.26888179779053,-4.61104202270508,95.0649361136903,-103.856817085033,56.1592428653814
24.44,-4.34649181365967,-14.3082895278931,14.4825954437256,-10.4708063561292,149.516378969569,-18.8825275360057,3.77705502510071,-5.65902709960938,-3.79187536239624,75.7017254771085,-89.6555970457694,47.3613615728526
24.445,-5.00995254516602,-15.1055393218994,14.688271522522,-6.66428216752585,151.218721657925,-17.7432144164071,4.05342960357666,-4.96141529083252,-2.92326426506042,56.2283609646873,-72.7791558331517,37.2858729055054
24.45,-5.36376237869263,-15.6020240783691,14.5092906951904,-4.00171562715668,143.028122729786,-16.8274977845727,4.10624599456787,-4.08541202545166,-2.41152191162109,37.308374963726,-58.401047554763,25.6481833711929
24.455,-5.05488967895508,-15.375394821167,13.7357807159424,-1.52066968827364,120.741379392574,-15.6080238573276,3.92692160606384,-3.323246717453,-2.4017608165741,16.6862836234827,-43.550136506553,14.0002698974665
24.46,-4.45109987258911,-14.5616426467896,12.5942878723145,-0.729873214294769,93.0695031778602,-13.9767262353975,3.6736044883728,-2.89989757537842,-2.47184705734253,-4.26738565332125,-25.720822433016,3.65899978649388
24.465,-3.65411639213562,-13.255108833313,11.160325050354,-2.49420984784776,62.0347628347231,-11.4199405422516,3.3303804397583,-2.83546304702759,-2.69658970832825,-23.6852262773189,-8.17378214862899,-4.81924017882254
24.47,-2.77688384056091,-11.5364198684692,9.50626850128174,-8.09687677989559,29.9192919044986,-7.2210996792328,2.87033867835999,-3.18280458450317,-3.18187522888184,-39.1028705643634,4.97251944219456,-10.5920883176738
24.475,-2.05076146125793,-9.85801315307617,7.86837387084961,-19.523667148111,1.39875550734397,-0.227776456814464,2.35376477241516,-3.9007785320282,-3.63888096809387,-53.5592664710189,15.2842233717975,-15.0144035788253
24.48,-1.505215883255,-8.46995830535889,6.3709831237793,-33.3576603591018,-22.1954937174474,8.09229884560439,1.68488848209381,-4.75712633132935,-3.87011885643005,-69.2421628620282,31.5063785657049,-19.7847784498914
24.485,-1.12113845348358,-7.4344367980957,5.07122087478638,-48.6503173069769,-40.5055557783577,17.243406786155,0.745664536952972,-5.74154376983643,-3.87002897262573,-85.1809488751973,52.3455281951293,-24.9093566860307
24.49,-0.876217722892761,-6.88004636764526,4.08503675460815,-64.1176426824968,-52.4372098243584,26.5282617834855,-0.705948531627655,-6.87243604660034,-3.62451553344727,-99.333189627923,74.9164039867188,-30.2582639477226
24.495,-0.70140016078949,-6.79784727096558,3.59565997123718,-75.4696356491115,-58.0091996020793,34.3698329223952,-2.49524068832397,-8.34792709350586,-2.75186896324158,-112.441108116932,78.7711168674638,-35.8046234405831
24.5,-0.444634020328522,-6.9989767074585,3.21023964881897,-80.7987609754197,-57.2322792443687,41.1425494656368,-4.14141750335693,-10.1963043212891,-0.92168003320694,-120.121785612206,72.5807593283304,-39.8223695217217
24.505,-0.0573612116277218,-7.45403003692627,2.77716732025146,-79.3810186094001,-49.4779723098424,46.7916862300331,-5.53875207901001,-12.4769811630249,1.91729342937469,-120.179801239016,60.9080548292378,-41.4699682438797
24.51,0.558251082897186,-8.16922950744629,1.99392485618591,-69.1905402922812,-32.27976430052,50.9197125455108,-6.53188943862915,-15.391806602478,5.88567876815796,-107.129290489981,53.3749401558878,-38.7114870645434
24.515,1.30836033821106,-8.94017505645752,1.02103960514069,-54.5114528979266,-11.7612228969623,52.2015614678038,-6.99833917617798,-17.8361759185791,8.71325588226318,-85.4219999113854,34.6695074722295,-33.2795195799023
24.52,2.12309122085571,-9.76922798156738,0.11595419049263,-38.8066759959112,7.38275659650866,51.3591874072769,-7.11687326431274,-19.6269302368164,10.0956945419312,-62.5784185718994,5.2803868039383,-26.6699830861214
24.525,2.9947624206543,-10.6818571090698,-0.655598223209381,-23.0954343198465,23.7528827161425,48.4976250129867,-6.97039222717285,-20.5323028564453,9.93023014068604,-42.0289680010265,-32.3490838904064,-18.7274617512789
24.53,3.95740294456482,-11.7945594787598,-1.24430537223816,-8.67114030229004,35.5140262121557,43.3850679097867,-6.76699829101563,-19.653881072998,8.04162120819092,-32.2618009030029,-67.305298798331,-7.2307447601145
24.535,4.73221397399902,-12.8443975448608,-1.66505646705627,2.40195021386017,41.7233067903847,36.2949183248687,-6.26225805282593,-17.1262531280518,6.09249114990234,-35.1622851302784,-100.415371630209,4.04480472930935
24.54,5.04210329055786,-13.554048538208,-1.87856149673462,9.76871925851253,43.3622892289047,29.3705886575256,-5.16544580459595,-14.3744335174561,4.71653270721436,-43.5043435032626,-137.326226169146,10.7158095105258
24.545,4.72966384887695,-13.7822389602661,-1.85613894462585,12.9368453021886,40.2017728697376,23.3987715586232,-3.31331658363342,-11.9742937088013,4.03646850585938,-54.1453445131302,-178.341225267127,11.1506193530888
24.55,3.41386866569519,-13.2464714050293,-1.52819657325745,9.87090828000603,28.8515113560776,18.7371845255624,-0.347419768571854,-10.6700592041016,3.14813685417175,-60.4556094382378,-209.407944555958,5.50144416887847
24.555,1.59270238876343,-12.635684967041,-0.804739356040955,2.90233584887083,9.99892224675135,14.3171795758977,3.04113698005676,-9.97590827941895,1.69218230247498,-66.3740912974589,-222.508397648204,-3.22021050496569
24.56,-0.557842373847961,-12.2130174636841,0.347426384687424,-4.82195688656491,-14.0029823363406,10.6009846390678,6.42970275878906,-9.6375560760498,-0.119500130414963,-74.1760046505002,-220.421542630334,-14.5921817749026
24.565,-2.9566605091095,-12.1363363265991,1.92869699001312,-11.1880086623791,-41.9153922004129,7.86822765969295,9.5340576171875,-9.5294132232666,-2.16636514663696,-85.0843221890092,-203.279898832623,-28.2754753995935
24.57,-5.48641490936279,-12.5593252182007,3.20216035842896,-7.28448554227781,-68.6440227058426,6.05714579842977,11.2534198760986,-9.45078182220459,-3.93586754798889,-97.6145432780185,-162.255624337748,-39.5284698968307
24.575,-7.619140625,-13.2817230224609,3.66341066360474,1.66173603980115,-88.7811415867111,4.40121637991848,11.3492441177368,-9.31489562988281,-5.02840948104858,-107.752053478124,-112.975461136459,-45.120280883523
24.58,-9.0919361114502,-14.1652717590332,3.71763896942139,11.5242793657863,-100.06298851055,2.51421141650191,10.0053853988647,-9.20143699645996,-5.57256364822388,-115.458323692218,-61.6211812201005,-45.4712706445916
24.585,-9.65514945983887,-15.1097965240479,3.66242551803589,19.0749851913437,-100.145640629696,0.0745773414434883,7.28003025054932,-9.17519760131836,-5.63708877563477,-120.553822397966,-12.9860064425135,-40.5951405395116
24.59,-8.62846183776855,-15.1018495559692,4.28060388565063,20.4101966740747,-85.1130499646582,-2.43577736605489,3.53503227233887,-9.5186824798584,-5.26693487167358,-122.966327175084,16.0031537159074,-33.5499404295214
24.595,-7.38369226455688,-14.5466632843018,4.86098289489746,19.6638123845959,-72.3481777267131,-3.568913006436,0.450754523277283,-9.96265602111816,-4.74253606796265,-122.136104021091,26.8750800065185,-27.4649795394704
24.6,-5.97717475891113,-13.5241498947144,5.03379487991333,18.6707711811678,-61.2279399088262,-3.49019379559113,-2.02708387374878,-10.5122051239014,-4.16767501831055,-118.130252714392,18.7675293484975,-22.7283748312081
24.605,-4.46724653244019,-12.0987644195557,4.30310916900635,19.7175386526073,-51.0959826525159,-2.31416435377893,-3.9200325012207,-11.1818428039551,-3.66886591911316,-110.788803394436,-10.8627874975016,-19.9314840830742
24.61,-2.68126082420349,-10.3161115646362,1.70248222351074,24.5428794710191,-26.0599754762529,-0.918722128512657,-4.99395990371704,-11.7748107910156,-4.0701379776001,-102.846604786032,-58.7271617668744,-19.9832893603814
24.615,-1.02293252944946,-8.55858325958252,-1.83565008640289,27.966120764158,5.64640810382282,1.52065805560771,-4.96550846099854,-11.9599885940552,-4.88133001327515,-95.8044475253167,-101.201328328191,-20.9061110965
24.62,0.534400343894958,-6.74017000198364,-5.99919843673706,26.4489240136339,38.5666699786662,5.07126007193085,-4.03319883346558,-11.7223711013794,-5.79910755157471,-89.9915125793398,-133.996809477088,-22.2317825125077
24.625,2.07312107086182,-4.6512508392334,-10.3608198165894,13.3123656876614,63.356663986309,9.89074741822398,-2.50786185264587,-11.0238761901855,-6.31154823303223,-86.0029348210517,-150.455980772931,-23.3238358456917
24.63,3.45256567001343,-2.75655150413513,-13.3859167098999,-17.542799590686,63.4117494619652,15.5161595205382,-1.08030557632446,-10.2315740585327,-6.67906856536865,-84.3220320965007,-156.966202901085,-23.2608615015442
24.635,4.44986963272095,-1.38563311100006,-14.6975173950195,-54.5314585220056,42.9495682181175,21.0630739662687,0.0813737288117409,-9.67625713348389,-6.94748401641846,-83.8035729271726,-157.79534688519,-21.4819967888223
24.64,4.90236520767212,-0.603488862514496,-14.1650094985962,-92.0004351387807,7.06233022442856,26.0311213421042,1.02881705760956,-9.45530986785889,-7.00826358795166,-83.9295421060351,-153.767434067472,-18.1198754434712
24.645,4.36835336685181,-0.532873153686523,-11.3778610229492,-117.760575555754,-32.372227986409,29.2336570250452,1.95390224456787,-9.76213550567627,-6.51014232635498,-83.6679526910128,-145.286101307122,-13.6203440399791
24.65,2.60174298286438,-1.25589609146118,-7.08775091171265,-127.225373594316,-67.0924496132258,29.9705866251654,3.21538472175598,-10.2339696884155,-5.68695592880249,-80.8777794339276,-133.938370378549,-11.5617070948907
24.655,0.277759045362473,-2.6142885684967,-2.75839471817017,-123.209072098186,-87.6043341436637,27.1569226399772,4.23968839645386,-10.6151866912842,-5.04286432266235,-77.0717589717755,-116.431133875324,-11.5794092376721
24.66,-2.26020216941833,-4.57654047012329,0.960255444049835,-105.768942203557,-88.2220223012538,20.1472292683873,4.75110101699829,-10.8551206588745,-4.68145084381104,-72.8915534261335,-92.0162128757634,-12.9046691347824
24.665,-4.0848503112793,-7.15387535095215,2.49880504608154,-72.3579995387396,-51.9054966729458,7.01449072570814,4.03654384613037,-10.9729413986206,-4.58193969726563,-69.8188835449765,-60.4954567618557,-12.3144058942572
24.67,-4.71565914154053,-9.94721698760986,1.97267389297485,-44.8034728041557,-9.86220832655073,-9.51614227810005,3.14203357696533,-10.9893255233765,-4.43679141998291,-66.074956332569,-34.1004605068136,-8.83568297449023
24.675,-4.8064227104187,-12.7391719818115,0.555299878120422,-28.2004730923176,25.9274527308818,-27.1599620741579,2.50073862075806,-10.8793144226074,-4.34040927886963,-62.4717515076313,-12.6543264800021,-5.21422831097709
24.68,-4.63921976089478,-15.3584585189819,-1.26686334609985,-24.4811021175236,50.5528425946219,-44.5937791664472,2.28013038635254,-10.6620302200317,-4.28884267807007,-59.4774443868219,4.16990775480777,-2.60366576373133
24.685,-4.80774736404419,-17.0330085754395,-2.60632920265198,-32.3527653623691,59.2382648224664,-57.2366847163834,2.56545782089233,-10.5906810760498,-3.97868680953979,-58.5693160951554,19.7387566352639,-2.71793055967742
24.69,-5.10926675796509,-17.2714672088623,-3.31341552734375,-40.1927877558845,57.9943576010129,-62.4961899244817,2.94423389434814,-10.799277305603,-3.55300617218018,-57.5642810795447,35.7856150241229,-3.7639874779998
24.695,-5.34975719451904,-16.6914710998535,-3.60639476776123,-45.8884961651364,49.4824392535596,-61.9540504893011,3.14107227325439,-11.1038980484009,-3.21445059776306,-56.5344456470577,51.8960675967966,-5.04433503933584
24.7,-5.41351461410522,-15.5880546569824,-3.58265995979309,-48.1641922531796,34.7429046850504,-56.1990150569184,2.98985409736633,-11.3981170654297,-3.07469463348389,-55.5478009157872,67.7421235466991,-6.21106453826283
24.705,-5.12209892272949,-14.2226762771606,-3.33580017089844,-46.2718541926817,14.4881118900664,-46.6035145183992,2.29855680465698,-11.4175157546997,-3.13158774375916,-55.1680970394479,81.2931505581127,-7.39379247466011
24.71,-4.63024568557739,-12.7055768966675,-2.93859934806824,-42.7626293556288,-6.46175937467215,-36.3466740833044,1.2522292137146,-11.1997747421265,-3.1368715763092,-54.7497206320279,90.7561112757877,-8.58113889959678
24.715,-3.99612498283386,-11.2454738616943,-2.39742827415466,-38.8644013396816,-26.2106135908503,-26.0810056287074,-0.122522860765457,-10.8391714096069,-3.09609127044678,-54.1713265527329,96.873583866288,-9.96429233388574
24.72,-3.2573254108429,-10.0119791030884,-1.70854330062866,-35.5306577227847,-43.1757772532392,-16.3253200786785,-1.82463097572327,-10.4019927978516,-3.01083993911743,-53.3265414354291,100.031754055475,-11.7074129591336
24.725,-2.43957996368408,-9.06050777435303,-0.87017297744751,-36.1881283171955,-50.7283374751562,-8.42136284566362,-3.71391725540161,-10.1746044158936,-2.99954342842102,-51.6102310102207,97.0122230460609,-13.3969259909071
24.73,-1.6758828163147,-8.30413818359375,-0.066980853676796,-39.8910743945829,-51.011319042659,-2.34621949877086,-5.3429536819458,-10.1309633255005,-3.03580546379089,-49.4057328140858,85.1759423465357,-14.360129512946
24.735,-1.00725507736206,-7.77242708206177,0.630338966846466,-45.3820342230854,-46.0097730040392,1.84491200166566,-6.55785608291626,-10.2275257110596,-3.10666298866272,-46.9348367497528,64.5929692072164,-14.7234836239596
24.74,-0.492548853158951,-7.51978778839111,1.12482178211212,-51.2186630952931,-37.8112271508007,3.93775517444774,-7.13342761993408,-10.4203681945801,-3.19848895072937,-44.4557034772808,34.6784789257043,-14.5997257188409
24.745,-0.211336746811867,-7.61870336532593,1.21235132217407,-57.2757807191925,-24.054695115187,4.43973309730865,-6.65223836898804,-10.5915060043335,-3.27009797096252,-41.9003350483877,-0.248697566366052,-13.9181787076058
24.75,-0.0764041915535927,-7.83520936965942,1.03033971786499,-63.1862985778414,-5.7415120847129,4.29495870011377,-5.8567590713501,-10.6911182403564,-3.3344943523407,-39.321846429154,-32.762443523881,-12.8971345823542
24.755,-0.063249945640564,-8.1082878112793,0.614664912223816,-68.0997454214518,15.5637915522626,3.51721615838182,-4.76414108276367,-10.7196683883667,-3.36721110343933,-36.7979515119563,-60.7756789329338,-11.6559269931701
24.76,-0.147449880838394,-8.35290336608887,-0.0057545788586139,-70.3383945634369,37.3172029832282,1.96661423328766,-3.29745078086853,-10.6758012771606,-3.3171865940094,-34.4760560243672,-80.6419056811303,-10.3745109341158
24.765,-0.208612099289894,-8.51818466186523,-0.714618563652039,-69.7014999139007,57.2460318302625,0.0004342150556078,-1.32144165039063,-10.5581645965576,-3.23118138313293,-32.252064468341,-88.051930100353,-9.5040690649684
24.77,-0.215485483407974,-8.62458610534668,-1.38528442382813,-67.6446089359188,74.8194494514504,-2.08644029732201,0.629979312419891,-10.395770072937,-3.1336886882782,-30.3351001607906,-85.8687284340501,-9.15672406359564
24.775,-0.174853846430779,-8.67131900787354,-1.9691618680954,-64.5929282260813,89.6266643644453,-4.24266164918628,2.42267775535583,-10.2078161239624,-3.01674246788025,-28.7324167626147,-74.3719149664637,-9.33219076959962
24.78,-0.113497406244278,-8.64322471618652,-2.36305832862854,-61.1636063570338,100.414155856537,-6.43239084190157,3.84616255760193,-10.0372848510742,-2.84649181365967,-27.417639498333,-52.4871863185154,-10.0363977871799
24.785,-0.0571781061589718,-8.60047912597656,-2.53441214561462,-58.1266242142902,107.04963682388,-8.58372668751857,4.67152547836304,-9.87671756744385,-2.60280275344849,-26.3898514150497,-31.1497368230981,-10.6738909320421
24.79,-0.002201191149652,-8.5589656829834,-2.5450484752655,-55.8127883499216,111.290228071974,-10.6588901290775,5.00223875045776,-9.70693302154541,-2.28486275672913,-25.6302848604728,-8.58416638094639,-11.2125819754655
24.795,0.0452895537018776,-8.52471446990967,-2.42453098297119,-54.3463603954982,113.568526462091,-12.6729139860547,4.83474779129028,-9.53302669525146,-1.92399895191193,-25.077758415112,16.1457424525679,-11.5659358357606
24.8,0.0529283657670021,-8.50998210906982,-2.24899768829346,-53.9764475953341,114.146155560199,-14.7337272001674,4.04898738861084,-9.39795875549316,-1.66721975803375,-24.4655480692362,45.6335866751224,-11.3622211748967
24.805,-0.0301039088517427,-8.56533432006836,-2.06174755096436,-54.0709808285417,113.838919990953,-16.8415013799185,2.8348081111908,-9.33256244659424,-1.54985404014587,-23.9509069756541,69.5277603919831,-10.5961907000441
24.81,-0.191143035888672,-8.67616558074951,-1.85534703731537,-54.2328426514926,112.876266299143,-18.9955654592221,1.43478357791901,-9.32939052581787,-1.43846702575684,-23.675909899291,87.3491241253262,-9.50296940451203
24.815,-0.429224073886871,-8.83775043487549,-1.63503110408783,-54.2389283500431,111.231215237545,-21.2070902124657,-0.0545984283089638,-9.3846378326416,-1.27989745140076,-23.7016528822728,98.3341105372685,-8.16758033686262
24.82,-0.751952171325684,-9.03859806060791,-1.46790719032288,-53.3795949298071,108.220775209916,-23.5557088151826,-1.48204958438873,-9.47279357910156,-1.01430523395538,-24.0662569179046,99.2099115435934,-6.70543149595424
24.825,-1.14374470710754,-9.26771354675293,-1.34561848640442,-51.6958986578856,104.219056167665,-25.7990178537288,-2.74838042259216,-9.48453998565674,-0.761764943599701,-24.6014534657938,91.657436699041,-5.53304873482859
24.83,-1.57638704776764,-9.49377346038818,-1.25524771213531,-49.4228868341863,99.5462710394599,-27.7397187761923,-3.74139404296875,-9.45196437835693,-0.556187212467194,-25.2363946812274,77.8234281201246,-4.83446851246391
24.835,-2.03346824645996,-9.69625473022461,-1.19109237194061,-46.6921874492989,94.407024972078,-29.2330696287766,-4.38074350357056,-9.39310455322266,-0.41239920258522,-25.9544507611235,58.6198458346351,-4.78224403229635
24.84,-2.44678664207458,-9.8063793182373,-1.14130806922913,-44.2292656308219,90.1135065881054,-29.8507099750425,-4.55937194824219,-9.37207984924316,-0.228178054094315,-27.0297154893276,36.3497852344714,-6.26018000169757
24.845,-2.80970239639282,-9.86343860626221,-1.09684765338898,-41.3927290496506,84.8270836044881,-30.0630571412436,-4.43496227264404,-9.35069561004639,-0.0486162938177586,-28.4786649896649,16.1970320505928,-8.47863312808053
24.85,-3.11631989479065,-9.87798404693604,-1.06276035308838,-38.0952981334761,78.0471851173342,-29.9261118483849,-4.00789880752563,-9.32805156707764,0.0862609371542931,-30.1738496397704,-0.560993532054178,-10.9853245063063
24.855,-3.35849905014038,-9.85580825805664,-1.04369962215424,-34.239301177167,69.2839704499378,-29.4630625886984,-3.25995874404907,-9.3033504486084,0.141861125826836,-32.0289085277783,-12.6997258936415,-13.4379233476264
24.86,-3.45880675315857,-9.76376914978027,-1.01088500022888,-30.7462638884471,59.3046269404423,-28.3443202913327,-2.36178731918335,-9.24716186523438,0.153828665614128,-33.8306646195035,-16.7789692905197,-15.2533304261815
24.865,-3.50630474090576,-9.64155960083008,-0.972065508365631,-27.532647931125,48.9106875332324,-26.9829030803036,-1.63074386119843,-9.15791893005371,0.126970455050468,-35.2281930406744,-17.4563498863612,-16.4024055936513
24.87,-3.51681637763977,-9.50263023376465,-0.949546933174133,-24.6611168757412,38.3445419815736,-25.5268723813443,-1.10557246208191,-9.04574775695801,0.0691762566566467,-36.4393221843011,-15.1726983354822,-17.0098006561622
24.875,-3.50737714767456,-9.36259078979492,-0.972608268260956,-22.2367139090885,27.8974773629994,-24.154969122392,-0.850788235664368,-8.92160701751709,-0.0120207844302058,-37.7234045784526,-10.2541057981058,-17.1904659898982
24.88,-3.46761250495911,-9.25035285949707,-1.08477926254272,-20.7846361821113,18.6557328121627,-23.1056403300137,-0.879698097705841,-8.84807300567627,-0.13756912946701,-39.4150307000005,-2.67626982083492,-17.4377956774808
24.885,-3.39166903495789,-9.17921447753906,-1.20965611934662,-20.1013765009418,11.0065868851925,-22.1356988263586,-1.0235561132431,-8.84442901611328,-0.342444598674774,-41.1740981094131,4.52998593634073,-17.8681744348198
24.89,-3.29294037818909,-9.14803886413574,-1.32523024082184,-20.143339475655,5.2557989766999,-21.2027291366807,-1.22289633750916,-8.91437149047852,-0.587246537208557,-43.0545550558498,10.6693343420921,-18.5954820059467
24.895,-3.19502115249634,-9.15747547149658,-1.39686465263367,-20.9256881262085,2.1417682446937,-20.2558514743053,-1.38864946365356,-9.07062530517578,-0.797842264175415,-45.2072121161843,14.6310421361854,-19.8544976058444
24.9,-3.08963656425476,-9.23531532287598,-1.43406891822815,-21.9766015224742,1.95371883613467,-19.2850322913418,-1.402263879776,-9.25805854797363,-0.898250579833984,-47.1783910502717,16.1922850691196,-21.461919447757
24.905,-2.96091818809509,-9.36189460754395,-1.41223883628845,-22.9322696383113,3.22280832472783,-18.2498949245116,-1.34198248386383,-9.41429710388184,-0.984951794147491,-48.835746697659,16.6794722173329,-23.0078029927952
24.91,-2.82294416427612,-9.52261734008789,-1.32299244403839,-23.6425273497226,5.67845791272946,-17.1228556548515,-1.23710989952087,-9.52995491027832,-1.06405973434448,-50.217671551671,16.4607695601091,-24.4265050003931
24.915,-2.72159790992737,-9.68526935577393,-1.14476537704468,-23.7805364445446,9.1755224517388,-15.8299981751638,-1.14039027690887,-9.59671497344971,-1.11758613586426,-51.4589354899158,16.0606980596647,-25.664558749728
24.92,-2.68480157852173,-9.80507183074951,-0.935258269309998,-23.336452912636,13.6337004749011,-14.3081679950615,-1.02979063987732,-9.66610717773438,-1.16889357566833,-52.5624242673176,15.7689772651189,-26.7305361282081
24.925,-2.67748236656189,-9.88643455505371,-0.721590459346771,-22.7944586189753,18.6615470106937,-12.6213315436691,-0.934589982032776,-9.71415424346924,-1.22681403160095,-53.5996363041083,15.6733580318333,-27.6407390898351
24.93,-2.69427037239075,-9.92976665496826,-0.51160991191864,-22.3329939631763,24.1431682630535,-10.8148421308491,-0.868621826171875,-9.7330436706543,-1.27624714374542,-54.6119420560904,15.8909320002968,-28.4166946833254
24.935,-2.74518156051636,-9.93256092071533,-0.314822137355804,-22.3006171589631,29.9291820184168,-9.036390644572,-0.867162227630615,-9.71030330657959,-1.23789095878601,-55.7209018150175,16.8803822317688,-29.1425457166118
24.94,-2.80289936065674,-9.89983654022217,-0.13262240588665,-22.453546802027,34.6787760389332,-7.71660855917607,-0.906329691410065,-9.70762538909912,-1.22177767753601,-56.713799584473,17.6159833600954,-30.087741444904
24.945,-2.81601452827454,-9.85813903808594,0.0084322290495038,-22.582746660367,39.4971022530674,-6.51961961467862,-0.987405598163605,-9.71441268920898,-1.26992130279541,-57.5368510398379,17.9134483437332,-30.9873456604864
24.95,-2.76260852813721,-9.82095146179199,0.0964076742529869,-22.6149492947563,44.8961413957199,-5.33978383650802,-1.10468983650208,-9.7308988571167,-1.38757276535034,-58.2025964084282,17.6973479885832,-31.7388508842954
24.955,-2.6198616027832,-9.82537174224854,0.119149744510651,-22.544813497264,51.9153526359181,-4.22496676348089,-1.19858050346375,-9.78572463989258,-1.48513519763947,-59.0017353715089,16.9805896446294,-32.262227789826
24.96,-2.40683269500732,-9.83674430847168,0.146489843726158,-22.3380004918379,58.3269058513225,-3.45687613281981,-1.17136824131012,-9.89731884002686,-1.4751752614975,-59.8403596581814,15.3421297155808,-33.0601578094236
24.965,-2.13922500610352,-9.83541202545166,0.184509798884392,-22.0607443304069,63.8724320611042,-2.83985285145673,-1.06345438957214,-10.0225849151611,-1.4055300951004,-60.6598320944212,13.5388880577112,-34.0735359011054
24.97,-1.82318997383118,-9.81025314331055,0.240165844559669,-21.772887715384,68.327983022757,-2.28416936459541,-0.896134495735168,-10.1353464126587,-1.30020236968994,-61.4456999999445,12.0625537676703,-35.2795867990842
24.975,-1.47485053539276,-9.76047325134277,0.370212942361832,-21.992736136841,70.9829526852218,-1.88241870483232,-0.749621987342834,-10.1601476669312,-1.19647359848022,-62.5142216238905,12.7375736793799,-36.614359442161
24.98,-1.1416871547699,-9.70187282562256,0.602312803268433,-22.8110662239421,72.3907639561881,-1.67036107461899,-0.686951279640198,-10.1245126724243,-1.09396111965179,-63.8672752682808,14.7108016702182,-38.0112492406445
24.985,-0.858996272087097,-9.64099407196045,0.912213861942291,-23.958297240336,72.8597042540337,-1.69170520233187,-0.699581563472748,-10.0503530502319,-1.00292539596558,-65.4354593809591,17.330727339599,-39.4505715893467
24.99,-0.657960891723633,-9.58290386199951,1.28537714481354,-25.240006143751,72.5776720828255,-1.9955298391389,-0.785325229167938,-9.9527530670166,-0.932235836982727,-67.1767068268271,20.1183973323534,-40.9192500911016
24.995,-0.621788263320923,-9.55514717102051,1.59098970890045,-25.7147947910734,72.013880947976,-3.2136834054401,-0.913878560066223,-9.86812210083008,-0.80415803194046,-68.8665024576774,21.7861553578467,-42.596693324838
25.0,-0.709557890892029,-9.6017370223999,1.87659883499146,-25.048593507356,71.8288169724145,-5.10296239496346,-1.02699315547943,-9.84964847564697,-0.600162148475647,-70.6221684328834,22.1357534678719,-44.4482346654234
