time_s,axx_thigh,axy_thigh,axz_thigh,gxx_thigh,gxy_thigh,gxz_thigh,axx_shank,axy_shank,axz_shank,gxx_shank,gxy_shank,gxz_shank
100.0,-0.0447603724896908,-12.7023620605469,1.45174181461334,-219.99546176953,58.4985621655432,-20.6908269489557,8.38179969787598,-15.9182844161987,-8.53858852386475,-4.56807662068143,66.1151861467804,-33.0853065659475
100.005,-0.263801157474518,-13.4786787033081,1.22926640510559,-225.992190275883,87.3333805392893,-25.7138249042113,7.33777284622192,-16.6208915710449,-7.61196279525757,-1.2535254084654,68.493505827103,-33.2377768787897
100.01,-0.81329619884491,-14.3446464538574,1.21005618572235,-232.95466654974,110.649467535368,-28.0676549412648,6.14266729354858,-17.5087356567383,-6.48861265182495,0.692006592175366,68.0839676844691,-33.8314364308797
100.015,-2.17917203903198,-15.5389003753662,1.26225399971008,-240.293759454432,125.048715249238,-25.8715715381873,5.06424045562744,-18.4857749938965,-5.35950088500977,1.62175830225883,65.7793525754801,-34.6355921679058
100.02,-2.77341890335083,-16.8902854919434,1.7998331785202,-241.605893435505,137.616276982439,-23.0784647148536,4.05091714859009,-19.3672943115234,-3.87014889717102,2.75977976905232,63.9942416547622,-36.4808360740764
100.025,-3.34436631202698,-17.4873332977295,2.63559246063232,-240.041370304222,151.193668524049,-16.8914898269065,3.14795541763306,-20.0787811279297,-2.38819599151611,3.40725053963144,58.5342772247132,-38.6916146291532
100.03,-3.48120784759521,-17.4330291748047,3.62872099876404,-234.821630457472,161.97886507258,-11.0398439300349,2.1570827960968,-20.6750469207764,-0.904773235321045,4.02210715692375,51.5466726848992,-40.952649716143
100.035,-2.63440918922424,-16.8066654205322,4.61440706253052,-224.687227993438,164.980227778802,-10.2347259901096,0.822425723075867,-21.2161026000977,0.591375529766083,5.17719801350504,45.6117095792108,-42.8716938162956
100.04,-3.50188136100769,-15.5778770446777,3.843994140625,-209.76301877015,124.725947829819,-19.1351489126478,-0.826055347919464,-21.5315494537354,1.8514586687088,5.905285079971,34.1089265262898,-45.7346256635144
100.045,-4.42312622070313,-15.0229015350342,2.1660532951355,-199.595284982968,85.6265162657031,-26.6926405311456,-2.50685501098633,-21.6852722167969,2.8871488571167,6.17004839852326,20.394850946557,-49.1146267365652
100.05,-5.08781242370605,-15.1529989242554,0.327002912759781,-191.089226937822,46.2946123829962,-33.0800507353812,-4.16371202468872,-21.6723155975342,3.81296586990356,5.86868636507713,6.09177314997444,-52.7928133782113
100.055,-5.05572938919067,-15.9272727966309,-0.365172863006592,-177.551040682048,-0.597676236930495,-39.6647116802049,-5.71713876724243,-21.459020614624,4.83309888839722,4.75064843096951,-6.14179958988973,-56.4307736207406
100.06,-3.36204957962036,-15.9508504867554,0.143188610672951,-156.982909543795,-22.4296001587969,-42.8302072472769,-6.55453538894653,-20.8190994262695,5.35326814651489,2.43881189103708,-21.3257391360853,-61.2854979129619
100.065,-0.973851382732391,-15.3179931640625,1.27296662330627,-134.103018918682,-29.9849812488412,-44.9287623791959,-7.10623455047607,-19.9991359710693,6.07690811157227,-0.70266029989841,-31.9362706720655,-66.3144159346805
100.07,1.51756763458252,-14.1271123886108,2.63988161087036,-109.568091495404,-26.6166871200277,-46.0106131173071,-7.53058576583862,-19.0501708984375,6.98491096496582,-4.71233789991491,-35.801587421497,-71.3540027118827
100.075,2.75311803817749,-12.579493522644,3.35817694664001,-83.42241422054,-17.1640758464926,-45.2741001587263,-8.1201868057251,-18.0192832946777,7.78266096115112,-9.91377369346339,-28.726423271618,-76.3086082754316
100.08,3.23582577705383,-11.0932445526123,3.14988541603088,-60.5982442786752,-5.65940253871877,-44.9104438118419,-8.62800216674805,-17.3948040008545,8.45437622070313,-15.26293025706,-14.6980223862811,-82.1468490722834
100.085,3.24280738830566,-9.90450000762939,3.24202942848206,-41.9137119738771,10.4634784169234,-43.8002341282967,-9.45132541656494,-16.7062759399414,9.24088287353516,-20.7130797052716,0.944996372145815,-88.9180390682456
100.09,3.01828932762146,-9.12212371826172,3.99622392654419,-26.0179663977628,31.8304915323895,-41.4035070881609,-10.6648092269897,-15.9017887115479,10.1107406616211,-25.8088447883972,16.1625737462301,-96.1502190218595
100.095,3.42488241195679,-9.01799964904785,5.87298440933228,-5.78890847491091,58.7964676963825,-36.3198553455284,-12.2195405960083,-15.2095489501953,10.676417350769,-28.4718569986097,26.7730386878658,-101.591612167555
100.1,3.54769611358643,-8.70242881774902,7.17257452011108,18.8368506459312,86.3684319039174,-29.7542198926377,-13.2467384338379,-14.423677444458,10.6769437789917,-31.9925002044076,37.370143779485,-110.230134901464
100.105,3.38054060935974,-8.20265197753906,7.64906358718872,41.4183525043219,107.812664576819,-23.5418110877689,-13.6993551254272,-13.4680433273315,10.103551864624,-36.0665748556314,43.1896835183893,-119.667400447481
100.11,2.87145185470581,-7.48191452026367,7.20436811447144,59.8818803781459,120.069193155596,-18.5307386428042,-13.5899658203125,-12.3244504928589,8.96339893341064,-40.6428118448237,42.9419184062471,-128.974544059621
100.115,1.69423234462738,-6.21731662750244,5.93591165542603,75.8613674885792,118.707936454013,-16.3707288838281,-13.2921905517578,-11.0991172790527,7.4813494682312,-46.0092504945677,40.6048325779438,-137.116334455951
100.12,0.548726677894592,-5.29049968719482,4.60470962524414,94.8518342115859,112.712587645872,-15.3065136941538,-13.2416572570801,-10.036021232605,5.85760593414307,-52.8213943047933,37.8415395303372,-144.933595244057
100.125,-0.539045929908752,-4.787522315979,3.52154874801636,116.351452888467,105.298594886742,-14.5361861765396,-13.3366193771362,-9.30483722686768,4.36132860183716,-60.630175413045,34.3907845276742,-152.61806349432
100.13,-1.55269014835358,-4.75968456268311,2.85497999191284,140.059941082552,97.9671791146771,-13.648843004291,-13.4968910217285,-9.0201530456543,3.17058563232422,-69.136335911028,29.9174306779498,-160.271905176345
100.135,-2.50200533866882,-4.88899421691895,2.43842220306396,162.830261813,88.6118963292673,-12.5724137288334,-13.1002054214478,-9.30072402954102,2.80612206459045,-76.2225205711328,21.5584539263914,-168.045384451871
100.14,-3.24391198158264,-4.92196702957153,1.93111038208008,180.476765873402,75.5867597329988,-12.1383244712279,-12.1946239471436,-9.82350444793701,2.65018105506897,-82.3815138815976,8.76396428065781,-175.694854812827
100.145,-3.74720883369446,-4.84768486022949,1.40004360675812,192.013761343875,62.5794362700858,-12.3398150517433,-10.9637517929077,-10.4632959365845,2.73874497413635,-86.1013988281266,-6.64612026763596,-182.135777841663
100.15,-3.97245287895203,-4.65088987350464,0.897092998027802,196.282684216646,52.5260705854602,-13.2104191378834,-9.53380393981934,-11.1276159286499,3.11542248725891,-86.0294769361664,-23.3834360763892,-186.430969621982
100.155,-3.73335814476013,-4.29460716247559,0.194409728050232,200.538001352591,38.102647417023,-14.9787090102228,-8.54444122314453,-11.3138914108276,3.41540956497192,-85.0768567922463,-31.3620054421237,-185.043061522257
100.16,-3.51914525032043,-3.61355900764465,-0.94007682800293,207.713757113472,25.0147447973767,-16.2324721946487,-7.8376259803772,-11.4045400619507,3.64681887626648,-85.0203916183778,-25.9479808644322,-181.171341470478
100.165,-3.21687722206116,-2.76847696304321,-2.17193198204041,216.13033968049,10.8339060425962,-17.0638650185374,-7.23615550994873,-11.2862062454224,3.67177653312683,-85.7507847274623,-13.899502409094,-175.664733678588
100.17,-2.67788529396057,-1.94868671894073,-3.08845853805542,223.772952531519,-7.57508191693153,-17.5561884690065,-6.52549171447754,-10.800389289856,3.3011748790741,-87.1912374724722,-3.19722094199308,-169.464069383996
100.175,-1.82637083530426,-1.3906923532486,-2.00878834724426,221.922148851364,-28.2397415574033,-18.1422152846991,-5.36103773117065,-9.8793478012085,2.29263496398926,-89.3095181907141,-8.78471951799819,-165.752517268255
100.18,-1.33593714237213,-1.04832661151886,-0.346273005008698,217.54626521619,-41.6496705209428,-17.3223688956022,-3.53115797042847,-9.03501796722412,1.41334164142609,-94.7343754484292,-27.5403182335629,-162.143868782549
100.185,-1.21024787425995,-0.926977455615997,1.45520961284637,212.351879031639,-46.4849936608266,-14.9525357253233,-1.18152153491974,-8.30109596252441,0.227426782250404,-102.94890735942,-55.5108598376612,-159.875726883728
100.19,-1.42373383045197,-1.06497800350189,2.71802973747253,208.752738169257,-40.3433934270832,-10.7543505604649,1.44429814815521,-7.69915866851807,-2.20399785041809,-112.990658307362,-86.5047488193725,-161.685344523187
100.195,-1.86130309104919,-1.31862211227417,2.59364295005798,208.536234832946,-27.9915461433434,-6.50520151222755,3.75414633750916,-8.07137489318848,-4.4808554649353,-128.603719429202,-113.287061196584,-164.062195712838
100.2,-2.34284138679504,-1.69266617298126,1.55938959121704,206.780493725659,-18.7900655576639,-3.26347057529103,4.77797508239746,-9.04838180541992,-6.51170444488525,-143.737465195848,-134.084495445652,-163.84377992356
100.205,-2.78386688232422,-2.21035766601563,0.0436074696481228,204.976449520562,-16.0910702033565,-1.92058131960271,4.33473348617554,-10.7758922576904,-8.19861507415771,-154.672406811742,-142.726993349658,-159.411014472978
100.21,-3.00042581558228,-2.95065426826477,-0.924984812736511,209.246793072681,-26.8334653714529,-4.85752338912046,2.117103099823,-13.8803424835205,-9.25868988037109,-152.406710120643,-120.8051870198,-146.820749190975
100.215,-3.63989639282227,-5.21696710586548,-0.945318222045898,218.06404819679,-46.5017071337256,-9.50865297567513,-1.16358852386475,-17.9638156890869,-10.3057489395142,-136.761752015379,-85.9153171543788,-128.599921844024
100.22,-4.6922287940979,-9.21081829071045,0.422503650188446,224.211983430989,-70.9908142329565,-14.3884269866774,-4.60016679763794,-22.4437026977539,-10.7716197967529,-116.773708843335,-56.4685445668508,-107.866022014615
100.225,-6.18211078643799,-15.0363464355469,2.72704148292542,226.262501842475,-97.2017539653396,-19.5149125531424,-7.58555221557617,-26.4713039398193,-10.5202236175537,-94.0809517411016,-38.5539999777558,-87.5214293075181
100.23,-8.23479747772217,-22.9780025482178,3.42168164253235,224.767455395429,-114.777367492346,-26.4579569388112,-8.19388294219971,-26.6686325073242,-9.48470401763916,-67.2928678540415,-42.1764181248287,-77.9930422077835
100.235,-9.44914150238037,-27.8145370483398,0.398047477006912,211.331175562072,-110.20433044678,-25.4124854957668,-7.59823226928711,-24.0489044189453,-8.89706707000732,-42.3559462320679,-61.8757355402777,-79.5009225802797
100.24,-9.0869255065918,-28.7812938690186,-3.08116793632507,199.19170276529,-94.4921906008389,-15.8156667307378,-6.54576921463013,-19.7506046295166,-8.92442798614502,-22.9478049035785,-95.1524513275257,-80.7461821791889
100.245,-7.02898931503296,-25.9070606231689,-5.6577844619751,194.281138261509,-74.1527683469438,1.27102702116162,-5.34319257736206,-14.5979423522949,-9.68325996398926,-10.5156943593545,-138.47393017614,-77.8996120501269
100.25,-4.74628686904907,-22.492374420166,-5.32487487792969,207.327359651746,-73.7892383585591,13.6702573548863,-4.50357818603516,-12.4734468460083,-11.4920272827148,-5.14196960531341,-167.058435777183,-71.4652869840297
100.255,-3.57340431213379,-20.3533420562744,-4.19357633590698,231.045410110668,-92.2974732355954,28.6334097555007,-3.46545457839966,-11.6618299484253,-12.4268627166748,-1.39406861019117,-179.111411058316,-65.7132568348818
100.26,-2.70156288146973,-18.7151279449463,-2.67010736465454,252.559795656535,-120.258963131496,42.2213675997566,-2.23858857154846,-11.3761577606201,-12.5139636993408,3.57376863060565,-182.941876767508,-57.5209093783151
100.265,-1.70461821556091,-17.1986560821533,-0.969635009765625,264.814848914452,-151.530833982238,52.4232967290191,-0.806821644306183,-11.2077074050903,-11.7495851516724,11.3195854265502,-182.210623054588,-45.1471303571503
100.27,-0.294333130121231,-15.8406772613525,0.50174081325531,265.330938008138,-155.563678196537,61.8410450094832,1.02473819255829,-10.7493753433228,-10.66517162323,21.6335074600861,-172.099211007301,-29.3570478074961
100.275,1.29655194282532,-15.1553297042847,1.93802642822266,261.441172596572,-143.019666955593,69.9026558151467,2.96004271507263,-10.3033761978149,-10.7072172164917,31.0199188326382,-168.291763035612,-11.6283159534503
100.28,2.81481909751892,-15.1248426437378,3.34520721435547,254.39471231668,-121.108447418949,76.3976193006952,4.93079662322998,-10.0713233947754,-11.4391860961914,41.0445601567092,-166.380621464329,7.16351350056677
100.285,4.0544810295105,-15.7751684188843,4.72626543045044,244.992492471294,-94.9948037312926,81.0624540887064,6.88481187820435,-10.2267847061157,-12.5558738708496,52.9927227699339,-162.973709445949,26.3866634242546
100.29,4.48384141921997,-16.7028560638428,5.46036291122437,234.314338647436,-75.8351805433014,80.4828647263066,8.99828433990479,-10.1917304992676,-13.5938014984131,73.0019702642559,-150.228685737731,42.3083295682692
100.295,4.48108720779419,-17.32981300354,5.5797266960144,224.36701506477,-63.4509205968552,76.1306067154719,11.0941276550293,-9.83631420135498,-14.4942417144775,92.8714550126866,-131.365656684259,56.2494184378985
100.3,4.0632119178772,-17.6383533477783,5.26067543029785,214.885974836362,-57.2144387902566,68.8164166804937,13.0132942199707,-9.13642978668213,-15.1112537384033,112.145709265518,-106.777440125077,69.1714294229835
100.305,3.2196352481842,-17.5817623138428,4.69101333618164,205.57465114845,-56.8101291574323,59.3310870932869,14.542366027832,-8.03529167175293,-15.2396745681763,130.206723846269,-76.517168101738,82.2040109254473
100.31,2.36998820304871,-17.4515972137451,4.33632135391235,197.605910424931,-62.3992422194025,49.1800087223952,15.2846841812134,-6.7895302772522,-14.841646194458,145.3236400268,-37.4459998604072,97.3293692197921
100.315,1.18520426750183,-17.3550491333008,3.83805513381958,192.27475653244,-67.3707320105797,39.250737329705,15.437126159668,-5.82540464401245,-14.5453100204468,160.305537027818,2.20871156907923,113.198582926076
100.32,0.0061164773069322,-17.4013748168945,3.22736811637878,189.16581834679,-70.2756387853428,30.0342337429462,15.0516366958618,-5.01154279708862,-14.2738466262817,174.673318060182,40.2998475560298,129.493051040273
100.325,-0.48624786734581,-17.8013343811035,2.589195728302,187.589615592026,-68.8469407958945,22.4423606597138,14.1492872238159,-4.06997728347778,-13.8182058334351,187.158835561073,73.4606174670222,145.79583832488
100.33,0.980891406536102,-18.3831806182861,2.21492576599121,185.120515867445,-51.3966441646853,18.2466710752234,12.8466453552246,-3.83154654502869,-13.012674331665,195.233608141268,91.7147829673124,156.882778970563
100.335,2.49089646339417,-18.5237216949463,1.97883665561676,181.18416856574,-27.4464099626644,17.8267578752401,11.5157098770142,-3.77584147453308,-12.4625997543335,204.882930570446,111.212958141894,171.525365833993
100.34,3.39095687866211,-18.0211563110352,1.88922476768494,176.599171858937,-2.34389744789647,20.1439388247547,10.257303237915,-3.80032300949097,-12.2067642211914,215.889835059435,130.360184536541,189.432974365986
100.345,2.42349863052368,-16.4565773010254,2.02925729751587,173.89690313647,11.921241422611,22.2873922051827,9.23604869842529,-3.80322504043579,-12.1646137237549,225.569988962528,138.611736072834,206.86746935455
100.35,1.38883590698242,-14.5532808303833,2.20986819267273,173.051052509655,17.3505092749827,21.9257388112724,8.51944541931152,-3.53577613830566,-12.2161779403687,235.053447077902,140.026650740537,223.766286266889
100.355,0.673948049545288,-13.0431337356567,2.31172728538513,172.007973340368,20.2790860703144,20.7478317077687,7.97879266738892,-3.1215808391571,-12.231297492981,243.58836950248,138.98760138286,240.792909678977
100.36,0.297252535820007,-12.0747804641724,2.27020668983459,169.590059053427,20.6357636714144,19.394414355805,7.5934591293335,-2.59019160270691,-12.1904039382935,250.975082486065,136.693641368976,257.980479668667
100.365,-0.0422816909849644,-11.6100120544434,1.90304052829742,162.355427061901,11.7530454529785,19.1667931790724,7.39587163925171,-1.95591497421265,-12.1323528289795,257.033788128947,134.357511767156,274.820147142793
100.37,-0.242321476340294,-11.3061323165894,1.70559549331665,152.377312986456,-1.70522097276056,20.9185488709785,6.92667627334595,-1.54146432876587,-11.4238119125366,260.719658733409,126.416378668263,290.909012902595
100.375,-0.324853748083115,-10.904613494873,1.78677713871002,142.240697541132,-13.4647241561559,23.2344542826656,6.40827655792236,-1.31824004650116,-10.4821739196777,263.42922209791,116.982603348911,306.157191658595
100.38,-0.319667726755142,-10.2934017181396,2.18077540397644,132.649172172709,-20.9202700786494,25.4515285646099,5.93794679641724,-1.30581569671631,-9.5854434967041,265.555541948805,106.682418533343,320.316201128788
100.385,-0.433989644050598,-9.31142807006836,2.7919614315033,122.162154362585,-20.9093554363557,26.0167984354147,5.69456720352173,-1.69162201881409,-9.86809825897217,266.646869574389,89.5897676825489,331.854904146554
100.39,-0.784862160682678,-8.23314952850342,3.36085939407349,106.911291342241,-15.3610305565616,24.8494627571989,5.06297063827515,-2.4312162399292,-10.6000461578369,268.736907460413,64.0410489411443,342.057895370233
100.395,-1.1511504650116,-7.07017469406128,3.88735127449036,86.9724050416541,-5.37953126860927,23.0294444471804,4.53976058959961,-3.05331873893738,-10.6899461746216,272.011245507004,38.8778909632924,350.294912263972
100.4,-1.39442145824432,-5.824866771698,4.3595814704895,62.0899097820818,8.68144620397395,21.1071884505705,4.42039680480957,-3.26756691932678,-9.54834079742432,276.318554042911,18.4858181961803,355.888645948915
100.405,-1.10824477672577,-4.5141339302063,4.60765886306763,31.6310500086251,26.5124652634825,19.3841451663879,5.19701337814331,-2.44208002090454,-7.57478713989258,275.988109490866,-2.57686324765456,354.602876498039
100.41,-0.759134829044342,-3.56019854545593,4.77550411224365,0.701181137056279,42.7918284143306,19.2817196495944,6.08337068557739,-1.67921376228333,-7.60973072052002,275.809322459151,-18.9904479399865,354.213774281401
100.415,-0.234935477375984,-2.5466103553772,4.86224222183228,-28.6501812850077,54.403037305231,20.3448027354137,6.96273136138916,-1.13140249252319,-8.24701309204102,276.03135824869,-34.6848480771053,354.028348305814
100.42,0.564339935779572,-1.13825726509094,4.86221265792847,-54.6951405903704,58.5798072657205,22.2825222803045,7.7417516708374,-0.933138012886047,-8.40432548522949,276.877072271721,-52.7439160539432,353.507505400465
100.425,0.827123582363129,-0.496616452932358,4.63870048522949,-71.0432291046472,48.8942028716706,26.1003555546261,8.57547187805176,-1.85715365409851,-9.07878494262695,274.728240117322,-66.5934906339781,350.848949888686
100.43,0.863539218902588,0.155187040567398,4.278151512146,-86.2241714784576,37.1763166712184,29.6862048688827,9.40290641784668,-3.23783802986145,-9.0437126159668,272.830813565892,-70.7545853103224,344.80813934143
100.435,0.81125807762146,0.782063245773315,3.97037053108215,-99.6363748949907,26.0236354547739,32.66933780021,10.3423252105713,-4.96039390563965,-8.832444190979,269.88640097697,-68.8286153983514,335.317290961374
100.44,0.836428821086884,1.33800733089447,3.95789003372192,-110.387925931669,18.7431404505187,34.5375857835052,11.5509357452393,-6.9068865776062,-9.10151290893555,264.183220340766,-64.8722214914323,322.025797478043
100.445,0.658919453620911,1.95283353328705,4.1076488494873,-117.158193852094,17.7313930665011,34.6986177384721,12.9002685546875,-8.43296051025391,-9.67798900604248,256.987779974697,-54.1378073993811,305.469364288418
100.45,0.453833073377609,2.64209365844727,4.25453853607178,-123.658635149357,19.8540792567577,33.9638703837917,13.9714622497559,-9.24793529510498,-9.97627067565918,249.907278031982,-34.6472137347785,288.187592329695
100.455,0.237371370196342,3.30795955657959,4.42774677276611,-132.724044706391,25.6575851265854,32.3335554553284,14.5490245819092,-9.28449153900146,-9.92389297485352,242.006770898272,-8.11388480470257,271.26150930219
100.46,0.0206027831882238,3.76097249984741,4.70272254943848,-149.604925541969,36.8945474622933,29.6283736571802,14.216778755188,-8.36373901367188,-9.40828323364258,231.259331635473,22.7487629458806,256.50939352523
100.465,-0.492533475160599,3.71028995513916,4.93080615997314,-171.145375089708,48.2468068062855,27.3168583495822,12.7713975906372,-7.04534244537354,-8.909836769104,218.149685108604,51.7715464180381,246.37784608027
100.47,-1.09915280342102,3.34872651100159,4.97603893280029,-191.418182508628,57.1067984240318,25.7198662065321,11.3477773666382,-5.85867786407471,-8.65449142456055,203.633620669359,75.3556261314856,236.946474987506
100.475,-1.72343146800995,2.74360775947571,4.75749635696411,-207.950901281454,63.5088474312061,25.0287364398915,10.1495943069458,-4.91202783584595,-8.68678569793701,187.178328920965,92.3762184865364,226.622398170221
100.48,-2.2201726436615,1.99853467941284,4.06521701812744,-215.366437663337,68.2775625663039,25.7657650777546,9.37716388702393,-4.34971761703491,-9.0802755355835,166.710041487999,100.273187582257,212.116141882625
100.485,-2.45206570625305,1.10115790367126,2.9225161075592,-208.773310699037,72.8401016111158,27.0603318122822,7.46420526504517,-3.73273181915283,-9.09373378753662,145.62886752043,105.197350992675,196.176433793918
100.49,-2.46736025810242,0.0881253629922867,1.67213594913483,-192.021479457637,77.404225259815,27.7804608545914,4.70892715454102,-3.41570138931274,-8.8258171081543,127.474279348049,105.181170274531,182.343511215079
100.495,-2.32752275466919,-1.02958226203918,0.433639913797379,-166.08946416039,81.4271998507634,27.2722350161872,1.32004725933075,-3.48538494110107,-8.26764965057373,110.980035030818,98.7189097347287,169.242661971861
100.5,-2.2711501121521,-2.23736882209778,-0.577752590179443,-131.694024858796,82.1684666210065,23.6159852346079,-2.02662801742554,-3.99202036857605,-7.27914428710938,86.6974626068044,80.7513867833365,146.91847553762
100.505,-2.27017831802368,-3.19910597801208,-1.15011847019196,-94.5309382640004,76.1166389786193,17.3105219324868,-3.29163241386414,-4.09520292282104,-6.22541809082031,66.273216233607,46.7264032819461,120.809093888006
100.51,-2.2492847442627,-4.37140369415283,-1.58884751796722,-59.3070311670301,66.0358056882465,9.89681604130154,-1.98939073085785,-3.27901816368103,-6.63223028182983,49.4375239295776,2.64775591548424,92.3965861106414
100.515,-2.17272162437439,-5.92177152633667,-1.91907000541687,-28.3628249813415,52.8683040440129,1.98845120183783,1.73986637592316,-1.45202255249023,-8.56097984313965,35.0550750659713,-46.0495144597249,63.2083191077255
100.52,-1.96662664413452,-7.88196802139282,-1.53541660308838,-6.99407529027898,37.558865321347,-5.46650732438703,4.79715013504028,0.468727141618729,-7.94187307357788,13.8881156299739,-69.8820764551775,41.963343543481
100.525,-1.85098195075989,-9.88759517669678,-0.876526951789856,9.24673571157265,23.3749205380415,-11.4575629317473,7.07691860198975,1.51844882965088,-6.68009090423584,-6.42781205383672,-68.4556870696687,27.1617789044771
100.53,-1.81424522399902,-11.5292634963989,-0.085339792072773,22.2322315974457,12.247513582847,-16.1733620300241,8.94370079040527,1.88006329536438,-5.99677276611328,-25.064360999055,-61.2301665504956,12.0983653032624
100.535,-1.84447550773621,-12.5117969512939,0.75294440984726,32.6575523087972,5.55389361840182,-19.5425372532405,10.5189962387085,1.64572191238403,-6.48519229888916,-41.4619769225508,-58.0812717582013,-6.80997052940904
100.54,-1.75748336315155,-11.775164604187,1.33034074306488,38.5006288795813,6.68304555094952,-19.7636134012009,10.9397687911987,1.42450821399689,-6.64498901367188,-55.0974011664437,-57.7033095801003,-30.0966889927168
100.545,-1.7895393371582,-10.2203302383423,1.28362333774567,39.359931563966,11.7993413289465,-17.3088673191604,10.9955654144287,1.15611493587494,-6.70913410186768,-67.4351680152096,-53.6028328326398,-51.3787217483032
100.55,-1.95069313049316,-8.25710296630859,0.787402033805847,36.8811227254796,18.8539414867819,-13.6192042521614,10.9302940368652,0.905010163784027,-6.85217666625977,-78.7856856609635,-49.2058473280253,-69.184748291865
100.555,-2.2568473815918,-6.18665075302124,-0.0468681789934635,32.1696445756265,26.3348086280759,-9.76585484792936,10.9306726455688,0.723563671112061,-7.21787452697754,-89.3355753623977,-47.2210285061655,-82.1309074107606
100.56,-2.36568546295166,-4.39784049987793,-0.395596772432327,23.0291251358367,38.3803390030136,-3.05965004649503,10.2588033676147,0.358589112758636,-7.66443204879761,-97.7391190982904,-36.0978981031651,-86.0913926009925
100.565,-2.33850073814392,-2.73841667175293,-0.491078019142151,16.6978607941258,45.2756301211004,3.37134551582515,8.84238529205322,0.766078293323517,-7.70136547088623,-107.611884335977,-27.6943424144413,-90.9047088713705
100.57,-2.17529153823853,-1.212273478508,-0.455235093832016,12.726512188019,48.8285374329901,10.0321647774418,7.0080099105835,1.4073201417923,-8.43968963623047,-119.10593157695,-21.1913261358613,-95.5640658476673
100.575,-1.86559188365936,0.16544534265995,-0.431151688098907,10.7320551154667,51.0533520268113,17.5750141779064,5.1338586807251,1.62345397472382,-11.3292512893677,-132.537006806159,-15.706006336066,-98.7926347966298
100.58,-1.23689568042755,1.34470331668854,-0.581891000270844,7.81854144857569,59.9179437769636,26.7685068573515,-1.21210074424744,-3.169682264328,-5.53205919265747,-148.315276543644,32.3339550213949,-91.1115953013302
100.585,-0.0124029982835054,2.01829099655151,-1.09595274925232,3.8610559920499,66.3837901660803,36.6211725558581,-9.19056606292725,-13.4409866333008,2.53667449951172,-155.261920439006,96.7047825711403,-78.8712064595612
100.59,1.71832084655762,1.47044670581818,-1.56729388237,-1.21668016643118,68.7477459585784,45.3483784659502,-16.1511478424072,-29.643518447876,9.23252296447754,-157.014792866841,148.211280083341,-71.9863006441075
100.595,3.80972385406494,-1.75124275684357,-1.20223069190979,-7.66397341388466,64.3024676014374,49.5546138625191,-17.2637767791748,-53.2106857299805,8.18102741241455,-161.096650518624,132.942474156048,-89.138169235006
100.6,5.04955673217773,-9.64698505401611,0.193527340888977,-4.6172241006279,58.3811512137107,37.9733212001834,-16.4857349395752,-49.5795669555664,2.32607436180115,-133.108365790609,54.8821033585211,-126.025978715683
100.605,5.28670120239258,-17.6840324401855,1.60811877250671,12.9058977150593,43.8464506033156,16.11476242204,-10.6066608428955,-33.7060661315918,-0.880887389183044,-112.363674262312,-36.2334568676223,-151.992855298454
100.61,4.42981243133545,-26.2335605621338,2.94596457481384,42.8203307937371,13.5362635575226,-13.8621250526348,-1.01978635787964,-13.5760011672974,-1.12698936462402,-106.525392484325,-116.344622699297,-162.339813249458
100.615,2.16865682601929,-38.070198059082,4.28998947143555,78.375163971089,-52.2233053750265,-48.4185587431547,7.39151620864868,-6.59538602828979,0.0574816055595875,-124.944527543638,-132.54539427846,-153.125013794897
100.62,-4.24603462219238,-46.9069480895996,7.68810892105103,128.540731424677,-108.715390188852,-64.2109703873159,12.7312269210815,-4.70243263244629,-1.95754826068878,-139.883735862344,-120.047309229496,-152.685354518023
100.625,-11.6492176055908,-47.9644241333008,7.04729270935059,163.433709026171,-138.109881093378,-43.9867051228273,16.2008590698242,-2.56119656562805,-3.02077269554138,-152.838145849757,-89.9596702374292,-159.46490466553
100.63,-17.7050399780273,-39.4179306030273,1.19201505184174,167.399275877145,-131.32952498355,12.1479157643699,18.1275234222412,0.646934807300568,-2.82000327110291,-165.043420689002,-45.977063228104,-170.592949389638
100.635,-14.6779136657715,-17.531623840332,-9.27048301696777,97.2647761208113,-63.8439023609411,86.4440557584078,18.836217880249,3.40620970726013,-4.04966974258423,-180.770955781332,5.76842986023192,-174.228823009376
100.64,-6.92305612564087,0.0062588583678007,-10.0469875335693,40.6861801309587,-5.17646675637703,97.4251557927124,20.1537246704102,5.62952899932861,-7.23106288909912,-193.548204322054,42.6767533871943,-170.621690825665
100.645,0.83806324005127,9.03508567810059,-6.36942529678345,9.25417378757879,30.8911663516889,84.8848055331639,20.9368515014648,5.61457204818726,-10.0347290039063,-200.099858377713,65.4963231966531,-165.543226611707
100.65,6.71066331863403,8.42751979827881,-0.589560627937317,3.89140294941909,42.4568417864874,62.2624403605163,20.6140575408936,2.84874892234802,-11.7510776519775,-199.187249481951,77.6093290104014,-160.690035696955
100.655,8.5189847946167,2.73389768600464,1.75276446342468,-6.181957260228,57.8527267983835,33.521619050128,17.8903789520264,-1.52772188186646,-13.2037973403931,-191.464422889309,107.537332821186,-154.130841112451
100.66,10.7583303451538,3.53612780570984,2.53258109092712,-12.9061068896027,35.1470742989968,6.00305070020327,14.0890235900879,-4.09235572814941,-13.6906814575195,-179.893768246606,142.230274672458,-148.749826839019
100.665,12.7084894180298,6.04995393753052,1.68473875522614,7.29215242962115,-15.2627970683711,-18.8797134980676,9.80689334869385,-4.80655479431152,-13.3060998916626,-167.629207365364,172.698191276754,-139.993947794791
100.67,13.5572576522827,7.70580530166626,-0.649681925773621,64.1109695876777,-80.3739300392341,-38.352249850052,5.42971706390381,-3.71098327636719,-12.1689462661743,-156.696669976058,192.016083608193,-125.196807410822
100.675,5.81619691848755,5.99027395248413,0.315364629030228,81.2493212342087,2.79672106062174,-18.5393702943678,2.71080613136292,-3.754718542099,-12.3942575454712,-154.294232897777,165.163850584448,-102.992265400271
100.68,-0.28468906879425,4.3953070640564,-1.97377908229828,29.2012409472443,107.243429781201,-7.22978341098882,0.921800255775452,-5.16595554351807,-11.9997234344482,-148.966917571598,134.945112941452,-80.985949139813
100.685,-3.8265688419342,1.58813393115997,-5.39265727996826,-50.8207670100994,186.760375985273,-7.00237951964924,0.805612504482269,-7.49532175064087,-11.5435428619385,-143.490635819622,97.5992846354127,-66.5717911229849
100.69,-3.92145323753357,-3.56623840332031,-8.31954383850098,-127.727597403987,203.045199872363,-20.5882477529059,3.05595850944519,-10.4413661956787,-11.4662246704102,-140.065692101833,49.6969345142547,-66.0995723343378
100.695,-3.20493292808533,-10.7437238693237,-5.91981506347656,-124.102693068056,176.007759439084,-43.3085151495692,5.99008893966675,-11.8217830657959,-12.1824789047241,-133.174714248207,18.5197044722,-84.0989034766947
100.7,-3.9062225818634,-17.943416595459,-4.02037668228149,-104.263090397244,145.055719026417,-60.7763892726075,7.13942050933838,-12.2779302597046,-11.96790599823,-124.328649386178,1.19507499742596,-97.082451051107
100.705,-5.6937050819397,-23.8948612213135,-2.85596132278442,-79.2390599576906,113.389609656782,-69.9850620474829,7.67111206054688,-12.1133718490601,-11.5844268798828,-114.839249006226,-10.0899046353642,-104.887697536463
100.71,-8.23428535461426,-26.9058208465576,-2.77802920341492,-62.4903637731196,84.9756470491251,-66.5214253080453,9.00408172607422,-11.6617641448975,-11.9763336181641,-106.305091562835,-24.6869213304255,-106.912104134753
100.715,-12.6757249832153,-27.7517948150635,-2.37550020217896,-63.4317277652875,64.2244463505483,-52.1672295219407,10.0050802230835,-11.2894906997681,-12.0927772521973,-97.7098858886427,-14.0452279101308,-102.869424448049
100.72,-15.6794681549072,-25.8340072631836,-2.61286735534668,-74.512698825636,44.3370460159247,-35.1566604694969,10.6653833389282,-10.881890296936,-12.1167917251587,-90.0465843946177,0.471468054807852,-98.5354781743788
100.725,-17.0917682647705,-21.8183345794678,-3.85870623588562,-94.108771101591,16.4161018304845,-19.3742823732264,10.9328660964966,-10.5239219665527,-11.9859342575073,-83.8414668166878,14.770210655619,-94.7250590704013
100.73,-16.8052196502686,-16.8086318969727,-6.81599950790405,-120.833054191614,-36.5264856433942,-11.4428566806906,10.6683359146118,-10.3938503265381,-11.5463266372681,-80.1406517583214,23.321788496488,-92.4290773205232
100.735,-15.0973968505859,-14.9357852935791,-7.31114673614502,-127.379858812963,-85.1974984235563,-16.3788004598797,9.81570053100586,-10.1148748397827,-10.659236907959,-75.0613269405281,27.6315541929487,-88.9237969177159
100.74,-12.7355670928955,-14.941481590271,-5.05533695220947,-123.013769669059,-125.64951234901,-23.2165796776077,9.02885818481445,-9.83391284942627,-10.512035369873,-69.9928279725692,28.7145831386918,-85.2571259750105
100.745,-9.6895227432251,-15.8245210647583,-0.744189023971558,-113.737013568537,-155.086043067878,-28.6703303430592,8.41016387939453,-9.61439514160156,-10.8655672073364,-64.6350841536387,28.8093076171961,-81.1270130367413
100.75,-5.53016948699951,-15.2096471786499,3.68050456047058,-113.195324925841,-165.805847385294,-27.0428157921557,8.03488254547119,-9.59300804138184,-10.6378650665283,-57.5836651564092,33.9685490633731,-75.2316103867257
100.755,-0.994511187076569,-13.1612977981567,5.07784652709961,-120.047459493657,-164.607859525631,-23.3422483281467,8.33761787414551,-9.90699672698975,-10.7496738433838,-52.0041109441825,37.1468956313685,-68.7947581506356
100.76,2.79603505134583,-10.9091005325317,4.84316682815552,-130.429688541535,-155.388989278324,-21.2220090531603,8.55095863342285,-10.2598438262939,-10.7196550369263,-46.3629620860205,39.6103297140333,-62.2502826237937
100.765,5.24065017700195,-8.95169448852539,3.59921455383301,-142.553656808902,-139.093646899913,-20.1055958503015,8.55284881591797,-10.5844964981079,-10.6116209030151,-40.6024112758831,41.1203718414018,-55.7964744430891
100.77,4.65692949295044,-8.38643646240234,2.85682272911072,-151.937284879367,-116.232143144045,-13.649286966587,8.54109001159668,-10.864556312561,-11.2047080993652,-35.9861254724924,39.2981115217883,-49.9248750023309
100.775,4.41440963745117,-8.8094539642334,2.95169353485107,-165.267969988156,-80.4750646502744,-7.34054517366434,8.60059070587158,-11.5491037368774,-11.2558937072754,-30.880927898123,40.9931220020699,-44.3151381841619
100.78,4.00222015380859,-9.64590167999268,3.10696291923523,-180.064563956991,-37.2770346407194,-2.31487725477355,8.85716342926025,-12.4335498809814,-11.0172815322876,-25.4684503582786,44.3540190360122,-39.6417998106341
100.785,3.2433066368103,-10.6864042282104,3.03581738471985,-194.814357469634,10.0928680836903,0.808082615551118,9.27130031585693,-13.4025478363037,-10.5729875564575,-19.8478262185725,49.1430300782287,-36.1382576909707
100.79,2.16854596138,-11.7334203720093,2.56502795219421,-203.872390422365,48.6217910219084,0.514669268112447,9.13171195983887,-14.0459775924683,-9.97511196136475,-14.3894276093908,58.1327850449215,-33.5826092243216
100.795,1.01858067512512,-12.5571918487549,2.04295706748962,-211.356884394108,83.77446266093,-3.1490091979629,8.81131267547607,-14.4991750717163,-9.55055046081543,-9.65670074102974,63.3888136867323,-31.3746037260478
100.8,-0.446471005678177,-13.264214515686,1.58453273773193,-218.849301385288,112.659756132642,-8.13295298531795,8.2481632232666,-15.1184005737305,-8.90667819976807,-5.76094183846747,66.0305532727748,-29.6038327874924
100.805,-2.30929851531982,-13.914722442627,1.27440059185028,-227.199672098493,132.826825393021,-13.1390846421918,7.4073920249939,-16.0921955108643,-7.83201789855957,-2.85092266711061,66.6098967483644,-28.3615699340815
100.81,-3.46435546875,-14.6979455947876,1.48072361946106,-236.676327345454,133.893632639486,-12.9567698177712,6.49248886108398,-17.2638511657715,-6.46923971176147,-1.71026773550526,67.0404787038312,-28.0024317573331
100.815,-3.91986751556396,-16.2226619720459,2.01699423789978,-243.188038454847,147.295146809968,-10.7832917795255,5.5493631362915,-18.3024940490723,-5.16328096389771,0.0150358160217701,66.5014538349122,-28.1390150501658
100.82,-3.55282354354858,-17.6589584350586,2.84666299819946,-246.198485312665,171.32484514034,-6.37908121542962,4.52845859527588,-19.2283840179443,-3.87951469421387,1.68362893052516,64.5538595440289,-28.8950299063743
100.825,-2.21495604515076,-18.3408794403076,3.9586033821106,-245.06642243887,205.275161013724,0.583116995023525,3.38556838035583,-20.0507469177246,-2.59173941612244,2.78156978005195,60.7620868564855,-30.4068615433054
100.83,-1.8501877784729,-16.9508228302002,4.52268838882446,-231.962923082254,209.09266302387,0.338417997488413,1.88703453540802,-20.7241840362549,-1.06676352024078,4.59320317909061,55.8350001251025,-32.4172286877557
100.835,-3.51788949966431,-15.2080774307251,3.78031706809998,-215.8897940783,167.04175645523,-8.24412797443825,0.379653543233871,-21.2889537811279,0.247146382927895,5.91374170793712,45.3554374664574,-35.8185775170574
100.84,-5.73599815368652,-14.0166540145874,2.05458211898804,-200.2693290314,98.7559703411652,-20.7282905365533,-1.2460298538208,-21.7893161773682,1.50456643104553,6.4861431500091,32.241078109061,-40.1507547717322
100.845,-6.68477344512939,-14.5547676086426,-0.324222892522812,-189.436047951112,26.8850350072338,-31.8404670236723,-3.13663673400879,-22.2759246826172,2.89536237716675,5.9299062043816,19.955049943258,-44.907233622932
100.85,-5.69739437103271,-15.9213714599609,-0.563616394996643,-177.845640401329,7.32475121498233,-34.5896728061158,-5.19279718399048,-22.3858108520508,4.20004844665527,5.09184668897609,8.06952699491156,-50.6998521712227
100.855,-4.25686311721802,-16.3177337646484,-0.0577788501977921,-160.967477981041,-4.64741823251441,-35.9450452997293,-6.86979246139526,-22.0380153656006,5.27825212478638,3.46285468277769,-7.04017565208198,-57.4490489580574
100.86,-2.35362839698792,-15.6533498764038,0.980713725090027,-140.224097849064,-11.3351744795571,-37.0671839086599,-8.06100463867188,-21.2734050750732,6.0924015045166,1.11625418751719,-23.6044866111402,-64.5793839609572
100.865,0.235217958688736,-13.8344230651855,2.35191059112549,-118.380934317309,-11.839536992212,-39.3969614345513,-8.57062149047852,-20.1340675354004,6.55828762054443,-1.83097350656037,-38.0421080353146,-71.0490211050633
100.87,2.17661619186401,-12.3630962371826,3.0967800617218,-100.086067719755,-6.34310276708975,-41.1432256543647,-8.76348495483398,-19.4041309356689,6.96716928482056,-5.90788482072383,-38.9614071013687,-74.7640088059574
100.875,3.03571033477783,-11.3287076950073,3.35512733459473,-82.0539584995713,1.91296843344249,-41.7721153221936,-9.01699542999268,-18.5595703125,7.9043288230896,-10.8464522463279,-33.0582795074018,-78.5330028126189
100.88,2.94650149345398,-10.7200298309326,3.48815774917603,-63.7490925050721,13.7235242926759,-41.2017672057408,-9.36522006988525,-17.5842819213867,9.0912389755249,-16.4171246513127,-23.2317307447341,-83.0825576678185
100.885,2.37073278427124,-10.5106172561646,4.48441886901855,-44.783555972536,32.9025887603659,-39.2791167657064,-9.77863597869873,-16.6100730895996,9.52751541137695,-22.1070427676958,-15.1236797753563,-89.5758887381554
100.89,2.21042060852051,-10.1586799621582,5.83576393127441,-26.0749899395959,57.6947991643945,-36.0920275555734,-10.6919298171997,-15.8500995635986,9.98609828948975,-25.7262114522711,-4.58383045200206,-94.5833941168261
100.895,2.0843334197998,-9.54498100280762,6.87396097183228,-7.19715730487096,85.2743585422864,-31.6329283106469,-11.6354265213013,-15.2033548355103,10.3993101119995,-29.6102258445555,9.53368732653052,-101.258886332327
100.9,1.85475993156433,-8.64089107513428,7.40645170211792,12.4376549502827,113.259173534203,-26.1408824820663,-12.3780746459961,-14.5906429290771,10.5675945281982,-34.1427291324922,25.2166246986748,-109.818595513403
100.905,1.26027727127075,-7.43203926086426,7.20285654067993,35.1458960913649,133.35861026142,-20.7390634524217,-12.3113031387329,-13.7433853149414,9.62736415863037,-38.7784878052066,31.9286242752896,-118.117794449345
100.91,0.785586535930634,-6.68088626861572,6.78277254104614,58.9532751793477,139.090231805328,-17.0581771785061,-11.8837251663208,-12.7743330001831,8.4722785949707,-43.0715110004643,35.9429689222217,-125.464345920611
100.915,0.243636429309845,-6.04108238220215,5.99574899673462,82.0622571794128,134.54107993129,-14.6360964761712,-11.5171356201172,-11.807580947876,6.96664381027222,-47.7908882640926,37.4572628423485,-132.181973573102
100.92,-0.401494354009628,-5.45327854156494,4.83033895492554,103.593404009503,121.697523914106,-13.1712983756385,-11.4006586074829,-10.936092376709,5.1474723815918,-53.3157497365404,36.9870179783715,-138.43722473954
100.925,-0.905971705913544,-5.36730909347534,3.70043706893921,121.629071758244,107.781327668907,-11.2077607156851,-11.8721036911011,-10.5617504119873,3.77166557312012,-60.4575765327188,38.7379335570097,-144.829284595053
100.93,-1.6229966878891,-5.42030096054077,2.69079899787903,140.407666013197,93.1270065404826,-9.37731270680401,-12.1455135345459,-10.545241355896,3.14780831336975,-66.6611299973287,37.4283438214027,-151.763197017802
100.935,-2.45742774009705,-5.50710582733154,1.70695388317108,159.361536582631,76.6890634725797,-8.32910406544967,-12.0208539962769,-10.7331237792969,2.86493730545044,-72.2831474956254,31.3738797259958,-159.070133391881
100.94,-3.34198522567749,-5.56429672241211,0.725022315979004,177.80975458743,58.0233244332829,-8.45670822084479,-11.3673057556152,-11.0563507080078,2.75451254844666,-77.3613863133407,19.5431570929077,-166.584516271432
100.945,-3.85207414627075,-5.41529083251953,0.18685582280159,188.713523219952,40.8506852371184,-9.89532449874154,-10.1285305023193,-11.5253229141235,3.34598255157471,-79.768495241015,4.11767004114869,-172.556423870341
100.95,-4.00477647781372,-5.06484603881836,0.119369365274906,194.192605349488,29.3112923702462,-10.8808046827585,-9.25412654876709,-11.7212820053101,3.55392527580261,-77.3824574469302,-9.47125854374296,-174.494312462414
100.955,-3.9446234703064,-4.58122444152832,0.335429310798645,197.566623176825,19.9498726598671,-11.7931224417072,-8.40968322753906,-11.7736253738403,3.4256579875946,-73.0532171735985,-17.1829613195477,-173.440031782888
100.96,-3.7736177444458,-4.01060247421265,0.703452587127686,201.348867750477,10.1496414698451,-12.930224287562,-7.33086919784546,-11.7765493392944,2.97825789451599,-68.9301256697961,-15.4415670246125,-170.039608444218
100.965,-3.61308288574219,-3.32888770103455,0.531946361064911,205.232035199304,6.7039262930159,-12.4956910676603,-7.21569013595581,-11.2093238830566,2.48742651939392,-71.549865216522,-7.48578573127007,-168.0630883022
100.97,-3.40036177635193,-2.57473802566528,0.0635538846254349,210.640629776605,0.680613409752961,-11.6169838158436,-6.94337129592896,-10.513560295105,2.19810438156128,-76.9242815272166,-1.40257785195824,-164.700818400235
100.975,-3.03716158866882,-1.78339898586273,-0.549216032028198,216.763675801468,-9.57474444740511,-10.8628173795793,-6.16348123550415,-9.73183059692383,1.82759737968445,-84.0408536989388,-4.7028200313065,-161.256258379149
100.98,-2.38841009140015,-0.99629282951355,-1.1258556842804,222.637228676329,-26.4663546563958,-10.9573096316518,-4.39668989181519,-8.9110050201416,1.01448214054108,-91.7614673102894,-27.5450583848469,-159.360785261822
100.985,-1.34338986873627,-0.622003555297852,-0.520631909370422,221.675906871407,-42.482980920441,-11.735234880944,-1.8022882938385,-8.18130111694336,-0.79836118221283,-101.304088524254,-70.7910995016253,-162.80384264129
100.99,-0.860475838184357,-0.389542877674103,0.118066400289536,219.780911867322,-50.853794389831,-11.7709448174722,0.727256715297699,-7.9138617515564,-2.72115731239319,-114.227489452835,-104.963410183413,-167.127284084017
100.995,-0.963463842868805,-0.29733607172966,0.403372049331665,217.616233674048,-54.3434848858577,-11.5871691863429,2.88274908065796,-8.16386699676514,-4.72380065917969,-129.374369673255,-129.288036082146,-170.732654078921
101.0,-1.65823256969452,-0.385688334703445,-0.314042776823044,215.790319203228,-58.3893542709039,-12.30130815275,4.13291311264038,-9.05126571655273,-6.85131502151489,-144.621906391473,-144.364804410735,-170.984988587618
101.005,-1.94365537166595,-1.17496371269226,-0.620816469192505,214.73547844819,-65.1677432862513,-14.9209682985268,3.39404678344727,-11.4217100143433,-7.91981267929077,-150.222702492019,-134.994768416718,-163.349164944624
101.01,-2.36539220809937,-2.21646285057068,-0.313120752573013,215.348597209225,-70.1091734148912,-17.4993442196391,1.60516262054443,-14.4093570709229,-9.20625972747803,-145.867459688517,-111.35939056751,-151.607810214184
101.015,-3.06888675689697,-3.80714964866638,0.672508776187897,217.714506435826,-73.3012554933075,-19.4568269168933,-1.04028463363647,-17.9966945648193,-10.480637550354,-133.265446481141,-80.0465112609912,-136.331477418425
101.02,-4.30444097518921,-7.02400922775269,2.50820660591125,221.913133001659,-76.5014859874036,-19.7587827499104,-4.39884519577026,-22.5021514892578,-10.6083564758301,-116.75186589837,-55.8203630297112,-117.483242554695
101.025,-6.10514974594116,-12.4024038314819,4.24326181411743,228.220047718979,-81.857091957124,-20.4429730443543,-6.53207302093506,-25.4068012237549,-9.83139991760254,-95.5899044532975,-47.3284024950127,-102.949084944339
101.03,-8.52391052246094,-19.1878890991211,4.69177055358887,231.404131645877,-95.2829625821863,-21.9491595299364,-7.40594673156738,-25.9813652038574,-9.20848560333252,-72.7892850036909,-53.8206134143257,-96.0961853953355
101.035,-11.1384286880493,-26.339469909668,3.2385835647583,227.53355906588,-113.960681773287,-22.8119712240072,-7.08875179290771,-23.9744281768799,-8.94865989685059,-50.2072111169572,-74.2500302407248,-96.4691683655316
101.04,-11.925087928772,-29.7535991668701,-1.8010960817337,203.491060961003,-118.822724613204,-15.7532729526698,-5.93318223953247,-18.9419994354248,-8.96875476837158,-33.5008825958078,-104.480823167606,-98.5757079885902
101.045,-9.26158618927002,-27.6936950683594,-5.33758449554443,190.535558143323,-108.629063427932,0.157905622637217,-4.62904214859009,-15.0564889907837,-9.9574556350708,-24.3257682478719,-127.195853516723,-96.8561259027695
101.05,-5.86934232711792,-24.0294017791748,-6.82694244384766,190.891629565134,-103.54585906269,15.2686402952061,-3.38761591911316,-12.5602178573608,-11.2201766967773,-16.4144779530093,-149.847834389612,-91.8863709796415
101.055,-2.84511232376099,-20.2811050415039,-6.11593151092529,205.652651908772,-111.83249045056,26.8794735257021,-2.27844429016113,-11.5111675262451,-12.425350189209,-7.81788575041537,-172.569469531656,-83.6910250700291
101.06,-1.66122245788574,-18.3714790344238,-3.98624968528748,234.120224671225,-142.829282262668,40.140379714383,-1.26114320755005,-11.3594827651978,-12.7620496749878,0.137582141297793,-175.942981924995,-71.6954097175458
101.065,-0.596706449985504,-16.9275302886963,-1.54525172710419,253.069191164834,-169.420041984607,50.0398475766298,-0.261773407459259,-11.2285022735596,-12.1960391998291,9.61113569530294,-168.857084132836,-57.1285730671058
101.07,0.516970574855804,-15.7275829315186,0.78424209356308,263.831902730617,-181.326113557071,58.5818699828499,0.912380814552307,-10.8800325393677,-11.4118509292603,20.5547695806891,-158.3808580216,-40.8623853511667
101.075,1.76967644691467,-14.6973171234131,2.76816487312317,266.714351843389,-172.355438723825,66.6323270895988,2.37053203582764,-10.2049617767334,-10.8189468383789,32.8445219071371,-148.545208031863,-23.3255297326058
101.08,3.12879085540771,-14.361008644104,4.32159996032715,262.754126200346,-143.382814453384,72.0965125765548,4.07292318344116,-9.71958255767822,-11.5027551651001,43.2351179367482,-148.140888153755,-5.65081827159253
101.085,4.14033603668213,-14.5021209716797,5.54183769226074,256.092806627372,-113.146557375168,75.5903250917456,5.68145227432251,-9.44203567504883,-12.4719467163086,56.1258944667588,-144.702133793464,11.3276817620376
101.09,4.74069976806641,-14.9364738464355,6.36028957366943,247.268038295176,-86.1968917029125,76.2629689513976,7.17481708526611,-9.28927803039551,-13.4150409698486,71.0893875230581,-136.972722898462,27.2877190550357
101.095,4.85407733917236,-15.5354270935059,6.6977653503418,236.575322508007,-66.3566469943187,73.2645705472754,8.52901363372803,-9.20285320281982,-14.0825271606445,87.9122868827721,-123.690095000674,41.910453973643
101.1,4.32902145385742,-15.9810066223145,6.3364143371582,226.073100696791,-56.9286192791537,64.8193148461214,9.77949142456055,-8.80823516845703,-14.6885957717896,108.109880258552,-105.006727243129,55.5130250076281
101.105,3.60912203788757,-16.2994289398193,5.94420433044434,215.40608008128,-49.2321333110461,55.5310259711857,10.7617120742798,-8.23676300048828,-14.74609375,127.810884730726,-82.4610036231582,69.2092618407962
101.11,2.85857939720154,-16.5860404968262,5.59262084960938,205.523766239134,-41.9556185995297,46.1158936531737,11.4773244857788,-7.57599973678589,-14.5399951934814,146.967748522292,-57.3636852538106,83.1443640496179
101.115,2.28133940696716,-16.9581813812256,5.37460565567017,197.679471562292,-33.4835270851268,37.4639871635864,11.9078903198242,-6.92909240722656,-14.4080667495728,165.478858908969,-31.1653608808245,97.5191391956918
101.12,1.36324667930603,-17.9163150787354,4.86832189559937,195.206328365723,-24.9602876991242,30.4432664515815,12.368616104126,-5.93254470825195,-14.4092082977295,180.147222906327,-10.9563995089449,111.184558215325
101.125,0.815946221351624,-18.9017963409424,4.28047561645508,193.730023957759,-17.0672801131224,24.3771654213762,12.419282913208,-5.06141042709351,-14.2759313583374,190.731447968719,5.30484998022435,122.280480559766
101.13,0.70514440536499,-19.7591152191162,3.70302891731262,192.452519035778,-8.7861615416867,19.8489173412925,12.0569887161255,-4.3441014289856,-13.9474840164185,199.73030416248,21.3202118054995,133.585509145648
101.135,1.12637412548065,-20.2389392852783,3.2895610332489,190.343138054025,1.925127664269,18.1966911659718,11.2791051864624,-3.80063676834106,-13.3163690567017,211.736820496879,43.8628737931749,150.582175348036
101.14,1.03313744068146,-19.671516418457,2.87878561019897,186.503779438534,10.170513674175,19.3149024161296,10.5184011459351,-3.51106333732605,-13.0482664108276,224.149459879327,60.4764756661522,167.660653556303
101.145,0.845598638057709,-18.47509765625,2.58095836639404,182.56643492921,17.5685852623501,20.9229389750676,9.85384368896484,-3.23950123786926,-12.8014335632324,235.986396277012,73.8426231171119,184.69995379949
101.15,0.647575259208679,-16.9021396636963,2.40657019615173,179.152364872579,24.0800402396496,22.7146307830507,9.31733226776123,-2.93317484855652,-12.4867906570435,247.39991558767,84.499255014895,201.5502900291
101.155,0.529160916805267,-15.5007448196411,2.35726857185364,177.523036906451,28.9213637007193,24.6453152330964,8.98459148406982,-2.52117013931274,-11.9633111953735,259.151665866027,92.7897864407807,217.802725159146
101.16,0.493356168270111,-14.2907285690308,2.362713098526,173.786035505862,34.0339208039193,28.6424204825633,8.87424850463867,-2.11231732368469,-11.455602645874,269.187126209744,97.6333877699386,234.751935207181
101.165,0.537212729454041,-13.2136764526367,2.5083487033844,167.262808697528,36.4831071119754,33.2123583297935,8.71560096740723,-1.72864103317261,-10.8878288269043,277.130281044632,101.786074483415,252.111516680929
101.17,0.613834023475647,-12.2366352081299,2.80425763130188,157.711335558399,35.7479806817961,38.0019533531841,8.52354621887207,-1.38235533237457,-10.2097473144531,283.000118296584,104.941321351637,269.602292428254
101.175,0.507318198680878,-11.2642307281494,3.21204686164856,144.680878244767,32.3320425684273,42.8566571548378,8.63831043243408,-1.10843527317047,-9.26273727416992,287.261172791432,102.912693696441,286.207930300659
101.18,-0.0466883070766926,-10.2782602310181,3.53840804100037,130.31723630704,23.9511921360519,46.7982876078659,8.61261749267578,-0.912422239780426,-8.87503433227539,290.48278177763,98.4479493001651,301.477528529896
101.185,-0.834064185619354,-9.26656818389893,3.81706929206848,114.725949828274,12.51167883296,48.993650425986,8.52942180633545,-0.809558570384979,-8.8204231262207,293.807390016512,90.1095860595218,315.294208918888
101.19,-1.77162075042725,-8.23222732543945,4.04413032531738,97.9001476381626,-1.09027129414081,48.9954433506431,8.41649341583252,-0.81251847743988,-9.03483009338379,297.733000260842,77.7475652090132,327.49844556938
101.195,-2.72433972358704,-7.239670753479,4.10756969451904,79.8014782245169,-14.1623605317547,45.9530551131714,8.28226089477539,-0.957490205764771,-9.54448699951172,303.075656191896,65.0831787141373,337.499208552113
101.2,-3.08447337150574,-5.90960550308228,4.04389047622681,60.0594243154312,-20.350939660383,40.558418027439,7.80879068374634,-1.22881078720093,-9.93802642822266,305.69079902131,50.9202999417794,347.00617617861
101.205,-3.04391169548035,-4.54272413253784,3.94331049919128,38.9156140980784,-20.5281916070813,34.487800534645,7.24184322357178,-1.62797629833221,-9.19408512115479,307.589072516197,41.0866614427532,353.977203849309
101.21,-2.67559790611267,-3.30496621131897,3.85008215904236,16.4107998961413,-14.8520755954635,28.5543229951012,6.76566076278687,-2.10786938667297,-6.89251375198364,309.647691532039,38.0794008681829,357.241924989548
101.215,-1.87025094032288,-2.36348485946655,3.74057960510254,-7.61511280188332,-3.89145502961151,22.1456811478305,7.45534992218018,-1.6783242225647,-6.31102657318115,309.270938297421,27.1542742341265,357.669713397644
101.22,-1.19564092159271,-1.22868776321411,3.7017719745636,-29.5932152584276,4.70817746093673,19.3219597090895,7.79448795318604,-1.55871212482452,-6.45476675033569,308.122182441295,8.26522130614254,357.919151906133
101.225,-0.891972959041595,-0.117837361991405,3.67078971862793,-49.6647848138314,9.72109149565639,18.4935568005099,7.98766374588013,-1.72611117362976,-6.70122289657593,306.736637587022,-10.6130595597467,357.178240305727
101.23,-1.17314159870148,0.794677257537842,3.59807252883911,-67.8255406470325,9.95210983772738,18.5174351418483,8.18877601623535,-2.17984962463379,-6.56121730804443,305.525754330206,-23.132699831958,354.740108658843
101.235,-1.3161141872406,1.66040325164795,3.65005612373352,-84.0491728693479,10.5281039593028,18.2922796634061,8.3605432510376,-3.80551385879517,-7.20180940628052,300.673997755179,-30.6211040870012,347.657503017863
101.24,-1.09868431091309,2.46774959564209,3.78213667869568,-98.8541816312408,14.10787952784,17.398660401084,8.71191692352295,-5.7866382598877,-7.2838134765625,296.907558239267,-34.9854037213425,335.378817305417
101.245,-0.708241999149323,3.22262406349182,3.987309217453,-111.401430381851,19.6892531317069,15.6901432217186,9.33746719360352,-7.85124111175537,-7.40862703323364,292.583201551192,-37.591346285945,318.103848215108
101.25,-0.36691752076149,3.92841386795044,4.26239442825317,-120.462939900869,26.1670369839456,12.9200601123033,10.377100944519,-9.66402435302734,-8.33514499664307,285.593404520654,-40.0196185547625,295.699325095849
101.255,-0.0752436295151711,4.66169452667236,4.59073543548584,-126.114771174893,31.3010391735922,10.2864185692955,11.6728391647339,-10.1835670471191,-9.17335414886475,276.428547409305,-30.8184282521228,270.549339137811
101.26,0.26758599281311,5.25960779190063,4.76371955871582,-134.795641081656,39.9014118858917,6.02519758858703,12.510612487793,-9.71029663085938,-9.6668643951416,264.655760148304,-16.3907464607381,247.007780767042
101.265,0.609923541545868,5.64726972579956,4.67468357086182,-146.857399986062,52.1541053134505,0.746703120574798,12.7610101699829,-8.66559314727783,-9.72106266021729,250.275944322623,2.00035558123093,226.687517193768
101.27,0.84324723482132,5.67780685424805,4.11590433120728,-162.644808516656,68.2895700388648,-4.31408963309215,12.1921710968018,-7.75608110427856,-9.13743114471436,233.062009802736,23.0528754111281,212.52517459126
101.275,0.759412288665771,5.36591720581055,3.07626461982727,-183.955627104499,82.5306852130706,-7.03876692556566,10.9492750167847,-6.40760850906372,-8.46786499023438,215.660327042945,38.4248991571588,200.488769349054
101.28,0.631860435009003,4.71829557418823,1.86707234382629,-203.595945345898,94.515857206313,-8.11089745071433,9.4361686706543,-5.21052598953247,-8.3905553817749,200.969655647758,49.3474166589522,190.169500984945
101.285,0.505567193031311,3.7332546710968,0.506291627883911,-218.082749254738,103.1244363909,-7.78956351724827,7.58820343017578,-4.2694239616394,-8.80126285552979,186.414713771757,56.2358297765447,179.174344421329
101.29,0.41205170750618,2.37278032302856,-1.08080005645752,-219.431165200682,104.920858104884,-6.45320498962354,5.04001426696777,-3.69715929031372,-9.19449901580811,163.462040650848,59.4842199344786,160.629055768045
101.295,0.169742703437805,0.571489095687866,-2.4606466293335,-206.045879559668,95.7029918953854,-5.42623097951194,2.40758585929871,-3.29630637168884,-8.99515628814697,138.881501224293,46.2988710059437,137.929249910588
101.3,-0.04069759324193,-1.51046574115753,-3.23809933662415,-181.737673435699,79.4683630685062,-4.50031772902031,0.309871107339859,-2.72444701194763,-8.58823776245117,114.127994087196,24.4808050042947,112.604431600365
101.305,-0.191859737038612,-3.78778600692749,-3.22434210777283,-147.399006666487,58.7795834687542,-3.61224543407785,-0.894106328487396,-1.87676560878754,-8.20907211303711,89.4357810677109,-4.12982735098449,85.0937000387396
101.31,-0.336495101451874,-6.02256536483765,-1.93338441848755,-103.383894786902,41.5979523285474,-2.67531850354959,-0.147853553295135,-0.606544017791748,-8.57084274291992,64.443183158718,-38.7466625387689,55.9166789422921
101.315,-0.340802520513535,-7.48698616027832,-0.691690981388092,-53.680656008043,30.3795202960578,-2.12955800089183,2.13667154312134,0.744528591632843,-9.24835300445557,40.5351851389772,-67.5869484789456,29.0639678053054
101.32,-0.198739215731621,-9.07882308959961,0.906979203224182,-3.5056492330224,24.2450798081119,-2.29937059092351,4.94571733474731,2.02700424194336,-9.91804695129395,16.9314208203417,-88.1274241812491,5.69084531456292
101.325,0.0965074375271797,-11.035439491272,2.84195852279663,44.242949914824,23.239021971673,-3.48446945673643,7.82925796508789,3.13604116439819,-10.3059606552124,-6.51160908344267,-98.4217282039414,-13.4271956817613
101.33,0.546228289604187,-12.755012512207,3.7414984703064,80.6068394899315,28.8632353757879,-7.01154392596811,9.84377861022949,3.66103553771973,-9.11212730407715,-28.8719302066013,-91.912988226837,-26.1331951041555
101.335,0.650199949741364,-14.0790634155273,3.84516167640686,103.794771646613,35.6827216393713,-12.5725289882757,11.225866317749,4.00523614883423,-8.80301380157471,-49.1838472887087,-80.4257575146561,-37.5299770362525
101.34,0.392390996217728,-14.366512298584,3.45337510108948,115.313783229002,40.6602083366397,-17.9338501187841,12.0576286315918,4.2014012336731,-8.75475311279297,-67.340494763124,-67.5036953031523,-48.5480249788722
101.345,-0.236917898058891,-13.1634101867676,2.71020674705505,115.078401249825,42.1674808222998,-21.6890966621935,12.3479280471802,4.24320507049561,-8.66721439361572,-83.0643142325454,-54.6945087978721,-59.4745074054788
101.35,-0.898595154285431,-9.4255485534668,1.85028529167175,98.9020339365659,41.5928774979941,-19.9415944705931,12.0265922546387,3.85363674163818,-8.80387401580811,-94.5298317733548,-37.6265798167785,-67.0176658720034
101.355,-1.55435121059418,-5.36748886108398,1.25366818904877,82.8174165544278,42.6402631015535,-16.3271932580584,11.3928909301758,2.94483780860901,-8.73675632476807,-102.986869550827,-13.3521062895734,-71.0528801619444
101.36,-1.97365891933441,-1.62988305091858,0.977870941162109,64.1947623484154,46.1259579369157,-10.4886647394878,10.16197681427,2.15497994422913,-8.97661876678467,-111.392995098226,11.7824451484872,-72.6141384628042
101.365,-1.95856118202209,1.25774383544922,1.08831262588501,40.7855662135715,52.8489746086618,-2.00551322782794,8.07056999206543,1.99927806854248,-9.94877815246582,-122.099057075033,32.7784637325793,-72.3729576530219
101.37,-1.05175507068634,2.91668295860291,0.268310099840164,29.1076058839126,64.1412546464576,5.27801587452266,3.32705092430115,-2.33259439468384,-4.39639806747437,-141.111612629815,96.2513809536565,-68.6115041752042
101.375,0.095037117600441,3.76777219772339,-1.13751816749573,18.4120828889954,77.3957558252442,12.588923149831,-2.41227102279663,-12.6671838760376,4.62568998336792,-157.812203792062,166.273824626467,-66.5229552704193
101.38,1.59047436714172,3.37645936012268,-2.75691723823547,9.81341687021474,89.6477218376564,18.934858737879,-7.89877367019653,-29.307409286499,11.1935901641846,-171.265504456831,221.473460064407,-72.6440546913689
101.385,3.59789562225342,1.10119783878326,-4.13861083984375,4.87307701052105,97.0950527501257,22.9947966050682,-11.5442276000977,-53.1189079284668,7.67567539215088,-180.046559578339,233.857699520286,-95.8191256018431
101.39,5.77152156829834,-6.05773496627808,-3.31269359588623,9.55827515376892,86.3997756420186,15.1397921916084,-15.267183303833,-52.1139717102051,2.62326335906982,-153.269718182653,161.610116819669,-126.937522101935
101.395,5.6634840965271,-17.2693996429443,1.11099445819855,21.5596816528947,46.314068176847,-2.36628723488259,-11.673357963562,-36.8288345336914,0.271388679742813,-132.182656592019,77.6201002187225,-143.385696793214
101.4,3.01871418952942,-31.4183330535889,8.32871246337891,44.9508273053096,-21.4689135614671,-27.6635092329806,-3.16901397705078,-16.5418300628662,-0.547675132751465,-123.67646194309,-0.0338044404817112,-147.312044697974
101.405,-2.655433177948,-46.7876892089844,16.9653606414795,88.8919887267512,-115.472598787583,-58.2862184144367,5.42516708374023,-7.19735288619995,-2.33090734481812,-137.790433145896,-44.1030847160951,-143.849603241641
101.41,-12.569652557373,-56.0256614685059,19.4751987457275,171.58784840452,-136.978815427202,-80.548769221608,10.0668811798096,-4.78977537155151,-5.2494683265686,-152.089884965803,-67.0667954227033,-149.838777558772
101.415,-20.2935009002686,-55.8163681030273,15.0683994293213,221.750314952225,-108.096335993428,-61.6050005019567,13.8667316436768,-2.54280471801758,-7.24017763137817,-168.884500512164,-62.9069643313554,-161.055560100577
101.42,-24.325008392334,-44.8288040161133,3.67172718048096,213.860025781513,-43.6668610243739,-0.524661781507323,17.1720485687256,0.218086570501328,-8.60392761230469,-187.402509389903,-37.159589537941,-175.041123746987
101.425,-22.2974891662598,-19.4169025421143,-15.2761106491089,94.3243113812291,24.4049608762036,97.2849661599979,19.8171558380127,3.0377733707428,-10.909291267395,-204.715590935781,-6.15531354604942,-186.430109018146
101.43,-10.6620969772339,0.105805218219757,-16.9647674560547,16.2321802040617,44.0793942049589,87.0556035759341,22.1068210601807,6.17189359664917,-13.345027923584,-210.471896783349,46.4736794524664,-185.338153015158
101.435,-0.273719668388367,9.01732444763184,-12.1862840652466,-19.8567737663853,23.4506878265044,53.727924332194,21.2544460296631,7.23942232131958,-14.1272401809692,-208.964064222177,94.656149291865,-179.487276368342
101.44,6.29174995422363,7.6007513999939,-4.48829030990601,-18.4710701102149,-27.9257816669199,18.4618544774773,16.9705696105957,5.86444282531738,-13.2241306304932,-202.349913935612,130.276951851316,-171.756854605343
101.445,7.86836290359497,1.89920520782471,0.365647703409195,-1.30342933186245,-73.5525449830615,-4.93692092312728,10.6909646987915,2.67370438575745,-12.271222114563,-196.406775093487,141.536627981108,-167.862021193413
101.45,9.57653141021729,4.99287843704224,3.27910089492798,36.5230807940929,-87.1091454288378,-22.9951756805671,5.33220815658569,-0.246792405843735,-10.9933023452759,-184.975852460824,147.524313317,-160.774552457745
101.455,10.011510848999,8.54114532470703,4.60900354385376,65.575546560836,-82.776968174163,-28.0061695783564,1.83841979503632,-2.34515571594238,-10.5681810379028,-173.585555793344,138.623565960476,-150.191816376592
101.46,8.31161785125732,9.76527881622314,4.01689624786377,73.9565370120894,-61.2327415318127,-17.935175175483,0.559402227401733,-3.53264927864075,-11.236852645874,-164.022949445868,112.632838357123,-136.068146305164
101.465,1.76475858688354,9.25853729248047,-1.79057824611664,49.6206788672661,6.63631126221418,-0.959755770611978,1.23100554943085,-4.8226203918457,-11.4751043319702,-155.371039541186,82.1066738995854,-119.743980528455
101.47,-2.7822277545929,6.98010396957397,-5.13271522521973,-8.35452346821952,88.9628519393901,6.46139780153297,2.52830266952515,-6.72758007049561,-12.0805702209473,-149.117796450364,50.8491020498712,-106.038167770071
101.475,-5.0537166595459,2.97657299041748,-4.57137155532837,-72.0253010242683,146.914158858064,6.19531924467866,3.70797252655029,-8.93944931030273,-12.2914991378784,-144.407014979806,21.4705408540369,-97.9863309651098
101.48,-4.88326644897461,-2.79897522926331,0.374165385961533,-124.337214443397,158.396553796313,-1.31082162425682,4.36716079711914,-11.2621545791626,-11.7094850540161,-140.704109883554,-4.55735407745815,-97.5964227861505
101.485,-4.16886425018311,-9.90865707397461,0.790893971920013,-118.080405993829,119.010254287056,-18.0575380144638,4.43365955352783,-12.7862358093262,-10.7944068908691,-134.977761245685,-27.4227843383254,-106.518862823478
101.49,-5.07151699066162,-18.4233055114746,-0.792803764343262,-103.324957084554,59.0177521651126,-35.2069511523557,5.11531734466553,-12.7363319396973,-10.8293380737305,-128.865151749874,-42.4553049939241,-115.500752827342
101.495,-7.50682401657104,-25.7893581390381,-2.33609843254089,-84.1003241560421,3.20745491324728,-48.5478986203726,6.39515113830566,-11.6566410064697,-11.1980209350586,-122.016329823805,-48.8247091119603,-122.174694589901
101.5,-11.5014448165894,-29.9040622711182,-2.21218276023865,-63.3399710039775,-28.4350610620036,-54.4954736703634,8.29626750946045,-9.9172534942627,-11.4304027557373,-114.107660614037,-45.3398338992985,-124.515113550519
101.505,-14.3355569839478,-26.3269309997559,-2.28481841087341,-71.4941718540297,-27.490172692224,-43.7591539555337,9.72198486328125,-9.13668918609619,-11.9996471405029,-107.895781148829,-30.8738893881833,-119.822445741641
101.51,-15.2425899505615,-22.153995513916,-3.58809208869934,-91.0788240536925,-30.5517640065472,-32.4814529565213,11.3262233734131,-8.53598117828369,-12.1568098068237,-102.07586574952,-10.7632733488418,-113.183146698551
101.515,-14.8941745758057,-18.3942966461182,-5.28580904006958,-114.25937960607,-47.6446231781113,-25.0150436181529,12.7643480300903,-8.2121696472168,-12.0366411209106,-97.1002915052191,10.5542166262734,-106.35879051009
101.52,-14.0375862121582,-16.3473949432373,-6.35770702362061,-131.469065748293,-92.4433182649426,-27.1218240053798,13.590576171875,-8.30847549438477,-11.7871074676514,-93.6023945369046,27.5957332658465,-101.548363409731
101.525,-11.8419790267944,-14.9395217895508,-4.60638189315796,-111.204878028106,-139.782539779601,-36.2965712306478,13.6921768188477,-8.49760055541992,-11.3560552597046,-87.2615406095991,61.9777649060993,-94.5761677766842
101.53,-9.62661647796631,-14.9070072174072,-1.24319183826447,-88.7846181529986,-171.189033658883,-41.7382853952345,12.9032154083252,-8.49863624572754,-10.5068378448486,-80.0896029244648,89.0898593070065,-88.2836032868106
101.535,-7.16876602172852,-15.4718198776245,2.62660527229309,-77.6082976518367,-186.829456518539,-42.1582498216365,11.2631664276123,-8.36001205444336,-9.55313873291016,-72.4941798504113,104.343290478478,-82.221393756885
101.54,-3.88200831413269,-15.1451587677002,5.08967399597168,-100.531327751748,-187.304564477205,-35.7230334158527,8.77470111846924,-8.18835926055908,-9.10322284698486,-64.9912170471523,100.385960835643,-75.2634185776904
101.545,-0.29754701256752,-13.2159538269043,4.34850835800171,-130.056746552474,-179.932345155038,-25.8362236016852,6.30791521072388,-8.1721830368042,-9.27508544921875,-58.1096375338244,82.1297394484126,-67.0493647799414
101.55,2.35587477684021,-11.2164449691772,3.32381129264832,-146.059360683437,-170.472628777219,-14.4679338037109,5.26783990859985,-8.52278614044189,-9.92513275146484,-52.0118700390796,57.974153901448,-60.0901601666963
101.555,3.93935346603394,-9.57008171081543,2.61779141426086,-149.957554548439,-158.75035759532,-3.25800023409608,5.84925508499146,-9.23152542114258,-10.8993091583252,-46.5134277383413,32.2292618817969,-55.1582923028943
101.56,4.398353099823,-8.98364448547363,2.94922733306885,-152.095349117139,-141.956151860309,3.72513181247206,8.25528240203857,-10.2289724349976,-11.8311290740967,-41.0730727813995,14.2345957586431,-53.7722522599074
101.565,5.20740175247192,-9.19265937805176,3.29710745811462,-160.171282829492,-104.438988258939,10.5863304682035,9.83341026306152,-10.9412441253662,-12.0154285430908,-34.8965873564703,15.0743094604882,-52.481083544492
101.57,5.54587411880493,-9.74109649658203,3.1074800491333,-171.003320815351,-59.5835582057673,14.4996549097637,10.4592227935791,-11.4343433380127,-12.0302114486694,-28.5599544860718,16.1943836447421,-51.1956999993035
101.575,5.21245861053467,-10.4470853805542,2.38028907775879,-183.755557203331,-11.0461686852064,15.1279623039659,10.1840543746948,-11.7957029342651,-12.0038776397705,-22.2270304083927,14.225410007983,-49.715225760852
101.58,4.08832359313965,-10.9179229736328,1.66922843456268,-197.70919654556,37.4951567318637,13.723854703077,9.37189865112305,-12.3673400878906,-11.9576206207275,-16.0865144671801,11.9974979233733,-47.1913342587489
101.585,2.60913062095642,-11.4180927276611,1.30097687244415,-211.511997990159,80.5344941262427,10.2295785887963,9.15002727508545,-12.8446855545044,-11.6691856384277,-8.90111533296531,14.8251117161676,-44.5904562794159
101.59,0.93511438369751,-12.0988092422485,1.11276984214783,-224.109585234952,115.581881814303,5.3759471268423,9.40587615966797,-13.3386640548706,-11.2750196456909,-2.13176372510692,17.5338998541975,-42.8126707365829
101.595,-0.902858436107635,-13.030556678772,1.05028522014618,-235.085822174568,140.877104914852,-0.328630256366506,10.0175371170044,-13.8433933258057,-10.8054265975952,3.42544723079741,18.8296550416406,-41.9619228641337
101.6,-3.04979777336121,-14.3162202835083,1.08153688907623,-244.312478837528,151.183669127104,-4.48675809597055,10.1998624801636,-14.0025978088379,-10.1540231704712,5.52334388979165,22.6178931062885,-40.1887476989904
101.605,-4.08869695663452,-15.8975229263306,1.27549850940704,-253.129160225747,159.535802029114,-8.02760670888061,9.55733013153076,-14.441180229187,-9.08615016937256,8.01616528824719,27.5052742404789,-35.7417139832326
101.61,-4.01163196563721,-17.4443130493164,1.53887593746185,-261.048218153243,173.444799254928,-9.76021908809045,8.67007446289063,-15.1964778900146,-7.95250940322876,9.96741543788373,31.0252224745287,-30.1815506780596
101.615,-2.89291787147522,-18.719181060791,1.81835341453552,-267.381470080003,195.872217168285,-8.95653890298538,7.82154846191406,-16.3115921020508,-6.90504455566406,10.9055256986857,32.0921936455331,-24.3076716616659
101.62,-3.26145935058594,-18.6196060180664,1.97112464904785,-265.272717475653,203.211173469194,-5.63389989301841,6.84739398956299,-17.8909397125244,-5.41282892227173,11.7805506247661,35.9661096031297,-18.7957892561884
101.625,-4.18727207183838,-18.1172046661377,1.93375849723816,-254.116805579731,181.747700153401,-9.40719393064917,5.87429141998291,-19.5938682556152,-3.83897662162781,12.4994109594371,36.8673428188291,-15.4326245994416
101.63,-5.00504493713379,-17.4587421417236,1.66324615478516,-238.751393456817,143.523256803098,-17.7966077126964,4.83243131637573,-21.2365951538086,-2.34772968292236,13.1170521594766,36.30869140133,-13.9434094263998
101.635,-5.17863035202026,-16.8310699462891,1.11108219623566,-222.769092308445,97.0956742973401,-29.1110312237814,3.66204309463501,-22.6691570281982,-1.07486820220947,13.671008675695,35.4048285628001,-14.2241848428007
101.64,-5.02409934997559,-16.4794445037842,1.28774988651276,-211.928858095583,61.4753088699965,-33.5232992766638,2.64251375198364,-23.3496265411377,0.299275040626526,15.5435588243937,33.2890237881323,-17.9997699820111
101.645,-4.42410087585449,-16.0134811401367,1.90617597103119,-201.033709161794,39.4847361955751,-33.5091778605548,1.35217130184174,-23.497049331665,1.44322049617767,16.550909274133,31.6899842958786,-23.6948380610284
101.65,-3.31322932243347,-15.2993793487549,2.70095586776733,-190.190346722292,28.3752183595905,-30.5166773247808,-0.405723214149475,-23.2122821807861,2.62039256095886,16.6227116377828,31.2843017950311,-30.6215548794864
101.655,-1.5700124502182,-14.1499509811401,3.35219764709473,-179.536781579446,25.5302072212065,-26.1359818213368,-2.91432023048401,-22.5888004302979,4.16431713104248,15.5986118566513,33.0138593721346,-38.0104569387008
101.66,0.287248581647873,-13.0555839538574,3.57277035713196,-170.904283072385,23.2721825400935,-22.967147999308,-5.22400331497192,-21.5579872131348,5.10970306396484,12.7139625691928,28.9921756869394,-44.8316507495766
101.665,1.61421537399292,-12.1046600341797,3.65411996841431,-156.334656289669,19.140351809248,-20.4013618243833,-6.83269929885864,-20.7195091247559,5.72637844085693,9.36204552646174,22.669104157138,-50.7960041592635
101.67,2.36110377311707,-11.2724533081055,3.58814692497253,-137.328384508923,14.2947560648525,-19.0498774159548,-8.09300804138184,-19.9080066680908,6.20615148544312,5.67275000901744,14.6407614953743,-56.1093141825486
101.675,2.44035053253174,-10.5153007507324,3.31331825256348,-117.0992219988,11.1172572940879,-20.2627602106508,-9.68919086456299,-18.7498779296875,6.86963415145874,1.7100063740478,5.49398688296529,-61.1234243541466
101.68,2.24485397338867,-9.7590446472168,3.2846851348877,-99.6220246675445,19.0520238029014,-22.1502727425001,-10.640172958374,-17.6784515380859,7.49098968505859,-1.42245018062668,1.03791981514337,-64.9810468954781
101.685,1.97569131851196,-9.04351329803467,3.69040560722351,-83.4207066732475,35.2614731374053,-22.6985303196297,-11.3214673995972,-16.5852813720703,7.98055791854858,-6.22404744721455,-4.03053689102001,-70.7364033467518
101.69,1.61028277873993,-8.38086795806885,4.45088481903076,-67.8337641947932,58.0174368102184,-21.8555586175505,-11.8565940856934,-15.4604845046997,8.27831745147705,-12.4018587826164,-9.16484771983972,-78.3331309869368
101.695,1.00107359886169,-7.79681158065796,5.29840183258057,-51.5293649855424,83.9194880675769,-20.0760006406279,-12.4550361633301,-14.311882019043,8.22482585906982,-18.3199607125649,-10.8526822326246,-86.6640629817631
101.7,0.112250715494156,-7.16482591629028,5.56233310699463,-34.3698431676789,104.835835910095,-19.2095296727092,-13.230655670166,-13.3451166152954,8.00308418273926,-23.4784115643455,-8.67519572710974,-95.7010862726069
101.705,-0.832369029521942,-6.52107667922974,5.38836050033569,-16.2301294397634,119.772284832376,-19.0587412939501,-13.7769069671631,-12.4663934707642,7.62336587905884,-28.1340938988688,-6.07443514165319,-104.854379873692
101.71,-1.74575781822205,-5.9024486541748,4.83759546279907,2.86859642191826,128.152148302416,-19.470275559369,-13.9529695510864,-11.6537075042725,7.01589298248291,-32.5978427950729,-4.2273739782765,-114.000549587473
101.715,-2.44560289382935,-5.44490242004395,4.04954099655151,22.7024286500985,128.278588764332,-19.9258594222926,-13.5082206726074,-10.8981590270996,5.84477281570435,-38.0633465085388,-5.18450674280378,-123.153569980991
101.72,-2.90521144866943,-5.28479862213135,3.5615828037262,43.4687411422139,122.547800503502,-19.410222828639,-12.9180755615234,-10.301079750061,4.75046157836914,-44.6796346443142,-6.15545911445611,-131.872265475377
101.725,-3.37806391716003,-5.27411413192749,3.11843919754028,65.4132202850215,112.036931672796,-17.9761358199356,-12.291202545166,-9.87200546264648,3.76344442367554,-52.0545143251626,-6.24104223853002,-140.611287612733
101.73,-3.91278600692749,-5.36155557632446,2.67284274101257,88.3835426147463,96.9309506251269,-15.6603653044847,-11.6731786727905,-9.62494277954102,2.87914204597473,-59.9035935495174,-5.68449750750304,-149.572468483033
101.735,-4.19799661636353,-5.50648927688599,2.53747034072876,110.190868143925,76.9425181323005,-12.8415137906218,-11.1389684677124,-9.60372257232666,1.95025825500488,-66.8405590668249,-9.12587636798292,-159.1154038857
101.74,-4.21704769134521,-5.50809764862061,2.57401895523071,127.611975961717,56.3645651820211,-9.65425382575958,-10.6819477081299,-9.77856063842773,1.57757222652435,-72.2294690389383,-12.8505484233465,-168.232463333238
101.745,-4.06155967712402,-5.37024116516113,2.62917327880859,141.454966239392,36.5216737751239,-5.93365939333052,-10.0899438858032,-10.1755390167236,1.58806610107422,-75.6924295896481,-16.4051052259208,-176.701009979462
101.75,-3.77426743507385,-5.08315086364746,2.62069702148438,152.024041942204,18.3047789095872,-1.55786924637106,-9.26041793823242,-10.8088779449463,1.90455412864685,-76.8297790298603,-19.5811312371456,-184.254311276904
101.755,-3.42855429649353,-4.57379579544067,2.50622582435608,160.69649705591,4.43213451185702,3.56644965602315,-8.4982967376709,-11.464635848999,2.39818572998047,-73.9634355031511,-23.1046516601314,-188.854744211231
101.76,-3.06916809082031,-3.93175363540649,2.13236331939697,167.828416662697,-5.64351253050156,7.28666010375481,-7.7869815826416,-11.8289241790771,3.30320143699646,-71.994155361653,-24.2216898252992,-190.883528960778
101.765,-2.68364191055298,-3.18689775466919,1.53859579563141,175.923065093376,-16.6148893636358,10.9259735775134,-7.13532400131226,-11.812237739563,4.19807291030884,-71.0271440091518,-24.0025244227592,-190.768344650615
101.77,-2.26045250892639,-2.35670924186707,0.742887020111084,187.031766721755,-32.2718651867449,15.5326083236069,-6.55402183532715,-11.3200149536133,4.74667644500732,-71.2075088145643,-23.2171978097276,-188.718358993884
101.775,-1.85957050323486,-1.60050141811371,0.0646171346306801,193.899631215229,-46.5945567253028,18.474929167096,-6.13129901885986,-9.98561668395996,3.71063566207886,-76.7235354373207,-26.2342306774529,-184.396406532397
101.78,-1.58817708492279,-1.040367603302,-0.421749532222748,196.296180670446,-57.8381989860189,19.5217444498597,-5.43554401397705,-8.56015586853027,2.48461103439331,-85.6882543456109,-32.2276226363961,-180.459362551396
101.785,-1.46357083320618,-0.607052266597748,-0.902850866317749,196.603948994447,-66.3651027685112,18.6350595370924,-4.34626722335815,-7.26308441162109,1.15417170524597,-96.7262976670259,-43.432104007506,-177.70812137258
101.79,-1.51877737045288,-0.223297193646431,-1.61277544498444,197.655675183224,-72.4214998074532,15.6184194052443,-2.68181490898132,-6.38000297546387,-0.18120439350605,-108.269105628483,-63.0562654364227,-177.240116810651
101.795,-1.60873174667358,-0.314571887254715,-2.10069179534912,199.28625990416,-77.774271248668,11.1686510524976,-0.445511430501938,-6.21579217910767,-3.50225472450256,-119.545645495337,-91.4929998947729,-179.233384576514
101.8,-1.7420357465744,-0.875376760959625,-2.03503441810608,199.906154212852,-83.3096068162081,6.38265980766788,1.42752623558044,-7.0857367515564,-6.63152170181274,-132.432149742021,-124.601392500115,-181.008605383314
101.805,-1.94914758205414,-1.97924649715424,-1.42900454998016,198.799936774876,-87.5443719129402,1.62861047610023,2.46936893463135,-8.91855239868164,-9.29544639587402,-145.205655339077,-159.746568006523,-181.310035291765
101.81,-2.29464173316956,-3.82325339317322,-0.28563579916954,194.597744850296,-87.4382307732382,-2.50801771558518,1.80435228347778,-11.6473398208618,-11.1559267044067,-154.392191470853,-192.586322441619,-177.885337460785
101.815,-2.7807309627533,-6.01041460037231,0.608443140983582,188.973070408412,-79.3848844964704,-5.23242094671824,-0.123407043516636,-15.7017297744751,-11.9786729812622,-147.23793714548,-180.48344579841,-164.887063998523
101.82,-3.84679913520813,-10.2326574325562,1.30050921440125,183.561415906363,-71.9048847892009,-8.10527449748012,-1.71405792236328,-19.2663154602051,-12.0854444503784,-134.49202551267,-148.660884115647,-149.595349616753
101.825,-5.70109796524048,-16.426736831665,1.29454207420349,178.428241877153,-69.7623568994055,-11.6660758005031,-2.81654286384583,-22.445140838623,-11.4889984130859,-118.414060734784,-109.432245863001,-135.233702094264
101.83,-8.86133098602295,-23.9726734161377,-0.933075249195099,173.194595765252,-84.2033712200501,-16.979291908687,-3.52880811691284,-26.1659641265869,-10.0455141067505,-101.365608038109,-88.7736352088132,-128.616874373544
101.835,-10.5617733001709,-27.5404109954834,-4.71227550506592,172.775618301185,-97.0789130131169,-14.9833057275342,-2.77216911315918,-24.4461460113525,-8.43572521209717,-87.5794244437607,-89.2547400735706,-129.345956086308
101.84,-9.36527729034424,-26.8409423828125,-7.35279035568237,186.519953326489,-104.863812364936,-2.96377233323804,-2.13728260993958,-20.275577545166,-7.49601745605469,-72.5087418137218,-102.273148933507,-130.423486729769
101.845,-5.47383403778076,-22.5631160736084,-8.23328304290771,213.335576536282,-110.416455631833,17.976342433158,-1.99702608585358,-15.1372661590576,-7.48982906341553,-56.6829578652759,-124.679598166112,-128.98220753187
101.85,-1.26720356941223,-18.2105617523193,-7.14445066452026,238.777730666256,-130.601139950081,39.9755262685755,-2.50083827972412,-12.9620332717896,-8.81014823913574,-47.1194055365995,-150.379919786334,-118.638828599991
101.855,0.999749541282654,-16.1088047027588,-5.07937240600586,251.627201627261,-162.681705198552,55.1435356791925,-2.49723386764526,-12.1456966400146,-9.96566867828369,-39.6035370909037,-163.762746559247,-106.417659910546
101.86,2.40137267112732,-15.0091304779053,-2.68517398834229,256.834319284426,-188.413445688956,65.1063740365587,-1.97045421600342,-11.6866207122803,-10.7261657714844,-31.8774217621766,-172.855053401233,-93.8293890437808
101.865,3.31047630310059,-14.525707244873,-0.259218335151672,256.06097794584,-200.766184312383,70.9119187178537,-0.881808042526245,-11.211651802063,-11.0236368179321,-22.9929114728573,-180.478746628261,-81.2107853069115
101.87,3.9714241027832,-14.7553091049194,1.51691365242004,250.899267386278,-195.258838860062,77.7729120410232,0.90410190820694,-10.4007272720337,-11.045934677124,-11.6266835382387,-188.20735156094,-67.193413469537
101.875,4.57050561904907,-15.3384456634521,2.48182439804077,246.22148938979,-161.993713903835,83.1803181654089,2.76984715461731,-9.64695835113525,-11.2691011428833,-2.34357045258996,-191.166995471712,-52.4139530302345
101.88,5.06654834747314,-16.1569194793701,3.10648250579834,241.881997002514,-116.795579109058,86.7605530641678,4.57959127426147,-9.12429237365723,-11.7690858840942,7.03357213981504,-189.420160931103,-36.4312625610805
101.885,5.42306804656982,-17.1469440460205,3.6383228302002,237.611161676775,-68.3624823082547,88.0364119105587,6.26318407058716,-8.93370151519775,-12.567024230957,17.8093801664443,-182.434502995202,-19.046551113829
101.89,5.47754669189453,-18.0479373931885,4.39721155166626,229.59992351624,-34.8574367121478,83.7946595303057,7.90438985824585,-9.00906753540039,-13.0449733734131,32.6904191790832,-164.741089195581,-2.07549406540342
101.895,4.99425554275513,-18.6253795623779,4.79787635803223,222.934328244846,-13.6182744926606,76.1916890972194,9.40111637115479,-9.02212810516357,-13.5254669189453,49.8483324873972,-150.353787482569,13.853665009574
101.9,4.10341358184814,-18.8412590026855,4.87010335922241,217.979681700162,-3.34792778536894,66.8796209186882,10.5875396728516,-8.94031524658203,-13.8518323898315,69.1218285892309,-136.032356113913,29.4398672662771
101.905,2.88371253013611,-18.6431865692139,4.61749362945557,215.131479155889,-3.68559611623509,57.0687884213007,11.3126802444458,-8.73189830780029,-13.8899345397949,90.5120412959865,-119.201813772518,45.2184170415178
101.91,1.53910648822784,-18.4846935272217,4.31068849563599,214.239620374825,-8.95183290264724,48.9711995941841,12.382098197937,-7.92682123184204,-13.542670249939,107.419580359895,-96.4548932701662,60.185284211267
101.915,0.51437771320343,-18.4596252441406,4.0785174369812,215.310088602685,-13.9032607206848,41.980156054123,13.376049041748,-6.93797922134399,-13.3134298324585,118.880508013582,-77.4553423955634,71.0404355572766
101.92,-0.401680529117584,-18.5329399108887,3.83918380737305,217.728481002868,-18.1897294956602,35.8021474970089,14.1865158081055,-5.81147956848145,-13.2439661026001,128.722564720761,-56.3697527106957,81.5654360493753
101.925,-1.46607172489166,-18.6681804656982,3.48936462402344,220.82653186698,-21.3201588715334,30.1309526366881,14.663667678833,-4.59466505050659,-13.3990278244019,141.630461119926,-25.7085007717533,96.4861072346732
101.93,-1.67394649982452,-18.9358596801758,3.12818026542664,220.289433111407,-17.5758201402285,26.5421663410883,14.4995574951172,-3.70839643478394,-13.3212699890137,155.007454911288,3.36343487610581,112.090336921917
101.935,-1.03968715667725,-18.8384838104248,2.78268718719482,216.35475237586,-5.360708974804,23.9843936856074,13.9438858032227,-2.99273777008057,-12.9843950271606,169.227444310391,34.5058117434864,128.367722733
101.94,0.010379558429122,-18.432933807373,2.48194479942322,210.723343367454,12.0675141925551,23.0235943901563,13.0076694488525,-2.42757964134216,-12.5590114593506,183.60719183418,65.8493483540943,145.466377320075
101.945,0.713759362697601,-17.8469142913818,2.28287529945374,206.414231661607,28.9171904551364,25.0108840329484,11.6454429626465,-2.00749778747559,-12.3618278503418,196.829577463489,93.4881664532253,163.754427388838
101.95,0.0494690127670765,-16.5405254364014,2.02244758605957,203.116179198218,31.6475893117003,24.777694544495,10.3094205856323,-1.84797084331512,-12.1285190582275,209.905004742617,115.209185712052,182.964020240797
101.955,-0.688191771507263,-15.3527297973633,1.74210047721863,200.225520198063,29.8755957692834,24.1751437936529,9.34978199005127,-1.61467754840851,-11.6463203430176,222.928959716159,130.150538710157,202.461970019135
101.96,-1.23306274414063,-14.4440784454346,1.47898650169373,196.590739408592,24.707420435672,23.4651849030178,8.8029146194458,-1.26266896724701,-10.8920488357544,234.896926462882,139.149668111486,222.115880336982
101.965,-1.2639878988266,-14.0019226074219,1.32768487930298,189.013860298136,15.5553323629755,22.7269797650701,8.68486595153809,-0.771963477134705,-9.85089302062988,242.756097291735,144.415921546484,241.784953674786
101.97,-0.982217967510223,-13.4962816238403,1.30536532402039,178.508701505576,5.02146030891864,23.5460372673178,8.5195255279541,-0.425700068473816,-9.29269981384277,247.271426069004,144.757335382336,262.347265491866
101.975,-0.636443793773651,-12.8981857299805,1.35429883003235,167.150752614005,-6.1883404988942,24.5375860744123,8.36224174499512,-0.180516853928566,-9.03172302246094,250.37241391446,139.167358301436,282.015942678699
101.98,-0.353788256645203,-12.1884641647339,1.48512506484985,155.290579912763,-17.4186028459131,25.3825709747494,8.21409702301025,-0.036062479019165,-8.97132778167725,252.592771809848,128.27983185876,300.081984278679
101.985,-0.478800356388092,-11.3066244125366,1.80522561073303,142.488851974056,-26.316332966371,25.976846951412,8.0247859954834,-0.0340592302381992,-8.84630584716797,254.493832021916,116.059339358044,315.023651465486
101.99,-0.863466560840607,-10.3487606048584,2.20869708061218,128.778913781413,-35.146562034809,25.3550179916376,7.76576900482178,-0.143619865179062,-8.64323806762695,258.057360277965,107.54355512352,326.690051699974
101.995,-1.30821549892426,-9.38418197631836,2.58632040023804,113.88059097508,-43.3539803037794,23.5043953114955,7.51266145706177,-0.257115453481674,-8.47827243804932,260.703758053021,99.8227502668728,335.093151473571
102.0,-1.69238245487213,-8.41034889221191,2.89300107955933,97.4639307766305,-50.2009239278262,20.3973012769217,7.32822370529175,-0.376804262399673,-8.40461254119873,261.97988327679,91.4054505299917,340.823871432508
102.005,-1.58444964885712,-7.21800374984741,3.07479429244995,77.9572793372893,-51.4688495094961,16.1543706890369,7.50512361526489,-0.81574821472168,-8.51895523071289,265.583354479105,78.162799729415,349.391688048129
102.01,-1.10082006454468,-6.0380392074585,3.13753080368042,56.3476297279741,-46.4159336181286,11.9887236916107,7.62373161315918,-1.28824234008789,-9.22416591644287,269.821022406234,64.1758290640362,357.162039097016
102.015,-0.581655740737915,-5.09370088577271,3.17796444892883,34.4917381387015,-37.5563552268271,8.7600138699966,7.33485317230225,-1.87096178531647,-9.67202186584473,273.208550347751,48.1153598157086,364.921407201717
102.02,-0.195546001195908,-4.48575973510742,3.24230527877808,13.5111600510019,-26.3219490894161,7.04260549187921,6.51015424728394,-2.56759858131409,-9.31186580657959,275.053329801058,30.3084487626492,372.871720074855
102.025,0.218905881047249,-3.67162752151489,3.26548171043396,-3.79898494042012,-18.4075903320689,8.07139846674415,6.56443500518799,-2.60596370697021,-6.54731273651123,277.840183586206,31.3427647992318,377.186760384902
102.03,0.482059180736542,-2.93003177642822,3.22153210639954,-19.4327573302582,-13.4099161569348,10.1071226884881,6.78371810913086,-2.58633899688721,-6.40402746200562,277.045559378167,16.5590593973601,379.477359945715
102.035,0.636024594306946,-2.21278405189514,3.17332935333252,-33.886446774455,-10.0601531851132,12.5536648595618,6.99423313140869,-2.68336892127991,-6.9465503692627,276.460294128567,-1.5204898621994,380.104480594548
102.04,0.70763373374939,-1.48302042484283,3.17065501213074,-47.4828091664846,-7.44935520978452,14.9617206222097,7.05713653564453,-3.0431981086731,-6.6764030456543,279.114259753224,-13.1310403868968,379.253657590018
102.045,0.759156048297882,-0.674196183681488,3.30321502685547,-61.885468559845,-0.65507490555946,16.1135637238406,7.6409125328064,-4.08917140960693,-7.45804357528687,278.008916579462,-22.5383879968023,374.710871452286
102.05,0.93187016248703,0.164581000804901,3.51040387153625,-76.676502754696,9.4562833539877,16.8460844368516,8.44610595703125,-5.4025182723999,-7.76217174530029,277.392860837084,-24.7522333068164,365.189942919125
102.055,1.16915094852448,1.02485466003418,3.81321597099304,-90.4139597795051,20.8711029619091,17.2914178933783,9.39856052398682,-6.65200567245483,-7.81205224990845,276.172306032402,-22.4501880565026,351.745917651249
102.06,1.404820561409,1.89765381813049,4.24538516998291,-101.20512591337,31.1597259747592,17.5934864245167,10.4164333343506,-7.41655588150024,-7.86863899230957,272.926545497299,-18.6490545947017,335.402586363729
102.065,1.49002110958099,2.62817907333374,4.74885034561157,-120.558193719034,50.2705816120765,17.7293423022028,12.3115406036377,-8.47982692718506,-8.44736671447754,264.993635946166,-12.828919775566,316.825619293075
102.07,1.44572901725769,3.20259547233582,5.18099594116211,-141.15831746336,69.9926094065158,17.5066661824294,14.0085964202881,-9.13051700592041,-9.34604358673096,258.248632895482,-0.298193732805739,299.28093969282
102.075,1.28258907794952,3.59723472595215,5.49727153778076,-162.214574900837,89.5221556399549,16.9506153594568,15.1470384597778,-9.23921394348145,-10.2326030731201,252.387046512047,17.1274045608388,284.66567358607
102.08,1.00605285167694,3.74978470802307,5.61608123779297,-183.046310359917,108.180606867407,16.0939969394158,15.0980825424194,-8.57854080200195,-10.4978704452515,246.306538905335,36.0289644189667,276.538841304022
102.085,0.700249671936035,3.65218329429626,5.11659526824951,-202.558576214756,122.358617923871,14.6172844276497,13.0817193984985,-7.74816083908081,-9.54302310943604,232.922810547451,70.0907114135647,267.44452638642
102.09,0.477337896823883,3.24530911445618,4.15591764450073,-220.984568783996,130.364036763233,13.3277395897094,10.5477285385132,-7.10093545913696,-8.65126991271973,217.958043660872,99.2729405292543,258.985555665413
102.095,0.357272237539291,2.56008100509644,2.80902624130249,-236.460629971465,131.533269526491,12.5675745398065,7.73698568344116,-6.62830400466919,-8.0571460723877,201.57028882299,120.267938000065,250.22255956407
102.1,0.366667211055756,1.68263840675354,1.20180070400238,-243.212217324509,123.929698036758,13.0868908978755,4.79786968231201,-6.19292163848877,-8.00336837768555,182.009200775964,129.996203755671,237.812297087453
102.105,0.48378998041153,0.777284860610962,-0.406383156776428,-232.325168995075,109.755955848525,13.9687758952036,1.2009779214859,-5.73884105682373,-8.35193347930908,159.009781840375,122.452246157014,219.98484765556
102.11,0.556080162525177,-0.214654490351677,-1.78054249286652,-210.124458720649,97.0797531263848,14.2781399221492,-2.45243859291077,-5.41754007339478,-8.0262565612793,135.068753025808,101.558192051946,197.019784571496
102.115,0.543298423290253,-1.25252187252045,-2.78115725517273,-178.565829207794,88.5432392677303,13.6736664730558,-5.55574369430542,-5.19853162765503,-6.90197992324829,111.016877071201,67.8973054446418,168.715576273611
102.12,0.410221934318542,-2.0879065990448,-2.99211668968201,-140.450914771021,88.4087528429728,11.4976322365132,-5.87921905517578,-4.78806114196777,-5.47534036636353,88.2341800379764,20.2694401356591,133.852337315764
102.125,0.113346703350544,-3.77483773231506,-2.6117262840271,-99.0172523976749,89.1897849745638,7.96950997357413,-1.62784552574158,-3.29130220413208,-7.45115327835083,71.3492967115446,-32.3138503595729,97.9207133377535
102.13,-0.279599130153656,-5.79486608505249,-1.71907222270966,-58.2513434685346,88.6739212771202,4.26097082503014,3.1036856174469,-1.48108220100403,-8.78585624694824,52.9313091240117,-70.206667535104,67.8158281180327
102.135,-0.738701045513153,-7.9845724105835,-0.344647437334061,-19.8828633814674,86.132831358687,0.76084171887843,6.72908878326416,0.25838428735733,-8.16274356842041,31.0478884572894,-84.729814880518,46.3829301440591
102.14,-1.1868782043457,-10.3790636062622,1.35702443122864,13.3805446359564,82.1481468082257,-2.59724559935493,7.69844627380371,0.900290668010712,-6.3282470703125,11.058770384225,-64.148583439437,35.9657646785766
102.145,-1.54869437217712,-12.2163572311401,2.6581437587738,40.1640189991004,78.1955231657285,-5.21025442154061,9.10559558868408,1.45696103572845,-5.63667964935303,-8.74575670387785,-50.7184371159543,22.7834927502628
102.15,-1.92230880260468,-13.5320682525635,3.5727219581604,60.4281452475852,74.1898631043262,-6.80522824369094,10.1273708343506,1.81294810771942,-5.40954065322876,-25.1084976814716,-44.3131471840188,9.18400725423525
102.155,-2.33648657798767,-14.2667770385742,4.06031513214111,73.6023165715433,70.2955282962058,-7.21951934421359,10.3279943466187,1.90248596668243,-5.34271001815796,-36.8011890216229,-44.534175520655,-4.22409506058807
102.16,-2.36469054222107,-13.5341949462891,3.64637660980225,76.3091956717003,70.3325820724532,-7.13658846797176,10.0688886642456,1.8392231464386,-5.94335222244263,-56.1003154083171,-38.3820021540765,-28.3738881802496
102.165,-2.30389070510864,-11.7376832962036,2.79726386070251,75.3402582058531,73.3141030791363,-6.07351221234159,9.97983455657959,1.65173089504242,-6.44381999969482,-74.0945887955937,-31.5979782326639,-51.7852307020402
102.17,-2.30651330947876,-9.2759256362915,1.71372413635254,70.1693542116682,78.3023883054826,-4.1767917317175,9.95473194122314,1.26018524169922,-7.18981599807739,-90.6931437618294,-24.2902085755055,-72.541977514223
102.175,-2.49775958061218,-6.42551469802856,0.541183114051819,60.1204383952869,84.6739302727289,-1.5119892648905,9.91304874420166,0.588559567928314,-8.47152519226074,-105.738213182481,-16.5126619223282,-88.956499863462
102.18,-2.87699127197266,-4.13240432739258,0.890590071678162,49.6998919861653,81.404366528368,0.842872664336254,9.82282733917236,0.321454077959061,-7.96554708480835,-116.252319522853,-1.66009530029646,-97.3430500886997
102.185,-3.16774106025696,-2.01994848251343,1.84735095500946,44.2254885362109,62.0412037031104,2.29519243614217,9.03179264068604,0.636021971702576,-8.89397144317627,-132.425196609446,14.4649097374559,-102.7278687775
102.19,-3.34804582595825,-0.0499962233006954,2.91578030586243,40.4327698674674,30.8772293506875,4.04534132604602,6.469407081604,0.191834509372711,-8.55539131164551,-149.081131994899,40.9567717353071,-103.08361918042
102.195,-3.38181591033936,1.81442391872406,3.48168349266052,34.3495916567898,-7.60181356979566,7.62438734500255,0.654378175735474,-2.7536027431488,-3.45827078819275,-159.75440906369,90.0392624318274,-95.4762979168326
102.2,-2.86388444900513,2.76468968391418,2.49718880653381,20.3223519036119,-10.8960453961177,17.2418529181188,-9.25092124938965,-12.1429414749146,6.0182089805603,-155.867730897629,157.226474089598,-77.3634148795242
102.205,-2.24915361404419,2.90384888648987,0.0944684073328972,10.2971206219513,13.5378703595249,28.6462556337822,-16.3273754119873,-27.8672962188721,11.2022562026978,-154.981664116982,181.849333368251,-73.5228336601719
102.21,-1.58954119682312,1.72492206096649,-2.76940083503723,5.71095723346085,52.4341669750831,38.7039943470239,-19.927152633667,-44.9137802124023,11.2163887023926,-154.598490504544,159.636519998615,-87.2227383049243
102.215,-0.930808782577515,-1.88227593898773,-4.34346580505371,8.60176521711658,82.9649827914459,41.7834841720671,-19.1851425170898,-53.9349250793457,4.76662588119507,-148.190188459184,83.9512006358932,-123.893675619075
102.22,-1.11255955696106,-7.3100061416626,-3.2774076461792,25.874733915773,86.6071401852202,30.3214227069777,-15.7349243164063,-44.0521812438965,2.0069477558136,-118.6433638456,-13.3533997566475,-148.788308124803
102.225,-1.38827550411224,-16.146577835083,-1.7506912946701,55.821763218491,74.3152995284335,12.4771795474623,-8.45832920074463,-27.4908123016357,-0.435420274734497,-110.900907289283,-82.6358223149647,-158.617933887691
102.23,-1.8183376789093,-27.1853656768799,-0.195085018873215,89.6668258767649,42.1565217837765,-10.9730421186313,0.981513798236847,-10.2869882583618,-2.54424357414246,-121.553898696239,-116.334514019325,-156.768305000074
102.235,-2.86389255523682,-36.5388221740723,0.928516924381256,102.85517667344,-27.1000869283462,-41.2478709826384,7.53645658493042,-5.49650859832764,-3.01550889015198,-126.014968450741,-107.268790273589,-153.223095311378
102.24,-6.15415573120117,-42.7217712402344,4.79131078720093,129.998252812422,-81.7580951952938,-59.2363387091205,12.3972682952881,-3.58639717102051,-5.07475328445435,-135.877392782024,-91.9563462676882,-156.228282923536
102.245,-10.3383760452271,-41.2853202819824,3.65659332275391,141.660350027734,-100.053549189117,-43.78222633455,16.0658721923828,-1.27822232246399,-6.51740789413452,-148.602745545432,-66.8089762721028,-162.667594027727
102.25,-13.772590637207,-31.1392879486084,-2.89628338813782,126.713833406617,-82.4250699979347,3.71507862778745,18.5568237304688,1.96000170707703,-7.22901439666748,-162.859139852811,-31.1401882186384,-169.554405465959
102.255,-10.135721206665,-11.6451034545898,-9.09363746643066,62.6653054083312,-52.6834859552615,55.5689232757955,19.4361267089844,5.33244514465332,-8.88000965118408,-174.969488722972,14.6654679971496,-166.067498272019
102.26,-3.20942401885986,1.033695936203,-5.40385723114014,41.5775812893479,-38.5529276380561,68.4720658632984,20.0058269500732,5.24164199829102,-11.7878646850586,-185.598738392372,52.5537704176392,-159.012595878313
102.265,2.68182849884033,6.27670001983643,-1.30613112449646,42.4481742764306,-28.5665439110736,61.9288880723987,19.3920078277588,2.92664361000061,-13.6915655136108,-191.488000702324,82.7541075310109,-152.915272345864
102.27,6.16307926177979,4.52069330215454,-0.0558893419802189,52.412508445225,-20.0236967595112,43.688239516476,17.1784210205078,-0.941246628761292,-13.8153400421143,-190.894143074748,107.199047211974,-149.065709427753
102.275,8.38572978973389,2.82502675056458,-1.73079097270966,20.8212220904004,-21.8171046525233,26.9655065884876,12.7342395782471,-3.84294676780701,-12.4218196868896,-180.019402746199,142.640222626442,-145.100607029643
102.28,11.852837562561,4.75959730148315,-2.35214376449585,7.15179246906421,-58.7605682221049,-3.88689331701959,8.83824062347412,-5.05312871932983,-12.0999927520752,-170.124999469222,164.803872294432,-135.781333001537
102.285,12.8851280212402,6.15752029418945,-0.898005545139313,15.0646532805491,-78.5529469649953,-25.5325892496796,5.62830686569214,-5.55630970001221,-11.9231615066528,-160.225323286205,171.8829535578,-122.141144700698
102.29,9.47207450866699,4.9365234375,2.78445029258728,43.7446637092095,-51.5100492105696,-25.3980806268072,3.24270987510681,-5.89781808853149,-11.4518070220947,-149.947883000574,161.806826267765,-104.636114348575
102.295,2.81204295158386,3.7377610206604,-0.337830066680908,22.1628027245325,42.6718493113702,-8.0625482491271,2.17436265945435,-7.24766063690186,-11.4331998825073,-141.956425067876,129.555834139124,-85.9813445930853
102.3,-0.95348596572876,0.372615307569504,-4.07510757446289,-17.3583657000755,116.687948988117,-6.83629365158345,1.97978293895721,-8.25650787353516,-11.8819875717163,-135.608460913644,93.2883560992458,-74.755874050656
102.305,-2.54825901985168,-4.63320350646973,-5.18290758132935,-58.8023758100146,166.450671884457,-16.2417612519199,2.51543760299683,-9.16641139984131,-12.4227466583252,-129.503583191973,58.415513895425,-71.075645182448
102.31,-2.4154155254364,-10.9617223739624,-0.91790497303009,-89.5391628109882,187.221686961816,-32.5701873591235,3.71179437637329,-10.1639671325684,-12.7622995376587,-122.542090465356,29.3295255602355,-75.4948936886622
102.315,-2.14565396308899,-17.010986328125,0.0534776635468006,-87.623390371448,162.223604410919,-49.315068883043,5.35442209243774,-10.6530866622925,-11.6362352371216,-118.650057430986,14.5380354502573,-80.2421756901445
102.32,-2.92627644538879,-21.1585445404053,-0.491195410490036,-81.916070640607,122.226317159648,-61.8879410883245,7.34368181228638,-10.9058666229248,-11.2672920227051,-113.581503821514,-1.06825001720475,-85.7931455606947
102.325,-5.18043422698975,-23.99196434021,-1.9883234500885,-77.9917649624087,83.3530058381943,-67.1912004882459,9.35378837585449,-11.0755109786987,-11.3273973464966,-107.724561966715,-10.5651500515873,-90.3469487935581
102.33,-9.55312728881836,-26.1483821868896,-3.803058385849,-82.9915658876956,65.9474708517108,-60.7737733101553,10.9770240783691,-11.3481159210205,-11.4373607635498,-101.506207482173,-4.78309908660307,-91.5642387678161
102.335,-13.8118057250977,-23.9080085754395,-3.4705650806427,-95.3074897914958,71.3442765225046,-43.1337237785194,11.8562679290771,-11.6319580078125,-11.2673997879028,-93.9272451640196,15.5956799979501,-88.8768393671721
102.34,-15.7280282974243,-20.341438293457,-3.00339293479919,-107.304880993163,59.9143169465143,-26.3792936501402,11.8116188049316,-11.514594078064,-10.9402742385864,-85.5201155788126,35.9505777529571,-85.3637247373869
102.345,-15.4859771728516,-16.3859996795654,-2.8619122505188,-115.517076979458,30.6262062383112,-13.2687148024495,10.91295337677,-11.1169204711914,-10.6373271942139,-77.025580062797,52.1502155207182,-81.3869905271195
102.35,-13.4420185089111,-13.4535293579102,-3.74084043502808,-113.780842892441,-16.1825708325726,-8.13711854693801,9.22171020507813,-10.6819152832031,-10.691782951355,-69.7819595423234,57.4683237518952,-77.2598418909501
102.355,-11.5811538696289,-13.7391004562378,-2.92918539047241,-106.75519419895,-63.1062419305797,-16.9757487480551,7.37958097457886,-10.5109758377075,-10.2695417404175,-62.8146474945335,52.6689581428969,-73.3394635715246
102.36,-9.33406639099121,-14.5445795059204,-0.895667254924774,-103.964665772028,-93.4234162598936,-23.6222246124147,6.14226150512695,-10.3283748626709,-10.1468267440796,-56.3782938622529,41.880261122417,-69.5993271141065
102.365,-6.52884817123413,-15.1056470870972,1.77588832378387,-107.050934559822,-109.461868393432,-26.9453728983617,5.72732353210449,-10.1591682434082,-10.320538520813,-50.4584288897248,27.4486109911245,-65.8316923150899
102.37,-2.82168889045715,-14.1577491760254,3.6155252456665,-117.860542204446,-122.775723916106,-29.229610137962,6.56766653060913,-10.1777219772339,-10.5263509750366,-44.9673324574389,14.3675368531009,-61.4393684145839
102.375,0.651252150535583,-12.2511653900146,4.30884075164795,-133.059174768207,-116.318736282342,-30.0054991371079,7.56669664382935,-10.3248500823975,-10.7713527679443,-40.0638030485034,10.488449588529,-56.7579328517951
102.38,2.7867157459259,-10.5300035476685,4.23109436035156,-145.425327883163,-100.649838364037,-27.8703427289742,8.67012119293213,-10.5747661590576,-11.0358324050903,-34.9127339236682,12.6760285523162,-52.0144894166263
102.385,3.35164260864258,-9.36551284790039,3.59230136871338,-154.123874319498,-78.3027161545627,-22.9288613739155,9.64868640899658,-10.908260345459,-11.3027219772339,-29.5327475937055,19.1308254029032,-47.4342840875262
102.39,2.36168384552002,-9.3460636138916,2.99726867675781,-162.478875900959,-50.5421874995167,-17.0724403210404,9.48683738708496,-11.2614660263062,-11.5120754241943,-24.8458359267496,24.5907454367225,-43.8413586972894
102.395,1.66508388519287,-9.7153205871582,2.8747022151947,-175.267640140621,-19.9860590020898,-11.8985711709821,9.27477169036865,-11.9700117111206,-11.6717023849487,-20.9288402585105,29.6601647726721,-41.3048108546542
102.4,0.861868619918823,-10.2629518508911,2.74688506126404,-188.12391397004,14.7068521133307,-7.84133122851508,9.22216701507568,-12.7657852172852,-11.5785140991211,-15.9329291259559,35.4403592068625,-39.0740369207822
102.405,-0.157498329877853,-10.907190322876,2.41072392463684,-199.442657575775,52.7766975468647,-5.29871305525509,9.32900619506836,-13.5294456481934,-11.1829357147217,-9.49735498901428,42.3904796685115,-36.9695395242854
102.41,-1.14272272586823,-11.5277414321899,1.55650591850281,-208.37400417978,83.4222093148649,-5.98177380716503,8.97866916656494,-14.0217800140381,-10.7100524902344,-4.09019944719372,50.9775096062674,-35.5430613463174
102.415,-1.88524270057678,-12.0712432861328,0.960535287857056,-217.76466734509,105.884871004339,-8.76639838932327,8.20290565490723,-14.5640563964844,-9.66150665283203,1.2938147733886,59.1235244745994,-33.4746683297733
102.42,-2.37261319160461,-12.5835456848145,0.638618111610413,-226.475398838904,124.632729408027,-12.8800941141487,7.35830593109131,-15.1553955078125,-8.5952262878418,5.70237808897649,64.2417608800943,-31.1733351266805
102.425,-2.58204674720764,-13.1227083206177,0.621594965457916,-233.79742993105,141.991013145833,-17.8483600560376,6.60951280593872,-15.8002519607544,-7.75870847702026,8.64290173894027,64.9935393114701,-28.8028667488087
102.43,-2.47674441337585,-14.3294792175293,1.04038310050964,-238.476300757805,161.081692404342,-21.139788943479,5.60134792327881,-16.5381126403809,-6.32432317733765,11.2711832909969,64.8847753791268,-25.6593609757696
102.435,-2.58902668952942,-15.5331592559814,1.49648070335388,-241.797466581346,179.388648436727,-21.2339635917551,4.66221904754639,-17.4281158447266,-5.06068515777588,12.1094532616062,59.4918151048357,-22.8987931736418
102.44,-3.27668333053589,-16.2186107635498,1.85769164562225,-244.197567734931,189.042260224704,-19.8608565119616,3.73330092430115,-18.4707546234131,-3.6962263584137,11.9238590926104,53.2983771503865,-20.8617046216111
102.445,-4.85971212387085,-15.9441032409668,2.01298880577087,-245.967788843259,183.249194299023,-18.3075468437484,2.76839828491211,-19.675760269165,-2.008629322052,11.261507474264,49.8241262969787,-19.8634297857314
102.45,-4.77995872497559,-15.3496065139771,2.19378089904785,-237.792434897347,163.221822897738,-26.0079550479868,1.89681172370911,-20.815731048584,-0.509519636631012,11.2414924586749,43.8454943768318,-21.837009531312
102.455,-4.3860878944397,-15.0234003067017,1.91362869739532,-226.327866752832,135.323560062985,-32.6237462875002,1.0718902349472,-21.4513988494873,0.667402684688568,11.4236493349709,39.4932090452405,-25.1094709834283
102.46,-4.46780204772949,-14.8705921173096,1.35394275188446,-214.945861935005,103.474879736835,-37.9659821619202,0.0503504276275635,-21.7395877838135,1.78213167190552,11.5833878228636,34.4825412889841,-29.5235165930422
102.465,-6.05387496948242,-14.7852973937988,0.721146821975708,-207.889115390222,72.2976206664767,-41.6993089207358,-1.48859536647797,-21.8505973815918,3.15654253959656,11.4368068406333,25.8922909170345,-34.9693322862255
102.47,-6.29813671112061,-14.6501588821411,0.587175846099854,-196.570262501461,22.3816727213909,-48.6345156643321,-3.283616065979,-21.4715061187744,3.95809245109558,10.8935464006551,19.8458420486187,-38.4685713867119
102.475,-5.02705192565918,-14.5774974822998,0.703690528869629,-186.003167553507,-14.6001901717045,-52.9843387127277,-4.87365198135376,-20.6716041564941,4.6462574005127,9.79876611444507,9.33081960912374,-43.4370354040867
102.48,-2.6620192527771,-14.4846811294556,1.09127426147461,-174.522616766335,-36.912316199419,-54.3530266601282,-6.07590055465698,-19.5966720581055,5.22097015380859,7.98192469616427,-3.55309620930896,-49.2499908406311
102.485,0.0954070314764977,-14.2011976242065,1.84360146522522,-158.34950745331,-43.0559006031163,-52.2861362852015,-6.55171060562134,-18.486686706543,5.62179279327393,5.06018406641803,-14.3387783416006,-54.4530684409014
102.49,1.21260249614716,-13.3882894515991,2.45006251335144,-135.703687411052,-40.3555306732384,-47.7905365093503,-6.90042209625244,-17.7077255249023,6.26074886322021,2.01719968149783,-13.9088657446724,-59.3041898083354
102.495,1.97864592075348,-12.3252935409546,2.78733849525452,-110.979775483629,-39.1365741328229,-44.6177804511906,-7.62378644943237,-17.0283260345459,6.98540067672729,-1.72256954653069,-7.04186953899614,-65.0898449787673
102.5,2.69766712188721,-11.1511917114258,2.94481468200684,-85.9378840993965,-37.1075469115601,-43.2563256741211,-8.69293975830078,-16.3920726776123,7.86648178100586,-6.17882561849355,4.41217584532859,-71.8987786000829
102.505,3.78137731552124,-10.1586141586304,3.21101832389832,-64.0713954716267,-23.7740016610562,-43.9276000808445,-9.87289237976074,-15.722936630249,9.17941474914551,-11.2647313235522,17.2260000490552,-79.6144061733395
102.51,3.8276195526123,-9.44321441650391,3.82177424430847,-46.9586331288211,4.84571228449822,-41.8791853676227,-11.0090093612671,-14.7837677001953,9.542555809021,-17.3383566609019,23.795296483341,-88.3288396296836
102.515,3.60688018798828,-8.94019412994385,4.60367441177368,-30.3722563898755,36.8434610623961,-38.712436460838,-12.0708694458008,-13.8176622390747,9.53450679779053,-22.9475265733698,31.0074434921192,-97.3271289177444
102.52,3.32333302497864,-8.62010955810547,5.41068172454834,-13.0936459549646,69.1205650042344,-34.8626037502549,-12.9732303619385,-12.897650718689,9.33385848999023,-27.8355685283624,38.9758290458012,-106.650487398974
102.525,3.15929913520813,-8.41035652160645,5.73469829559326,6.33674300719883,99.124643461995,-30.7595144554369,-13.3487100601196,-12.1214389801025,9.19543170928955,-32.2568626762329,41.3422471214951,-117.206333025364
102.53,2.67743897438049,-7.87806272506714,5.70300102233887,24.0365251044475,120.621782780207,-26.9060907728977,-13.3181200027466,-11.498254776001,8.62148284912109,-37.463570522047,37.2586511865683,-127.828233411218
102.535,1.87764990329742,-7.19314479827881,5.2900562286377,42.0861298541903,134.424912073886,-23.8888188485514,-13.145435333252,-11.0217199325562,7.98064947128296,-42.9921134664575,31.9347816908264,-137.532019768838
102.54,0.809880435466766,-6.44166374206543,4.54012775421143,61.3015283669439,140.904562275315,-21.9402717462789,-12.8855028152466,-10.6508750915527,7.34328460693359,-48.7068610280209,27.0618361614469,-145.896064520761
102.545,-0.0465160459280014,-5.88297986984253,3.97285413742065,82.4018063736217,142.7131553864,-21.0991441952756,-12.2866868972778,-10.0388975143433,6.27516317367554,-54.7171167240249,22.1527145351284,-152.483413145023
102.55,-0.687777996063232,-5.59883403778076,3.71440315246582,102.253464328319,140.102247274271,-20.1330839466162,-11.5992164611816,-9.45064258575439,5.2261643409729,-59.8006147874011,19.5591516883965,-156.736353375136
102.555,-1.27959251403809,-5.51427793502808,3.61444449424744,121.160329535884,132.499932539345,-19.117339194387,-10.8283996582031,-8.9403772354126,4.16297340393066,-66.045866556894,16.6506095454477,-160.983624548239
102.56,-1.90316665172577,-5.59071159362793,3.59292697906494,138.972779872361,119.6983548648,-18.1023355176826,-9.97737789154053,-8.55362892150879,3.07785201072693,-74.4353947446098,11.985310304573,-166.382984709782
102.565,-2.49564981460571,-5.6457347869873,3.47857213020325,151.056053872652,108.379945938334,-17.330505358451,-9.13558483123779,-8.51633739471436,2.16218543052673,-81.6519677159702,4.9163317447611,-171.65639618303
102.57,-3.09952759742737,-5.46267318725586,2.95265245437622,168.471847803269,89.4680946926743,-16.5537164818819,-8.23683261871338,-8.81959342956543,1.84681797027588,-87.7613806832498,-2.73038519618552,-176.681899110164
102.575,-3.33392190933228,-5.12127494812012,2.19796872138977,186.360850899962,65.9042903957779,-16.3129915872267,-7.26032209396362,-9.33089351654053,1.90386831760406,-93.0140761927456,-10.4618852752995,-181.338025406983
102.58,-2.87306356430054,-4.67532014846802,1.34600925445557,200.884387566159,39.7448981010609,-17.0717573021234,-6.18473958969116,-9.95751190185547,2.1747624874115,-97.5569374625586,-17.8910077572152,-185.50543800831
102.585,-2.44828176498413,-3.99453592300415,0.391631782054901,211.900348885988,18.6144050450423,-18.3063720512111,-5.37184190750122,-10.4746751785278,2.63816905021667,-96.8795671120009,-28.9865134601175,-185.903091621788
102.59,-2.25087571144104,-3.22917556762695,-0.583797693252563,220.701935556141,-0.422837694886743,-18.6693675772933,-4.6877965927124,-10.6998624801636,2.79259586334229,-93.3894907102862,-31.6254594987894,-182.24335332109
102.595,-2.26325821876526,-2.45775866508484,-1.41537666320801,226.516284351276,-16.6633444331552,-18.240522197423,-4.24377012252808,-10.5901031494141,2.55508375167847,-89.805833886753,-27.161754998815,-176.278999911403
102.6,-2.47946953773499,-1.7784731388092,-1.88485491275787,228.142593373791,-29.008110518273,-17.0591556031047,-4.19789695739746,-10.0656423568726,1.79125273227692,-89.5377557920192,-16.7501049110873,-170.034922934448
102.605,-2.56720376014709,-1.20393419265747,-2.00321984291077,224.676955388927,-39.394198623032,-15.8349039585352,-3.96781802177429,-9.30229091644287,0.680448770523071,-92.1573177538267,-11.9716123601926,-164.208279798807
102.61,-2.46721625328064,-0.873730659484863,-1.94877433776855,220.960362593578,-47.6468156688349,-14.6234093997879,-3.18812775611877,-8.74087333679199,-0.0610808655619621,-99.755104073333,-20.1574847974261,-161.347810234784
102.615,-2.26696300506592,-0.783756077289581,-1.82044124603271,218.916127956128,-52.9651629566329,-13.6060706521611,-2.07753682136536,-8.41732597351074,-0.699798703193665,-110.196817238693,-38.9618305730973,-161.763495547671
102.62,-2.12783265113831,-0.936823666095734,-1.77910733222961,221.854803186148,-53.5414669980418,-13.1411652885677,-1.05407667160034,-8.37837314605713,-1.80515325069427,-119.517791983901,-64.2858292606192,-166.119243785171
102.625,-2.16866445541382,-1.20625638961792,-2.11148810386658,225.272862073254,-52.8481584010559,-14.9527064800526,0.736709296703339,-8.65064716339111,-5.42662715911865,-131.033012811301,-90.2840769022482,-172.753843658111
102.63,-2.40306615829468,-2.00812077522278,-2.56345105171204,225.601339530818,-53.7308271625913,-18.0452112305592,1.93630433082581,-9.65893173217773,-9.25611019134521,-140.679849051622,-113.900965429374,-177.614056007331
102.635,-2.84363961219788,-3.59928154945374,-2.82025146484375,222.725816229864,-56.0771849726928,-21.711410890212,2.16786241531372,-11.6574659347534,-12.4366979598999,-148.753624424197,-134.192917868537,-179.444423761489
102.64,-3.54083919525146,-6.64743852615356,-2.04093813896179,217.320008369744,-58.6588940261201,-24.30794657678,0.741107583045959,-15.3214111328125,-13.2559013366699,-157.447772218706,-149.223828307039,-175.791256102773
102.645,-4.81371402740479,-11.9665603637695,-0.355083167552948,210.102383549252,-69.3029856965871,-27.9781845857795,-1.04556572437286,-19.8208999633789,-12.8184719085693,-149.830799897822,-123.932662338857,-162.145904178921
102.65,-6.61889123916626,-18.4797458648682,0.471224814653397,200.587328978777,-84.4756157301776,-33.0290326373758,-2.33081555366516,-23.2911911010742,-12.1551170349121,-134.601759331876,-92.7713790809675,-147.532345619464
102.655,-8.5701150894165,-25.0958557128906,-0.193964898586273,188.518248111581,-98.4964094923264,-38.1158296821211,-2.93350553512573,-24.8015289306641,-11.3826656341553,-114.382848935697,-67.428317335472,-135.056185477735
102.66,-8.90822887420654,-27.7998008728027,-3.53366756439209,173.183298632365,-88.3907074831856,-36.6565700112317,-2.86967420578003,-21.8731327056885,-10.0156192779541,-92.712140850296,-67.9971149989832,-130.186192297624
102.665,-6.80768728256226,-25.5797939300537,-5.14114332199097,174.769459802939,-76.5798077666162,-26.92104888718,-3.16229581832886,-17.6300926208496,-9.22815704345703,-77.1509345246343,-76.1947831729134,-125.058099929157
102.67,-4.16783046722412,-22.0282897949219,-5.35271310806274,190.4588824397,-69.5316740903775,-8.45865397098459,-3.501788854599,-14.1688680648804,-9.0944128036499,-65.2573553681618,-88.2090176210741,-117.654489057565
102.675,-1.78449702262878,-18.5632190704346,-4.30117225646973,217.775322440196,-72.3000248930645,17.4646707643175,-3.72215723991394,-12.19801902771,-9.57320499420166,-55.7738665169363,-102.552367066777,-107.37436450759
102.68,-0.936045050621033,-16.9816703796387,-2.47297692298889,241.13217883543,-106.337084168907,37.3004212084375,-3.3350658416748,-11.4253330230713,-9.96776485443115,-44.4383718722619,-116.855015415215,-95.5266773921507
102.685,-0.0722468048334122,-15.7306642532349,-0.631369531154633,252.701207893111,-142.446750688012,51.1582842230302,-2.56778907775879,-11.0114040374756,-10.4466638565063,-34.9818007965554,-133.087151223047,-82.060897971768
102.69,0.943231582641602,-14.7902412414551,1.08181130886078,256.307274567311,-165.256645534512,61.5271363454186,-1.69733142852783,-10.7550315856934,-10.8838901519775,-25.6134825951146,-148.966384816843,-67.2312800382955
102.695,2.1634533405304,-14.1883859634399,2.57380247116089,253.667351811587,-165.616214013178,69.5667061306305,-0.827227056026459,-10.5355167388916,-11.2377939224243,-15.3325418375334,-163.002519183868,-51.1386986555852
102.7,3.09670662879944,-14.3079242706299,3.65076947212219,247.314019128668,-138.153225473851,75.9968511209556,0.707260370254517,-9.93417167663574,-11.9974498748779,-3.04625668586287,-170.407946885779,-34.5477900861253
102.705,3.60275173187256,-15.1160297393799,4.50419902801514,237.394070944195,-108.035677083409,79.9902988041219,2.1299524307251,-9.4828577041626,-12.8158044815063,11.7681418785915,-170.268966196547,-18.464823902219
102.71,3.72514271736145,-16.3136558532715,5.10195159912109,226.27900357951,-79.6083409653565,80.5389405793924,3.42829394340515,-9.2385425567627,-13.6734132766724,26.5738686641209,-165.813360593381,-4.62033525179484
102.715,3.47505593299866,-17.6866302490234,5.40279340744019,215.783133844221,-56.4327885265458,76.6295042230172,4.5846791267395,-9.25924301147461,-14.5572061538696,39.3513152803281,-159.345895449431,5.47125772095478
102.72,2.86367058753967,-18.5231456756592,5.05446624755859,211.366419338189,-45.638593203784,68.1703832378481,5.67333984375,-9.37649345397949,-14.3948650360107,59.3443786414118,-143.311179429369,22.0533626034614
102.725,2.34688258171082,-18.9594249725342,4.73009443283081,208.037439778238,-41.6508726342367,59.0371362419771,6.85304832458496,-9.32398700714111,-14.1570119857788,79.6536182893645,-131.389125214247,36.8674111207208
102.73,1.82996535301208,-19.196310043335,4.40299034118652,205.825004902288,-41.70688701562,50.1305968850371,8.05979633331299,-9.05624580383301,-13.9432401657104,99.7731767538768,-122.642221038589,50.6746692637528
102.735,1.19389247894287,-19.4708061218262,4.03941297531128,204.851142870049,-42.6465571208736,42.6000196269638,9.21524333953857,-8.49957656860352,-13.8805351257324,119.052901988234,-116.13680736361,64.3541516428869
102.74,0.848065137863159,-19.8942756652832,3.85138463973999,209.165281595126,-38.1482628353949,38.4259134402505,10.3725004196167,-7.75762987136841,-13.9817895889282,136.818415264733,-105.298786132039,78.594918477445
102.745,0.659085631370544,-20.275032043457,3.54950666427612,214.287486340529,-30.6664804487521,36.2907075132454,11.583948135376,-6.97727823257446,-14.0636796951294,155.043709555402,-87.5578342157943,93.2457015678791
102.75,0.583986341953278,-20.5243587493896,3.16013169288635,218.510018568457,-20.8042644382386,35.84690572664,12.7395439147949,-6.15019559860229,-14.1029224395752,173.586962812313,-63.7523573354954,108.047076669134
102.755,0.56738418340683,-20.4804973602295,2.75444316864014,218.974061620668,-9.19531548617985,36.7528278672047,13.6193895339966,-5.24022388458252,-14.0702152252197,192.005141645143,-35.1030878807419,122.539249106662
102.76,0.650589168071747,-19.9928092956543,2.37043786048889,215.153117195179,3.53223937290468,38.966341913044,13.9200305938721,-4.57802200317383,-13.7534189224243,208.917755539605,-2.38038816042409,137.336539754792
102.765,0.532547116279602,-19.2555084228516,2.04358077049255,210.687389251663,11.7206575497079,41.3976604462314,13.7284936904907,-3.96498417854309,-13.3500595092773,224.763070413982,32.1310232709646,151.926520501235
102.77,0.231715068221092,-18.3267993927002,1.79563724994659,205.275748409992,15.3589746696214,44.2323153102863,13.1794128417969,-3.42424941062927,-12.915337562561,238.975259737053,66.9858440206603,166.543931287384
102.775,-0.105356596410275,-17.287971496582,1.68420135974884,196.632512845556,16.0590092953925,48.442997160005,12.6002941131592,-3.10192608833313,-12.5351610183716,249.600602538248,98.841573102033,182.060536477766
102.78,-0.327685445547104,-16.3168258666992,1.51580727100372,188.355962816902,12.5738574600693,52.4973701305679,11.8710441589355,-2.58730506896973,-12.0151815414429,259.459598114568,120.781472603002,196.591080918051
102.785,-0.41404139995575,-15.2952680587769,1.35446798801422,179.31068865754,8.80611764689419,56.452100886424,11.2995119094849,-2.01032471656799,-11.5440244674683,266.186405541304,133.217484892789,208.964596976933
102.79,-0.371541053056717,-14.1956720352173,1.24865996837616,169.014000898828,5.75307004544903,60.1354716416501,10.9446134567261,-1.43097853660583,-11.0430822372437,270.306129761845,138.061659957838,220.811846960265
102.795,-0.254625082015991,-13.0072221755981,1.36059391498566,156.348685498225,4.16607858000433,62.689484277993,10.7734384536743,-0.999294102191925,-9.95689582824707,276.635310895859,143.824959919116,240.914131876366
102.8,-0.22910863161087,-11.8269548416138,1.63156187534332,143.207906969119,2.34497661778533,63.5147282240815,10.4942016601563,-0.533300161361694,-9.17779159545898,280.586739255252,148.791914464684,262.362920285444
102.805,-0.31988799571991,-10.6311130523682,1.92544090747833,130.618789158896,-1.88605087136689,62.8830996503954,9.98109817504883,-0.0646998658776283,-8.96472072601318,283.180189403862,151.256164754955,283.292969487438
102.81,-0.528731107711792,-9.41523170471191,2.19232082366943,118.92258197887,-9.61225670010047,60.6916402853859,9.18743228912354,0.359773874282837,-9.24902439117432,284.833723560409,150.15397712859,303.002819054587
102.815,-0.772242069244385,-8.21279716491699,2.40152883529663,107.886833601016,-22.9296895343523,55.7330629668347,8.14405345916748,0.452789336442947,-8.6278133392334,286.427179373016,142.293863733631,321.139758018152
102.82,-0.935068905353546,-7.07523250579834,2.56665110588074,95.996170935319,-35.1506089218922,48.8456573021447,7.48873949050903,0.49244299530983,-8.24750709533691,288.625380134737,137.007188033014,337.534561611257
102.825,-1.01241767406464,-6.10670185089111,2.67877840995789,82.2756869305974,-43.2207881998695,41.0078478899204,6.98071908950806,0.354176670312881,-8.40975284576416,290.001745214764,127.096364981272,352.258045235217
102.83,-0.995087862014771,-5.33250999450684,2.73559546470642,66.0067022521931,-45.0878784661005,32.767504694056,6.46855545043945,-0.0420181751251221,-9.1556921005249,289.844732826124,108.62825746561,365.256332357858
102.835,-0.848490834236145,-4.04952096939087,2.83306646347046,45.3446150317175,-36.9755159398092,25.6414932009008,5.3664116859436,-0.775072157382965,-7.8176474571228,289.721516213497,83.8070631538384,376.559066000178
102.84,-0.549543261528015,-2.849764585495,2.8416736125946,22.9644022632616,-24.3773378836528,20.2842975046512,5.25426387786865,-0.924963891506195,-6.62750101089478,287.437528275801,65.4671787794646,381.838610983301
102.845,-0.195882394909859,-1.72745192050934,2.81954050064087,-0.301469048636598,-9.86644987402531,16.7399637877171,5.55175304412842,-0.906173408031464,-6.19458532333374,284.599666637931,44.5064312922465,383.35420263937
102.85,0.138130411505699,-0.682716846466064,2.81104707717896,-23.844642892547,4.62626897863629,15.154541985121,5.82204008102417,-1.03826546669006,-7.05024099349976,282.452938181796,13.5197660893561,382.673505986687
102.855,0.325995147228241,0.193446978926659,2.95873951911926,-45.4720014748328,15.1984771769571,15.061103289728,5.92571592330933,-1.33692753314972,-6.67648839950562,284.159747813869,-7.03344748886269,379.693139281974
102.86,0.446758359670639,0.98803049325943,3.13667607307434,-64.2971332236956,23.6774279088341,15.1210296619584,6.25630950927734,-2.23125743865967,-6.64691638946533,283.604617358887,-21.8655460616644,375.61046200749
102.865,0.484094202518463,1.75413846969604,3.32486343383789,-79.4182704611334,29.8890307513809,15.245545718075,6.78576755523682,-3.67755174636841,-6.78911542892456,282.263441413463,-31.4344771643121,370.520605037997
102.87,0.411073207855225,2.55630159378052,3.49897050857544,-89.4174761607353,33.4401519688026,15.3280800164581,7.49414205551147,-5.66336059570313,-6.89967918395996,281.93018282348,-35.9107611651905,364.465669659537
102.875,0.245509907603264,3.34142708778381,3.71130084991455,-105.538846790797,39.3185372025012,14.7300149923535,9.18743515014648,-7.64930438995361,-7.0151834487915,280.636626956949,-42.4686511835623,350.010749073742
102.88,0.13928696513176,4.03522205352783,3.99452066421509,-121.954721517492,45.8802384664299,13.3872928628564,11.3694686889648,-9.36551952362061,-7.59845781326294,275.580183272876,-45.1463107344499,332.555189781778
102.885,0.145142525434494,4.60408449172974,4.3254451751709,-138.607036902685,53.581830000942,11.3057056283831,13.7412252426147,-10.4879131317139,-8.49748229980469,268.070554204987,-41.3065593830818,312.94984210893
102.89,0.358811616897583,4.9790186882019,4.66173028945923,-156.024046606974,63.5814318515158,8.42519799688258,15.808349609375,-10.3683137893677,-9.40873622894287,260.625975858753,-25.8941606813198,292.012225057336
102.895,0.603969752788544,5.01084423065186,4.65039396286011,-173.578930509849,75.5669385240275,5.30981168576954,15.676962852478,-8.9216890335083,-9.38527297973633,249.041046120684,1.85216523567739,273.436596703759
102.9,0.876201212406158,4.77395391464233,4.15962791442871,-191.210476455968,86.0837564495004,1.9893495851571,14.0329542160034,-7.36584424972534,-8.87804317474365,234.656968256961,30.6699638452289,259.151064809381
102.905,1.14264941215515,4.28005790710449,3.20517420768738,-208.696293485956,93.6109391035563,-1.35624590405369,11.2779159545898,-6.00565338134766,-8.19444561004639,217.852462596682,57.42030752203,248.280135726388
102.91,1.30881142616272,3.51280736923218,1.83860421180725,-225.398332648307,94.7083660880698,-4.21663222514618,8.22969341278076,-5.30297136306763,-8.04870986938477,199.021494451173,76.8792500900187,237.88622705503
102.915,1.33731961250305,2.54785466194153,0.241018578410149,-232.491880252337,86.893816885064,-5.64651525241543,5.13749599456787,-5.02062225341797,-8.03708839416504,178.14978872507,81.5540706145964,221.832031335455
102.92,1.37428772449493,1.43772625923157,-1.31065499782562,-229.505557622667,74.4053145915051,-6.64292459287804,1.92312180995941,-4.88831663131714,-7.98283386230469,155.526877137289,73.8759407798832,201.524062102688
102.925,1.42226123809814,0.244507133960724,-2.63958024978638,-215.890436116082,59.2805983349422,-7.36320688755679,-1.25698804855347,-4.80796384811401,-7.73687601089478,131.28574347097,54.1209197566582,176.865344330892
102.93,1.3470047712326,-0.794599771499634,-3.19744896888733,-189.55621829937,46.7910305318727,-7.54461500436504,-3.59457778930664,-4.59209537506104,-6.7803053855896,105.757481146129,21.1460744250627,145.996905433667
102.935,0.976578116416931,-2.6786961555481,-3.21853303909302,-153.205787612022,38.0619463197589,-8.20698455195807,-3.96196293830872,-4.2440128326416,-6.15682792663574,81.9943855896304,-16.7449822692098,111.734620669943
102.94,0.456731826066971,-4.91127729415894,-2.4480574131012,-110.151785801495,29.4078609998264,-9.2219438324328,-2.22111988067627,-3.45488023757935,-6.47945165634155,62.65774438892,-57.2691725111705,77.7134757348657
102.945,-0.133314847946167,-7.32103872299194,-0.823999106884003,-61.9752787172415,19.7238275492855,-10.4840543617981,1.63156509399414,-2.0735764503479,-8.05190753936768,48.2938668096669,-96.3604932256475,46.9342459383896
102.95,-0.523265838623047,-9.81581211090088,1.25130200386047,-13.8907887952604,10.2865884702511,-11.4146889805535,6.71837711334229,0.149302527308464,-11.3817510604858,34.8480315416607,-107.11110852641,33.3465339809438
102.955,-0.648236155509949,-12.1692447662354,3.21645021438599,28.5678809206036,5.17988398539615,-12.2453236534444,8.91310787200928,1.53232324123383,-9.17091751098633,13.3394610480988,-94.8178540204651,20.5276195787383
102.96,-0.624532639980316,-14.1795978546143,4.69676923751831,64.0098554672049,4.97366691397512,-13.4697571518006,9.8039608001709,2.15802621841431,-6.5389723777771,-9.02154437463733,-74.390930213113,8.39176934353724
102.965,-0.503050208091736,-15.6720266342163,5.44174575805664,90.7723944467691,10.0522165052977,-15.3152990249737,10.1199932098389,2.05070757865906,-6.08138513565063,-28.4822969427561,-54.42304292931,-3.57128713750282
102.97,-0.243655905127525,-15.7588777542114,4.98637390136719,99.1559940302853,17.0175324303027,-16.7886305931007,9.20020389556885,1.62088370323181,-6.30180978775024,-45.1398835264409,-56.0697503117813,-24.4150354052294
102.975,0.0579591132700443,-14.2777414321899,3.96000957489014,102.729589985171,30.8995162579492,-17.9226895896803,8.65816211700439,1.42274606227875,-6.97363662719727,-62.5965937052808,-58.7479392023296,-47.2647485470427
102.98,0.187423720955849,-11.7249021530151,2.64862704277039,99.8695097419307,49.0698514314612,-17.3968418632174,8.67236804962158,1.35733222961426,-7.70773649215698,-80.156101646224,-60.0768481280039,-69.6179120588381
102.985,-0.0364237725734711,-8.42974758148193,1.2623895406723,88.8895366888392,69.6991571590154,-14.0583410195636,9.41894912719727,1.35400199890137,-8.19820499420166,-97.2704793287683,-58.079010965586,-89.452337446259
102.99,-0.888268232345581,-5.49710893630981,1.02021145820618,73.1473098596046,86.8663663547897,-6.31589556230465,10.1518678665161,1.12100315093994,-8.90879154205322,-110.672061801142,-50.0468997469478,-99.6267443282609
102.995,-1.57473993301392,-2.80008625984192,1.3413188457489,61.1439012612783,92.2585957988397,0.601705354849715,9.72829151153564,0.981611430644989,-8.30548667907715,-120.872710269935,-29.2708747258326,-102.214675684022
103.0,-2.00168299674988,-0.387666314840317,1.95791518688202,52.2332467153635,85.990613159789,7.35200537731797,8.20630645751953,0.993921101093292,-7.71944046020508,-131.587747115311,0.839706658212541,-99.4937537149316
103.005,-2.03083515167236,1.65671026706696,2.55626726150513,45.8415181240251,67.3096496288322,14.7482789181941,5.57440233230591,1.24259185791016,-8.82444953918457,-147.524695807593,36.7193223742312,-93.917218446318
103.01,-1.47684061527252,2.88096690177917,2.11139011383057,38.6123263781731,62.6187098578133,24.3827900821577,1.89844691753387,-1.52465307712555,-4.42032146453857,-151.643053990301,101.400428342497,-79.7028571230911
103.015,-0.863918542861938,3.81233549118042,0.54416698217392,33.1178216814914,71.7174507379975,35.4706374354532,-4.08410835266113,-8.82110977172852,3.31057095527649,-155.907919730705,157.883606589645,-71.2046196445454
103.02,-0.163445547223091,4.2396502494812,-1.71616399288177,27.3857578828347,89.1977284845685,46.6226527084536,-10.1358575820923,-21.6614723205566,11.0987968444824,-160.768118419546,193.936760123557,-74.2393478248629
103.025,0.743209719657898,3.65425038337708,-3.92093992233276,17.3834837207482,105.715892124273,55.2960981995885,-11.8918886184692,-42.3925857543945,12.9854021072388,-165.877277503634,188.127411026895,-99.5314768497176
103.03,1.52856147289276,0.769776880741119,-4.35487031936646,8.23453838884355,121.313503358211,50.9845925124367,-13.3705987930298,-48.8782653808594,4.44695615768433,-157.876352928746,145.759146548659,-122.146895719979
103.035,1.72454297542572,-6.45128059387207,-3.65567016601563,10.7444980125871,123.251487572932,34.8395074655765,-11.006064414978,-39.7018737792969,-0.164429724216461,-141.788784904887,75.642487246437,-142.37353106011
103.04,1.06848514080048,-17.7529010772705,-2.11648273468018,27.3325353412747,98.6568164849841,6.72471610818894,-4.88996887207031,-20.8253002166748,-0.370088160037994,-126.359278286801,-0.923072852292249,-155.447196150431
103.045,-1.11099243164063,-32.0203399658203,-0.281828761100769,62.3867634637889,12.3010537282034,-35.2626410997534,3.75532150268555,-9.22554111480713,0.404038578271866,-135.259998322568,-25.7653911248976,-146.753622091812
103.05,-6.29271745681763,-44.6779975891113,7.55200624465942,123.595196352345,-64.724648424225,-68.7403830146532,9.03925609588623,-6.16668748855591,-2.55801057815552,-140.572915609976,-30.1133409939132,-142.640618777414
103.055,-12.6876811981201,-49.3593635559082,10.2924289703369,176.960871356624,-100.556722395082,-74.5032868249597,13.317699432373,-4.37941312789917,-5.03062868118286,-148.984894629494,-25.6288658886728,-147.86442941691
103.06,-18.5127696990967,-43.7444000244141,5.53496170043945,202.266612948495,-92.1951296810719,-43.719050499822,16.9020729064941,-2.01788926124573,-6.36086559295654,-160.936018129724,-12.5713473655493,-160.597172444999
103.065,-17.2357940673828,-23.3727760314941,-6.84868907928467,139.162700112422,-57.5032191883648,45.6244615423913,18.8898124694824,2.26242995262146,-7.72723150253296,-171.793081928701,19.5106795434043,-167.552599963633
103.07,-10.3618860244751,-3.91821002960205,-11.3032274246216,85.6772850618038,-34.0729211840801,82.9020630888117,19.6987419128418,4.93743181228638,-9.8886022567749,-182.613563234483,58.1193090816891,-165.500264721828
103.075,-3.00652837753296,6.8877100944519,-11.1836233139038,44.8165321258488,-30.1344087124082,82.7717294190696,18.9010238647461,5.62569808959961,-11.5783672332764,-187.2841968531,96.0756879976363,-160.729131699764
103.08,2.85366082191467,6.91643619537354,-8.04964542388916,17.2157530577529,-46.2615030409946,52.8758343275728,16.4511241912842,4.18383455276489,-12.4105997085571,-184.580971904149,128.693372492248,-155.932740638149
103.085,5.35296535491943,2.56360292434692,-6.29681968688965,-3.46571823958722,-59.538875108217,23.3959523980433,13.5629539489746,1.01028203964233,-12.8989591598511,-183.060831342092,138.385738773576,-156.044455212214
103.09,8.48384952545166,2.93858623504639,0.416659414768219,-10.5727640049646,-56.7270364910845,-1.24365717249691,10.8307418823242,-0.937804758548737,-12.4902963638306,-174.999418611915,147.576755509447,-149.46724258868
103.095,10.1784839630127,4.51137065887451,5.44944047927856,12.8659095187898,-62.3432688191542,-17.6400853901291,7.41934013366699,-2.54919385910034,-11.9705152511597,-166.081199631494,146.368467724515,-138.032290144407
103.1,9.16429042816162,5.44156742095947,5.17110538482666,72.137336617224,-83.991205053862,-23.491648470957,3.02621150016785,-4.26764345169067,-11.7291307449341,-159.194975589531,129.766381550479,-122.905046717851
103.105,3.61552953720093,4.93953227996826,-0.992321193218231,70.6350365092797,-17.1938264429699,-17.9388327417836,0.81878536939621,-5.97419166564941,-11.4224033355713,-153.193643535677,112.299340710519,-112.525153594669
103.11,-0.0181926526129246,2.80913400650024,-2.51818704605103,22.8244636399991,54.182418779945,-10.1609992206612,-0.494037866592407,-7.89470243453979,-11.0627536773682,-145.440245016311,83.2410453773195,-100.997358389007
103.115,-1.64003586769104,-0.595148742198944,-1.77402245998383,-31.8258982301726,106.238763595805,-7.61063817420332,-0.700360417366028,-9.66502952575684,-11.0001220703125,-138.979801306827,46.4880057742506,-94.5927378156106
103.12,-1.04974710941315,-5.06917238235474,-0.505205988883972,-62.3211253458651,118.770897137782,-16.5393696695303,0.436216026544571,-10.9861469268799,-11.5312175750732,-136.31505764366,4.67041419878937,-98.6162178405576
103.125,-0.921395182609558,-7.70076513290405,-0.732758343219757,-70.9151289067636,95.2213952570078,-33.6133792265325,2.88574457168579,-10.8997802734375,-11.6056489944458,-131.108035609144,-29.1635690388771,-107.137725773606
103.13,-1.44232618808746,-12.113715171814,-1.25677096843719,-75.4060670785062,71.3653339957158,-49.7680470287983,5.53687620162964,-10.3649682998657,-11.8746299743652,-126.501113995106,-49.3684707170688,-110.768319657115
103.135,-2.75505447387695,-17.243200302124,-1.95027613639832,-75.0500981095326,51.2728230803167,-61.6236332580125,8.19950294494629,-9.73096942901611,-12.0834636688232,-122.226645008728,-54.0515933365826,-110.078948664186
103.14,-5.09954452514648,-21.8064785003662,-2.66678786277771,-68.539787188919,40.347098804708,-64.6031120381338,10.6356544494629,-9.42896270751953,-11.9075222015381,-117.973882363533,-39.6409562822716,-105.454671539466
103.145,-8.49682998657227,-22.9717273712158,-2.58259439468384,-78.8552784584167,40.4154860737727,-54.0359009769645,12.6188669204712,-9.50286293029785,-11.4321899414063,-113.372650297073,-10.3463287198266,-101.380996454309
103.15,-11.2716379165649,-22.2159042358398,-1.90948784351349,-90.8388931685283,45.3287519173701,-36.8289674009774,13.7614727020264,-9.39687442779541,-11.136022567749,-107.491905233017,20.2008069797842,-98.6031858396212
103.155,-12.9542417526245,-19.8993968963623,-1.19534730911255,-101.044869184874,45.1182147512991,-17.2692009955555,13.8406028747559,-9.19682693481445,-10.8091669082642,-100.392497326679,50.2310792130118,-96.3374413371987
103.16,-12.7160081863403,-16.3852920532227,-1.45164632797241,-104.35281859237,21.0037793865366,-2.50442546296858,12.3628396987915,-9.11394596099854,-10.0003967285156,-92.1594624332261,77.7724885692946,-93.0740862347933
103.165,-11.2116327285767,-14.3516893386841,-2.28752088546753,-100.265797317575,-27.2650086760454,-2.46640073264206,10.5851268768311,-9.05616283416748,-9.59599685668945,-84.8136759431474,86.0265126340666,-88.7869813984514
103.17,-9.45536994934082,-13.8870277404785,-2.0123245716095,-96.0029396527865,-66.4933464003673,-7.67713604218892,9.27103137969971,-8.90866470336914,-9.39034652709961,-77.9381206566674,86.307793484466,-83.3130970428739
103.175,-7.43887519836426,-14.4680509567261,-0.562011063098907,-93.3222953092316,-97.0160138010503,-16.4277814539652,8.30448055267334,-8.65172958374023,-9.26982116699219,-71.7739773835685,80.3468415089858,-76.919596017446
103.18,-4.74540376663208,-14.6354570388794,1.74178433418274,-94.8569158723284,-131.086315607584,-27.5154904959299,7.10175228118896,-8.25978183746338,-8.9863920211792,-67.2392303784894,68.4959373744476,-70.3593222630538
103.185,-2.018963098526,-13.8219604492188,2.80713939666748,-105.517147279804,-142.684687157939,-30.9511388276962,6.98690176010132,-8.2085132598877,-9.35591888427734,-64.3655375682333,61.2038771523802,-65.4331507770196
103.19,0.17340424656868,-12.540961265564,3.0689811706543,-117.110041018445,-140.630862934895,-30.0864027278267,7.4516339302063,-8.40184593200684,-9.93917465209961,-60.6727753028984,53.2185015031378,-59.5726708842303
103.195,1.65278005599976,-11.0915307998657,2.80689287185669,-127.463555951052,-127.637247661646,-25.8762655856944,8.22256946563721,-8.81122398376465,-10.6333932876587,-55.8729076749961,44.4092274550734,-52.6776973699399
103.2,2.1512553691864,-10.3559350967407,2.89066767692566,-134.63439397573,-107.54182708566,-19.425640273143,8.53223037719727,-9.39947509765625,-11.3982267379761,-51.1019249170938,39.4188282851791,-46.8491964228446
103.205,2.23127388954163,-10.2097091674805,2.93307590484619,-144.52367461083,-77.3197289895928,-13.9113083910744,8.7243185043335,-10.1999797821045,-11.8268442153931,-45.7668744016806,34.0125764627631,-42.2439686957202
103.21,2.05611491203308,-10.3394393920898,2.79482340812683,-156.129545708894,-43.2794185437049,-9.20438000098211,9.1095666885376,-11.0722599029541,-12.1233406066895,-40.0024542893783,30.6155716337735,-38.794852938458
103.215,1.66375422477722,-10.6383590698242,2.43529319763184,-168.775149183552,-7.96883293107265,-5.51111486296956,9.73142623901367,-11.9369134902954,-12.3200550079346,-33.715623743313,30.6152028035583,-36.5085871326742
103.22,0.972779214382172,-11.0452375411987,1.95777201652527,-179.371627605315,24.6221523540736,-4.63420181647043,10.0347080230713,-12.5270910263062,-12.1474733352661,-25.8990784175222,37.9392453864142,-35.3348020483346
103.225,0.346221178770065,-11.3472652435303,1.61937022209167,-189.872811227778,53.0139680733472,-5.49577041611231,9.8048849105835,-12.9342222213745,-11.8745088577271,-18.5951695247922,44.8514002415617,-34.3969214526434
103.23,-0.35342726111412,-11.7146244049072,1.30935215950012,-200.729082724811,78.3988442369415,-7.87222844299928,9.14109802246094,-13.2447385787964,-11.5265407562256,-11.4067753526264,50.0891342216806,-33.079097923992
103.235,-1.21010839939117,-12.2409086227417,0.98513400554657,-212.098028220946,101.051098317397,-11.6130043768784,8.1013298034668,-13.506890296936,-11.0954389572144,-4.18182985000403,52.816360455375,-31.0338729091125
103.24,-2.35537385940552,-12.9287090301514,0.903810620307922,-222.182980115388,117.588850939641,-14.6170829370692,7.22136640548706,-13.8646612167358,-10.2687606811523,2.15969471650063,51.6522366736163,-28.2373390383627
103.245,-3.4451425075531,-13.6483335494995,1.02576005458832,-231.396809683087,130.735762978622,-16.577091096769,6.68272352218628,-14.2664527893066,-9.4923152923584,6.59001453247254,48.2466667874075,-25.5690846579622
103.25,-4.03768539428711,-14.4951019287109,1.33463823795319,-239.423238184336,145.235598888399,-17.1419033448994,6.36374044418335,-14.7049417495728,-8.79835510253906,9.47705225170642,44.293790427911,-22.8003923458167
103.255,-3.75098180770874,-15.5526676177979,1.82888078689575,-245.937927256207,164.946869134895,-15.9466321929782,6.18103504180908,-15.1765460968018,-8.2175989151001,11.0191561408126,41.1085009726243,-19.7430750223666
103.26,-3.03165769577026,-16.3032379150391,2.17391157150269,-248.936189056546,180.453338324548,-11.9261779418336,5.86746311187744,-16.3570232391357,-6.94371700286865,12.0192964721094,38.7646225211915,-17.1045319648557
103.265,-2.63753318786621,-16.632173538208,2.3658492565155,-248.946625585598,185.895141281594,-10.0946780838203,5.61906147003174,-17.7894020080566,-5.52313852310181,12.5853518146687,37.3986768947427,-15.80007511641
103.27,-2.97400665283203,-16.5510749816895,2.26344418525696,-245.258050226224,180.084753996178,-10.7721585711784,5.24946784973145,-19.3462715148926,-3.99403214454651,12.6432641348676,37.0146870746992,-15.6312686986204
103.275,-4.60662460327148,-16.0429668426514,1.6665872335434,-236.692473912651,160.664641053621,-14.5537056117606,4.51521253585815,-20.8771305084229,-2.39600539207458,12.0608974467966,37.6932424630779,-16.4361535583403
103.28,-5.89975833892822,-15.8389015197754,1.09019553661346,-227.072207108202,119.64124082296,-22.3120372352554,3.47185730934143,-22.0096111297607,-0.594942450523376,12.6289258602525,38.8965237193482,-19.7929422334969
103.285,-6.15168857574463,-16.0613498687744,1.0977326631546,-217.20886753157,84.7565755616861,-28.5995883662781,2.25113391876221,-22.7458648681641,1.0994371175766,13.0971600872926,38.6423348142916,-25.0947365578413
103.29,-5.51318168640137,-16.476619720459,1.60837411880493,-206.484446006274,57.0967546308573,-33.1473315138004,0.817770183086395,-23.1041126251221,2.64092016220093,13.4200658180414,37.0476051714041,-31.918573651926
103.295,-4.25003671646118,-16.6493282318115,2.46262526512146,-193.551960926097,36.5599330797597,-35.8358305749008,-0.931314170360565,-23.0788631439209,3.95845293998718,13.6276677103167,34.4014327925902,-39.6871488516284
103.3,-2.75010466575623,-16.0531578063965,3.25542950630188,-179.172650534414,19.8895706272324,-37.7230459935212,-2.59125876426697,-22.409460067749,4.7571816444397,12.9535288930101,27.2352102682439,-46.9779693943614
103.305,-1.08933782577515,-15.2172155380249,3.81830549240112,-162.846941134953,7.65839485688005,-38.5160343712543,-4.1539249420166,-21.5729236602783,5.35303354263306,11.7537890898244,21.4678548821458,-52.4736898647154
103.31,0.413377195596695,-14.2704772949219,4.12870693206787,-144.669704055285,0.458087287336974,-38.1875876495413,-5.6245059967041,-20.6846809387207,5.8149676322937,10.139982728585,17.9200394762823,-56.2847168555291
103.315,0.843620896339417,-13.3856782913208,4.15935897827148,-124.930225127516,0.258981296615578,-36.6631304079295,-7.01269769668579,-19.9023494720459,6.21653509140015,8.26942614135033,17.0286451480823,-59.0581185831074
103.32,0.882007956504822,-12.5930614471436,3.83876347541809,-104.382646028476,-1.71770922660599,-35.8617716333685,-8.48676681518555,-19.3160591125488,6.97800731658936,5.18587149997731,19.7531683344126,-62.9313959180165
103.325,1.16457438468933,-11.9764928817749,3.61349654197693,-85.5009568981908,3.74767527871451,-35.0875935966097,-9.63018798828125,-18.8506183624268,7.62021255493164,1.57015921128714,20.8845037930606,-68.4528252204065
103.33,1.75808215141296,-11.4338302612305,3.64402341842651,-68.8659970236789,18.8334782400285,-33.8104267689928,-10.4944372177124,-18.398530960083,8.07458019256592,-2.42682960479876,19.5811295295983,-75.7964806914641
103.335,2.33805084228516,-10.4045419692993,4.23260354995728,-54.7144529502486,44.4856470266021,-30.2520621359562,-11.7362613677979,-17.5333461761475,8.50028228759766,-6.78182118540531,17.1250310701022,-85.2264447652588
103.34,2.77693319320679,-9.49964237213135,5.28473138809204,-36.3981293134167,74.0509165660406,-26.2276156392417,-13.2289714813232,-16.6102962493896,8.93218517303467,-9.37752358889464,17.1336183254362,-94.5861261924941
103.345,2.87841629981995,-8.66066837310791,6.24332714080811,-14.8783837765991,103.363977955282,-22.4858706722741,-14.4104509353638,-15.5199680328369,9.11369514465332,-10.9018766701216,15.3703418119476,-102.281871085077
103.35,2.5091917514801,-7.84051561355591,6.85955715179443,9.11638923522577,129.557719271335,-19.422739150293,-15.016939163208,-14.2198581695557,8.88570308685303,-11.8814581320166,10.1453623563301,-108.261367024154
103.355,1.22700369358063,-6.8066611289978,6.69810438156128,31.6019260820042,141.213068259746,-18.0756465535008,-14.5619649887085,-12.7126750946045,7.74356269836426,-14.9049071086935,0.0334483201546784,-116.904643569724
103.36,-0.0710019394755363,-6.00681257247925,6.15902996063232,51.9098611638254,143.163073607407,-17.5227051741478,-13.8193807601929,-11.2529468536377,6.39607524871826,-18.7342663272395,-7.83344662889195,-124.641499370921
103.365,-1.20754897594452,-5.45692491531372,5.47313022613525,67.9129738985978,139.750192003691,-17.2620446648527,-13.111475944519,-9.93735694885254,5.03771018981934,-23.6657943891302,-13.0761034678551,-131.997476503242
103.37,-2.07632279396057,-5.18058776855469,4.75737476348877,78.8842589510651,132.549383108935,-17.0201722984169,-12.6160192489624,-8.84377002716064,3.78167533874512,-29.8817224489689,-15.3914266059154,-139.285930385427
103.375,-2.60924077033997,-5.20091390609741,4.07146263122559,96.250916500793,114.019325777501,-16.3496645804278,-12.4364461898804,-8.31113433837891,2.82912802696228,-36.7456254327249,-15.5504504852662,-147.53500939324
103.38,-2.96460247039795,-5.30123710632324,3.56797504425049,112.969559853016,91.9087603397408,-15.7938647669071,-12.196231842041,-8.20967102050781,2.11941504478455,-42.5868134562035,-20.990308545946,-156.664363181284
103.385,-3.18571209907532,-5.35246658325195,3.03710746765137,130.577070363446,69.12850168405,-15.5448890037345,-11.8332195281982,-8.45633697509766,1.80603015422821,-47.9526647096789,-30.0816864822048,-166.326020932104
103.39,-3.29881620407104,-5.24884986877441,2.31019616127014,150.351082727658,47.954334690931,-15.7744311711712,-11.2904205322266,-9.00634765625,2.03540658950806,-53.2497393733069,-41.7513447169276,-176.27565311871
103.395,-3.27124524116516,-4.84801435470581,1.16737139225006,167.152255255622,29.3549236186642,-16.313174294787,-10.2733850479126,-9.78702640533447,3.00138139724731,-56.3520351999887,-52.1018611964891,-184.317572488996
103.4,-3.24782943725586,-4.230299949646,-0.0102966977283359,180.259962008767,12.8482603099745,-16.9191298949303,-9.20382976531982,-10.3794784545898,3.60779857635498,-56.9059908624334,-58.9666896708776,-188.381152554561
103.405,-3.26403760910034,-3.49854946136475,-0.992068111896515,190.436738966411,-2.08004361172088,-17.2587286080106,-8.2234468460083,-10.7572154998779,3.90063691139221,-56.8877303516874,-61.0725189542625,-189.071151924894
103.41,-3.36748170852661,-2.7732036113739,-1.47296977043152,198.41519221893,-15.9548574482862,-16.8923862892351,-7.5171217918396,-10.8704462051392,3.91354370117188,-58.7360546731737,-56.4534942450147,-186.887868296321
103.415,-3.5066385269165,-2.22694325447083,-1.16495430469513,202.988140472036,-27.6091904460588,-14.6584414400409,-6.87733936309814,-10.616063117981,3.42796492576599,-64.0222386001701,-50.3551154483392,-183.376536345909
103.42,-3.62604689598083,-1.78490078449249,-0.652460634708405,203.666241652835,-38.6743718165935,-11.6136669052279,-6.13439083099365,-10.1004323959351,2.91915488243103,-69.2375729749059,-46.314973176912,-180.500097799606
103.425,-3.70495009422302,-1.44181430339813,-0.164363995194435,201.013846971688,-49.5643981085052,-8.07501846700426,-5.09266567230225,-9.44294548034668,2.31519246101379,-76.0274367080589,-47.7987873778677,-178.605567248385
103.43,-3.70559406280518,-1.20601153373718,-0.0753708705306053,195.801278823566,-60.8735350531726,-4.47981350113194,-3.36794948577881,-8.8436861038208,1.41976356506348,-88.0444442130226,-61.5822832927773,-178.247118920743
103.435,-3.48722577095032,-0.956068217754364,-0.240620881319046,190.026531465238,-71.8074043293665,-1.7223150152624,-1.19285356998444,-8.55994510650635,-0.646548092365265,-99.8860183091546,-94.3353626273062,-181.154306978688
103.44,-3.16953539848328,-0.964182555675507,-0.479891896247864,186.987971548796,-79.9534909146847,0.576944798530508,1.01584577560425,-8.82277774810791,-2.96259522438049,-113.311964066298,-125.892694404219,-184.943982798157
103.445,-2.86164426803589,-1.30199480056763,-0.778679668903351,187.638847595564,-84.8741299474912,2.33271834921586,2.91413331031799,-9.64779567718506,-5.52388286590576,-127.683064570598,-153.437590572074,-188.92717153719
103.45,-2.83836579322815,-2.10890436172485,-1.16573596000671,193.888211138937,-85.8801553405315,3.10961629536826,3.6245744228363,-11.0474987030029,-8.67459106445313,-140.585770025994,-175.744073155986,-191.983831454932
103.455,-3.37866473197937,-3.79271388053894,-1.54474747180939,201.902522884598,-86.4379427391006,2.27441051837534,2.11267256736755,-14.0310173034668,-10.9870948791504,-142.215220935527,-180.613492600207,-185.578766919239
103.46,-4.42393350601196,-6.69819831848145,-1.28976583480835,208.614290234781,-90.99029797186,0.622131035562638,-0.364130556583405,-18.0802745819092,-12.0180597305298,-133.975417324607,-160.81944046097,-172.764211885272
103.465,-6.05976819992065,-11.1597633361816,-0.297862112522125,213.061863535483,-100.680526403978,-1.56061092699258,-3.24539542198181,-22.8061351776123,-11.7887325286865,-117.39917658639,-120.193284032437,-155.262863005111
103.47,-8.74422073364258,-18.3931980133057,1.28534841537476,213.82498691107,-116.40121764676,-3.73132636716244,-5.17318201065063,-26.9106998443604,-10.8416032791138,-98.2357080018961,-83.841152627986,-138.061837542756
103.475,-11.4131498336792,-25.1567459106445,-0.148297995328903,207.337522973231,-145.286661382634,-8.2690675564189,-5.34522342681885,-26.1902751922607,-9.548752784729,-76.8909911852019,-75.1202441523086,-132.526392692189
103.48,-12.0682754516602,-28.3787746429443,-2.66583681106567,194.031563149237,-164.205151572167,-10.9461115365076,-5.07416105270386,-22.513313293457,-8.38460063934326,-57.1171529908136,-83.5873086474824,-131.487616542079
103.485,-9.99234104156494,-26.9986934661865,-5.29099559783936,178.138600875209,-165.548895668718,-9.10675696094876,-4.82975149154663,-17.0745429992676,-7.60924816131592,-40.8749460690503,-104.754782055215,-131.394343478773
103.49,-5.4460186958313,-21.8641376495361,-5.25827598571777,194.027027903628,-154.559695030058,6.40320330914399,-4.87105226516724,-15.032642364502,-7.96666479110718,-33.1392718905798,-127.144148984706,-122.427479891083
103.495,-2.2586977481842,-18.8364696502686,-4.43617057800293,220.907688174699,-160.011196855726,24.4888834105356,-4.94495391845703,-13.4841194152832,-9.23211765289307,-27.5535602628163,-144.765640892367,-111.407106269051
103.5,-0.123826839029789,-16.9690933227539,-3.2534806728363,244.18737709269,-178.099873702615,40.6193125789842,-4.78121519088745,-12.5390472412109,-10.3983945846558,-23.2795710972281,-156.312827005082,-101.094073867655
103.505,1.11006367206573,-15.8062868118286,-1.917116522789,255.835363137176,-205.982754951359,52.2515379619608,-4.19629383087158,-12.2444677352905,-10.9336862564087,-19.5943169173384,-161.214594225212,-92.5377319698397
103.51,2.3096330165863,-14.9774379730225,-0.438410222530365,253.534818820932,-215.983012500093,58.6118954944412,-2.69135069847107,-11.7979936599731,-10.9331073760986,-10.1355123697733,-167.676267368746,-77.6912912804415
103.515,3.37505149841309,-14.5023345947266,0.934230804443359,250.897245650284,-202.231287210107,63.7418866554977,-0.673842549324036,-11.2367696762085,-11.2445888519287,1.0421659516513,-175.863437541922,-62.0075513610698
103.52,4.24861240386963,-14.3635272979736,2.13570737838745,248.326690295771,-174.009956427612,67.6983420341193,1.57706081867218,-10.649866104126,-11.9102926254272,13.0675512172406,-181.209453926047,-45.4402684159489
103.525,4.87264013290405,-14.5677156448364,3.1037266254425,246.148870818534,-137.821141676405,70.4546307227321,3.85345268249512,-10.1066026687622,-12.985463142395,25.2991675347944,-179.905721077653,-27.8985462876045
103.53,5.17381906509399,-15.0174865722656,3.74325013160706,239.835344478098,-107.13241871662,69.3401760766178,5.5043683052063,-10.2810382843018,-13.8634243011475,36.2675053606348,-167.099826723553,-10.8857497397176
103.535,5.3701319694519,-15.8142156600952,4.51634502410889,233.582961991111,-81.5474999726148,65.5728213153572,7.05159854888916,-10.4967708587646,-14.4041147232056,50.3448565042058,-152.001638921727,4.62296957038035
103.54,5.30951070785522,-16.7722663879395,5.12175750732422,228.684336658,-62.1972735256452,59.6322164734144,8.44232654571533,-10.6092014312744,-14.6584138870239,67.1035418404379,-135.500134113408,18.8173538709454
103.545,4.78112840652466,-17.6708087921143,5.16809034347534,226.867711244452,-50.9821985311327,51.9538305066074,9.5981559753418,-10.4287080764771,-14.6682195663452,86.2124850247877,-118.604240522034,31.834692098729
103.55,3.55787491798401,-18.2929458618164,4.76031351089478,225.67768738536,-50.3981183193536,44.4412200611458,10.5023231506348,-9.65080738067627,-14.6151676177979,105.255790091214,-96.3891117182698,43.5005732388408
103.555,1.95028412342072,-18.8942241668701,4.29036712646484,224.537742473264,-53.1270418550567,37.6732948956068,11.4653053283691,-8.71944999694824,-14.462306022644,124.605476953239,-71.5906277854886,56.1359553354062
103.56,0.190805047750473,-19.5149116516113,3.79876589775085,223.640050710649,-57.3110791368232,31.8747750638733,12.3976202011108,-7.67532587051392,-14.3412208557129,143.570931523505,-44.8003616529888,69.9495040826638
103.565,-1.32880926132202,-20.2064514160156,3.31873774528503,223.434817186468,-60.3534912799569,27.5125688825125,13.0938062667847,-6.53692674636841,-14.5084714889526,160.763965664531,-16.641591988196,85.2163087645305
103.57,-1.46932077407837,-20.69553565979,2.77573943138123,222.214207740274,-59.0054236736607,24.8767220421764,13.2701797485352,-5.94165992736816,-14.634557723999,176.327275688457,11.2797722538782,101.596994356621
103.575,0.0393827594816685,-20.9081897735596,2.48782229423523,218.583347479387,-45.9809154547959,21.9566334644356,13.2625465393066,-5.30272674560547,-14.5637760162354,191.729038078134,39.8030913127894,118.165141320672
103.58,2.27607703208923,-20.7614994049072,2.38291525840759,212.990173869955,-21.635503582871,20.0653267625024,13.010781288147,-4.60257816314697,-14.2601985931396,205.833610940642,66.7462204940087,133.773653536525
103.585,2.52879524230957,-20.0084991455078,2.1523380279541,207.06662401037,11.3762247702425,23.8471546946143,12.1956653594971,-3.9979772567749,-13.6547517776489,214.685563425735,85.3122524318017,145.335142065362
103.59,1.4871643781662,-17.9603385925293,1.909099817276,201.763883704825,26.6922887764033,24.5775085301111,11.2174625396729,-3.40584969520569,-13.3890314102173,226.663939380753,109.755163546581,164.294654371051
103.595,0.484874397516251,-16.0530204772949,1.7088041305542,197.182930470011,34.397969886681,22.7579171069157,10.2963676452637,-2.76160097122192,-13.0739059448242,237.667797605373,128.408143792508,184.014844844603
103.6,-0.180614978075027,-14.6160793304443,1.51702976226807,192.92124759776,36.7302472618086,19.3204724353977,9.52124691009521,-2.04746842384338,-12.5429153442383,246.914343779196,139.091625163919,203.212635129676
103.605,-0.454847037792206,-13.7513284683228,1.11754131317139,186.999350643954,34.0430732574072,18.1133901788543,9.08662223815918,-1.24515640735626,-11.4083843231201,254.851488047614,143.301180032424,222.537671838987
103.61,-0.372059971094131,-13.0572862625122,0.731468141078949,178.408693875748,25.1043346811725,19.707052604684,8.6692590713501,-0.63522881269455,-10.6076345443726,260.390853426765,144.988264078174,243.018813687971
103.615,-0.110647819936275,-12.3331136703491,0.635846138000488,167.795071679169,16.267254932997,22.5681846970565,8.28627586364746,-0.255413562059402,-10.1349039077759,264.880992466374,143.371804188442,263.573830863017
103.62,0.228965610265732,-11.5103282928467,0.916056573390961,155.648044693165,10.0646218363777,26.1591122569611,7.93056964874268,-0.114025980234146,-9.98586177825928,268.849988072312,138.055021013964,283.575821281346
103.625,0.289316922426224,-10.6009330749512,1.42068636417389,144.613805787117,9.26191324568206,30.0780903876068,7.48965167999268,-0.116309203207493,-10.0596961975098,273.076673055256,128.837257257304,300.967204115869
103.63,0.0072828996926546,-9.99427795410156,1.78102195262909,133.822967502333,7.76183380299166,33.4750303297993,6.75463342666626,-0.244978189468384,-9.35286998748779,275.272332986605,115.699907483161,315.994931686218
103.635,-0.570782065391541,-9.35180473327637,2.16818499565125,121.496648050616,4.41254723686471,35.7420145115561,6.07818222045898,-0.413473784923553,-8.55892562866211,277.100938551957,102.358273581132,329.132909837764
103.64,-1.41190040111542,-8.49353122711182,2.66331052780151,106.502244973228,-1.33973765699489,36.4896094520653,5.65325450897217,-0.578880667686462,-8.07506847381592,279.422164681008,90.2074080288148,340.512906579976
103.645,-2.06680917739868,-7.4319167137146,3.07433724403381,86.888195639377,-6.6716058378634,35.6130776154992,5.54415369033813,-0.751206696033478,-8.549485206604,282.270681413983,69.2675165242272,349.892969291695
103.65,-2.28957557678223,-6.29098129272461,3.30574345588684,64.9997547836148,-8.91099349405244,33.2481621814227,5.41132879257202,-1.18044197559357,-9.45285892486572,285.084555427489,41.3755852748339,358.270879327632
103.655,-1.79597175121307,-4.956458568573,3.45682692527771,41.6301464252003,-5.83466476593447,29.9400215286296,5.14610862731934,-1.77805519104004,-9.89030361175537,288.790015014491,16.8281073789561,365.197155598889
103.66,-0.315915882587433,-3.32554936408997,3.60170197486877,17.3200039426021,4.65234578711375,26.0648214954691,4.65389585494995,-2.48389172554016,-9.12103652954102,294.17887034509,4.02501084109465,370.225240337529
103.665,0.334363758563995,-2.4498074054718,3.66641044616699,0.515503885212511,10.1414776862396,26.2072941189136,5.17399072647095,-2.2401487827301,-7.46493530273438,293.240129145564,-5.49279245363418,370.337009553107
103.67,0.460955560207367,-1.68876421451569,3.466876745224,-11.2601328986935,10.503350499977,26.4561213254718,5.74082660675049,-2.22082781791687,-7.10454416275024,291.880511689381,-23.4196138808755,371.06461594501
103.675,0.380265474319458,-0.991860568523407,3.16666483879089,-22.3650634088768,7.31009789789171,26.9664013432689,6.33071804046631,-2.38492894172668,-7.23295259475708,290.923711469689,-41.8443309122881,371.766212976554
103.68,0.473884433507919,-0.300507187843323,2.96353387832642,-38.223330029468,2.26349544919484,27.9531075462418,6.91567897796631,-2.69504880905151,-6.87395191192627,291.435538525333,-50.8656345227572,371.633297495305
103.685,0.628115355968475,0.360346466302872,3.01870679855347,-55.9111567343482,0.926845678035035,28.8836508112171,8.06357860565186,-3.916832447052,-7.60186910629272,287.397694612562,-56.1173328246342,368.867999787177
103.69,0.752733170986176,1.10975658893585,3.12238669395447,-72.4343542234712,2.45652790764021,29.6421603940199,9.60032939910889,-5.49995422363281,-8.23293781280518,282.46154422015,-58.3685768354487,361.81763263908
103.695,0.796028852462769,1.915247797966,3.29044628143311,-87.7123467551983,7.34825560346363,29.9769011350531,11.5084772109985,-7.2424054145813,-8.69729518890381,276.839642835069,-56.8808113700582,350.311441321763
103.7,0.660964250564575,2.70865845680237,3.58182096481323,-101.776587350657,16.9839774184577,29.3784877713007,13.8123664855957,-8.8361349105835,-8.96963119506836,270.478141245903,-49.7801501240075,333.73063801718
103.705,0.520782589912415,3.47010970115662,3.84130001068115,-116.79671292046,29.5587330484028,26.9007495649667,15.4344835281372,-9.24228668212891,-9.28628158569336,264.182154831255,-28.6729941168355,314.723915443949
103.71,0.417807668447495,4.10038280487061,4.09376287460327,-134.243679834449,42.9826946355921,23.3625271597925,16.0646057128906,-8.54734516143799,-9.42109680175781,257.404776683905,1.3704431992955,296.171810261873
103.715,0.327736526727676,4.53488779067993,4.3154616355896,-153.865092112225,56.51870889121,19.2443158261521,15.7084426879883,-7.05717897415161,-9.31010627746582,248.916545432493,37.5409360747758,279.457872909989
103.72,0.165652513504028,4.60400724411011,4.42546701431274,-174.589361374904,68.7924563768853,15.5934328657131,14.4057579040527,-5.55784463882446,-8.82710456848145,235.184149577859,74.0668992086984,267.726558557628
103.725,-0.0188978407531977,4.34329223632813,4.10984039306641,-193.619552478123,78.293085587833,13.466391576087,13.2395067214966,-4.93934965133667,-8.792160987854,217.863746069191,101.494678122854,258.635713376125
103.73,-0.198715493083,4.02455282211304,3.59271144866943,-208.461307657751,85.2498176725986,12.3793516017539,11.624737739563,-4.46276903152466,-9.03392887115479,198.677553445328,119.865831103248,248.471381023149
103.735,-0.377504348754883,3.64931893348694,2.79354405403137,-217.040394085502,88.6975469014593,12.06998330594,9.38426113128662,-4.0524697303772,-9.42584800720215,179.287875825712,129.317679103144,237.001225783893
103.74,-0.599748373031616,2.95291876792908,1.1123685836792,-212.171521056415,83.9031775758389,11.7979308948829,6.27614212036133,-4.09441900253296,-9.54866313934326,165.729800059075,130.449578052398,226.855280300162
103.745,-0.599232971668243,2.00879073143005,-0.934159696102142,-196.949501924936,72.8849827841519,9.40002650088889,2.21814632415771,-4.51052284240723,-9.48223686218262,143.590001411668,121.002333600004,207.666027751551
103.75,-0.569236040115356,0.900076389312744,-2.79544997215271,-174.68576266485,60.5606099363484,6.01273804288046,-1.83522582054138,-4.89744853973389,-8.56995964050293,120.594817193364,99.5871633820207,183.28008041445
103.755,-0.601626932621002,-0.371430039405823,-4.16296482086182,-146.276041604667,49.0224430884322,2.02928463401711,-5.16160106658936,-5.00534391403198,-6.78011083602905,99.425151294908,65.1651136634208,154.636671262004
103.76,-0.907216250896454,-1.97886860370636,-4.1288423538208,-111.540465712596,41.8127207968093,-2.28253566872331,-4.60802173614502,-3.95183873176575,-5.87605428695679,80.4948312177325,16.2355304118496,119.970729148522
103.765,-1.19864130020142,-3.8202018737793,-2.97003436088562,-76.0040501403408,34.3929360372627,-6.37726651954451,-0.47114759683609,-1.90833497047424,-7.99609565734863,63.7760512617262,-38.7073138189605,84.1167302704285
103.77,-1.40672194957733,-5.88182830810547,-1.07445156574249,-45.3386454463829,27.5068366462515,-9.61363895963375,4.02125835418701,0.193306058645248,-9.20151138305664,44.6313315465039,-79.2677672427722,52.9386618226532
103.775,-1.47335231304169,-8.13733863830566,1.35778188705444,-21.577528937196,21.4827873832187,-11.7352536639643,7.18133497238159,1.81479120254517,-7.53528547286987,20.8133366370037,-93.7647276429083,29.7679793087207
103.78,-1.09318733215332,-10.020281791687,3.67281198501587,17.4338358753095,14.6319351834194,-15.0773659701418,8.93579769134521,2.06139540672302,-6.10359811782837,-1.64779946568656,-80.0796854897899,14.1866495382169
103.785,-0.539704442024231,-11.5000848770142,5.30779409408569,51.8895242755717,16.948194057396,-18.1888825522032,9.71715068817139,1.75404357910156,-5.9987530708313,-23.0435744010258,-74.1757997448251,-6.46508439613748
103.79,0.0150772472843528,-12.5507774353027,6.10330438613892,80.2173957638357,28.3448530460879,-21.4176529917462,9.64926910400391,1.31199514865875,-6.46378040313721,-42.7972823203829,-73.3289040990677,-30.1642873749324
103.795,0.434324353933334,-13.1254167556763,5.88105821609497,100.790991053425,49.3088431656146,-25.0477192431422,8.7787561416626,1.06069946289063,-6.93108415603638,-60.3493795060766,-75.6804016265197,-55.4874425340918
103.8,0.456759661436081,-12.0764484405518,4.43740320205688,106.158631816463,80.360228679759,-26.2204849217482,8.33535289764404,0.822055816650391,-7.84676599502563,-77.1333467875215,-76.5842678801442,-76.6478227903712
103.805,0.0758453086018562,-10.2014684677124,2.95289206504822,103.980306905227,111.69103040266,-24.1032082413143,8.38686275482178,0.797482550144196,-8.33438205718994,-92.0086313657847,-78.0674571187908,-93.0857795186524
103.81,-0.572120785713196,-7.79518842697144,1.58221924304962,95.9301844777475,139.00989512031,-19.1523507440725,8.8217658996582,1.00177884101868,-8.71012115478516,-104.439336598587,-78.6743057661681,-104.747466922614
103.815,-1.33643484115601,-5.18701457977295,0.528501808643341,83.6600228413864,156.616524536338,-11.7234519508521,9.52943515777588,1.47114419937134,-9.36263561248779,-113.564080008941,-76.5084664407354,-111.197801952125
103.82,-2.17821145057678,-2.60090661048889,0.435123264789581,65.8896942815216,146.37460123439,-2.57866812514273,9.82271862030029,2.00318765640259,-10.1337566375732,-115.241273940773,-69.2945913940972,-111.94111777912
103.825,-2.59885859489441,-0.494376063346863,0.814818561077118,48.2379753716887,124.622852954487,7.35063848571032,9.36185741424561,2.13882565498352,-10.2157716751099,-116.784500542224,-54.6190044716922,-108.017939082134
103.83,-2.67799043655396,1.03912961483002,1.20126438140869,32.7567334857349,99.3817112917867,17.9174132685464,7.69292259216309,1.80356597900391,-9.68493747711182,-119.856869895057,-28.3486267256043,-97.9411082826151
103.835,-2.5829906463623,1.81039214134216,0.762902438640594,22.9707184806966,83.7605700561582,29.0081651597864,3.8644425868988,0.855022192001343,-8.7062463760376,-127.00059206873,18.314100410257,-78.1355267840591
103.84,-2.30602526664734,3.22753167152405,-0.911773264408112,4.45583313384284,66.9866909641174,42.2124063915655,-3.03069162368774,-7.88436460494995,4.05519342422485,-127.227040160473,106.211545291963,-46.0389857231193
103.845,-1.79634976387024,4.49207210540771,-2.59535884857178,-21.7669095923129,57.4345826173953,55.1747803795508,-7.12800312042236,-23.5856533050537,10.9371976852417,-132.126471455907,170.765015515209,-29.4711836836216
103.85,-0.939237475395203,4.89901399612427,-4.48917770385742,-53.4343320658156,61.5490271017085,65.5131391223896,-9.1080961227417,-43.5282020568848,10.3764114379883,-139.596307841691,202.027009912411,-36.1547696732892
103.855,0.612194001674652,2.60983920097351,-7.64433717727661,-84.828886774429,96.2755598233184,66.91556820429,-12.8909711837769,-60.4844207763672,3.57088398933411,-139.53904353569,191.516127421326,-80.5531337124877
103.86,0.543884932994843,-7.95854330062866,-6.32922983169556,-82.661346731893,49.6417534159501,33.323721149116,-14.1406707763672,-45.0399589538574,0.962317585945129,-121.537711147906,113.173208773309,-125.628816875825
103.865,-0.744994103908539,-24.3550109863281,0.0096202427521348,-34.9435995485275,-40.2029066811398,-10.788247935542,-8.66285514831543,-25.8625030517578,-0.488832622766495,-119.980605602061,36.1963484498616,-153.016891900336
103.87,-3.75020265579224,-44.5335311889648,10.1644144058228,50.3428415984007,-144.273170592831,-55.5338468393129,2.09783577919006,-10.9251117706299,-1.38216233253479,-136.619834344805,-19.6409841848425,-160.29926691416
103.875,-11.1844568252563,-61.3970489501953,17.9452857971191,123.962838114611,-165.45407898266,-79.2502682981186,7.20539903640747,-8.76770496368408,-1.47624051570892,-145.243508247458,-31.2606249442732,-154.556484841148
103.88,-19.1282653808594,-63.1493759155273,8.7152681350708,190.080353355898,-161.942091334088,-97.1163219592011,11.2106781005859,-7.08135652542114,-1.37517690658569,-154.702965078088,-35.8599855389006,-161.360896877233
103.885,-22.7313213348389,-49.8304061889648,-5.46177434921265,202.847247329837,-131.651582063294,-57.2022912988178,13.9194021224976,-4.87534618377686,-1.5086065530777,-163.151185081342,-34.712616211176,-172.071439458136
103.89,-19.858283996582,-22.9980964660645,-18.8644218444824,151.225565507473,-78.4648238643238,45.7189572095584,15.5031604766846,-1.70664048194885,-2.40896201133728,-170.489581306739,-26.6556857926412,-182.832675703057
103.895,-7.8499698638916,1.2257068157196,-17.6601791381836,86.3318903918578,-45.8700273336207,96.2126742716301,18.1930675506592,3.11462426185608,-7.09558582305908,-181.261595590171,-0.320993758028888,-185.587290995324
103.9,2.64449095726013,8.8954553604126,-12.7992782592773,58.9766754074441,-55.154180529014,82.8869615405569,19.5489273071289,6.10836410522461,-9.87269687652588,-185.805351614765,23.1134608966134,-186.421803508116
103.905,10.0948114395142,8.0504207611084,-7.07784080505371,43.6767374779137,-83.4259249377734,51.3748900121788,19.5811347961426,7.24200248718262,-11.7570552825928,-189.486809917024,50.419066509538,-185.97508181564
103.91,13.7616329193115,3.17907571792603,-1.74352693557739,28.2542830301463,-118.042156934477,24.466043257951,18.139274597168,6.36875820159912,-13.1596059799194,-194.577008395976,84.7208605025161,-184.136736400531
103.915,17.9183216094971,7.21562671661377,6.44838380813599,23.5440104086816,-129.907165409651,-2.95465509791313,13.7408647537231,3.01613545417786,-12.7108564376831,-191.840356501227,114.070265328331,-174.131943606188
103.92,18.8985023498535,9.7239236831665,7.9268012046814,66.5417656113936,-161.210468790953,-18.8815200831031,8.80137157440186,0.849310874938965,-11.9078025817871,-181.299120649471,131.590151341899,-155.523120533245
103.925,15.4770565032959,10.877384185791,5.03789186477661,106.854757866481,-146.028706794442,-19.2747784698504,4.91635751724243,-0.412619978189468,-11.909049987793,-169.372749754793,128.761387516003,-131.721919351367
103.93,6.40940237045288,10.7310838699341,-0.618373274803162,104.210053978339,-29.0463117663009,0.0319375376721565,3.42032074928284,-0.937832474708557,-13.6859941482544,-161.085776857465,97.5575999909081,-105.125852572443
103.935,2.70988440513611,9.71172618865967,-2.02698540687561,9.03305238961515,100.284204677388,13.3436940578369,3.20874571800232,-3.35098767280579,-13.7250471115112,-150.205381132283,80.2442110865172,-79.9595083113435
103.94,0.231326013803482,6.78755378723145,-2.93039107322693,-53.2591752796452,158.764004313281,5.61738748381308,3.58430695533752,-7.09199047088623,-13.7765645980835,-144.615390391005,61.9219554303912,-65.6860726819852
103.945,-0.953734874725342,2.73565626144409,-3.11640119552612,-89.2428692047931,168.994521199315,-15.7777147846147,4.3687105178833,-11.4265575408936,-13.5757217407227,-141.52681982946,43.2044469722803,-63.6573425739513
103.95,-0.654660761356354,-1.55437183380127,-2.26323437690735,-105.156745518059,155.660940090318,-42.6342354596109,5.36939525604248,-15.4777870178223,-12.770378112793,-137.627915624785,24.8322301899229,-76.5136368939371
103.955,-0.466817170381546,-8.81091690063477,-1.58302223682404,-102.225631307451,150.648510145255,-65.0042012367645,5.67598295211792,-16.2508602142334,-12.5222520828247,-129.557487044903,9.92663067080229,-94.0972827234071
103.96,-1.86868607997894,-18.0926914215088,-1.33004808425903,-82.9113248253263,149.411316999756,-80.8442022239678,5.81469678878784,-15.5926942825317,-12.3163251876831,-120.452639975601,-0.104669327317353,-105.231795636659
103.965,-5.25409269332886,-27.439905166626,-1.56244897842407,-58.9282630266071,146.19677042916,-88.2602713606059,6.15792894363403,-13.8238935470581,-11.9917297363281,-111.610639076128,-5.5647583149372,-108.732691058019
103.97,-11.4223957061768,-33.2452430725098,-2.4147047996521,-51.7216655465295,130.375607103687,-82.9922284160451,7.37740087509155,-11.2405939102173,-11.2853860855103,-105.186887142866,-6.69490916265101,-102.728620098309
103.975,-16.6588573455811,-31.4037494659424,-2.90114140510559,-66.6659521108827,122.562362466813,-67.0720000268508,9.69017219543457,-10.2984828948975,-10.8697700500488,-100.929848799251,9.66746255784074,-94.3332862497985
103.98,-18.543981552124,-26.2405052185059,-4.33839225769043,-92.3208051618001,114.421644410182,-40.5103300805875,11.6261548995972,-10.0460195541382,-10.6402530670166,-97.3051015576711,25.1859947153419,-88.8345058546964
103.985,-17.2616996765137,-19.4965553283691,-6.41360998153687,-121.921308232072,92.9767492089315,-10.7520633008666,12.8490896224976,-10.1584587097168,-10.5003776550293,-93.3774490867794,39.7224370239753,-85.9223249284672
103.99,-13.9389343261719,-14.520302772522,-7.79591417312622,-140.306497251211,22.2988225267587,0.839534996348792,12.8505210876465,-10.0702791213989,-10.2157373428345,-86.956729757509,59.45310159262,-83.007370945435
103.995,-12.0733261108398,-15.0692205429077,-5.04908895492554,-118.31674419949,-59.306826261355,-7.75167218905397,11.079381942749,-9.51088237762451,-9.46365833282471,-80.2586364460442,72.8715887831895,-80.4171856272477
104.0,-9.73097038269043,-15.6212863922119,-1.09874165058136,-92.580044991748,-123.829867991849,-16.9841328052613,8.99639797210693,-8.76548194885254,-8.93602561950684,-74.1681431027655,75.2138792156403,-76.9825703615935
104.005,-6.39445066452026,-14.8799419403076,3.05430221557617,-75.4039838708093,-163.300219809032,-21.552018180646,7.07379341125488,-7.99684143066406,-8.79558563232422,-68.8770141188101,66.6116384466028,-72.177231752166
104.01,-1.58306348323822,-12.3166084289551,5.66513252258301,-87.5961037657138,-168.534589920984,-16.23635003455,6.05456161499023,-7.67931079864502,-9.10994148254395,-64.3951532684744,52.4433091832872,-64.7143484989567
104.015,1.72492718696594,-9.69264507293701,5.51542139053345,-107.347788241529,-157.087643664528,-11.6293934157919,6.24541664123535,-8.0587158203125,-9.96296310424805,-59.9325672119766,38.6419933048331,-56.8038727041526
104.02,3.72605085372925,-7.90425491333008,4.585129737854,-124.808688741425,-141.454296880853,-8.07362083954534,7.12929487228394,-8.81761455535889,-10.8095617294312,-55.0652822018717,28.7754571996695,-49.5086193686483
104.025,4.50149536132813,-7.26523971557617,3.61536288261414,-137.270409863248,-123.330034748387,-5.70071835300818,8.42699146270752,-9.82926940917969,-11.4323701858521,-49.7012887598506,24.227164221919,-43.2729913356959
104.03,4.4870228767395,-7.6125750541687,3.28522706031799,-150.726852415036,-82.9643134329072,-4.35958424249314,9.15353679656982,-10.8578853607178,-11.5930681228638,-44.3715726221791,25.2696986836204,-38.5756585076139
104.035,4.17849588394165,-8.14755535125732,2.99724245071411,-165.368483051982,-39.4179130398303,-2.9429496477796,9.2942476272583,-11.7747526168823,-11.6404047012329,-38.838665186889,29.8193730671305,-34.7747606873394
104.04,3.45293664932251,-8.97809410095215,2.63566851615906,-177.821844022261,2.21378874751007,-2.56296125137264,9.24426364898682,-12.507269859314,-11.6311798095703,-32.5861529263084,35.6841457338132,-31.7965728129712
104.045,2.2431435585022,-10.1428804397583,2.14498209953308,-186.36177980569,39.0583718819208,-4.02287982207361,9.19906616210938,-13.0215749740601,-11.5813369750977,-25.3513279819385,41.9100851434278,-29.6693855280516
104.05,0.924800753593445,-11.0175952911377,1.69889557361603,-194.172087461221,69.7331168595687,-10.1793732833021,9.11421203613281,-13.5822505950928,-11.2948570251465,-18.0309788238762,50.8355441243687,-28.7799719547109
104.055,0.133182287216187,-11.8266353607178,1.49536371231079,-203.882020989094,98.5357787027023,-15.9030470483371,8.82670879364014,-13.8602752685547,-10.919750213623,-13.0719805949174,55.9331499434756,-28.5325927482568
104.06,-0.493520081043243,-12.6846752166748,1.54341423511505,-214.45947050383,122.530315219227,-19.6658119224755,8.30912208557129,-14.040078163147,-10.4751529693604,-8.53892833052611,59.561653789099,-28.2296226321479
104.065,-1.23317933082581,-13.6859893798828,1.86563575267792,-225.136053384178,139.085477993666,-20.1313798144183,7.5255331993103,-14.2624406814575,-9.97204113006592,-2.91747901859098,63.5084990915584,-27.3124033586961
104.07,-3.55808091163635,-14.5209054946899,1.95540702342987,-235.326518040919,132.963647742475,-14.9058701653665,6.83632326126099,-14.7440166473389,-8.78952217102051,1.32479053504825,59.7039812710238,-25.5786503378948
104.075,-3.32298684120178,-15.7551851272583,2.49331998825073,-240.89402379945,142.064792849247,-12.6682967781757,6.2554874420166,-15.3591184616089,-7.56038904190063,3.70613662950344,55.7391896465202,-22.8896902390254
104.08,-1.78847312927246,-16.8394622802734,3.26248335838318,-244.033807119391,167.347448401723,-9.01785948758011,5.68413782119751,-16.1205253601074,-6.33880949020386,4.87699369712323,52.7324686568943,-19.5164595909894
104.085,-0.438384741544724,-17.0719699859619,4.00818061828613,-247.3172156572,211.260633368324,1.68333107024432,4.99876070022583,-17.0555534362793,-5.19342279434204,5.56145847979443,52.1626191442509,-15.7467262163503
104.09,-1.97914171218872,-15.4788875579834,3.67541170120239,-244.64986286177,225.655120440343,6.59234021188493,4.0124888420105,-18.3415069580078,-3.6499285697937,5.83661948069757,53.6029421156666,-13.3137095273806
104.095,-4.07570838928223,-14.3768854141235,2.40486407279968,-235.996641560767,194.207700067553,1.66513597990393,2.68309473991394,-19.7905216217041,-2.08347702026367,6.17363510161116,53.7295533323111,-13.185732272902
104.1,-5.84217500686646,-14.1417646408081,1.10932171344757,-223.38979257946,135.261214096241,-9.51993559441034,1.09849309921265,-21.3017463684082,-0.598373174667358,6.52282340028618,51.2976849688955,-15.8347622321099
104.105,-5.81102180480957,-15.3329629898071,1.50083124637604,-210.267482881869,82.3941565617513,-20.4158896367479,-0.597160935401917,-22.7104339599609,0.638678312301636,6.74173565894015,44.0293903900453,-22.3454419829386
104.11,-6.23772573471069,-16.5492935180664,2.02842235565186,-194.117637193158,59.7335286693732,-23.5505400695282,-2.86725330352783,-23.5322818756104,1.83498823642731,6.5165844493662,37.0891907781657,-32.3899250065485
104.115,-5.55693578720093,-17.1395149230957,2.35802602767944,-177.158017936827,45.3232433698045,-25.9412223922485,-5.28131437301636,-23.8055572509766,3.11052012443542,6.13900220053779,29.6814305666529,-44.0746847895262
104.12,-3.8789381980896,-16.9354496002197,2.52336263656616,-158.733951480933,36.0903063479026,-28.5566640424392,-7.50184392929077,-23.5830593109131,4.30127573013306,5.19341544391559,20.3553126889991,-56.6122073507583
104.125,-2.00312972068787,-15.6124649047852,2.7290723323822,-136.00127875319,31.5497741725965,-31.6836663708963,-8.68596363067627,-22.9593982696533,4.87883996963501,2.31319489380362,5.00526721105701,-68.4776256372828
104.13,-0.377073526382446,-14.063289642334,3.07001090049744,-111.04462129961,22.1032076164768,-34.2435529699254,-9.90311336517334,-21.6666374206543,6.03178024291992,-1.01006673059488,-7.05511541023091,-75.3874411526395
104.135,0.791966915130615,-12.9005489349365,3.35022068023682,-89.0564665121543,16.4111653112619,-36.5940430444748,-10.4374122619629,-20.2519416809082,7.40145301818848,-4.34532152684568,-14.8796780974468,-79.402185365638
104.14,1.47026097774506,-12.1431131362915,3.5957932472229,-71.5411840460869,18.3064454757447,-38.4339696483766,-10.2056703567505,-18.8803367614746,8.80663681030273,-8.31221386140587,-18.8578398172507,-81.6590233013828
104.145,1.70766115188599,-11.2664222717285,4.12444925308228,-60.3267852403022,37.0148680747122,-38.0001775039999,-9.53554534912109,-17.7747650146484,9.76027011871338,-16.233460864531,-21.7530426007505,-85.4042140987867
104.15,1.74289929866791,-10.8538179397583,5.36765098571777,-43.5776280179623,61.7114558303605,-33.5941590742081,-9.2619686126709,-16.9472637176514,10.154899597168,-25.5115573896778,-14.7921321477602,-90.3335752831633
104.155,1.79638516902924,-10.5103664398193,6.51352787017822,-24.5740592845802,87.9426129226869,-27.542992252623,-9.544020652771,-16.276460647583,10.22571849823,-34.6253639596237,-0.110448140932753,-96.3171488451746
104.16,1.88586950302124,-10.0533924102783,7.17408752441406,-4.56253819103819,113.467159624619,-20.9758831864189,-10.4407758712769,-15.727165222168,10.0563812255859,-42.8823454963062,20.7517010099335,-103.391763164825
104.165,1.54267048835754,-9.09027862548828,6.50237369537354,14.942708790655,132.219471311645,-16.9382902830995,-11.8484497070313,-15.3124542236328,9.75028800964355,-48.9663706504409,39.4138456621795,-111.94572132662
104.17,0.887624680995941,-7.9382643699646,5.65177297592163,34.7168919095964,144.720343077791,-15.0402148636988,-12.7527484893799,-14.7506494522095,9.06794452667236,-53.2493602978079,50.0295783872126,-120.989506504742
104.175,0.0274315848946571,-6.87146902084351,4.90839958190918,51.7572952283349,151.83513257014,-14.3264959539256,-13.1123819351196,-14.0046787261963,7.9409065246582,-57.2670346619603,52.9648999943498,-129.711630754092
104.18,-0.977832853794098,-6.05475378036499,4.43671846389771,65.0288718800466,153.809330447841,-14.3016750464818,-12.8905487060547,-13.056755065918,6.33349752426147,-61.7792522880621,48.4513197455086,-137.653173664336
104.185,-1.85529935359955,-5.76630067825317,4.37178421020508,87.1602762249645,152.226160900123,-13.9371632184038,-12.3618011474609,-12.123083114624,4.69839525222778,-66.1394538089015,44.8593505817556,-144.584517935956
104.19,-2.61953282356262,-5.74794816970825,4.24845170974731,108.976296584957,145.14630099519,-12.1230965644733,-11.8234548568726,-11.3356580734253,3.04220819473267,-70.8013584457587,39.0612200708047,-151.253282415125
104.195,-3.24529123306274,-5.83991765975952,3.93144702911377,129.63667625814,133.120810395277,-9.11009521590561,-11.37278175354,-10.7821397781372,1.53432726860046,-75.5913974314453,31.8542025340932,-157.78152258231
104.2,-3.70400667190552,-5.92179250717163,3.30124711990356,148.401897002698,116.285445940328,-5.02422781619297,-11.0925703048706,-10.5466165542603,0.318653732538223,-80.379271247165,23.7865948223384,-164.257771349533
104.205,-3.64734101295471,-5.80153036117554,2.42698764801025,164.40205226556,91.7985484072934,-1.7023068298625,-10.7734127044678,-10.7320976257324,0.188990041613579,-83.5932031007362,16.6192401941371,-170.167715472291
104.21,-3.24747443199158,-5.41471004486084,1.73655593395233,178.859308776051,63.3960878381983,0.0635332790712281,-10.1692304611206,-11.1414003372192,0.322516947984695,-86.1254069430592,8.24321955927864,-175.933501622428
104.215,-2.64771461486816,-4.81125354766846,1.03484308719635,192.21056641462,32.3810389304384,0.451540711100075,-9.40492534637451,-11.6946659088135,0.707421779632568,-87.0534110852105,0.103523849898668,-180.414570170819
104.22,-2.01273894309998,-4.03721809387207,0.0758436918258667,204.919731629694,0.18951210957804,-0.42031876914561,-8.62510776519775,-12.3026323318481,1.34819972515106,-85.0948201897635,-5.96616810557202,-182.079114592308
104.225,-1.80099940299988,-3.18798494338989,-0.980774343013763,217.583599030193,-23.1676260042789,-2.10455993541641,-7.97780704498291,-12.4407482147217,2.47266030311584,-79.2464024110484,-10.7933867991188,-181.592190406378
104.23,-1.91823136806488,-2.43887853622437,-1.60884809494019,226.505779520333,-36.3652351223739,-3.01229122233745,-7.2915940284729,-12.0471239089966,2.99041986465454,-76.169859812632,-10.7919200159945,-178.502458712674
104.235,-2.23220992088318,-1.81532955169678,-1.84834122657776,230.7627222413,-41.9405990135449,-3.16874801777741,-6.60919332504272,-11.1396980285645,2.74884390830994,-76.4868010806881,-9.65674769858028,-173.626209079284
104.24,-2.52303624153137,-1.36028361320496,-1.78945672512054,228.502612644943,-44.0383686737092,-2.70991469235617,-6.03000640869141,-9.70488929748535,1.49357748031616,-81.0309464260651,-14.647046976958,-168.369531569502
104.245,-2.83261466026306,-0.778649389743805,-1.60840260982513,219.808615114595,-48.8667762470584,-3.24236166221769,-5.11919260025024,-8.22122859954834,0.106970943510532,-87.1382966762154,-29.5851488050178,-163.506409559696
104.25,-2.96791481971741,-0.401592671871185,-1.61867475509644,211.363974130466,-53.3398432288377,-4.3188178315451,-3.60114002227783,-7.18716669082642,-1.18504798412323,-95.641390419261,-49.9487840795206,-160.125397618648
104.255,-2.96217894554138,-0.285063147544861,-1.76124393939972,205.277483278041,-56.4640093212419,-5.75856920150454,-1.51678884029388,-6.68137693405151,-2.8101122379303,-106.777289860915,-75.4682217999533,-159.049355956426
104.26,-2.96948480606079,-0.495084047317505,-1.76241779327393,205.467908952101,-56.3484937469041,-7.23157377432501,0.966024100780487,-6.79949712753296,-6.12467813491821,-121.172241385797,-107.471947420262,-162.485760731643
104.265,-3.21822762489319,-1.05960726737976,-1.34139370918274,207.34024138852,-59.7178328946605,-9.20972803910223,2.47504639625549,-8.18379688262939,-9.13006687164307,-133.520936537235,-148.181732684992,-164.142791945045
104.27,-3.61965346336365,-2.15398144721985,-0.357996106147766,207.297320479776,-64.8998017953008,-10.97842260015,2.72840213775635,-10.4281091690063,-11.2682399749756,-141.495783449872,-181.580182933817,-160.70719313215
104.275,-4.19155740737915,-3.99705767631531,1.21950829029083,205.181368856041,-71.0638972570756,-12.1618826474489,1.82221925258636,-13.2714490890503,-12.3862142562866,-142.462938236345,-196.995455437672,-150.818677478237
104.28,-5.10573196411133,-7.43479156494141,3.39903259277344,203.85317027004,-76.0067139141171,-11.7211066346459,0.486970722675323,-15.9020652770996,-12.3281087875366,-126.458671199603,-160.642962033195,-131.442455331287
104.285,-6.43932723999023,-12.6878757476807,4.89568424224854,205.885465736821,-84.5550030189007,-9.8347697491075,-1.47181463241577,-19.9959774017334,-11.4322891235352,-105.060316907357,-111.022272920645,-113.647770316841
104.29,-8.14010238647461,-18.7511882781982,4.79442596435547,208.723190770908,-94.8869208933523,-6.96524890377376,-2.84913992881775,-22.9699859619141,-10.2650384902954,-83.2675874924341,-74.375220778022,-101.66020775739
104.295,-9.95346260070801,-24.8310146331787,2.66676354408264,209.666562838692,-105.92913746035,-2.81122283289015,-3.23736667633057,-23.6085777282715,-9.04530906677246,-63.5974623054978,-60.4227835490867,-96.8567201292272
104.3,-9.89452362060547,-27.1391620635986,-1.99943196773529,193.942620425865,-113.659333827106,6.06362081776294,-2.83449053764343,-19.5714359283447,-8.03531360626221,-52.5352230389481,-71.5242588373236,-97.180716982696
104.305,-7.76561832427979,-25.5573844909668,-5.02174854278564,179.205735970754,-115.474197051849,20.9771757997193,-2.8695547580719,-15.4465026855469,-8.21371364593506,-41.1384479370402,-97.1620022643701,-94.6467168006212
104.31,-4.94753265380859,-22.426326751709,-6.3772144317627,178.378463458482,-121.80504475202,37.8062991693145,-3.15985703468323,-12.3611345291138,-8.83994483947754,-31.3871746892152,-123.089980919818,-89.2068672776779
104.315,-2.17984318733215,-18.9893245697021,-5.98137378692627,198.31832647612,-138.751058271524,54.0574877898363,-3.57923769950867,-10.9298782348633,-9.5200891494751,-24.2815564333744,-141.613044137542,-80.7763374643745
104.32,-0.346592634916306,-16.9394950866699,-4.19910097122192,225.787066034729,-172.484365374598,62.1020060471019,-3.33724689483643,-10.465126991272,-9.75111961364746,-17.3684521819323,-149.265287555301,-71.1884662471583
104.325,1.35091161727905,-15.4945783615112,-2.10184550285339,243.134107281161,-193.249383545865,66.994067568421,-2.44218707084656,-10.2033042907715,-9.63978958129883,-8.4004112403846,-153.316955770953,-58.757037014304
104.33,2.87322163581848,-14.4958877563477,-0.0260430667549372,251.407023649177,-197.274837495483,69.9062689852177,-1.04595577716827,-9.97183895111084,-9.63670921325684,2.91969413431618,-155.613046803858,-44.0332460318317
104.335,4.17821359634399,-13.8444452285767,1.75921785831451,250.884104366321,-180.534194103943,71.6506856388606,0.761232852935791,-9.6352367401123,-10.1071548461914,16.9723558515849,-157.514489506519,-27.3154257174038
104.34,4.72847890853882,-13.7330331802368,2.61799573898315,245.540902020133,-148.518051199723,72.3806621064057,2.78165984153748,-9.15244007110596,-11.0799179077148,32.8413390389838,-156.008022983181,-9.19275672656204
104.345,5.31704616546631,-13.8064222335815,3.65749263763428,239.294612061886,-116.606669736994,72.2009256783968,4.75417232513428,-8.92702770233154,-11.8973054885864,46.3060495347614,-151.962433635891,8.22096765673638
104.35,5.73649168014526,-14.0515203475952,4.6486029624939,232.094691091722,-86.9267315666742,70.668272209781,6.63781547546387,-8.88140296936035,-12.5612421035767,58.8713197394967,-146.193505598736,24.5233724507495
104.355,5.71319723129272,-14.4650917053223,5.29975461959839,223.804262118674,-62.3219039874304,67.121785275711,8.37429809570313,-8.93190002441406,-13.0623455047607,72.3586415765216,-139.593630407536,39.1234157733868
104.36,5.17389965057373,-15.0652704238892,5.54137468338013,216.791338067607,-44.6618659071884,61.3037754991808,9.29713535308838,-8.9150218963623,-13.1385517120361,87.2183601536663,-128.014492669884,52.518007547145
104.365,4.21697092056274,-15.7741899490356,5.52397966384888,210.646285173238,-32.4013177620841,55.3513612601631,10.418719291687,-8.81261348724365,-13.0471448898315,102.546315519172,-112.649230811131,64.9833896503634
104.37,2.87881588935852,-16.5658226013184,5.33873271942139,205.226693991373,-25.4890792371193,49.6173286594782,11.7052526473999,-8.56719303131104,-12.8542385101318,117.08243339382,-95.5195603350355,75.7845961623083
104.375,1.17792773246765,-17.4077548980713,5.12484741210938,200.382163756488,-24.5538299718059,44.5681830325325,13.0034942626953,-8.0567045211792,-12.6473321914673,128.451078361631,-80.1447635322018,83.324831307868
104.38,-0.38177165389061,-18.3433113098145,4.82975101470947,198.231405488743,-25.2665243532036,41.3027822884707,14.0379238128662,-6.98069000244141,-12.6457948684692,145.408279730995,-51.5690039883905,96.4206398714786
104.385,-1.40207421779633,-19.2191848754883,4.40234661102295,195.67311715398,-26.6830663134765,37.2931743777281,14.7020664215088,-5.86323499679565,-12.6562986373901,161.743223546214,-20.3400899048864,110.840576228345
104.39,-1.60181868076324,-19.8857307434082,3.91410660743713,192.132155842948,-27.3255617181321,32.6407466283443,14.9834442138672,-4.82966327667236,-12.625150680542,177.171896881221,12.1033752470186,126.062561208878
104.395,-0.233287900686264,-19.9443397521973,3.58599734306335,186.973682793053,-23.1676106363533,28.5012695007231,14.8496751785278,-4.06160593032837,-12.4626731872559,193.044081719793,45.5223399690158,142.179389763142
104.4,0.946754336357117,-19.3951606750488,3.55439209938049,179.965526214026,-5.22328599559017,27.5958015677382,14.2868356704712,-3.32018661499023,-12.0326986312866,206.166883191004,79.9874437850489,160.035881159386
104.405,1.16993820667267,-18.130558013916,3.60047602653503,173.07019069971,10.0093860965598,28.2786787583142,13.4799833297729,-2.64963746070862,-11.5500240325928,217.028864726183,109.704278637265,178.637163703485
104.41,0.489136606454849,-16.2582778930664,3.67926859855652,166.82730217567,18.3248408827269,29.4625503245107,12.5021390914917,-2.05120348930359,-11.0745162963867,225.883685890728,132.911465097216,197.976912640268
104.415,-0.0805397778749466,-14.3887510299683,3.79967427253723,161.792592153535,16.595141579198,27.7187535105349,11.5090112686157,-1.48646008968353,-10.6707715988159,233.426659942145,147.183691783091,219.020520567402
104.42,-0.181006103754044,-13.0892486572266,3.73263382911682,157.195164502443,13.5708499279323,25.7099436492154,10.5223875045776,-0.879964053630829,-10.1578798294067,240.272777113302,155.351710105835,240.607073892039
104.425,-0.0842142328619957,-12.0568151473999,3.49498176574707,151.634885084054,8.93541739675076,24.5137043179794,9.57383632659912,-0.306225568056107,-9.57431125640869,245.859516684536,159.538520444404,262.121268192609
104.43,0.112000405788422,-11.1867551803589,3.1315643787384,144.436412113994,2.94529048167422,24.5062662419732,8.69655609130859,0.191581651568413,-8.96259784698486,249.905201654474,160.351586163202,283.222891746553
104.435,0.323507189750671,-10.4078769683838,2.99750995635986,134.288267309351,-1.07463667096554,25.5310234288123,8.05982112884521,0.481160193681717,-8.57488536834717,252.018298259136,157.807613904939,302.899983726443
104.44,0.422314614057541,-9.85150814056396,3.01449513435364,123.209277003861,0.528156543845695,26.6944983425998,7.60870838165283,0.634175837039948,-8.57483959197998,253.021188595347,149.267773744159,320.178996288741
104.445,0.354479283094406,-9.22616291046143,3.13237118721008,111.961137063577,4.40770719406411,27.2511519297667,6.93661594390869,0.721436858177185,-8.55132675170898,253.306253370547,134.781598212722,335.352042963871
104.45,0.0722716674208641,-8.38405227661133,3.32796287536621,100.709192707925,8.74715433133676,26.723974023963,5.85537242889404,0.760584056377411,-8.27135562896729,253.131072678715,114.89245617986,348.250663966143
104.455,-0.604334712028503,-7.50307655334473,3.55964016914368,85.3625909259846,10.352878017467,24.2162581173618,5.06158447265625,0.462227433919907,-7.47026491165161,254.123116674524,104.85653138328,355.173306576761
104.46,-1.26242327690125,-6.58603096008301,3.73249387741089,65.6474138112829,11.6479493322195,20.5896974605572,4.7253942489624,-0.0273287445306778,-7.62892007827759,257.193314027201,86.9709092302259,363.878573919239
104.465,-1.70961534976959,-5.59614658355713,3.85301661491394,42.4118171794786,14.3298632371864,16.0335651331869,4.50296688079834,-0.667237937450409,-8.48601150512695,261.258287451356,61.9479169794264,372.199793385066
104.47,-1.77988088130951,-4.49969816207886,3.92317128181458,16.115346403214,19.8345978496975,10.6415986514199,4.12760353088379,-1.43419480323792,-9.87631988525391,265.516691832806,29.917519470409,378.388955641095
104.475,-1.17366755008698,-3.29354882240295,3.91503071784973,-9.15458279929084,28.0651089882517,5.59806060978289,4.23533487319946,-2.07191300392151,-7.82463073730469,270.821754402668,6.12108319925026,381.337548305789
104.48,-0.759868979454041,-2.24773097038269,3.83031558990479,-27.1126408160407,32.491305504399,3.02214697186637,4.71679401397705,-2.36903214454651,-6.93091344833374,272.71166774601,-14.4798319932451,381.648950290428
104.485,-0.300495445728302,-1.27004456520081,3.66042637825012,-43.6339975691824,34.2399158941923,1.78101366098949,5.37718343734741,-2.67662453651428,-6.73473405838013,273.443426892929,-34.5852912397632,380.690620108362
104.49,0.506971657276154,-0.249889731407166,3.38800621032715,-65.9897702132406,34.5206161785124,0.554018788333684,5.98551893234253,-3.4365873336792,-6.71125316619873,275.763560191712,-57.5495620218833,380.082951838285
104.495,0.988088726997375,0.324925720691681,3.30162262916565,-84.8280876422961,35.9179840902378,0.53790445109092,6.78828191757202,-4.68753290176392,-7.27610778808594,278.769471803921,-75.6871020420955,378.288661143322
104.5,1.06393718719482,0.91297572851181,3.17529225349426,-100.271739582153,37.3351971165966,1.57032014761946,7.75883865356445,-6.71438074111938,-8.13611316680908,279.711300248953,-87.1338638834441,373.564601785018
104.505,0.919660329818726,1.54158365726471,3.09049439430237,-113.407047129734,39.8863854697177,3.01535797727479,9.09233379364014,-9.37824153900146,-9.03191471099854,278.933888117622,-90.0215176003637,364.934603127193
104.51,0.891192257404327,2.21851825714111,3.22977137565613,-126.036401584356,45.9173400540014,3.72866302027296,11.1995248794556,-12.4530210494995,-9.50673294067383,277.199156672222,-80.1053260199341,350.321495360221
104.515,1.02187073230743,2.83903193473816,3.57010006904602,-138.237919819559,57.940084917868,2.58125762061181,13.7026481628418,-13.7360820770264,-10.5575008392334,271.675746614973,-57.6652312754775,330.168612402748
104.52,1.24346017837524,3.35939478874207,3.87856912612915,-150.068258254506,70.6440660193624,0.372606669461471,14.9975957870483,-13.6340665817261,-11.1104669570923,264.775944156939,-25.2750415990986,308.542894773411
104.525,1.53772032260895,3.73286914825439,4.13038015365601,-161.768782114088,83.1098852546877,-2.51954173881887,14.9658737182617,-12.1852540969849,-10.9255657196045,256.030733868195,12.1605089256521,288.079128925676
104.53,1.88300764560699,3.8260383605957,4.33293676376343,-174.009369031343,94.5723906820732,-5.34913393859495,13.7254829406738,-9.23069858551025,-9.6278076171875,243.030725537883,41.7676825294223,275.068793349339
104.535,2.00702166557312,3.70724582672119,4.33798456192017,-185.721231004947,104.739994695662,-5.854514576323,12.3405456542969,-7.05889701843262,-8.34582424163818,232.095346789883,61.6628043929025,268.885942188103
104.54,1.96886229515076,3.41981768608093,4.10128164291382,-196.459135323665,112.081232279753,-4.74027764248849,11.3707427978516,-5.50882577896118,-7.81576728820801,217.260394478668,87.6279597680028,260.281461117018
104.545,1.7445787191391,2.9556941986084,3.56976890563965,-205.272469919191,115.627029364717,-2.27204983424346,10.6110057830811,-4.63985109329224,-8.03188514709473,197.272651834948,120.454320202137,247.445158760732
104.55,1.16330087184906,2.23393845558167,2.54007911682129,-208.170273297217,112.386534905464,1.01517859358011,8.54467010498047,-4.89003324508667,-8.23118114471436,172.247972527424,148.051945430383,231.178735403267
104.555,0.407071381807327,1.24287641048431,1.14072704315186,-205.739545575393,102.522519140104,3.67662082077887,4.5097541809082,-5.81125497817993,-8.00004959106445,146.124329442822,157.834360925729,213.66369882401
104.56,-0.413003653287888,-0.0353577546775341,-0.418284803628922,-198.899288706543,87.4242357156288,6.01200550509198,0.0594999007880688,-6.68917417526245,-7.1179141998291,120.410579670692,148.42944998581,192.439350431059
104.565,-1.26457011699677,-1.63204097747803,-1.99015367031097,-187.532528870943,67.8930502367889,7.86717751810806,-3.7058641910553,-7.06149435043335,-5.92028331756592,96.5681036556592,117.088826450883,166.126073974341
104.57,-2.1783766746521,-3.67646241188049,-2.93805193901062,-169.278575106517,47.828146946015,7.26615075322456,-2.1520881652832,-5.20510387420654,-7.86055755615234,82.0362683096209,50.3954374701044,131.381325138215
104.575,-2.95942974090576,-5.77698040008545,-3.1295599937439,-151.682751049757,35.2935477057477,6.69084818830261,0.0098758274689316,-2.15957355499268,-7.83041858673096,61.9830309819494,-0.495401411185547,102.578492540352
104.58,-3.41311454772949,-7.98018789291382,-2.7286376953125,-126.585220944545,24.5912781914778,6.23042641701252,2.07607769966125,0.767558455467224,-6.39153099060059,41.0775772911571,-28.9723305723059,79.9402608382624
104.585,-3.41470265388489,-10.2952327728271,-1.78001224994659,-89.6400173842726,13.4197021104681,5.83177901101014,3.70603275299072,2.81494164466858,-3.98787403106689,21.506513752848,-32.1508957063548,63.359273118572
104.59,-2.89530968666077,-12.3414459228516,-0.123578943312168,-47.6401972155292,12.6476585078249,3.57710880655319,5.5543007850647,2.81827640533447,-4.6840124130249,-0.876182909949024,-43.3326291324339,42.6227334210486
104.595,-2.3351674079895,-14.3564310073853,1.65400874614716,-5.22930253847531,16.6431902524618,1.15690726001369,6.63587808609009,2.42532396316528,-4.83831262588501,-22.0429141215785,-58.17386180259,16.2514669507305
104.6,-1.88249504566193,-15.9345254898071,3.11310315132141,34.0550124280763,24.7485347593809,-1.19255946009898,7.68903541564941,1.71330952644348,-5.09007978439331,-42.3079880588107,-69.3282232455703,-13.758638295199
104.605,-1.66184294223785,-16.7261085510254,3.88428139686584,67.2056395081513,36.6917898816868,-3.27891192545713,9.299635887146,0.724164068698883,-5.95411491394043,-61.8663576905473,-70.7228795721952,-46.0418065912465
104.61,-1.374396443367,-14.8119764328003,3.61261057853699,80.0409446568176,55.7168720034072,-2.81374616090165,10.562967300415,0.174196019768715,-6.3940749168396,-77.8722844632577,-68.9969112595005,-70.7015488914173
104.615,-1.28237915039063,-11.7692909240723,3.0499050617218,81.6221471100539,75.2583369169479,-1.8047690589228,10.7219877243042,-0.546544909477234,-6.61095762252808,-88.8849672922844,-62.9564080707571,-84.8586049275078
104.62,-1.44871151447296,-8.20416927337646,2.53479242324829,74.5746623017863,93.5365788340624,-0.152074215231187,10.1494007110596,-0.942500650882721,-7.07757139205933,-99.1589310116284,-53.7719619768677,-94.6448521589778
104.625,-1.97232031822205,-4.83795499801636,2.49638748168945,61.5333859685091,108.218534907868,2.31937792254977,9.25719451904297,-0.366063475608826,-8.40716648101807,-113.982777435252,-42.6724947642468,-107.428234209574
104.63,-2.04261636734009,-2.57807302474976,4.34591627120972,54.1674265147168,106.915129908555,3.19593174378724,8.17347431182861,-0.0302015095949173,-9.08404541015625,-136.130301026611,-28.1694008542359,-117.006372407223
104.635,-1.80460906028748,-1.04665470123291,5.69290161132813,57.5003436787242,94.1571698220498,4.65521574722562,4.73869228363037,-1.47145962715149,-6.96498346328735,-160.001060854997,10.686356881051,-119.011388098458
104.64,-1.30453741550446,0.131088152527809,6.17803192138672,65.3309643168471,80.8755596224473,8.94496258611585,-1.03506970405579,-5.91004705429077,-1.74643838405609,-178.918690440695,68.811246227292,-114.053278647865
104.645,-0.587161600589752,1.58827638626099,5.28141689300537,65.8543412223776,87.2494306842007,20.3927523709345,-9.14380931854248,-15.8117065429688,7.24737930297852,-180.301325634381,136.396459838188,-103.014627439614
104.65,0.251623898744583,1.08676314353943,2.43393969535828,61.991609699547,120.261982075109,30.2689600239628,-13.4658803939819,-34.3186302185059,11.3595085144043,-179.430380892556,158.803291561387,-108.337824161723
104.655,0.554217994213104,-1.47107112407684,-0.744663655757904,65.2389070272136,139.853163935619,33.4632038572514,-14.5925025939941,-45.3474235534668,10.3320455551147,-168.815816129871,138.672224228123,-126.190381369005
104.66,0.0024881274439394,-6.40262937545776,-3.35209798812866,74.73016521862,134.621566880469,29.500065138527,-11.9649744033813,-44.3613548278809,5.81446075439453,-148.786545935997,80.1750554211708,-150.386476767937
104.665,-2.16757988929749,-14.8115606307983,-3.30057525634766,84.333172135037,83.7101291091376,18.2041548551873,-3.40171027183533,-22.9188957214355,2.38170909881592,-122.167154061058,-9.00015563725144,-164.901366414645
104.67,-2.94102764129639,-23.4825210571289,-3.85252523422241,88.1995509788845,20.1256031819278,4.34078585434997,5.67624187469482,-10.776834487915,-0.586075723171234,-123.138120093088,-51.7299198301415,-161.776117737257
104.675,-3.24559926986694,-30.3748340606689,-3.40206551551819,84.8337498691181,-31.6873580881427,-9.38406605634587,11.1830625534058,-5.01847171783447,-2.43523621559143,-128.058683993814,-49.0612624685799,-156.160226918646
104.68,-3.41863942146301,-34.4244003295898,-1.41457116603851,77.6823710533855,-69.4169269123213,-22.8775547004176,13.0912933349609,-3.94974994659424,-3.39377450942993,-133.396654415097,-9.96526307452153,-153.733105536703
104.685,-4.10667848587036,-32.7060775756836,2.99899005889893,84.3251534929514,-106.719219592591,-38.4123589298427,15.3586225509644,-2.58177638053894,-5.17935800552368,-146.309386588195,24.7400755700938,-165.849096143119
104.69,-5.60689544677734,-23.6775360107422,1.21396207809448,100.67894863028,-99.5649857577857,-23.8602481672532,17.0504951477051,0.821034729480743,-6.85814332962036,-154.924017320387,49.3951767567235,-172.38057381997
104.695,-5.44343852996826,-12.5931425094604,-1.08900821208954,99.3723061212996,-73.4599344481052,3.21041942879048,17.7469539642334,4.11412000656128,-7.99018144607544,-165.54246163052,80.5211889177395,-173.003623676059
104.7,-2.85722041130066,-1.91810166835785,-1.81451392173767,76.0435013129868,-37.9388594807261,33.4830489718849,17.3338775634766,6.20012664794922,-8.71759796142578,-179.264311673076,119.624069727387,-167.376463045317
104.705,0.999952077865601,2.56146931648254,0.308405190706253,75.4854816879859,-3.87720255924781,37.6082339286679,16.3020629882813,4.2252082824707,-11.5239343643188,-187.054893742284,131.7005818404,-155.132693259909
104.71,3.38451075553894,2.93688535690308,-0.933637619018555,73.7416182796657,12.3225432108796,29.0075538578557,13.7201852798462,0.291009336709976,-12.3446455001831,-186.665477336945,140.54935145734,-147.1123572874
104.715,5.7159423828125,2.71897196769714,-3.77834105491638,56.1734667343279,10.8464044350037,9.41676729454459,10.6589498519897,-3.62970995903015,-12.0694141387939,-180.47628776016,145.984652074296,-143.796969803897
104.72,8.57640647888184,3.62963438034058,-7.07337713241577,17.4246099972881,-7.84465070045171,-19.6300934482109,7.69192409515381,-6.4595160484314,-11.201584815979,-169.893292131818,147.53887528031,-145.090156840212
104.725,9.01276779174805,3.90365147590637,-5.21603918075562,15.9692828078133,-19.5445914326334,-36.0201637202211,5.45100879669189,-7.55930709838867,-11.4452819824219,-163.411005477369,141.97227110675,-139.977732925701
104.73,5.44352960586548,2.33395433425903,-1.80227494239807,16.2364883458807,19.6982501983911,-33.2622392013021,3.25146245956421,-8.05147457122803,-11.2996864318848,-156.535354568241,123.859784220413,-127.671439588631
104.735,1.16729652881622,0.309813767671585,0.72724461555481,14.0606769442597,79.6381069297594,-26.3102421451787,1.71531796455383,-8.32075691223145,-11.1895427703857,-150.143349354241,94.4126462177649,-112.080740506133
104.74,-1.23379778862,-1.09084641933441,0.375807464122772,5.97684155681064,137.468990783177,-26.8094931150135,1.37827849388123,-8.65972805023193,-11.4550800323486,-144.96262354803,53.9009569295325,-96.116170528847
104.745,-3.05261182785034,-4.35283088684082,-2.51820254325867,-21.6034068164138,160.694161131213,-33.0390593550774,3.74047088623047,-8.56891632080078,-11.2935380935669,-139.995969530785,16.6347669216679,-93.7161649979095
104.75,-3.30173754692078,-8.52146816253662,-2.75350618362427,-44.4779494034075,156.704592995496,-41.9936081116933,6.53856992721558,-8.45691204071045,-11.0089712142944,-133.862350373087,-11.3332090926235,-98.0308637984983
104.755,-2.88001298904419,-13.0759439468384,-1.83433198928833,-59.7154150076944,131.010118017203,-52.3087715321109,8.96062755584717,-8.40811157226563,-10.8375415802002,-127.442382364625,-28.0777687438783,-105.147531592869
104.76,-2.86514329910278,-17.3915786743164,-1.56180214881897,-63.0453439639398,88.8637322341549,-62.3750223686056,9.95757675170898,-8.53341579437256,-11.0846719741821,-121.820453658788,-30.3167303670179,-110.365707326299
104.765,-4.92807960510254,-19.8276557922363,-3.11027455329895,-68.1445241416504,64.0016524100117,-62.4919210562504,11.0698852539063,-9.47358989715576,-11.5525846481323,-116.706527102659,-19.4391145288281,-111.860487395968
104.77,-7.90500926971436,-20.5745754241943,-3.28640627861023,-71.9617051329063,55.748622137764,-55.9879383059029,12.4419469833374,-10.4452409744263,-11.5748586654663,-111.626464624435,-2.62953617242981,-111.070077414646
104.775,-11.1435613632202,-19.8138980865479,-2.29221749305725,-74.4609738030515,57.0840026676769,-46.0541248374147,13.6961259841919,-11.0126209259033,-11.2764501571655,-105.446789501164,22.0153286950681,-108.324238915463
104.78,-13.5577116012573,-17.7108936309814,-0.723433256149292,-75.7567221603054,55.785884234781,-38.0252784491997,14.0892896652222,-10.390007019043,-10.9305114746094,-95.95402866814,59.6828281751642,-103.890565049722
104.785,-14.1139945983887,-15.4438848495483,-1.43140828609467,-83.9869908271441,34.6643745850682,-27.078252521117,12.2974147796631,-9.60187339782715,-10.7956247329712,-87.4586052275323,85.2434792570488,-99.8139324926543
104.79,-13.5808658599854,-13.6952362060547,-2.21210050582886,-93.3750448601916,3.23799866544193,-19.1562029707643,9.90771770477295,-9.11119937896729,-10.6518249511719,-79.5902477942451,96.6703652479126,-95.621903889559
104.795,-12.1880989074707,-12.6747798919678,-2.41872477531433,-102.000617555434,-34.9779827208093,-16.4601719185567,7.45386075973511,-8.8922233581543,-10.5982246398926,-72.2734827779498,94.4799918829812,-91.3911959251939
104.8,-10.2465295791626,-12.8110008239746,-0.919006109237671,-106.308725223474,-73.8358817204011,-23.7071460619128,5.90530490875244,-8.72634983062744,-11.0113382339478,-65.4735035346361,79.6740610455504,-87.5132467408924
104.805,-7.81101036071777,-13.0064668655396,1.31803047657013,-108.36887420169,-104.704976315787,-30.9632521681892,5.45600318908691,-8.61136531829834,-11.3652372360229,-59.188028781121,63.7504107315819,-83.9848734685014
104.81,-5.21966361999512,-12.7939958572388,2.64407873153687,-112.793033613917,-127.436235194372,-36.245918547763,5.95890951156616,-8.70207500457764,-11.5887241363525,-53.0881507579227,50.1561656981951,-80.0977991514688
104.815,-2.67589426040649,-12.0971546173096,2.80492877960205,-120.942719708928,-141.054198059652,-38.9272015140053,7.14065647125244,-8.97688865661621,-11.687087059021,-47.2506954328254,40.2734113088473,-75.6392429065812
104.82,-0.790805459022522,-11.0264329910278,2.26257371902466,-134.559794649615,-141.155626368827,-38.0592620554151,7.87258338928223,-9.18023872375488,-11.7562122344971,-42.3631452514531,37.1046987226762,-70.3244678077192
104.825,0.0325976610183716,-10.3802795410156,2.18948125839233,-144.993550644592,-130.568833155307,-33.4826869718589,7.6563401222229,-9.54670524597168,-12.0992069244385,-36.7995668516951,31.1876853541266,-64.3911029662966
104.83,0.120451413094997,-10.2325382232666,2.43877243995667,-156.40813546476,-111.082767906124,-26.784796858522,7.4191198348999,-10.0568351745605,-12.2512979507446,-30.9295759204864,24.7756113367981,-58.7672959584374
104.835,-0.337629824876785,-10.5745134353638,2.89858508110046,-170.120259317938,-83.7361862808212,-18.9780152881498,7.51512575149536,-10.7513332366943,-12.0740480422974,-24.8412494547219,19.3980446013489,-53.8550648884992
104.84,-0.537718296051025,-11.0089673995972,2.9973464012146,-184.966932233768,-54.1444873243894,-14.3269194256541,8.23345947265625,-11.97340965271,-11.7857866287231,-18.2993591544808,21.2188757038786,-50.2406414778498
104.845,-0.695840299129486,-11.5424175262451,2.84699082374573,-196.731550588521,-24.7062251525672,-11.7211399318181,8.9262866973877,-12.9686889648438,-11.5201768875122,-11.9107622048769,27.6379455424645,-47.5640269459052
104.85,-0.877491593360901,-11.9830541610718,2.47207236289978,-206.753036365196,4.14277995097177,-11.0145978433153,9.33953094482422,-13.7986106872559,-11.0212097167969,-6.85993250941404,34.6338094885324,-45.7579302689625
104.855,-1.09760642051697,-12.2314176559448,1.90245509147644,-215.635164626042,32.0818288334676,-12.2459725214155,9.31686115264893,-14.4888782501221,-10.1542863845825,-3.62080323422106,40.1983441147743,-44.787794104916
104.86,-0.979262053966522,-12.4122676849365,1.66698253154755,-223.268775287745,58.0678094553472,-15.5999625265597,8.73759174346924,-15.0837955474854,-9.16207408905029,1.86608836285705,45.8122405181478,-43.8005107509581
104.865,-1.46023058891296,-12.6812210083008,1.62438309192657,-230.269090809605,76.6257817699195,-18.0125697565157,8.17916584014893,-15.5966739654541,-8.4371166229248,6.61623306737528,49.6820993433774,-43.0962772663948
104.87,-1.97409200668335,-13.1738328933716,1.68780994415283,-236.077347076,92.627856315938,-19.6412027508959,7.61368656158447,-16.1015224456787,-7.7343316078186,10.5997782569056,53.0113008844763,-42.2710230750226
104.875,-2.0720362663269,-14.0116863250732,1.79463171958923,-240.175815747845,109.795359209847,-20.5631416850642,7.01852178573608,-16.6567516326904,-6.86000919342041,13.7460289122175,56.7245298116591,-40.995737964522
104.88,-1.7574747800827,-15.0812568664551,2.03628611564636,-242.270525483261,121.286455809098,-20.0748156028069,6.2462363243103,-17.5077362060547,-5.57708168029785,14.772679769004,57.0566989864698,-40.0084238747129
104.885,-1.63603508472443,-15.9433422088623,2.32537508010864,-244.126615729833,136.608332306242,-18.6819146347987,5.38240051269531,-18.545581817627,-4.15148305892944,14.8246045746217,54.2785673528913,-39.4455992116309
104.89,-1.38302111625671,-16.5631332397461,2.61119246482849,-244.379824502744,149.21904717462,-17.1828622818047,4.45353841781616,-19.6975631713867,-2.67340683937073,14.5161805524606,50.2808098203586,-39.40799902025
104.895,-0.580360233783722,-16.8782558441162,2.82977986335754,-241.192830915259,150.690638752056,-16.5726412285247,3.48797345161438,-20.8810882568359,-1.2521368265152,14.5916012088232,47.3450749867767,-40.0625872748311
104.9,-1.13445937633514,-16.523473739624,2.75635957717896,-232.428332172299,142.888418040502,-21.1215591685842,2.43983340263367,-21.791561126709,0.497671246528625,15.578703562768,41.2083924892358,-42.6818384630313
104.905,-2.39597821235657,-16.2231884002686,2.58463907241821,-221.44216413763,117.407482096421,-27.1179649484987,1.22668242454529,-22.3161602020264,1.79186725616455,16.7101192761387,34.081916543217,-46.0722077632423
104.91,-3.63461995124817,-16.0081405639648,2.38474488258362,-208.478615357108,79.5060793731031,-34.158325869462,-0.0212301332503557,-22.5305671691895,2.62303900718689,17.7686619937073,25.3682975869314,-49.9564509668639
104.915,-3.53260803222656,-15.8692951202393,2.26619219779968,-193.439180842522,38.7245600466148,-41.9786431672218,-1.05209863185883,-22.5574054718018,3.01094484329224,18.4159351156873,13.5359049725912,-53.9868772941967
104.92,-1.40059745311737,-15.8355751037598,2.70557236671448,-179.741181820548,22.0648321986251,-46.5214327200486,-2.82774519920349,-22.4033298492432,3.82582473754883,18.2118985821588,1.83948264160574,-57.6463731231791
104.925,0.325003296136856,-15.4209766387939,3.1794867515564,-163.374409323797,15.3066502979372,-47.9105224424999,-4.52184820175171,-21.850212097168,4.47659158706665,17.6392333240301,-6.35218222293082,-60.8721895059061
104.93,1.25470495223999,-14.5165872573853,3.46155953407288,-143.713627835645,13.5004503143833,-47.1930998626493,-6.05624341964722,-20.9299068450928,4.93463754653931,16.4141586416656,-11.5196066626204,-64.318361451636
104.935,1.06906032562256,-12.9377775192261,3.06612944602966,-120.098713233189,7.86868442859369,-47.1789818616349,-7.48950958251953,-19.781005859375,5.31415939331055,13.4762936428363,-16.0107437636226,-69.9302975907178
104.94,1.70102202892303,-12.0610961914063,2.77184152603149,-96.8861104332258,3.07003492224121,-49.359622206999,-8.87194538116455,-18.8066806793213,6.04857301712036,9.25399022624485,-15.8988089159571,-75.1092953590691
104.945,2.76157069206238,-11.3228673934937,2.65720558166504,-76.4615567015157,10.4743367101564,-49.9991977057844,-10.1468238830566,-17.8851165771484,6.73740148544312,4.12654757952241,-13.3325326749595,-80.833683732646
104.95,3.8272385597229,-10.6061105728149,2.75350475311279,-58.8216506038523,30.7003855077921,-48.2459940137743,-11.3582525253296,-16.9903030395508,7.38673496246338,-1.65590978171742,-8.73121437736124,-87.4351025465983
104.955,3.31086540222168,-9.9285945892334,3.12821698188782,-41.5646927223841,55.2660692729026,-43.861128679842,-12.7687969207764,-16.1226482391357,8.42547798156738,-7.30542604849942,-1.90285911314064,-95.4829368607059
104.96,2.73927450180054,-9.12614345550537,3.76586031913757,-19.5854923129307,75.9672900622278,-39.5051823668555,-14.2700471878052,-15.213719367981,9.25017738342285,-12.6444030689117,5.32064863466141,-104.953178560036
104.965,2.1597900390625,-8.3273983001709,4.33798742294312,3.64468328310671,95.3983108168894,-34.7147984566158,-15.380654335022,-14.0867156982422,9.41275691986084,-17.6587318065632,9.24568300866682,-114.627813670279
104.97,1.52522552013397,-7.54909420013428,4.70229578018188,26.4986221775822,114.091165707191,-29.4853973072844,-15.8865337371826,-12.693528175354,8.77013397216797,-22.5631269419761,8.81487907205202,-123.971088983128
104.975,0.329920470714569,-6.57041597366333,4.63996982574463,45.1918441905518,129.485346586889,-25.1632672608786,-15.4963865280151,-11.1899995803833,7.57537078857422,-29.1952645317206,6.55139280092388,-131.995167899302
104.98,-1.03008246421814,-5.64084148406982,4.4925274848938,58.0808824374186,139.433749339445,-22.8717046433935,-14.7947053909302,-9.85063648223877,6.16003561019897,-36.4407633542159,3.36781644245837,-138.988735194262
104.985,-2.34138584136963,-4.93571186065674,4.33877897262573,72.4420176957199,147.867871832252,-21.0063168018132,-14.144097328186,-8.82441711425781,4.64017868041992,-44.6977448908985,0.59514944046356,-145.623061859635
104.99,-3.47534155845642,-4.56062936782837,4.20736694335938,91.8414898066053,156.022612267248,-18.7672954145184,-13.7447004318237,-8.21760940551758,3.11427545547485,-54.1566962875307,-1.12328362611189,-152.287591621518
104.995,-4.19225311279297,-4.5262451171875,3.87149524688721,109.874678196678,150.290225742153,-16.5735923323666,-13.7032203674316,-8.21455764770508,2.35691547393799,-63.4527510875528,-3.26306140427106,-159.974628022909
105.0,-4.50819444656372,-4.63652276992798,3.33677363395691,125.352125912548,135.122042161712,-13.0637596084776,-13.4594831466675,-8.59432315826416,1.49836504459381,-71.1180879779505,-9.52542023631386,-168.137824232098
105.005,-4.64111661911011,-4.76900243759155,2.56356024742126,140.44393431769,111.362095322421,-8.57561839920012,-12.9602565765381,-9.2844762802124,0.850132048130035,-76.9324504334639,-17.8653894251857,-175.439706266192
105.01,-4.75328731536865,-4.82757663726807,1.50570237636566,156.85366870432,79.1561414611666,-3.31814944124815,-12.1475286483765,-10.2463712692261,0.673027694225311,-80.6072288107142,-26.782537773454,-180.763032761895
105.015,-4.81511354446411,-4.71505737304688,0.411796063184738,174.66666545593,44.4222184748748,1.09573384465124,-11.0546560287476,-11.216724395752,1.31414890289307,-81.2922694637098,-38.6541032302315,-187.471043508035
105.02,-4.78766632080078,-4.47644948959351,-0.169572830200195,188.57429664391,13.7461484405279,4.64714587872125,-9.92136287689209,-11.7600402832031,1.69505894184113,-78.2899983423281,-47.2466826966881,-190.837452504637
105.025,-4.69033479690552,-4.05530405044556,-0.363933473825455,198.703234956607,-13.3419327228047,7.2410984731226,-8.88649272918701,-11.8204574584961,1.92092597484589,-74.2056954828223,-53.6877696500635,-191.410109225029
105.03,-4.54210567474365,-3.36665844917297,-0.29923215508461,204.921999252499,-37.1563691037474,8.68459833627591,-8.13206195831299,-11.2906436920166,2.11195826530457,-72.2294212276141,-59.2284703311966,-189.662468722098
105.035,-4.24931240081787,-2.53241014480591,-0.864935040473938,206.004174424596,-56.7023829232754,8.9742786118072,-7.70438814163208,-10.2962589263916,2.57272934913635,-77.8574971037046,-57.1338391429559,-185.448774758956
105.04,-3.91090273857117,-1.86528265476227,-1.49745786190033,205.813612146752,-72.3808465215133,9.26462226946162,-6.83174848556519,-9.21026515960693,2.68338418006897,-85.2805535238636,-53.4132575171315,-181.612530709726
105.045,-3.4516704082489,-1.22650468349457,-2.17863321304321,204.867057210815,-85.3524959063914,9.30592783846727,-5.28171062469482,-8.16386604309082,2.4301860332489,-93.6905654489003,-52.4288223520576,-178.783001902643
105.05,-2.70598578453064,-0.323207795619965,-2.93848466873169,203.657266784266,-97.4895371558289,8.47733966100646,-2.62380504608154,-7.37057447433472,1.81405568122864,-102.271960480591,-62.1010156696722,-177.959158145335
105.055,-2.01524496078491,0.163395538926125,-2.45408391952515,198.235858772082,-110.204917843048,6.43082075216611,0.536951839923859,-7.02853918075562,-0.862080335617065,-113.792911836704,-92.2999047829399,-179.340345338917
105.06,-1.51818335056305,0.23589351773262,-1.41523861885071,193.223633732695,-118.436682321315,4.23347931362084,3.20359539985657,-7.35808086395264,-3.8894317150116,-126.765278391445,-120.855498193227,-179.10208101991
105.065,-1.28829824924469,-0.125571429729462,-0.113582372665405,190.582549844812,-119.963721374433,2.09633852208983,5.01065635681152,-8.33179378509521,-6.80192375183105,-139.230920041852,-143.882046640199,-176.428663016497
105.07,-1.51324021816254,-1.01915907859802,0.87722635269165,194.55524741328,-109.555722022817,0.250716260791761,5.17934036254883,-9.84839153289795,-8.85463809967041,-145.988449659474,-157.634728156668,-170.116434412003
105.075,-2.2477695941925,-2.61180925369263,1.6973625421524,199.321681265195,-95.0160592799897,-0.992925837264204,4.5179181098938,-11.3679695129395,-10.4033164978027,-139.083169389726,-149.278838650614,-158.095834227536
105.08,-3.36165261268616,-5.1797080039978,2.72541666030884,202.71967305652,-83.1936506946688,-1.7657646233372,2.76790428161621,-13.8785181045532,-11.8730049133301,-128.339322806431,-125.40148085949,-142.965107404503
105.085,-4.89281463623047,-8.99598979949951,3.89475727081299,204.591117568347,-75.4374654581207,-2.47724557894016,0.0110037066042423,-17.5541248321533,-12.8998527526855,-116.736443331224,-91.7756467830064,-126.879055682639
105.09,-7.1484751701355,-15.0590963363647,4.51584625244141,206.360519053974,-71.1937528135759,-4.90693681955774,-3.11300992965698,-22.2192134857178,-11.3608551025391,-108.354783521432,-68.7550679213687,-117.295207446844
105.095,-9.40567874908447,-22.1847152709961,2.15290760993958,203.373335820468,-88.2021669413366,-10.5832124868474,-5.01126956939697,-24.5140953063965,-9.83548927307129,-92.7894312709439,-52.8813770260843,-108.143184260945
105.1,-10.1258878707886,-27.1350116729736,-1.8611809015274,193.404415179646,-109.163286673865,-15.6123541972614,-5.75941324234009,-23.868537902832,-8.60897350311279,-75.5371725596246,-55.8992824504761,-103.433639054627
105.105,-8.66589736938477,-28.474193572998,-6.55972909927368,178.218213560175,-126.241498504754,-17.3715291821534,-5.45741367340088,-20.2745876312256,-7.90398263931274,-58.797895205919,-80.4166528724925,-103.577236951737
105.11,-4.49527168273926,-24.1637992858887,-7.46183156967163,179.794949069694,-123.336987880962,-5.74758625731916,-4.98457956314087,-15.9718828201294,-8.64286994934082,-45.4762020411724,-110.275548829255,-99.7193685235955
105.115,-1.68057525157928,-20.9820232391357,-6.32475614547729,205.493494840732,-130.351523856674,11.7602000761341,-5.02105569839478,-13.5453147888184,-10.1727876663208,-34.5930298440928,-131.01491281,-91.0201185777762
105.12,-0.0172640606760979,-18.9441261291504,-4.29524183273315,236.038824809081,-147.445042141493,29.19921921125,-4.91584014892578,-12.2192220687866,-11.2793884277344,-24.9009384778787,-142.694891460559,-80.961319477666
105.125,0.589702188968658,-18.0552387237549,-1.97130656242371,260.883228103652,-174.149183003653,43.3511082092334,-4.28018522262573,-11.6266527175903,-11.3623380661011,-15.6857804383863,-144.991378644436,-71.2040663992226
105.13,1.05925261974335,-17.118803024292,-0.115703418850899,268.432663514024,-190.434252777553,52.903984952237,-2.4428436756134,-11.4307727813721,-11.5752229690552,-4.75248575185625,-140.558886401421,-59.9301220042537
105.135,1.75394797325134,-16.2805671691895,1.09796500205994,269.043582954147,-188.582752418103,61.5022403058939,-0.234578400850296,-11.1276521682739,-12.2550830841064,6.17074038206354,-145.87409863239,-48.2881567715208
105.14,2.45128560066223,-15.7019777297974,1.79507875442505,265.595949347934,-171.967128809131,69.5515977521864,2.06570792198181,-10.8848905563354,-13.038236618042,16.5258441874264,-154.636671262004,-35.6373862587553
105.145,2.9743332862854,-15.5274276733398,2.04380440711975,260.133546540352,-142.367670757802,77.3413670288834,4.24166536331177,-10.8395805358887,-13.6415481567383,25.833875724158,-162.043109831913,-21.406046792799
105.15,3.8166937828064,-15.804759979248,2.60949301719666,250.19499292058,-109.341780007444,81.3530376567554,5.5662784576416,-11.0384159088135,-13.9709167480469,36.0844972720135,-158.679870043085,-5.08364448555655
105.155,4.41756725311279,-16.5295429229736,3.35414123535156,239.61494793396,-78.0496713061921,80.8297700342515,7.38499212265015,-11.3148832321167,-14.1692762374878,51.0747441792917,-148.07994920598,11.3144226573113
105.16,4.61175775527954,-17.4998950958252,4.07802867889404,229.152832993549,-51.6985521863782,76.7168077009883,9.39831829071045,-11.3961515426636,-14.3063888549805,69.4423420462229,-131.435966651575,27.0146412618294
105.165,4.16042709350586,-18.4810543060303,4.52862930297852,219.771855036482,-34.6980440025818,69.9256189111363,11.2449474334717,-10.9244155883789,-14.4651956558228,89.7355239194369,-109.781459774886,40.9914827566691
105.17,2.39543724060059,-19.0193614959717,4.31773614883423,210.607831208211,-40.688464829236,62.2953482119374,12.8469924926758,-9.70623111724854,-14.3336305618286,102.803239914991,-92.4362900002867,49.3877352656228
105.175,0.256618857383728,-19.2630939483643,3.93298006057739,202.576416668868,-55.9827234564716,54.8468732427822,14.178596496582,-8.34735107421875,-14.4244050979614,119.636541652811,-69.3063734704154,60.2077555336364
105.18,-1.77252376079559,-19.3783626556396,3.49076986312866,196.840574068053,-74.2950616779227,48.2653644302604,15.1145782470703,-6.98965072631836,-14.6323337554932,138.350413035189,-40.6318493912058,73.1292713300066
105.185,-2.86326289176941,-19.6507720947266,3.15429210662842,195.749027876415,-85.4740186321042,43.8328687721511,15.3788261413574,-5.83830595016479,-14.716477394104,154.414212000737,-7.34658135334333,86.9202975284761
105.19,-1.63636839389801,-20.4307861328125,2.69460678100586,196.948245170129,-92.6717334511662,37.7103896529892,14.8736429214478,-5.03575277328491,-14.2392263412476,169.055692373521,28.3294970732864,102.091103901558
105.195,-0.0021598737221211,-20.9099578857422,2.27461194992065,197.527021740018,-89.0915190429748,34.6245067708828,14.1448059082031,-4.41304779052734,-13.6919412612915,182.885445744585,60.1995797971999,118.231762985836
105.2,1.47352612018585,-20.8511142730713,2.0038902759552,196.830342444676,-75.296463032895,34.9845397024125,13.2534685134888,-3.90645241737366,-13.1696472167969,196.238643156878,86.9607185879842,135.541279172968
105.205,1.8248702287674,-19.8093528747559,2.15556120872498,193.895314535674,-54.4675177060905,38.5757165642218,12.1642961502075,-3.40253210067749,-12.7723817825317,209.824845642517,106.611480188624,154.853925919124
105.21,0.815124690532684,-17.9914474487305,2.03554129600525,193.492128468968,-42.0577435879998,39.8418526363292,11.0572738647461,-2.73092412948608,-12.3654718399048,220.397964817319,117.850911637716,175.264990027223
105.215,0.379799276590347,-16.0637855529785,1.90262269973755,190.649280793003,-34.6692206042843,37.4269128967716,9.9603443145752,-2.02514743804932,-11.9160947799683,229.072223100965,124.085002878105,196.31680784174
105.22,0.614576578140259,-14.3549613952637,1.78281927108765,184.961864233404,-32.6638053469823,32.6016369651568,8.91271018981934,-1.31223356723785,-11.418496131897,236.307551771786,126.023355923042,217.864319805081
105.225,0.0304655581712723,-13.7320356369019,1.53873383998871,179.512042634272,-41.1280899551639,32.6521393838799,8.06937980651855,-0.584811806678772,-10.87864112854,243.136074375641,123.571495595926,239.688003637322
105.23,0.039791364222765,-12.9676446914673,1.70215594768524,175.348823769096,-52.6900292764864,33.3475789998869,7.61152124404907,-0.146910786628723,-10.5330839157104,248.940177887022,116.633375776648,260.454592752099
105.235,0.328039348125458,-12.1257190704346,2.09598016738892,171.639716861077,-58.2282232781941,33.7009217611245,7.18037080764771,0.21669040620327,-10.0909996032715,253.563833464527,107.622915091487,279.340065807184
105.24,0.726544320583344,-11.2545986175537,2.64802217483521,167.375465837698,-54.1264043985617,33.501555369441,6.69181728363037,0.542499184608459,-9.45655727386475,256.941607895908,97.8108360845755,295.448684474066
105.245,0.681168913841248,-10.584587097168,3.21024513244629,156.657806199681,-38.0442390543356,33.8644569804222,6.45289611816406,0.549292027950287,-8.68701362609863,259.274199459737,91.2424958767735,304.351180359017
105.25,0.229742556810379,-9.61831188201904,3.92729783058167,142.953345818752,-26.84161549468,33.2019866875389,6.45677661895752,0.514846205711365,-8.42607021331787,262.338331604432,80.9650487609528,315.878599904274
105.255,-0.521842062473297,-8.58427333831787,4.58881425857544,125.211219109971,-18.5276531048466,31.3543556302533,6.65739440917969,0.298268765211105,-8.21193218231201,264.928120771647,66.4874997584378,327.588412821128
105.26,-1.51943421363831,-7.59344434738159,5.07503890991211,102.543665405774,-12.226532949264,28.237077783627,7.0485954284668,-0.178042083978653,-7.87126731872559,266.607636967797,47.8257222288596,338.231104302815
105.265,-2.49414086341858,-6.54036951065063,5.28438329696655,72.9922304144995,-8.19824703246233,25.0325152420498,7.76046133041382,-0.790304481983185,-8.62427425384521,271.460459052334,34.129943018366,348.336778991199
105.27,-2.70842504501343,-5.46051406860352,5.26347255706787,41.1389328804713,-3.46095930528301,21.6695759815456,7.82438611984253,-1.49528050422668,-9.03469085693359,275.440765451537,15.4220053628296,358.317597821555
105.275,-1.34768843650818,-4.06433057785034,4.98125553131104,8.57457167270982,5.42392024113836,16.7698766011872,7.84398794174194,-1.84767508506775,-8.25215148925781,279.532513217239,3.74588150028374,366.354189644289
105.28,2.33285284042358,-2.10199546813965,4.39701890945435,-23.4782459322582,21.4471611165079,9.14224662387615,8.2969856262207,-1.47148311138153,-5.52679395675659,284.525709349598,9.11810873534932,370.879517818503
105.285,4.13343620300293,-0.517111957073212,4.65423107147217,-36.5334968325772,36.601785063899,9.90728245243094,9.07840633392334,-0.952031135559082,-6.70951557159424,285.424207074535,-13.4737545200123,371.858803020942
105.29,2.61680841445923,0.0518069639801979,4.67203712463379,-48.0061041097451,46.6129231039809,13.7596944131994,9.44801712036133,-0.728548943996429,-7.03865098953247,287.909904158799,-27.0714940489333,371.415496423052
105.295,0.663659751415253,0.411547601222992,4.45619916915894,-60.1316330753366,51.4749215476682,17.2700172031614,9.64356231689453,-0.940673649311066,-7.17083930969238,290.342981465698,-34.9188503580699,369.358134162017
105.3,1.85974013805389,1.55967390537262,3.99598526954651,-75.7690984630815,50.7846114037279,16.103122072147,9.95035171508789,-1.79735493659973,-7.91593933105469,290.659137261999,-40.6489590150767,365.322011456917
105.305,2.38278651237488,1.77818024158478,3.93428158760071,-92.3189405201567,63.5693970581982,17.0117421374338,10.1811780929565,-3.04719233512878,-8.58959293365479,290.805275989481,-39.8925941116732,355.732070692382
105.31,1.84756052494049,2.08239412307739,3.31547141075134,-103.556923969145,63.9241161025537,18.361665847637,10.3952922821045,-4.04388761520386,-8.93777370452881,289.717308816968,-38.6332096815604,342.300612972578
105.315,1.39810645580292,2.64608407020569,2.55113816261292,-111.391752003797,57.8294221929354,17.9097907774327,10.6658535003662,-5.07081270217896,-9.0874080657959,286.504196586097,-37.0032738285961,326.193524268071
105.32,3.25166749954224,3.71893286705017,2.50639796257019,-119.736918112854,58.6650411963731,11.3883987286644,11.1311807632446,-6.73609590530396,-9.28483295440674,279.36593856376,-34.5849565604939,309.157994289305
105.325,3.2153947353363,4.04080247879028,3.5217022895813,-131.618346362793,83.7123079394829,8.92602076400012,11.7696771621704,-8.32790660858154,-9.71988105773926,274.679035434541,-30.3615364079732,296.779505852708
105.33,2.37148499488831,4.26599264144897,4.25125885009766,-143.430502834169,108.202381510481,7.95773472744503,12.18421459198,-9.33574962615967,-9.83419799804688,268.158772928307,-19.4981222406152,280.29066421511
105.335,1.19855582714081,4.42294692993164,4.52041387557983,-155.669341222997,128.336276542061,7.94020419316654,12.1637153625488,-9.63428497314453,-9.72423076629639,258.840455126685,-3.45648062217819,260.51844136046
105.34,0.665512084960938,4.35028028488159,4.26860427856445,-171.12742535257,141.67321810413,8.31194065383907,11.1989908218384,-8.98004245758057,-9.85320281982422,245.221686299083,12.2235729160324,242.758255631513
105.345,0.641804754734039,4.13278770446777,3.67950510978699,-184.339565698124,143.311302372774,10.4057197759808,9.25364398956299,-8.10949802398682,-9.8458137512207,228.995328831289,26.9645145035106,229.891709197583
105.35,0.709465742111206,3.66930055618286,2.40138268470764,-189.663001476854,136.067053474897,12.6713567029239,7.17119789123535,-7.010826587677,-9.67513561248779,210.777684352491,37.5535924153078,218.439421733196
105.355,0.718051970005035,2.90130758285522,0.463367789983749,-186.247182891795,121.211419350876,14.717403048051,5.13035011291504,-5.72008562088013,-9.36839008331299,190.391728019781,42.4601749188023,207.024495403569
105.36,0.38346403837204,1.65692746639252,-1.64686179161072,-175.765697534899,101.858809167886,16.2672805462064,3.12150049209595,-4.41736507415771,-9.07953357696533,166.395210748396,37.754072127826,192.700892034757
105.365,0.0074886921793222,0.260471373796463,-3.58840990066528,-161.545230022554,83.9241462565908,15.6529340586677,0.907147347927094,-3.14425301551819,-8.92950439453125,140.259956342206,21.6500074895736,173.917257100196
105.37,-0.254617989063263,-1.21589124202728,-5.03661918640137,-145.171559034741,70.2639728222404,13.0457902345449,-1.03546798229218,-2.12383937835693,-8.58291244506836,112.591399599429,-0.936369416337266,151.199774713167
105.375,-0.380499273538589,-2.75540900230408,-5.82992792129517,-127.141922343036,61.9674376600743,8.53565240104544,-2.38601613044739,-1.45342659950256,-7.98670816421509,83.6835391826988,-28.168017740929,124.652974088727
105.38,-0.646722793579102,-4.40255928039551,-5.69198179244995,-107.611686260491,58.8237338115492,2.86769953270287,-1.96221280097961,-1.23476076126099,-7.68794775009155,54.6065496217407,-57.2460864717759,94.6492508008033
105.385,-1.04392826557159,-6.41773700714111,-4.93271684646606,-92.7145723976405,56.6228897666202,-1.47943103377752,1.04809236526489,-0.980603635311127,-8.86213779449463,32.8509115491056,-86.8522825047211,62.8260129293124
105.39,-1.41394305229187,-8.56364250183105,-3.64577436447144,-74.7837412224696,53.8506799070521,-7.29703857619865,4.72325658798218,-0.435689896345139,-11.0983018875122,13.7706244234187,-114.474127583765,32.7334459557597
105.395,-1.66790461540222,-10.7030477523804,-1.8769838809967,-49.9336381350361,49.7089180811535,-15.9277313519975,8.0954008102417,0.543250858783722,-13.9348516464233,-4.93145762556491,-135.920928407794,7.18598994557799
105.4,-1.7361181974411,-12.489501953125,-0.0893773883581161,-24.0929270990662,44.7864144067036,-23.5506356921765,11.3334474563599,1.8193074464798,-11.9055109024048,-23.1423628420863,-101.612942848333,1.38588924521666
105.405,-2.05867695808411,-13.391978263855,1.21934759616852,-0.144722290322035,42.6233105720335,-29.3074367284597,13.4687662124634,2.74120283126831,-8.96989727020264,-34.7279397405789,-77.7422444916498,-2.06927709915482
105.41,-2.62100124359131,-13.3555021286011,2.14015007019043,19.398413431564,42.4698601270454,-32.8963596278429,14.9205417633057,3.08987259864807,-7.14253520965576,-45.7500311551874,-58.0350382077095,-7.14042618051166
105.415,-3.42616653442383,-12.2788352966309,2.72167563438416,32.2669884316775,43.8523621320423,-33.9444863069272,15.9805612564087,2.65586400032043,-8.0946741104126,-60.9988758546315,-37.7527982975458,-17.0790621894407
105.42,-4.30537843704224,-9.96273708343506,3.34141278266907,33.3004711851813,45.8008443475177,-30.9646352814961,15.3209371566772,2.0730242729187,-7.3732123374939,-73.6882608418696,-13.4017626186131,-28.2997669673767
105.425,-4.84351253509521,-7.41924238204956,4.34947443008423,33.178951874563,48.5226098449706,-24.8783698253137,14.3893003463745,2.04151964187622,-8.29937934875488,-90.8955973990177,11.3953177102937,-41.3330331963047
105.43,-4.89933204650879,-4.78506374359131,5.65377187728882,34.0591515227134,49.633994321053,-16.4641470886536,12.8112916946411,1.73235559463501,-9.06395149230957,-110.24152082681,41.0828604424801,-54.9239041162416
105.435,-4.25828409194946,-2.22499108314514,7.16139221191406,38.7278556128893,46.0162480233724,-6.52094467137761,10.0668411254883,0.0826156213879585,-7.38137149810791,-128.90106488453,81.6210611099759,-67.5385429282977
105.44,-3.29310584068298,-0.314941853284836,8.4854736328125,41.9003828597118,44.9808596470901,7.74806158030398,4.19067907333374,-6.24515962600708,-1.67453265190125,-149.667230527578,144.479797475602,-76.0555292761152
105.445,-2.29206895828247,0.649492502212524,8.64363956451416,44.9238958694122,66.3230219730347,23.5566291831732,-3.11298274993896,-18.0925254821777,5.9783411026001,-161.767866868739,194.857155434973,-87.2817238185965
105.45,-1.03395116329193,0.633854627609253,7.28217029571533,49.16935362729,106.069415885524,38.6422767576836,-11.648567199707,-33.6719512939453,12.3976335525513,-165.012602875467,227.163717982702,-100.811003507693
105.455,0.957810342311859,-0.499193698167801,3.67430257797241,57.2211733567783,156.545217361403,48.9353991576495,-21.3545761108398,-49.9008102416992,11.6477165222168,-159.242377102371,232.570126899469,-115.399816291787
105.46,2.24413824081421,-5.64880657196045,-0.124563694000244,67.3845563134598,168.441849612434,40.1766480188757,-22.8127899169922,-46.0384559631348,6.43251180648804,-139.343645483914,141.898464082579,-136.797801753818
105.465,2.31945323944092,-14.2108716964722,-2.60081100463867,70.5519472580265,138.781138424628,19.1027516178671,-19.4909133911133,-36.4373550415039,3.35377955436707,-124.096136086453,39.0674696938953,-147.476597615458
105.47,1.06937086582184,-25.2639179229736,-3.8608877658844,67.838135515862,71.4538259266025,-10.2615387514701,-12.2274913787842,-23.851936340332,2.07869148254395,-118.064013539821,-50.7217873237422,-147.554939885238
105.475,-1.77550709247589,-36.5734405517578,-4.65430688858032,65.2633112931181,-24.5627467837674,-39.4112536053895,-1.84261405467987,-10.8046855926514,-0.597651958465576,-128.533587046805,-83.4874239610602,-142.788574335215
105.48,-6.71877479553223,-43.2797241210938,-1.96083390712738,81.1486715665994,-85.3823165123077,-58.1452706307243,2.88827753067017,-6.7971076965332,-1.36325800418854,-135.687568164611,-84.7302861635707,-146.318593683196
105.485,-11.1577291488647,-42.4963569641113,0.794975399971008,103.724953452917,-119.336942235058,-61.4320737725503,6.84815454483032,-4.2241358757019,-3.08239555358887,-144.107156014864,-81.1214054514327,-154.267431235473
105.49,-13.8813142776489,-33.3009452819824,1.88863205909729,127.544001919097,-131.076767003124,-44.0372451075908,10.984992980957,-1.17493689060211,-5.90133476257324,-155.560140158547,-75.333305073278,-165.825313424429
105.495,-11.840633392334,-14.2754573822021,-3.30292320251465,138.950308549991,-133.97054056954,13.4349744134523,14.8397159576416,3.6626410484314,-7.63839769363403,-173.715083500764,-53.1667696503641,-181.090745238272
105.5,-6.2062816619873,0.604895412921906,-4.10578775405884,106.164253062149,-93.6139512169803,52.9608804280233,17.7204551696777,6.90246105194092,-9.82325744628906,-192.068484819505,-20.1552752312296,-184.269296711943
105.505,0.065193809568882,8.19311237335205,-2.04570460319519,79.508046467584,-46.573635855875,63.6505738564838,19.2791538238525,7.50577640533447,-12.3906059265137,-203.38698253843,10.251281514884,-181.866641067607
105.51,5.66357088088989,7.80042171478271,1.76977288722992,74.5117221085847,-5.24350207487294,44.4419133253465,19.1741790771484,5.03496742248535,-14.924614906311,-204.880936155209,35.3407511431016,-176.329707235802
105.515,8.07829666137695,4.39394569396973,1.96027803421021,75.4969222548457,30.1123506164836,23.9939098466685,15.9601793289185,-0.495249032974243,-14.1826190948486,-195.884019735171,71.0543349922376,-170.738678305769
105.52,11.5165376663208,6.89046669006348,-1.66120433807373,34.1857593242633,13.8803326294147,-2.60919330776058,12.1956071853638,-3.93742847442627,-13.9654397964478,-180.383424508204,105.944129725578,-164.073178657024
105.525,13.5993671417236,9.19782257080078,-3.84403824806213,2.26600597060164,-32.2853923763961,-26.4045090010086,8.73659992218018,-5.33826351165771,-13.9830751419067,-166.127767861255,131.908820647815,-152.470312842195
105.53,12.7312726974487,8.19091606140137,-1.98120284080505,6.20811346965456,-89.0294121328518,-40.4985445891747,6.03576517105103,-4.74683570861816,-14.0242519378662,-157.156300726065,143.800999615508,-133.564554125274
105.535,4.14828443527222,5.6826548576355,-0.466014236211777,22.0551623583077,16.2647311780987,-8.76356129949678,3.80116319656372,-4.64437007904053,-12.80628490448,-151.319084457589,134.855036406678,-106.410918513835
105.54,-2.31586980819702,3.66411066055298,-1.78123259544373,-2.43611396631493,121.264790449051,7.15714050718433,3.16614603996277,-5.46909809112549,-11.7884845733643,-146.940250180694,112.312727881292,-85.7768282387676
105.545,-6.02920246124268,1.57178568840027,-4.4297080039978,-44.3519085075587,190.808943295042,6.89894142731128,3.62114143371582,-6.73506021499634,-10.903733253479,-143.344906903491,82.1900500187838,-74.6952492915829
105.55,-6.32028579711914,-1.04733431339264,-7.30145978927612,-86.5215101035957,194.740523124706,-10.8189095084998,4.82730674743652,-8.08248710632324,-10.1067571640015,-140.043862817245,48.8111614317416,-76.1650308688888
105.555,-5.47933673858643,-7.59526300430298,-8.08572959899902,-102.857451126434,170.796734913714,-33.4547754038156,6.83683824539185,-10.1166944503784,-10.1711435317993,-135.348380970428,37.423033349323,-88.8129497776758
105.56,-4.76497220993042,-14.9908723831177,-5.38166618347168,-97.419193037567,132.397302116876,-51.1524239207223,7.69123077392578,-11.8338136672974,-10.3049459457397,-130.596932553552,33.5629314493228,-97.9344078670394
105.565,-4.97988986968994,-22.0965766906738,-1.70614910125732,-77.9918947360029,87.8265270275534,-61.4827947573269,7.98726272583008,-13.0501594543457,-10.4190340042114,-124.361871426301,33.7342325937067,-105.319447454278
105.57,-7.20409107208252,-27.4608039855957,-0.146684229373932,-53.2808508849763,47.0181753029107,-60.8272878423024,8.43178176879883,-13.4964303970337,-10.3999118804932,-114.735402810085,33.8538565268303,-113.083494238561
105.575,-10.9987201690674,-27.1371212005615,-0.178857803344727,-56.3838912022777,37.4472258793632,-46.426916562314,8.96314239501953,-12.281102180481,-10.3824768066406,-104.880512177456,39.5992989585237,-112.570799748892
105.58,-13.6790885925293,-24.0390281677246,-1.64133906364441,-69.4892859363884,30.9751981690476,-32.5132406569185,9.00350761413574,-10.982666015625,-10.2767744064331,-96.2900534847371,43.4248605918912,-109.438420354011
105.585,-14.8085765838623,-19.4198684692383,-4.11354732513428,-87.6336424853922,21.4224904732258,-22.3800488439158,8.75160694122314,-9.91067218780518,-10.017370223999,-89.2791784904209,42.6791200477417,-104.74569107343
105.59,-13.6792497634888,-15.187596321106,-6.92186260223389,-103.817987459602,-0.281958426509472,-21.1681171530616,8.61403942108154,-9.50931739807129,-9.4735746383667,-84.4541689361838,32.6514461196792,-99.7400161854564
105.595,-11.9042196273804,-14.3038511276245,-5.64481639862061,-113.369187391164,-46.679193014403,-24.8988535626345,8.63234233856201,-9.34648895263672,-9.60953426361084,-80.3989353617855,21.6754072555495,-95.8937180977688
105.6,-10.1564254760742,-14.3582067489624,-2.79501223564148,-107.633918526239,-90.5172937114583,-30.7267397927046,8.7526741027832,-9.17272186279297,-10.0148029327393,-75.1169383407503,16.8658031929854,-92.0699391437747
105.605,-8.3018102645874,-14.5903081893921,0.779508352279663,-93.3781662566423,-127.130420304474,-36.5718483447668,9.02334308624268,-8.95124530792236,-10.523491859436,-68.8554990229245,17.849220659873,-87.9149301659809
105.61,-5.69596576690674,-13.68088722229,3.59127306938171,-92.656939261424,-152.198143464148,-37.4197958396564,9.61813068389893,-8.66146278381348,-10.8116798400879,-62.971065656716,21.4788087980272,-82.7828421368492
105.615,-3.03524374961853,-12.0814342498779,4.28237009048462,-107.616194185343,-156.541214870549,-32.6511490064503,9.58063697814941,-8.55261707305908,-10.7719116210938,-56.7852911745156,28.6673216447298,-74.960725084243
105.62,-0.773941099643707,-10.3949556350708,3.80075430870056,-126.109388985827,-155.221745266308,-27.3985713177177,9.23253536224365,-8.66829872131348,-10.8191556930542,-51.2070995850283,32.6893775752348,-66.8463100861061
105.625,0.881258308887482,-8.97381782531738,2.66557002067566,-144.037419783438,-151.422807710325,-22.3467260585026,8.75461101531982,-8.99740600585938,-11.0389614105225,-46.3186034224559,33.3702449826475,-59.1906652341406
105.63,1.42012393474579,-8.85938549041748,2.35153102874756,-154.417709057592,-144.936600527292,-15.5580695612854,8.66884899139404,-9.44454193115234,-11.4155855178833,-41.5940591207205,36.6199158010508,-53.100936872049
105.635,1.52186441421509,-9.38935089111328,2.40263080596924,-165.468203813864,-123.689425642135,-9.21351281767606,8.80117607116699,-10.437126159668,-11.5329246520996,-35.7660636076237,41.6030954609924,-48.4154578372715
105.64,1.16031467914581,-10.277587890625,2.37234210968018,-177.423753276676,-94.8688140618626,-4.96427412320589,9.18094158172607,-11.5761604309082,-11.5087232589722,-30.8087396287852,46.2173936793346,-45.0949169760402
105.645,0.388445466756821,-11.3461446762085,2.12132501602173,-189.986643160485,-61.7037308864093,-3.66592474453863,9.71975326538086,-12.7107429504395,-11.329607963562,-27.0151654788482,50.64428516723,-42.8768403638352
105.65,-0.182202845811844,-11.8686904907227,1.78315806388855,-199.903053306968,-32.1536141216444,-7.09838038975471,9.56793308258057,-13.6942853927612,-10.6001777648926,-21.0834876941506,62.2094107718003,-39.4282983424633
105.655,-0.815740644931793,-12.4333715438843,1.34863770008087,-208.437593240953,-2.95874040481044,-11.8211740286284,8.95337581634521,-14.5073623657227,-9.82309341430664,-15.5502677777059,71.4126808670423,-36.8391443828407
105.66,-1.17267262935638,-12.9226865768433,1.08269333839417,-216.486588687219,25.5037402381727,-16.7064224362505,8.11069297790527,-15.2790765762329,-9.01657295227051,-10.4333726506093,78.6863268991073,-35.0722051804097
105.665,-1.0544844865799,-13.2958612442017,1.1407116651535,-224.405004576934,52.9974390155557,-21.0267629730936,7.15000581741333,-16.0760459899902,-8.16740703582764,-5.78194296261797,83.9805089776217,-34.1426574155059
105.67,-0.389732420444489,-14.0105600357056,1.63424444198608,-230.552926150754,79.5827209257798,-22.2421148811747,6.05283212661743,-16.912223815918,-6.89421939849854,-1.89445520569718,84.2215736741882,-33.8547273759495
105.675,-0.199303224682808,-15.0040378570557,2.20371723175049,-234.568940778938,100.201101765756,-20.1228301251248,5.06658267974854,-17.5948829650879,-5.65254020690918,0.851371180571895,78.066220854551,-34.6597300564326
105.68,-0.3167484998703,-15.9931259155273,2.75491452217102,-236.455684914505,114.072915441729,-16.2732433013518,4.10488367080688,-18.2269306182861,-4.39377212524414,2.85421161663939,68.3955882351617,-36.2578713788105
105.685,-0.628438472747803,-16.7521781921387,3.21172952651978,-236.0849149256,120.164556256788,-11.8643408241829,3.10049104690552,-18.8871650695801,-3.07818913459778,4.38589028919462,57.2876174370242,-38.4591013294276
105.69,0.693315744400024,-16.8518676757813,3.89828991889954,-232.574716786591,126.626557249402,-8.67942019911139,2.13916921615601,-19.6612873077393,-1.78387951850891,6.06502911739243,46.0765893295948,-41.631358783778
105.695,1.18445777893066,-16.4407348632813,4.54290723800659,-224.757018866378,134.009377025161,-4.70736936418055,1.16894066333771,-20.3006420135498,-0.658946990966797,7.45431648844288,33.7535551988687,-45.726053776106
105.7,0.913839042186737,-15.8114528656006,4.88171100616455,-213.542681532295,135.664277219541,-2.18103030647705,0.130711629986763,-20.7662029266357,0.289714008569717,8.61783750600726,21.4271008509156,-49.9926031581408
105.705,-0.0906321704387665,-15.314962387085,4.55964756011963,-199.814779942135,122.79708874783,-4.01697896551754,-1.05499482154846,-20.9955635070801,1.03988206386566,9.61874111094375,10.4898045273056,-53.5011791272225
105.71,-0.0682103633880615,-15.1820373535156,3.85558557510376,-186.028835404408,108.523673609039,-11.1570021648682,-1.89683640003204,-21.0357398986816,1.56105995178223,8.78010487144019,-0.235857824582632,-55.6122847317413
105.715,0.107363268733025,-15.1886568069458,3.35288882255554,-170.679241999612,97.8467355588531,-18.0926400641558,-3.07036256790161,-21.0849761962891,2.3104305267334,7.22281234916718,-9.46768464725975,-57.1720301457
105.72,0.454065173864365,-15.1643533706665,3.12527823448181,-153.08408730139,90.3327420000845,-24.544793631534,-4.44003200531006,-21.1251621246338,3.25714516639709,5.38613264644208,-16.367610902472,-58.4530389547251
105.725,1.11594212055206,-14.8064575195313,3.27998399734497,-131.873467588671,84.9666175390423,-30.5135866641814,-5.6985650062561,-21.100154876709,4.31540203094482,3.95496981247711,-19.2372260897936,-59.853439470442
105.73,1.71929109096527,-13.7234954833984,3.2593789100647,-108.486688134683,80.7381840276708,-36.3440478755686,-6.59106588363647,-20.5447559356689,5.22445583343506,0.889563784141608,-22.3845840895247,-64.1069944175808
105.735,2.02264285087585,-12.4813394546509,3.02728009223938,-87.4611187371469,78.7346914686202,-41.3238192711144,-7.23656034469604,-19.758186340332,6.25659465789795,-2.75007214925103,-21.273658943664,-69.1010101726407
105.74,1.97639286518097,-11.2525453567505,2.68544578552246,-69.0808201334541,80.0744330743182,-45.0508417653261,-7.71600532531738,-18.8188972473145,7.38637113571167,-6.80274546992764,-16.2376409403031,-74.4594779916233
105.745,1.49226212501526,-10.3345336914063,2.53308200836182,-52.7626922439716,87.9192263549688,-46.5006279638367,-8.20653533935547,-17.8324317932129,8.44961929321289,-11.2225403912754,-9.53843516177732,-79.8900043063495
105.75,1.10184752941132,-9.7394380569458,2.70346570014954,-36.0733538183826,101.755932858607,-45.9832343040191,-8.90177059173584,-16.9124355316162,9.05627250671387,-17.9833211789425,-0.294107652176058,-86.8652052226308
105.755,0.554755508899689,-9.04558086395264,3.14702153205872,-19.4440151895576,117.974182891857,-44.0984436025541,-9.89912223815918,-16.0420703887939,9.66327571868896,-24.4134832447405,13.3837625088292,-94.8231405868827
105.76,-0.185052812099457,-8.21044445037842,3.78110671043396,-2.49696241408328,134.855405236893,-40.986134718549,-11.1418533325195,-15.1712245941162,10.17640209198,-29.9632885680372,29.8797007129746,-103.510232795979
105.765,-1.03536403179169,-7.45729064941406,4.26962995529175,16.9616478225136,147.989995614611,-36.6993474860035,-12.2677736282349,-14.0829105377197,9.69898796081543,-34.738909024386,39.7664063667572,-112.305037088287
105.77,-1.90702867507935,-6.66626214981079,4.53937387466431,37.0959287597819,154.678854510318,-32.1736846325205,-12.8611135482788,-12.8767910003662,8.52830410003662,-39.9948932699671,45.9219538467857,-120.475712354617
105.775,-2.70504379272461,-5.92988300323486,4.50921249389648,58.3208747942853,156.270452511471,-27.3635102491607,-13.0702571868896,-11.6587381362915,7.21451091766357,-45.3073597648897,49.4147486637902,-128.000914253814
105.78,-3.39036059379578,-5.29936027526855,4.15957069396973,80.4184765330009,153.037846920709,-22.2580582502448,-12.9730319976807,-10.5205364227295,5.97174501419067,-50.7495247219616,50.4739436644245,-134.965166376856
105.785,-3.93026471138,-4.91624593734741,3.63192439079285,100.230854069781,144.731599229543,-16.9677727946518,-12.8800468444824,-9.90829563140869,5.03594923019409,-58.0586911528052,48.6603167039218,-142.264603203227
105.79,-4.28855991363525,-4.82928943634033,3.31366586685181,112.199401382584,135.714205902374,-13.3185828673534,-12.7439622879028,-9.3892765045166,3.57681131362915,-65.7535617811741,43.4885111247665,-149.817685934615
105.795,-4.51112651824951,-4.87777948379517,3.18184781074524,123.100772618707,121.685707686842,-9.60531893545103,-12.5100727081299,-9.25251960754395,2.12971472740173,-73.3374281751519,34.4798741001132,-157.597421663421
105.8,-4.60996961593628,-4.97434091567993,3.2117908000946,136.276521716363,100.202645388509,-5.03317237579792,-12.1418933868408,-9.67520999908447,1.01756012439728,-80.2573045591561,21.6919380208883,-165.401390903403
105.805,-4.50105905532837,-4.93753623962402,2.99082827568054,148.563417316191,73.1443045763698,-1.55876314737868,-11.6002616882324,-10.7185335159302,0.954373061656952,-81.3894903763557,14.5442867808952,-169.615549319409
105.81,-4.12354946136475,-4.61123323440552,2.18587017059326,161.900714048096,41.668422805309,0.598203282074496,-10.8073692321777,-11.6814022064209,1.16253781318665,-78.6022199496678,6.75607905619717,-173.797018450048
105.815,-3.53303194046021,-4.0722975730896,0.940018177032471,176.904098824243,7.94080951868174,1.53557188038214,-9.8792028427124,-12.3403663635254,1.21914863586426,-74.66046313814,-1.01017878838595,-177.62706068751
105.82,-2.76070976257324,-3.36889004707336,-0.659824252128601,194.165626102266,-26.452584995029,1.25654979488554,-8.8997974395752,-12.4989748001099,0.778328359127045,-71.6942485853869,-8.22583928916189,-180.83047404976
105.825,-2.14854788780212,-2.81507635116577,-1.47943472862244,206.082844543456,-49.1143466988093,1.62922391246506,-8.38535118103027,-11.9361009597778,0.788689970970154,-71.7649410432965,-15.9279260123889,-182.001031869717
105.83,-1.85900032520294,-2.32103323936462,-1.50170660018921,210.445354668235,-62.0009397379532,2.59215540087598,-7.9404239654541,-10.9661931991577,0.815814018249512,-73.6272399318247,-24.4690417109967,-181.180002150346
105.835,-1.86104309558868,-1.86260938644409,-1.19067418575287,208.772764283904,-65.4007551897863,3.56623023619607,-7.37072896957397,-9.70087337493896,0.672507762908936,-77.3828945790371,-33.310965770841,-179.085224113038
105.84,-2.13812732696533,-1.41220140457153,-1.1037163734436,202.510109192406,-58.9463971788535,3.82469974887157,-6.42256593704224,-8.25766086578369,0.110470458865166,-83.305426740436,-41.8006211166946,-176.520597362725
105.845,-2.3854513168335,-1.14072251319885,-1.64455151557922,199.363536664429,-48.806598865376,3.23757305927928,-4.53289222717285,-7.29487037658691,-1.16029870510101,-95.6629328359032,-61.2619542508928,-178.616413588787
105.85,-2.71494817733765,-0.891217648983002,-2.54919409751892,200.200344120782,-43.6956058754959,1.40456180846871,-2.08917689323425,-6.88106775283813,-3.45326399803162,-108.848292009722,-93.2614246633484,-181.880793219568
105.855,-3.08771014213562,-0.80396842956543,-3.44502520561218,203.110510141206,-45.6126658056946,-1.53368258602469,0.433024168014526,-7.06311893463135,-6.54513597488403,-121.818336300145,-135.122383671171,-185.116349452051
105.86,-3.42278957366943,-1.17837333679199,-3.65289044380188,204.601963908749,-58.1683498399298,-5.38486778078516,2.1817045211792,-7.98532629013062,-10.0639381408691,-133.164031832345,-182.646471085904,-186.418880187151
105.865,-3.68749785423279,-2.69726371765137,-1.8544956445694,201.968775719547,-75.0981143393978,-8.09708339311798,2.03872656822205,-9.60827159881592,-11.2297706604004,-136.644832837167,-205.658648814863,-177.93920033258
105.87,-4.1693902015686,-5.38725328445435,0.643769025802612,199.950673385862,-88.4137593716344,-8.8789103879736,0.947796881198883,-12.7407379150391,-11.4859886169434,-129.202344528819,-191.200313134483,-162.287890151388
105.875,-5.01183557510376,-9.40668106079102,3.25127553939819,199.542665205602,-97.5252180640531,-8.12962326809757,-0.700667440891266,-17.123046875,-11.1195240020752,-114.637457897387,-150.378034654123,-143.211212780677
105.88,-6.56012010574341,-15.3273468017578,4.73481464385986,202.062171726258,-103.238562021742,-7.15934238941801,-2.16475963592529,-21.8192863464355,-10.3836278915405,-104.47197807263,-117.817375408892,-130.346742724255
105.885,-8.71972751617432,-21.5936737060547,2.92814922332764,198.30795824896,-109.939619635307,-6.02516813339624,-2.37671780586243,-23.9234752655029,-9.1937837600708,-87.9818318689011,-90.0298572613403,-116.186285253958
105.89,-9.69456005096436,-25.5727157592773,-0.400985032320023,186.975663547912,-117.055331203193,-2.44397039140773,-2.13875341415405,-22.7597198486328,-7.80752897262573,-71.387839469031,-81.4714526463959,-107.086806713343
105.895,-8.91060161590576,-26.3865737915039,-4.27742719650269,172.059063155359,-123.885370109044,4.97009557881285,-1.77105045318604,-18.7757205963135,-6.56566762924194,-56.9092522777621,-92.3782197319632,-102.825233124119
105.9,-5.48519229888916,-22.5713596343994,-5.91816186904907,173.500192089097,-127.73448223467,20.4011757017284,-1.9655886888504,-14.7366533279419,-6.8010835647583,-48.6817327620644,-109.395793143401,-96.0035680301901
105.905,-2.57927918434143,-18.9065628051758,-5.55692052841187,195.475028007671,-145.760321341196,36.5266461528397,-2.38336706161499,-13.0082912445068,-8.13491916656494,-42.5759193044774,-124.323513083922,-84.8562280216766
105.91,-0.398867547512054,-16.2547607421875,-4.19711780548096,220.489926484304,-174.099213339686,49.1144286610793,-2.67186284065247,-12.3772964477539,-9.42510509490967,-35.6715713555512,-135.697840769123,-71.5787774072787
105.915,1.02495276927948,-14.8937540054321,-2.2258448600769,241.156139139038,-208.30652191078,56.6544384103965,-2.65988445281982,-12.3672618865967,-10.2482652664185,-26.496163309481,-142.763562182474,-56.8170515541561
105.92,2.1913480758667,-14.4205713272095,-0.230080649256706,245.711328900303,-220.872348775933,59.588728658969,-1.97966146469116,-12.2292833328247,-10.368989944458,-11.4997333734566,-144.392070525902,-40.2324643247731
105.925,3.2555615901947,-14.4527997970581,1.39545059204102,243.904224770458,-207.296200328752,61.8403278396204,-0.65480774641037,-11.6536588668823,-10.5949897766113,4.88890085128068,-142.039944621047,-24.0548009831192
105.93,4.20538377761841,-14.8648262023926,2.66762685775757,240.236221940864,-179.299077335951,63.5123854691961,0.803625047206879,-10.988130569458,-11.0689888000488,20.061693101864,-138.753599101895,-8.18556422494727
105.935,5.02762126922607,-15.6014280319214,3.57265496253967,236.911722985009,-142.858693057234,64.6172641900941,2.12341618537903,-10.4327611923218,-11.8776893615723,32.6538264406049,-136.294881264852,7.41774680185299
105.94,5.71517467498779,-16.4821281433105,4.05527305603027,232.708151362216,-108.644622598861,64.9767097253552,3.12600684165955,-10.3750839233398,-12.9778509140015,44.0909030737104,-138.370575753619,22.8928935977462
105.945,6.05191707611084,-17.0771141052246,4.29641056060791,227.494039591342,-79.1346946671728,63.6652246122535,3.91948509216309,-10.3807382583618,-13.4472513198853,60.4303992100113,-135.183950996349,37.0164799993563
105.95,6.06880474090576,-17.5722885131836,4.36551237106323,222.0596132386,-55.1441777169745,60.8636107883085,4.8393030166626,-10.2852439880371,-13.6410989761353,78.1472678792424,-129.998512359611,49.6570018132722
105.955,5.77089214324951,-18.1095085144043,4.30731916427612,217.020313329342,-37.6598838191715,56.6245392573047,6.16018772125244,-9.95149421691895,-13.8252439498901,94.5201670556793,-125.289383794832,60.6189875631845
105.96,4.66471481323242,-18.2999458312988,4.10132503509521,212.984504812944,-27.8806255787697,51.1661082047244,7.68703937530518,-9.50366592407227,-13.6113452911377,104.473911016166,-120.574149040935,68.4264811807777
105.965,3.46747016906738,-18.4355697631836,4.04978370666504,210.831506243151,-18.1443650867403,45.884138504446,9.28355979919434,-8.89492988586426,-13.1844682693481,119.030922439484,-108.121976523572,80.6907073827501
105.97,2.33384847640991,-18.5802745819092,4.10499143600464,210.852789112604,-7.172300538934,41.1784079587794,10.8954610824585,-8.09842777252197,-12.8498611450195,135.900028028934,-89.5227498664127,95.5120812778944
105.975,1.46309816837311,-18.815034866333,4.21522188186646,213.581832176618,6.73733274824643,37.5955297768117,12.455717086792,-7.06596565246582,-12.9981422424316,152.380400231961,-66.301138046934,110.700659803197
105.98,0.954885721206665,-19.0740356445313,4.0951132774353,215.301537205844,17.435403403724,35.7704622494492,13.560209274292,-6.16595602035522,-13.3671770095825,168.578685622266,-35.3755304663553,126.467454822876
105.985,0.50351357460022,-19.1530609130859,3.86266207695007,215.046115451642,23.4726571299698,34.5444091424861,14.2446966171265,-5.37048721313477,-13.5339260101318,185.176550739396,-1.82736780700884,142.499165559703
105.99,0.053087592124939,-18.9705963134766,3.5349006652832,212.042908594344,26.533063406472,33.5797781109106,14.5200080871582,-4.69700002670288,-13.3818111419678,200.998424404542,32.1383247431874,158.976846668197
105.995,-0.470018804073334,-18.3661766052246,3.12164759635925,204.640281269993,29.6465009792375,32.3864211195043,14.3598232269287,-4.19431781768799,-12.7009086608887,213.663507578713,62.9224415400146,176.323423461765
106.0,-0.916186392307281,-17.4986572265625,2.77115297317505,193.131207612846,31.0908264415067,31.945754389728,13.9402313232422,-3.73272657394409,-11.9905910491943,223.127581617223,86.2836146148042,194.170899008305
106.005,-1.16973352432251,-16.5796947479248,2.43106842041016,181.303355366757,31.3215502316697,32.2255223532263,13.2316026687622,-3.27973175048828,-11.3350429534912,231.110679398377,105.599785738572,212.992660058813
106.01,-1.24015295505524,-15.6367750167847,2.10568881034851,170.157278943239,30.5659229886966,33.1711039872066,12.3247470855713,-2.83850479125977,-10.7957897186279,238.19959613415,120.726079768833,232.64195316878
106.015,-1.18047714233398,-14.6707057952881,1.82788193225861,161.288278305978,29.2297535719345,34.6958651722365,11.4766035079956,-2.43115878105164,-10.5317687988281,245.394654009625,129.631717540803,252.594875508112
106.02,-1.01028037071228,-13.6715793609619,1.79090535640717,153.102091680042,26.1545531056901,36.3426989132075,10.7383298873901,-2.13729476928711,-10.1037435531616,251.393636478403,135.752304697565,272.58222200086
106.025,-0.849338471889496,-12.6356515884399,1.94436407089233,144.621537561258,22.312484612646,37.8838320616779,10.1720972061157,-1.93216061592102,-9.80690670013428,256.342572984941,139.871332238811,292.017525284132
106.03,-0.744853675365448,-11.5706806182861,2.24807500839233,135.55615532498,17.7149579238108,39.2640186325461,9.67290496826172,-1.76773393154144,-9.6657190322876,260.050491440044,141.300371737718,310.449965551948
106.035,-0.797327697277069,-10.5166015625,2.56491255760193,125.527784717622,11.4430445108928,40.4531716425183,8.68857288360596,-1.44466042518616,-9.4991283416748,261.480623769218,136.04332539772,326.362448506624
106.04,-0.967054903507233,-9.47476005554199,2.7590548992157,114.683329447853,0.820898505033294,40.0907959561032,7.64458703994751,-1.23138475418091,-8.80162143707275,262.307623073924,130.108806254328,336.575193240437
106.045,-1.09568023681641,-8.59763145446777,2.86995387077332,102.738175532958,-11.6199549481326,38.5361629387383,6.71583318710327,-1.13196170330048,-8.36765956878662,263.121699660719,120.335037778472,347.380771073451
106.05,-1.13420939445496,-7.87318754196167,2.91743993759155,89.312168304112,-24.4121394050213,35.7846178165041,5.94621706008911,-1.18376469612122,-8.51167964935303,264.067489615469,104.6974631077,360.352639024382
106.055,-1.13643801212311,-6.74470281600952,2.9724760055542,72.4217593546417,-32.3236653414102,31.109035725834,5.17723321914673,-1.64616858959198,-9.49853420257568,264.682589131364,76.6542226776235,370.625926554998
106.06,-0.980293989181519,-5.62729978561401,3.01983237266541,52.4256804650394,-33.5117665022502,26.3978324910949,4.92644071578979,-2.01312732696533,-8.4087085723877,267.605472964022,51.3113794981814,378.199950646382
106.065,-0.805577576160431,-4.53867673873901,2.97564244270325,29.8284469734428,-30.1966351508416,22.5572427340061,5.12766742706299,-2.0460467338562,-7.35661125183105,269.605734843596,28.1242737943896,382.269158787822
106.07,-0.682263612747192,-3.47809767723083,2.80081224441528,4.75958786793259,-23.3324914029174,20.1378326356367,5.74150943756104,-1.66046941280365,-7.37600374221802,269.226850589957,6.91170491643591,382.455759555947
106.075,-0.560370266437531,-2.23540306091309,2.67991185188293,-22.6411379475814,-13.5067187204941,19.5698802080353,6.23531055450439,-1.93684232234955,-6.94996643066406,271.862729873691,-12.569547610703,383.118151301655
106.08,-0.333062380552292,-1.07710957527161,2.74078965187073,-47.7988830005161,-3.31210515071951,19.4263198769654,7.00446891784668,-2.67957806587219,-6.8072304725647,272.849856133298,-27.8941937495559,382.955538157895
106.085,-0.0308713335543871,-0.0640920251607895,2.9658989906311,-67.6770455042872,6.2584472680825,19.4967510801393,7.8569917678833,-3.94947719573975,-7.0159387588501,272.888515004,-39.9253038876084,381.449153596827
106.09,0.326486945152283,0.746303677558899,3.35132932662964,-79.5355106582366,14.3764622027988,19.6268200800511,8.64517307281494,-5.82720708847046,-7.65184545516968,272.478020634883,-49.1481732106738,378.103808903625
106.095,0.351512163877487,1.34521627426147,3.76449942588806,-95.6806230258536,29.3706876952686,20.5192355215321,9.73011589050293,-8.01047992706299,-7.39262676239014,272.494057919054,-48.2460691458552,368.52110813961
106.1,0.214402034878731,2.01125025749207,4.13958168029785,-109.25623188809,43.6172499453375,21.344850005383,10.8345603942871,-9.59266185760498,-7.51855754852295,268.940310493896,-45.0992370706902,355.140849517826
106.105,0.0466738902032375,2.71791124343872,4.44404983520508,-121.111684928616,56.7805544383262,21.5539050204042,12.1926832199097,-10.8705682754517,-7.98536825180054,264.216961475266,-37.3085115675094,338.405055560597
106.11,0.0112121496349573,3.4350368976593,4.63160705566406,-132.18182330894,68.3556179681388,20.4082398248775,14.1182193756104,-12.193717956543,-8.76365947723389,261.249572129975,-21.502333677076,318.610866817576
106.115,0.159332141280174,3.96120643615723,4.7694354057312,-145.54007506122,79.0996148155956,17.6815651289586,14.947190284729,-11.3646821975708,-9.41407775878906,257.017122467372,3.24208781432066,299.585730054343
106.12,0.310347706079483,4.21414661407471,4.83131790161133,-159.115881998942,88.9287214841075,14.7780175618403,14.5948467254639,-9.80248641967773,-9.40481376647949,251.335798436512,23.7134298359492,286.542145117126
106.125,0.477003037929535,4.18377780914307,4.73232078552246,-171.987154923778,97.4266379437623,12.0758623912681,13.3478097915649,-7.97687530517578,-8.88963794708252,242.516794783975,43.3154409613876,276.647058821232
106.13,0.704110741615295,3.82984089851379,4.29734182357788,-182.550534248822,103.673235260522,10.1652023483217,11.6638975143433,-6.6007924079895,-8.16263580322266,227.049421597131,69.7964805244989,264.315316199314
106.135,0.794536411762238,3.29460835456848,3.37353777885437,-189.320112320141,105.428669009296,9.55162681838556,9.51104259490967,-5.74085903167725,-7.85699415206909,209.004594564712,94.3084721725439,252.873820433815
106.14,0.833122611045837,2.67599010467529,2.21980953216553,-191.502303118446,102.418440717531,9.82063979526203,6.55148935317993,-5.31591033935547,-7.61650276184082,189.762175823602,109.151982710788,238.645416241655
106.145,0.848127067089081,2.02439785003662,1.00503444671631,-188.870986401077,95.2477461268257,10.587649548487,2.76186013221741,-5.24387407302856,-7.30589246749878,169.157188984588,110.646626176673,220.816696394576
106.15,0.888758361339569,1.44788193702698,0.12079718708992,-180.619325581758,85.3986748153698,10.9298394645837,-1.8784921169281,-5.34759140014648,-6.65481519699097,146.084058647476,89.6721124431825,198.031062380008
106.155,0.837118685245514,0.312708109617233,-1.17460083961487,-168.376307117159,76.5245447060416,10.5996288465175,-5.08119821548462,-5.25533580780029,-5.49722862243652,121.691103536286,50.317344502229,168.887956587884
106.16,0.680414617061615,-1.16684997081757,-2.12231349945068,-152.11353108071,68.0796441747245,9.50196878179863,-4.8442440032959,-4.18053436279297,-6.48439788818359,102.174719077378,-5.23481151292774,135.056322081519
106.165,0.370843499898911,-2.97873878479004,-2.48596048355103,-131.3952723845,59.562698808042,7.48617163695818,-1.46002769470215,-2.07582330703735,-9.01948165893555,86.1305227547475,-69.3503325679136,99.2532695844446
106.17,-0.301880985498428,-5.28098106384277,-1.92127954959869,-104.21654265805,49.180059948814,3.94408334471375,1.7049149274826,0.493252396583557,-7.66595411300659,60.8084775013282,-108.58662063243,72.4896309444241
106.175,-0.953827202320099,-7.68734788894653,-0.895763754844666,-71.3266682948243,37.9417110847046,0.0864800599800396,4.01694011688232,1.99589192867279,-6.72208976745605,39.6666138878888,-117.462997873995,55.3715547144442
106.18,-1.46972382068634,-9.9575891494751,0.376218438148499,-36.7823274542299,29.2303273078248,-3.12875832740404,5.69145059585571,2.60325837135315,-6.38869714736938,19.0509241424451,-120.856440759332,38.3900788527701
106.185,-1.84638011455536,-11.9706726074219,1.78733050823212,-3.45881249144951,24.4713998338076,-5.23116632634507,6.87614679336548,2.43202447891235,-6.62389087677002,-2.11681478889129,-126.704530688967,18.1729204001128
106.19,-2.40927934646606,-13.4530429840088,3.00677728652954,16.3838804130749,25.1348587965733,-5.25177941037335,8.31966400146484,2.16869568824768,-6.38775491714478,-22.5453377142828,-131.466743483975,-6.14268751448183
106.195,-2.83072519302368,-14.0791177749634,3.66371941566467,41.8621303852652,30.7610546630947,-4.08176459045558,9.61854553222656,1.8840628862381,-7.10900449752808,-36.5908328555649,-130.463948770412,-24.9484100001576
106.2,-3.00874495506287,-13.7370138168335,3.79003190994263,63.5379235465028,41.9710787327161,-1.52272749620452,10.7348566055298,1.69325649738312,-7.91215085983276,-50.8319753505274,-125.471708864536,-45.7403596073226
106.205,-2.88686943054199,-12.3090515136719,3.3682849407196,76.0642241069286,59.1994488574133,2.51919574704873,11.6096172332764,1.63270115852356,-8.37556457519531,-68.5060460544192,-117.024404106631,-71.8327853123223
106.21,-2.66081881523132,-9.70810699462891,2.31256103515625,76.6577880363702,78.7832609438081,6.45978032736014,11.7241697311401,1.17047262191772,-9.14516258239746,-85.1909482721422,-101.862456488903,-89.6827402175311
106.215,-2.55056118965149,-7.09348249435425,1.71863150596619,71.7212414929868,91.054938882165,9.29476389426889,11.9380044937134,0.618028163909912,-9.35335063934326,-98.4914234542322,-84.5852949078697,-100.314435094654
106.22,-2.51766514778137,-4.63915061950684,1.96742033958435,65.6232827529453,91.7551903664422,11.3473851502458,11.8944187164307,0.56814306974411,-9.9224271774292,-113.589249256033,-63.5577993969876,-105.491800447794
106.225,-2.53627848625183,-2.49339485168457,3.41370677947998,61.7699154194667,76.7855125738494,12.8270141527876,11.2937421798706,1.52338719367981,-11.6085643768311,-134.718760472358,-37.2489352424739,-106.284833221757
106.23,-2.25470638275146,-0.414262413978577,4.42826366424561,62.2895084001971,38.927228834762,14.1843520333348,7.14020013809204,-0.325995713472366,-8.61831951141357,-153.846322752385,21.7583394124518,-98.9629523937733
106.235,-1.62954747676849,1.10591769218445,4.32706785202026,55.9299192639982,13.742882756331,19.3555932681099,0.588996827602386,-6.83486652374268,-0.802145004272461,-163.716246631377,94.7504605439246,-86.9648986637563
106.24,-0.771434605121613,1.84365403652191,3.09631824493408,46.2102732071249,9.31856454220544,27.3001243861157,-6.56808090209961,-18.8213939666748,8.29493141174316,-167.572830983955,161.823614872745,-77.2743901938823
106.245,0.198550879955292,1.45796203613281,0.631786525249481,37.2935841890783,37.410639971074,36.9238318983597,-12.1264200210571,-37.7348899841309,14.3174314498901,-169.029710333919,197.515109890105,-78.8433529481259
106.25,0.438493937253952,-0.30146399140358,-1.56049120426178,36.4463367885787,64.779324088531,40.81989474434,-15.288275718689,-50.9195976257324,10.0698099136353,-161.074247498146,173.049727452956,-102.275382405365
106.255,-0.291624188423157,-5.51060199737549,-3.59800410270691,36.6255541222106,72.3045874594301,35.2753111006637,-14.0569849014282,-45.1779365539551,5.01781892776489,-140.753396528605,101.36411222668,-130.79297264311
106.26,-1.60842835903168,-14.2264318466187,-4.67958688735962,42.5944222869389,58.8763740794825,21.6764010480738,-9.3260555267334,-28.7129173278809,0.740013957023621,-121.45003883972,8.86145413200234,-156.237681263834
106.265,-2.82201480865479,-26.7075176239014,-3.17425036430359,64.728705556592,22.1984494818108,2.19289370473512,-2.63024163246155,-17.3275508880615,-0.687559366226196,-128.93916367972,-57.9841532983929,-164.593980581237
106.27,-4.01081275939941,-36.9980239868164,-1.98358798027039,88.2069822247014,-37.7565173355489,-22.6482037782778,4.55778884887695,-9.49743175506592,-1.43083930015564,-137.519274635847,-57.8024429457139,-162.193783805003
106.275,-5.61810922622681,-43.3984489440918,0.908962488174438,117.100683659282,-93.4095851268243,-41.9530197125505,9.81102275848389,-5.49685001373291,-2.1938943862915,-145.203483338921,-49.5505191641117,-164.252880934087
106.28,-7.80595684051514,-43.945873260498,3.53806400299072,144.19079851144,-133.208072892113,-45.4364435100137,13.3451910018921,-3.92424035072327,-3.07872414588928,-153.108361793701,-39.1234157733868,-172.741002902472
106.285,-10.9373664855957,-33.0158958435059,-0.570872247219086,146.832005342727,-132.131594097784,-5.70126391436813,16.5141525268555,-0.823307275772095,-4.13710069656372,-165.224639268061,-22.0336267718546,-188.439646294613
106.29,-9.02327251434326,-14.7420930862427,-5.69934511184692,117.164409324238,-107.358463827202,25.2969460157668,17.9033298492432,3.13516044616699,-5.65434885025024,-175.521395328666,11.0701298425884,-189.789851750119
106.295,-4.70477533340454,0.408980906009674,-6.29429244995117,75.6143741878132,-67.819775967373,47.6999989368072,18.5500888824463,5.59781408309937,-8.19297027587891,-186.592927067581,46.9630215253628,-183.018989603237
106.3,0.889355599880219,9.12428283691406,-2.19233512878418,37.0768452112409,-22.7491795874199,57.5441456818715,18.3526878356934,5.90070581436157,-11.4916982650757,-197.518893814905,80.2674815410194,-171.213431094598
106.305,5.13263320922852,6.409499168396,1.81590044498444,50.635323959039,-6.30583341299676,36.190074921109,15.7989454269409,3.29876112937927,-13.76877784729,-201.4099023209,99.1129979894601,-162.54881703806
106.31,8.63890075683594,4.23325729370117,3.46423077583313,52.815175417554,6.99086424759542,14.0635131803126,12.0035181045532,-0.0733956396579742,-13.436333656311,-194.855202000871,114.529622870771,-157.263015601658
106.315,12.1413621902466,4.66355657577515,2.93771386146545,43.0743489440645,-6.41507204348736,-10.4428828352549,8.32969284057617,-2.40880942344666,-13.2068109512329,-185.379188791692,121.744870785432,-151.058239533186
106.32,15.2591285705566,7.66546106338501,0.549334585666656,27.552122507996,-49.727800139114,-35.7601520788971,5.36525011062622,-3.17903900146484,-13.7850389480591,-175.716001078498,119.443151676651,-141.58426172038
106.325,12.9297199249268,6.62084865570068,-1.16221940517426,59.8336046010923,-77.1259701832179,-44.3214561091442,4.0330023765564,-3.3848659992218,-13.3247098922729,-167.777217564678,112.274410520049,-122.088033149712
106.33,6.01037836074829,5.11628293991089,-2.10881280899048,65.3320571471143,0.946103396399886,-30.126526674106,3.52619481086731,-4.51015567779541,-13.197395324707,-160.65897199661,92.7876827425163,-99.6346878382657
106.335,-0.554835259914398,3.33446431159973,-3.46213436126709,30.535767703511,104.884166328662,-15.8022027203364,3.75266599655151,-6.20421361923218,-13.3109693527222,-153.969525704634,68.4605433341686,-81.0532469937052
106.34,-4.0433497428894,1.18252944946289,-5.68939399719238,-50.1056359587153,190.288414578395,-13.6691645246191,4.68709230422974,-8.24526119232178,-13.6059150695801,-147.559953244089,43.1059249085974,-70.7869467466099
106.345,-2.77156567573547,-4.46945524215698,-5.66259336471558,-107.842888163896,188.336838287226,-30.6741439210009,6.01591157913208,-9.40411758422852,-13.6452531814575,-142.042335187256,19.1597956502678,-80.0666944699885
106.35,-2.14014005661011,-9.18665599822998,-4.47598314285278,-115.518866489021,173.207750709594,-48.2741856195735,7.98270511627197,-11.0401334762573,-13.1553564071655,-134.673216770973,7.51195303975404,-91.606217110455
106.355,-2.45261716842651,-14.6152534484863,-2.73113036155701,-96.8082052955527,148.125315322448,-61.3215886325362,9.70064449310303,-12.4294996261597,-12.5812816619873,-127.51418131318,5.74752094363522,-101.202844630187
106.36,-4.00838279724121,-22.1090259552002,-0.872655153274536,-68.938438010016,115.046340341861,-65.4404659096207,10.4486522674561,-12.9810180664063,-12.2721014022827,-122.218954215723,12.5495616234179,-105.392639761424
106.365,-8.50599575042725,-26.744571685791,-2.03111267089844,-59.2955427888462,88.1224244827767,-55.7647652898673,10.3263130187988,-12.1904153823853,-11.8958702087402,-111.575381639633,25.7351726604621,-107.299676389016
106.37,-12.9217758178711,-27.2288780212402,-2.4980890750885,-68.135467310811,70.0490062784926,-40.2973921030232,10.4857339859009,-11.3245162963867,-11.8051595687866,-102.04072442624,40.9678776228975,-104.623287253314
106.375,-16.3419284820557,-24.5960865020752,-2.83365297317505,-89.0666298336392,52.4186180494376,-23.2740113232437,10.6568870544434,-10.6057205200195,-11.7144823074341,-93.3666027463775,58.1605770846543,-99.1738208240191
106.38,-17.5417652130127,-19.9057273864746,-3.73137164115906,-114.988693545266,24.7021355768017,-9.89668029129179,10.501410484314,-10.3247690200806,-11.2651529312134,-85.3071434503025,77.3545902751166,-93.0125189096148
106.385,-16.3078536987305,-16.1375274658203,-5.54663515090942,-131.939624800972,-28.0894961786832,-9.55406007327737,9.34282207489014,-10.3362922668457,-10.902792930603,-78.9648688436496,83.067872761103,-89.556306585805
106.39,-14.8228549957275,-14.6887321472168,-5.61152696609497,-134.124260807,-66.4750756443376,-13.3948427832102,7.70107793807983,-10.2524881362915,-10.3842535018921,-72.4104075802411,79.0947858718524,-86.8354324280387
106.395,-12.9151420593262,-14.9516563415527,-3.79428029060364,-124.331149235414,-97.433256397068,-20.5759909784403,5.95740175247192,-10.0460271835327,-9.96980571746826,-65.7785944244822,65.9247946236663,-84.5288707151362
106.4,-9.98526859283447,-15.8079948425293,0.072057381272316,-107.193009324748,-137.560802186001,-30.7835054948966,4.76865100860596,-9.69303607940674,-10.1891441345215,-59.5198735219461,43.1178435886991,-82.2793479119925
106.405,-5.94776010513306,-14.8155164718628,3.58842611312866,-106.457978517217,-153.149179004181,-29.0438358227268,5.06088256835938,-9.47718906402588,-10.5637531280518,-52.8096737001775,19.6698673472952,-78.4094788414792
106.41,-1.86797189712524,-12.7469930648804,4.90259981155396,-115.810884396795,-154.165401869652,-23.8032997575009,6.39045381546021,-9.53086376190186,-11.1187400817871,-46.468218716225,0.897010664688479,-74.0939262672442
106.415,1.70755279064178,-10.1946573257446,4.27947616577148,-132.018745712317,-145.146123410272,-17.6223934926315,8.22399139404297,-9.78884601593018,-11.6564178466797,-40.44303564179,-10.7652549574748,-69.4865265399637
106.42,3.53042960166931,-8.55637836456299,2.98708605766296,-148.596161243072,-134.752173757778,-14.792948355366,9.21700191497803,-10.0318555831909,-11.5909986495972,-34.3119948805035,-9.51864041978898,-64.5811598101414
106.425,4.02840185165405,-8.11936283111572,2.60608768463135,-159.725394420096,-118.371590618525,-9.39060510870251,9.8859806060791,-10.3556089401245,-11.450779914856,-29.6639043012427,-3.98537738777518,-59.4816859342965
106.43,3.88136196136475,-8.32512378692627,2.70522928237915,-171.916148277166,-91.5935402793555,-3.5418110292528,10.0537967681885,-10.9149160385132,-11.3269414901733,-25.1798151016903,2.89675046167705,-54.3794663224053
106.435,3.30648398399353,-9.03756046295166,3.06092548370361,-186.194330887998,-54.8912523969144,1.78588006405142,9.80352306365967,-11.756950378418,-11.1807804107666,-20.832310902518,9.93288797785567,-49.6863374757574
106.44,2.63735556602478,-10.180025100708,3.06103134155273,-200.837996921316,-14.8839998996441,4.20366980676197,9.69997596740723,-12.9470481872559,-10.7405052185059,-17.812419600625,14.4848248615284,-47.1328371036023
106.445,1.93173480033875,-11.1573657989502,2.63571333885193,-212.126742336217,25.0388177991064,1.89473396279268,9.84716510772705,-13.9435205459595,-10.0770635604858,-13.2303325544086,23.1570648242748,-43.6864534220081
106.45,1.39497232437134,-11.9223289489746,2.17085838317871,-222.584376672532,61.8922236169341,-2.75665709194115,9.82230281829834,-14.6982460021973,-9.19581031799316,-8.45039114963617,34.87646903427,-40.1185299392281
106.455,1.01585876941681,-12.5446166992188,1.7963570356369,-232.82431921962,94.3171670033573,-8.77116756891123,9.46518325805664,-15.214165687561,-8.14308452606201,-4.02532759111741,48.6641313645733,-36.7001807690822
106.46,0.0977913215756416,-13.7649097442627,1.50002431869507,-241.021147280282,120.417382539105,-14.2852356349232,8.69984340667725,-15.7075824737549,-7.32931327819824,-0.674531072936212,58.8781772494234,-33.509570596432
106.465,-0.943657100200653,-14.9811496734619,1.45170855522156,-246.899344683778,137.50188497422,-17.8210819880399,7.64234924316406,-16.4876232147217,-6.01309156417847,2.04950049985646,64.2330182379567,-30.7314423779481
106.47,-1.42661023139954,-16.1893520355225,1.63812220096588,-250.218843941161,156.95802033446,-19.0893985980397,6.5574746131897,-17.326343536377,-4.82959270477295,3.71297450263626,65.5646455789207,-28.5863617049504
106.475,-1.05409204959869,-17.3195152282715,2.05803656578064,-250.612344799624,184.020227033669,-17.4941242475659,5.55866861343384,-18.1137790679932,-4.06286191940308,4.08266318721826,63.4247678025232,-27.2265939846059
106.48,-1.51685786247253,-17.1575012207031,2.58083772659302,-246.308068867709,202.356484577594,-7.32206012044934,4.20004272460938,-18.9774436950684,-2.6588306427002,4.14203844856,63.8256316049113,-26.6645974819608
106.485,-2.43039584159851,-16.2651653289795,2.81226134300232,-237.501031706598,194.378427476047,-4.59058807041214,2.93608427047729,-19.9126167297363,-1.26400506496429,3.44587995514292,60.2826758786423,-27.6547904965051
106.49,-3.17492055892944,-15.2824859619141,2.63098406791687,-227.071551410042,173.785407128459,-7.36141993931519,1.74278712272644,-20.7909107208252,0.0649991855025291,2.66930260099469,55.1450588113774,-30.029626780351
106.495,-3.24678587913513,-14.7133016586304,1.91517424583435,-217.212829041288,150.708670451465,-14.4287131499494,0.605369508266449,-21.5066604614258,1.27909052371979,2.3447194184744,50.1848798134658,-33.7405231979323
106.5,-3.75625610351563,-15.0418062210083,1.28382813930511,-204.869434116646,101.55018024005,-25.1634653363646,-0.036953080445528,-21.6499080657959,1.82607090473175,2.36417179723059,39.537379878603,-39.4673670245158
106.505,-3.79209113121033,-15.3748960494995,1.13080418109894,-192.690947279325,62.0617284215663,-33.6296282465679,-1.05395102500916,-21.6488494873047,2.40332865715027,1.98215120610214,29.9737729084132,-44.7063440990636
106.51,-3.48994779586792,-15.4132041931152,1.33460247516632,-179.621284679857,33.5240164465266,-39.7284988168637,-2.40686583518982,-21.4753704071045,3.02116465568542,1.35340411847214,22.6436821930472,-49.0128227669862
106.515,-2.9942672252655,-14.7579317092896,1.77001750469208,-164.264984029296,18.3884982457914,-43.1539787045031,-4.07284116744995,-21.0808753967285,3.69564318656921,0.65337664305536,19.163299537312,-51.7564312094049
106.52,-1.70153641700745,-13.7530956268311,2.24161291122437,-143.842226637338,8.53656679262057,-44.5541299183152,-5.834557056427,-20.4966411590576,4.22778606414795,-1.62579334323272,13.365478092421,-55.9294172450942
106.525,-0.309473603963852,-12.7347278594971,2.72462964057922,-120.659403462156,6.21533767536232,-45.6283718256911,-7.58064317703247,-19.8189525604248,5.09374904632568,-4.2593345678371,11.1145226570989,-60.5721324654782
106.53,0.86341267824173,-11.6812467575073,3.04556679725647,-96.346853337875,9.78348954259269,-46.5464107218433,-9.17957878112793,-19.0117664337158,6.15006446838379,-7.62136840138941,11.1607271792868,-66.0583043313726
106.535,1.26400554180145,-10.5126886367798,2.86123013496399,-73.6318776302711,16.5145487620865,-47.4344616724446,-10.3783988952637,-17.9830169677734,7.09481143951416,-12.6263619779928,10.7607384948861,-73.2858602469183
106.54,1.28341901302338,-9.27625751495361,2.67937850952148,-56.9948550386299,26.6494122638886,-48.4810344834928,-11.0646505355835,-16.8318481445313,7.95738554000854,-18.1561676536261,13.1787919469317,-81.3696418466277
106.545,1.30632984638214,-8.37468528747559,3.10662841796875,-41.7138606387625,41.0433204773749,-48.3995025153703,-11.7755441665649,-15.6329259872437,8.43893337249756,-24.1425279328188,15.926484842474,-90.2041022172565
106.55,1.34349477291107,-7.85945844650269,4.00349378585815,-25.9988333303503,60.2561474239059,-46.5265348713586,-12.6540279388428,-14.4421825408936,8.60019207000732,-30.4371466020852,19.9680102272081,-99.7786272448345
106.555,1.2876193523407,-7.76902627944946,4.78630018234253,-6.3199223857072,86.0436632390725,-41.2374720196271,-13.9358396530151,-13.3959283828735,8.69741725921631,-36.6614604266774,29.1307738855773,-110.168007500773
106.56,0.810366332530975,-7.51981639862061,5.44238948822021,11.3341166540094,108.547285572999,-34.5790689374293,-14.8022127151489,-12.5511026382446,8.56150913238525,-41.7001592792875,35.2658854396091,-121.098857833354
106.565,0.084363266825676,-7.07023334503174,5.64787530899048,28.0824286404396,125.497868489058,-28.2532858225274,-15.108434677124,-11.8012428283691,7.9243426322937,-47.0622812494761,34.4933910444807,-131.668999045677
106.57,-0.811878979206085,-6.43583631515503,5.37941026687622,44.6749593798273,136.282655226238,-22.5660792912448,-14.8590774536133,-11.136043548584,6.83448457717896,-53.0298994895862,27.2657804874216,-141.596897570344
106.575,-1.6846034526825,-5.7308292388916,4.85192203521729,63.4923183734146,140.31111445909,-17.2432838427499,-14.2201871871948,-10.6138677597046,5.7867169380188,-59.4103241178482,19.5746152366774,-150.470665679647
106.58,-2.43239736557007,-5.27022218704224,4.29262256622314,82.839239008826,136.722519408787,-11.9073103980251,-13.6900119781494,-10.2602958679199,4.99555110931396,-66.2402264199158,11.0168492444204,-158.238885709512
106.585,-3.09675455093384,-5.03860425949097,3.7730565071106,100.981000085945,127.209554876198,-6.63577594613798,-12.995433807373,-9.90815448760986,3.99077105522156,-72.9053504082569,3.05178508366576,-164.925941435278
106.59,-3.68267059326172,-5.02718734741211,3.32707047462463,116.740445822077,112.931058076665,-1.67937222856836,-12.0794763565063,-9.53801918029785,2.66331744194031,-78.9649712964871,-3.79512246844448,-170.402865225036
106.595,-4.13685750961304,-5.15079736709595,3.01875686645508,125.772018621964,99.9838471086367,1.18593406988236,-11.2785024642944,-9.45386505126953,1.48721408843994,-82.6237602008904,-9.48149955862974,-173.840991207924
106.6,-4.30558729171753,-5.24482870101929,2.75053930282593,139.123481166208,78.8383327590859,4.91254013599809,-10.3054456710815,-9.67150115966797,1.11026203632355,-87.4741370777049,-17.4809915013393,-179.001226446625
106.605,-4.17074298858643,-5.21988344192505,2.39577007293701,153.827129920818,55.2372595349834,8.23562438892158,-9.2115592956543,-10.0690460205078,1.26522290706635,-91.3864626040991,-25.2054897827804,-183.999231032161
106.61,-3.70597863197327,-5.0091700553894,1.86492812633514,168.430798366357,32.0026840164601,10.3933315203737,-8.03315925598145,-10.5782985687256,1.81246638298035,-93.0680551777562,-31.2988091168282,-187.777568737607
106.615,-2.9127402305603,-4.37867593765259,0.836330473423004,183.636370402314,7.83108252966548,10.0915925458628,-7.0578441619873,-10.9496326446533,2.24550366401672,-90.4203528365683,-36.211528545292,-189.36587458758
106.62,-2.054847240448,-3.53554654121399,-0.0974404066801071,196.989212644771,-16.0073047633755,9.01021138325699,-6.28775215148926,-11.037449836731,2.38884115219116,-88.8565946864722,-38.3103124885481,-188.514983281158
106.625,-1.28897559642792,-2.66830945014954,-0.734216153621674,207.281132931443,-36.5875031383445,7.71609458744102,-5.7500147819519,-10.8227281570435,2.25393128395081,-88.8072875508539,-36.9273255401201,-186.140030884096
106.63,-0.745459973812103,-1.92554223537445,-0.894904017448425,213.363061217502,-51.381989993821,6.64742824886202,-5.48045110702515,-10.2718067169189,1.83285307884216,-90.7078081779774,-31.3178721748017,-182.876115706179
106.635,-0.909508407115936,-1.27810752391815,-1.36100888252258,215.488411181535,-56.598417198824,5.08869541044778,-5.04378509521484,-9.38038158416748,1.32113575935364,-96.2218472156854,-20.3095435913708,-179.446049346512
106.64,-1.25976169109344,-0.617562472820282,-2.3233585357666,216.125872736773,-61.9156033544631,3.13891994134173,-3.88714027404785,-8.67428207397461,0.477590441703796,-103.512589211243,-20.6730547967354,-177.941495276141
106.645,-1.67275810241699,-0.0885451436042786,-3.46903824806213,215.145863534281,-68.2102510520334,0.606333821868603,-2.07390093803406,-8.17598819732666,-1.12508201599121,-111.535923636798,-35.51094579684,-178.624445891251
106.65,-1.99820494651794,0.117102421820164,-4.41900014877319,212.261174119461,-76.6590584515558,-2.79483422086353,0.366803169250488,-7.92973327636719,-4.08213901519775,-119.036372930442,-69.8346886027159,-181.992398510606
106.655,-2.17360854148865,-0.146057814359665,-4.34678220748901,210.427350289583,-83.9637408632094,-6.25584197780096,2.28028774261475,-8.64339733123779,-7.80163908004761,-132.059480960527,-110.223769165157,-185.442026532056
106.66,-2.37143921852112,-0.921903312206268,-3.3885509967804,207.854691236806,-85.6204920388552,-9.42041461556138,3.07597422599792,-9.62279891967773,-10.1401052474976,-142.474740803231,-144.682189641088,-185.80802904892
106.665,-2.7827365398407,-2.35683083534241,-1.61956417560577,204.634366326171,-82.1794632255702,-11.7584617929903,2.76253700256348,-11.3084936141968,-11.3446455001831,-148.278106654181,-165.285523574323,-181.463441340523
106.67,-3.77378582954407,-4.79298210144043,0.91726142168045,201.059377012695,-74.6205065314955,-12.2160972739859,1.30182874202728,-14.682635307312,-11.9897317886353,-146.042872606781,-156.823438287054,-169.162885362356
106.675,-5.27093410491943,-9.50695419311523,3.27082395553589,200.869087942418,-70.7459382908332,-12.3063377333001,-0.52387946844101,-19.3249053955078,-10.98752784729,-137.118574757999,-133.36774905453,-158.083075434166
106.68,-7.41453075408936,-15.7712182998657,4.26889753341675,198.815154436347,-74.7449662385514,-13.0321503467724,-1.81499934196472,-23.0507659912109,-9.8684253692627,-122.034880617591,-104.615528158417,-144.601880276827
106.685,-9.86515426635742,-22.6083698272705,3.26627993583679,192.468378735031,-84.5281945264084,-13.5403087370586,-2.52983570098877,-24.8674392700195,-8.76407241821289,-102.390300338151,-78.8277732866291,-130.911735972398
106.69,-11.6122741699219,-27.4916877746582,-1.36959707736969,176.280256666211,-93.0199501554318,-10.9642004387507,-2.82182741165161,-22.5076732635498,-7.50228977203369,-82.2278141347048,-76.7797615545683,-124.688791600735
106.695,-9.42587757110596,-26.1920394897461,-5.45856714248657,173.908213929735,-94.1187500079684,-3.71713707604856,-3.07449150085449,-18.007999420166,-6.61967039108276,-65.6384867540377,-79.8665084556046,-120.416986388133
106.7,-5.55659818649292,-22.476842880249,-7.40817928314209,185.480179968759,-100.015771412817,9.47103827014222,-3.40081858634949,-14.4730138778687,-6.95995903015137,-55.2703586317013,-88.9779261668883,-113.951877659447
106.705,-1.01512408256531,-17.9192199707031,-6.91574430465698,209.100066948931,-115.485617128141,27.0981061734869,-3.69610500335693,-12.550256729126,-8.47107887268066,-50.2182247969938,-104.332696855076,-104.452341278767
106.71,1.73262619972229,-16.0930099487305,-4.16116809844971,235.791571961127,-150.618580256312,40.8835452772154,-3.35874390602112,-12.1570024490356,-10.066258430481,-43.6098186995205,-126.061359095584,-92.1374965448553
106.715,3.04272818565369,-15.4488706588745,-1.31475913524628,250.898229197524,-184.800576146343,49.6438058877957,-2.20418167114258,-11.9228363037109,-10.6811017990112,-32.6868230844852,-143.348007809374,-77.6242256529812
106.72,3.78046011924744,-15.2299480438232,1.17998051643372,257.87133324573,-200.997632102598,55.8836208267093,-0.555666267871857,-11.5468511581421,-11.0585269927979,-19.5029802126624,-157.171286161104,-61.7121525096559
106.725,4.22397899627686,-15.2183179855347,3.10886311531067,258.246747763271,-192.196960677793,60.5283577830876,1.40896844863892,-10.9311246871948,-11.4584188461304,-4.99261001675133,-166.620757255169,-44.6578736616186
106.73,4.36212491989136,-15.6456022262573,4.06592988967896,256.853525776372,-153.636007567462,64.7230774807159,3.03249740600586,-10.1552286148071,-11.9761686325073,8.45227372052615,-162.587667154059,-26.6648467838655
106.735,4.30574560165405,-16.3718852996826,4.55596303939819,253.310488087833,-113.971200264609,67.4082502396905,3.98815083503723,-9.80248260498047,-12.3484497070313,19.4504628881341,-154.552318425755,-10.0042950443072
106.74,3.98516225814819,-17.2123889923096,4.8192834854126,247.174328099763,-79.3920903460447,67.7112852425965,4.87767887115479,-9.70254516601563,-12.8126983642578,30.8875736721855,-146.715400353217,5.99924628483557
106.745,3.35201501846313,-18.0655307769775,4.95841646194458,238.313359764965,-53.7452456919292,64.9855684807087,5.9984450340271,-9.78142547607422,-13.4477643966675,44.4255106260547,-140.953876241123,21.6129144397385
106.75,2.461989402771,-18.7440319061279,4.76246690750122,231.162288307746,-42.382484932088,58.2636378090406,7.0525050163269,-10.0727195739746,-13.3253240585327,62.1262190677096,-130.947990616513,35.8852948048701
106.755,1.66721034049988,-19.1614837646484,4.56394720077515,226.347373773102,-40.2909922157709,50.8160166135317,8.35083103179932,-10.0002593994141,-13.0713348388672,75.9981078757629,-122.133467568071,46.1724783553526
106.76,0.713382840156555,-19.4718532562256,4.3373556137085,222.878716844624,-43.8807859642733,43.5572808844248,9.89060878753662,-9.58623123168945,-12.8982305526733,90.6031082081903,-111.435396912593,57.1058217069805
106.765,-0.611628830432892,-19.7911319732666,4.06067562103271,220.050881924455,-50.6423658840733,37.226921542779,11.684380531311,-8.82738208770752,-12.9800424575806,109.617016140428,-96.2911189942477,72.4110701085906
106.77,-1.63618898391724,-20.1626358032227,3.94629979133606,219.388490178748,-53.7754214676823,32.9180830444981,13.4717607498169,-7.671555519104,-13.3466901779175,129.597539274196,-79.141654629937,88.5886531955218
106.775,-1.79900360107422,-20.5134582519531,3.84693026542664,219.534082491096,-50.0385054444578,28.8994387934836,14.7509384155273,-6.41304492950439,-13.8352699279785,148.325713072696,-53.9146787795751,105.187556501405
106.78,-1.10121655464172,-20.8293609619141,3.77176213264465,219.256353339065,-39.0349340877839,25.5767720358731,15.5449314117432,-5.20537090301514,-14.2726793289185,165.79098489366,-21.7433983736424,121.773311693136
106.785,0.521935224533081,-21.0897693634033,3.73421001434326,216.975725854441,-19.7073360575346,23.5134384819566,15.8453426361084,-4.2453293800354,-14.4374961853027,181.882951559345,16.4826107975275,137.799011863494
106.79,1.64996111392975,-20.373851776123,3.72364211082458,210.82426624263,0.42157824535639,22.3682189562733,15.2716102600098,-3.45832490921021,-14.1566858291626,194.542379336884,52.6854837855938,154.636903488436
106.795,1.967414021492,-19.0816078186035,3.63639235496521,205.444590686275,12.8009458820466,21.6160819399661,14.1402568817139,-2.8715808391571,-13.3069839477539,206.496794988294,84.4746595036938,172.844534909911
106.8,1.61741507053375,-17.4734592437744,3.46269822120667,200.123026379378,18.6244778665207,20.9358890137339,12.706431388855,-2.41940474510193,-12.0988693237305,217.680915565488,110.339329135725,191.961756283535
106.805,0.834088027477264,-15.9674873352051,3.18587613105774,193.024738624064,20.3639409254681,19.7820002704465,11.3884210586548,-1.9886269569397,-10.9063987731934,227.602858165198,127.044906336065,211.153754568192
106.81,0.120835699141026,-14.9027462005615,2.73724126815796,187.696835901617,13.3936910425614,19.007461941209,10.3479204177856,-1.58628511428833,-10.3048534393311,234.2945584196,134.659283185066,231.280641825684
106.815,-0.313570916652679,-14.0749940872192,2.28275275230408,182.020716474905,4.7303909436649,19.3442432012567,9.62295818328857,-1.30889785289764,-10.0213756561279,240.837196625555,137.139215589671,251.592695511574
106.82,-0.443189322948456,-13.3826675415039,1.94670677185059,174.912852794374,-3.22823597724046,20.8203649016596,9.07536220550537,-1.12465071678162,-9.93524360656738,247.506548500993,135.214604885344,271.571517928239
106.825,-0.240759074687958,-12.616886138916,2.0411114692688,163.861511094645,-5.99444295430176,23.354754404517,8.30546474456787,-0.914362490177155,-9.8124303817749,253.996075155962,129.169641583073,289.951420380959
106.83,-0.0410158634185791,-11.679162979126,2.53546571731567,151.765082150012,-1.90121880052278,26.1776732960306,7.56266403198242,-0.746529996395111,-9.46808624267578,257.637030436442,123.890547392435,301.790105307073
106.835,-0.0930800586938858,-10.6351203918457,3.14403080940247,139.246451892025,3.62660419926051,28.2808746641324,6.96331596374512,-0.581624567508698,-9.10372829437256,261.225529864097,117.997159648225,314.921007382639
106.84,-0.41594061255455,-9.50436973571777,3.77532958984375,126.192075255919,8.50653701216097,29.1886699840769,6.50562953948975,-0.431220948696136,-8.65110874176025,264.689583245074,109.799416342214,329.941686197764
106.845,-0.849092364311218,-8.31281185150146,4.28820896148682,111.449193894717,8.44513105020161,27.6894110178606,6.06488132476807,-0.388864398002625,-7.59022045135498,264.896975109032,92.7906470446161,341.807282069207
106.85,-1.16346180438995,-7.20994758605957,4.60359525680542,93.5771023464081,5.91089992235557,24.1874415492535,6.33029365539551,-0.556407690048218,-7.07581281661987,267.055068999946,80.0175512589103,351.718487611542
106.855,-1.36662483215332,-6.32452440261841,4.74202585220337,73.5587741155845,2.96705423913423,19.8287870662611,6.9819769859314,-0.853015005588531,-7.42043256759644,270.134227560814,65.4770484028153,360.261469659341
106.86,-1.45975935459137,-5.63607597351074,4.68498468399048,51.7415584724872,0.367054285955206,15.1228601526559,7.81244850158691,-1.26975107192993,-8.57840251922607,273.566424939502,47.284084812583,367.728669592106
106.865,-1.45925688743591,-4.5724573135376,4.27211380004883,28.7376008761947,-1.43284444788297,11.207541295858,7.94496202468872,-1.92516624927521,-9.11004447937012,275.408608920925,27.3086416320107,375.190104845211
106.87,-1.14457333087921,-3.49360418319702,3.69294500350952,6.04939310683498,-3.36728496836358,8.13454783448915,8.27355098724365,-2.4110689163208,-7.23120021820068,279.85418780639,23.8343293069003,383.691559342856
106.875,-0.659470319747925,-2.49943375587463,3.04539585113525,-15.1413870407796,-5.69330290200366,6.06670550194685,8.68357372283936,-2.5530116558075,-5.87600803375244,282.99891618329,21.8157710580879,390.288101401741
106.88,-0.0891203284263611,-1.64489567279816,2.39576196670532,-34.0411949553854,-8.37310755917748,5.15459691754147,9.10811424255371,-2.29107689857483,-6.48571491241455,283.03191965736,13.8465710043473,393.400755210299
106.885,0.228692010045052,-0.885181486606598,2.0755181312561,-49.0895701875951,-7.89304088317396,5.55675930964547,9.35037040710449,-2.54795479774475,-6.60480213165283,285.74806732422,8.08694909993697,394.488476496002
106.89,0.415222823619843,-0.152251541614532,2.13590168952942,-62.5357640405327,-2.3489522147691,6.10575796230004,9.73993968963623,-3.18040609359741,-6.85953378677368,287.572929945908,4.3680323327228,392.10307390951
106.895,0.586302042007446,0.573390424251556,2.46101713180542,-73.5555775870529,5.90339269068408,6.68216488343341,10.1807670593262,-4.00466728210449,-7.33121156692505,287.908374196425,4.31156843951477,385.504619397657
106.9,0.833174765110016,1.30681562423706,2.97482848167419,-81.3444521089687,15.1548066549514,7.19260242246821,10.599536895752,-4.88621997833252,-8.09782600402832,286.187139204825,9.43256722964213,373.846333427903
106.905,1.09531283378601,2.15391993522644,3.53681087493896,-95.006107694369,35.1838480374881,7.66408696577961,11.2479639053345,-6.59141063690186,-8.59398555755615,283.860694811249,18.9413081440028,356.623109850745
106.91,1.35842621326447,2.90335607528687,4.06827116012573,-109.302868419743,56.5291420051672,7.5126445964075,11.6002998352051,-8.04992008209229,-8.36373043060303,280.922265468039,28.0410803827516,343.370302558872
106.915,1.57817912101746,3.54539942741394,4.58443880081177,-124.033407629115,78.2026675436004,6.43031275684659,11.7042551040649,-9.13603401184082,-7.9038782119751,276.618754517311,38.5571965062874,329.808087697598
106.92,1.6955326795578,4.05957078933716,5.103271484375,-138.978203042562,98.988333376729,3.95855651556501,11.6006650924683,-9.66315841674805,-7.82097148895264,269.898831921259,52.8919433287303,310.535342916573
106.925,1.50062310695648,4.3583664894104,5.46867609024048,-152.392762874358,115.951968784291,0.11491485119621,11.3483076095581,-9.29193496704102,-7.94145393371582,260.375690406807,66.042977386875,292.059763173959
106.93,1.17598068714142,4.46793508529663,5.59769487380981,-164.895342187797,129.438628092966,-3.59576119940285,10.5516624450684,-8.61944580078125,-7.62819147109985,246.361453626262,80.5628599018658,276.45286288275
106.935,0.750640451908112,4.38749122619629,5.39459753036499,-177.423384446461,138.699968456532,-6.65103202742285,9.1616907119751,-7.80472898483276,-7.09814023971558,228.879707389019,95.2811935631912,263.126781321462
106.94,0.24980254471302,4.09279251098633,4.65177345275879,-191.690761698025,141.836937738535,-8.15042802430943,7.06465673446655,-7.0712947845459,-6.80662202835083,209.682436198323,107.732628420124,250.989808373916
106.945,-0.221773058176041,3.40549397468567,3.46682405471802,-205.956745590999,135.190521638331,-6.4578153673133,4.21804523468018,-6.43058919906616,-6.9102258682251,188.290420321626,105.267346771289,234.19934558257
106.95,-0.508282124996185,2.63748836517334,1.98015666007996,-212.111155844531,121.430750385503,-3.61792132127814,0.742562413215637,-5.87200021743774,-6.72737169265747,166.083303329759,90.2334310495525,213.361449292858
106.955,-0.642141819000244,1.83086860179901,0.397783041000366,-209.06090264423,101.969970496628,-0.411124400707847,-2.98115038871765,-5.39247131347656,-6.20972061157227,143.205147572694,62.5070226045053,187.921603766824
106.96,-0.760435283184052,0.991161048412323,-0.740748524665833,-195.738523045472,79.4275458580263,1.66927358043708,-5.91223335266113,-4.9941577911377,-5.43405771255493,119.512355153322,19.7201050961879,155.628045899275
106.965,-1.05011701583862,-0.444381505250931,-2.2520923614502,-172.580261230545,58.8667844938878,1.39507083373016,-5.25494861602783,-4.22400665283203,-5.11804103851318,98.5297613060435,-33.8886870765028,116.713275329559
106.97,-1.25135028362274,-2.13528418540955,-3.0675196647644,-141.447644276601,42.8403808140457,-0.0612719261669985,-1.93625891208649,-2.86700439453125,-6.61525678634644,78.2687906049553,-88.1077190854936,77.1542403361926
106.975,-1.3465827703476,-4.10139560699463,-2.8807110786438,-102.53357721637,31.8424648540045,-2.42189906199166,2.99603128433228,-1.11325001716614,-9.40044593811035,57.4241734091002,-134.792717760691,39.9792726273353
106.98,-1.51373970508575,-6.77581787109375,-1.33090245723724,-54.8768885090898,25.6262294356532,-5.5626115011037,5.57913255691528,-0.0648929625749588,-9.66881656646729,31.8932507255781,-146.148726878538,13.343717963499
106.985,-1.54716098308563,-9.28197288513184,0.403591930866241,-5.75286257845299,24.3731919588266,-7.94849177395071,8.37212753295898,0.98123824596405,-8.34210586547852,9.54562222833147,-135.849429987562,-5.52450032619549
106.99,-1.43163561820984,-11.5888700485229,2.06167054176331,39.3889257169927,28.1271817474288,-9.96883099458921,10.7539386749268,1.70013689994812,-7.40567016601563,-8.05351105508153,-123.577150992558,-20.1458837211209
106.995,-1.20196318626404,-13.653678894043,3.48552370071411,77.011195684405,36.4298452968277,-11.7815538088005,12.366192817688,1.97199261188507,-7.44287252426147,-21.4189029163643,-115.554847925568,-32.965402595068
107.0,-1.21560430526733,-15.268798828125,4.14980554580688,94.7976230001435,44.2420380845698,-13.6708891473845,12.152660369873,1.81389939785004,-7.56331539154053,-40.1600199233413,-107.932793943941,-54.9231698709058
107.005,-1.83465671539307,-15.9710140228271,3.92920875549316,112.393617811633,54.3187322803055,-16.5209657248117,11.3774614334106,1.62186300754547,-8.44084072113037,-57.5431484742527,-102.955273095727,-75.9001629630649
107.01,-2.69353628158569,-15.3241033554077,3.42351889610291,123.342643277595,62.2919331173524,-17.8568670566488,10.5469913482666,1.55172181129456,-9.33886528015137,-74.3441843984334,-98.8623163865423,-94.7101351070648
107.015,-3.58543086051941,-13.0150909423828,2.94580006599426,124.082721594923,65.5482736154802,-16.2831521982902,9.91794681549072,1.68024933338165,-9.87540721893311,-90.8487491315006,-94.433300709815,-110.332061814448
107.02,-4.02094173431396,-8.90367889404297,2.71834468841553,118.482253343457,60.6467044708364,-11.7077758129333,9.3553295135498,1.78701567649841,-10.1517839431763,-105.408799989,-83.531970454827,-117.823918730117
107.025,-4.159019947052,-4.86971855163574,2.47192049026489,106.677152457493,48.8163182245649,-6.6216827045593,8.64532852172852,2.578608751297,-10.8857278823853,-119.378223898401,-64.043931280974,-120.820459322785
107.03,-4.03495502471924,-1.27406561374664,2.43159866333008,89.0877556087421,33.5316013715999,0.079438828636844,7.42672872543335,3.00210332870483,-11.1270971298218,-135.572643401637,-36.965765844769,-119.277847438359
107.035,-3.66078543663025,1.56923377513885,2.78913688659668,65.6944738146643,17.3464692180886,9.37340925369335,5.38089466094971,2.1969199180603,-10.0894985198975,-156.369339990275,-2.62598404717459,-112.883260412853
107.04,-3.03010559082031,3.31220197677612,1.76137590408325,47.5233907354382,25.0053840231192,20.6458638136495,-0.976842820644379,-4.88751029968262,0.510573148727417,-165.367485844363,79.2995754337369,-90.4231122329929
107.045,-2.31278872489929,4.43358850479126,-1.18592512607574,30.760583380042,50.8777273726827,32.5138553739438,-5.19911670684814,-17.3896751403809,9.53031444549561,-172.470431788691,149.156168453121,-76.6773633585315
107.05,-1.38909864425659,4.60314226150513,-5.08001041412354,12.5296294238725,86.9189997925338,43.1064508331635,-6.76970386505127,-32.2984199523926,14.0629730224609,-175.867194145965,188.739669184095,-79.3785870620556
107.055,-0.0927222743630409,3.33271384239197,-8.77152919769287,-10.8963621461405,123.804241122083,49.9748788172446,-4.83604049682617,-46.0156135559082,10.1113138198853,-172.997271600131,172.849507287627,-109.507234509899
107.06,1.11317455768585,-0.33422526717186,-10.0353994369507,-31.9078809907803,127.315491110225,40.3942954118728,-7.95710277557373,-49.1237449645996,0.162713512778282,-139.535969950563,96.5741142221288,-138.282739520893
107.065,2.18308424949646,-8.55563926696777,-8.89916324615479,-39.9775104385294,74.1508490637871,18.1040208668603,-6.83484268188477,-36.9064254760742,-2.80775618553162,-122.094726735099,38.709120403996,-150.729953320919
107.07,2.76672768592834,-20.3476886749268,-4.26331377029419,-24.1978490500013,-23.856662317939,-13.7336876141609,-1.85062766075134,-17.8380317687988,-1.56335294246674,-118.835524387709,6.50895768938423,-150.22606294509
107.075,2.1540219783783,-33.9949607849121,6.32671070098877,37.5000744680661,-146.55400298313,-50.5257848002249,5.7007303237915,-7.75057983398438,-2.26184844970703,-122.862112148728,8.12615523954649,-143.382964717546
107.08,-1.70552444458008,-43.7167358398438,15.2015285491943,143.392731888059,-169.837721712731,-81.4326571719102,9.60689449310303,-5.61035871505737,-5.17268657684326,-129.045837574177,11.515719431209,-145.810140741002
107.085,-7.5184588432312,-44.6855697631836,13.9191722869873,207.548630460097,-141.812198793362,-74.4032108932407,12.4473285675049,-3.78579521179199,-6.34478330612183,-142.702350027133,21.192398475561,-157.039012717638
107.09,-13.1119918823242,-36.193286895752,3.82483434677124,208.440994675159,-83.2015805442951,-27.8466778310474,14.6637563705444,-1.04340422153473,-6.25297498703003,-161.834570496174,38.2483353520194,-172.543487492053
107.095,-12.6156845092773,-17.0750846862793,-8.89948177337646,108.943067714645,-34.0212678784819,54.8030678245403,16.5464763641357,3.51345872879028,-7.60046243667603,-179.197594385263,64.8898023983559,-179.715787177214
107.1,-5.93033647537231,-1.56374287605286,-11.2685356140137,49.6004819978903,-10.2857679937771,81.1190148852232,17.1140537261963,5.71755933761597,-9.99775886535645,-188.382286365963,80.5861235261788,-178.620689287207
107.105,0.321992456912994,5.4583306312561,-10.1467723846436,4.25440615946411,-2.76676491813913,77.3093266114869,15.9828462600708,5.10499620437622,-10.7611246109009,-189.335739792962,95.7078071787502,-174.35362422589
107.11,4.65301275253296,4.15690612792969,-7.31591892242432,-30.1786444325677,-7.7659250863045,52.7048473718907,13.2936782836914,2.07284808158875,-9.97694110870361,-183.118546440579,109.95020642852,-168.882915908277
107.115,6.73943328857422,0.187991708517075,-4.22625732421875,-41.9294316542519,-17.2526685226695,24.6413673837561,10.087363243103,-1.06195390224457,-10.7320461273193,-174.732877309744,111.521081635731,-166.298645533911
107.12,9.61849212646484,2.05272269248962,0.319702386856079,-20.5894344982742,-12.1117268608262,-6.20214943384867,6.79802417755127,-2.94913983345032,-10.8108539581299,-165.797528214885,109.476949451119,-157.141192347621
107.125,10.5110187530518,4.12844514846802,3.1871132850647,19.3998067901547,-4.17739065393034,-24.7757769688855,3.94250798225403,-3.92806363105774,-10.6024208068848,-158.106612266046,98.73527486798,-140.912731181563
107.13,8.44496440887451,4.53976440429688,3.16563391685486,65.2766916337021,5.62053534724681,-26.6385181121624,1.87456619739532,-4.19440460205078,-10.3063621520996,-152.248017505467,77.2108762647903,-117.920907416331
107.135,3.78329682350159,3.69307494163513,-0.387001872062683,50.0003315171866,41.6895656558848,-20.7171795263209,1.89442622661591,-4.60744714736938,-10.521520614624,-147.679659139483,44.3736216789301,-93.7634094163985
107.14,0.989004254341125,0.658793210983276,-1.5232173204422,1.1128320492996,94.931747424875,-22.5935298215191,3.4198739528656,-5.96143341064453,-11.068920135498,-143.984280911696,13.6107450628743,-78.7986152090623
107.145,-0.465371817350388,-3.61404275894165,-0.787270247936249,-48.3755729476132,137.41301055274,-29.0077246125849,5.78427696228027,-8.01557445526123,-11.6479244232178,-141.276957849243,-8.0362067708193,-71.7838196861625
107.15,-0.843590557575226,-8.55668544769287,1.40877914428711,-80.0958593777445,153.093431000175,-38.5450797506998,8.60897445678711,-10.6422472000122,-12.0512619018555,-139.382208731968,-16.6637525369581,-72.3597890483021
107.155,-1.22237312793732,-11.708984375,0.946134030818939,-76.4019359802507,129.388849674295,-52.1720038241705,10.5721216201782,-13.1316003799438,-11.3725080490112,-133.059666541827,-18.0198524457183,-77.9162162399992
107.16,-2.72133135795593,-16.4429569244385,-0.779350399971008,-79.9115877041267,97.7211966819083,-64.5521929778714,11.760046005249,-13.9319152832031,-11.6577730178833,-124.338539500096,-11.8072891078195,-84.8183273019722
107.165,-5.54975605010986,-21.1780281066895,-2.61773681640625,-83.7024041651863,68.2897203030265,-70.7935993508615,12.332311630249,-13.4588165283203,-12.0668315887451,-114.923916031177,3.80617115320062,-91.2406927068326
107.17,-9.95562171936035,-24.6562595367432,-3.66068124771118,-82.2819502140663,49.3491071307718,-66.6267195042902,12.3782253265381,-11.965145111084,-11.9385099411011,-106.130416305001,30.8544028584813,-95.7010521216611
107.175,-14.1561460494995,-23.7832660675049,-2.68436074256897,-93.5149134740151,45.7822662329752,-49.760643103738,12.7313327789307,-10.8535051345825,-11.6519403457642,-98.0722615750577,63.7911664703594,-94.9641361819192
107.18,-16.4231510162354,-21.0881576538086,-2.43022918701172,-110.246978147957,36.9785382985169,-30.0521322536662,12.5774879455566,-10.3113250732422,-11.6464338302612,-89.5798775686307,92.4132381118379,-93.170774392684
107.185,-16.8772602081299,-17.4076042175293,-2.9843738079071,-126.41747149853,15.7906426251662,-13.1186666454417,11.4988965988159,-10.1666784286499,-11.7032423019409,-80.7941027864057,113.276754441126,-90.763112219687
107.19,-15.5305662155151,-13.7169952392578,-4.51713132858276,-134.368494711342,-27.7139706705686,-6.23157474256673,8.89950275421143,-10.2341365814209,-11.5523233413696,-71.8693268243818,121.457989179913,-88.2493908692581
107.195,-13.4808006286621,-13.6773405075073,-4.20370101928711,-128.070595843726,-62.4106213145597,-13.8584384580302,6.15318536758423,-9.93758296966553,-11.4672298431396,-63.6634965743935,108.851850538279,-85.2057014807495
107.2,-11.0518074035645,-14.4832572937012,-2.26757383346558,-115.982663654421,-104.15177880434,-26.5035416213319,4.6186728477478,-9.28789901733398,-11.5755405426025,-56.0603827073346,86.0945208276324,-81.4698270613734
107.205,-8.1229133605957,-15.2483749389648,0.663727998733521,-105.476309578757,-144.253226440454,-38.820264657265,4.3484992980957,-8.47231006622314,-11.7839021682739,-49.0376744102813,58.6048125882719,-76.774085667368
107.21,-4.37876129150391,-14.5842599868774,3.52949500083923,-109.794915247551,-164.419387285673,-41.6431579355692,5.43226861953735,-7.82695055007935,-11.9125356674194,-42.626442213768,35.0322314982922,-70.5273039355011
107.215,-1.15040397644043,-12.7150506973267,4.58103370666504,-132.447695252572,-166.06962929104,-38.3104969036557,6.66246938705444,-7.66547155380249,-12.2167510986328,-36.6278900469068,22.9760374905128,-63.5387773201491
107.22,1.08208990097046,-10.9438753128052,4.74692010879517,-154.42628777519,-163.698214931968,-31.9373635023327,8.11080455780029,-7.80725526809692,-12.5800342559814,-31.4156463327704,16.3718831857978,-56.8150264030672
107.225,2.16871237754822,-9.6739673614502,4.30317306518555,-171.792221324865,-156.66193163394,-22.6330817394554,9.41743755340576,-8.33857727050781,-12.8568019866943,-27.0266231211809,13.4096480720099,-50.9002772422275
107.23,1.74347686767578,-9.65007019042969,3.65967226028442,-179.580972903376,-137.394896891061,-9.31649755620787,9.49661540985107,-9.61151218414307,-12.6580410003662,-23.5071666607513,11.3598152407616,-47.0852853266007
107.235,1.06324875354767,-10.1576499938965,3.25153803825378,-192.111706256573,-99.6219700260311,0.590045314802004,9.46727180480957,-11.5172729492188,-12.1727228164673,-17.5463632418855,6.41785406491367,-42.0350229637257
107.24,0.470464825630188,-10.731053352356,2.7932608127594,-206.177456323839,-57.914656123588,7.0168970867301,9.84278392791748,-13.3963260650635,-11.7050838470459,-10.0967578764226,3.90871406387049,-37.4589635594518
107.245,-0.0366317816078663,-11.2312679290771,2.17688155174255,-220.371723230528,-16.6556570552443,9.93274539765674,10.628438949585,-14.957483291626,-11.2938919067383,-1.46501069017062,5.68870447714495,-33.8226835434584
107.25,-0.808677494525909,-11.4752321243286,1.18410158157349,-231.337742207145,18.2739166998225,9.2611089909073,11.3355207443237,-15.501389503479,-10.8158349990845,7.87033989569378,15.0956555091918,-31.5894165905393
107.255,-1.26653325557709,-11.5872173309326,0.680144131183624,-241.585484830265,47.3924184430086,6.07691193900096,11.0363712310791,-15.5645046234131,-10.039345741272,15.6611490686919,26.5293409533743,-29.9432248873503
107.26,-1.55427360534668,-11.8156480789185,0.460831940174103,-251.888770551716,72.194102319416,2.0707496452512,10.1886730194092,-15.5769786834717,-9.19128036499023,22.0982506066867,35.0935802574172,-28.660235323466
107.265,-1.70025146007538,-12.2918796539307,0.493248224258423,-262.189132952202,92.9527137732422,-2.04561860453037,8.99367523193359,-15.7215642929077,-8.33446407318115,27.1102075611489,38.7980392217058,-27.6437819391103
107.27,-1.57761096954346,-13.3544721603394,1.00438416004181,-269.876292296998,108.828347857345,-5.02177919337552,7.939866065979,-16.2900390625,-7.36552619934082,29.9391745851725,35.9019502211612,-26.6454166032241
107.275,-1.57566428184509,-14.6099233627319,1.58951508998871,-275.593789009702,124.291670742012,-6.36777597169278,6.87526893615723,-17.0851821899414,-6.19513416290283,30.6648651090134,31.5272652841868,-25.076153320657
107.28,-1.30228996276855,-15.8066215515137,2.30899715423584,-277.07960104099,143.718231383145,-5.47667363407977,5.72052097320557,-18.1500358581543,-4.89807033538818,30.3472135012837,28.4945212738231,-22.9049335137056
107.285,-0.557137668132782,-16.7797031402588,3.17279171943665,-272.926600138812,168.658694458204,-2.25489239904839,4.43114471435547,-19.514965057373,-3.51453804969788,29.527928895246,28.1042374344594,-20.202055196855
107.29,0.269523859024048,-17.0107307434082,3.65247988700867,-263.527959312551,181.4939176446,-3.02095723829032,3.05064082145691,-21.047924041748,-2.18443584442139,28.9318480410953,25.6286439075248,-19.1298760066085
107.295,0.10514722764492,-16.6170253753662,3.39791774749756,-254.130192750504,181.127437014494,-5.68124164170306,1.8533947467804,-22.13037109375,-1.17728555202484,28.6011798003547,21.9600724646827,-19.8583788608402
107.3,-0.773728430271149,-16.111499786377,2.44822144508362,-241.178460197246,163.71425221614,-10.5686897971246,0.250334292650223,-23.1793537139893,0.0761047676205635,28.2159349330512,18.1869632690464,-22.267318279212
107.305,-2.19074535369873,-15.8955459594727,0.791965365409851,-221.625814264034,125.150403105601,-18.0846555730161,-2.2522394657135,-24.5247592926025,2.04384160041809,27.5180927980037,15.169223476742,-26.363869375447
107.31,-1.31140339374542,-16.5565605163574,-0.0499841943383217,-201.420530095248,85.7463177837451,-26.6909585970625,-5.00785541534424,-25.2435054779053,4.34002637863159,26.2980126914698,7.56276964717893,-31.2521930757428
107.315,0.0515698119997978,-16.6745414733887,-0.0535263121128082,-182.637987990955,59.5782169978363,-34.0876026757011,-7.429030418396,-25.1579074859619,6.20220565795898,23.6339759528817,-7.46885881495949,-39.2191340444154
107.32,1.36953639984131,-16.1370906829834,0.552793264389038,-164.9702010611,42.2757324904553,-40.3111344436333,-9.09863090515137,-24.1570720672607,7.7079381942749,20.2186593867273,-27.6947351503186,-48.2962061494576
107.325,1.97484827041626,-14.7525806427002,1.52873957157135,-148.115944302906,29.029844180212,-45.3172430486187,-9.43475341796875,-22.0312633514404,8.92725086212158,16.8645600985565,-50.7114600777171,-56.0955650117493
107.33,1.86845886707306,-13.6387014389038,2.47413659095764,-130.425399182737,25.284909514902,-47.0410837573869,-8.47194957733154,-19.4804725646973,9.497802734375,11.4856794054656,-58.3356075123251,-59.008046466302
107.335,1.59441161155701,-12.7763948440552,3.28706979751587,-112.473763251354,30.2988011204466,-47.3565701951498,-7.7712721824646,-17.3020362854004,9.79254150390625,5.78045184694479,-52.6135140823093,-60.3902650184483
107.34,1.10300087928772,-12.0514650344849,3.97910737991333,-94.3672869314868,40.9950447003212,-46.7484682080598,-7.42587947845459,-15.528636932373,9.81394100189209,-0.390690875949549,-37.3309521540275,-61.7537142107554
107.345,0.219900354743004,-11.2640027999878,4.5701699256897,-76.23044359057,52.2207952805065,-45.8408043692568,-7.48535585403442,-14.1809053421021,9.49866199493408,-7.52002290825841,-18.439173126791,-65.6069381102614
107.35,-0.214863434433937,-10.2699298858643,5.00578546524048,-56.3741274468591,62.6022764226703,-45.5200381952655,-7.96832132339478,-13.2983665466309,9.37502765655518,-13.4845957377724,5.75915617088634,-72.7814644370912
107.355,-0.345156848430634,-9.43221187591553,5.36904621124268,-37.4313866706779,75.4197274568462,-43.9789528581193,-8.82526206970215,-12.5641632080078,9.19666862487793,-17.7996283638568,29.4901033076225,-82.2039972650689
107.36,-0.237312614917755,-8.65669631958008,5.72010183334351,-19.8334725760318,90.870619397223,-40.9466289043896,-10.0020151138306,-11.8992223739624,8.88343334197998,-20.9279113527833,50.3474519760904,-93.5826143090683
107.365,-0.0103349639102817,-7.54314851760864,6.20260429382324,-3.99971310106939,108.575945046757,-36.1565557677571,-11.3880882263184,-11.1950263977051,8.27946853637695,-24.2841416599753,63.1696738974016,-106.63619864323
107.37,0.0371062606573105,-6.64203500747681,6.24474811553955,13.4672564487907,123.510461025502,-31.1267122554059,-12.3861169815063,-10.7711515426636,8.08452224731445,-29.1316310743181,70.0287820883602,-120.192068258765
107.375,-0.0514178462326527,-5.94067478179932,5.8435115814209,32.6802285368416,134.154901035617,-26.039841786127,-13.5914688110352,-10.2865400314331,7.77172088623047,-34.6623494339793,70.2535431233778,-133.11395288535
107.38,-0.276061981916428,-5.44911336898804,5.01473665237427,53.3420630403179,138.822146880405,-21.0253593692192,-14.9918766021729,-9.70295143127441,7.2085337638855,-40.582924746181,64.4543231972543,-144.818260669733
107.385,-0.681119203567505,-5.2269115447998,3.83537936210632,73.9533063326119,131.158305801436,-16.5044400821148,-15.9347295761108,-9.1829833984375,6.30335140228271,-46.3323150272147,56.1507153742026,-153.717723950692
107.39,-1.11655533313751,-5.0933837890625,2.59290862083435,91.1371470390152,114.968462524944,-13.5913379341214,-16.2201499938965,-8.73779487609863,5.26066112518311,-50.7833853847719,47.7662927528914,-159.608202034316
107.395,-1.60251462459564,-5.0395565032959,1.52739024162292,104.043049022943,99.4698275622691,-11.5617625901777,-16.0706062316895,-8.46565723419189,4.16641139984131,-56.3160161974007,34.8511017116926,-166.168871939681
107.4,-2.14537334442139,-5.05109786987305,0.717100441455841,113.456374755919,86.9092394522098,-9.93808404426676,-15.5508785247803,-8.43546962738037,3.12296438217163,-63.3886565923814,16.1165041202783,-174.410547022433
107.405,-2.7281129360199,-5.01809597015381,0.0838310718536377,129.068541122979,69.7413062563835,-6.67016552172217,-14.676157951355,-8.88490295410156,2.72574043273926,-68.8538597775238,-5.37652214339305,-182.134206898154
107.41,-3.06491804122925,-4.84422779083252,-0.229708358645439,144.665196130433,53.9656012549321,-3.31098841479022,-13.5863952636719,-9.50388431549072,2.70882201194763,-73.2398179417232,-25.8895127375896,-189.578061244335
107.415,-3.24768018722534,-4.47152662277222,-0.444332003593445,160.991165077082,36.8227553439272,-0.438935063378288,-12.3168230056763,-10.1263132095337,3.09911394119263,-75.4991488965151,-42.7842913005815,-195.7208465159
107.42,-3.32199001312256,-3.86089420318604,-0.667786598205566,178.372207005202,16.7374417403661,1.64099158135306,-10.8664207458496,-10.6408052444458,3.8667950630188,-74.9741532361512,-54.4395071003043,-199.779823033963
107.425,-3.38954854011536,-3.05805087089539,-0.840694487094879,194.866553775271,-7.06501406188555,3.42047997572352,-9.06197071075439,-10.6170034408569,3.8122889995575,-71.9031430909626,-60.3517222609619,-198.668633218272
107.43,-3.34414267539978,-2.23832654953003,-0.919357717037201,206.651662697535,-28.526336294977,4.68315677045968,-7.61699533462524,-10.1377248764038,3.14842939376831,-72.3936872771529,-65.2805575207724,-196.090332429241
107.435,-3.25479602813721,-1.54475975036621,-0.766026616096497,212.761335212003,-45.0290227260225,6.05626811912142,-6.36350345611572,-9.36152362823486,2.441645860672,-75.6349398874041,-68.3432211747953,-192.124574332969
107.44,-3.17375588417053,-1.09892225265503,-0.256860077381134,212.079040295053,-54.1861651387048,8.04581172433963,-5.17951059341431,-8.3964204788208,2.14014315605164,-81.1499351515959,-68.7228362586754,-186.749843833573
107.445,-3.1870481967926,-0.802577555179596,0.44507896900177,205.735338178864,-56.6136860867136,9.4075747136954,-3.23224401473999,-7.58950233459473,1.42310094833374,-91.2584921798097,-76.293759444176,-183.193214068586
107.45,-3.11020517349243,-0.608485579490662,0.957723438739777,201.090208486608,-55.8720641466336,10.2599661004137,-1.59091138839722,-7.0948657989502,0.254283875226974,-102.74671326942,-94.4607922212243,-183.724589125634
107.455,-3.03063440322876,-0.537714600563049,1.23926424980164,199.575750641941,-52.7017772018588,10.7459477202385,0.167132556438446,-6.86851453781128,-1.7250908613205,-116.107902003042,-118.979805303736,-186.919232524989
107.46,-3.057945728302,-0.626221299171448,1.21939492225647,203.232101168811,-47.8463494001531,11.0169499897107,2.58188128471375,-6.87581062316895,-5.02815198898315,-132.105898926127,-145.006992456878,-191.191993964074
107.465,-3.1002516746521,-1.16438317298889,0.823994696140289,210.009861806755,-44.6579624540778,11.0111878713722,3.89172625541687,-7.9879584312439,-6.61104011535645,-141.674010406074,-158.522065352501,-192.714320186665
107.47,-3.24305534362793,-2.05843949317932,-0.0738542899489403,215.594265453292,-44.7904168975572,9.72795754331954,3.9909086227417,-9.85005569458008,-8.20962429046631,-150.799443665534,-168.160486799765,-190.814038616162
107.475,-3.52579283714294,-3.47775483131409,-1.20933711528778,219.316609267922,-50.1794259074135,6.91403657226383,2.91435933113098,-12.437705039978,-9.95101833343506,-154.605894429604,-166.877736292501,-184.684285345534
107.48,-4.02891540527344,-5.80839014053345,-2.0923535823822,220.168006008343,-64.8718936423522,2.03384698693926,0.615634679794312,-15.8184089660645,-11.9083833694458,-142.664019005511,-139.26780306337,-172.421746200287
107.485,-4.97594261169434,-10.5920753479004,-1.24052250385284,219.519411244758,-86.6828186812239,-4.00504320994294,-2.60431122779846,-20.220760345459,-12.1655769348145,-127.160732684011,-102.083618014228,-154.553028765428
107.49,-6.58969593048096,-16.8274116516113,-0.406391888856888,215.73566402949,-110.542698018262,-10.5700780330735,-5.1570029258728,-23.9653778076172,-11.4515905380249,-110.167816255477,-74.8816110030867,-138.350686242756
107.495,-8.61552143096924,-23.3145141601563,-0.400271952152252,208.931880370808,-131.566600849641,-16.4187621891662,-6.54711246490479,-25.8602752685547,-10.159273147583,-91.9116358493813,-63.798543074663,-126.956796895772
107.5,-10.2690410614014,-26.9498291015625,-3.01741218566895,199.762952466713,-137.129421098401,-18.1014612534689,-5.80562257766724,-22.880392074585,-9.11379146575928,-72.1825251487728,-81.0407750682807,-127.304453524526
107.505,-8.95709419250488,-24.7100448608398,-5.02570343017578,194.670090213985,-129.671332637989,-12.0313611475045,-5.10933208465576,-17.7748889923096,-8.6314640045166,-57.1641173715466,-104.99412554411,-129.445526584028
107.51,-6.53613042831421,-21.2112998962402,-6.18028163909912,203.949107107122,-122.292720258759,1.02619889036251,-4.75880146026611,-13.7609853744507,-8.7767858505249,-47.0702657406158,-124.957149733224,-126.887087985103
107.515,-3.68087482452393,-17.8732833862305,-6.41232681274414,226.708936667006,-121.794389656915,19.4611367662596,-4.64962959289551,-11.5200748443604,-9.4038724899292,-41.2956584011664,-138.372365263181,-118.682268603112
107.52,-1.68359375,-16.7050857543945,-5.64554023742676,248.495532572054,-146.812990096078,36.5250752093306,-3.99404406547546,-11.0147848129272,-9.7674388885498,-36.8016534744865,-144.006479026498,-106.905369568231
107.525,-0.0882124081254005,-15.9376811981201,-4.26393175125122,260.094751065866,-182.842456533949,51.0835687836994,-2.69864702224731,-10.9355764389038,-10.0053014755249,-31.5994159874842,-154.251680819247,-92.6439687321901
107.53,1.24218654632568,-15.4113359451294,-2.70635795593262,263.026951276553,-210.129840909715,63.5206090169568,-1.25797092914581,-10.9434232711792,-10.214599609375,-24.6125866741409,-165.699528660674,-76.0635001068766
107.535,2.36407566070557,-15.094521522522,-1.1600079536438,258.308328748828,-220.314622849066,73.8864251202592,0.274548351764679,-10.9059467315674,-10.4584302902222,-15.3356854320989,-176.476897812415,-57.3789507266056
107.54,3.41895604133606,-15.1140012741089,0.0404754243791103,252.054662186277,-203.018671417626,82.0574009149129,2.79507160186768,-10.6746845245361,-10.9815845489502,-3.13101762591544,-180.671385283612,-38.4350146673196
107.545,4.44522142410278,-15.4374198913574,1.28998398780823,247.632442547774,-175.659952546168,88.0841139517221,5.02306747436523,-10.4412899017334,-11.7775573730469,6.06455868811335,-176.336510104215,-24.9616281237488
107.55,5.37159299850464,-15.8752918243408,2.62562489509583,242.550508597718,-145.210532094145,91.1378642088781,6.89648532867432,-10.2630825042725,-12.6022567749023,16.8670377496779,-164.619457186841,-10.5885588174202
107.555,6.13519287109375,-16.3221702575684,4.02346420288086,235.515441073361,-115.215100655873,90.4369911773864,8.36058712005615,-10.1707735061646,-13.3323707580566,31.7621281689868,-146.278117982174,7.67169152764677
107.56,6.38124132156372,-16.5656433105469,4.61403942108154,227.570346464749,-86.3346224675258,82.7569010783815,9.37415409088135,-10.1174402236938,-14.0384130477905,50.0337208969443,-131.438862651783,22.1771683199043
107.565,6.09499645233154,-16.8821563720703,5.02614307403564,221.945835947405,-66.6488561473902,72.6197597084911,10.1081628799438,-9.75882434844971,-14.4428453445435,70.0625437134275,-115.166018916498,34.6022710900399
107.57,5.1986198425293,-17.1310806274414,5.15453958511353,218.346613122754,-57.1651418999221,61.1316683924748,10.6416940689087,-9.1465425491333,-14.4565696716309,89.9264823482522,-95.7309888407933,46.2684425131913
107.575,3.59280204772949,-17.1963443756104,4.89810037612915,216.661714737538,-59.3098452049682,49.0902907725525,11.0254135131836,-8.3061466217041,-13.9847497940063,108.085592105863,-71.5643588779408,58.1809856898943
107.58,1.82472729682922,-17.3516292572021,4.67177486419678,216.679609833164,-65.5391279921815,38.251876805104,11.7254667282104,-7.18741941452026,-14.1765975952148,125.468580637897,-50.9137395450816,70.6108849603745
107.585,0.579122424125671,-17.9378032684326,4.54935836791992,217.441968227564,-66.9060127696412,29.7610125157673,12.1483697891235,-6.11905670166016,-14.5310592651367,142.171084253111,-30.0375463846936,84.4716473902699
107.59,0.130677506327629,-18.8960590362549,4.40105724334717,218.147198919746,-61.6094059739714,23.2609588317398,12.3468208312988,-5.18221664428711,-14.778151512146,159.324585259221,-8.57463655950693,99.8211383422287
107.595,0.885836064815521,-20.1811332702637,4.06180477142334,217.783750893631,-46.8738465755592,18.4566464582352,12.3697633743286,-4.48898315429688,-14.570405960083,178.385348289165,13.9738686550035,116.846559641023
107.6,2.37951374053955,-21.1369152069092,3.62113523483276,215.863210982051,-28.7336803476111,19.067502719108,11.9341173171997,-3.66905307769775,-13.7977495193481,195.587972015786,42.2654872067003,136.049267662298
107.605,2.8186662197113,-20.9475994110107,3.15284872055054,211.871047374448,-3.99398726811081,22.0656210854742,11.2698364257813,-2.86963820457458,-13.2875804901123,211.045400447199,65.5870076182633,156.323673345484
107.61,2.27685618400574,-19.7041416168213,2.73315763473511,206.60174767508,21.8954879034384,25.8228825346889,10.5384168624878,-2.16198873519897,-13.0056257247925,224.743945884306,84.219879787274,177.355205498166
107.615,0.978949308395386,-17.5537929534912,2.50381135940552,201.480335231621,38.3936373813277,27.6530744114761,10.014575958252,-1.67526876926422,-12.8238801956177,236.460657292221,99.3315640429005,198.743942884061
107.62,0.195808753371239,-15.7828321456909,2.42154216766357,193.662008934004,47.4478112771774,25.4656465656243,9.37396621704102,-0.810917794704437,-12.4191961288452,244.507193870386,106.998458216429,217.349815315282
107.625,-0.342476010322571,-14.5949783325195,2.22010350227356,182.937778654006,48.2948025455832,24.8178423964363,8.87481021881104,-0.113511577248573,-11.695761680603,249.741604963474,109.806956871057,232.115482187556
107.63,-0.637794315814972,-13.8921270370483,1.93072378635406,170.278788008574,40.4226031308879,26.4776193458844,8.53750419616699,0.286008566617966,-10.6754598617554,253.494138214236,108.889102390013,245.911863254335
107.635,-0.575405418872833,-13.3588886260986,1.73307037353516,158.410255155788,21.8266105683007,30.868008595308,8.34219741821289,0.177669763565063,-9.4297981262207,259.187756585602,106.258817031208,267.387262080419
107.64,-0.377432614564896,-12.5379285812378,1.94816648960114,149.717569021761,6.67540342304192,34.5330095567613,8.3516206741333,-0.0634408667683601,-8.76717853546143,263.574076749827,100.355361588161,286.466685187176
107.645,-0.299140810966492,-11.4884099960327,2.39761710166931,141.537092433972,-2.83803580769409,36.851551421468,8.43711376190186,-0.434713512659073,-8.35075283050537,267.009088166453,93.3591031986688,303.134887592378
107.65,-0.443248361349106,-10.3114032745361,2.99643898010254,132.719372856999,-6.82387850210648,37.7304533336761,8.52158641815186,-0.879110276699066,-8.16525173187256,269.761517798185,85.7463792554477,317.455909149684
107.655,-1.03384268283844,-9.41940402984619,3.52643775939941,120.563685191127,-7.98924153631265,37.3559779671464,8.37394142150879,-1.13306427001953,-8.47627353668213,272.729344275582,77.5597076860812,329.74347410805
107.66,-1.52337694168091,-8.88597297668457,3.7470908164978,105.253467826896,-8.61116611873545,35.6045774450771,8.03160762786865,-1.38817429542542,-7.88568782806396,274.569315275714,64.9153131549059,341.648220623816
107.665,-1.98049604892731,-8.18020248413086,3.83632159233093,86.8376044281948,-7.62625967060878,33.0559367525165,7.86827659606934,-1.62168848514557,-7.53954792022705,276.596979874237,55.2130943256999,353.347597011617
107.67,-2.33479714393616,-7.10114908218384,3.83512187004089,65.3796225844942,-4.16853744810554,29.7613096289962,7.97199249267578,-1.83700239658356,-7.88873815536499,279.191386249332,48.7573873524061,364.707403714642
107.675,-1.8423877954483,-5.54434251785278,3.61498928070068,42.0297500576865,5.36382567549964,24.7359672113081,7.9747109413147,-2.12924790382385,-9.32757759094238,281.719976921584,26.8976776873875,374.217485907401
107.68,-1.11351549625397,-4.10630702972412,3.49361848831177,20.4704252821759,14.7857544586227,21.1792776821654,7.85520935058594,-2.42840766906738,-8.32279777526855,285.608977351962,13.7877366086105,382.793689995323
107.685,-0.415142923593521,-2.84683442115784,3.34548306465149,1.01009010264845,21.0769204672636,18.7020312494516,7.85211420059204,-2.52490615844727,-7.05409669876099,287.259342300734,3.11460681577401,388.509602104139
107.69,0.110372506082058,-1.80536365509033,3.11136674880981,-16.0139300468704,22.4492864715322,17.1620182520051,8.09165477752686,-2.33309698104858,-6.67557811737061,284.986009458144,-7.95318326013686,390.393914692363
107.695,0.467241227626801,-0.945215880870819,2.94464445114136,-29.5588935578483,18.5420613889008,16.6176129015674,8.46257781982422,-2.50496339797974,-7.51786422729492,284.886753149125,-12.8458330314982,392.12446606199
107.7,0.728203952312469,-0.146150380373001,2.83575630187988,-39.8223490311542,15.5311927669014,16.3185137951706,8.68745040893555,-3.16362428665161,-7.25845861434937,284.340447298551,-14.5548547910885,392.22008871037
107.705,0.993920266628265,0.629157483577728,2.80342197418213,-51.6521547113463,13.5764609283354,15.8880206321631,9.08156871795654,-4.44251108169556,-7.28464269638062,282.995992862325,-12.7911838341753,390.962104469038
107.71,1.34479808807373,1.4089607000351,2.86722755432129,-69.0027100901058,12.8697062501947,15.0182643432536,9.90624523162842,-6.48579788208008,-8.7180643081665,280.525103628182,-7.112134256309,388.491543083974
107.715,1.3898845911026,2.12280058860779,3.06229400634766,-86.2502354803303,20.0786729521406,15.0003897381957,11.2464075088501,-9.09218120574951,-9.22985744476318,278.919380795825,7.92338997497726,377.766233634086
107.72,1.34124863147736,2.82268023490906,3.27826738357544,-102.981938154246,32.0306707165842,14.3853329109834,12.6140327453613,-10.6759090423584,-9.76183986663818,277.072087832903,24.891751873445,362.441666042409
107.725,1.20320796966553,3.49415421485901,3.45643162727356,-119.765372680936,47.7952288493101,12.8511298431996,13.60986328125,-11.1439905166626,-10.1368999481201,274.040030256551,43.607288114433,343.873496255406
107.73,0.974310159683228,4.11688804626465,3.52010679244995,-137.317579149656,66.4965634194664,9.92255475541509,13.7036657333374,-10.2937707901001,-10.1204376220703,268.546864276947,63.9711419549892,323.515625660562
107.735,0.596734344959259,4.47638845443726,3.55968999862671,-160.982285831161,85.1703074404705,5.67392608221516,12.7860736846924,-8.59374046325684,-9.80835819244385,258.15631605866,84.255676808714,307.13899037065
107.74,0.266034960746765,4.48607635498047,3.56059050559998,-186.968997283282,102.549122726921,1.9272800276312,11.5989027023315,-7.22765874862671,-8.85122680664063,243.938566961605,106.608625169551,294.471612252917
107.745,-0.0229163374751806,4.1663122177124,3.47336912155151,-213.511686133842,118.080187427775,-0.856896483445318,10.2133741378784,-6.18371534347534,-7.74352025985718,226.013787334038,129.242765588327,283.868481226903
107.75,-0.296026617288589,3.53010964393616,3.19661045074463,-237.721756099816,130.654934519984,-1.89658323651046,8.66546535491943,-5.34884071350098,-7.44307374954224,204.106624929761,148.575301845347,272.458595576883
107.755,-0.543341457843781,2.69302821159363,2.72984981536865,-251.159169744575,134.893708937759,-0.558080189568903,5.24841022491455,-5.311279296875,-7.18895721435547,180.093469317559,160.429682546172,257.063075980108
107.76,-0.694999754428864,1.99631834030151,2.12239956855774,-251.837571453698,131.24179803385,2.00783229049457,0.855947136878967,-5.68619251251221,-6.82142972946167,154.631671563532,154.34152512759,237.473492383864
107.765,-0.773447573184967,1.33235323429108,1.2280867099762,-239.888346746057,119.863454197417,5.08324065062188,-3.64117217063904,-6.26983451843262,-6.2458062171936,129.42806862051,126.667647667449,212.777987213199
107.77,-0.862730741500854,0.266921043395996,-0.422331273555756,-215.268192222316,100.372204834654,7.04445263116287,-6.04436016082764,-6.62840414047241,-5.22580909729004,109.232455999589,68.6525194611701,179.935446060921
107.775,-1.17715668678284,-1.09979438781738,-1.86757242679596,-182.696700297061,79.6757549324645,6.53713008527642,-6.08642578125,-5.95196723937988,-5.51674222946167,96.5173280293693,-8.40205816974822,142.718920066059
107.78,-1.52742147445679,-2.88993191719055,-2.49052453041077,-143.307094976246,61.3577818049481,4.22194952741504,-3.91070628166199,-4.12320280075073,-6.83901214599609,84.0946824197877,-63.6415921577253,114.477904678376
107.785,-1.85746109485626,-5.06829833984375,-2.17021250724792,-97.2101755885862,46.363221633209,0.375217856117252,-0.101146273314953,-1.50969052314758,-8.19744968414307,69.5585167338156,-90.5907592261709,95.1577174033757
107.79,-2.09494733810425,-7.34851932525635,-0.959196448326111,-43.7896712407453,35.5180696841443,-4.37431525298557,2.7605185508728,0.0558722093701363,-5.22752571105957,48.8687979830527,-99.8859158563171,71.1535571503104
107.795,-1.88907563686371,-9.44693946838379,0.728158593177795,5.71621178336671,26.8214527762501,-8.28061826007904,6.06384611129761,0.647461771965027,-5.80180215835571,26.584113947876,-105.476555465567,47.3664090826492
107.8,-1.39338386058807,-11.5647993087769,2.54691433906555,44.0987646214451,21.0491215973417,-11.3289180262774,8.9288272857666,0.855743288993835,-6.39379405975342,4.15712804398385,-110.512078280213,20.6623057865291
107.805,-0.750168442726135,-13.7624282836914,4.30330753326416,70.9448675504098,18.3695837444323,-13.7842216225089,11.0184640884399,0.9004967212677,-6.0510630607605,-17.824071903349,-114.611571480433,-9.65139283027099
107.81,-0.748024463653564,-15.9641742706299,5.36296558380127,105.554358150402,17.2664791651713,-18.021718794909,12.1663732528687,1.0114598274231,-6.84750413894653,-38.614030510371,-106.205452763223,-39.768185631036
107.815,-1.05344939231873,-16.5934543609619,5.40302991867065,125.989860675352,23.3326160538697,-20.1061730012864,12.0243005752563,1.11674880981445,-7.38832998275757,-56.3485620487958,-94.8545799476322,-66.0329916503085
107.82,-1.4173846244812,-15.3169460296631,4.68703126907349,132.96080638378,37.2757881311959,-18.8268119753986,10.8702831268311,0.973259568214417,-7.81049728393555,-72.9320564479116,-82.5414905723376,-87.360967673347
107.825,-1.71927165985107,-11.934910774231,3.33243131637573,125.888541649204,59.7753908987962,-13.3614516959053,8.89725971221924,0.504098236560822,-8.18882846832275,-89.3740088368573,-70.4189839654538,-103.009620910952
107.83,-2.09660649299622,-7.9244441986084,1.70605111122131,101.082257640391,88.4593850352901,-3.77696184921506,7.94878911972046,0.883434534072876,-8.68770313262939,-106.904877794611,-61.3658960696821,-114.857062139581
107.835,-2.50799703598022,-5.00285959243774,1.51673495769501,74.2051695582562,114.788842210151,4.74258539265431,7.64993286132813,1.23426616191864,-9.80332469940186,-131.581217454464,-52.7267791093157,-124.589125480366
107.84,-2.82637977600098,-2.83359527587891,2.57273817062378,55.1453251887551,127.504072633209,10.9030702456791,6.50730895996094,0.698987305164337,-9.31943798065186,-158.732776688396,-27.9185911852712,-128.107355921839
107.845,-2.94492793083191,-1.19483721256256,4.79769134521484,52.251387697799,116.809731261018,13.530045524057,3.28064775466919,-1.45923781394958,-5.37415313720703,-184.793950862848,27.2473560521355,-121.769227240013
107.85,-3.11715340614319,-0.0442203432321548,4.93292856216431,58.368146533531,81.8478712017445,20.179363600885,-0.446661591529846,-6.13791036605835,0.399735569953918,-187.42656531616,99.5974086657757,-106.789816427853
107.855,-2.82860827445984,-0.0695154294371605,3.66920495033264,57.5936918741108,68.5158337154998,29.0816648254449,-4.76569175720215,-16.5684490203857,6.25630617141724,-187.691071221957,148.341914281407,-100.897289287478
107.86,-2.46316027641296,-1.00937604904175,1.41856038570404,54.6644832862808,76.4309233030882,38.4584114803215,-8.54575824737549,-30.9626960754395,10.1290836334229,-184.817050562621,173.057650472394,-103.153300770333
107.865,-2.49718976020813,-2.60579514503479,-1.37723159790039,55.3657319781768,106.746711104001,46.1115257471995,-10.3248014450073,-47.3788948059082,9.26912784576416,-177.595150043708,171.364473897904,-113.005698383914
107.87,-3.59730195999146,-7.81434535980225,-4.75377607345581,58.2174862208189,100.896626759128,45.3849029025368,-9.65465259552002,-39.7678298950195,4.48217535018921,-150.913439522782,112.217480893317,-139.724387549007
107.875,-4.69226026535034,-14.7152404785156,-6.07787609100342,59.7579807466019,68.4675647686353,41.1661853352597,-3.41097545623779,-25.2712059020996,0.176511079072952,-133.194917947772,39.4731658551211,-158.687711100252
107.88,-5.38044786453247,-22.0855712890625,-5.96987199783325,57.5468640971612,19.6992371607262,32.5882566245728,5.14320135116577,-10.404767036438,-2.96005153656006,-124.949445279841,-20.0207751460937,-166.272868399983
107.885,-4.9708514213562,-27.8597373962402,-5.73157501220703,46.9297960701453,-28.7358728383347,17.0348059787136,9.73962879180908,-5.67081689834595,-3.96525406837463,-125.148313067715,-18.6167375546438,-157.009683885342
107.89,-3.7211012840271,-30.5686683654785,0.107504211366177,65.4646857604176,-79.9958585781063,-12.9932114383142,11.714879989624,-4.0687427520752,-5.57881164550781,-130.500872773065,14.9011061084204,-156.873462592535
107.895,-3.00186467170715,-28.9589080810547,3.30534863471985,100.452835217806,-107.586633126615,-30.168972884703,13.4892997741699,-1.64137017726898,-7.2161750793457,-141.935032915395,42.6390883090162,-164.386370151226
107.9,-2.78667402267456,-22.8403377532959,2.67767262458801,135.557999476056,-112.161828511959,-31.4851776585211,14.8989906311035,1.87027978897095,-8.50776386260986,-157.852556549678,64.792704429115,-174.740909612208
107.905,-2.54593253135681,-11.7058115005493,-2.57139492034912,127.88491032095,-103.16484379003,-16.688585397233,14.5538778305054,5.87919902801514,-8.5595645904541,-173.674116026122,95.2025029537635,-174.747329990028
107.91,-0.0555220283567905,-3.40915393829346,-0.879282116889954,98.4050625423666,-80.2020688193382,2.92969032960991,13.9464168548584,6.64918661117554,-9.89297676086426,-188.411423952962,108.903329674054,-165.670281790648
107.915,2.52239298820496,1.5079437494278,1.57279396057129,85.5063459174459,-55.3427722972818,15.0780660645317,13.1932535171509,4.84229469299316,-11.060661315918,-195.569120693677,105.893791231395,-157.581124832062
107.92,4.65410709381104,3.30568718910217,2.61666536331177,87.4188535265628,-31.6540540857497,17.348695859758,12.1111278533936,1.02062928676605,-11.504207611084,-193.236938941198,92.3656521838904,-152.409742724635
107.925,6.01115608215332,3.74005603790283,-1.68456757068634,57.4952688481709,-11.3797858601211,10.7965440540626,9.72819042205811,-2.85470581054688,-10.0650453567505,-178.995762295289,97.2151684568695,-149.090707920116
107.93,7.88623952865601,4.03240966796875,-4.6650824546814,18.3264630526547,-22.1603745922825,-8.0092633820909,8.48038578033447,-4.54226589202881,-10.3944454193115,-171.366673218817,88.8218904952993,-143.49905061268
107.935,8.21164798736572,3.32500600814819,-4.52412223815918,0.363917895104848,-21.8778455248123,-22.5188195048302,7.40828132629395,-5.61375617980957,-11.2294569015503,-165.771696439444,78.0864382144943,-133.352039619439
107.94,6.13946676254272,1.44976985454559,-1.31542861461639,9.37612766898302,6.36871085383542,-26.8186523986904,6.1645770072937,-6.59694385528564,-11.9616651535034,-160.711974264569,68.3775770263204,-118.710381661736
107.945,0.959988176822662,-0.329163402318954,-1.2013908624649,2.46786516788879,79.1963576149997,-20.1872934505113,4.56539726257324,-7.54579257965088,-11.0704832077026,-156.277146096858,57.2542212270774,-107.476421194168
107.95,-1.95888638496399,-3.56179594993591,-2.81002283096313,-15.9830900352205,126.217114729417,-23.9006060475115,5.04143524169922,-8.87790966033936,-11.0585403442383,-151.223106639372,30.8179159879351,-95.8435230375584
107.955,-3.22637224197388,-7.85312938690186,-3.43487238883972,-37.411241027721,150.623607275542,-33.4603078570433,6.97544813156128,-10.1950130462646,-11.2721881866455,-146.290808473652,3.34412486410512,-88.7516624902533
107.96,-3.15806603431702,-12.8857126235962,-1.74437379837036,-56.8743670865763,152.401177667416,-46.4215787694776,9.99790954589844,-11.259162902832,-11.362455368042,-141.678463689413,-16.6187654959898,-88.8185915139302
107.965,-3.29854726791382,-15.6391973495483,-0.465438514947891,-63.8074086602057,123.5708808789,-55.6649489053367,11.8631801605225,-11.5860996246338,-11.0319166183472,-133.792545839769,-9.77911224510835,-91.6931449280218
107.97,-4.41692638397217,-19.0116958618164,-0.664559602737427,-66.0854543333234,90.3788184562254,-61.1266208826782,12.1964378356934,-11.2899513244629,-11.0697469711304,-125.95482180491,5.73681078012982,-94.5564285299828
107.975,-6.59887790679932,-21.5991649627686,-1.46467936038971,-67.5139474170965,62.2303999431198,-61.1365929588664,11.7993154525757,-10.8765230178833,-11.2959079742432,-118.49177462716,26.6772504073983,-96.4463828544604
107.98,-9.97770881652832,-22.2360401153564,-2.2045271396637,-71.0697029178701,46.9203396732394,-54.0318882408271,11.2651281356812,-10.7412118911743,-11.578634262085,-111.686201458916,50.7861857623316,-96.537722974231
107.985,-12.5853500366211,-19.7436180114746,-1.70294046401978,-80.1759911570871,41.3161148177306,-41.0564412707705,10.9769945144653,-10.5631217956543,-11.5516061782837,-103.332757160586,78.3538742714461,-95.2071133314533
107.99,-13.5518941879272,-16.9492244720459,-1.51032149791718,-90.2302276908318,26.3284582596951,-31.7327378649883,10.3376722335815,-10.2303876876831,-11.582426071167,-94.6636761603304,100.278521959999,-94.2834805103708
107.995,-13.1969442367554,-14.3711862564087,-1.64775538444519,-98.4014425421065,2.85302337716722,-25.6247182562993,9.25325012207031,-9.80432605743408,-11.622353553772,-85.8962199454594,114.389986483379,-93.4518981487326
108.0,-11.8203983306885,-12.6773672103882,-2.16712260246277,-100.987912237385,-28.637789614306,-22.4318626589595,7.5715012550354,-9.3548002243042,-11.6108570098877,-77.2957891765519,117.360654319471,-92.3237558035216
108.005,-10.1045694351196,-12.5014171600342,-1.1530476808548,-99.6918770121862,-52.2543315093313,-25.631266700166,6.48500728607178,-9.04068946838379,-11.7830610275269,-69.5457920913919,104.51971426474,-89.4601375222912
108.01,-8.16746807098389,-12.6352567672729,0.441000938415527,-99.7753897351679,-81.3601956950056,-31.0400405699331,5.18449878692627,-8.61153030395508,-11.8863382339478,-61.9304043743945,84.326423908137,-85.3802674555566
108.015,-6.04698944091797,-12.8429689407349,2.14166712760925,-103.220728397819,-110.111774553337,-36.0634807799374,3.99126744270325,-8.20056819915771,-11.9413566589355,-54.9100832284561,60.5279274811699,-80.3533301886973
108.02,-3.78321170806885,-12.8124933242798,3.16365313529968,-113.583764614129,-125.992988901992,-36.1850615622582,3.61055636405945,-8.08855247497559,-12.0087909698486,-49.4952561035371,38.9541295348081,-74.7349805019849
108.025,-1.94618535041809,-12.2466907501221,3.28813505172729,-129.545110742127,-130.413910804553,-33.2344881427044,4.66206455230713,-8.57721996307373,-12.0967979431152,-45.727938908317,28.2671955027722,-71.2921143678132
108.03,-1.01879692077637,-11.5160284042358,3.10948467254639,-144.118016015645,-126.235515259041,-27.1653049896361,6.28479290008545,-9.16952896118164,-12.4047660827637,-40.5638514429237,16.9737901913106,-67.0225699478274
108.035,-0.906939923763275,-10.8784236907959,2.81613326072693,-156.71665510957,-114.326301799558,-18.1384023315949,8.01540470123291,-9.7968053817749,-12.784966468811,-34.1568812844525,5.98009101930827,-61.6966206594833
108.04,-1.23539471626282,-10.9579277038574,2.72968101501465,-167.997928297518,-95.4695155389868,-6.36984125014306,8.82891082763672,-10.4431915283203,-12.7416973114014,-27.9487464704568,2.12889333810822,-55.6416101489428
108.045,-1.36765050888062,-11.5565538406372,2.87199425697327,-181.000067646851,-73.4511303342651,1.71973704573754,9.24672508239746,-11.3619518280029,-12.3122472763062,-21.7345020522485,-0.160400936200946,-50.3036772936998
108.05,-1.4964679479599,-12.0903291702271,2.78475165367126,-194.227794484091,-50.7722043651006,6.3683117146558,9.6917781829834,-12.3618221282959,-11.8782634735107,-15.7050108359945,0.876505849830719,-46.1731408837021
108.055,-1.61088478565216,-12.4120922088623,2.39833331108093,-207.059643557038,-27.6143472388821,7.61832128324594,10.2231035232544,-13.3790512084961,-11.4515256881714,-9.67516103480899,5.91415279994779,-43.3368399440572
108.06,-1.46698307991028,-12.4190702438354,1.84616887569427,-218.090740576067,-2.32398339104106,5.42982920854406,10.6932764053345,-14.3073930740356,-10.7053670883179,-2.5902341967285,16.3360895794524,-41.7096737328013
108.065,-1.18974602222443,-12.3718957901001,1.59560656547546,-227.297111577192,27.922151421376,1.25154806870068,10.4965114593506,-14.8951349258423,-9.95179748535156,3.78463300542663,26.4424780226047,-41.2526111339224
108.07,-0.84281724691391,-12.372465133667,1.50399231910706,-235.196580522149,58.2959377736256,-2.674757574264,9.88939380645752,-15.2961711883545,-8.97970771789551,9.59534429794187,34.4193313033102,-40.8493294445682
108.075,-0.509060025215149,-12.4848480224609,1.53413164615631,-241.883281078078,86.5541379172609,-5.42278088020743,8.9983491897583,-15.5654582977295,-7.80029439926147,14.6771373753465,39.2312986113272,-40.0698375206351
108.08,-0.693784356117249,-12.9294652938843,1.74103188514709,-247.012753144757,107.996205420195,-5.80991514859011,8.23175430297852,-15.7661161422729,-7.13831806182861,17.4517395086714,38.1164580595248,-38.5306339006052
108.085,-0.631188094615936,-13.5571718215942,2.03142523765564,-251.448961010681,126.139974572931,-6.86299499548315,7.67202854156494,-16.1294937133789,-6.36251544952393,18.7054651270569,38.2466961066186,-36.0319662871069
108.09,-0.604049861431122,-14.2744131088257,2.40650653839111,-255.405471030816,141.569617794799,-6.53036606356399,7.01648902893066,-16.7890129089355,-5.3962984085083,18.7269511946384,38.4007851742941,-33.372051567683
108.095,-0.774936735630035,-15.0307703018188,2.86569142341614,-258.839498900201,153.819739656136,-3.96194002052511,6.09894990921021,-17.8479957580566,-4.18366432189941,17.6848487424021,38.0453284695083,-31.0312876825117
108.1,-1.34819877147675,-15.7179660797119,3.3024160861969,-259.432495923942,151.67836606831,-4.7325672126892,4.8993444442749,-19.6025447845459,-2.63455677032471,17.1050664271582,39.1569212663603,-30.2352223045575
108.105,-1.23312735557556,-16.3330726623535,3.45042943954468,-255.881644498992,152.328080982918,-7.16803337825003,3.43424868583679,-21.3599090576172,-0.819259822368622,16.1416870277482,39.3095213527968,-30.7756029660269
108.11,-1.20948946475983,-16.6812191009521,3.30934524536133,-247.186239949676,149.04862029445,-11.1156504920856,1.82412362098694,-22.8514232635498,1.00656759738922,15.4242098063842,37.106016949186,-33.1241088706224
108.115,-1.90351390838623,-16.5909576416016,2.86115622520447,-232.234764611221,136.250648959787,-16.5464696511725,0.155967473983765,-23.8469696044922,2.64008688926697,15.4687221492052,31.2901655124335,-37.7668753174252
108.12,-2.53124237060547,-16.478401184082,2.05449604988098,-214.04150390776,106.141870532239,-25.1689021669439,-1.70513701438904,-23.9796085357666,3.82532262802124,15.9445814286799,18.3201263446523,-45.4791970791234
108.125,-3.1517071723938,-16.2827453613281,1.37202334403992,-196.911280186341,70.397175171434,-33.5070400113446,-3.68608450889587,-23.6334381103516,4.85010194778442,15.0445861847676,5.32991549381782,-53.1671418956739
108.13,-3.45406770706177,-15.9222249984741,0.99159437417984,-179.318475073194,32.3925819501357,-40.5023968158666,-5.57479000091553,-22.8078746795654,5.69510364532471,13.0107838075013,-7.41093283438226,-60.3509709401532
108.135,-3.02331233024597,-15.2814292907715,1.15990352630615,-159.310719975206,-3.80409178748517,-44.721787156777,-7.09769153594971,-21.4653148651123,6.32222270965576,10.0600678077486,-19.5445897250861,-66.389158694768
108.14,-1.04799342155457,-14.0178470611572,1.87476599216461,-135.589677893427,-23.1946069590477,-47.5334857550315,-7.99122762680054,-19.7748718261719,6.71422004699707,5.85870404360516,-26.3492100819409,-70.6706149646663
108.145,0.712772369384766,-12.4578809738159,2.42553496360779,-112.728454175314,-33.1096083790144,-48.438420933261,-8.80556774139404,-18.1450214385986,7.10624217987061,0.754136874351858,-28.720580044783,-74.9506983665414
108.15,2.04479718208313,-10.7552366256714,2.73883152008057,-91.487699667977,-33.385910021509,-48.2159650870883,-9.64927196502686,-16.6965713500977,7.68690156936646,-5.29658246312087,-25.7297699808287,-79.3383162667092
108.155,2.68229055404663,-9.15176868438721,2.72543025016785,-72.9979267922673,-21.9280576604956,-48.2766718084314,-10.6732139587402,-15.6345176696777,8.80867576599121,-12.5110000829113,-14.9579742634499,-83.866342365645
108.16,2.79369115829468,-8.44243812561035,3.18863439559937,-55.1369855277785,0.258157805253342,-45.7976683095536,-11.3335456848145,-14.7533950805664,9.39336776733398,-20.4748990560822,-6.0662209854026,-90.8480456220161
108.165,2.6452431678772,-8.08802509307861,3.80141973495483,-35.7217527553833,26.0374409746338,-41.1841077516418,-11.7958278656006,-14.0724220275879,9.53296375274658,-27.9165660341823,3.26347228283832,-99.239465772132
108.17,2.27386069297791,-7.90819406509399,4.53474855422974,-14.8825262863307,52.5850800047946,-35.1107308624231,-12.1442718505859,-13.4672918319702,9.30450439453125,-34.3714106960934,13.4775503976435,-108.531924477556
108.175,1.66984844207764,-7.5902853012085,5.43402194976807,6.33723520770589,74.3482278704221,-29.2603938005512,-12.5532999038696,-12.5762901306152,8.86520195007324,-38.8606447356381,25.1122628232516,-117.707245438714
108.18,1.33873665332794,-6.97829103469849,5.48793268203735,25.536210957487,92.2513216473736,-24.7052569732524,-12.6898555755615,-11.6787557601929,8.01730537414551,-42.0906821752721,28.8171281837957,-123.718453946108
108.185,0.991620063781738,-6.18931293487549,5.13192129135132,43.5755379800762,106.640679247325,-21.5465847651612,-12.5872926712036,-10.8437700271606,6.86752796173096,-46.4728120184419,30.9909076041386,-130.888445027328
108.19,0.54976898431778,-5.31497764587402,4.54404926300049,60.6963053045891,117.602292751928,-19.7349112387612,-12.2799243927002,-10.1075687408447,5.48542976379395,-52.2738077937496,32.4583464265591,-139.673939771797
108.195,-0.0653163567185402,-4.66577100753784,4.11982727050781,77.1624570537641,125.191097372676,-18.9381286909442,-11.8945293426514,-9.57017421722412,4.08890151977539,-58.3273498136185,30.6695198829328,-147.883417342803
108.2,-0.766448378562927,-4.32059574127197,4.01833534240723,91.956899513011,129.587895047088,-17.7923678727691,-11.566840171814,-9.26565647125244,2.8199827671051,-65.2704283502332,25.2314086431333,-155.64816763657
108.205,-1.43466639518738,-4.21047401428223,4.01413726806641,103.750334435873,131.014134168435,-16.3458943160059,-11.359245300293,-9.18819236755371,1.69194304943085,-72.45921611205,18.3055251077541,-163.329220792248
108.21,-2.0403208732605,-4.31064510345459,4.00747966766357,113.051665557029,128.963738700354,-14.3969544778561,-11.2635040283203,-9.34245109558105,0.746683299541473,-79.4301413299109,10.0318181453414,-170.995643682723
108.215,-2.68158626556396,-4.55395841598511,3.79595923423767,128.337833825192,119.521644210593,-10.2739389599083,-11.0121088027954,-9.72504234313965,0.247702494263649,-84.1836729544838,-4.04229591544984,-178.227939749553
108.22,-3.269038438797,-4.76782512664795,3.24238085746765,144.170239642038,101.623898471762,-5.6888013804538,-10.5252361297607,-10.1859397888184,0.522539436817169,-86.7612634038415,-17.7461804260542,-184.336751660186
108.225,-3.54193162918091,-4.82833099365234,2.51242113113403,159.680383473465,77.4736404723499,-1.62044370428701,-9.88572025299072,-10.5648488998413,1.0397766828537,-86.5106227820587,-29.6139346372748,-188.731500277847
108.23,-3.33620381355286,-4.65217065811157,1.67151629924774,174.32507403516,48.1449721008552,1.32724171918664,-9.13673496246338,-10.7578010559082,1.53427314758301,-83.1274251804763,-38.7354268775843,-190.958264890676
108.235,-2.4903736114502,-4.07040882110596,0.499973684549332,186.89947961791,18.2946087579131,2.10057665446982,-8.42110633850098,-10.4981212615967,2.03955411911011,-80.1585605143252,-44.4905101212912,-190.171768607749
108.24,-1.86456990242004,-3.28116393089294,-0.841473937034607,198.979857617993,-9.16561611612135,2.20750262559613,-7.76010990142822,-10.0281372070313,2.59047913551331,-81.7494003644804,-49.2841178808191,-188.153010575904
108.245,-1.47360730171204,-2.38524866104126,-1.99557316303253,209.257420847029,-32.9109113458696,2.09704395256504,-7.14229154586792,-9.45152759552002,2.95244860649109,-86.5092021027114,-52.8729007613243,-185.445223060587
108.25,-1.34365499019623,-1.45637178421021,-2.66650915145874,216.580093976957,-51.6594049571503,2.11327867189193,-6.56117725372314,-8.84428310394287,2.92717123031616,-93.5250699653109,-54.989405630382,-182.438532806813
108.255,-1.53142940998077,-0.669718325138092,-2.6369891166687,214.957473256594,-60.593736353823,1.53835496902551,-5.13038015365601,-7.80104160308838,2.22560095787048,-102.781540403998,-59.129815078825,-180.612058260481
108.26,-1.72957301139832,0.0039097149856388,-2.79105472564697,209.470276862324,-66.0776201063453,0.251397518800616,-3.26744747161865,-7.09536647796631,1.13351058959961,-110.02714850952,-65.7823441983365,-180.046709842501
108.265,-1.89854228496552,0.478620678186417,-3.08929347991943,201.827240539566,-68.5964026269493,-1.63340388151541,-1.07931554317474,-6.78332424163818,-0.553571224212646,-117.585476826191,-77.950155449985,-180.556706407447
108.27,-1.98641002178192,0.631198048591614,-3.49327898025513,194.009406015569,-68.5318095279685,-4.01856783827321,1.32467460632324,-6.9656343460083,-3.13831281661987,-128.399974886261,-99.8307279278234,-181.991360321852
108.275,-2.21877646446228,0.283523887395859,-3.69890117645264,194.670103874363,-67.0900658772055,-5.98361582380682,2.96422028541565,-8.11438465118408,-5.72285175323486,-139.817059555666,-122.428668343999,-182.37288102851
108.28,-2.68982315063477,-0.636033952236176,-2.99538660049438,197.439759243182,-63.853020663483,-7.38457769569612,3.45726656913757,-9.91497325897217,-7.88328313827515,-149.212681438314,-142.832383168551,-180.182275437147
108.285,-3.42679047584534,-2.31901240348816,-1.3938957452774,199.629845740168,-60.2056245146153,-8.25731280085731,2.76674628257751,-12.4708890914917,-9.78846454620361,-153.865761470763,-156.42829818319,-174.351588829518
108.29,-4.49936819076538,-5.20114278793335,1.1041305065155,196.755797760075,-58.7727737701517,-8.62931563890747,0.738058388233185,-16.0908374786377,-11.7760915756226,-148.397566662764,-154.064752202042,-162.634044138524
108.295,-6.10161781311035,-10.4858818054199,3.4360249042511,194.860242680478,-64.256370654729,-9.88989620589867,-1.94025635719299,-20.7219009399414,-12.1252355575562,-131.761998901416,-129.823386309292,-145.151546580473
108.3,-8.52326202392578,-17.2812328338623,4.09468936920166,191.521222742447,-77.4903334546814,-12.3645241148394,-3.82624936103821,-24.2789974212646,-11.6325769424438,-111.853138112421,-104.632268952072,-130.365771631282
108.305,-11.3004322052002,-24.4857406616211,2.58208560943604,185.461888722162,-94.4906469780864,-15.0389205428511,-4.71530055999756,-25.6683540344238,-10.6026649475098,-89.8255389825085,-85.8962472662161,-120.831223700916
108.31,-13.0106544494629,-29.2567253112793,-2.19997572898865,173.6012242473,-103.70658024405,-14.8622645301578,-4.44586706161499,-22.2692241668701,-9.58291721343994,-65.9746481744182,-88.133325464692,-121.379660570512
108.315,-10.3022127151489,-27.5751266479492,-5.16271734237671,163.654720287334,-102.340077957184,-4.08200236641606,-4.48460578918457,-17.7163066864014,-8.95673370361328,-50.3226310686466,-103.862288066558,-119.515442398827
108.32,-6.37145376205444,-23.8081016540527,-6.25079965591431,173.844269698726,-100.590115189935,15.1145529350779,-4.57071256637573,-14.66579246521,-8.87685203552246,-39.5044276309522,-122.236125311296,-114.05883159166
108.325,-2.34034204483032,-19.5708065032959,-5.59269237518311,204.163260858359,-104.833991759019,39.8627086189598,-4.62739562988281,-13.3683662414551,-9.34689903259277,-32.1542629896156,-139.954564924037,-105.17871140643
108.33,-0.248362973332405,-18.0334892272949,-3.84325909614563,236.359078718885,-134.633451409625,58.9811969926747,-4.55710363388062,-12.3376731872559,-10.2310619354248,-25.2635924945024,-152.463400690755,-94.8430437581241
108.335,1.34493923187256,-16.9669551849365,-2.16597318649292,254.25884619371,-169.677116644588,69.7606835030588,-3.66735053062439,-11.8910465240479,-10.6081733703613,-16.0377776523575,-162.358883137621,-83.1455046912093
108.34,2.86263012886047,-16.1509704589844,-0.509004473686218,261.810221377806,-192.182344072969,76.6535328285173,-2.19028949737549,-11.5053043365479,-10.6836252212524,-7.49158797697,-168.681958082517,-72.6556113714446
108.345,4.39390420913696,-15.5797433853149,1.11719822883606,260.984861318502,-194.620079568882,81.3308190513853,-0.206061750650406,-11.0072479248047,-10.5763607025146,-0.164722284831022,-171.58834017814,-63.2595523566898
108.35,5.50778532028198,-15.7499294281006,2.49159502983093,259.287613951267,-168.794642543444,85.8888433411558,2.13579654693604,-10.434814453125,-10.7485418319702,10.0857168756293,-175.854093843137,-46.678912976647
108.355,5.87337398529053,-16.4465427398682,3.62902927398682,256.232224448711,-136.677549443291,89.4626783526624,4.50401973724365,-10.3453893661499,-11.6602811813354,22.7116015941538,-177.271371756293,-28.3857283131759
108.36,5.74697351455688,-17.3124008178711,4.51076745986938,250.648872651305,-104.848492250627,90.531145335095,6.86806058883667,-10.5388946533203,-12.8306617736816,38.0435970165537,-172.899941404458,-9.85905619424877
108.365,5.25384426116943,-18.1417255401611,5.10043001174927,241.92128425062,-77.0333391576942,88.0166521732899,9.21664237976074,-10.8904695510864,-13.9845018386841,56.208563661378,-161.183216336165,8.00452323080691
108.37,4.70577096939087,-18.4546012878418,5.17685270309448,232.598841014739,-57.502303943016,79.4790864655032,11.641167640686,-10.7704172134399,-14.4785995483398,73.6426420084031,-147.823065791296,22.8841833990071
108.375,3.7457070350647,-18.7262210845947,5.04055595397949,223.365026313529,-46.5564886659637,69.0210286574598,13.7304735183716,-10.0574541091919,-14.5037813186646,90.7189618768921,-127.974508742483,36.806332154068
108.38,2.50364947319031,-18.9456424713135,4.79682779312134,214.400430348644,-42.5191536022854,58.033610698173,15.4156055450439,-8.92296981811523,-14.2601594924927,106.690082005592,-101.816550787491,50.9920237582537
108.385,1.06579971313477,-19.1009578704834,4.52289199829102,205.865221056121,-44.4787143845945,47.5916618912871,16.6169357299805,-7.47757005691528,-13.8905515670776,120.893446724255,-69.105401984277,66.4292519051959
108.39,-0.359624087810516,-19.4993762969971,4.28899765014648,202.970026810358,-49.0147522954267,38.9714713851107,17.5906009674072,-6.00181579589844,-13.9859447479248,136.270634093298,-29.5488292741063,82.5301456281262
108.395,-1.3464549779892,-20.0965232849121,3.84174156188965,203.511373943594,-52.5159311696374,31.568212268261,18.2095985412598,-4.89692974090576,-14.0797128677368,151.604326817707,13.1504287326295,99.493890318715
108.4,-1.46814501285553,-20.6784057617188,3.3008131980896,205.199742064908,-50.903408883962,25.1650277421372,18.4304180145264,-4.1690468788147,-14.0957612991333,166.563001175547,57.2279113383945,117.34733545059
108.405,-0.122225813567638,-20.9749870300293,2.80938720703125,205.246788407911,-38.6591200041769,19.5663985191059,18.167760848999,-3.85487484931946,-13.932502746582,180.701233210285,100.572746018875,136.192646993355
108.41,1.96197521686554,-20.8715877532959,2.83005261421204,203.411393634524,-19.7005827079927,19.7940709222573,16.8196411132813,-3.44478559494019,-13.0254611968994,193.003264509313,135.05219664726,155.946742525948
108.415,2.31994438171387,-19.8976211547852,2.77126336097717,199.934458516772,1.43132793244382,21.4631300987874,14.9726505279541,-2.92232394218445,-12.1660165786743,201.489241798299,156.672176917695,171.969519375341
108.42,1.48321402072906,-18.2610836029053,2.68525052070618,195.483797970565,18.8045745870083,22.8484154058711,12.8453693389893,-2.30726289749146,-11.4924154281616,208.132679936025,169.22629683861,188.142314499664
108.425,0.592562794685364,-16.3358726501465,2.73038053512573,191.196829738007,21.2618478390417,21.1129036113586,10.760703086853,-1.62905275821686,-11.2028560638428,216.687327946926,179.368567680567,212.32347910507
108.43,0.369964212179184,-15.3331842422485,2.56760334968567,188.457104258131,18.1274996421323,17.2098483592154,9.14864158630371,-0.95917671918869,-10.6465587615967,224.898007631225,180.393164357961,236.925765853942
108.435,0.292195290327072,-14.6309204101563,2.33996987342834,183.782591092066,12.1119326202749,14.1500465544548,7.98483562469482,-0.236651390790939,-10.1402006149292,232.051852145248,176.737250963198,260.842848025279
108.44,0.321774452924728,-14.0473766326904,2.1549665927887,177.086861026054,4.09173709353062,12.3752731250457,7.22217130661011,0.455180466175079,-9.71125221252441,237.729405911686,168.658366609123,283.486564369272
108.445,0.549686312675476,-13.2909746170044,2.27713656425476,169.200861214141,-4.55084405340548,12.1926885081529,6.76891183853149,0.848901271820068,-9.33151531219482,240.835393455614,154.890235204752,303.43227402884
108.45,0.722568154335022,-12.2851228713989,2.77328300476074,161.041407948617,-3.78159442501962,11.7642401330282,6.4678635597229,0.952490270137787,-8.54045867919922,243.399746998361,136.414669122516,319.939611818711
108.455,0.729330062866211,-11.2068061828613,3.32623410224915,151.973047749861,0.180574126698204,11.0800447159423,6.38288545608521,0.812359392642975,-7.80042600631714,245.611498855394,118.601604069014,333.942892975827
108.46,0.543927431106567,-10.161150932312,3.83165955543518,141.239186903133,5.43688095197528,9.89404554581945,6.46660900115967,0.423236310482025,-7.19283056259155,247.496740349344,101.907187397777,345.637269665156
108.465,0.155908152461052,-9.46176242828369,4.11985492706299,125.944576521155,9.34526204412373,7.06785542058028,6.43412494659424,-0.285894811153412,-6.63525676727295,248.987989211212,83.0900640457163,354.999218715196
108.47,-0.552854597568512,-8.38433361053467,4.47822952270508,105.42073232948,12.4979023414041,3.465824961293,6.78228998184204,-1.27247631549835,-6.75278997421265,252.873492584735,64.0364112426979,363.420377508958
108.475,-1.24408137798309,-7.1349892616272,4.73840999603271,81.6356982053672,16.3397351929219,-0.45119818778537,7.01188468933105,-2.32941770553589,-7.60889434814453,258.058753636555,39.7538080828332,370.768267697301
108.48,-1.72750246524811,-5.77047395706177,4.83369207382202,55.2816865004398,21.6509312726588,-4.47447101254052,7.00885820388794,-3.297208070755,-8.89289569854736,264.371433033535,11.3404934893733,376.663185403886
108.485,-1.4156140089035,-4.220871925354,4.71801519393921,27.2997077445763,30.5269977406167,-8.12263683835029,7.26329803466797,-3.45166945457458,-7.76023292541504,273.117189737412,2.61880082260185,378.700822078597
108.49,-0.880085110664368,-2.84071516990662,4.42336416244507,1.58713927500721,37.0333130005658,-9.73103710486157,7.91431427001953,-3.05286264419556,-6.492027759552,276.107200669234,-10.2859737532258,378.021655388288
108.495,-0.361184656620026,-1.58672118186951,4.05927181243896,-21.1988342213065,40.2530402696477,-9.89603227709428,8.55957317352295,-2.62754011154175,-6.02548027038574,277.727075653551,-21.2195911661941,376.839431605229
108.5,-0.0023055931087583,-0.45361253619194,3.68027806282043,-40.4830844559883,39.5528229363164,-8.92300950434979,8.98913478851318,-2.45661640167236,-6.76592302322388,280.2701736476,-26.9804442122024,376.17433510461
108.505,-0.0853359773755074,0.36858868598938,3.29696655273438,-55.0831021654163,35.5288306471817,-8.08691068012289,9.25203323364258,-2.61893057823181,-6.30426502227783,284.721681137264,-30.3761017863782,373.861387164833
108.51,-0.0343482345342636,1.16688072681427,3.06262135505676,-65.7524826112852,34.0341462001619,-7.48696650022284,9.65236282348633,-3.3110089302063,-6.52344560623169,287.724150334132,-30.406123882875,369.933536618456
108.515,0.145031198859215,1.93188452720642,2.96919059753418,-76.7340197776967,35.0904144647369,-6.90816517089856,10.0971355438232,-4.25655698776245,-7.09154367446899,289.680207229397,-27.8347728113241,363.121351827095
108.52,0.456184864044189,2.65409731864929,3.01889324188232,-91.423741776589,38.8710436986494,-6.18067147711674,10.5150566101074,-5.25118541717529,-7.76573896408081,290.846147841474,-23.1110805756877,352.237882516787
108.525,0.706735491752625,3.32275009155273,3.29148507118225,-104.809771908223,49.6589586624694,-5.97961205229272,11.007248878479,-6.32531881332397,-8.07425975799561,289.111088546994,-14.7203895482656,336.426677607124
108.53,0.993275463581085,3.9573540687561,3.54975700378418,-118.095364108111,63.1593739721332,-6.99164331604763,11.5303173065186,-7.39588356018066,-8.72699069976807,284.434977116664,-6.21541622253777,318.386454122206
108.535,1.32710349559784,4.51991081237793,3.75203704833984,-131.866951588203,79.1852995387334,-8.9124047818897,11.9354276657104,-8.31368160247803,-9.47848224639893,277.941461631219,3.81835919888768,298.654146893066
108.54,1.72605276107788,4.95713758468628,3.84166121482849,-146.898736290918,97.6960342650059,-11.4293960853838,12.0265083312988,-8.87950611114502,-10.0279455184937,270.902651163198,17.2757511469696,277.774285921094
108.545,1.89330339431763,5.03771448135376,3.58567261695862,-163.418436723186,116.089501473418,-12.7916995134576,10.9984636306763,-8.61856555938721,-10.0327749252319,259.701250207403,34.0060980283353,258.880507355978
108.55,1.84310328960419,4.80961275100708,3.04274988174438,-179.549854561517,130.595826062907,-12.7398173965222,9.26212787628174,-8.15861225128174,-9.46702861785889,245.512324508646,51.0453914413336,244.163935883458
108.555,1.58701717853546,4.32940101623535,2.22323322296143,-193.241952300049,139.712216151906,-11.5653501470393,7.32547378540039,-7.60351800918579,-8.62449073791504,229.286417833337,67.2709975883191,232.418496699894
108.56,1.12378489971161,3.67267346382141,1.11142241954803,-200.549257504343,140.420752655647,-9.72995110478354,6.08664035797119,-7.07399272918701,-8.03539657592773,212.486365456396,80.7821636157366,221.441125948877
108.565,0.766934096813202,3.04924917221069,0.112907290458679,-196.989526833473,128.921937942633,-7.71346069574234,4.80745840072632,-6.09722328186035,-7.85430669784546,191.238999325942,84.8838902878151,205.695504515624
108.57,0.393505334854126,2.08670902252197,-1.30150640010834,-186.98571758637,111.999563707847,-6.41533543265722,3.53588795661926,-5.14402484893799,-7.67534589767456,168.663134081164,83.8203956830983,188.864566023257
108.575,0.0189189407974482,0.803298890590668,-2.94589257240295,-170.904187449737,92.3936901104333,-5.81675942502529,2.17718529701233,-4.29858732223511,-7.42762088775635,146.868902024624,78.0736384399897,172.431950502907
108.58,-0.267358899116516,-0.641646862030029,-4.10784769058228,-147.64981121281,75.3646146604333,-5.59951415941563,0.43037223815918,-3.64441585540771,-7.04623126983643,130.93188503045,67.0766377252973,159.410659303141
108.585,-0.496498942375183,-2.04579043388367,-4.24486589431763,-118.755925363121,67.149304107877,-5.62086490387427,-0.610649526119232,-3.0177698135376,-6.25063514709473,104.207711223453,43.2255966530452,135.075760799896
108.59,-0.951548039913177,-3.7886369228363,-3.82115149497986,-88.466331337676,61.1537367336832,-5.6208636232138,-0.528580248355865,-2.24720811843872,-5.78175258636475,76.4974766663608,17.0506537251353,107.847232164208
108.595,-1.63884735107422,-5.85489273071289,-2.94475030899048,-58.44773189774,55.5605084827381,-5.5845043918277,0.935978174209595,-1.26106512546539,-6.04434871673584,50.3444705985177,-8.94256433594353,79.8521104168343
108.6,-2.3049418926239,-7.79368162155151,-1.65566837787628,-32.2342649953639,48.4824415024618,-5.70170830355101,4.5762505531311,0.103656053543091,-8.18640804290771,27.8162954420719,-33.5912255079595,52.5966605905323
108.605,-2.54991149902344,-9.95238876342773,0.247203633189201,-13.1895025373239,42.3954418009435,-6.060195904781,8.09653568267822,1.60206031799316,-9.6806001663208,5.00440831476888,-45.7557719291847,30.2009279247349
108.61,-2.54693508148193,-12.0108203887939,2.30008268356323,10.5200742181598,35.2610974770009,-6.86870247230834,10.7044706344604,2.68453311920166,-9.52792072296143,-17.1750314699213,-40.5235430815369,12.9885472728847
108.615,-2.37528777122498,-13.7948942184448,4.23044681549072,41.6758882020719,27.1427431672603,-8.15564031241979,12.1325931549072,3.13372898101807,-7.73537445068359,-37.8962869116294,-17.7757380696874,0.593132133420026
108.62,-2.25491285324097,-14.8175363540649,5.096022605896,68.8209792468593,24.4145026504741,-9.46178848645873,12.6483068466187,2.82630968093872,-7.51798295974731,-53.2310041644135,5.57898602586516,-12.1022585110893
108.625,-2.36684489250183,-14.5045747756958,4.95280313491821,84.0947302311119,28.427235372762,-10.1677278107673,12.0270729064941,1.97997105121613,-7.75014686584473,-65.9616981357519,19.9698338877165,-26.3497821102839
108.63,-2.53396344184875,-12.9492931365967,4.58467578887939,89.3482863444431,37.6804870848029,-9.93944581323253,10.8544120788574,1.16587376594543,-7.73656415939331,-77.5153114564761,32.34099011624,-40.5997645775797
108.635,-2.67694354057312,-10.1609077453613,4.40290784835815,85.4702756884391,51.2832835150306,-8.50609134231762,9.46524715423584,0.714037179946899,-7.18837738037109,-88.7953415499955,45.7560656273191,-54.1580076838514
108.64,-2.9953875541687,-6.66142416000366,4.58828735351563,80.8900601140552,62.2117740172531,-5.09967024378352,8.87716674804688,1.10655224323273,-7.75728607177734,-103.686198959566,51.4099971845126,-69.2483646737945
108.645,-3.11744093894958,-3.26265573501587,4.58413314819336,73.7110053718058,65.2509144997745,-0.933055920816163,7.8578724861145,1.47070109844208,-8.4132833480835,-119.511262323055,61.575241367743,-83.0210586445317
108.65,-2.9333860874176,-0.336932241916656,4.63126945495605,63.8404121342752,64.391519607836,3.87371788211064,5.84903192520142,1.01503002643585,-8.14701747894287,-135.090582310395,78.7913683783529,-92.7161911524738
108.655,-2.33715462684631,1.79044008255005,4.92451143264771,51.0397326296063,62.5712673638384,9.2643080807598,2.34567356109619,-0.940586507320404,-6.09865951538086,-149.469974664348,105.51134161901,-95.8874753048674
108.66,-1.25984442234039,2.57995796203613,3.60857844352722,47.4486548055399,77.7381190573911,13.7781564145259,-5.30794811248779,-10.5190114974976,3.69892954826355,-166.218609377217,163.163848252063,-98.6800118074055
108.665,-0.44560968875885,2.76507806777954,1.35350120067596,49.5818219210779,106.129692304949,19.6108459751298,-12.407904624939,-27.164623260498,10.0611333847046,-180.126404489737,196.079335824677,-114.058469591634
108.67,0.388912975788116,1.88183104991913,-1.88183665275574,54.8913138686169,135.931392257602,23.1553982581173,-17.4260025024414,-43.5557823181152,10.2939443588257,-183.92994559322,187.666427899432,-139.701506415288
108.675,1.60130488872528,-0.734900832176208,-6.22449827194214,60.4202358885263,152.407693667884,19.70395852899,-18.2820606231689,-50.4739303588867,0.541092038154602,-167.726127749687,113.900453165186,-173.482119408553
108.68,2.18132853507996,-8.66699028015137,-5.98900985717773,70.8072324084449,114.875872480556,2.60254710681133,-11.7069110870361,-33.0011672973633,-1.3051894903183,-129.576543272687,-6.88905643603498,-183.970571558403
108.685,1.91178369522095,-17.9704914093018,-3.76134061813354,79.6501075721311,46.8940229543674,-16.9577836429907,-4.26956510543823,-17.1356639862061,-1.5811380147934,-116.03443648833,-78.1438596148465,-174.252906256389
108.69,0.654835164546967,-27.7597560882568,0.0139657128602266,88.5909822900287,-34.7007111914527,-38.5762971303013,2.83619332313538,-5.90173530578613,-2.20014214515686,-121.471881784685,-104.520895887466,-155.553965667537
108.695,-1.93175184726715,-36.8229942321777,4.92973184585571,101.425495136751,-101.919167549581,-62.8883588960563,8.00502681732178,-2.78054475784302,-6.15670824050903,-132.323003319085,-100.283890488686,-147.871573794782
108.7,-6.41629028320313,-39.0192260742188,7.53868865966797,151.266027548116,-93.9780686016337,-66.2889529894547,12.7128477096558,-0.0937861576676369,-9.41178607940674,-156.284085569055,-92.9649876231807,-158.163644345615
108.705,-10.423056602478,-32.1562156677246,4.82831048965454,175.467928607843,-78.5034963954044,-50.9899917769756,17.3345222473145,4.03119802474976,-11.7271356582642,-182.083677158674,-79.957356801755,-171.475696698349
108.71,-12.1818552017212,-18.1693820953369,-1.15755355358124,163.751408445225,-61.9619188672249,-17.0709513398013,21.6465854644775,8.57617282867432,-12.9868679046631,-204.91425381798,-56.803408251289,-183.477404579572
108.715,-7.202561378479,-2.83857750892639,-3.67546939849854,105.726185219352,-38.4766207646487,37.7340016169499,24.8345050811768,9.93621635437012,-12.8445119857788,-214.619078364354,-10.5612013484734,-186.890327164422
108.72,-1.8068151473999,3.70666742324829,-1.77628087997437,68.5545882088505,-13.4411224374789,51.0170495713726,24.111442565918,7.64789199829102,-12.6407833099365,-208.540633474772,47.2509652252977,-180.125188716064
108.725,1.37951064109802,4.49272966384888,-0.868439435958862,42.7740630922994,7.14411149445571,45.6892697923309,21.208927154541,2.94122886657715,-12.6190433502197,-196.205844588484,105.627311400927,-170.668504942237
108.73,2.43567705154419,1.74720299243927,-1.98904609680176,23.0019887942642,18.3957980104668,27.8239930652665,16.783561706543,-3.03250956535339,-12.7865581512451,-181.56831206504,156.267064737643,-160.897482202426
108.735,4.35744428634644,2.83914685249329,-4.56945514678955,-6.41803335737938,3.52573340427683,2.85233160707034,12.1679496765137,-6.13078689575195,-12.9338750839233,-173.551445828629,171.438963940992,-154.419266340723
108.74,5.66574430465698,4.15786266326904,-5.34213352203369,-7.32814752654712,-8.15397203871502,-15.16512536324,8.00582885742188,-6.49266767501831,-13.4652681350708,-164.251077764146,180.54442572732,-140.922047559591
108.745,4.17291975021362,4.07287454605103,-4.73281478881836,-2.40723037697541,10.8066527340342,-19.2843595177086,5.3056492805481,-6.04704713821411,-13.0893173217773,-154.422449208876,178.817029905088,-125.61247906333
108.75,-0.439294427633286,2.09452414512634,-3.1390278339386,-0.440481514255914,66.5659786320013,-9.76940227742953,4.53122711181641,-5.55875301361084,-11.5448007583618,-144.668338017451,164.361590224917,-110.615220966869
108.755,-4.00067472457886,-0.859724104404449,-2.91573238372803,-10.8003271250892,125.243471263231,-11.3030982036674,6.25437450408936,-6.04382562637329,-10.5201635360718,-137.866343868332,137.832220243238,-99.0623862877103
108.76,-5.34728813171387,-5.48849582672119,-0.852060437202454,-40.5793798780018,151.816964266948,-19.8415680577455,6.6711254119873,-7.01392650604248,-9.92639350891113,-131.039747377823,115.806280849295,-91.5814303539571
108.765,-5.52013492584229,-10.0055446624756,1.45346534252167,-67.306664836165,145.566070761201,-30.8698117652488,5.90107393264771,-8.24413967132568,-9.88639831542969,-124.398576862901,90.8462083011294,-90.3175175084245
108.77,-5.05585718154907,-13.5842018127441,3.05000877380371,-78.6781238419141,105.069599134439,-42.1146322335968,4.06551742553711,-9.65016269683838,-10.417088508606,-117.998990138922,59.642523228872,-96.523379576974
108.775,-4.89829158782959,-18.4254684448242,1.76663529872894,-69.7466406341253,44.4149477385033,-53.0612022465524,3.39846205711365,-11.5911340713501,-10.101414680481,-110.67092798974,36.2160467154279,-106.151801627293
108.78,-6.21866130828857,-21.0954608917236,-1.35185897350311,-69.6275289651894,-0.525395813399688,-56.7521750023248,4.08658027648926,-12.7565011978149,-9.85617828369141,-104.260515415927,13.7509355493625,-114.695978958196
108.785,-8.48293876647949,-21.6667499542236,-4.25582981109619,-77.58103153667,-23.8760720080128,-53.1791766889914,5.61211252212524,-12.9141082763672,-9.83859348297119,-98.247674493322,-3.69133646334566,-120.72709063683
108.79,-11.3238706588745,-20.0686073303223,-5.30079460144043,-93.5125980398865,-19.638955618659,-41.8908069344955,7.61423540115356,-11.8174819946289,-10.1877326965332,-92.2427907411002,-12.5706506862539,-122.9540191742
108.795,-12.0984563827515,-17.8222045898438,-3.37825918197632,-106.263939673086,-20.2981884018757,-33.8657000748511,8.82645511627197,-10.3409261703491,-10.4786243438721,-83.8152320600858,-14.0097741056966,-118.004304026097
108.8,-11.7702302932739,-16.0655879974365,-2.10548996925354,-109.679334786416,-37.5367594140983,-26.0622755424559,9.54049205780029,-9.50725555419922,-10.8745546340942,-75.9279345122302,-15.5843145631712,-111.109262209915
108.805,-10.8507251739502,-14.775276184082,-1.56703281402588,-106.310719638711,-63.3682001758172,-20.595673876081,9.90709495544434,-9.01750469207764,-11.4197301864624,-68.4343837096474,-15.8602661584707,-103.381470069746
108.81,-9.93715381622314,-13.9576406478882,-1.9255987405777,-98.8425088379492,-88.4192303531596,-20.3031351663821,10.088942527771,-8.52251148223877,-12.1811752319336,-61.1807842827964,-12.9360325096774,-96.154699625955
108.815,-8.7025728225708,-14.0275545120239,-1.28427505493164,-92.3337278797098,-128.996332363073,-27.9290891860255,9.90644454956055,-8.01512050628662,-12.185941696167,-57.2228091870845,-9.739982945127,-92.3633299195726
108.82,-6.52666664123535,-14.053035736084,0.210881873965263,-95.3450421715525,-156.176414466979,-35.2614936279728,10.2879066467285,-7.48373079299927,-12.2980194091797,-52.4979916777823,-5.01530033206094,-87.6847664513298
108.825,-3.73584985733032,-13.8726053237915,1.96682620048523,-107.437113455495,-168.491641691483,-40.9015257502054,11.1111736297607,-7.0831503868103,-12.3466453552246,-47.0719937784758,3.60510276375331,-81.8911062991907
108.83,-0.949163377285004,-13.2567300796509,2.90271782875061,-127.83224956245,-164.640658094025,-42.8850502512176,12.0935792922974,-7.1216893196106,-11.9106435775757,-41.423075580133,20.8840137269877,-74.8881748148791
108.835,0.964944779872894,-12.3810167312622,3.03691673278809,-143.227687196955,-155.692878054877,-38.8849089826646,12.4063730239868,-7.64900350570679,-11.7749118804932,-36.1938042043958,37.9801650497318,-66.7745179677401
108.84,1.71796572208405,-11.9361200332642,3.13858509063721,-153.473353442568,-142.541703977854,-30.3911452780252,12.0109539031982,-8.51642799377441,-11.619797706604,-30.9054995036622,50.9746136060594,-58.9620656328095
108.845,1.57784926891327,-11.9572706222534,3.22261500358582,-160.777571401358,-124.630912577708,-18.7862543121071,11.0798978805542,-9.69810962677002,-11.4055967330933,-25.5173032863171,59.4077491365311,-51.9855055088833
108.85,1.34780359268188,-12.3381767272949,3.05102944374084,-171.351728764913,-99.5848069667571,-7.26738701746433,10.0805892944336,-11.2014656066895,-11.1276617050171,-20.0753671405823,62.9529110139021,-46.9628507706336
108.855,1.4624160528183,-12.5513772964478,2.87014508247375,-185.486654988093,-66.6964625659052,-1.18546662881104,9.77491092681885,-12.5447473526001,-10.9307298660278,-14.238223442866,63.4489944835093,-44.2404090844528
108.86,1.88012719154358,-12.6626052856445,2.79405426979065,-198.673769520528,-32.4161529329614,1.62610582438725,9.69931507110596,-13.541223526001,-10.6577224731445,-8.16080478920597,63.2776865089362,-42.4146892740246
108.865,2.46256923675537,-12.6885776519775,2.81948471069336,-210.006583315953,2.79278431033888,1.65503733177266,9.63350296020508,-14.1813154220581,-10.245735168457,-2.05192607078547,63.1163642709296,-41.0990992172318
108.87,2.6055850982666,-12.6415815353394,2.81707501411438,-219.763535866073,43.2183190864846,-0.98930829160333,9.01296329498291,-14.6070528030396,-9.55830001831055,3.26886727850898,63.7444821273824,-39.8930209984964
108.875,2.17008399963379,-12.7329835891724,2.71224474906921,-227.827803615324,73.8590428918766,-2.53360339077264,8.39074325561523,-15.0640821456909,-9.08786010742188,7.42164940119001,61.8350207826352,-38.8449967722496
108.88,1.13820946216583,-13.1117343902588,2.62020254135132,-234.46449352615,95.3591123612427,-3.35237317130156,7.51777410507202,-15.7938661575317,-8.30959701538086,10.9217704498529,57.842583967466,-38.1751942712923
108.885,-0.350999176502228,-13.8683853149414,2.60114812850952,-239.590058724624,109.045903042789,-3.69191233367006,6.36604309082031,-16.8547267913818,-7.08301401138306,13.8844093985756,52.1091797441848,-37.9566589537032
108.89,-0.987029135227203,-15.2459001541138,2.81665444374084,-242.164275060532,126.052124679826,-4.67401285470832,5.45908880233765,-17.9810428619385,-5.80432033538818,15.9769514027039,46.6413913324415,-38.0738137734418
108.895,-1.10681188106537,-16.4121475219727,3.16857218742371,-242.999361309214,150.09884384161,-2.01243562455174,4.60364151000977,-18.9541244506836,-4.39765691757202,17.5250615894115,42.2518439038332,-38.4873270861727
108.9,-1.04542779922485,-17.0222244262695,3.51778340339661,-240.364356289694,174.199931309187,1.88258326970264,3.7077522277832,-19.7937984466553,-2.99269795417786,18.8657184404583,35.7589533806978,-39.580328108104
108.905,-1.08135509490967,-16.8384323120117,3.75178718566895,-233.373439108132,193.220505506055,5.54374651861612,2.71943473815918,-20.5016059875488,-1.65455496311188,20.1915554885534,25.6326412757365,-41.5803543461509
108.91,-3.22510600090027,-15.4148235321045,3.16989684104919,-225.996315710141,181.047073008719,4.22351449450862,1.61687994003296,-21.0502529144287,-0.321635007858276,21.9760602299824,16.6598251781853,-44.2640688597377
108.915,-3.75230860710144,-14.7355060577393,2.40561437606812,-214.025111453752,157.977002596356,-2.34472838309768,0.85079824924469,-21.3954105377197,0.555042266845703,22.7033643860148,4.06542080154538,-48.3409814545616
108.92,-3.81346559524536,-14.5651998519897,1.62493348121643,-199.533567393627,125.871329572496,-10.9442733618472,0.216090217232704,-21.5521965026855,1.24984848499298,22.7345595675015,-8.86890501461318,-53.1003528908749
108.925,-4.29574966430664,-14.7478065490723,0.958968281745911,-184.01791842973,85.6581263811819,-19.1392504412444,-0.442443162202835,-21.5211143493652,1.97002601623535,22.3144175561811,-19.5520260935449,-58.0182837536754
108.93,-4.13075637817383,-14.8753681182861,1.20120131969452,-167.458602900276,41.4997717743231,-26.3310622693162,-1.67679667472839,-21.0991897583008,2.76506376266479,20.6178071040864,-24.1697923404382,-61.961119735092
108.935,-3.05772542953491,-14.630126953125,1.70687162876129,-149.567550746831,11.9259977955943,-32.8261418680806,-3.07347822189331,-20.4766502380371,3.47242522239685,18.295098823986,-26.2017275147401,-65.1829063062087
108.94,-1.4943470954895,-14.0183086395264,2.34283518791199,-131.256783468889,-4.48386252264928,-37.8155813963965,-4.42106294631958,-19.7096481323242,4.16392278671265,15.5077037463457,-27.429740885995,-67.7123234313504
108.945,0.072307363152504,-13.0195398330688,2.95183038711548,-113.63988144835,-8.50214349297736,-40.1672257729157,-5.4501371383667,-18.8576183319092,4.9285626411438,12.4226720765647,-30.0308049879828,-69.5321453734302
108.95,0.863986432552338,-11.6659955978394,2.96732044219971,-96.5122600290052,-5.480295768774,-40.968038132343,-5.6963586807251,-18.1725082397461,5.4667272567749,8.19524516432211,-30.6647148448517,-70.5147705383741
108.955,1.24571704864502,-10.4161109924316,3.03895878791809,-82.2109640580223,2.35623212920728,-41.3279310449947,-5.8120551109314,-17.6431312561035,5.97967576980591,3.46282544103031,-26.9008178668584,-71.9273151304353
108.96,1.29995095729828,-9.3488130569458,3.26500916481018,-69.9267800432952,14.2398353675101,-41.3382992721548,-5.96055459976196,-17.0872859954834,6.48619794845581,-1.76995131585501,-19.8159514332634,-74.0885099272324
108.965,1.11001539230347,-8.58460807800293,3.77952599525452,-58.0927942873311,29.376370412658,-41.0186703246603,-6.38610601425171,-16.1581382751465,7.00003480911255,-7.61406436784573,-11.3567126273311,-77.5477070437095
108.97,1.00779354572296,-8.10766124725342,4.11379528045654,-44.0934268286087,47.9602906158872,-40.1962472466991,-7.62607192993164,-15.2707223892212,7.22899532318115,-10.7869408080896,-2.62301334177245,-80.6810904763987
108.975,0.953410387039185,-7.48169755935669,4.41702556610107,-28.7876149363921,66.4022385070285,-39.2102957796294,-9.08395290374756,-14.4575815200806,7.34068965911865,-14.6113028894841,9.20734857195012,-85.5757816205483
108.98,0.956424951553345,-6.71725845336914,4.67228937149048,-12.5079282053321,83.8023981346353,-38.0171266184253,-10.5732955932617,-13.6767959594727,7.25193119049072,-19.1985091624834,21.5772164560414,-92.2891335746188
108.985,1.06436288356781,-5.99106407165527,4.77172422409058,4.17903929084125,98.7536002655232,-36.347459555059,-11.7714586257935,-12.7975244522095,6.64154958724976,-23.7335891392845,26.0703761468116,-100.394355138133
108.99,0.931779444217682,-5.34775161743164,4.77375078201294,22.1939108211073,109.781541737156,-33.8644706408005,-12.6771383285522,-11.8219089508057,5.81723117828369,-28.3086001095208,29.19913724898,-109.560045532561
108.995,0.603970289230347,-4.82868909835815,4.57907199859619,41.519613473862,117.48484081896,-30.6289997856817,-13.2749757766724,-10.8160419464111,4.8319525718689,-33.5414641647614,29.2352723647839,-119.20912207493
109.0,0.0920946151018143,-4.46146059036255,4.16246032714844,61.5243086471022,121.574348282614,-26.7096391644425,-13.5364456176758,-9.85417461395264,3.74150156974792,-39.5640995786361,26.0792383172597,-129.193506264033
109.005,-0.597066819667816,-4.33342266082764,3.50549077987671,79.2764757339639,120.101896101342,-22.3656217768414,-13.3437938690186,-9.21673393249512,2.75324201583862,-46.3742250679619,20.9946935273931,-139.399325186028
109.01,-1.37232542037964,-4.42363929748535,2.81477570533752,90.9138613248584,115.670879179188,-19.244262892186,-12.7813186645508,-9.02941131591797,1.86506259441376,-53.3984462519164,11.5368076402714,-149.223882948553
109.015,-2.18998599052429,-4.58383274078369,2.13278555870056,104.007306643016,106.251194540095,-15.9380363999078,-12.0003871917725,-9.20216941833496,1.27659571170807,-59.7540670482075,-0.0212714852493008,-158.289770618829
109.02,-2.99320888519287,-4.7479944229126,1.48182845115662,120.720246787282,91.0474529948346,-12.2055463392655,-11.062876701355,-9.69822597503662,1.11651229858398,-64.8551938298315,-12.7281087447375,-166.311663874469
109.025,-3.43683576583862,-4.77832746505737,0.921396672725677,137.17616691308,70.5264911429898,-10.0325404378462,-10.1021633148193,-10.3809185028076,1.79026472568512,-66.6092547105825,-24.6983396991705,-172.234639998164
109.03,-3.79815459251404,-4.72372961044312,0.328194141387939,153.128142021537,49.5603717119894,-7.9272191497807,-9.142502784729,-10.8561964035034,2.22873330116272,-64.5348511275687,-33.0657312437863,-174.824292561596
109.035,-3.95664572715759,-4.56929349899292,-0.149174392223358,166.286692702863,27.9297670823006,-5.5748426623599,-8.36665439605713,-11.0940809249878,2.47060513496399,-61.7873392320394,-40.292300196997,-175.46844770222
109.04,-3.84175086021423,-4.29094171524048,-0.408935278654099,175.313279464655,5.59097258097171,-2.86321124464453,-7.8652982711792,-11.0578927993774,2.53238248825073,-60.1605247755258,-47.4003448775404,-174.803665390302
109.045,-3.53119301795959,-3.69673919677734,-0.146742329001427,180.658093735487,-15.4945658774772,-1.00981358670877,-7.35059833526611,-10.6096296310425,2.5401725769043,-62.639548764971,-50.5428910090012,-173.048880509499
109.05,-3.17023992538452,-2.90005397796631,-0.0338271036744118,186.503793098913,-34.0442173140931,0.140966900237931,-6.73000288009644,-9.86709213256836,2.67438888549805,-65.2046331379585,-49.7117628549428,-171.278796004956
109.055,-2.79298305511475,-2.03954815864563,-0.198317021131516,191.152023697051,-50.576048162327,0.416249924071413,-5.84659862518311,-8.92633056640625,2.52070283889771,-69.725016255213,-48.7705457118421,-169.500515273408
109.06,-2.42555904388428,-1.22167778015137,-0.759175062179565,193.177693880337,-65.378850773118,-0.375164842109905,-4.55940532684326,-7.85165643692017,1.73171663284302,-77.8081626473296,-50.7875927813007,-167.719160956733
109.065,-2.16652035713196,-0.627928137779236,-1.76514399051666,194.059266396511,-79.4438221988184,-2.92634481757707,-2.51837801933289,-7.17474842071533,0.701756298542023,-86.7212863066294,-64.9229219856413,-168.10069532377
109.07,-2.05724453926086,-0.337902694940567,-2.33230686187744,194.621117757636,-89.3755592897989,-5.71011626641929,-0.220442935824394,-6.85991907119751,-1.3479483127594,-96.1290522656216,-77.8053486093916,-169.397761907534
109.075,-2.05821466445923,-0.32611358165741,-2.51585936546326,194.653451873167,-94.9834929380271,-8.52277407936538,1.96673083305359,-7.04738283157349,-4.26977777481079,-106.430439194483,-94.6355904224633,-171.455684244081
109.08,-2.12826228141785,-0.581940650939941,-2.35564064979553,193.851888192931,-95.6955743099467,-11.110602982289,3.57267951965332,-7.95194435119629,-7.94534873962402,-118.195481020965,-122.251575199199,-174.13867817271
109.085,-2.61850881576538,-1.67968046665192,-1.16676020622253,189.862688887428,-89.7097058043743,-12.3141198800857,3.00707674026489,-10.0666379928589,-9.85900115966797,-125.999395619433,-149.460794890104,-172.284281813051
109.09,-3.50795745849609,-3.89668154716492,0.39690375328064,185.833218786579,-83.1747447310462,-11.6963967177761,1.52376341819763,-13.0816822052002,-10.8148212432861,-124.40714192012,-151.957966692174,-164.46689808154
109.095,-4.75506830215454,-7.40306901931763,2.02017092704773,182.36210299,-78.7010937680929,-9.91564260397503,-0.544260382652283,-16.8361511230469,-11.0095119476318,-115.007449244727,-133.604729297972,-151.697763805553
109.1,-6.32099151611328,-12.6277141571045,3.18096089363098,180.310997182245,-80.8045324852683,-8.14255623129099,-2.75957894325256,-21.1355724334717,-10.651008605957,-100.56085465953,-102.081500655585,-135.521744831942
109.105,-8.54711246490479,-19.1238231658936,2.11481976509094,173.705630518953,-95.7858899013418,-8.24975519654069,-4.01217460632324,-23.4574928283691,-10.0750341415405,-83.1086968017721,-93.9103199552563,-123.844320672133
109.11,-10.125283241272,-23.9673957824707,-0.45703661441803,167.138226047067,-107.856166051643,-7.1553014787503,-4.57192373275757,-22.9182834625244,-9.15472030639648,-64.9872418770553,-96.7702226135782,-118.90184552455
109.115,-10.3039932250977,-26.0554485321045,-3.70891332626343,163.159654515913,-114.937029994384,-2.90730481149201,-4.65056037902832,-20.1829223632813,-8.09056186676025,-47.819530662377,-105.609996871381,-119.191909998222
109.12,-7.24549961090088,-22.9920711517334,-5.56287050247192,167.756071299008,-116.270296580749,9.33844466155841,-4.7221622467041,-17.3075790405273,-7.49887895584106,-35.5642724987849,-110.759242335708,-120.006369075611
109.125,-3.33888387680054,-18.7789001464844,-5.62566089630127,192.660279729952,-119.790671701622,26.8174793137005,-4.87739086151123,-14.0291795730591,-7.34214735031128,-28.7622032175851,-118.517387836548,-115.83157986998
109.13,-0.207380414009094,-15.8325109481812,-4.67585039138794,216.47456755428,-132.959563289351,42.1957373148961,-4.95502185821533,-11.8397846221924,-7.92464876174927,-24.1711276424209,-127.317389902814,-110.550395641457
109.135,1.84073317050934,-14.5410375595093,-2.94381666183472,233.439937829891,-156.074712950237,53.6425845336093,-4.78894710540771,-10.9538164138794,-9.10678482055664,-20.3181137712319,-137.786348692773,-104.154039596956
109.14,2.9900598526001,-14.2991905212402,-0.726093351840973,238.078729106597,-183.064205455542,59.949137250903,-3.76522064208984,-10.8798570632935,-9.93281555175781,-13.5716464987442,-154.41755879343,-92.7186568507642
109.145,3.69412088394165,-14.2997951507568,1.35727250576019,236.103711606196,-186.730377794439,64.0904721899785,-1.83699893951416,-10.77552318573,-10.7665395736694,-5.20163045393982,-166.288851042641,-80.0717966212985
109.15,4.03172063827515,-14.5846424102783,2.94752645492554,232.747793780159,-170.667439432726,67.6648536166188,0.381043791770935,-10.5752782821655,-11.7587738037109,4.66112386085769,-175.247791610893,-66.532865874905
109.155,4.02259635925293,-15.1554937362671,3.89340615272522,229.614130309714,-137.038429318278,71.159888735671,2.63050651550293,-10.2934274673462,-12.8882331848145,16.055877653658,-180.577811691983,-52.0462293056993
109.16,3.69955682754517,-15.8404598236084,4.09466648101807,225.48216639018,-98.1957855461974,74.2229690312332,4.46208000183105,-10.2486267089844,-13.5302515029907,29.2832578587978,-172.193631542387,-35.5115536836761
109.165,3.35189294815063,-16.4759559631348,4.22754955291748,219.010370906296,-68.0183295665453,74.2210360876981,6.02945518493652,-10.3388137817383,-13.5979509353638,44.6231284893107,-151.768797772921,-18.2006082794608
109.17,2.97280311584473,-16.9982223510742,4.25666856765747,212.857941407623,-46.2071825465255,71.617518240251,7.51246070861816,-10.3556690216064,-13.4332122802734,60.0777702035419,-130.389390425432,-1.97640723045357
109.175,2.52479767799377,-17.3830528259277,4.14666795730591,208.516167737165,-33.4248455148726,66.6114540314952,8.98865509033203,-10.1617832183838,-13.2302942276001,74.654677967913,-114.103378085427,12.1640298881692
109.18,1.42908585071564,-17.9137859344482,3.70107626914978,207.246476551594,-36.0690371388272,60.9840270233759,10.2300863265991,-9.33614826202393,-13.4704265594482,89.3520839296216,-107.410851378136,25.0597540364598
109.185,0.227665171027184,-18.2957305908203,3.26861047744751,206.264800782945,-44.211653988047,56.064938443511,11.2000827789307,-8.52372264862061,-13.7704315185547,103.815672025473,-95.0060325622881,38.3106642432903
109.19,-0.888012945652008,-18.6174907684326,2.94959855079651,205.873171396315,-53.7967316578927,51.7545187564373,11.9347848892212,-7.81109809875488,-14.1152658462524,117.794193746849,-76.3980017912888,51.5086626821681
109.195,-1.76031923294067,-18.9458980560303,2.83083963394165,206.348129090819,-61.6843673001123,48.0106837515836,12.4485521316528,-7.27330684661865,-14.4957046508789,131.058011303663,-50.816211273923,64.3256902446154
109.2,-2.04741883277893,-19.3627395629883,2.74191045761108,208.128212992308,-65.01707614335,45.0413443872852,12.9841728210449,-6.48848676681519,-14.7812051773071,144.444171208891,-16.9221437159016,78.7107243348226
109.205,-1.6720370054245,-19.7455940246582,2.61307954788208,208.318570364476,-64.5518309778454,42.1339411783804,13.2537260055542,-5.83765649795532,-14.714225769043,158.641798568651,15.6945623541116,92.7282464363589
109.21,-0.600361347198486,-20.0460777282715,2.55709004402161,207.147069978414,-59.7621130110497,39.7883517645605,13.2087383270264,-5.31520986557007,-14.3214645385742,171.015738099262,43.0470964892761,105.358174626872
109.215,1.26365160942078,-20.1970691680908,2.72119569778442,204.795299243395,-49.6537369828489,38.6758437223597,12.7641077041626,-4.92397785186768,-13.6114015579224,178.114886458411,59.7214597251098,115.212095372639
109.22,1.57095968723297,-19.7457027435303,2.64690351486206,199.672001667725,-33.7359025749588,37.8877901563019,11.7910537719727,-4.68651580810547,-13.0987501144409,189.225568841649,80.4627361588226,133.317615466022
109.225,1.34309089183807,-18.8099594116211,2.56851506233215,193.672691349866,-21.6037551560615,36.2303525466445,10.7629423141479,-4.45833683013916,-12.7876834869385,199.800682431688,93.1692102793641,152.128803383694
109.23,0.725614130496979,-17.6206474304199,2.44474983215332,187.909008897994,-15.2067707341568,34.1329448865062,9.82192897796631,-4.18235349655151,-12.4990682601929,209.981297955646,99.3938348775635,171.223635397218
109.235,-0.154196262359619,-16.5759887695313,2.1679539680481,184.312504488632,-17.8323722907379,32.4885461079744,9.19670104980469,-3.7605767250061,-11.8954229354858,220.471840143382,102.670611301688,190.626604564959
109.24,-0.604625403881073,-15.7745494842529,1.9743709564209,179.985975800401,-25.1319952397637,31.1992659398644,8.95316410064697,-3.09731459617615,-11.4697961807251,228.68458254481,107.274466160789,210.246732767171
109.245,-0.708191692829132,-14.9739236831665,1.93559539318085,173.850813019951,-32.1988368041391,30.8106452515636,8.74958992004395,-2.46921563148499,-11.2212257385254,235.748896939193,109.899813292824,230.09606845755
109.25,-0.549482583999634,-14.1242837905884,2.11322093009949,165.215322890033,-37.2590439224456,31.3504931582777,8.52068519592285,-1.92131567001343,-11.0280857086182,241.823448620948,109.530914775751,249.904245427991
109.255,-0.32072040438652,-13.1643695831299,2.68006801605225,152.232212447728,-36.7541904899441,32.7857583746129,8.19847965240479,-1.49131917953491,-10.5419359207153,246.8693738137,104.142708313122,268.876735093102
109.26,-0.405711472034454,-12.0876941680908,3.35211086273193,138.148977096187,-34.357794713983,34.5509763693731,7.61393928527832,-1.19274723529816,-9.76117420196533,249.126450806066,97.5731796524049,285.822598348443
109.265,-0.74009245634079,-10.9763469696045,3.97082257270813,123.296812708264,-32.5339156395362,36.0224040222689,7.05585241317749,-1.02523458003998,-9.04489612579346,250.688050616384,89.681934255209,300.498980987887
109.27,-1.23422801494598,-9.92131614685059,4.47023725509644,107.491324666937,-32.3619997781269,36.8271915517932,6.62073469161987,-0.973939180374146,-8.53138256072998,252.121106266523,79.9721988028214,312.778896134383
109.275,-1.53418278694153,-9.26513385772705,4.70103979110718,89.5408840186591,-36.4153926165439,35.849094802269,6.47020530700684,-0.969965398311615,-8.5068531036377,253.97798881504,66.2661196670594,322.312556140156
109.28,-1.56848740577698,-8.06979465484619,4.93965816497803,68.8006662642677,-38.903849097233,32.6757342723677,6.30887746810913,-1.13456916809082,-8.33335971832275,255.687639805807,49.6572101340419,330.139078664777
109.285,-1.34745812416077,-6.76259803771973,5.07134962081909,46.8707217640139,-38.0272148078294,29.1311597912654,6.34003019332886,-1.41841185092926,-8.23753261566162,257.421496986993,36.4830217346108,336.226115932336
109.29,-0.9122114777565,-5.51515340805054,5.03680324554443,24.6008199657483,-33.3788271153397,25.973600904009,6.60001850128174,-1.79826891422272,-8.32998180389404,259.189751000839,27.4261123479985,341.017220427533
109.295,-0.627146303653717,-4.55323219299316,4.70379781723022,4.68636994757735,-27.497101919137,24.3455553058974,6.77254772186279,-2.19421362876892,-8.85292625427246,260.596250875485,9.65992715163893,348.585124669421
109.3,-0.272760570049286,-3.70071220397949,4.28813409805298,-12.822340595848,-21.0472791538131,23.9888298934733,6.86593055725098,-2.4993531703949,-7.65084552764893,263.384579981494,-0.576424690297382,356.223980916406
109.305,0.187594711780548,-2.90603470802307,3.84949779510498,-28.3038719110678,-14.1474519363438,23.8075583804484,7.16410303115845,-2.45031595230103,-6.60357999801636,265.919536390053,-9.07572143513387,361.951012573192
109.31,0.751816034317017,-2.1485767364502,3.43977069854736,-41.6276978023828,-6.95959436091464,23.2747831346199,7.80218315124512,-1.9415191411972,-6.66801166534424,267.325544491078,-18.7808584626628,364.7309542069
109.315,0.927905261516571,-1.48908948898315,3.44879865646362,-48.8751944552104,-1.72725132104162,23.1406484646046,8.31010723114014,-1.92868316173553,-7.05469989776611,267.629952362008,-29.3696426763256,366.675399780576
109.32,0.712444961071014,-0.870038092136383,3.58151698112488,-58.9486101601445,4.82780779736268,23.5154841236131,9.01489353179932,-2.26976299285889,-7.29740715026855,267.638722324902,-34.5604703323194,366.167971366758
109.325,0.77158522605896,-0.169941753149033,3.81272578239441,-71.2824701407052,14.0778326719075,23.020802550333,9.78569030761719,-3.01517057418823,-7.67008113861084,266.337735212555,-34.4341801345658,362.990403440328
109.33,1.65233933925629,0.712850391864777,4.12839841842651,-85.5651196952539,27.2800197242938,20.5062103507849,10.5223932266235,-4.22978401184082,-8.39871788024902,262.839640168754,-28.7295719888253,356.805530543098
109.335,1.63955175876617,1.08178687095642,4.40997314453125,-99.3663843472892,45.0155877439251,19.3569695512277,11.3155221939087,-5.96269655227661,-8.36680221557617,259.750536852454,-17.4427253665143,344.905783725805
109.34,1.48985517024994,1.65990900993347,4.56658363342285,-113.048851519091,59.0603793757226,17.9068930696773,12.2779397964478,-7.60475778579712,-8.68153476715088,254.7266868311,-5.27213806985504,329.876553513839
109.345,1.50599193572998,2.29034972190857,4.66048431396484,-126.541972186721,71.6093971453278,15.7285083942866,13.1225385665894,-8.92571258544922,-9.19263935089111,248.49564185508,9.77058816902418,312.859082555239
109.35,2.08108639717102,2.78004384040833,4.76506853103638,-139.742514871064,85.3053812614966,12.2287203173457,13.479531288147,-9.6115665435791,-9.72641086578369,241.878581907929,30.4046280714468,295.134304526949
109.355,2.2541081905365,2.97276782989502,4.72316312789917,-152.112697797631,102.592692503636,9.55995879539933,12.9509763717651,-9.33829593658447,-9.57613849639893,231.872546019157,58.8057499234646,281.507530717639
109.36,2.13836169242859,3.08733367919922,4.28757905960083,-161.995817602099,115.166046237254,7.74503153763343,11.6479072570801,-8.60714340209961,-8.86982536315918,219.382602555683,84.8951396093781,272.051325057054
109.365,1.858069896698,3.07026958465576,3.5352988243103,-169.856258846139,122.418832871594,6.64742312622014,9.8638973236084,-7.61613845825195,-7.89793157577515,206.421881473477,105.863021229184,265.792932003598
109.37,1.61935448646545,2.78337144851685,2.60486626625061,-176.535432533602,123.515843214568,6.08157610443044,8.09287643432617,-6.66037797927856,-7.16937208175659,196.659956545641,116.907416626528,261.218125939036
109.375,1.43541741371155,2.43529152870178,1.87681972980499,-178.020301998785,114.403168748477,6.88753885337876,6.4918475151062,-5.91062688827515,-6.93142032623291,179.664984230167,129.503077757975,249.655708504472
109.38,1.22025775909424,1.91269588470459,0.856911838054657,-173.179432745295,99.1803504848656,8.08260253830391,4.66066026687622,-5.18697786331177,-7.0520167350769,160.089347880209,133.941252718379,233.228884984538
109.385,0.989298582077026,1.22298228740692,-0.43805930018425,-162.018329905604,79.8854554003623,9.265902929931,2.4452691078186,-4.52759122848511,-7.31968450546265,138.335441260528,129.129739617942,212.58500704839
109.39,0.817244470119476,0.413691937923431,-1.80450630187988,-144.389925846503,60.5864280514111,9.6275674228987,-0.491876840591431,-4.11473846435547,-7.18060874938965,113.684086432658,114.580719515952,188.451817691714
109.395,0.52279806137085,-0.648287415504456,-2.90908002853394,-125.921203613815,49.0612249025395,9.06053621706164,-2.77761793136597,-3.89857149124146,-5.88025665283203,89.2767059619413,89.1495756509199,160.111532334633
109.4,0.16478630900383,-1.8661105632782,-3.57779288291931,-107.322338956682,43.1653031581469,8.03207109127686,-3.3334321975708,-3.49292945861816,-4.84727954864502,67.5683293832681,54.9444151743191,129.719089320666
109.405,-0.247287586331367,-3.25026607513428,-3.70294070243835,-88.3516114803765,41.8674306120611,6.47684598188824,-1.82420992851257,-2.70821094512939,-4.76286792755127,49.2126706870062,13.3077655552554,98.2057166412506
109.41,-0.727902591228485,-4.94654369354248,-2.95589160919189,-67.1707918830059,42.4997558650426,3.6227515456818,2.2353732585907,-1.04577004909515,-7.3772611618042,34.8053565197264,-31.603367251919,67.7623135858857
109.415,-1.00580072402954,-6.74079704284668,-1.55909478664398,-50.4790697213966,43.3190814522152,1.1933590191187,4.82357120513916,0.486859887838364,-6.89231729507446,15.5089844068151,-49.2397728776328,45.0341351226162
109.42,-1.13307511806488,-8.46715259552002,-0.0338480472564697,-28.5375907391819,45.0948008628243,-1.61636618807422,6.78091287612915,1.53262031078339,-5.6614875793457,-3.92136656242111,-51.08393419882,26.5712953903511
109.425,-1.13852500915527,-10.034008026123,1.38900291919708,1.03033072792354,48.4231520453715,-4.96436206189145,8.37079238891602,1.96105682849884,-4.61096429824829,-21.9202814901255,-42.913108668328,10.3917494778072
109.43,-1.14694476127625,-11.1816873550415,2.26415061950684,29.1437956412299,55.7191430413062,-7.80520379667395,9.54662990570068,1.83216238021851,-4.86477613449097,-39.0074015952396,-43.3165201312764,-10.9399933945585
109.435,-1.16070640087128,-11.6129341125488,2.61650490760803,50.9706896623812,65.6771251341725,-9.69927501767372,10.0283050537109,1.7067197561264,-5.16840314865112,-55.0619354091784,-45.7792165535108,-33.6974007986074
109.44,-1.29388320446014,-11.3559141159058,2.57211589813232,66.0597181805307,77.9906584717632,-10.0385510043158,10.2555351257324,1.482874751091,-5.65729141235352,-69.3344933592284,-46.4772072451728,-55.5493855196747
109.445,-1.61886096000671,-10.377423286438,2.20689487457275,73.7008420503208,92.6006243517172,-8.38312573914259,10.4509372711182,1.12311816215515,-6.39538908004761,-81.1337407730738,-43.5943175851992,-74.7738920896865
109.45,-2.23547458648682,-8.50043296813965,2.08650541305542,72.1384909191937,108.998522020516,-4.14574553373203,10.6987552642822,1.0183048248291,-7.06180191040039,-86.9168277923777,-42.5320865654788,-83.4249004093979
109.455,-2.63002181053162,-6.2010350227356,2.70408725738525,70.9449768334365,118.854170804143,-0.464952107700513,10.2634172439575,1.04071915149689,-7.47303628921509,-94.6289173276442,-37.9303524801149,-92.4736169841008
109.46,-2.82087373733521,-3.64486813545227,3.55551671981812,70.8818385647489,119.062737460638,2.16436827344021,9.12551403045654,1.03245079517365,-7.26477861404419,-101.776471237442,-29.8154593687361,-98.8724114061356
109.465,-2.8101806640625,-0.948046684265137,4.25386953353882,72.6244178975051,106.562412109626,3.28395111096072,7.22658586502075,0.865937471389771,-6.10913562774658,-106.340239716304,-17.9932830098469,-100.033386470687
109.47,-2.60146594047546,1.22348213195801,4.53678798675537,66.3845551472674,87.229636795986,7.62072892492837,4.69224405288696,1.67536187171936,-8.08940410614014,-118.57579961433,-3.46629965944032,-99.7556504884666
109.475,-2.31646251678467,2.68091154098511,4.32305383682251,54.7893152386465,79.2824316589202,13.7568795214877,0.168678477406502,-0.838863015174866,-4.91166877746582,-131.527381903426,28.9039535485249,-93.0161594004424
109.48,-1.91745364665985,3.84015965461731,3.33843040466309,40.0690144828401,83.1915401662152,21.4973852050223,-6.18409872055054,-7.64591693878174,2.32441234588623,-141.358004873934,79.3538890980168,-81.2690399903426
109.485,-1.34828233718872,5.20085430145264,1.17906332015991,24.7854519318448,100.460416727785,30.7206336035866,-14.3057556152344,-20.2937049865723,12.5493974685669,-143.006798879197,149.571293690496,-65.9560905504433
109.49,-0.567330658435822,4.90237617492676,-1.65198731422424,18.3419641669761,121.700734103016,36.2583221712957,-13.4041337966919,-44.8656692504883,10.0614356994629,-154.39913094305,141.800765056691,-91.9482524935218
109.495,0.417804688215256,1.44082057476044,-3.96224546432495,17.8769751335654,138.6757076246,32.3255504736212,-12.9690780639648,-53.0668411254883,4.03114461898804,-145.240065832116,85.1358013247835,-128.355168845306
109.5,1.028559923172,-6.28706026077271,-4.88503265380859,25.3929835981391,135.108299821102,17.2027961888974,-11.2633228302002,-44.3206939697266,-1.82714152336121,-123.044341595784,1.66660724533984,-161.021859947212
109.505,0.130100175738335,-20.6624126434326,-2.75769400596619,45.8255115757052,78.8624501570453,-12.9369272644587,-3.86252045631409,-18.7293167114258,-1.42295956611633,-103.867021387653,-72.6356808794465,-165.986328303923
109.51,-2.18440508842468,-36.914493560791,1.21495532989502,65.8490409955817,-32.3081027553864,-46.5433132310547,1.81443345546722,-10.9138126373291,-1.30423152446747,-115.235140430898,-85.6529969091152,-152.582259642691
109.515,-6.75801563262939,-51.0804977416992,6.49422359466553,93.3390770840223,-113.250669948686,-72.9410859579944,7.30971193313599,-7.21313953399658,-1.68604373931885,-127.715767516344,-85.7504705387605,-147.442282745068
109.52,-13.1969423294067,-59.0833053588867,10.1696853637695,132.599981150307,-155.027631290096,-86.8033578596963,12.5209732055664,-5.33007526397705,-2.65141344070435,-138.815166427073,-76.1216250167134,-153.358879472078
109.525,-20.2186222076416,-49.9429550170898,3.82473492622375,194.359781059613,-159.042662371039,-75.3760757178606,16.5638828277588,-3.71467709541321,-4.41668272018433,-151.856183213162,-47.585152721008,-169.776181708309
109.53,-17.1616821289063,-24.6238498687744,-6.88237810134888,165.291397537009,-130.297046267854,12.4999044406046,19.0616817474365,1.0694842338562,-5.67922735214233,-160.871390879797,-25.8804763973177,-177.014706907662
109.535,-9.48094463348389,-2.11116027832031,-11.0902872085571,103.4613423019,-76.3098513698606,79.2894530933869,21.2601089477539,5.23884105682373,-8.32579326629639,-170.951602622955,5.64735707323063,-179.108159888271
109.54,0.187823832035065,11.6876363754272,-7.9739990234375,34.8919462429293,-11.8805241036476,100.221230333241,22.9654407501221,7.495032787323,-12.0398950576782,-181.683578337473,48.4220558000097,-176.719629075139
109.545,4.9991888999939,8.1895055770874,-4.54491519927979,22.9543021210265,1.44579469999273,57.2307663574676,22.0279083251953,5.56261301040649,-13.4578495025635,-186.048028235976,92.4326495094591,-168.909922476255
109.55,8.68418121337891,3.75648975372314,-2.73663020133972,-2.01472822023534,-27.4866278240448,29.5192408946218,18.4754104614258,1.8981409072876,-13.2485866546631,-184.215638745823,130.569980627087,-162.311440643646
109.555,13.1809635162354,3.82759189605713,-1.12452733516693,-7.13654236419486,-68.5385099435443,-1.36857524927921,13.623218536377,-1.4470819234848,-12.3965740203857,-177.10252948001,164.144431190445,-154.543398198699
109.56,18.0255680084229,9.00223064422607,0.929771602153778,18.556884606947,-105.41784998965,-36.5028292832039,8.17089080810547,-3.67249655723572,-11.3216381072998,-165.362936938376,190.774833330327,-144.128766733398
109.565,13.9733533859253,7.99247121810913,4.66464328765869,67.4317802413812,-87.6418387123963,-32.8986682317824,4.42283821105957,-4.09451770782471,-10.835807800293,-153.031440203268,188.949315010479,-126.090660607123
109.57,6.64409494400024,6.85541152954102,2.64282083511353,60.0187232181671,-9.90540329663554,-16.9573448033365,2.50250673294067,-5.11191606521606,-11.1663684844971,-144.45570056821,161.999382960846,-105.010354073578
109.575,0.621611058712006,5.44325494766235,-0.937485814094543,18.6955937961589,83.285619191843,-6.24636210211981,1.69489872455597,-6.75844192504883,-11.8859882354736,-138.471525949552,125.822439078417,-83.9050285571039
109.58,-1.7217698097229,3.52525472640991,-3.7787606716156,-43.8314002814795,165.625380127044,-10.4080335025622,1.70525872707367,-9.04837894439697,-12.7186727523804,-134.480154643893,88.6566272381417,-65.2286549132694
109.585,-2.53717851638794,-1.37283658981323,-2.85022830963135,-77.5303173820826,170.959348057474,-30.8824407850242,2.90772914886475,-11.2890787124634,-12.3671112060547,-130.172108447556,56.9906373968174,-64.5145654657338
109.59,-1.97963333129883,-7.38509941101074,-1.43450713157654,-87.2084017378564,152.20586157791,-55.4186625291498,3.99992227554321,-12.3930997848511,-11.6717910766602,-124.348456934771,25.8829967371214,-75.0080241442453
109.595,-1.62120544910431,-14.5945482254028,-0.538733124732971,-84.9955638807448,120.857574570734,-77.753261586781,5.38825416564941,-12.7707271575928,-11.106746673584,-117.569944976019,-0.673542136249588,-88.8362543831239
109.6,-2.7253258228302,-23.140552520752,-0.996338069438934,-79.8182053577943,85.2905939019436,-92.76625643909,7.41432905197144,-12.7040395736694,-11.0572471618652,-110.224459014264,-19.2224336075987,-99.9373540109564
109.605,-7.77739763259888,-27.6762866973877,-1.77577662467957,-74.4626676899657,75.3592734525024,-84.9251719511587,8.76195430755615,-12.1933116912842,-11.3600568771362,-105.296402396018,-18.8491193732279,-101.862941432334
109.61,-12.6680746078491,-28.0078601837158,-1.85814368724823,-78.906470726246,71.8687804092482,-70.6881343998874,10.1089210510254,-11.8961334228516,-11.5091190338135,-98.3511860101935,-12.1238658145286,-101.332959733876
109.615,-16.3684749603271,-25.1672477722168,-2.10350203514099,-89.3201937763868,69.9281255905617,-54.1185804168675,11.4609136581421,-11.6334209442139,-11.5359897613525,-90.440146724783,1.26680959279255,-98.1076419549584
109.62,-17.494348526001,-20.2070255279541,-3.60498142242432,-101.351735923904,63.5114633936582,-40.1424185258502,12.8254594802856,-11.1828241348267,-11.4709129333496,-82.8099170067191,22.2294943991358,-91.6784190401712
109.625,-15.6476421356201,-16.0190696716309,-5.94831323623657,-119.010322588948,26.8391668718626,-26.5176425468734,12.735237121582,-10.5657730102539,-11.2445373535156,-75.5208893886432,42.1363863861033,-86.1229822259038
109.63,-13.7934236526489,-14.7845191955566,-5.74661636352539,-121.584661868261,-26.5914683540648,-26.3406416096271,11.6084032058716,-10.0483083724976,-10.8821630477905,-67.6859589011541,57.6228226309209,-81.4108483778904
109.635,-11.8494262695313,-15.5551195144653,-3.2747061252594,-112.039684239032,-86.2129836285971,-34.6974122100835,9.70772838592529,-9.61914157867432,-10.4910049438477,-59.6545443618112,66.4877114943021,-77.1725179224115
109.64,-9.33821868896484,-16.5156497955322,0.829171419143677,-96.8975510000856,-134.075274690273,-41.7969225692591,7.40561437606812,-9.23818016052246,-10.2685136795044,-52.1614511819029,64.2177322745942,-72.7609602092028
109.645,-5.48535823822021,-15.3453912734985,3.61581134796143,-105.879174626571,-153.729198668498,-39.4232952288962,6.27141666412354,-9.09815883636475,-10.653977394104,-45.4678043235878,51.1385415612342,-66.3433964273289
109.65,-1.88094019889832,-13.2790298461914,4.7146143913269,-123.124049903398,-156.767034584888,-34.7449810625581,6.12840557098389,-9.2222900390625,-11.0200805664063,-39.1648647763651,39.0234252190324,-59.1040789260324
109.655,0.958433389663696,-10.8931732177734,4.51601552963257,-142.560924130178,-149.324969748269,-29.0340071805112,6.90700054168701,-9.57145118713379,-11.4193716049194,-33.2156470658789,29.6626099803949,-51.6475067676161
109.66,2.0385856628418,-9.38720703125,4.17264366149902,-152.494641976018,-144.085722881249,-23.2902483904481,8.55282974243164,-10.043851852417,-12.2358493804932,-27.6933452068225,24.2332191846182,-45.2818455932451
109.665,1.83728504180908,-9.14782238006592,3.63703370094299,-159.042375503094,-125.160675710112,-16.6108783350457,9.27999687194824,-10.6637563705444,-12.3710718154907,-22.3235170757029,25.7939720514795,-39.7484258937672
109.67,1.13836085796356,-9.21140766143799,3.15000557899475,-168.788495373191,-94.506376903745,-10.6318972214776,9.64323139190674,-11.2497549057007,-12.4090156555176,-16.7454279390531,27.4814266349918,-35.7156909624949
109.675,0.221863746643066,-9.36488914489746,2.80446982383728,-182.527612133968,-55.0556482200474,-5.89603913826892,9.8301362991333,-11.8434705734253,-12.5125341415405,-10.6604132612624,29.1111302615244,-33.210148763597
109.68,-0.389131098985672,-9.5775260925293,2.79319167137146,-197.383587767447,-18.5384533414717,-3.30005989867479,10.1614532470703,-12.8205509185791,-12.8576383590698,-3.03545901055873,36.6857110133255,-31.6870780503867
109.685,-0.934459209442139,-9.96349620819092,2.5526237487793,-208.610560951494,15.680775617272,-4.38853570683753,10.1184921264648,-13.6219596862793,-12.3331336975098,2.85879851555387,44.1775713440887,-31.1905403731997
109.69,-1.29320728778839,-10.3273267745972,2.06566405296326,-218.11844382334,45.8625004651554,-7.16044034232709,9.68617057800293,-14.2100677490234,-11.6021270751953,9.44950780633105,51.4503977534533,-31.3028320982493
109.695,-1.44367659091949,-10.6240844726563,1.37462639808655,-226.745177650742,71.3188135772788,-10.8307573253889,8.8022575378418,-14.5935287475586,-10.8476543426514,17.2039231701104,58.1486652347418,-31.7176397318279
109.7,-1.5914341211319,-11.0373945236206,0.926649391651154,-236.371782870741,92.3395267103151,-14.2013276147432,7.10771989822388,-14.9983501434326,-9.76210117340088,23.0113137100286,61.8577311616255,-30.9809082071937
109.705,-1.63244533538818,-11.5655632019043,0.909151971340179,-246.711760368413,113.399247053701,-15.4833643672384,5.48743200302124,-15.4486074447632,-8.47391605377197,27.6424329767492,57.7378225259764,-29.1396633767821
109.71,-1.96234345436096,-12.1503219604492,1.11336636543274,-256.594579644558,132.149858023625,-14.2023196997202,4.17564105987549,-15.8749103546143,-7.19432926177979,30.8493075373605,49.3077264296853,-26.6767056998119
109.715,-2.71596527099609,-12.7762756347656,1.44800281524658,-265.118300558897,147.241693749523,-10.1745836131467,3.30408883094788,-16.2604427337646,-6.01613473892212,32.4374631231718,38.4501674419933,-23.810585861798
109.72,-2.2729697227478,-13.6632394790649,2.03142786026001,-267.624843380508,158.996626896034,-7.16647011870374,2.71030473709106,-16.985710144043,-4.59432888031006,32.6863586316217,29.9360258679651,-20.5103801812732
109.725,-1.3349791765213,-14.368706703186,2.6666202545166,-267.315517773377,176.984572113044,-2.08671948130433,2.11069083213806,-18.2368946075439,-2.90262651443481,31.6373508581344,21.0940335062291,-18.8733272711937
109.73,-0.999737739562988,-14.8058233261108,3.1842634677887,-263.518369726957,187.482012791842,1.55666019616626,1.44772255420685,-19.8298568725586,-1.27196860313416,29.7926089708678,12.5495966281374,-19.3020599529427
109.735,-2.17786264419556,-14.8890285491943,3.44239807128906,-255.485001753511,179.107572492002,0.883638648397475,0.671735644340515,-21.6389617919922,0.0305052399635315,27.5030954101337,4.81870657029364,-22.2435150699545
109.74,-2.0558488368988,-15.7497262954712,3.33861637115479,-243.858407861505,137.305858545041,-9.48575049761443,-0.514150500297546,-23.0514869689941,1.19810807704926,26.6730173976601,-2.31095693963338,-28.8719438669797
109.745,-1.66463339328766,-16.6022663116455,3.06153750419617,-232.141710113969,104.172337673742,-18.6148541299802,-1.97909319400787,-23.8266830444336,2.35522937774658,25.9407733073106,-10.193195878635,-36.5196144730892
109.75,-1.27735412120819,-17.2872276306152,2.54594349861145,-219.352618025227,77.0670939525724,-25.6748877033003,-3.52637386322021,-24.0302867889404,3.47043991088867,24.7136444455532,-16.5341787257611,-44.7817220667438
109.755,-1.2374871969223,-17.5914268493652,1.69154703617096,-204.174530670489,53.1370617425692,-29.4654019284892,-4.9151668548584,-23.7009220123291,4.50102758407593,22.2088689353896,-18.3333564210746,-53.1969522563064
109.76,0.10636131465435,-16.8152256011963,1.37587285041809,-178.274671903854,33.2536536535154,-31.6707675586487,-7.13949298858643,-22.4041366577148,6.1244912147522,18.6290028668459,-20.4826137547498,-60.0016272546746
109.765,1.4277491569519,-15.2820110321045,1.47255063056946,-147.719001029102,14.8911323246849,-34.5124848383055,-8.90132713317871,-20.8042545318604,7.66138982772827,15.6814398531687,-20.1157233132934,-64.3719169649181
109.77,2.51243734359741,-13.4965763092041,1.80806338787079,-116.356070096346,-0.926051775265727,-37.9485412738746,-10.2410278320313,-19.0829925537109,9.00763511657715,12.3022251056461,-17.2641756838737,-67.7161073561505
109.775,3.06921005249023,-12.3547801971436,2.09208559989929,-90.7542671247118,-11.7230438470492,-41.7280503567632,-11.3272638320923,-17.5019435882568,10.0174570083618,6.25027964249563,-12.0277915198896,-72.6811767695079
109.78,3.32608604431152,-10.8946504592896,2.59335827827454,-74.5124324482584,-0.36095983622485,-42.2305712796632,-12.2815027236938,-15.9863691329956,10.5633993148804,-2.23364368054048,-6.7670167503793,-79.6109500976194
109.785,3.13922071456909,-9.93603134155273,3.45238947868347,-56.8937272577787,21.0227553595981,-38.9734077437404,-13.1307315826416,-14.5069742202759,10.8721857070923,-12.1650117278624,0.289235832987561,-88.1060251985795
109.79,2.5989305973053,-9.48127460479736,4.60396718978882,-36.4727935263287,49.7505480841447,-32.2334931839877,-13.904595375061,-13.0859708786011,10.8844337463379,-23.0885853476562,8.8115817982302,-98.0301261380679
109.795,1.98813259601593,-9.28490543365479,5.83388662338257,-12.7527025483915,83.1144409908641,-22.6753486575867,-14.6726751327515,-11.8039360046387,10.3179941177368,-34.1282457163572,17.3310654339629,-109.261969246993
109.8,1.15888595581055,-8.72190380096436,6.01877212524414,6.94415642584311,109.345461479407,-16.3931028760018,-15.2496528625488,-10.961856842041,9.51947975158691,-42.7006214832489,25.0900561707126,-119.955702732348
109.805,0.201204791665077,-7.83708143234253,5.7024302482605,25.8094253544767,127.40745277721,-12.5727953656533,-15.4393758773804,-10.3721218109131,8.39976978302002,-49.7423416118569,28.5595839483094,-129.643479126554
109.81,-0.860215485095978,-6.74241828918457,5.11015224456787,44.4912819326674,136.726672163802,-10.7950798322593,-15.2267293930054,-9.98515605926514,7.0012674331665,-55.7867584989947,27.3048559996632,-138.271783897464
109.815,-2.00014424324036,-5.91566514968872,4.74949312210083,62.8229120234292,135.661668087278,-9.91695400029568,-14.7373323440552,-9.75722217559814,5.61097002029419,-62.3862375392228,22.8258177250021,-146.058909890952
109.82,-2.92868494987488,-5.51031446456909,4.5510721206665,75.7648295948502,131.811189923819,-8.75997886527711,-14.2022552490234,-9.55016231536865,4.66643810272217,-68.6785561422862,19.4565707847994,-153.696359118969
109.825,-3.65572953224182,-5.26055335998535,4.35573053359985,91.8688037330962,124.450472640214,-6.82495254935347,-13.6816215515137,-9.37055110931396,3.93465042114258,-74.4924199939902,16.995508485324,-161.266544644039
109.83,-4.16121339797974,-5.08403015136719,4.0891261100769,113.730094586908,113.159302508159,-3.88857012846083,-13.1421403884888,-9.21386337280273,3.24054193496704,-79.7995452809818,14.8345971413774,-168.88544307827
109.835,-4.30779600143433,-5.0140233039856,3.59343814849854,137.803014354348,97.4470875301373,0.268280652531404,-12.148530960083,-9.01896667480469,1.77122282981873,-84.9643430860487,8.43696214395428,-177.270934624186
109.84,-4.21698188781738,-4.90915870666504,2.79109215736389,160.714720000615,74.1015555885471,4.55232236247397,-11.1188793182373,-9.04671001434326,0.431183189153671,-89.2197763352093,3.13055530748599,-185.622029337442
109.845,-3.90467691421509,-4.69458532333374,1.87637770175934,179.805371938368,44.550947050162,8.61844795416433,-10.149341583252,-9.32185077667236,-0.23704582452774,-91.8188272389392,0.349782151606845,-192.299727704045
109.85,-3.36987042427063,-4.31320238113403,0.945806205272675,193.394702650647,9.61897931379105,12.2689279334423,-9.28062057495117,-9.86211490631104,0.0888766869902611,-92.2958544807621,0.944381334955396,-196.501919628626
109.855,-2.66475224494934,-3.55798316001892,0.0031903088092804,200.327481261993,-23.2305849805008,15.4410359774045,-8.27180290222168,-10.5040035247803,1.38522684574127,-91.02255695531,4.05717932453812,-201.033818444821
109.86,-1.96987617015839,-2.72592377662659,-0.829218327999115,206.513310385707,-46.8396785542362,18.3130024573479,-7.42800951004028,-10.8417987823486,2.27154421806335,-91.4342739282891,3.17057125139898,-203.837884306678
109.865,-1.44119930267334,-1.94760191440582,-1.40789449214935,211.289402125108,-61.2447148534277,21.0910948173387,-6.73598337173462,-10.7608823776245,2.64645147323608,-93.6797600896334,-4.36610792692415,-204.862399021801
109.87,-1.2130264043808,-1.33023726940155,-1.60306882858276,214.04191371911,-65.9111547358938,23.933737587628,-6.19446611404419,-10.1443901062012,2.39794921875,-97.9896845879923,-21.0697197403311,-203.957248692613
109.875,-1.28466475009918,-1.04707777500153,-1.3728278875351,212.596550068087,-60.1361136794321,25.9245328250116,-5.57563591003418,-9.02184295654297,1.37056529521942,-108.676287355853,-33.4143987405371,-201.5262614236
109.88,-1.51113700866699,-0.719266712665558,-1.03114974498749,211.497190140038,-51.6889557705943,26.5614325971896,-4.51203680038452,-8.1258487701416,0.0996737778186798,-119.911688993336,-44.5197057648984,-199.408042177061
109.885,-1.82923114299774,-0.401891082525253,-0.929038405418396,211.592293694042,-43.9605557435899,25.8538830557843,-3.04374980926514,-7.55921363830566,-1.36311376094818,-130.525816623914,-55.6830147556914,-197.768591870583
109.89,-2.16657471656799,-0.164965659379959,-1.52592658996582,214.039741718954,-41.2665344745455,23.7103272225187,-1.1900030374527,-7.47643995285034,-2.96771335601807,-139.000824629093,-68.5388377926244,-196.853360182179
109.895,-2.3373715877533,-0.326974451541901,-2.58761119842529,217.638322505824,-53.7227231431411,18.5204182269683,0.999876916408539,-8.35235023498535,-4.82595777511597,-149.860497560333,-86.9273667742671,-196.083147070234
109.9,-2.32164239883423,-0.919937491416931,-3.17627263069153,219.736228769771,-73.0160404539461,11.4933915428122,2.46537184715271,-9.51199817657471,-7.22997331619263,-158.502216822773,-118.63011327861,-194.391582420388
109.905,-2.24926090240479,-2.11259341239929,-2.96165347099304,220.472290935867,-95.8244394890174,3.4548196055494,3.01877188682556,-10.8862180709839,-9.61084079742432,-163.67425462836,-154.104872733227,-189.813402242377
109.91,-2.36244320869446,-4.2844123840332,-1.33216452598572,220.245392051639,-117.098634602531,-4.26482134417474,2.32003951072693,-12.4375953674316,-10.8574237823486,-163.124178513364,-174.849618903038,-178.433446481301
109.915,-3.33933997154236,-8.26203536987305,0.928560554981232,221.373507076093,-127.513156784805,-8.17918226694153,0.137253761291504,-16.0837516784668,-11.7261266708374,-148.463450667498,-153.582882356098,-160.764320834368
109.92,-4.87982749938965,-13.7149219512939,2.38235378265381,223.56062927098,-136.878479948295,-12.2393643133935,-1.96443712711334,-20.0399684906006,-11.6608467102051,-134.193805793129,-128.994119381782,-146.815285039639
109.925,-6.77274703979492,-19.9176979064941,2.38667321205139,224.587261344746,-144.744426324805,-16.0998111379468,-3.41486310958862,-23.3792610168457,-10.6500978469849,-120.107278290408,-105.753109825061,-136.953680331056
109.93,-8.54499244689941,-24.9485530853271,-0.536493599414825,217.998888192109,-146.097527780519,-17.3003483657181,-3.06528663635254,-23.9978504180908,-8.77672576904297,-100.342152002306,-83.4982976222188,-128.980076512849
109.935,-8.2161922454834,-25.3964767456055,-3.70380640029907,197.062910385915,-134.893176183004,-10.8032538611485,-2.13918542861938,-20.6103763580322,-7.71240520477295,-84.4327084818116,-94.7201413341989,-128.887281562785
109.94,-6.76494216918945,-23.8853244781494,-5.66837644577026,185.106295413593,-122.067651865229,1.92763348992075,-1.70118582248688,-16.7763938903809,-7.60279130935669,-72.191896168314,-116.106891135045,-126.73010291722
109.945,-4.60354852676392,-21.3860416412354,-6.18269348144531,188.319954059597,-114.551240419494,19.7303572101321,-1.87675654888153,-13.5592555999756,-8.30792427062988,-62.9201602568319,-139.460045567749,-120.340583892078
109.95,-2.67751336097717,-19.8058376312256,-5.53859615325928,212.267908685983,-133.748805308325,38.6462792485373,-2.18679189682007,-12.361704826355,-9.02900409698486,-53.540025828127,-149.831769784684,-109.546747154247
109.955,-0.929521262645721,-18.4356365203857,-4.25686073303223,231.07584543361,-164.797848067584,53.5880079070463,-1.92228353023529,-11.8411817550659,-9.34964275360107,-42.9316355564516,-157.780306808638,-96.3673985468984
109.96,0.671271800994873,-17.2230968475342,-2.59046220779419,242.989498516053,-188.155278198708,65.4587708165963,-1.19147598743439,-11.4648866653442,-9.53289699554443,-30.5228586459797,-165.301137386765,-80.8915490952943
109.965,2.12927198410034,-16.1929454803467,-0.664550065994263,247.624601490607,-195.44179230717,74.5051104854681,-0.0151950409635901,-11.0427894592285,-9.67548561096191,-16.2783744809658,-172.554169907915,-63.2664030364273
109.97,3.43170833587646,-15.6475257873535,1.11919248104095,248.454551437034,-175.28945576483,80.9832580452801,1.62105286121368,-10.4837741851807,-9.86208724975586,-1.93908451550768,-175.437971398143,-44.9989528182015
109.975,4.21005296707153,-15.4658098220825,2.25723361968994,247.416144117138,-145.224656925348,84.0778733242403,3.50025343894958,-10.1633148193359,-10.3882141113281,12.7038146156334,-176.094079369814,-26.7398627515198
109.98,4.93135166168213,-15.4940576553345,3.40199184417725,243.884089372785,-114.281400135954,84.1103781945004,5.4243950843811,-10.0278520584106,-11.0647897720337,27.6805061587302,-172.181624069826,-8.89572972880476
109.985,5.80937147140503,-15.6736917495728,4.85387897491455,237.481196837248,-87.2057311338909,81.0063235941072,7.25988340377808,-10.0524063110352,-11.7740230560303,43.1368759108213,-162.471089485306,8.23680857296893
109.99,6.31205368041992,-16.20094871521,5.81559801101685,229.852421949477,-64.4818215388527,73.434252936826,8.43819618225098,-10.1110935211182,-12.0413761138916,61.0783860867596,-151.637685461613,23.5958412991983
109.995,6.01131248474121,-16.8182258605957,6.16643333435059,223.911236541455,-49.6649145874257,65.325459184376,10.1991968154907,-9.89993858337402,-12.220027923584,77.738112227202,-140.393527521615,37.6294963075541
110.0,5.01678323745728,-17.4121971130371,6.10567426681519,219.309792739131,-42.9272574051937,56.87334938839,12.1435308456421,-9.41614532470703,-12.3908643722534,91.5829671465203,-129.629217691567,49.2074626677641
110.005,3.37324976921082,-17.891227722168,5.76673889160156,215.853307207754,-44.9005912639641,48.2108219546433,13.9645690917969,-8.64079570770264,-12.6177845001221,101.220405046543,-120.082976477342,57.2797593043841
110.01,1.22443461418152,-18.3551902770996,5.42799234390259,213.160819316178,-51.0880152368491,40.817162668672,15.0925540924072,-7.54581451416016,-12.9514532089233,119.053448403367,-96.4547293456261,72.0165378915631
110.015,-0.543845951557159,-19.0112342834473,5.01884889602661,211.999195383656,-54.57030522291,35.8892904655345,15.8691549301147,-6.48295068740845,-13.0159063339233,135.791305077725,-65.3658802438842,87.4833578330844
110.02,-1.57483720779419,-19.8027057647705,4.48822450637817,211.763758762966,-55.4956421761904,31.9671841082489,16.3403053283691,-5.52381372451782,-12.9898386001587,151.822004946555,-30.0380791394489,103.456636301562
110.025,-1.36359417438507,-20.6688423156738,3.76259088516235,211.766053706527,-53.853528095936,27.2938201215118,16.5402183532715,-4.76635265350342,-13.0908031463623,167.578663965506,5.80706738659304,119.69440701546
110.03,0.461318045854568,-20.9274196624756,3.37065100669861,208.118787331253,-37.5020620531146,24.2563854787356,16.0161876678467,-4.20401573181152,-12.936842918396,183.014317753845,39.1237265469941,138.082259808374
110.035,1.82805693149567,-20.4433784484863,3.20250606536865,202.915016466782,-14.0658806946336,24.2620033093279,15.0230283737183,-3.61644744873047,-12.4639158248901,196.990565022227,69.9244441185991,157.783230129602
110.04,2.38666987419128,-19.1984443664551,3.20887923240662,197.29082013814,11.342733791421,26.4160912942936,13.6315927505493,-2.99841141700745,-11.8137292861938,209.045657662002,96.9899976105017,178.719030350877
110.045,1.60711169242859,-17.0921096801758,3.32634234428406,193.134171914946,30.047566272206,29.1016841099022,11.907374382019,-2.35997200012207,-11.2428617477417,218.222371981751,117.615789205728,200.959451345138
110.05,1.15218508243561,-15.0625991821289,3.36923265457153,187.909364067831,40.4768621536545,26.3836683863036,10.1307811737061,-1.72949767112732,-10.3003597259521,227.00087261251,130.068508138225,224.144951954474
110.055,0.766158103942871,-13.6736268997192,3.19322490692139,179.284105561291,44.3218317695485,23.884415084084,8.80320358276367,-1.14714550971985,-9.23221683502197,233.132606637997,133.845889617187,247.048516015251
110.06,0.447387456893921,-12.8823976516724,2.84803032875061,167.34492123173,40.8792183523762,22.7089344052829,7.94671726226807,-0.648589372634888,-8.22424507141113,236.725094896127,129.473052246383,269.433122302891
110.065,0.290200054645538,-12.4137716293335,2.51536560058594,152.890314834637,26.8256806633464,24.147636914318,7.48604536056519,-0.330622881650925,-7.73300981521606,238.677955262861,117.919404774713,291.008241890857
110.07,0.527935266494751,-11.8127794265747,2.51104831695557,142.06048983007,15.3719281233823,25.3389892452029,7.29706430435181,-0.19266913831234,-7.52648973464966,241.526198788269,103.364790747793,309.525212579842
110.075,0.750237226486206,-11.2423419952393,2.6832423210144,133.559882275882,9.73765555816732,25.5587608270318,7.22612619400024,-0.272382348775864,-7.32056045532227,244.920311032146,88.47115345123,325.041790449467
110.08,0.839091956615448,-10.6572370529175,3.01405930519104,126.4926035794,9.76016615412439,24.4459095678251,7.19838666915894,-0.564987003803253,-7.07760286331177,248.344257542316,74.793481072226,337.095298485355
110.085,0.654123604297638,-9.68351364135742,3.57185626029968,117.973404250291,11.4605238187525,21.0398171721448,7.01822471618652,-1.01054346561432,-6.90618658065796,249.739118774616,66.9264896767729,343.469067094271
110.09,0.0264958944171667,-8.65669250488281,4.00898313522339,104.24337164111,12.5136928849916,15.5655639863522,6.84298849105835,-1.72166621685028,-6.0286545753479,251.46237550221,53.328064567614,352.514696423469
110.095,-0.754557490348816,-7.60313510894775,4.30412006378174,86.7048733620539,13.1683289508968,9.18457159861543,6.87332916259766,-2.46133780479431,-5.50520372390747,254.025690856203,40.2301591359282,361.070874396744
110.1,-1.51117646694183,-6.49542570114136,4.42822074890137,65.7364794780599,13.9190222359683,2.25165766414615,7.20342063903809,-3.13552236557007,-5.73752498626709,257.891796492484,28.6342242555593,367.897539189145
110.105,-1.57751643657684,-5.04843235015869,4.24304294586182,41.462444790509,18.1383254919667,-5.36185004328222,7.98346281051636,-3.63659358024597,-6.93508291244507,265.145320787254,9.28888224761986,371.889593513721
110.11,-1.19288682937622,-3.68802881240845,4.01914358139038,18.8990241503986,23.5988397522439,-11.4228331273651,8.77106285095215,-4.01621866226196,-8.08150196075439,272.683500045873,-7.17341129844777,374.855316292854
110.115,-0.705625712871552,-2.53757977485657,3.75571274757385,1.54455496652288,27.2769751674712,-15.5247245777574,9.497802734375,-4.45038414001465,-8.30311012268066,280.386259542734,-16.1644110671168,378.015644821818
110.12,-0.289849907159805,-1.66836059093475,3.44521522521973,-9.04705940005556,27.4333779617281,-17.4967863137949,10.1333274841309,-4.99982833862305,-7.19925546646118,287.893047251928,-15.0330517028067,381.7686698462
110.125,0.126917570829391,-0.981407999992371,2.9992401599884,-23.3488428757904,23.2661327000361,-20.0872192263396,10.8420753479004,-5.03142595291138,-6.78289604187012,289.690288588612,-7.11978534883988,381.485681448508
110.13,0.3246149122715,-0.393903017044067,2.71405959129333,-36.2095546206218,19.5032687881548,-21.9830748342601,11.6391267776489,-5.34563970565796,-6.75095081329346,293.47123542632,3.34819352241634,381.836015511417
110.135,0.32497975230217,0.131001174449921,2.59035015106201,-48.0945311538347,17.0699968208648,-22.9326333458846,12.5459146499634,-5.88058042526245,-6.94971370697021,296.915727145515,16.178749341732,380.893340122928
110.14,0.13323187828064,0.618799090385437,2.63853621482849,-59.3144009411446,16.7841073003229,-22.677609450202,13.5862140655518,-6.60050439834595,-7.27097272872925,298.156553951652,31.3636071214841,377.045184223786
110.145,0.169522881507874,1.17401158809662,2.94315361976624,-69.2233593512431,24.0491797374322,-21.8685479298046,14.0636329650879,-7.08780241012573,-8.61790084838867,297.083203383963,54.1596332688739,366.635511475823
110.15,0.460166037082672,1.70446181297302,3.40108013153076,-79.9928874458174,37.0837232117351,-21.7191682775618,13.8142986297607,-7.4822826385498,-9.73118877410889,294.863446545223,81.4159573593895,353.201321680352
110.155,0.902455925941467,2.20515155792236,3.95727562904358,-92.1261584308331,55.0886653544952,-22.2594037975113,12.8136043548584,-7.66449165344238,-10.262523651123,289.970135099285,104.62685944225,337.905550166215
110.16,1.37901747226715,2.6675124168396,4.55014657974243,-106.36027266114,77.4423718663296,-23.5799047603173,10.9728393554688,-7.46801805496216,-9.72951984405518,280.278861648224,112.79448844421,322.066095594146
110.165,1.57470893859863,3.04444909095764,4.98525667190552,-123.195193153793,99.7227153162888,-24.2656677058177,9.06441593170166,-7.76800584793091,-9.4441385269165,273.364961679744,114.814865230889,311.428704339254
110.17,1.62810814380646,3.27436852455139,5.16837882995605,-140.353120122485,119.574182025689,-23.9504356926014,7.1223783493042,-7.9800877571106,-8.83668804168701,262.256096126825,113.501624759171,296.39666008935
110.175,1.57402682304382,3.35609555244446,5.13798856735229,-157.28899764126,136.450281728848,-22.3285867836143,5.03268241882324,-8.05305099487305,-7.79463863372803,247.077230130522,110.274599432961,278.762395727941
110.18,1.45252239704132,3.27828860282898,4.95442819595337,-173.186440519383,149.250384082532,-18.7220641942873,2.56011486053467,-7.93672943115234,-6.11899757385254,228.370762673205,107.326416579616,262.658394268939
110.185,1.05044901371002,3.04686141014099,4.28197431564331,-185.396195962725,152.808953621244,-13.8157566059068,0.846515834331512,-7.82934427261353,-5.87800216674805,207.141824393131,94.9385093121534,242.272465256985
110.19,0.508223295211792,2.69938635826111,3.21284866333008,-192.477804396086,148.114018189561,-8.33831884441366,-0.486424654722214,-7.5656476020813,-5.82690191268921,185.666944661424,76.3785357521542,218.267123381193
110.195,-0.217768371105194,2.09407234191895,1.78852927684784,-193.486035940228,135.424278032486,-2.84143126548524,-1.4739545583725,-7.06650161743164,-5.73317003250122,163.455046537138,50.8775668632372,191.273054649144
110.2,-1.32216799259186,0.781335055828094,0.0638540089130402,-185.642888735167,114.406296975117,1.33675361137953,-2.04964518547058,-6.14037179946899,-5.36912631988525,138.182663589174,14.3795357879253,162.612296816206
110.205,-2.1250205039978,-0.989034354686737,-1.47559249401093,-166.866124970912,89.2683048292622,3.70361885102064,-1.29116976261139,-4.79043960571289,-4.94943237304688,113.283372894432,-28.674035720684,130.444769599223
110.21,-2.8733377456665,-2.97368502616882,-2.61971282958984,-142.760256370916,67.3864755966165,5.29247154301417,0.632728159427643,-3.0871913433075,-5.42052412033081,88.5969928564983,-68.6375271959419,97.1174147894683
110.215,-3.56811380386353,-5.11427068710327,-3.15041565895081,-115.967254747654,51.3695897853829,6.40467521491013,3.44869661331177,-1.17740774154663,-6.81626224517822,64.0322994688175,-101.311055317208,64.0104087125276
110.22,-3.96697449684143,-7.38185882568359,-2.2600371837616,-93.2120014145142,46.0158245516438,7.41328241945674,6.04983711242676,0.324424475431442,-8.34822654724121,39.3238476745809,-116.740705369266,35.2176028323663
110.225,-4.06699228286743,-9.73858833312988,-0.802733898162842,-53.4121715170535,43.0482473761513,6.68289059103273,7.49681520462036,1.03642916679382,-8.63868236541748,14.3636965792401,-117.198573930467,10.5097085523206
110.23,-3.88629341125488,-12.0343103408813,0.879003643989563,-9.21244303929731,44.1244802836702,5.70318917394043,8.83109378814697,1.4270271062851,-8.61035060882568,-9.15871250241776,-113.297087914285,-11.7741814733651
110.235,-3.45185160636902,-14.1630592346191,2.58195900917053,34.7601953089343,49.5239326527674,4.86575120574939,10.2755632400513,1.60467123985291,-8.59396743774414,-29.7614052516446,-108.748448304435,-31.5281805295355
110.24,-2.99978566169739,-15.7052545547485,3.56613874435425,75.162762079892,55.9123998287771,3.26884422662054,10.7774877548218,1.22917950153351,-8.77764797210693,-40.5939896526364,-105.156048838764,-43.9437364027587
110.245,-3.20142078399658,-16.0550441741943,3.59266686439514,104.507959509178,61.9396182995848,2.49068739122674,10.6762390136719,1.07709991931915,-9.54988384246826,-55.0340340864189,-102.377418601376,-62.0228578149998
110.25,-3.67650961875916,-15.0419387817383,3.28833913803101,121.841640905593,65.859498015201,2.93411330398431,10.3302087783813,1.19500279426575,-10.387885093689,-69.6506286649624,-97.79113098882,-79.5656317924764
110.255,-4.21108913421631,-12.5036106109619,3.00289344787598,126.207552464579,66.2308895513204,4.81256708400344,9.90900039672852,1.60811495780945,-10.9795141220093,-82.675369110259,-89.6505700265403,-93.0648518190355
110.26,-4.29272985458374,-8.50065994262695,3.40790581703186,121.469245331666,55.8086116892442,6.91955920709461,9.30554485321045,2.05811882019043,-10.6070318222046,-94.6941183134611,-73.2276670351898,-98.826471553778
110.265,-4.15685701370239,-4.53529119491577,3.40245842933655,109.896794349211,34.1137759606005,9.05482191004728,8.86956977844238,3.20301723480225,-11.5635118484497,-109.446561939502,-59.1247880595959,-103.139729184452
110.27,-3.91623783111572,-1.03204536437988,3.46504545211792,90.8994154747638,7.55317152384777,12.5210396072176,8.16043663024902,4.04007291793823,-12.0045347213745,-126.276059261954,-40.3398792947553,-105.017901432611
110.275,-3.65421175956726,1.64288234710693,3.98067378997803,63.552314755084,-19.0718279363999,18.4365332586768,6.8107123374939,3.75234198570251,-10.4305372238159,-144.787115007117,-11.0132172913293,-103.526570608474
110.28,-3.21799349784851,2.74146366119385,3.61949634552002,44.3276989020456,-15.8496076482709,24.8122689620736,2.51976609230042,-1.05481147766113,-4.81039810180664,-169.433743344082,55.7622688557256,-94.0528113617211
110.285,-2.56728625297546,4.26062488555908,1.0647451877594,26.0180688506003,15.6869022969575,33.8825262458714,-1.46292924880981,-11.627326965332,3.67410206794739,-187.057789742492,126.669423516633,-90.5420531471996
110.29,-1.68462944030762,5.65278959274292,-3.24044060707092,7.16761417538972,63.757042845266,43.3444419446034,-3.2545211315155,-27.3703746795654,9.08553123474121,-199.447438708194,177.695430881102,-101.815697013845
110.295,-0.530244171619415,6.22020816802979,-8.87394523620605,-14.0943600221516,114.831271345275,50.3348024657476,-0.320827633142471,-47.9343376159668,3.72764897346497,-208.446745694441,177.141051746929,-140.094324254833
110.3,2.19687223434448,2.79024887084961,-11.418797492981,-27.2450286651758,112.089578770919,37.4762200323899,-5.67925834655762,-44.5289497375488,-1.69870507717133,-174.901487359595,124.687152355334,-168.72900442552
110.305,5.17017602920532,-4.7766695022583,-9.43382167816162,-28.9444975514381,56.7190144339043,11.4378416142925,-6.70813894271851,-35.7713623046875,-2.52935338020325,-148.495306669787,75.4700727812183,-172.494829224406
110.31,7.51241683959961,-15.4969215393066,-3.08571743965149,-12.6835306613458,-36.7430914325428,-21.9105723762204,-3.59862685203552,-23.9079151153564,-0.495626479387283,-131.194177954957,42.0218202080601,-157.658155705521
110.315,7.63464593887329,-27.824031829834,7.61724328994751,35.4101561103527,-144.88691773127,-52.9188611042493,2.39410877227783,-10.9082040786743,0.932607471942902,-122.451672421124,43.9433163461248,-135.736554281338
110.32,4.62056541442871,-37.4675445556641,15.2125577926636,93.4262644487775,-173.694907121956,-73.9546655402568,6.18540525436401,-7.62323331832886,-1.53418600559235,-120.455781862619,40.8655989551712,-134.341775011309
110.325,-1.29768121242523,-41.092601776123,15.8136978149414,174.960841703483,-163.442041856958,-89.1179313844952,8.86569595336914,-5.32456016540527,-3.58013558387756,-126.382418967709,42.8817239490918,-143.547913786002
110.33,-8.31564235687256,-37.2107162475586,9.44912242889404,250.932216218834,-121.915625514683,-87.3026515182134,10.8731660842896,-2.14700222015381,-5.03300666809082,-140.687239316304,49.8512831291186,-158.538621731049
110.335,-11.3683967590332,-22.0219955444336,-3.01833915710449,231.289466430091,-54.2811935606272,-33.1661042887342,13.0248556137085,4.24134683609009,-6.90724515914917,-165.029814952176,58.1459194986955,-169.438060023637
110.34,-6.24620485305786,-6.25185441970825,-7.97557783126831,128.665232112868,2.66129975372155,30.8153683273747,15.2793426513672,7.94114828109741,-9.54667091369629,-185.470016647274,57.5273297561349,-168.489797540408
110.345,-0.207700476050377,3.34138607978821,-8.0346155166626,35.2303889464926,39.4732170815399,60.0989847711039,16.1501159667969,7.67633676528931,-10.7117538452148,-193.266404377277,63.1650771800902,-161.38198850139
110.35,4.58135843276978,5.28381395339966,-4.70731544494629,-27.666447921871,54.4005306258056,50.7572633262912,15.4944562911987,3.6944580078125,-10.518030166626,-188.694275746871,76.6620295838448,-151.613943724058
110.355,5.27273845672607,-0.544511079788208,-2.43701958656311,-52.5693773998927,48.6963937631178,29.0046920085935,14.1328554153442,-1.57320284843445,-11.7441911697388,-181.77972008023,90.3286712073392,-149.82760336929
110.36,6.36627340316772,-0.659321844577789,-0.138679936528206,-40.0115281956907,38.8562256032451,-3.96238184838704,10.83717918396,-4.76162767410278,-11.6494073867798,-172.472836015279,107.148298906441,-145.430587128824
110.365,7.12614774703979,0.891665160655975,0.356020003557205,-1.12002349144368,39.5231935756969,-29.5047164973518,6.77161693572998,-6.65928888320923,-11.6851968765259,-164.563750163971,111.472232122787,-134.860118067421
110.37,6.81524610519409,2.49453401565552,-1.35245144367218,51.5236583624908,58.0126351872318,-40.4348769808264,2.71815156936646,-7.61635971069336,-12.1181631088257,-159.287101181056,97.8279457084464,-117.520699312103
110.375,1.64354956150055,1.95272755622864,-2.97230768203735,41.2838558342806,109.951743221083,-32.3675390615438,1.92357873916626,-8.58862686157227,-11.0568161010742,-155.747847417317,68.5929465512293,-99.9893659014861
110.38,-1.15308809280396,0.461929023265839,-3.44233727455139,-1.29643361732677,158.075876414781,-35.8647427656575,4.42549133300781,-9.73868656158447,-10.9040517807007,-152.082644965283,35.6998961500392,-89.1446305939608
110.385,-2.80356693267822,-2.46590161323547,-3.00013971328735,-48.4122681389291,192.408696542064,-43.6414629659452,7.40611934661865,-10.4833726882935,-11.1397352218628,-146.419161388535,12.298354095934,-85.0539415075809
110.39,-3.86831784248352,-7.09330654144287,-1.73034858703613,-84.3815093837932,205.829649430924,-51.791207117564,9.37449359893799,-10.5004539489746,-11.468955039978,-137.889388926591,4.94274408628154,-87.867808690897
110.395,-3.90669631958008,-12.0726346969604,0.188599482178688,-86.5369804820658,178.734685144455,-54.9253418710619,9.78325366973877,-9.93514919281006,-11.1360864639282,-130.654715953931,-2.79957010327929,-92.9008999581985
110.4,-4.78861236572266,-16.2284641265869,-0.768465042114258,-81.0230917085196,131.466497597165,-58.6354937980236,9.72038555145264,-9.91743183135986,-11.3186960220337,-125.736337713739,-6.1898153928681,-96.103036075073
110.405,-6.71899175643921,-19.3207206726074,-2.79056453704834,-75.7549394809321,80.0742896403456,-58.8460685301351,9.95767021179199,-10.0421113967896,-11.6498918533325,-120.653871008928,-3.01075571043467,-98.7235747539318
110.41,-9.92512893676758,-21.0932102203369,-4.50151443481445,-77.0473273851144,37.0794304378417,-52.0989822717539,11.1277589797974,-9.99540996551514,-11.8467559814453,-113.423104904472,8.90454921057053,-101.721255988191
110.415,-12.6958322525024,-20.5293216705322,-3.33836364746094,-79.0022914501121,23.7817078219872,-39.996457383287,12.0387868881226,-9.56857490539551,-12.4605836868286,-106.600333319898,36.9992986584991,-102.231129609733
110.42,-14.3885536193848,-19.0681800842285,-2.60753870010376,-83.1038063863264,10.1674904616936,-32.2209734472391,12.1636066436768,-9.08736324310303,-12.7264471054077,-99.2159699213872,67.2572142665741,-100.610824323498
110.425,-15.2543439865112,-17.0885314941406,-2.53631591796875,-91.3468133559671,-10.1734737074066,-25.6224506334948,11.4821577072144,-8.7108268737793,-12.7687816619873,-90.9824842354495,93.3684195766967,-97.0440653879715
110.43,-15.5450162887573,-15.0263500213623,-3.4609854221344,-106.556326411076,-45.8125410464713,-16.3336324188985,9.90721702575684,-8.6468563079834,-12.7267389297485,-81.4733172880393,107.086137354804,-91.6119817901145
110.435,-14.1113319396973,-14.4667701721191,-3.10608220100403,-113.562748122053,-87.4350410748958,-18.8759056676054,7.65796184539795,-8.87862777709961,-12.6539611816406,-72.475246566032,100.392791024813,-86.2623658962963
110.44,-11.8598003387451,-14.6362361907959,-1.18164265155792,-114.241778208579,-122.884460527692,-27.8918014757991,5.92092132568359,-9.11194610595703,-12.4926023483276,-64.0636022257837,86.8283563520586,-80.5509412217641
110.445,-9.09062480926514,-15.0247411727905,1.61288058757782,-112.145661454194,-149.108302487418,-39.0288483892334,5.1239185333252,-9.28564834594727,-12.3604965209961,-56.1372052600243,68.0889264018065,-74.5835893590316
110.45,-6.22270488739014,-14.7704391479492,4.01327323913574,-113.515414911105,-160.631514636146,-44.82746725871,6.05161619186401,-9.30854034423828,-12.4900760650635,-48.5475058844953,45.4181488483218,-68.5807068522366
110.455,-3.34296488761902,-13.7575149536133,4.01000213623047,-130.777249547641,-163.195267122245,-44.5107650472748,7.91157817840576,-9.43396472930908,-12.5774335861206,-41.9537846937376,34.8373286352313,-62.2578709639616
110.46,-0.925573229789734,-12.5309238433838,3.49946641921997,-148.805861710969,-164.318628335037,-41.0086470220533,9.22203159332275,-9.54008960723877,-12.5979604721069,-35.6573269960371,29.8023966319484,-56.4752620578995
110.465,0.809520781040192,-11.3921012878418,3.00161194801331,-164.341905619729,-161.749124829657,-34.1735674365948,9.88915729522705,-9.7032299041748,-12.537540435791,-29.4714773817559,28.0799322062979,-51.4280937707186
110.47,1.3328640460968,-11.027756690979,3.3405601978302,-173.177178782869,-145.864208518472,-22.2078990485275,10.1203746795654,-10.1948843002319,-12.3566932678223,-23.1173694723659,25.8534954425489,-47.4383309746094
110.475,1.56596481800079,-11.3141069412231,3.45009565353394,-187.258583643712,-113.440194037776,-11.7411250653295,9.58363151550293,-11.1489229202271,-11.9210691452026,-17.3960171178752,23.7529937067165,-44.51537200987
110.48,1.83302342891693,-11.643383026123,3.40464949607849,-201.798744990349,-75.4012586253305,-4.60531182382857,9.20343971252441,-12.3279523849487,-11.5118713378906,-12.6809070149309,22.3597375688715,-42.6087212879664
110.485,2.23906421661377,-11.8998584747314,3.21819686889648,-215.209370633184,-34.3297158063051,-1.09837542031274,9.19016647338867,-13.6005935668945,-11.1421022415161,-8.42055602956791,21.8157983788446,-41.4835159240985
110.49,2.95000171661377,-12.1512603759766,2.88152408599854,-224.865919402504,8.64781264495351,-0.778522090431831,9.60100746154785,-14.5911378860474,-10.591251373291,-1.66789334861621,22.2028600764673,-40.094221295972
110.495,3.57459807395935,-12.4600591659546,2.62024426460266,-233.954223753637,53.9943119551083,-1.94892318956368,9.5381326675415,-15.2134485244751,-9.89423274993896,4.3752923969237,26.270413604581,-38.244783653651
110.5,3.79531502723694,-12.937066078186,2.4761974811554,-242.312053033414,95.7798451839264,-2.87778089191781,9.06135272979736,-15.7876768112183,-9.00463008880615,9.48198108696623,31.8014085869036,-35.9705867921306
110.505,3.45591139793396,-13.6258687973022,2.47752594947815,-249.562353478896,130.919549708809,-2.99878921900881,8.23080921173096,-16.4454021453857,-7.90184688568115,13.4437512065357,37.7997353575221,-33.3217403942567
110.51,2.28065752983093,-14.5284013748169,2.705002784729,-253.317454880786,151.932162237489,-2.60433298783588,7.46663331985474,-17.3708801269531,-6.596923828125,15.451651798922,42.0275985480979,-30.7079806781491
110.515,1.26146304607391,-15.6222686767578,2.98969626426697,-253.857367674297,170.959675906554,-1.8716603031159,6.7926025390625,-18.4302272796631,-5.28305673599243,16.5286035838511,43.9302570244317,-29.1209520735508
110.52,0.199968948960304,-16.5103893280029,3.25689959526062,-253.444933531455,185.706873947312,-0.427586730752738,5.91745281219482,-19.5549697875977,-3.75867199897766,17.1369941464335,46.9474384487715,-28.0839859235703
110.525,-0.929277777671814,-16.9640216827393,3.48829293251038,-252.984005045506,195.529177747411,1.89037032568668,4.6918363571167,-20.696081161499,-1.93782520294189,17.4796766899241,52.5305955857854,-27.4948411265217
110.53,-0.65772408246994,-16.8438873291016,4.08133411407471,-248.200741607476,214.909579970133,3.75024855248432,3.39562749862671,-21.5562744140625,-0.398975938558578,17.2838688267981,53.0139919790093,-29.4915854586724
110.535,-1.92999792098999,-15.785267829895,4.17005920410156,-237.676512926754,220.775442051989,2.97268402255761,2.08732199668884,-22.024040222168,0.879504024982452,17.6235734078106,49.5857663553235,-33.1708990815316
110.54,-3.92923903465271,-14.5231952667236,3.67056918144226,-224.149978973704,205.776975012044,-1.65357929982827,0.958786606788635,-22.2056789398193,1.78918516635895,17.7811031832805,42.3515578355262,-38.0495631867937
110.545,-6.04980134963989,-13.6302423477173,2.48007392883301,-209.617071287966,162.786958413662,-11.3282367149077,0.173737645149231,-22.1682815551758,2.22118711471558,17.1740820736266,31.1624170692922,-43.8164114313459
110.55,-5.49992179870605,-13.9995937347412,1.59778535366058,-196.909599959805,108.351566502333,-25.3113747903885,-1.45510280132294,-21.9585304260254,3.16621661186218,16.4580187014208,20.6872154864321,-48.7863166186357
110.555,-4.91972494125366,-14.3110857009888,1.25303339958191,-181.199577472507,66.4233711123206,-36.0276666830244,-3.03537178039551,-21.4310779571533,3.99219250679016,15.629334047538,13.3220082072221,-52.1470633884162
110.56,-4.22052240371704,-14.2151556015015,1.26017391681671,-161.862314724582,34.9597631911983,-43.7197984055361,-4.56889200210571,-20.6808910369873,4.63931465148926,14.3341918695729,6.95271721419408,-54.8540722621674
110.565,-3.28173089027405,-13.2412719726563,1.41303038597107,-137.833886809396,12.1993487963674,-48.4600521423625,-6.05435705184937,-19.8101654052734,5.01869344711304,12.0921472697967,-1.00019625347057,-58.0574480583763
110.57,-1.33899414539337,-11.6760559082031,1.52306640148163,-113.454182265196,-2.22487542519347,-52.1655527104995,-7.68712568283081,-19.0050277709961,5.5473051071167,9.15331409165251,-4.67546426990695,-60.5860523910067
110.575,0.285319596529007,-10.394700050354,1.6199152469635,-92.6973534907429,-7.94574347658342,-53.5236538646865,-9.17079162597656,-18.1678504943848,6.309401512146,5.90794074289766,-5.22802401244004,-63.600843249137
110.58,1.35650670528412,-9.46882629394531,1.75143039226532,-75.2173011404145,-4.15266707668219,-52.4489270138795,-10.3819017410278,-17.2418956756592,7.10098028182983,2.16962111579877,-4.10904265845332,-67.4867017924973
110.585,1.51083850860596,-8.97943019866943,2.0088107585907,-60.2848547089875,11.6530258703201,-48.661590534202,-11.0890560150146,-16.1205978393555,7.52974557876587,-2.50780149740927,-3.7705756223411,-72.9423905241259
110.59,1.32152152061462,-8.09724140167236,2.73162150382996,-44.9583917398154,31.2482144905513,-44.9088353022923,-11.5975780487061,-14.8146533966064,7.3680362701416,-7.14085050601385,-5.66359115222728,-80.6943547037669
110.595,1.14919018745422,-7.26547813415527,3.66100549697876,-29.458704928008,52.3292108732021,-41.0726424794818,-12.2862482070923,-13.5687065124512,7.18032550811768,-11.951772368201,-3.50365994042664,-89.6101284764647
110.6,0.98561817407608,-6.58167552947998,4.67605018615723,-13.5938804720399,74.3577423239359,-37.0011633001426,-13.142707824707,-12.3980522155762,6.91066408157349,-16.8969266574859,2.13302453533902,-99.5936862126781
110.605,0.676530420780182,-6.18185901641846,5.52692651748657,3.3078443933379,96.6917300796364,-32.2741635454006,-14.0085220336914,-11.2650604248047,6.1835789680481,-21.7807458480241,7.60108359332812,-110.874535928898
110.61,0.0535819828510284,-5.57531499862671,5.72470998764038,22.1679202437681,110.193320181837,-28.0996355945061,-14.4991025924683,-10.3751173019409,5.27147054672241,-27.8056813281017,10.2716884125767,-122.458393327267
110.615,-0.660868406295776,-4.95627164840698,5.53915882110596,40.934471167667,116.522535466797,-24.2380122698683,-14.7605810165405,-9.69572067260742,4.39499139785767,-34.118693696803,9.51302685806488,-133.69156832308
110.62,-1.39585852622986,-4.41467332839966,5.04159355163574,57.8756557434272,116.539747543506,-20.7275426308391,-14.830940246582,-9.24087619781494,3.64638614654541,-40.7103624157151,5.34680228276703,-144.33300304996
110.625,-2.04259037971497,-4.17603302001953,4.29507875442505,66.9614260943775,112.60011492081,-17.9862735282112,-14.7412977218628,-9.10844230651855,3.23547673225403,-48.389745590141,-1.49389684083107,-153.911400794797
110.63,-2.64375519752502,-4.15358877182007,3.42876553535461,79.8452870578534,100.917247100232,-12.9088346964024,-14.5353670120239,-9.06440353393555,2.44008088111877,-55.7664967428219,-11.6808716977926,-162.306864416902
110.635,-3.24141669273376,-4.26483488082886,2.56651854515076,93.6274340104019,83.6617645396248,-7.07407601536687,-14.1804609298706,-9.15430927276611,1.62356340885162,-61.3465871248985,-21.2801185950715,-168.687230988556
110.64,-3.79491877555847,-4.47729158401489,1.77685737609863,107.412435982023,61.3690379567003,-1.19354226028752,-13.6444129943848,-9.39986991882324,1.02752840518951,-64.7009886489401,-29.5083808938415,-173.094533493912
110.645,-3.86421012878418,-4.7245945930481,1.26629137992859,121.786739845045,33.7459395379441,3.19291728248573,-12.7970123291016,-9.81601333618164,1.59083163738251,-66.955258433557,-41.0650097430843,-178.657394723807
110.65,-3.89170622825623,-4.74758672714233,0.885288715362549,136.850476172698,9.1325323873291,5.93762602569101,-11.7522192001343,-9.88091373443604,2.27664637565613,-65.5122853487434,-48.588753396893,-181.663880071906
110.655,-3.84447574615479,-4.52642345428467,0.562416970729828,151.544016247336,-11.5624174345644,7.22699584003381,-10.4246797561646,-9.75906372070313,2.86846685409546,-64.5060755405954,-52.983587391919,-182.533486096654
110.66,-3.70366930961609,-4.03993368148804,0.263302147388458,165.184040623635,-27.4757473326969,7.13765952701098,-8.786057472229,-9.51542282104492,3.22462296485901,-66.2006454736756,-54.8922256988711,-181.498849041181
110.665,-3.51757144927979,-3.33972764015198,-0.010314229875803,175.907574224338,-35.6222676350275,6.73342502626753,-7.41993856430054,-8.94341087341309,2.94586181640625,-71.6386713361105,-60.424764303946,-180.8997594887
110.67,-3.20120406150818,-2.62798500061035,-0.276609152555466,182.040988476361,-45.3110583123252,6.46161722136005,-6.244788646698,-8.35399150848389,2.55936861038208,-80.1318271539138,-66.8513644260919,-181.273548421219
110.675,-2.77637147903442,-1.87502157688141,-0.74819427728653,185.40635928421,-58.4870532967918,5.46430031951147,-4.94495582580566,-7.92568778991699,2.2734055519104,-89.9846960505482,-71.6929576796338,-181.392762542992
110.68,-2.25378656387329,-1.05468678474426,-1.60685992240906,187.284483721045,-76.9117412999004,3.01420943827717,-3.26157355308533,-7.81045293807983,2.25988745689392,-99.9310907274875,-72.8793751988433,-180.264866084591
110.685,-1.88686156272888,-0.587166011333466,-2.1322226524353,187.584042157663,-96.8952219055786,-0.507740147921175,-0.628529071807861,-7.72216987609863,0.792733013629913,-109.601648214796,-76.875725712407,-181.318258839525
110.69,-1.38440370559692,-0.146125435829163,-2.32913064956665,187.461973016817,-112.306567050661,-3.6564730433878,2.07519149780273,-7.95365476608276,-1.62414121627808,-120.854910796958,-92.9494284522514,-183.332276720087
110.695,-0.933444976806641,0.038724560290575,-1.93214082717896,187.674077711302,-120.171113238391,-5.9393019833586,4.24306678771973,-8.42285442352295,-4.21728992462158,-132.154611835287,-116.019164185346,-184.65453304151
110.7,-0.772935390472412,-0.340933382511139,-0.562063455581665,189.195638952706,-116.170944649082,-6.67060009250811,5.07183885574341,-9.04496383666992,-6.02850914001465,-141.574125719652,-140.238878378428,-183.155702669664
110.705,-1.43547809123993,-1.44625735282898,0.705807209014893,193.057974324565,-95.1080482677314,-4.85372921903652,4.45524263381958,-9.9659366607666,-7.05352640151978,-141.252259885204,-132.873912717159,-172.882032648454
110.71,-2.52405214309692,-3.15410804748535,1.64028406143188,195.456490874263,-70.5381571060922,-2.70645840319273,2.78905129432678,-11.8021621704102,-8.22591400146484,-132.979398158701,-104.335114742042,-159.179498380871
110.715,-3.90882873535156,-5.66658115386963,2.31526207923889,195.928142757209,-46.780033927309,-0.882211992634588,0.262296766042709,-14.5543622970581,-9.19027328491211,-120.36237219553,-67.9079058982337,-144.632479524308
110.72,-5.41678857803345,-9.46425437927246,2.86777210235596,193.793230528339,-30.6750967323901,-0.419611097514573,-2.89909982681274,-18.2554378509521,-9.15304851531982,-109.58943583656,-46.8384252145235,-133.486034270576
110.725,-7.38185882568359,-15.3163557052612,2.37414407730103,191.08792920188,-33.8296879024522,-2.38523204520609,-5.63787794113159,-22.2093753814697,-8.49310779571533,-92.667307488584,-29.5341546126745,-116.059872112799
110.73,-9.47597503662109,-21.1532516479492,0.2177624553442,185.51597016001,-52.4178803890072,-6.43268368626223,-7.00923871994019,-24.187744140625,-7.78208589553833,-76.5908863334499,-30.0140539490434,-104.331351307809
110.735,-10.8096551895142,-25.6108074188232,-3.15471076965332,178.213705635323,-81.0195126893945,-10.8828281263001,-7.04950380325317,-23.65256690979,-7.28629064559937,-62.2824596449736,-48.6544154204789,-99.9436309548037
110.74,-8.84547901153564,-25.3478374481201,-6.33022594451904,173.164597574418,-106.168392156786,-11.0134717158759,-6.08689451217651,-19.6206722259521,-7.59213876724243,-50.0421288598125,-83.1030618957069,-103.988728528474
110.745,-4.86929702758789,-21.6171340942383,-6.8240385055542,191.605684861724,-113.660938921561,1.28678245330784,-5.50402879714966,-16.212833404541,-8.66402435302734,-40.3321441055202,-116.599142868528,-102.881875882906
110.75,-1.43655002117157,-18.420955657959,-5.92331600189209,218.176350167124,-120.496599073099,18.0193845777601,-5.07844305038452,-14.0157146453857,-9.9946813583374,-30.6081062370106,-141.114440328131,-97.3174983510146
110.755,0.819792866706848,-16.6007823944092,-4.05544710159302,246.303806829667,-132.151306023729,36.2195779232288,-4.66237545013428,-13.0303087234497,-11.1940031051636,-20.6614520128828,-153.221360443329,-88.1096110478937
110.76,1.50131821632385,-16.0812873840332,-1.92774426937103,260.675699635911,-157.180015142864,50.0503933887083,-3.78873705863953,-12.6745824813843,-10.9487581253052,-12.0632974045162,-144.952774415247,-78.3625622720704
110.765,1.95882785320282,-15.8624982833862,-0.0795895010232925,262.583289508825,-175.025031821302,60.538698689491,-1.92674672603607,-12.3347625732422,-10.4595251083374,-6.57602288995777,-132.738114896081,-67.5858624788676
110.77,2.27907943725586,-15.8350095748901,1.32314789295197,260.693157599429,-178.703129670489,69.4035124207914,0.339007049798965,-12.0855016708374,-10.437536239624,-1.88489400807622,-126.653085704139,-55.6452574699596
110.775,2.5107581615448,-15.9833650588989,2.1866729259491,258.180522249078,-165.777898251211,77.1747787150268,2.71005439758301,-11.9754285812378,-11.0848827362061,2.95568923124215,-130.668294370001,-42.3659831950533
110.78,2.83907556533813,-16.4369506835938,2.32812023162842,257.563728846269,-139.503540212384,83.7704601700763,4.30531597137451,-12.165657043457,-11.945592880249,9.34404883177241,-147.308055867499,-27.0101094313151
110.785,3.07407999038696,-16.8558025360107,2.53534030914307,252.126898266939,-113.689161263212,86.1392312459393,6.72138738632202,-12.7108087539673,-12.7583608627319,20.2382278786994,-147.07235969962,-10.7061345475665
110.79,3.23651027679443,-17.4019508361816,2.91682648658752,243.558125424835,-89.8798116656534,84.2074078618496,9.23191070556641,-13.1174545288086,-13.2297534942627,34.9269851133714,-134.356186710457,5.3065122775136
110.795,3.28386640548706,-18.1526107788086,3.51483559608459,232.837597107366,-69.4270151017254,77.7987164957075,11.4387998580933,-13.0797395706177,-13.2180547714233,52.8274936637221,-111.592470772936,20.0767553765312
110.8,2.32670426368713,-18.8309593200684,3.88504958152771,224.705300673982,-59.9750919697491,68.7413529015153,12.9824285507202,-11.9183864593506,-13.301323890686,66.4109879793553,-93.3017364398298,28.5511794005357
110.805,0.782587826251984,-19.2162647247314,3.86113166809082,218.621050123605,-62.5751332509087,58.9580016702533,14.0764961242676,-10.4560451507568,-13.693076133728,84.3199488888039,-70.6802523615852,39.8591739960644
110.81,-0.899455785751343,-19.4676418304443,3.65227961540222,214.227312373941,-72.3880113899526,49.314706883017,14.8164720535278,-9.03398609161377,-14.0181665420532,102.829283426297,-45.9400538480863,52.8213396632799
110.815,-2.37048172950745,-19.7035350799561,3.41367483139038,211.343005449714,-86.0037817645088,40.5093362880633,15.2566680908203,-7.92629861831665,-13.973931312561,119.01088266446,-20.7120124882138,66.600238860878
110.82,-3.41122889518738,-20.1876335144043,3.27700233459473,211.883819828196,-100.199175652411,34.4455694750068,15.2284908294678,-7.1080436706543,-14.2355613708496,135.013455814288,5.2204493326505,81.5791920503637
110.825,-3.60084199905396,-20.8591594696045,2.96557569503784,213.29395336348,-109.023534173257,30.7422170013638,14.954080581665,-6.4557671546936,-14.3125400543213,150.85107989566,33.6977115722146,98.2125946417448
110.83,-2.95689702033997,-21.5470428466797,2.49887537956238,214.950929935369,-113.862060671861,28.2361966892241,14.4501695632935,-5.85587358474731,-14.1789093017578,165.853139615107,61.5920504632904,116.288574166968
110.835,-1.43735694885254,-22.0376091003418,1.88943207263947,216.091694470166,-116.148527968226,25.5582997892628,13.7201251983643,-5.16966962814331,-13.7858572006226,179.112790756528,84.9289148948239,135.65185993563
110.84,1.32087016105652,-21.2505531311035,1.83337163925171,212.399977223774,-100.977079557362,22.271515430457,12.7289295196533,-4.42564058303833,-13.5900650024414,189.151720836343,99.1405168216261,156.663038124585
110.845,2.02635073661804,-19.9731273651123,1.90925884246826,208.886145424126,-77.6206466338561,21.8183101809118,11.5278511047363,-3.56730484962463,-13.1145439147949,198.366438328634,108.391926090138,178.59894196489
110.85,1.24491429328918,-18.1837673187256,1.97915840148926,205.494355444568,-54.9841258941536,21.492964365082,10.1806411743164,-2.643630027771,-12.4827089309692,206.576066163801,112.737941308072,201.13767830134
110.855,0.23860789835453,-15.7048530578613,1.82545065879822,201.604139240517,-49.0396585802352,15.8199441367055,8.78731250762939,-1.74646508693695,-11.9621515274048,213.079772291487,111.327616527491,223.808933968066
110.86,0.507426619529724,-14.3472738265991,2.08625960350037,193.552807869554,-44.2669853505133,9.16823720121534,7.94034147262573,-1.20067024230957,-11.5768165588379,220.70943510385,103.863087198691,245.697805125746
110.865,0.922823131084442,-13.5276365280151,2.36965489387512,185.63183748909,-40.4725625495719,5.64288287243745,6.99901819229126,-0.588146328926086,-11.0171556472778,227.10579797854,93.2128005466471,265.549039608715
110.87,1.3207505941391,-13.0539932250977,2.65379166603088,178.338807380161,-37.9678365582799,5.4054266501869,6.01446485519409,0.0105137014761567,-10.3110761642456,231.808478844742,80.7496655756656,282.091730457729
110.875,1.63277518749237,-12.6115427017212,3.01770758628845,171.617791953842,-37.8464743420125,7.73197563103495,5.36445569992065,0.207561641931534,-9.63900566101074,234.182324751158,69.2597232783842,291.784369946624
110.88,1.6150678396225,-11.8295459747314,3.59058451652527,163.360011285026,-31.185953901172,10.4971350278323,5.02430200576782,0.0124519728124142,-8.746506690979,237.796041237229,49.8996716042936,305.45922828769
110.885,1.56476044654846,-10.9925785064697,4.11712408065796,152.188021123798,-19.5481226404343,12.1838690263872,5.03657054901123,-0.41571056842804,-8.03743076324463,241.916366514417,29.6762771889241,318.152069350648
110.89,1.43509829044342,-10.1238288879395,4.58665466308594,137.721393593766,-4.93843338314161,12.7524993502637,5.45813322067261,-0.997878134250641,-7.70575952529907,246.807956752684,10.4130963802845,328.673265427379
110.895,0.710760295391083,-9.04694271087646,5.20467710494995,119.562420439938,4.84616094254932,13.5348889819522,6.51182985305786,-1.52426540851593,-8.25288486480713,254.439245150069,-6.38670370654335,336.435229003965
110.9,-0.266139179468155,-8.0161657333374,5.42060327529907,96.400367870022,10.0320947680028,13.1451575341376,7.56023550033569,-2.13823699951172,-8.09581756591797,260.532320304854,-24.552668839647,344.245796206685
110.905,-0.814670264720917,-6.87821912765503,5.34568071365356,70.1097744715382,15.1863348081601,11.7867003563401,8.70330905914307,-2.77334666252136,-8.23824405670166,266.883166798915,-36.3679603678528,352.468305778626
110.91,-0.630706965923309,-5.56358909606934,5.04149055480957,41.603962895017,22.5940898970311,9.55197430425958,9.90191268920898,-3.3971574306488,-8.88674163818359,274.141581509131,-40.363771296472,361.253158485313
110.915,0.739109456539154,-3.96447038650513,4.7674732208252,13.8165830587964,37.9857931256078,6.86348676910339,10.5443820953369,-3.92761182785034,-8.85890960693359,282.5024433929,-47.5986423446188,370.701085956625
110.92,1.41906368732452,-2.7991771697998,4.63872480392456,-7.03947256948429,50.555417575939,6.10014995010464,11.1761083602905,-3.65854167938232,-7.56105661392212,289.023962653942,-40.3212738594562,375.10756883928
110.925,1.4709620475769,-1.87240660190582,4.61664819717407,-21.9896266932214,59.5001342752447,6.81850015502192,12.0516481399536,-3.14120388031006,-7.01175737380981,293.991996369399,-35.2301259842095,376.588353851339
110.93,0.949027419090271,-1.09039735794067,4.66659116744995,-31.7645153201017,64.2386394836436,8.81723890241026,13.2587633132935,-2.66745638847351,-8.18597507476807,297.482632846626,-39.6806806624844,376.011749281607
110.935,0.870158851146698,-0.382314473390579,4.42483568191528,-45.6800319614785,65.5593726728815,11.2042235314687,13.7150640487671,-2.50204992294312,-8.70803070068359,299.703783043957,-25.2499748048447,371.832930264366
110.94,1.52960550785065,0.496398031711578,4.09152507781982,-62.3480021402491,64.0009352401488,11.3971336868392,13.9892482757568,-2.60493040084839,-9.07429885864258,301.047991593372,-5.6171552573813,365.331355155701
110.945,2.10957050323486,1.29317617416382,3.76155161857605,-78.8828109509611,60.7908761038371,11.2665353472667,14.0243043899536,-2.90182423591614,-9.35974788665771,301.878952407796,18.2791588700105,356.907737493838
110.95,1.95428740978241,1.80198299884796,3.51064491271973,-92.9796042280045,56.8051157985815,12.281442547549,13.7602186203003,-3.34549427032471,-9.6190938949585,302.454791996341,45.9529321697663,346.763267330968
110.955,1.57866084575653,2.48548603057861,3.41178226470947,-105.258194317801,55.0573933333803,11.8499786439057,13.0679531097412,-3.70030808448792,-9.57827949523926,298.892739061153,56.2220771906509,338.465215866806
110.96,1.60116422176361,3.21408677101135,3.51033496856689,-119.26409143737,61.3612447108573,10.3758607502505,12.3474931716919,-4.43681907653809,-9.46630477905273,290.833634934915,65.0809657328463,325.673828834503
110.965,1.78789865970612,3.87363719940186,3.79949927330017,-136.090262457697,75.466282026229,8.15868913811056,11.5507106781006,-5.41352319717407,-9.27186393737793,280.048493027898,73.7786925464806,310.310356485313
110.97,1.85762369632721,4.31540822982788,4.2853889465332,-157.326864210019,97.6580037717073,5.51772093655743,10.6112670898438,-6.47110748291016,-8.97440910339355,268.55260163585,83.8722299887095,294.590758072799
110.975,1.33125710487366,4.5361065864563,4.57064867019653,-177.10952359372,117.561161352746,4.28840385294468,8.9843864440918,-7.27050924301147,-8.86684608459473,254.024078931559,92.0086655167305,280.474450945297
110.98,0.666215360164642,4.47666454315186,4.59434700012207,-195.35134694218,131.819591056498,4.27432811372575,6.69450950622559,-7.87815952301025,-8.16760540008545,237.86581844979,95.4904637291713,267.682135007266
110.985,0.0033216367010027,4.23628854751587,4.36419248580933,-210.540103052401,138.139291887944,5.30163765688033,4.10161018371582,-8.12784957885742,-7.29339981079102,220.63109283407,91.9483139652243,255.337114497602
110.99,-0.438524067401886,3.99012017250061,3.87448716163635,-219.498278639466,131.691265462372,7.17121197753502,1.8532794713974,-7.65998268127441,-7.09764242172241,203.107149688135,76.4375895677182,241.85478552886
110.995,-0.946631968021393,3.37854933738708,2.52646255493164,-211.433054663732,106.715305894197,8.42148322774774,0.457516640424728,-6.52659273147583,-7.07422876358032,183.690342557136,54.2152993106095,223.80224038268
111.0,-1.26480042934418,2.61675500869751,0.853755176067352,-193.433006351512,77.0861433501675,8.63830843672344,-0.729997158050537,-5.31574440002441,-6.91572523117065,162.27166162192,28.5241301438751,202.46563100053
111.005,-1.4344619512558,1.70194160938263,-0.925904452800751,-167.932385802243,47.8580802500526,7.83222317125687,-1.75092768669128,-4.2164044380188,-6.51751947402954,139.157304262978,-0.137042436291443,177.698436164337
111.01,-1.65581023693085,0.533819079399109,-2.38289141654968,-138.753052686761,28.7256377998634,6.09148798957659,-2.47704291343689,-3.57459115982056,-5.665283203125,115.123521479482,-31.7660862636108,148.294813296891
111.015,-1.98297500610352,-0.593710362911224,-3.45899105072021,-109.788064567813,22.2213528136451,4.40952445127016,-1.67922937870026,-3.31053996086121,-4.85922813415527,92.357681353129,-65.3424663554094,114.338698592902
111.02,-2.35402822494507,-1.87997937202454,-4.11375999450684,-83.4361770517176,21.5219926690546,1.95402662153415,0.106270350515842,-2.98490023612976,-5.22138166427612,72.3024905913549,-100.216415049876,79.3674675140868
111.025,-2.71832895278931,-3.37900018692017,-4.2360577583313,-61.2292239843901,24.1216395067896,-1.08110518027466,2.93455982208252,-2.38440942764282,-7.03547859191895,54.2907182594247,-132.477543179245,45.9797235867857
111.03,-2.90148067474365,-5.14349699020386,-3.34767365455627,-47.9170247825898,25.1492687881747,-2.95869472792036,7.59903240203857,-0.953193128108978,-10.5035886764526,33.7658939356043,-144.52713068655,22.7649129281731
111.035,-2.64802050590515,-7.13466119766235,-1.76442730426788,-26.1744870127828,26.489181148602,-6.29353779183026,10.0828399658203,0.0360958017408848,-9.26592922210693,20.8643154614214,-136.261276734136,11.5989119890734
111.04,-2.13622713088989,-9.07340431213379,-0.01807657815516,-3.16413913419153,27.9654889716598,-10.2390486460806,11.682879447937,0.665322124958038,-7.7782506942749,7.46546421094199,-118.646027619376,1.03895576274139
111.045,-1.4702969789505,-10.8540782928467,1.66238141059875,18.4015678127682,29.9234958859327,-14.4922304941359,12.6607151031494,0.960043907165527,-7.45351791381836,-8.84703816398538,-96.5627761081066,-12.9047732951672
111.05,-1.05811774730682,-12.4120969772339,2.86653113365173,36.203052280532,35.5752144618353,-18.8045489737989,11.7633438110352,0.989612400531769,-7.40462589263916,-24.9485022077113,-81.2431330828207,-30.8347216683879
111.055,-1.23901188373566,-13.179292678833,3.48944211006165,48.8831482104989,45.6741511686031,-21.7798271875807,10.2105960845947,1.10834562778473,-7.74568128585815,-41.4522951294023,-69.0781495294886,-49.7873149924469
111.06,-1.6658695936203,-12.8184881210327,3.54395055770874,56.1343331654783,59.5239579750697,-22.7463433513671,8.64561176300049,1.34080731868744,-8.25336170196533,-57.6886656545198,-60.8800920347758,-68.7586674310613
111.065,-2.153240442276,-11.1036710739136,3.01575899124146,57.2908754372583,76.8808756750412,-21.2214728833105,7.41201114654541,1.65224921703339,-8.78921794891357,-73.2515248859606,-57.2499728494136,-86.880641450155
111.07,-2.41459727287292,-8.29778957366943,2.09398508071899,48.7199408402815,96.2213349514976,-16.90796082809,6.59734725952148,1.07011842727661,-8.81611633300781,-87.4613373032003,-57.3227041187905,-98.0453369693495
111.075,-2.6470901966095,-5.97843313217163,2.12086892127991,38.8571715844451,108.327052953402,-12.1678308884423,6.44068622589111,1.35076522827148,-9.75593185424805,-105.129226685893,-49.3984620777143,-105.117574383169
111.08,-2.84510779380798,-4.27872180938721,2.85692453384399,33.6106983772833,107.713715626313,-7.79373334773656,6.09619092941284,1.36981499195099,-10.2504606246948,-128.740992571141,-31.6439693114402,-106.868124546687
111.085,-3.00207328796387,-3.3425452709198,4.15496015548706,37.9655484449079,89.237521166673,-4.43896555480067,4.87914419174194,0.216341257095337,-9.19141960144043,-160.639014183855,-1.99821965301142,-101.992817479402
111.09,-3.18940258026123,-1.79260289669037,5.81875514984131,45.5842385583691,52.760902734409,1.99870907875413,-1.60497617721558,-5.4695873260498,1.4917870759964,-173.47194242669,87.4701823981755,-78.0280264367123
111.095,-2.92266893386841,-0.669629454612732,5.99639368057251,39.9615312109662,40.1211732224369,13.62913193212,-6.18245697021484,-12.8972911834717,8.18165111541748,-176.577287932836,158.437002176578,-63.9915505602292
111.1,-2.08455085754395,-0.84574031829834,4.36882448196411,30.2974965543151,58.9469640845546,26.7855772076347,-9.33842945098877,-25.2223339080811,11.740818977356,-172.34922325168,199.798865601369,-67.2876905706507
111.105,-0.483691275119781,-3.51659965515137,0.396327793598175,27.840336000403,121.24339829657,36.978521223044,-11.573070526123,-46.7861213684082,13.0123052597046,-163.231713011657,195.328124299002,-98.5525331567364
111.11,-0.519022881984711,-10.4780750274658,-3.88617062568665,39.7338605153621,129.073909651666,32.9629710477234,-15.3940601348877,-50.6496200561523,7.2125997543335,-134.245428362876,104.791501152193,-137.595499546984
111.115,-0.446960926055908,-19.1641387939453,-5.89764976501465,57.4627503175325,99.1144254989966,21.2820959348362,-11.2410459518433,-37.8654289245605,2.45898580551147,-120.170471200609,36.4702219601062,-157.747726806297
111.12,-0.344699919223785,-28.5298004150391,-6.02300262451172,71.9550047173305,49.8182694097654,4.62516462242486,-1.85261714458466,-17.929349899292,-0.954038500785828,-119.866992235407,-10.0470469058696,-161.530353870541
111.125,-0.538859605789185,-36.9367256164551,-5.06464672088623,66.5772074629968,12.3587910248048,-13.1249102921167,7.12706661224365,-7.96978330612183,-3.18181347846985,-128.963847983381,-44.6425125661752,-154.804475349533
111.13,-2.76469969749451,-40.969898223877,-0.843866884708405,72.2547134181107,-21.3986309149077,-29.1672914919748,9.71758365631104,-5.94620323181152,-3.21550440788269,-136.154725783083,-25.0142427784727,-152.099105721183
111.135,-5.38670969009399,-38.1437339782715,2.70166945457458,92.4475871331739,-74.7571581262199,-40.1818731135908,11.9100685119629,-3.69781947135925,-4.25524139404297,-148.343676470213,-3.76843649247041,-160.162567508111
111.14,-7.64551448822021,-28.2214469909668,4.08511018753052,122.13223813402,-133.408375019713,-37.2275089390476,14.1104688644409,-0.150004580616951,-6.00082349777222,-164.08860122417,15.5288653799417,-174.915284341719
111.145,-7.89373683929443,-10.77294921875,0.216391667723656,146.299318889358,-147.7351475963,5.76897883668646,15.3218469619751,4.9739990234375,-6.47942066192627,-177.007016114657,41.4561132051484,-182.643493123426
111.15,-4.10539054870605,2.16985869407654,-0.87066775560379,133.497331403463,-94.5099217719242,42.9338724434048,16.1384124755859,7.74522829055786,-8.98313426971436,-191.76775159035,62.9349954277091,-177.336941572325
111.155,0.8582803606987,8.53052616119385,-0.40283265709877,116.404933269668,-38.8833038882096,55.5771126726104,15.8512315750122,7.60223531723022,-11.655499458313,-201.255813253224,79.2428575428691,-168.963689725401
111.16,6.12743997573853,8.79646396636963,0.902368724346161,98.4969354168925,5.94211260620206,42.6137414770063,14.1009883880615,4.68509483337402,-13.6115856170654,-203.136396558161,92.0970071834555,-159.99634802447
111.165,10.5040969848633,7.31871604919434,0.923235833644867,63.3104645867631,43.5047362391399,17.6706504866649,9.91981601715088,0.208937779068947,-12.5781831741333,-193.628855195773,110.234212524398,-152.005737035229
111.17,13.0456924438477,8.49389743804932,-0.0946391969919205,11.1864308886808,38.3939276643674,-8.50053498342782,6.46041536331177,-1.88431060314178,-11.6496057510376,-182.710551920698,107.581455843225,-143.745879988906
111.175,13.2864465713501,8.93940258026123,-0.975119531154633,-6.99503621251783,12.9991605330813,-28.1728535148614,4.33806705474854,-2.83773899078369,-11.2356958389282,-173.879008040844,94.5796853241067,-131.470021974777
111.18,11.0542287826538,7.6293306350708,-1.28604710102081,21.0335743792434,-13.0778178453368,-36.6433979914173,3.64030575752258,-3.24667596817017,-11.3669061660767,-167.830916511933,75.6883109855786,-114.282629570005
111.185,6.82809257507324,5.84104633331299,-0.838881731033325,45.0063601583564,60.4768649869349,-19.1627548297257,3.04111647605896,-4.7402138710022,-11.0311231613159,-160.000145609648,60.4574126081787,-96.3269091854985
111.19,0.632982492446899,3.95859575271606,-1.96711540222168,15.212451743999,150.277671854459,-10.0191925406607,3.55148720741272,-6.95520448684692,-10.8915414810181,-156.837085005016,44.4576466660996,-87.6954283766242
111.195,-3.98131132125854,1.49023246765137,-3.7965145111084,-38.7996409010661,210.680859590817,-13.1994874201168,4.96973180770874,-9.41294956207275,-11.2386455535889,-154.941584566932,24.7183162949455,-84.863918814682
111.2,-5.11475086212158,-2.04896545410156,-5.74304389953613,-99.3035192861684,217.03490261341,-30.7931360616263,7.14578580856323,-11.8136901855469,-12.1631059646606,-152.415111253323,0.769487084181227,-86.4337968142744
111.205,-3.87049412727356,-10.1300821304321,-4.89812517166138,-103.716770886291,188.62499030793,-50.2128733437791,8.38663196563721,-13.0666751861572,-12.050633430481,-146.117348989491,-3.88662053633961,-94.9109153479065
111.21,-4.05227708816528,-18.2818508148193,-2.75864958763123,-78.0649777601221,145.529665852924,-62.3821804068558,8.79757785797119,-12.7795925140381,-12.0268859863281,-137.302498091969,-1.27202422878044,-102.651862432416
111.215,-5.68388223648071,-24.6784648895264,-1.02715337276459,-48.2631480338748,100.830305622287,-66.3475286917767,8.91012573242188,-11.6219787597656,-11.7614374160767,-127.94646398575,5.61177776407039,-108.358116653747
111.22,-8.87300300598145,-27.7592735290527,-1.08369398117065,-34.6834342279471,64.8404064702784,-60.8477101079207,9.1290397644043,-10.0734357833862,-10.9764995574951,-119.588784970134,14.6372183347424,-110.871585287176
111.225,-13.0519495010376,-25.3141689300537,-2.71164488792419,-41.767972812462,55.2827417646666,-51.511370852174,10.1276140213013,-9.54461002349854,-11.3194561004639,-112.45700879732,32.5007619013049,-108.728012378438
111.23,-15.8234205245972,-21.9212474822998,-3.85481309890747,-53.7362571629814,43.7502610492343,-37.9327532916081,10.5828218460083,-9.62234497070313,-11.5262889862061,-104.935201502141,56.2823365346033,-106.367963454145
111.235,-17.2440586090088,-18.2793502807617,-4.66644906997681,-68.2373669030384,25.5141955502447,-23.9243221718571,10.3573360443115,-10.0004749298096,-11.5772953033447,-97.0020392340084,80.6176311888201,-103.938492487128
111.24,-17.281120300293,-15.2473526000977,-5.31359577178955,-82.5124281174192,-5.88237491794748,-14.2430301884944,9.2262601852417,-10.3174390792847,-11.4357318878174,-88.599110215141,98.8094643827447,-101.619021716694
111.245,-15.1921863555908,-14.95583152771,-3.6297767162323,-88.9933965453584,-54.8474025824429,-13.4725916803061,7.51350259780884,-10.0389232635498,-11.0035095214844,-79.7832894307572,100.470381973784,-98.2877198924258
111.25,-12.2971220016479,-14.8497743606567,-0.92616605758667,-91.1667354184997,-96.4962364052123,-15.1990389600164,5.88259220123291,-9.36083507537842,-10.714412689209,-71.3949770167136,89.6498870076233,-94.0449566441756
111.255,-8.8796968460083,-14.525580406189,2.19891619682312,-92.9154346007523,-128.516730139933,-16.8651628627507,4.53570413589478,-8.51495838165283,-10.5386476516724,-63.5896485690873,68.7342904859135,-88.6791122208894
111.26,-5.28365802764893,-13.4645204544067,4.79419374465942,-101.185079308156,-148.133921360802,-14.2945298148363,3.81596112251282,-7.9021782875061,-10.3860330581665,-56.6348084467218,40.7561349284379,-81.6604439807302
111.265,-2.01517057418823,-11.2416887283325,4.47562265396118,-113.701865415068,-158.0987575485,-11.7936697106144,3.64638614654541,-7.24161195755005,-10.6133852005005,-52.0222314360505,11.7566663070123,-75.6160885652949
111.27,0.367574751377106,-9.21704196929932,3.61177563667297,-125.369119423203,-165.478203210809,-11.5927281065536,4.8201265335083,-7.11104440689087,-11.3100109100342,-49.0416734860403,-7.11090055339017,-71.635597750984
111.275,1.71249234676361,-7.74038076400757,2.74312567710876,-135.734286658534,-167.499993846646,-12.2034750843997,7.11434936523438,-7.52873849868774,-12.1949129104614,-46.7566166237396,-15.6229785565153,-68.8830451758472
111.28,1.68578195571899,-7.38458919525146,2.58022212982178,-145.215818660562,-153.042518770102,-8.55934461972892,9.69425392150879,-8.38755798339844,-12.4352903366089,-42.7641319972462,-16.2434363558138,-64.6420441164029
111.285,1.34164345264435,-7.61435890197754,2.72569346427917,-162.181448483362,-122.301831731112,-2.89012090931391,10.9966306686401,-9.23089981079102,-12.1042776107788,-37.5415405465173,-6.39996110372235,-59.9188795128799
111.29,1.05269527435303,-8.28158473968506,2.83938241004944,-181.121453768781,-86.3381058640026,-0.0807466764607692,11.3840484619141,-10.1007232666016,-11.69957447052,-31.9682393724757,3.18167287012119,-54.9143555117819
111.295,0.899423658847809,-9.2840747833252,2.78738141059875,-199.968950972081,-48.4087505915065,-1.17952425751143,11.0285263061523,-11.0459995269775,-11.2821311950684,-26.1291943208491,10.6949748722363,-49.7561590845479
111.3,0.884811818599701,-10.2930335998535,2.28494739532471,-214.588096626279,-12.6548404517372,-6.19358736483724,10.3702459335327,-12.2533016204834,-10.6386919021606,-19.5415195550542,18.4354250604839,-44.8393517878658
111.305,0.78285676240921,-11.2677888870239,1.97652864456177,-226.831866411687,21.6314669410716,-12.9740467812768,10.2985372543335,-13.2386207580566,-10.1839151382446,-12.9634693795734,26.1943543255311,-41.4402671662739
111.31,0.660515010356903,-12.4185934066772,1.77655971050262,-236.907324343183,53.6742902717365,-20.1788923178322,10.335057258606,-13.9473905563354,-9.55128574371338,-6.49318849013797,35.379532957209,-38.4291407046334
111.315,0.475973188877106,-13.7801761627197,1.63602006435394,-244.67068127836,82.1547242803965,-26.9930032225388,10.2750539779663,-14.3683462142944,-8.6485013961792,-0.406309437508105,45.6815209427175,-35.3997400718685
111.32,-0.28430911898613,-15.0081644058228,1.3709352016449,-248.944248679767,99.2160245629006,-30.4798626051545,9.76888370513916,-14.6305675506592,-7.78951263427734,3.38895779893026,50.3968991305868,-32.1120660809232
111.325,-1.09431231021881,-15.8856039047241,1.22876799106598,-250.412438822996,108.074438406949,-31.1784270327067,8.79449367523193,-15.101203918457,-6.7162709236145,5.8643829190132,54.6507102098194,-28.1510259378213
111.33,-1.51166880130768,-16.4205131530762,1.21772599220276,-249.622950917213,119.28104396689,-29.1083708650997,7.63698053359985,-15.7458400726318,-5.70382022857666,7.41207774484188,58.2294049009205,-24.3466788720159
111.335,-1.28136086463928,-16.5780029296875,1.34913527965546,-246.628322777512,137.729822047202,-24.0048723002864,6.46146631240845,-16.5416717529297,-4.89457178115845,8.16811053029694,60.9451973979443,-21.2292251480185
111.34,-0.408211082220078,-15.9964332580566,1.61776471138,-239.430068373506,148.928736814138,-13.6830853039212,5.7148118019104,-17.231128692627,-4.17822074890137,7.78438879517833,62.1220458221267,-20.3000940246541
111.345,-0.573925256729126,-15.0820741653442,1.71887421607971,-228.896960446862,154.155962548219,-8.79254606101337,4.53650236129761,-18.3096313476563,-3.0856761932373,6.86290150726888,60.9365572086443,-20.762369765417
111.35,-1.66417932510376,-14.3104829788208,1.58787000179291,-217.820032858503,144.680290848498,-9.03396678119029,3.07176423072815,-19.5131988525391,-1.93000137805939,6.04429821260098,57.977247977142,-22.0387528288267
111.355,-3.64458513259888,-14.068902015686,1.15912973880768,-208.387377690175,112.65220877361,-14.4833375878366,1.41865015029907,-20.63938331604,-0.956503868103027,5.84478070298209,53.6039290780016,-23.7196026194116
111.36,-3.84140419960022,-14.8958625793457,1.86585569381714,-200.865385979888,81.9496273599993,-22.54634858228,0.326589077711105,-21.4735374450684,-0.0846960991621017,5.85224311153715,43.7648435031123,-28.7139684216665
111.365,-3.46645402908325,-15.4248647689819,2.78658509254456,-191.868852050444,63.2540130732729,-28.4740648572589,-0.765651822090149,-21.9709453582764,0.818157553672791,5.96202388829312,34.4686862502527,-35.1193608064394
111.37,-2.73421049118042,-15.5040397644043,3.63144326210022,-180.407398472191,53.1330694969993,-32.2738049604691,-2.10083603858948,-22.1280174255371,1.69062566757202,5.81327517477493,26.6001187886486,-42.5227018855592
111.375,-1.88665914535522,-14.9079790115356,4.03039121627808,-165.047068010019,47.9340285385285,-33.791070012885,-4.00266218185425,-21.9140663146973,2.45318818092346,4.93273743226064,21.3804591966209,-50.4817608159296
111.38,-0.754628241062164,-13.8918380737305,3.88474059104919,-145.07215246156,42.7493241471257,-33.9514667602589,-6.2122597694397,-21.4707317352295,3.34901237487793,2.9974581858943,19.3907584970518,-57.4562821283885
111.385,-0.0257505252957344,-13.1110057830811,3.67048668861389,-125.884020063973,36.3688038962153,-35.1239541086563,-8.22972965240479,-20.8334655761719,4.25692844390869,0.279374907455914,15.0411420618786,-64.2238931052255
111.39,0.369969934225082,-12.4592933654785,3.3426206111908,-108.108801088663,31.0347779091776,-37.16099655691,-9.86098289489746,-20.0384540557861,5.21432685852051,-3.19869007299486,8.75721007734231,-70.8014335778395
111.395,0.60247004032135,-11.6801080703735,2.75379776954651,-92.5129861944768,31.2333554140119,-39.6246833565741,-10.7502412796021,-19.1339282989502,6.31001377105713,-7.50211671357557,1.73015681948152,-77.118982899697
111.4,0.335545718669891,-11.055006980896,2.49574947357178,-74.3864837599633,43.9646572721865,-37.7493832029608,-11.1154327392578,-18.2237644195557,7.21142339706421,-13.7672024986445,-3.67809400720548,-83.7575716031125
111.405,0.343337118625641,-10.3893222808838,3.01075315475464,-54.0703797718947,59.0645389609272,-33.9171655502471,-11.5725688934326,-17.3971118927002,8.15227317810059,-21.0096396888444,-2.29896227367719,-90.9687897061636
111.41,0.614591956138611,-9.70707035064697,4.14439916610718,-32.388176478121,74.6422060424886,-28.9961064608068,-12.1564235687256,-16.7038917541504,9.0177755355835,-28.7086613646814,4.98345457505575,-98.9062754840405
111.415,0.859021782875061,-9.14740371704102,5.34290599822998,-11.48731011313,88.9366376733556,-24.5463150561716,-12.7556772232056,-16.2690353393555,9.38216590881348,-35.7487593233615,14.2544161138408,-107.99156089156
111.42,0.444907903671265,-8.47820854187012,5.74981927871704,6.94056075813193,94.2378275259584,-22.6595726281513,-13.618278503418,-15.5559015274048,9.47786712646484,-40.8013234599867,19.0543085011788,-116.813160015981
111.425,-0.221938043832779,-7.66360521316528,5.46777248382568,22.0024110998004,94.0007653202456,-21.8737439962157,-14.1472444534302,-14.833779335022,9.40322208404541,-44.0990241686335,20.3507928113158,-124.263175192794
111.43,-1.0334221124649,-6.77128314971924,4.61989212036133,35.4056379402168,88.8788201220314,-21.6249150821102,-14.1679182052612,-14.1252536773682,9.08372783660889,-45.8956029769678,18.499925951911,-129.892070691585
111.435,-1.89091765880585,-6.15301561355591,3.67813086509705,56.0111302132296,78.4660259776177,-20.7436311414291,-13.4622020721436,-13.2664394378662,8.07336235046387,-47.1424813307103,14.1956261143336,-132.709769611026
111.44,-2.62769556045532,-5.89145135879517,3.42569899559021,75.6829492870801,68.4511040127356,-18.8473486466855,-12.6421899795532,-12.284252166748,6.9498028755188,-50.5007555720114,13.0516360227008,-136.717273823504
111.445,-3.19849681854248,-5.70476055145264,3.33410620689392,94.4739130146199,58.700872368759,-16.577313077917,-11.7270984649658,-11.2711038589478,5.83546495437622,-54.7512335189291,12.6946715536557,-141.225758751224
111.45,-3.56683135032654,-5.50144672393799,3.22414708137512,112.135265906277,48.9886473124189,-14.2716324594175,-10.7095375061035,-10.2847423553467,4.74492645263672,-59.6177706233199,12.1362335795682,-146.057297966308
111.455,-3.60672926902771,-5.30584526062012,3.07532477378845,126.751959522564,37.8010706595049,-12.9651726579976,-9.50130844116211,-9.54075717926025,3.45585131645203,-66.0209773475584,9.79811212383204,-151.557157531299
111.46,-3.48388409614563,-5.10100793838501,3.0570170879364,138.394809264794,27.5496585172529,-12.5184817013734,-8.39188385009766,-9.21071815490723,2.46847534179688,-72.9640968653082,7.2798410136422,-157.518068525644
111.465,-3.27426362037659,-4.86466121673584,2.98677015304565,148.131763021024,20.2036654139519,-12.4496555926545,-7.41900300979614,-9.30911731719971,1.77256262302399,-79.8881055137602,5.98025707828247,-163.354847662014
111.47,-3.01639032363892,-4.57947826385498,2.76313924789429,156.554000984675,17.1186380130391,-12.461243862355,-6.60884189605713,-9.86945247650146,1.37190163135529,-86.3676600925412,6.64088236631621,-168.76800480568
111.475,-2.76875567436218,-4.17667150497437,2.34537577629089,166.063632384949,21.081073222279,-11.399359474735,-5.93752384185791,-10.928563117981,1.14047265052795,-90.0760566608863,8.10148374249076,-174.049940355013
111.48,-2.57064294815063,-3.69062733650208,1.90351104736328,176.586809216539,26.2137537703212,-9.37570761234906,-5.43575859069824,-12.1071348190308,1.19569659233093,-91.0962683568327,6.07536917002219,-178.138942384668
111.485,-2.43995404243469,-3.23673391342163,1.5420069694519,186.761291230622,30.1975264905282,-6.54758582423524,-5.14287519454956,-13.2280187606812,1.4151713848114,-88.4539413745216,3.94038693171231,-179.720882498335
111.49,-2.39506554603577,-2.90879917144775,1.34892702102661,195.481503027004,31.1162005942733,-2.99093770311447,-5.10296583175659,-14.146689414978,1.71153116226196,-81.1493409251381,4.37836299384244,-177.596297515489
111.495,-2.2573139667511,-2.41687202453613,1.16016602516174,200.550801127096,25.9430836187973,0.996122579239182,-5.3487024307251,-14.1803312301636,1.17459464073181,-74.1312600812475,10.6467511753751,-172.2236433936
111.5,-2.14538788795471,-2.08290123939514,1.01558673381805,203.554308512717,18.693317635618,4.80213567759354,-5.857985496521,-13.8684482574463,0.0002543219889048,-69.5468576009024,15.2905788628202,-165.109577901303
111.505,-2.09384059906006,-1.94079720973969,0.815020620822906,204.822947849155,10.8603593652517,8.26948675927921,-6.35506629943848,-13.2004556655884,-1.69243216514587,-68.2129967880798,14.5366591671396,-158.535220296842
111.51,-2.15073013305664,-2.04792523384094,0.428308337926865,204.638956213294,4.27574580486535,11.1740964208134,-6.49255228042603,-12.1356649398804,-3.79375243186951,-71.4060419231691,3.2291061860294,-155.408086487244
111.515,-2.5764217376709,-2.62236738204956,-1.18757820129395,204.595447908281,-7.24464248752819,11.8615199560557,-6.3312554359436,-11.523756980896,-6.94610548019409,-80.3438567163185,-47.4112561047395,-155.805630817695
111.52,-3.08468341827393,-3.69837474822998,-2.99087858200073,208.45242841183,-25.4093948351673,10.5780983827063,-5.85592460632324,-11.759446144104,-8.73560523986816,-90.106539795152,-98.4843063971171,-159.639798489417
111.525,-3.68949055671692,-5.56738138198853,-4.18079805374146,213.605409989633,-46.4012179755618,8.23495332283563,-4.81831693649292,-12.7951917648315,-9.42142677307129,-101.256079124578,-140.917881144197,-165.880091541572
111.53,-4.45761585235596,-8.86144542694092,-3.28513431549072,214.860266004326,-63.10508762861,6.42094387173945,-2.69049906730652,-14.5835838317871,-9.63255786895752,-115.521188753338,-160.707944452959,-172.836584569717
111.535,-5.48834705352783,-14.3338966369629,-1.02769470214844,211.079578713805,-94.5748700407419,2.40061512532084,-1.41380548477173,-17.2301979064941,-9.94887638092041,-126.221335786324,-183.771526185611,-171.087291161007
111.54,-6.8880410194397,-19.8655242919922,-0.204112008213997,206.018148991638,-118.042826293015,-1.18783318263675,-0.813994646072388,-19.3194103240967,-9.299729347229,-124.140668919841,-188.121400460425,-163.498677785556
111.545,-8.29501914978027,-24.2265319824219,-1.00534510612488,200.845154959567,-129.481521680954,-2.16421011187224,-0.755473136901855,-20.3720226287842,-8.06089019775391,-110.632863345495,-172.390463933888,-151.504947565283
111.55,-8.61911773681641,-24.5035152435303,-3.1180272102356,197.58633510277,-124.360355124305,5.09197262058891,-0.956356644630432,-19.4145393371582,-7.66123676300049,-91.9482593237109,-138.77149419752,-137.835594356688
111.555,-7.14990091323853,-21.4184246063232,-3.77023148536682,206.215500477516,-120.560106172002,24.2968031231492,-1.45593893527985,-17.5758476257324,-7.48748254776001,-72.3587918406833,-124.135095485478,-123.022662575358
111.56,-5.26207256317139,-18.2510166168213,-3.3376636505127,220.314868735876,-127.367318585647,44.9057002454633,-1.73997867107391,-15.7874507904053,-7.55782318115234,-53.8860602869527,-123.797206027238,-106.990180027155
111.565,-3.25413799285889,-15.8602542877197,-2.03703927993774,236.748536105359,-147.030067168279,62.9193338039423,-1.58772873878479,-14.2389831542969,-7.92688751220703,-36.8125339658343,-135.251351303079,-90.2022512359914
111.57,-1.14441585540771,-14.9748878479004,-0.503994584083557,247.300140184275,-180.752842119653,70.2187091586107,-0.483278453350067,-12.883903503418,-8.83141708374023,-20.4349065909445,-151.484743865718,-74.900585268601
111.575,1.25608658790588,-14.935284614563,0.799244284629822,247.297189542553,-198.709026957023,70.6965218721881,0.56630527973175,-11.9920320510864,-9.73757457733154,-9.20120054792347,-168.936191383803,-62.166168844165
111.58,3.39545798301697,-15.33189868927,1.89577424526215,242.443356590019,-197.047050686663,68.2915098125891,1.97968375682831,-11.1314449310303,-10.972972869873,-0.674894140179281,-184.659737645657,-50.3414960511342
111.585,4.99210071563721,-15.9859323501587,2.76307487487793,235.032300812231,-175.076886617481,64.514012220411,3.81645250320435,-10.2148113250732,-12.5156621932983,6.02326464505192,-196.630614052967,-39.210941232506
111.59,5.37626886367798,-16.4841842651367,3.20914173126221,228.940455091497,-142.774736371956,61.3357885958207,5.31110954284668,-9.72345161437988,-13.2068099975586,11.9037057656906,-197.183982319143,-31.3801225188972
111.595,5.06167554855347,-16.9827880859375,3.83116245269775,222.950816321503,-119.395367673218,58.7287258801943,6.56784248352051,-9.28119277954102,-13.2684907913208,21.8958635638427,-189.607007586038,-19.1117367317203
111.6,4.29191160202026,-17.3544597625732,4.51299238204956,218.033203062499,-102.006914989849,55.8727642410235,7.48386001586914,-8.89071655273438,-13.1246061325073,34.2694837831093,-174.998844876025,-4.68505641682259
111.605,3.20572948455811,-17.5309734344482,5.17638635635376,214.810719812087,-89.109325346141,52.3940601042768,7.9828896522522,-8.5539436340332,-12.9599370956421,48.2386788811732,-153.61068122602,10.8380827032737
111.61,2.44172620773315,-17.6203460693359,5.45650815963745,214.214375995653,-75.5631614294164,49.6026881489923,8.00924396514893,-8.2281665802002,-12.2790384292603,63.7133296345779,-126.553282979986,27.8394514909055
111.615,1.68083643913269,-17.7542419433594,5.46304082870483,214.348889741167,-64.8622562454333,47.5022410546733,8.15290069580078,-7.80078458786011,-11.8040914535522,79.8631616629113,-107.604951693969,44.9950903462258
111.62,0.868551790714264,-17.899585723877,5.32299661636353,214.321446041082,-56.9023606168896,45.9931312481264,8.34627151489258,-7.35488796234131,-11.5861587524414,96.8009448044649,-94.855816211872,63.0051141497285
111.625,-0.0416590049862862,-18.0307598114014,5.12849521636963,213.41155556061,-51.7683157385607,45.0322943866349,8.53860473632813,-6.95547485351563,-11.6816167831421,114.664683031419,-87.1653237347611,82.4790558131345
111.63,-0.57629805803299,-18.2005176544189,4.96133184432983,212.37112650472,-50.1336773003528,43.7655196918401,9.07485961914063,-6.33217144012451,-11.6910810470581,131.477822050809,-72.6077044246061,101.927684795476
111.635,-0.11176298558712,-18.5291500091553,4.75841951370239,210.412023345085,-41.9826490731701,40.864909106065,9.85712146759033,-5.70171070098877,-11.7710247039795,147.818107073959,-56.2227465491896,119.904230426762
111.64,0.871579647064209,-18.7283420562744,4.40757751464844,206.146215038575,-29.595079900071,37.8197956231144,10.7078351974487,-5.08007907867432,-11.8407135009766,163.854435018665,-37.914789894091,136.533623697101
111.645,1.81010067462921,-18.425895690918,3.75648260116577,197.652342050909,-15.5095086238339,36.490261735131,11.4091815948486,-4.48804235458374,-11.7979230880737,179.775619634343,-17.4157153834415,151.869187893342
111.65,2.58884930610657,-17.5636940002441,3.11648893356323,184.889655473498,-2.20904176603691,35.1130804474976,11.5933437347412,-4.03402233123779,-11.229097366333,194.297776602327,9.59707233580188,166.45632728109
111.655,2.6204628944397,-16.3766841888428,2.51955962181091,175.359560826471,7.94398470287214,33.7011505724617,11.633002281189,-3.72117042541504,-10.8289308547974,207.616235672502,37.1714023501105,180.525342178779
111.66,2.08067941665649,-15.007080078125,2.0351243019104,169.451146666087,15.0512831852488,31.6637939355061,11.6420660018921,-3.48891162872314,-10.5944356918335,219.560583625075,62.7264697523486,194.005184958662
111.665,1.30415725708008,-13.6803874969482,1.80321180820465,167.493149997098,19.2336385329321,27.8146254608198,11.7939138412476,-3.23062491416931,-10.4642601013184,229.642735141958,81.7863243671335,206.674926321848
111.67,0.321880847215652,-12.8093404769897,1.63663923740387,165.967709208245,18.9417162478057,25.1403946648956,11.9918251037598,-3.00351738929749,-10.4442319869995,235.140600291711,91.6195564699041,215.69229232826
111.675,-0.488067716360092,-12.0843896865845,1.55099070072174,161.658898030721,15.1018692737892,23.6347853302984,11.9372005462646,-2.73891282081604,-10.2072315216064,241.447733575084,103.968142338315,228.90635878716
111.68,-1.00232458114624,-11.4581670761108,1.55876731872559,154.111607299749,8.5016440353943,23.1386386814414,11.5962963104248,-2.42847108840942,-9.78309917449951,248.596236881176,118.550077121916,246.142177233147
111.685,-0.972616493701935,-10.9144115447998,1.69916188716888,142.876875020805,0.844288754650268,23.2830066823806,10.9535045623779,-2.06873774528503,-9.3605842590332,254.794688194476,130.478251186534,264.40225084707
111.69,-0.868150174617767,-10.458194732666,1.87438476085663,129.561107045163,-2.25409604167985,24.1548444714396,10.0784311294556,-1.73640298843384,-8.84904289245605,258.234671988818,138.650162717104,282.302510095516
111.695,-0.868621528148651,-9.85047817230225,2.13549160957336,116.270159976965,-4.3096880030589,25.0890794536613,9.14597606658936,-1.45204555988312,-8.50601959228516,260.804380399874,142.068918283506,299.270311918471
111.7,-1.06326425075531,-9.08074188232422,2.46685361862183,103.288149195116,-6.73091108976615,25.7644622191705,8.15855121612549,-1.1927592754364,-8.4119234085083,262.895374512381,140.495242698735,314.994035765244
111.705,-1.68880701065063,-8.33892726898193,2.74448180198669,89.8349783039415,-12.574229705379,25.3468849438834,6.95250940322876,-0.831071496009827,-8.68445491790771,264.446920284242,133.809252482479,328.591849572473
111.71,-2.05018329620361,-7.59137058258057,2.98320007324219,74.229751409079,-19.518494987362,23.5592127022268,5.97908496856689,-0.782988429069519,-8.04954719543457,265.241107360174,121.408743515998,340.79349075108
111.715,-2.14448809623718,-6.83170700073242,3.10009813308716,57.2243493947423,-26.374575696971,21.2605501030994,5.45991134643555,-0.822843432426453,-7.68632888793945,266.601462476787,107.885686129235,351.396020720448
111.72,-1.95251500606537,-6.05569553375244,3.04519891738892,39.3324810336918,-32.4399356516514,18.7318023364964,5.42982006072998,-0.906012952327728,-8.0103063583374,268.858594110666,94.0418557382924,360.378211252635
111.725,-1.39536583423615,-5.24993467330933,2.67714691162109,22.9460649128874,-35.3864895048786,15.9853918089708,5.4444146156311,-1.27410757541656,-9.03500366210938,270.875767538624,73.9442904829075,368.528266177861
111.73,-0.509610235691071,-4.30588865280151,2.16355633735657,11.7710156806848,-35.3874935426866,13.841624239841,5.02514219284058,-1.81449687480927,-9.37627220153809,272.531897167056,55.4837200809942,378.279781897401
111.735,0.350125163793564,-3.39709138870239,1.73508453369141,0.0209819776094689,-32.7455661264419,11.9742650349115,4.51979494094849,-2.71388792991638,-8.63759994506836,274.545081764539,44.7881048785232,387.351748436039
111.74,0.955748438835144,-2.61729574203491,1.51726293563843,-15.0378891842864,-27.7787225714477,10.3471261444122,4.142737865448,-4.02642774581909,-6.70443773269653,276.951931145024,43.8166607332506,394.331300182821
111.745,0.596583247184753,-1.97025454044342,1.49329781532288,-27.0696259921953,-25.9793741214049,11.1316689932366,4.53457021713257,-4.59404516220093,-6.36166572570801,273.232428689089,21.8547372873028,396.135644916242
111.75,0.975186049938202,-1.00217425823212,1.6143125295639,-40.7728620617153,-23.4504829208293,11.3920597100596,5.21305274963379,-5.21698665618896,-6.39765071868896,271.727382845098,7.34159873034381,395.251490588562
111.755,1.43646275997162,-0.080117404460907,1.93646717071533,-56.5721107252357,-18.00893438833,11.9586537837897,5.98858976364136,-5.99214124679565,-6.73596715927124,270.202802660081,-6.69954728798427,391.583105268375
111.76,1.46407353878021,0.500946044921875,2.51677560806274,-74.9335819124813,-7.73881606548872,13.5110917491102,6.71622085571289,-7.00594329833984,-7.33429861068726,266.879451176007,-25.7927614004491,384.883837164373
111.765,0.84286892414093,1.24101495742798,2.76849722862244,-92.5409353285605,-1.00309161334842,16.1970542487076,7.72759294509888,-8.85037422180176,-7.81367778778076,263.55891372987,-28.4292127125267,371.585376888088
111.77,0.947468519210815,2.01099586486816,3.02173948287964,-109.677661390069,4.93800350811072,17.6172793884904,9.06422138214111,-10.3319110870361,-8.61371326446533,260.550980381666,-30.1782380363121,353.191404245677
111.775,1.43497550487518,2.7061083316803,3.33763837814331,-126.146900384749,13.0932361436144,17.9597331206438,10.4542455673218,-11.2231473922729,-9.41834545135498,256.803720036944,-30.13315878779,330.751090935167
111.78,1.90402507781982,3.18894672393799,3.79782581329346,-141.649968140195,27.4131691395213,17.3776729373118,11.560206413269,-11.1929578781128,-9.83082580566406,250.938663917411,-27.0168013091544,305.271316123245
111.785,2.4631884098053,3.58065581321716,3.91290426254272,-153.590313601915,45.9544177359108,16.1755493981058,11.8718099594116,-9.77971935272217,-9.53666877746582,241.98300183996,-11.3963550452739,283.244939597194
111.79,2.78943586349487,3.67061376571655,3.88164639472961,-162.77273795981,68.8020596228584,14.4433007264693,12.0040693283081,-8.27922344207764,-9.15698146820068,229.210520771279,10.0551329960733,265.238949020396
111.795,2.66612553596497,3.49901747703552,3.6288902759552,-169.271867860752,93.0140147210431,12.4417086675551,11.8253345489502,-6.96922731399536,-8.66384315490723,212.672091960307,36.8203033060152,250.202615411693
111.8,1.66946017742157,3.13666844367981,2.9679844379425,-172.861883590403,113.150471073562,10.6270657164135,10.9886903762817,-6.25966596603394,-7.92703008651733,192.144176975887,69.1806638387414,236.397983476397
111.805,0.421017646789551,2.5151674747467,1.71770465373993,-174.334936828321,118.175086076104,8.58021938537977,9.47358226776123,-6.01936101913452,-8.28215599060059,168.914840212457,88.5927786297804,216.328019015448
111.81,-0.496530741453171,1.58350265026093,0.365865677595139,-171.869525405892,115.279686924665,7.61666154727762,7.81432056427002,-5.87352609634399,-8.45018672943115,147.019384752418,94.6054146467102,192.129027616308
111.815,-1.02607309818268,0.33616915345192,-0.920004665851593,-164.332097468081,107.099333280281,7.76495434566871,5.69898414611816,-5.68779230117798,-8.28141117095947,126.203085520861,86.6822859264687,164.695135682845
111.82,-1.17807328701019,-1.25299489498138,-1.82394301891327,-148.62637799996,98.203886150553,8.73090360375401,1.98440670967102,-5.20393037796021,-7.77479124069214,104.355489196336,62.1605202777214,135.556524155195
111.825,-1.5397834777832,-3.1425473690033,-1.95519399642944,-127.622043660553,98.617522406689,11.0851605276307,-1.09342730045319,-4.0628924369812,-6.68409395217896,89.7843119606783,37.0359221328288,114.93582788109
111.83,-2.10988926887512,-5.42406702041626,-1.49330461025238,-107.471967910829,101.631227264741,13.2423220977229,-2.37105417251587,-2.10246467590332,-6.42390537261963,72.43872554454,-2.400326336385,88.8629262718328
111.835,-2.8132803440094,-8.00414943695068,-0.437656372785568,-86.2200187234422,105.507933354614,14.5093452406487,-1.61887526512146,0.610654056072235,-7.42187976837158,50.8218188592316,-55.7188903243069,56.4759348315328
111.84,-3.30075478553772,-10.3553314208984,1.39418411254883,-48.5846450381073,108.850320575905,13.2374342435981,1.07110416889191,3.60298895835876,-10.2591466903687,27.9988066344311,-107.207332231437,27.7227628315777
111.845,-3.20203185081482,-12.5985383987427,3.8006911277771,-7.0100135367072,103.099123709836,11.3775669024145,3.27808880805969,5.05403089523315,-9.1759672164917,1.14397867241021,-130.940122238589,4.34859404123177
111.85,-3.03583025932312,-14.2345151901245,5.93869829177856,35.3766745230413,90.9874634433544,8.36811383712055,5.90723562240601,5.31142854690552,-8.30646514892578,-25.6716211653298,-142.624800059296,-18.4396683155058
111.855,-2.95993709564209,-14.9842681884766,7.3960862159729,75.8163838627055,74.0049767136831,4.34451172254221,9.1869068145752,4.52150201797485,-8.95503711700439,-51.1121906914163,-148.67402539961,-42.961200030274
111.86,-2.8270435333252,-14.1406011581421,7.26173686981201,100.633582513813,58.1428117626231,2.22212477994866,12.3492822647095,3.19717907905579,-10.1345853805542,-75.6965140427718,-160.205597699882,-74.734864388769
111.865,-2.72997069358826,-12.2028207778931,6.85055589675903,108.672216563108,51.9409556000219,2.29949865697045,14.5412359237671,1.71759366989136,-10.8914136886597,-100.790164600535,-150.14673712807,-101.908922265826
111.87,-2.88120341300964,-9.63551425933838,6.40377807617188,109.693596221403,51.5359663633752,3.93735774281541,15.934229850769,0.222202286124229,-11.3530340194702,-128.043589275748,-120.932679330848,-123.018892310936
111.875,-3.38070392608643,-6.6642599105835,6.01395606994629,108.107810711233,54.8005543149258,7.01199685288744,16.4355792999268,-1.40322709083557,-11.3395080566406,-158.484731538498,-72.49493117122,-136.994237994348
111.88,-3.7608654499054,-3.56539726257324,5.09090614318848,97.5816149360299,54.3492529806117,13.8093592799755,13.5470180511475,-6.52390432357788,-6.69579744338989,-192.778086832756,0.378416759206772,-144.542170763102
111.885,-3.46132826805115,-1.40753245353699,4.90664434432983,80.3926242669924,60.0419253707776,24.5411360652334,8.67720794677734,-15.3299512863159,0.574736714363098,-207.965736452332,78.0745605155276,-151.344451780166
111.89,-2.8445611000061,-0.408979088068008,4.32127952575684,68.7525339211866,79.5879255299273,35.1229466557537,3.27597546577454,-24.7785186767578,6.97501087188721,-210.111522342361,144.857793804649,-157.102683741081
111.895,-2.17963647842407,-0.814474821090698,2.40299463272095,72.7206074515864,119.971439488195,42.2947682276721,-1.53527224063873,-32.4870872497559,9.66835117340088,-203.24330267905,187.535643437205,-161.515464058151
111.9,-2.39863133430481,-3.62295198440552,-4.1389307975769,75.3137775624409,129.224214794541,38.8875283602113,-8.90919017791748,-38.1056938171387,9.74382972717285,-178.219019522497,136.694037519948,-171.95471152522
111.905,-3.04001140594482,-8.58885383605957,-7.78682231903076,71.2112449280403,106.061766073653,29.3355429568943,-7.46164226531982,-32.3209571838379,4.93135213851929,-156.80470990835,83.6146430645408,-175.379641582631
111.91,-3.57578778266907,-14.7233810424805,-9.2252368927002,59.8102180333741,55.5106583470807,17.0064828917729,-1.19469892978668,-20.5784187316895,-0.115381836891174,-139.107553165063,32.0776248520335,-169.958247230825
111.915,-3.33446598052979,-20.8740901947021,-9.14429950714111,39.7919239534964,-18.2204465639051,5.91789488983931,5.2341194152832,-9.26161098480225,0.432564467191696,-125.548152341727,-13.0489278526949,-152.708235651743
111.92,-2.79540514945984,-24.9766635894775,-2.62834477424622,38.916061475469,-120.791485660325,-18.2133875633979,8.18871974945068,-5.66830205917358,-1.87445449829102,-114.670461371457,-3.01820339139434,-138.325359901313
111.925,-2.10408544540405,-25.3017997741699,3.3514416217804,66.2245511357707,-167.543461170524,-31.4276298996692,11.0715188980103,-2.57918453216553,-6.09432220458984,-119.340603216453,14.3901396566118,-138.80893729455
111.93,-1.39971721172333,-21.6424045562744,6.65703296661377,103.402302146715,-166.926312597878,-33.3599313970008,13.5919599533081,0.901408553123474,-10.0708417892456,-137.842192319427,36.5441724182499,-149.213869891229
111.935,-0.929380238056183,-13.3686933517456,3.68974804878235,115.834120700352,-138.87568190312,-24.6534090072628,14.8032236099243,5.75181198120117,-9.79213809967041,-167.024708303061,63.9860590881365,-159.951760549568
111.94,1.9378924369812,-5.71159696578979,2.65323305130005,100.81760830062,-88.7439102255453,-9.68879579993963,15.0332698822021,7.80814027786255,-11.5144920349121,-193.439918502952,93.5800461579403,-154.499466421957
111.945,4.16981506347656,-1.15091347694397,2.4788453578949,78.0293993047355,-45.2305986839025,-0.0839730003585681,15.1439027786255,6.16202688217163,-12.4967842102051,-208.884369574942,106.687022080844,-147.026283243479
111.95,5.43128871917725,0.248838305473328,1.9295939207077,50.3217260685816,-13.2936065731059,3.31403446571663,15.0072870254517,1.34160649776459,-12.2013416290283,-210.916856287019,108.466983038928,-141.574125719652
111.955,5.76190567016602,-1.08564472198486,-2.23852109909058,18.3896423024774,2.02804815633392,1.70157728028177,13.9156742095947,-5.07498645782471,-9.94463539123535,-194.199517500928,119.678970787935,-144.932625357195
111.96,7.14304065704346,-0.681720674037933,-4.52210378646851,-1.31970183067318,-11.148186098197,-13.2371610360313,12.0203895568848,-9.93138694763184,-10.1464376449585,-184.168305534875,131.183755086283,-154.674018736386
111.965,6.96028470993042,-0.314590096473694,-4.89560461044312,-2.90546151418976,-11.9400415183015,-22.8395993391999,8.75632667541504,-13.0067577362061,-10.6132888793945,-174.087834244528,136.344864589198,-159.640986942333
111.97,4.61816740036011,-0.506810188293457,-3.76601624488831,7.55796204777689,12.7965941977716,-23.7079025053634,4.54673862457275,-14.242564201355,-10.866340637207,-162.662512366984,130.093192441885,-156.81137617298
111.975,-0.0477648824453354,-1.9217803478241,-3.05818843841553,-4.17748627657872,83.5186447557563,-18.6481000757652,1.93191421031952,-13.5864715576172,-10.8644304275513,-150.581642593281,95.409300591264,-143.239284858166
111.98,-2.88384652137756,-4.86966991424561,-2.7648618221283,-24.2654286491967,133.429739851437,-21.5993667595198,0.030479434877634,-11.3823118209839,-10.2649459838867,-144.69401952873,46.2289469443157,-129.772187211273
111.985,-4.39252519607544,-8.42094707489014,-2.31958508491516,-46.1333242959355,163.686111836759,-26.2988271915283,0.505830228328705,-8.63441467285156,-9.7148962020874,-142.074109227275,4.99605072454572,-119.756356831232
111.99,-4.78578281402588,-12.0606317520142,-1.65344941616058,-65.8244045032455,171.445097450867,-30.7494774924516,3.78004097938538,-5.85544013977051,-9.54332828521729,-141.488516128595,-21.2890524825059,-113.845149123476
111.995,-4.70960378646851,-14.0742607116699,-1.81091237068176,-69.314030112475,135.698974580525,-35.7611458714213,8.06117343902588,-4.52070331573486,-10.5909862518311,-140.298464948747,-40.3313108224415,-107.200283476214
112.0,-5.16031837463379,-16.4511337280273,-2.41065859794617,-67.309478874103,92.9353377719937,-41.5640984959263,11.5742235183716,-5.02225923538208,-11.8277311325073,-139.433011679014,-37.006565979776,-103.249804513116
112.005,-6.16466522216797,-18.0639781951904,-2.70844745635986,-66.2587089118099,57.1087655185128,-45.5759569540004,14.2790193557739,-6.43516159057617,-12.4524974822998,-135.935326446564,-11.1824753553777,-101.413665249109
112.01,-7.75103616714478,-18.2573204040527,-2.34046840667725,-69.4932542762962,35.8482137078661,-46.398335635732,15.9835205078125,-8.21144676208496,-12.057541847229,-128.18461902173,37.1816476338656,-101.52911593665
112.015,-9.6228494644165,-16.7058162689209,-2.13035893440247,-74.7716791083954,26.9689438811874,-45.1839963031955,14.4209146499634,-8.36341571807861,-11.5255842208862,-117.728282421358,85.0614205647221,-104.063143439481
112.02,-10.8096036911011,-14.8084306716919,-2.26052641868591,-82.1191799759557,14.7720752972624,-45.2683354790668,11.6158466339111,-8.25721549987793,-11.4045476913452,-108.247262683517,112.199333080692,-103.742035756031
112.025,-11.335277557373,-13.0958871841431,-2.45831370353699,-90.1589341762752,-1.73069864558177,-45.2899530277899,8.61880207061768,-8.18603897094727,-11.3185863494873,-99.6013223641702,121.533367147594,-100.829083018426
112.03,-11.1784839630127,-12.0019207000732,-2.51084804534912,-97.8374601619602,-23.5896189968644,-44.1614418523637,6.25412750244141,-8.38539123535156,-10.9707059860229,-91.7299733080265,114.311842289085,-95.3751496454139
112.035,-10.1880226135254,-11.6476039886475,-1.58586525917053,-100.670451874952,-37.9911753146738,-43.5650263189436,5.58446979522705,-8.43104934692383,-11.1768865585327,-84.2870615279503,99.1994135428391,-89.3311562300047
112.04,-8.78721046447754,-11.6947908401489,-0.513923764228821,-105.603515021859,-57.0024877750274,-44.0323376166721,5.54795169830322,-8.36452770233154,-11.4959058761597,-77.6630211274668,88.11054678381,-83.6822414467564
112.045,-7.06038331985474,-12.0091161727905,0.456914752721786,-112.508474272716,-76.6584437345305,-45.1875411713747,5.8917818069458,-8.27606391906738,-11.8398180007935,-71.2952425944531,80.6916840998014,-77.8251493277954
112.05,-5.08842754364014,-12.4423084259033,1.00720572471619,-121.37597226836,-92.0268133293553,-46.6113555755664,6.32760906219482,-8.27733993530273,-12.1000385284424,-64.4965610870816,76.7809363471055,-70.9859374778891
112.055,-3.25559163093567,-12.7747488021851,0.904210925102234,-133.830303125501,-100.322918189604,-46.7257134328399,6.51454830169678,-8.40621566772461,-12.2641448974609,-58.634544401729,66.7008612077307,-64.4117028168334
112.06,-1.78408968448639,-12.7805080413818,0.663495421409607,-146.798428132768,-102.909469847152,-44.7049234197162,6.49457597732544,-8.64318752288818,-12.3947629928589,-53.2540355622948,54.3875532663826,-58.5938706252216
112.065,-0.719935595989227,-12.5693387985229,0.478763669729233,-158.701439780484,-100.717634821739,-40.0611290294433,6.52098226547241,-9.0146312713623,-12.4848909378052,-48.5779958489503,42.5072280919945,-53.9933010871111
112.07,-0.169802904129028,-12.3501424789429,0.668657720088959,-166.759068585861,-94.8653443257642,-31.680780615972,7.07415199279785,-9.58673286437988,-12.5104055404663,-45.1509689234639,35.7428990210536,-51.5596227235655
112.075,-0.0835058763623238,-12.6184377670288,1.17239105701447,-172.033914398835,-85.7568431052561,-21.614178024735,8.29881763458252,-10.3870468139648,-12.6550378799438,-38.8379104509857,29.5228950458277,-48.8976828530527
112.08,-0.0855428501963615,-12.9870643615723,1.56275486946106,-178.151072800634,-72.8927760299949,-12.9652956014027,9.32090187072754,-11.259560585022,-12.3149709701538,-32.1667827263642,28.546201900178,-46.9745099035468
112.085,-0.105655558407307,-13.3812007904053,1.78690040111542,-185.784191688717,-55.4362536813572,-6.25025530994672,9.99166965484619,-12.1537389755249,-11.6283569335938,-25.648984210873,31.7356372802909,-45.5694307082485
112.09,-0.0776456296443939,-13.7262897491455,1.83132386207581,-195.712663949274,-30.7167677165164,-2.01757747633629,10.1643486022949,-12.9812679290771,-11.1851539611816,-19.8669012293771,34.6276145069552,-43.7359347274502
112.095,-0.321708500385284,-13.716215133667,1.84180903434753,-204.912997063173,-3.17783601135493,1.53222754228807,9.90402984619141,-13.8289194107056,-10.2692518234253,-13.9774843863953,38.3682837191286,-41.4968826043042
112.1,-0.484824359416962,-13.6971578598022,1.93489730358124,-213.844616874745,25.58403935715,2.73276722465856,9.50126075744629,-14.6682300567627,-9.35945415496826,-8.57243467727325,43.8657629631938,-39.048075371747
112.105,-0.624471366405487,-13.7507095336914,2.0990207195282,-222.385344960117,52.9061842731498,1.51859843340784,9.01361274719238,-15.4949131011963,-8.53061962127686,-3.83526349019664,51.3005604785361,-36.5165511332464
112.11,-1.361900806427,-13.9114532470703,2.16365313529968,-229.505475660397,67.9592825811705,-0.749287813567119,8.41920471191406,-16.3174209594727,-7.65329742431641,-0.0306633205257657,60.6069117887319,-34.2993043890256
112.115,-2.55160403251648,-14.3747606277466,2.18476915359497,-235.173713048807,71.119392544082,-4.03555878760727,7.45277738571167,-17.1806793212891,-6.41439294815063,2.76130247435041,65.1869634385757,-33.0314641847203
112.12,-2.72288775444031,-15.1369390487671,2.35092043876648,-239.109131444785,78.126804632489,-6.79859228802545,6.43715286254883,-18.0039157867432,-5.36214971542358,4.61950282248974,65.83374820203,-32.4363634627155
112.125,-1.49889886379242,-16.1097259521484,2.75042009353638,-240.907820781573,93.8249699113878,-8.02415404825517,5.49423265457153,-18.739429473877,-4.6567268371582,5.65732189234286,63.3200883233036,-32.4723585596414
112.13,-0.163822412490845,-16.5224590301514,3.53500199317932,-238.544793894802,112.713953683706,-3.96864000921407,4.72375869750977,-19.2377529144287,-4.02506303787231,6.79837799084024,62.6310451794544,-33.3989659281074
112.135,0.466906130313873,-16.4676723480225,4.20570468902588,-234.639537614199,121.597407001252,-1.24057291519982,3.53753781318665,-19.9710178375244,-3.07990860939026,7.64079516693622,58.0203191500481,-35.5703718577137
112.14,0.825696706771851,-16.1084842681885,4.73857069015503,-226.7868281443,126.117257363751,-0.0054537201230333,2.23513984680176,-20.7382488250732,-1.91066515445709,8.54603428858386,51.4021732028184,-38.1805354792233
112.145,1.08012974262238,-15.5347375869751,5.06213665008545,-213.71842229964,128.363761223282,-0.474366669697729,0.949327111244202,-21.4257831573486,-0.57828414440155,9.69408236635722,43.4159847610647,-40.9871558318299
112.15,0.41069820523262,-15.1183023452759,4.25550127029419,-199.403138101237,116.726976689034,-3.38163156727178,-0.659929513931274,-21.8630294799805,0.445318937301636,10.8279928063223,29.3924794138155,-46.8474547246062
112.155,0.345513373613358,-15.0339803695679,3.37537312507629,-181.359158012276,101.055380846007,-7.43301995861078,-2.74698996543884,-22.2476234436035,1.5081182718277,11.4302575429929,18.3385968837153,-53.3177851329131
112.16,0.496705293655396,-15.0124959945679,2.71942114830017,-160.794059478014,87.3419729172652,-11.8486424881493,-4.99829006195068,-22.4534435272217,2.63244271278381,11.7996802770841,7.37236360991284,-60.3036513895834
112.165,0.568808615207672,-14.843376159668,2.53829073905945,-138.514624443214,80.4766287635944,-16.0300714914264,-7.17431402206421,-22.3691673278809,3.83983111381531,12.1598293218297,-5.7946676050417,-67.7614188311044
112.17,0.705041944980621,-14.011604309082,2.78293704986572,-119.703463846299,80.4635079701988,-20.0785363483572,-8.58766555786133,-21.7058792114258,4.9728217124939,11.652304431589,-24.3121966619911,-74.3642378338366
112.175,0.778880059719086,-13.1206045150757,3.3040235042572,-102.355609807356,84.8157454904659,-22.8436786696817,-9.22683525085449,-20.8867435455322,5.95671558380127,9.69816681948089,-43.4853897283158,-79.4495732180995
112.18,0.697155892848969,-12.2370929718018,3.9725558757782,-86.3537879783369,93.2723051546963,-24.4094961218125,-9.27693843841553,-19.9696140289307,6.84719514846802,6.38080156932682,-60.1587625867199,-83.2833242482819
112.185,0.330846875905991,-11.4454698562622,4.63780736923218,-71.6541895259048,105.820940433708,-24.7892717151381,-8.92523860931396,-19.0196323394775,7.70703315734863,1.7001120979831,-70.1754467404079,-86.1032976207158
112.19,-0.191808447241783,-10.6279993057251,5.01424551010132,-59.5073674455758,120.78798860347,-24.8708907681725,-8.46163082122803,-18.1523914337158,7.96387147903442,-3.9748098044687,-70.3451769412827,-89.0457157944007
112.195,-0.567745923995972,-9.91143703460693,5.23521184921265,-47.7618531299309,136.24898239363,-25.3504793309341,-8.52001857757568,-17.4206085205078,8.46408176422119,-8.84567212615138,-60.6200872236409,-92.1390333374186
112.2,-0.909372925758362,-9.1817045211792,5.38670301437378,-35.5620765929667,150.867718236478,-26.0838760157061,-9.01114940643311,-16.7460441589355,9.00785255432129,-12.7324988488266,-44.1025826971911,-95.5945763026898
112.205,-1.45796167850494,-8.20792293548584,5.61030864715576,-21.4656521461384,162.226391128101,-26.7513835731023,-9.7447395324707,-15.9809255599976,9.13208866119385,-15.3799945767921,-25.9609582238553,-99.8478717026401
112.21,-2.1180272102356,-7.51391077041626,5.66065311431885,-5.14526346404065,165.269035497666,-25.7120866210675,-10.026346206665,-15.3622522354126,8.5826940536499,-18.8380015328064,-11.7984397439761,-104.787525982096
112.215,-2.66242909431458,-6.95628690719604,5.57896900177002,12.8589401645155,162.439957483069,-23.5888967043597,-10.3631658554077,-14.5094318389893,7.70428133010864,-22.1447727326709,0.420903417330307,-110.240147958787
112.22,-3.08445954322815,-6.51286840438843,5.33103084564209,33.0989806046659,154.203446023329,-20.4493456108499,-10.8431243896484,-13.4397277832031,6.61751222610474,-25.3256140272607,10.6276326221146,-115.89437662921
112.225,-3.43607711791992,-6.181640625,4.78716230392456,57.5804071561751,140.529721493665,-16.1709697562673,-11.550576210022,-12.3220348358154,5.52915287017822,-28.792413144284,17.6964395734236,-120.925835481299
112.23,-3.78355360031128,-5.91532278060913,3.95120763778687,83.1232655952718,122.201660176744,-12.0227841374543,-12.472110748291,-11.5094795227051,4.44138479232788,-35.5086371929006,27.3558245787971,-130.976008052488
112.235,-4.15897226333618,-5.6501727104187,3.01000666618347,102.80563731139,105.39423802569,-8.77759221559928,-13.2967882156372,-11.0012817382813,3.33291745185852,-42.166507520343,32.0777990218573,-143.218493762332
112.24,-4.53940963745117,-5.35049438476563,2.04197382926941,117.239541405109,89.1634682556917,-6.15451484080336,-13.8942699432373,-10.8404836654663,2.30657696723938,-47.6854608791588,30.1494078078255,-156.663926049177
112.245,-4.78580188751221,-4.91345119476318,1.22620403766632,136.20297423938,62.9290395027529,-2.06996801547805,-13.9672327041626,-11.2287340164185,1.86350727081299,-50.3306667862051,21.1048252051177,-169.521524935295
112.25,-4.8413872718811,-4.37941312789917,0.705854296684265,149.526555951432,37.1293044791612,2.31123633705911,-13.6227731704712,-11.8707981109619,2.09150218963623,-52.7682451877668,5.648268476598,-181.172120112044
112.255,-4.66643476486206,-3.82678198814392,0.538078725337982,159.415795605397,12.2820051843819,7.41810282546348,-13.0913381576538,-12.5640020370483,2.97463130950928,-54.3540306979362,-9.56468870139956,-190.334231487347
112.26,-4.23770046234131,-3.25336146354675,0.652919948101044,167.29439149225,-11.2331741420394,13.2472995980805,-12.4623470306396,-13.1621952056885,4.3449559211731,-54.4383767039967,-22.1040972486162,-196.031715745784
112.265,-3.53612518310547,-2.43061876296997,0.24540202319622,179.345167452471,-32.0407247550425,18.4109883511809,-11.8641595840454,-13.0407400131226,4.73899221420288,-49.8084954090631,-30.8941067481266,-194.601337529799
112.27,-2.938796043396,-1.52160084247589,-0.709417760372162,194.961561706626,-51.7355035097879,21.6155816286094,-11.5436592102051,-12.1700782775879,4.1362771987915,-46.5296221168634,-35.6962795648737,-188.725803900079
112.275,-2.46403837203979,-0.72239476442337,-1.59552156925201,210.145591325941,-69.4232584976819,23.3567829707005,-11.3048458099365,-10.8751068115234,3.20818090438843,-45.3251216718263,-40.6537469776849,-180.142428113529
112.28,-2.13424301147461,-0.144210278987885,-2.02991414070129,222.112506223532,-84.4767427113907,23.7834068315433,-11.0160913467407,-9.34492874145508,2.30872869491577,-47.2375336582948,-48.9261032701891,-170.054320671691
112.285,-2.05578327178955,0.18381579220295,-1.03956735134125,219.150690312604,-96.1078855093837,22.3283186986894,-10.0883712768555,-8.32125186920166,1.75776898860931,-62.08622147993,-77.8712667650713,-166.320638743038
112.29,-2.00672793388367,0.376275151968002,0.134070977568626,212.468484021149,-105.716943973405,19.6233025326286,-7.80371427536011,-7.00673818588257,0.767896950244904,-81.7672749695383,-122.986845063351,-168.221780917376
112.295,-1.97127759456635,0.430375218391418,1.13094699382782,207.131128316891,-110.566111906737,16.2011506546623,-4.61377620697021,-5.97400283813477,-1.04664182662964,-102.272424933455,-168.256614882143,-173.300928150251
112.3,-1.93768978118896,0.335422337055206,1.65366494655609,207.252418816172,-108.184889396017,12.4420109034259,-0.822614729404449,-5.69605112075806,-4.04336643218994,-120.461874391359,-200.942375872213,-179.797271334012
112.305,-1.89179134368896,0.0839277729392052,1.91879606246948,212.366181447761,-99.0724539865469,10.1928740059703,1.67491102218628,-6.87865114212036,-7.360511302948,-136.441429803684,-216.875677243478,-181.521265722037
112.31,-2.09793782234192,-0.496810108423233,1.58363282680511,214.76008078958,-90.4634035189069,8.71207277221228,2.82195115089417,-9.41136264801025,-8.86381816864014,-153.188165723963,-229.489301772443,-178.689209744961
112.315,-2.49936699867249,-1.63989126682281,1.04348540306091,216.942722380371,-85.2926429586945,7.30343846345095,2.67731809616089,-12.9117488861084,-9.6296329498291,-163.657015230895,-228.466986378232,-171.082359764426
112.32,-3.0397834777832,-3.68144226074219,0.779257476329803,222.049709464303,-87.5120719483552,5.09784999836971,1.21554470062256,-16.9737491607666,-10.9535570144653,-158.513609578309,-199.798428469262,-158.058596036181
112.325,-3.8760097026825,-7.8096022605896,2.05497694015503,231.019182184255,-101.549674806051,3.44909099782647,-1.62589824199677,-22.3329448699951,-11.7988653182983,-145.237251794178,-154.798341839658,-140.196326299898
112.33,-5.51337909698486,-14.6993989944458,3.60328722000122,236.59439239617,-125.239741979944,1.68435229024694,-4.06888961791992,-26.9711456298828,-11.8225564956665,-125.149706426305,-120.816975926308,-122.01127548382
112.335,-7.90378665924072,-23.7879409790039,3.8468029499054,236.473580010131,-152.687171348343,-0.50283078937267,-5.36713743209839,-29.1781406402588,-11.0782146453857,-99.6012404019001,-102.648242432156,-107.873603524594
112.34,-10.982159614563,-34.1690902709961,-0.207147359848022,226.459866988732,-173.345775172341,-3.66677424931665,-4.17328357696533,-25.6700611114502,-9.62262725830078,-70.4362506836756,-108.16083346976,-106.014323579679
112.345,-10.276237487793,-34.799259185791,-5.97827196121216,198.98037671237,-185.52551876447,-1.92177318761288,-2.55671834945679,-19.2224140167236,-8.95917510986328,-46.3329775555642,-127.255549370069,-107.763623818578
112.35,-7.23694944381714,-30.0240516662598,-8.80646228790283,194.880487361178,-181.752044153713,11.3322878708591,-1.2143462896347,-15.0202369689941,-9.32540416717529,-31.687873767425,-148.645680114554,-103.06354525445
112.355,-3.1602942943573,-22.500171661377,-8.49639415740967,216.500208084424,-170.938816508829,33.3611505857677,-0.212729379534721,-13.2512168884277,-10.4950895309448,-25.1111136439237,-167.690993256596,-92.6223648438453
112.36,-1.19453179836273,-18.1261196136475,-5.88913297653198,258.132082547485,-181.094010068696,54.6082844897899,0.47694057226181,-12.797080039978,-11.7967882156372,-21.6943490776653,-174.783816860574,-81.6360602053932
112.365,-0.593230545520782,-16.5372638702393,-2.86678719520569,283.313651300244,-207.474222379279,63.3089482847673,1.12317836284637,-12.6979637145996,-12.1679706573486,-15.8183100139466,-175.541940537689,-68.1954432019129
112.37,0.169784486293793,-16.0595436096191,-0.334818869829178,295.910815073309,-222.418430396457,66.9785835295726,2.35151195526123,-12.4874277114868,-12.3048982620239,-6.67421753144728,-170.868738767945,-52.889962573871
112.375,1.46054565906525,-16.2780017852783,1.49099850654602,297.204070411516,-217.693537755074,67.9036848413266,4.20588970184326,-12.0252542495728,-12.3755512237549,4.60530798184717,-162.33757294741,-36.9854162990111
112.38,3.46102929115295,-16.9302272796631,2.50918579101563,289.303481315535,-182.539332738584,69.2390961070908,6.26587677001953,-11.1235198974609,-12.4675788879395,11.9259286399289,-156.387426331197,-25.7994481556466
112.385,5.34736585617065,-17.3748168945313,3.38955473899841,279.451261286872,-139.130461619539,70.1685550795353,8.15675354003906,-10.3305740356445,-12.6923093795776,23.9457365224524,-144.491258533029,-7.38419776642353
112.39,6.75734329223633,-17.6649227142334,4.19811534881592,266.742437581256,-97.2965501608302,69.700707611957,9.75706481933594,-9.67194938659668,-12.9442529678345,38.8284403937015,-130.889032423597,12.8486632911356
112.395,7.5901951789856,-17.8616504669189,4.99103212356567,251.089173965961,-61.3677880320822,67.2860854761957,11.0099010467529,-9.15788841247559,-13.1890163421631,56.3210671222919,-116.693385818696,32.9473674805645
112.4,8.15496826171875,-18.3462543487549,6.05404329299927,234.991538243265,-38.5604920725619,61.6044404264448,11.8666191101074,-8.76653289794922,-13.4347534179688,78.7339128270548,-99.5721916073601,51.725480207181
112.405,7.85684251785278,-18.8260498046875,6.41750907897949,222.772930874759,-25.9607601483693,54.3015133734079,12.6852169036865,-8.25042629241943,-13.8985223770142,104.247018962127,-79.0637494922639,68.2203802225726
112.41,6.67158174514771,-19.0600757598877,6.34305000305176,214.358288081465,-22.3776087588348,45.49272085368,13.5338840484619,-7.49564552307129,-14.4794597625732,128.139403169425,-57.8808876683315,83.3059594951913
112.415,4.55634355545044,-18.9370632171631,5.9614839553833,209.826443906783,-27.6816024040919,35.1344282037485,14.4364814758301,-6.43150186538696,-15.0983018875122,147.855837038934,-37.1084758172872,97.4851043630576
112.42,1.8573431968689,-18.9890670776367,5.58007383346558,207.505395362651,-41.8407177422172,22.8507308399997,15.1446437835693,-5.1065034866333,-15.1693286895752,163.872220831264,-11.176735435154,112.916810302056
112.425,0.0565059632062912,-19.7463932037354,5.21449375152588,205.568285412144,-51.9814039802867,11.3448793245941,15.5231485366821,-3.79430150985718,-14.8575983047485,180.779889668767,19.9212746578123,130.264220378703
112.43,-0.637040257453918,-20.7398509979248,4.76416540145874,202.978100093957,-52.4854890165066,1.29007044234126,15.5408639907837,-2.50833082199097,-14.2926177978516,198.522385207764,53.8848615887534,149.428132925493
112.435,0.0109466165304184,-21.6104564666748,4.14384794235229,198.869468100627,-38.2913792041688,-6.68904416458808,15.1509265899658,-1.26089024543762,-13.5619592666626,217.105827297751,89.058303833041,170.4408547372
112.44,0.230206400156021,-20.8010387420654,3.7395281791687,195.794011502289,-19.7321791630932,-5.86504502047587,14.114914894104,-0.151882976293564,-12.9045305252075,231.92642255133,120.08973836462,193.637461234127
112.445,0.0738284438848495,-18.6777935028076,3.38664531707764,194.038994395054,4.35666817860437,-3.95920410287569,13.2890529632568,0.547707796096802,-12.5255241394043,244.083230368225,143.872033582876,216.703064702774
112.45,-0.228155314922333,-15.9365015029907,3.13790702819824,193.908250913962,31.2259105078166,-2.87318139984204,12.4560079574585,1.06308019161224,-12.2496967315674,254.375970277598,161.186809015668,239.064270762317
112.455,-0.397930860519409,-13.4037990570068,3.067547082901,195.908526453913,57.635239914832,-5.05930467956239,11.3421716690063,1.66300475597382,-11.8648109436035,263.666065737569,172.518557301583,259.946481319363
112.46,-1.2181783914566,-11.9905347824097,2.53001880645752,189.376229154361,59.9927206879969,-6.23764678073887,10.4883298873901,1.96766436100006,-10.9169025421143,269.352689995225,178.512157581296,273.247263859966
112.465,-1.38565135002136,-11.1820077896118,2.12356996536255,176.188076433172,48.8776977195413,-5.98228094871091,9.80480098724365,2.13474106788635,-10.3003406524658,276.303363702197,185.588629712401,291.59307000835
112.47,-0.962525904178619,-10.7755937576294,1.94795346260071,159.874852619514,31.0343271166924,-4.50904671077959,9.25925064086914,2.09303283691406,-9.67921352386475,282.736418353108,189.702848800471,313.118547781429
112.475,-0.141624793410301,-10.4838752746582,2.15349864959717,146.600011137379,17.4191526761413,-2.14354281321743,8.81438064575195,1.66905558109283,-8.32243156433105,284.709250192975,182.202563431367,333.295090514187
112.48,-0.140549749135971,-10.2023267745972,2.54683470726013,138.264940047915,10.5762465476676,1.64662862185243,8.90318393707275,1.30048000812531,-7.81316900253296,285.782354873854,174.191188667049,349.697106787055
112.485,-0.516034841537476,-9.75340461730957,3.01512169837952,128.641886526285,6.60293767726903,3.79971406311402,8.92655754089355,0.864172995090485,-8.31082153320313,286.548374249649,156.333645421672,363.456604832316
112.49,-1.18982017040253,-9.25453758239746,3.48949360847473,116.244724352496,4.1327182285507,5.06006880697578,8.53169345855713,0.315449893474579,-9.41374778747559,287.615495684815,129.163070941092,374.922361429746
112.495,-2.12254619598389,-9.10736179351807,3.81119751930237,98.7626024548493,0.746093953078197,8.6252994876755,6.87207889556885,-0.441125333309174,-9.95059776306152,290.565099217507,96.7784461613389,384.48886098505
112.5,-3.07482957839966,-8.23595428466797,3.87033271789551,72.9744924132249,-0.795135244927418,7.29194154753052,6.44685459136963,-0.379924654960632,-7.58631420135498,295.799564952108,83.7094939015448,388.827205900545
112.505,-3.09806966781616,-6.67683982849121,3.90212655067444,41.5679712131857,4.84776347568334,3.28599056275821,6.44994831085205,0.160439744591713,-6.82158899307251,297.674124030196,64.1422791748331,389.290183443245
112.51,-1.62297451496124,-4.38535165786743,3.9430296421051,5.44030287674946,20.5705712233339,-3.20159823947741,6.60327100753784,0.937134623527527,-7.91242742538452,296.461219037385,34.4044346607304,386.887514138531
112.515,3.05855131149292,-1.11653387546539,3.92791938781738,-33.9088873609731,54.5482061458505,-13.5056967534395,6.41513824462891,1.15555012226105,-7.55283546447754,299.077126847987,3.17221006991296,384.978421624
112.52,3.82629919052124,0.584307432174683,4.49145412445068,-55.8740244109254,73.0325831721159,-9.2858778181587,6.40190887451172,0.668103575706482,-7.51055097579956,299.737387574674,-18.6815850781712,383.127440358926
112.525,2.51394200325012,1.35605537891388,4.60630321502686,-70.8846252819303,77.0294186291106,-4.02540656517969,6.48739290237427,-0.100012481212616,-7.53821659088135,299.202010026771,-32.5824714543458,379.918972656691
112.53,0.267344415187836,1.61327147483826,3.98877954483032,-82.4932830971756,68.8505676263438,-2.39719704252808,6.68716049194336,-1.09609031677246,-7.53466701507568,297.839933702487,-39.9662167207368,374.641176201995
112.535,1.73085117340088,3.14779114723206,3.30672216415405,-92.1782317930653,67.8470352523505,-4.96574645585885,7.31062507629395,-2.9975790977478,-7.35332298278809,296.812263439967,-50.386964620439,365.831106436893
112.54,2.00924181938171,3.73672938346863,2.99262833595276,-103.683603487682,69.2333245972421,-5.13603587847196,8.31462860107422,-5.0832953453064,-7.71149444580078,294.473743271938,-57.1997265627844,357.664822982199
112.545,1.58390963077545,4.27117872238159,2.61398029327393,-113.138094770786,66.3678075234225,-5.44431091713178,9.72729396820068,-7.37859392166138,-8.46602058410645,289.987975553397,-59.4222359677607,345.845535793328
112.55,0.751124382019043,5.18625545501709,1.97935044765472,-118.7732194021,56.4758392088844,-7.27671705587057,11.6005296707153,-9.85427951812744,-9.53884315490723,282.96501112425,-55.6418901866988,328.055105986736
112.555,0.974225640296936,5.90315055847168,1.81651103496552,-127.584641544658,56.9611856211163,-11.3515583958287,14.1928644180298,-11.5343952178955,-10.488579750061,276.478380469489,-34.3538502797373,307.038477306824
112.56,1.03427493572235,6.33135223388672,1.75026488304138,-144.013432159073,65.888703904092,-13.9222238871417,15.6528196334839,-11.4810152053833,-10.9139909744263,268.57382986379,-1.97481344849943,285.941935413622
112.565,0.982132375240326,6.47171545028687,1.62890720367432,-164.972004231041,77.4737087742416,-15.0693848940966,15.6432495117188,-10.1402282714844,-11.1781949996948,258.317727089126,33.4556735736915,267.011820242121
112.57,0.851409256458282,6.30729866027832,1.32831871509552,-188.280216019006,87.2747501954539,-14.7700945424031,13.8058395385742,-7.78826379776001,-11.5603351593018,244.822967176095,65.7256126470904,252.168644383146
112.575,0.716552793979645,5.3518853187561,1.21278715133667,-207.505053853193,97.6756393201443,-12.6505989042626,10.7814054489136,-6.25261831283569,-11.1276159286499,229.022390040781,97.5005405905818,246.96425880165
112.58,0.529136598110199,4.25530433654785,0.85676121711731,-219.121662008632,110.751756448378,-9.24058000358318,8.15523529052734,-5.25494432449341,-10.8811273574829,210.927210853801,121.061633302378,239.476786867429
112.585,0.2606261074543,3.00415062904358,0.27413147687912,-223.099031426492,125.999860072297,-4.92913408058664,5.51873588562012,-4.73391389846802,-10.6639785766602,190.233131027253,135.133380275735,228.222042134217
112.59,-0.131067901849747,1.56969130039215,-0.535080671310425,-218.810560552316,142.954780158478,-0.135787722536784,2.3577516078949,-4.64913845062256,-10.2813081741333,166.35790425515,137.383285569472,211.045427767955
112.595,-0.214026063680649,0.612428426742554,-1.1085113286972,-202.794928080795,153.034322543098,3.51794528107572,-1.78475046157837,-5.04616737365723,-9.54886913299561,137.904483644657,128.48021594863,189.358170134196
112.6,-0.250778913497925,-0.803372502326965,-1.84929394721985,-179.155438457706,154.908376187187,4.49342862946871,-4.8661675453186,-5.37455224990845,-8.74917697906494,109.889930009095,106.413056363046,164.347724940902
112.605,-0.354433655738831,-2.51526403427124,-2.53007340431213,-150.134415466807,149.45662847471,3.31355272393673,-6.80247163772583,-5.48363447189331,-7.95360660552979,84.7604141279997,67.600103423287,135.510160831109
112.61,-0.718706011772156,-4.14811992645264,-2.67132067680359,-118.982018285027,137.714781970649,0.904138820861033,-7.52892255783081,-5.12281084060669,-7.26809120178223,66.9263667333678,3.70392962462787,101.362794000171
112.615,-1.08234369754791,-6.29219818115234,-1.53425300121307,-83.511800906208,122.698187608648,-3.11811454479964,-2.95349907875061,-2.44954538345337,-10.5554275512695,46.804277683768,-52.1213887073262,72.8718005190538
112.62,-1.51442861557007,-8.74853229522705,-0.0382606536149979,-47.0579782302989,106.380688096569,-7.41292041943073,1.27982294559479,0.303307622671127,-10.9238882064819,29.9443621138471,-77.8107854399709,55.9940786459667
112.625,-1.97283291816711,-11.4207830429077,1.59461975097656,-11.8807273017754,90.5436992227895,-11.2952725144259,4.5697021484375,2.58031439781189,-8.61887741088867,13.5444614920739,-75.6356912082128,47.9266485191303
112.63,-2.31227469444275,-14.1206789016724,3.06523060798645,16.541265047025,79.6955283301117,-13.2223053745865,7.13336801528931,3.53435659408569,-6.61733627319336,-12.5236222724975,-57.6944439945576,39.1501935300279
112.635,-2.88204026222229,-16.4135837554932,3.93150854110718,30.6012828780298,74.5600798479084,-14.0554416042609,9.72566223144531,3.38280582427979,-6.35130310058594,-35.0410731781727,-48.9704721790375,21.7880131693009
112.64,-3.38715553283691,-17.6611080169678,4.18038845062256,41.593396592371,69.3439258504722,-14.8797856729262,11.9271373748779,3.16069388389587,-6.73580360412598,-56.1571084312657,-42.9862634094334,-0.627214350491567
112.645,-3.69480729103088,-17.4970989227295,3.82412242889404,49.9515059099048,63.7149483894112,-15.3743391801593,13.5831727981567,3.02713465690613,-7.39179182052612,-76.0721812773116,-36.2437021513773,-26.4833771953547
112.65,-3.48017740249634,-14.8512420654297,2.93295121192932,46.4063747683851,61.9166142224602,-12.9560108129997,14.3916444778442,2.68962526321411,-7.63536310195923,-93.5725329498533,-18.8957524897861,-51.7899776835134
112.655,-3.44969367980957,-11.2611484527588,1.96707046031952,38.2348798793545,64.3539057560767,-7.34182412658642,14.3728628158569,1.95428800582886,-8.26970863342285,-108.140930298519,0.664287123202515,-69.3566300023284
112.66,-3.66943049430847,-7.64568185806274,1.5528359413147,30.3942017876788,66.7487681545691,0.588535789634578,13.4532718658447,0.943686008453369,-8.70401000976563,-119.988337376202,21.6778200198738,-80.0939674153444
112.665,-4.07274341583252,-4.34984493255615,1.98937749862671,25.5826681966741,66.4978748157871,10.1464842149012,11.5723476409912,-0.064202144742012,-8.6836576461792,-129.04713531012,44.3668836973139,-84.5211321108066
112.67,-3.8822181224823,-1.61312198638916,3.80934429168701,31.6719628417535,54.5499751648455,17.6634378069014,8.67335891723633,0.886217415332794,-7.84654331207275,-134.876633464834,72.2305686993947,-85.9943287826975
112.675,-3.36531782150269,1.03595507144928,4.64631462097168,40.8339785944086,33.0956611327293,25.8308499503557,4.86699247360229,0.30340787768364,-8.19452857971191,-148.877250848174,87.7800749110081,-88.9812456388249
112.68,-2.48106956481934,3.41750001907349,4.50357294082642,43.2068648592465,17.6902855729814,36.6740348049394,-0.348477691411972,-1.88163721561432,-6.04939079284668,-157.261909111012,116.271321109124,-84.0551424546825
112.685,-1.20692527294159,5.40915775299072,3.29010009765625,33.5079040302746,18.1774010042084,51.2018061884215,-7.68743801116943,-6.18648386001587,0.649914503097534,-153.35870188716,168.828096809998,-66.6891337729258
112.69,0.106395900249481,6.78498554229736,0.316066324710846,17.1248227493325,57.9160904633137,65.6566618874191,-23.8333187103271,-19.6695232391357,11.5659284591675,-153.666975645159,192.805257325275,-52.866862874098
112.695,1.03807699680328,7.18706798553467,-2.15087795257568,0.972588201958551,101.894674491218,75.3093106187238,-33.8618698120117,-43.1693572998047,15.9454746246338,-154.602397372749,165.584617558078,-64.2029175942844
112.7,1.96456146240234,5.64421606063843,-4.48796844482422,-12.7031589174731,139.744181437222,73.7280193730282,-35.922550201416,-60.036563873291,14.861499786377,-142.568669564697,88.9258323140886,-98.234417096143
112.705,3.18514895439148,1.26436495780945,-6.98750257492065,-21.9634499932273,162.836490945523,55.1058466953524,-28.0546493530273,-56.6134948730469,8.83348369598389,-105.950181273183,-38.7973630329779,-154.390606866965
112.71,1.26925277709961,-13.4216833114624,-5.17042636871338,-10.4034419078926,105.698659556997,8.59385158918947,-8.58756923675537,-25.32568359375,3.55246567726135,-94.1641980867057,-177.053188193446,-179.750880689169
112.715,-1.07680809497833,-30.4107055664063,-0.990463435649872,36.6799395034769,-1.0374091517812,-39.5662784089813,6.02027082443237,-9.24484252929688,0.634704351425171,-113.188419604591,-245.824928606579,-183.580499454904
112.72,-5.028724193573,-46.8736877441406,4.97178888320923,109.229095546518,-118.852818426687,-79.426651103245,16.0851726531982,-3.35284352302551,-1.23107671737671,-144.195415719319,-252.817457712784,-177.647974726749
112.725,-12.1871728897095,-59.2157554626465,12.1239614486694,196.566437595526,-200.204319290879,-97.8502052949515,21.6550788879395,-2.12860941886902,-3.61145710945129,-164.451980948393,-202.958961903902,-175.988484645246
112.73,-21.0433521270752,-52.4104232788086,8.8411865234375,249.648823673789,-218.892031048736,-52.4602856184693,24.3875827789307,2.1672351360321,-5.84517669677734,-181.285364648483,-142.204757085719,-188.330800399999
112.735,-21.4984474182129,-33.7806396484375,0.52873969078064,252.085316075272,-202.33602133084,0.602320231957574,24.6373825073242,6.36076402664185,-6.96263360977173,-194.995330161882,-60.9932682693229,-192.286572759704
112.74,-14.6107387542725,-9.63414001464844,-8.05626964569092,207.046802801398,-153.984511139673,49.8539025066653,23.2475109100342,8.94490623474121,-8.17814254760742,-205.979107630342,22.7467343796971,-187.314249685448
112.745,-2.67549824714661,9.42911434173584,-8.49804019927979,117.269184426106,-74.1376804590673,79.0442493021835,21.6053638458252,7.22884702682495,-11.9048976898193,-214.670905839776,74.3046376031391,-173.804599960026
112.75,5.73024272918701,11.7451553344727,-3.06032299995422,69.0631709246388,-40.7784423262672,56.6406106924218,18.0231895446777,2.22883248329163,-14.8191022872925,-214.169952445291,102.850149654211,-162.967575936074
112.755,10.8562231063843,8.2464599609375,1.96836137771606,40.5899154447965,-12.0857482363181,32.0366846981484,14.2554693222046,-2.20923471450806,-16.8436317443848,-207.377315655335,127.153342419329,-158.467300895736
112.76,14.3665256500244,4.02728176116943,3.84301543235779,23.335296903119,-5.78083391065149,5.77017668111215,10.9249286651611,-5.24171304702759,-17.7627849578857,-195.512880916051,152.703905311809,-157.983573238337
112.765,20.8644237518311,9.86631965637207,-3.42180442810059,1.49225097868451,-90.6592933443028,-38.7071601397042,9.2448787689209,-5.68510341644287,-16.8766345977783,-180.60943546784,188.759708959119,-153.799508635814
112.77,18.1013107299805,10.5674476623535,-3.74258065223694,61.5223142318646,-144.217395268068,-44.8805719795068,7.60268592834473,-4.11813259124756,-16.0194892883301,-171.386631031572,199.37652768423,-140.240572265342
112.775,10.1230201721191,10.0900259017944,-0.864908993244171,80.3695313974086,-92.5519114425567,-22.8740200775221,5.62648868560791,-2.76780319213867,-15.146933555603,-165.112146052431,198.58553713683,-124.3691250872
112.78,-0.348102033138275,8.99949264526367,2.32797574996948,36.652041595812,55.7469965527415,13.3844822400129,3.35503792762756,-2.29470658302307,-14.3717765808105,-160.248668872789,187.613398310716,-106.516403955377
112.785,-4.65363740921021,5.97520399093628,-3.87342429161072,-46.3562343496881,186.688618017853,9.02145302085718,1.3410359621048,-3.55459785461426,-14.26487159729,-152.35440453198,158.153371741104,-81.1657538697136
112.79,-5.34322118759155,0.67654812335968,-4.50442409515381,-103.114095484497,231.966884591973,-7.10690788093347,1.79606425762177,-6.1676025390625,-13.6646137237549,-146.257313225963,112.135750849708,-78.1179390469464
112.795,-4.81129789352417,-4.64338350296021,-2.46872162818909,-128.553312633128,224.952416918153,-24.7573525335994,3.75184416770935,-9.09531402587891,-13.2304983139038,-139.874829295666,69.6015332652084,-90.2763041469727
112.8,-4.01643466949463,-9.87811851501465,0.744156956672668,-121.499448428175,178.614528456576,-40.2967090841062,6.58768796920776,-11.8594608306885,-13.0958604812622,-132.406003777879,38.6601137967011,-113.303665386456
112.805,-4.34780883789063,-20.3665504455566,0.536503434181213,-94.3244138340667,118.01209044175,-52.4480185987199,7.6256742477417,-13.4108076095581,-12.472240447998,-123.241624779771,28.2031915076073,-128.21672091083
112.81,-8.27263927459717,-28.7726364135742,-2.36485815048218,-73.6268232902853,75.0441899959005,-52.2057654492379,8.22639465332031,-13.5403356552124,-11.8394460678101,-112.998970647582,17.7712147769096,-132.189445800054
112.815,-13.7720861434937,-32.4671211242676,-4.33333253860474,-71.0085658946093,48.3875770050795,-40.6922248483741,8.63451290130615,-12.6671543121338,-10.9923753738403,-102.402116565415,13.2886256576537,-129.75591770067
112.82,-19.5447807312012,-29.9618358612061,-3.68125867843628,-92.7702999110787,36.6109545928597,-18.7848336327597,8.94548606872559,-11.0377397537231,-9.88412380218506,-92.0471194817577,17.0708625473421,-123.266268102296
112.825,-19.7704048156738,-24.1591281890869,-5.4162917137146,-124.026468156918,10.2105881015828,-2.88694978054832,8.74590682983398,-10.1098957061768,-9.83311367034912,-86.1386301892923,8.56415734177284,-118.355471372084
112.83,-18.3655033111572,-18.3895301818848,-8.55978298187256,-148.194027025498,-39.6335694326843,1.10985878257653,8.30185890197754,-9.95497226715088,-9.64114093780518,-81.054121257919,-1.20472360012395,-113.160730017695
112.835,-16.0143527984619,-14.5008268356323,-9.70135498046875,-155.355958483498,-91.0133157093629,-3.99231173733004,7.7620964050293,-10.1148767471313,-9.52131271362305,-75.9172111152332,-11.1967162997972,-108.038982894967
112.84,-13.203649520874,-14.0788640975952,-6.00406074523926,-136.577937964436,-126.585535133247,-16.5203014889149,7.23915529251099,-10.2442779541016,-9.64766025543213,-70.0271565033377,-20.5984708385461,-103.278785005764
112.845,-9.74159336090088,-15.72580909729,0.0542418882250786,-101.938531135878,-163.461357631931,-33.9167250030457,7.27251243591309,-10.0837936401367,-9.9749641418457,-64.8393751117137,-28.9093289074017,-99.3005208331228
112.85,-5.36728763580322,-15.6554346084595,4.26455402374268,-91.7369810821149,-182.695102032795,-38.5878401499986,8.11252117156982,-9.75568389892578,-10.4644165039063,-59.8543410554124,-30.0808531991261,-93.7364165087986
112.855,-0.427423596382141,-14.0155925750732,5.90424299240112,-102.199840513145,-188.925040518169,-36.4363169010663,9.61433601379395,-9.36530780792236,-10.8827924728394,-55.4149195854846,-25.3240601592245,-87.5871971990361
112.86,4.68591690063477,-10.8713226318359,3.8676450252533,-130.175673806303,-186.978409283958,-34.3535019400897,11.646879196167,-9.04024887084961,-10.9315958023071,-51.9938451698599,-15.704459298219,-82.0651463494317
112.865,7.45306825637817,-9.00419807434082,2.70214295387268,-145.693535751491,-181.912362353912,-31.7927035108064,13.1866817474365,-8.58643531799316,-11.7578725814819,-47.6178249309028,-1.33474041312167,-72.4767628680278
112.87,8.02295017242432,-8.22970199584961,2.39941716194153,-156.371525650809,-157.709737294133,-23.9074055008303,13.8401174545288,-8.46555614471436,-12.2203531265259,-43.195355990495,16.059835748282,-62.2234946218689
112.875,7.22081184387207,-8.41636562347412,2.65705895423889,-166.131005370922,-116.876421228074,-13.3197892495155,13.7703943252563,-8.8328332901001,-12.3274269104004,-38.7038816489026,35.9342536008407,-52.2959717576063
112.88,6.45018100738525,-9.43568325042725,2.96194529533386,-181.503302324519,-64.0957314356394,-5.22390967723876,13.2520656585693,-9.98515319824219,-12.1777105331421,-33.9977617824533,57.6984874665463,-44.2474100283521
112.885,5.25004386901855,-10.6802473068237,2.70861959457397,-194.03169975302,-11.8688069141265,-3.71024584206284,12.6481218338013,-11.5545797348022,-11.7758989334106,-27.4754143609749,79.5004171462811,-39.2219241766913
112.89,3.73475408554077,-11.8162479400635,2.1398332118988,-205.337124489874,35.309871857864,-5.35805331187734,11.6207008361816,-13.0877685546875,-11.0747861862183,-20.5285553146546,98.8489087252016,-35.1455682422848
112.895,2.19732427597046,-12.8085641860962,1.47837162017822,-216.034389183029,76.543081839449,-9.54829966248611,10.1592130661011,-14.5062818527222,-10.1516342163086,-13.5895450094642,113.783752553027,-31.5918003265596
112.9,1.4465571641922,-13.6633434295654,1.27563893795013,-227.267345612789,110.31459702074,-15.955200665292,8.31624603271484,-15.7363615036011,-9.22818946838379,-7.41078257022051,119.107147350622,-28.1214204828639
112.905,-0.129963681101799,-15.1543836593628,1.38254618644714,-237.88029845083,131.399274875354,-21.1489789630073,6.50666856765747,-16.7819957733154,-7.86613845825195,-3.21049135922018,114.557162193504,-25.5509300151483
112.91,-2.4236798286438,-16.5776252746582,1.5520601272583,-247.415215211411,140.979298205214,-22.5400204120139,5.04637622833252,-17.6361961364746,-6.69765186309814,0.237623348441801,105.055672378721,-23.8911359902273
112.915,-4.78075265884399,-17.7405872344971,1.81751668453217,-254.59904425589,145.263261154537,-19.8053509796715,4.02773475646973,-18.2891387939453,-5.82079315185547,3.18964647564695,92.3812728265222,-23.2873233619361
112.92,-4.25849103927612,-18.4490795135498,2.58151888847351,-253.949056133715,172.042397493785,-14.0273925786606,3.56588768959045,-18.7019748687744,-5.06101608276367,5.61434335387737,79.9122365720979,-24.4066718385907
112.925,-2.97439885139465,-17.690393447876,3.5028703212738,-244.22803037863,198.914588330284,-7.42480494858655,2.58896160125732,-19.3682308197021,-3.50970864295959,7.05905045296648,65.1837874006116,-27.9156046850566
112.93,-2.21454644203186,-16.0445079803467,3.90221548080444,-228.104221371034,205.738521047017,-5.14729629909237,1.47239589691162,-20.061502456665,-1.95439851284027,8.05257446539159,50.0277786323663,-32.8502524358507
112.935,-2.50082874298096,-13.9032411575317,3.41611957550049,-207.935150865228,186.111699259419,-8.63251643630727,0.345287412405014,-20.6868419647217,-0.649206340312958,8.75155894957777,35.5148287593832,-38.688892798769
112.94,-4.340651512146,-13.0279722213745,1.13583266735077,-196.844043804152,149.214812457335,-14.1387016102434,-0.757136046886444,-21.1005210876465,0.537596046924591,9.06773267512589,25.2791738635465,-43.5519601670614
112.945,-5.30396795272827,-13.6232881546021,-0.338062316179276,-186.01236098813,90.6038458686207,-20.3302629702181,-2.10890626907349,-21.3133525848389,1.43042623996735,9.30106303623093,10.209687370386,-50.9702354548014
112.95,-5.30510997772217,-14.5179252624512,-0.809585332870483,-174.256922407621,38.8992592101108,-24.3931344036557,-3.68097925186157,-21.42160987854,2.1400294303894,9.16586200293147,-4.97492623010334,-58.580148775179
112.955,-4.25588703155518,-15.0654125213623,-0.120520241558552,-160.761329211511,9.86182583595721,-24.8533986537081,-5.44856595993042,-21.4550666809082,2.70818829536438,8.45381307441035,-18.0035043879398,-65.1627026066438
112.96,-2.34491229057312,-14.4570150375366,1.71284520626068,-142.994709444366,8.38484182417156,-24.0428430294298,-7.02108001708984,-21.1396160125732,3.01813817024231,6.49776428999505,-32.7076654067375,-71.0383591797689
112.965,-0.691721141338348,-13.3386421203613,2.88816237449646,-123.3073858411,11.3341175077831,-24.8709778530844,-8.26145553588867,-20.6052207946777,3.93449211120605,3.88722244676022,-42.5995722495731,-75.3161612984613
112.97,0.573192059993744,-12.0967178344727,3.46068382263184,-103.474087434892,16.5931027677308,-26.7600032718348,-8.8502836227417,-19.8456974029541,5.25765943527222,0.753707639651205,-49.0606306760817,-78.5911140620773
112.975,1.32219243049622,-11.0312395095825,3.43748044967651,-84.8984249303689,22.6186085686041,-29.3149875025871,-8.49345016479492,-18.8423442840576,6.85368967056274,-2.83011791089876,-52.9802747501715,-81.275405726649
112.98,1.24768149852753,-10.0511741638184,3.60687351226807,-67.1434642961367,34.6401854701226,-31.5266847181073,-7.72475004196167,-17.7819557189941,7.46112871170044,-9.0186936244325,-50.934506735253,-84.0368238873285
112.985,1.20477318763733,-9.06153678894043,4.18905210494995,-50.9866927956065,51.3120181208688,-32.6559437992476,-7.62855911254883,-16.8189754486084,7.94274616241455,-15.563245137129,-37.004335923012,-86.8120048791856
112.99,1.2888571023941,-8.18502426147461,5.05694675445557,-36.3950625584794,72.1859812244928,-32.6084534939485,-8.12910270690918,-15.9326028823853,8.191725730896,-22.2195513512515,-15.451330780031,-90.1191688149274
112.995,1.62955021858215,-7.5844988822937,6.07288360595703,-23.4474639772162,97.0222770845192,-31.1752100136076,-9.17707824707031,-15.1025924682617,8.05596828460693,-28.6893626651815,8.95660805865073,-94.6503504612597
113.0,1.62014377117157,-7.3265814781189,6.64166450500488,-11.9029903033751,120.927187858755,-29.074817560802,-9.9040641784668,-14.6259899139404,7.87150812149048,-33.4261910621391,30.1484276756796,-100.793668487579
113.005,1.29045081138611,-6.95970582962036,7.1255578994751,2.71120709221318,137.626126115223,-26.9617738901062,-10.7066192626953,-13.9150085449219,7.35147428512573,-37.9006309119415,44.07572297828,-107.649928489654
113.01,0.665372014045715,-6.49972343444824,7.33679580688477,20.5076190773012,147.109160758868,-24.5342905081378,-11.5008869171143,-13.0465602874756,6.56212472915649,-41.9617077131748,52.1403971237863,-114.328569422362
113.015,-0.242143183946609,-6.01439952850342,6.85277032852173,41.563524760036,149.258416384996,-21.1185709608224,-12.0853662490845,-12.211669921875,5.63084602355957,-45.1250517706583,56.8076907798986,-119.218151585013
113.02,-1.16103804111481,-5.64550399780273,5.7903470993042,64.6584843817351,145.068382197138,-15.4623820261081,-12.4529886245728,-11.5268125534058,4.70621967315674,-49.9374015692687,57.3053417779203,-128.55172802924
113.025,-2.05523490905762,-5.43662595748901,4.54436683654785,88.750084716555,134.440648829734,-9.10790443272932,-12.7663202285767,-10.9796962738037,3.75009036064148,-55.5456664816716,54.7922556350842,-138.456841042836
113.03,-2.90231108665466,-5.36758184432983,3.23550081253052,112.443204985007,117.971245910514,-2.71653250533168,-12.9931116104126,-10.6120882034302,2.88396644592285,-61.4641551710819,49.4528235533184,-148.362104320594
113.035,-3.64587187767029,-5.37651395797729,2.06549882888794,132.022160806902,96.8989170379196,2.35181534469181,-12.9725532531738,-10.5662899017334,2.48338270187378,-66.6183320319894,41.1450493148731,-158.01358508955
113.04,-4.07740020751953,-5.20800733566284,0.948815762996674,143.298475277513,80.724571460655,4.77967673494207,-12.2463836669922,-10.7726078033447,2.6449077129364,-70.3015388626755,29.2814102926274,-166.216724245006
113.045,-4.17298221588135,-4.89538240432739,0.021240321919322,154.694017530276,59.8620045276612,6.86030945047886,-11.1770219802856,-11.0221662521362,2.85085606575012,-72.5103264176092,13.8116012895705,-173.131457496565
113.05,-3.93337535858154,-4.42293500900269,-0.720925569534302,167.247959866272,33.6580213429477,8.90385423882249,-9.89478302001953,-11.2676992416382,3.11058950424194,-73.3861820654475,-4.43331869590437,-178.471873125571
113.055,-3.38602924346924,-3.68405699729919,-1.43072724342346,177.387881123155,8.65059680081394,10.0643785108885,-8.64538669586182,-11.497504234314,3.98548126220703,-73.5928021180295,-21.5247554805739,-180.743689666166
113.06,-2.74264812469482,-2.86952972412109,-1.95789885520935,184.299773016019,-14.3521398991644,10.4769364509093,-7.54045677185059,-11.4472532272339,4.88503837585449,-69.3272670190865,-26.7075013152322,-178.07860449354
113.065,-2.07242894172668,-2.09701156616211,-2.0017466545105,187.609395819862,-34.2279903839015,10.5865140295374,-6.6467113494873,-11.0024795532227,4.99676752090454,-65.7968515201336,-25.5165229372044,-173.078564511632
113.07,-1.4258576631546,-1.41825103759766,-1.45272099971771,187.163042957602,-50.150578603454,10.5503797675071,-5.9899263381958,-10.1381855010986,4.15487718582153,-64.5773895457196,-20.2220881416907,-166.48454962274
113.075,-1.02323961257935,-0.913173675537109,-0.382161438465118,183.660494630463,-59.3767127569426,10.4787088849989,-5.54002952575684,-9.06779479980469,3.46435713768005,-63.7719258274675,-15.3585785186495,-157.653033063644
113.08,-0.798766434192657,-0.520263671875,0.520470678806305,181.495338323947,-62.2839691167802,9.80217779393549,-5.01717710494995,-8.15719795227051,2.7773756980896,-69.3915869105005,-14.7990340539165,-151.016411454709
113.085,-0.671539664268494,-0.253527373075485,1.11911845207214,181.305909857506,-60.6888262474479,8.6168838408444,-4.01172780990601,-7.12738227844238,1.77481544017792,-79.1619334615828,-24.9699028979283,-147.417352554598
113.09,-0.60118556022644,-0.132048651576042,1.32738304138184,183.519068733509,-55.4387432853096,6.92924228090357,-2.26642823219299,-5.87265062332153,0.273088425397873,-91.7738367828763,-48.9510334606597,-147.405713912252
113.095,-0.532266080379486,-0.240104451775551,1.18660712242126,187.778169794254,-49.0336924099952,4.450571326861,0.475085854530334,-5.26029205322266,-1.68519186973572,-101.11970756761,-70.3980084545127,-149.835813256672
113.1,-0.46338739991188,-0.508052349090576,1.1110405921936,192.52056138029,-44.2489843869557,1.12725207274138,3.16213965415955,-5.38908100128174,-4.97355175018311,-117.492217423264,-101.169103495687,-154.64912952705
113.105,-0.436667174100876,-1.08901464939117,1.07587718963623,197.598465518736,-40.3184905573694,-2.83285318821793,4.9178318977356,-6.4923791885376,-8.4495677947998,-135.81406326804,-134.366595918752,-158.076832641265
113.11,-0.488208800554276,-2.12402844429016,1.06384658813477,202.914825221486,-36.684727466085,-7.30328905306285,4.98719882965088,-8.81558609008789,-11.2154531478882,-152.163473423921,-164.649018245569,-157.034409170137
113.115,-1.03349816799164,-4.37151050567627,1.24045741558075,207.409581468974,-32.5071652036518,-10.6454406328281,2.5626060962677,-13.1572799682617,-12.1533517837524,-145.600057782511,-156.246697113538,-143.831339315801
113.12,-2.10609245300293,-8.25218486785889,1.57877564430237,209.735848277632,-32.7243618041636,-14.1362435959158,-0.79748946428299,-19.156867980957,-12.9029359817505,-133.352640676086,-126.617227210996,-125.505299734875
113.125,-3.90660429000854,-14.2651748657227,1.71563243865967,209.04354030336,-40.9469328478077,-18.6220138757776,-4.21538496017456,-25.9282054901123,-13.0158920288086,-116.427964667549,-91.9570156262269,-106.172982043909
113.13,-6.743079662323,-23.2016105651855,1.17924189567566,204.032435414996,-62.3270744406321,-25.2426050307302,-6.59277200698853,-32.4172897338867,-11.879979133606,-95.7310708030633,-72.2284854916978,-90.9292019297342
113.135,-10.3463478088379,-31.1359348297119,-3.12952780723572,184.046127111002,-89.9788152576728,-30.7821292117788,-5.1964054107666,-28.2361965179443,-9.41073513031006,-65.6859907197152,-77.7928152122646,-99.0103607368023
113.14,-10.9051914215088,-32.3250999450684,-6.37905645370483,176.691406733489,-103.010884495949,-28.8539087524763,-3.7950611114502,-21.0459747314453,-7.66748142242432,-42.0928746659957,-93.7113565447338,-105.645527515444
113.145,-8.71131324768066,-28.0772132873535,-7.76852989196777,186.807627233951,-105.205929710272,-17.4288583749519,-2.83414721488953,-13.8576402664185,-7.29466724395752,-26.86068709039,-119.184082601433,-106.92948696619
113.15,-4.42883682250977,-20.9029884338379,-6.09341239929199,222.497237119101,-104.789390623739,7.66499452716557,-2.80724430084229,-11.5700483322144,-9.44084358215332,-22.8233417814279,-155.273395156811,-97.5070907419959
113.155,-2.61644816398621,-17.6948490142822,-3.41681504249573,256.838799888521,-124.046262045133,32.4214736503248,-2.69445395469666,-11.0483255386353,-10.6704998016357,-20.2164668960038,-176.391042334548,-85.8963702096212
113.16,-1.94112193584442,-15.7603769302368,-0.741882860660553,277.013375526798,-155.970347659719,52.3760454803409,-2.3328652381897,-10.9020738601685,-11.0199317932129,-15.8336489112752,-182.602593950676,-73.3421888170034
113.165,-1.84345459938049,-14.6711626052856,1.66234123706818,281.617578725547,-190.268934878882,67.5344379846065,-1.52579760551453,-10.8680820465088,-10.61940574646,-9.12220684885133,-176.164102469185,-59.6953342515345
113.17,-1.23334157466888,-14.2368354797363,3.35335516929626,269.814683990685,-199.763212013902,79.1007759477545,0.280165910720825,-10.6964559555054,-9.76650428771973,0.571383156916266,-162.464628126351,-43.9696774612264
113.175,-0.0644746646285057,-14.2402391433716,4.1461706161499,257.379969436839,-172.655721160495,87.1399632423729,2.59375095367432,-10.2083101272583,-10.0004816055298,6.14585928357766,-161.665550634973,-32.3627579291248
113.18,1.30129241943359,-14.4058971405029,4.75528478622437,246.58217801948,-135.171328806763,92.0102159696721,4.88779258728027,-9.82584095001221,-11.0356178283691,12.4395195919262,-165.475047663412,-16.6497557718014
113.185,2.68678593635559,-14.7226505279541,5.36337184906006,236.971828649705,-95.8447046602848,93.2153482072075,6.96607542037964,-9.69681549072266,-12.523042678833,20.8528287907847,-168.77640593836,4.10480922182838
113.19,3.62704753875732,-15.4139060974121,6.10841226577759,224.182668259071,-68.2794408683257,88.0816277628642,8.44009017944336,-10.088623046875,-13.1204147338867,33.0829979620081,-155.983502604061,26.0416910598448
113.195,3.85333561897278,-16.1652050018311,6.49510383605957,211.433409833569,-53.8230415465756,78.7483108658252,9.40230560302734,-10.550594329834,-13.2209386825562,49.0885046780845,-133.249887310212,46.5164603423328
113.2,3.66619324684143,-16.7609729766846,6.59528493881226,201.504828289985,-48.3303673405915,67.9047298602696,10.0541715621948,-10.7814292907715,-13.2633008956909,68.6947505208083,-110.580332360589,64.6632450235866
113.205,3.12832140922546,-17.1775321960449,6.44134092330933,195.614841979981,-50.4640023240875,56.7075465462879,10.454963684082,-10.6236972808838,-13.3815288543701,91.417717549741,-91.4340826829924,80.1514844383451
113.21,2.01818943023682,-17.8571929931641,6.16642761230469,195.154350626139,-58.6828953108635,47.3918925184425,10.6024942398071,-9.70428371429443,-13.456015586853,112.965222682893,-75.9560202500972,93.2998649679973
113.215,1.04288506507874,-18.6994171142578,6.08926200866699,198.795865982131,-64.5854696595077,39.8618309396515,10.8191089630127,-8.57155132293701,-13.5465364456177,130.734028110573,-61.1178440895947,105.071142757191
113.22,0.359506785869598,-19.6027927398682,5.99114036560059,204.507461411392,-66.6820781875131,33.7035889499954,11.0358114242554,-7.42470645904541,-13.6765375137329,146.318757607736,-44.2685870298737,117.178424872415
113.225,0.0607730336487293,-20.4886417388916,5.73658418655396,211.028147389355,-64.0695376601724,28.7812696906532,11.2087020874023,-6.37995100021362,-13.8449058532715,160.636131844025,-23.9280155966508,130.565978136234
113.23,0.0312488451600075,-20.8429546356201,4.98562955856323,212.894400957413,-58.4478206901992,25.2077078867133,11.2030048370361,-5.65058946609497,-13.7693862915039,177.221921186702,-0.647396705715308,145.620507368886
113.235,-0.0770725384354591,-20.3217945098877,4.24085426330566,210.415055949077,-51.3371839528657,22.7544371255336,11.0258007049561,-5.17888116836548,-13.6369533538818,191.086972975396,22.8662114637535,161.730765281168
113.24,-0.0766375735402107,-19.2032165527344,3.59692692756653,206.368619658329,-43.3440560389153,21.4564416360427,10.6026916503906,-4.82008838653564,-13.3677825927734,203.943547333138,44.8662695633848,177.853085307525
113.245,0.188489615917206,-17.671947479248,3.13537120819092,202.870565595664,-34.8970927904689,21.4122998309842,9.85940456390381,-4.46592473983765,-12.8899707794189,217.09275431568,63.8700073439488,193.157517501529
113.25,0.618186593055725,-16.1286029815674,2.7381227016449,198.101823139809,-16.6683851127627,22.9490360451764,9.22627735137939,-4.13503503799438,-12.4467258453369,228.638997862289,75.5377394653257,206.851514032649
113.255,1.04521644115448,-14.7118368148804,2.38414859771729,192.580571422338,1.62163471852353,25.3742261911309,8.83744812011719,-3.80781292915344,-12.0783395767212,237.522505821348,83.4396741085726,217.39393833732
113.26,1.44415926933289,-13.4635372161865,2.14741396903992,185.183203343647,19.0904265415098,28.3263210353224,8.64144897460938,-3.50612092018127,-11.6251106262207,246.340908417238,90.3058720358897,228.628547672859
113.265,1.78091704845428,-12.4492950439453,2.12986707687378,174.353665207025,34.5659822949796,31.391604066892,8.5884485244751,-3.25939178466797,-10.8798570632935,258.352970865243,99.4867527710324,245.437957408962
113.27,1.7322473526001,-11.700704574585,2.36103343963623,160.547694554652,43.94714125206,34.9161148673074,8.80629730224609,-3.07043218612671,-9.69820594787598,266.748256902429,106.032642147033,263.17740668359
113.275,1.10867762565613,-11.0825872421265,2.60395407676697,146.712408730361,47.1074424602682,38.4341164974437,9.06664657592773,-2.91457319259644,-8.85683727264404,272.984328897677,106.867926471201,280.218291530665
113.28,-0.101154997944832,-10.6057653427124,2.77365398406982,132.887764340796,41.6745597302783,41.9441131458728,9.29917335510254,-2.77548122406006,-8.4665060043335,277.815103131574,103.327053952629,296.034687384096
113.285,-1.96054685115814,-10.319845199585,2.72636270523071,118.840332840884,22.262315165645,45.4914709290619,9.39173984527588,-2.62657141685486,-8.70278930664063,282.367724741711,97.8015538574934,309.672580741374
113.29,-3.44428253173828,-9.78293228149414,2.4800021648407,103.683398582007,-9.86366315684394,46.6568036543037,8.69257545471191,-2.58032393455505,-7.88793325424194,283.82916665804,89.5846928519955,320.065341940952
113.295,-4.34794902801514,-8.99155616760254,2.27978801727295,88.0530775721335,-40.9097356375878,45.1800621142335,8.16988658905029,-2.63429021835327,-7.28771114349365,286.512283530075,81.4555792867648,328.841533967772
113.3,-4.64313077926636,-8.01396942138672,2.14848637580872,72.3589694256017,-66.5163846284378,41.0433341377532,7.91381740570068,-2.74785733222961,-7.37026500701904,291.071871933165,71.8492597286004,336.352583715008
113.305,-4.26618146896362,-7.03306245803833,2.06942129135132,57.5554633053262,-78.5227302081072,34.0472499180846,7.85876750946045,-2.80918765068054,-9.09924697875977,298.015005111293,55.0682191832148,342.913663431722
113.31,-2.88953495025635,-5.06434917449951,2.05662155151367,41.2473348127886,-72.4703083392621,26.1962855615189,7.35979890823364,-2.93699812889099,-11.2255687713623,305.071819957967,33.9207274938993,348.362979596855
113.315,-2.08261322975159,-3.52967953681946,2.32902526855469,26.1940811179643,-64.0618127162211,22.0684112177502,6.67398691177368,-3.19691514968872,-11.8890705108643,310.686098851934,18.32024758051,353.904366712
113.32,-1.99113464355469,-2.59013295173645,2.81384801864624,12.1609298360597,-57.1135261603643,21.355305317455,5.95758724212646,-3.51680397987366,-10.5642671585083,313.97784022053,10.6714329177146,358.959253112943
113.325,-1.72569489479065,-1.57555830478668,2.9524929523468,-4.70722123445293,-53.7320122004123,18.040148352837,5.68271780014038,-3.49440908432007,-6.65905046463013,312.396842672969,12.2825276938534,359.623611953132
113.33,-0.630905628204346,-0.483753025531769,3.46986317634583,-23.7420824795174,-44.0518548822254,16.8265876618658,6.28697776794434,-3.37572360038757,-5.78645658493042,310.858246939775,2.85127527562652,359.765843812408
113.335,-0.404060810804367,0.237629160284996,3.98390316963196,-42.273348754435,-40.7106936798899,17.5042892765982,6.84553718566895,-3.39620232582092,-5.79720306396484,309.950132308487,-11.3626420853043,358.752380343361
113.34,-1.37145304679871,0.535965442657471,4.3109335899353,-58.6861533110976,-47.1127256115912,19.5551748107523,7.0870532989502,-3.71842217445374,-6.0391731262207,309.48630782233,-27.8636252379255,356.066094263552
113.345,-1.25887882709503,1.31392633914948,4.03299856185913,-67.5308657956706,-54.153171909919,18.9402272665667,7.39549016952515,-4.9606990814209,-6.98512840270996,306.202762680738,-42.7053548043437,349.601784666999
113.35,0.422242373228073,2.22643899917603,4.14741325378418,-82.1301834107086,-52.6498370283155,16.572280936046,8.21203231811523,-6.54718160629272,-7.28447103500366,303.595488229247,-51.0609711028304,335.797507901539
113.355,1.46576714515686,3.00685477256775,4.65881490707397,-98.102403199865,-42.7877371310178,15.4432899398306,9.46133041381836,-8.0122013092041,-7.51906299591064,300.415816604553,-56.8574896891372,316.692703811827
113.36,0.749136030673981,3.5339686870575,5.53814458847046,-113.120937335591,-24.8412357943436,16.964656520843,11.106972694397,-9.07287979125977,-7.99391317367554,295.912017186603,-61.9599176217981,293.187919179548
113.365,-0.337758302688599,4.29135036468506,5.82128620147705,-125.560665248287,-10.3499307908402,16.879034976955,12.7766437530518,-9.18271255493164,-8.73625469207764,288.989156009931,-65.1909044577268,267.418298460007
113.37,-0.273352235555649,4.84898662567139,5.95578813552856,-146.25206764068,12.3263629941729,14.9117731563567,13.7506475448608,-8.49969482421875,-9.34925174713135,282.036761095289,-57.0387458342364,243.484140815745
113.375,0.194943025708199,5.1565842628479,5.91445016860962,-173.080408662708,41.5070117748433,12.6911813269899,13.7096500396729,-7.35311794281006,-9.41460227966309,273.127243775871,-38.7007773279248,222.967140473619
113.38,0.496977210044861,5.15880632400513,5.66485548019409,-204.738253503447,76.2525938940484,11.4977517648236,12.3373441696167,-5.97668933868408,-8.565842628479,260.606605442267,-10.5063677360429,207.33539195421
113.385,0.029393220320344,4.52252578735352,4.88446426391602,-228.542364345912,98.3994003155447,11.0148112867268,9.72445201873779,-5.138840675354,-7.71073007583618,242.079498752554,12.0319348833948,195.035409711932
113.39,-0.281379491090775,3.51669883728027,3.97047233581543,-244.278655740758,114.279351079203,11.9077680206995,6.9303879737854,-4.60853099822998,-7.15571260452271,221.078483885084,24.8198760852617,180.61708527971
113.395,-0.419125139713287,2.39675188064575,2.79503273963928,-249.779635456773,123.030421670255,14.1951650765646,4.28151988983154,-4.28980207443237,-6.92124557495117,197.733074886899,25.317653441783,163.447301102619
113.4,-0.350160151720047,1.47482705116272,1.1774069070816,-241.534640902084,123.021200914876,18.0075632278541,2.19907140731812,-4.07836723327637,-7.05768585205078,172.025622549183,9.38883608970747,142.518973108296
113.405,-0.23131151497364,0.890577018260956,-0.0084280176088213,-210.79661763687,106.72614540441,19.6678319509225,-1.23653542995453,-3.57807302474976,-7.30432176589966,146.496834299777,-22.9946804918523,117.939581153522
113.41,-0.268792778253555,-0.280790686607361,-1.24345076084137,-168.366048173025,87.5817193873218,19.0502445386226,-3.78246521949768,-2.81049299240112,-7.22327566146851,126.6381002691,-52.3186240799886,97.638988525058
113.415,-0.436554193496704,-1.97974216938019,-1.98304855823517,-117.313211825496,67.7819162288036,15.8737506594396,-4.68225288391113,-1.76319396495819,-7.29377794265747,108.113992032432,-84.5457003012511,76.7758068750389
113.42,-0.677245259284973,-4.05166482925415,-1.09254419803619,-61.4109206766908,50.0004032341729,9.34970422840518,-2.56540632247925,-0.380902737379074,-8.48588943481445,82.272497232255,-133.333393203005,45.2829145178502
113.425,-0.889060735702515,-6.12297248840332,1.07789182662964,-8.12549100364971,34.5711732387488,1.61859955321111,1.76336085796356,0.973860442638397,-10.6799182891846,55.9875558153093,-169.434521985647,16.4870299299205
113.43,-0.894475936889648,-7.94254875183105,3.29852986335754,36.61231038541,22.5427456574928,-5.56455084794116,5.64651155471802,2.03561305999756,-11.242299079895,28.3706216422791,-185.107647791049,-6.6756467485311
113.435,-0.64488673210144,-9.48763751983643,5.18376874923706,70.5854151849595,15.4903243300026,-11.5599816183516,8.78675365447998,2.70687508583069,-10.4956912994385,0.273248334492119,-181.411736808506,-24.2726088855617
113.44,-0.0402714684605598,-10.7584056854248,6.02854442596436,88.5221954548975,18.0674076378145,-15.0367690332625,11.2180776596069,2.76510810852051,-10.217399597168,-25.5478837507785,-162.481689938898,-37.0619519837557
113.445,0.650124251842499,-11.8200511932373,5.23065805435181,93.2676264751148,26.1856953532108,-16.842151955437,12.8671655654907,2.80066990852356,-10.552809715271,-47.9849407686018,-145.46247045187,-50.5359686122774
113.45,0.995106220245361,-12.3757820129395,3.76894640922546,93.6441679738684,39.4650037790629,-18.667637831886,13.9309844970703,2.99993896484375,-10.8855180740356,-68.4473405785029,-125.376482367128,-63.8046219430243
113.455,0.867639064788818,-12.1264905929565,1.97826600074768,91.91732539696,55.307023087166,-20.2207255189513,14.4955902099609,3.37845540046692,-11.172646522522,-86.9852457972937,-100.865740643701,-76.2114693250557
113.46,0.106084987521172,-9.97314453125,0.442444771528244,89.8368975870983,61.9664950939688,-18.4449121932411,14.7656221389771,3.82236456871033,-11.830493927002,-102.42330381222,-70.5705731838931,-85.5830626022035
113.465,-0.610438048839569,-6.31984949111938,-0.961996793746948,81.3945037352065,57.3942571805356,-13.892085677429,13.9130773544312,3.59856081008911,-11.8671550750732,-113.526391025101,-35.5935979159863,-87.5778056889274
113.47,-1.16710019111633,-2.49708604812622,-1.74913311004639,65.8617451474379,46.1540129389315,-7.62964829821076,12.16419506073,3.56336426734924,-11.7283697128296,-123.250039572828,8.26534254200031,-83.1209774818998
113.475,-1.44401776790619,0.911547005176544,-1.80711030960083,43.572495130801,31.5861073638864,-0.286882859498919,9.61536312103271,3.7659740447998,-11.4122915267944,-133.658564849011,63.4667119942163,-72.2961726663726
113.48,-0.837869644165039,2.85371947288513,-1.73171877861023,20.9733918749192,29.5301077255913,5.6099173912952,6.63960313796997,2.19795274734497,-9.72222328186035,-153.483489443296,135.923291653247,-54.8406611857321
113.485,0.0469666458666325,3.75966787338257,-2.72124648094177,5.59838504376846,40.5059655897079,10.443172264521,0.184051096439362,-5.300048828125,0.782879590988159,-158.487504595301,214.617917232196,-37.7470267876971
113.49,1.40851855278015,3.70388841629028,-4.11997842788696,-5.7133042572144,50.6807481321141,15.2766982108794,-6.60182237625122,-19.6896362304688,11.7923622131348,-163.139122967268,274.228133666293,-31.1969231849791
113.495,3.40384602546692,2.51345896720886,-5.47544479370117,-14.6061324362824,52.2162053933843,20.1986179041552,-12.2539033889771,-41.3767395019531,18.5046463012695,-173.924415138447,299.958576420755,-41.6885001463743
113.5,6.50205326080322,-2.67020463943481,-4.46326780319214,-24.7161903985663,36.2378828302045,16.688585397233,-20.0077800750732,-61.6412162780762,12.9381971359253,-170.493979948564,285.140617620196,-78.9189836328054
113.505,8.09104919433594,-9.22622394561768,-2.05721282958984,-15.4408669302225,14.1446694880307,1.32863401056027,-19.9822673797607,-52.6089820861816,6.28111553192139,-143.439518683874,190.366292395311,-114.014100682786
113.51,8.22964763641357,-19.6850929260254,3.40902090072632,24.62553500526,-17.7846617118381,-22.9478049035785,-12.6095962524414,-31.2907161712646,0.598768651485443,-122.674077040878,74.2785189597529,-137.833504318802
113.515,6.87585926055908,-36.2998275756836,13.4490299224854,106.446189610709,-63.1141239688819,-54.3518655279693,2.21603798866272,-10.4733219146729,-2.40530157089233,-132.391032003218,-17.752641785009,-142.41187574211
113.52,1.79043209552765,-50.9435386657715,19.5106620788574,199.479158106699,-120.059972400217,-96.1652727587902,6.18400621414185,-7.16266918182373,-1.86156964302063,-143.021797974614,-18.8198007862156,-142.805718110032
113.525,-8.55094814300537,-59.2716331481934,19.9556980133057,268.600112431716,-133.623484997433,-97.705999511005,10.5486526489258,-4.70952796936035,-3.41188883781433,-158.618698868878,-21.0951980534826,-153.658724776642
113.53,-19.662769317627,-56.7445373535156,12.0117330551147,282.150060273241,-105.330771907922,-50.1509064525342,14.422815322876,-1.88348186016083,-5.50883674621582,-175.302856595982,-16.1723357941013,-168.888024889776
113.535,-25.9686584472656,-36.823673248291,-8.4498233795166,196.077559975493,-33.8796029249067,61.3621053146927,16.6541271209717,2.89006209373474,-6.25026369094849,-188.284491717427,7.06451161609473,-181.18762464146
113.54,-16.4392528533936,-8.81360912322998,-19.4590740203857,68.8333077383112,65.2215720071001,104.390049953536,16.6773242950439,6.70649576187134,-10.7696342468262,-198.333858326293,33.2086836880201,-179.950322212934
113.545,-5.1914324760437,9.1077938079834,-17.2336883544922,1.71105192659934,115.628805213901,108.508059796596,15.2906341552734,8.2536563873291,-14.2302675247192,-203.670421728607,53.7238159734083,-176.026747364977
113.55,4.96748065948486,15.4193906784058,-7.3933277130127,-15.032230372559,126.230980013432,82.969647810649,13.0827398300171,7.88777256011963,-16.4165534973145,-205.803926938509,66.2616595535313,-170.659653017072
113.555,10.0897130966187,7.93038082122803,-0.182332366704941,-5.21645324509922,117.716438873337,39.0728552980558,10.9985799789429,6.22054815292358,-17.2949542999268,-207.445194075307,66.4317244336755,-164.909589962405
113.56,10.5068235397339,4.62456846237183,4.81131267547607,-5.85165742281582,88.5560663629916,8.1106771771136,7.63139677047729,3.03498888015747,-16.2466907501221,-198.812053530464,69.2581523348751,-155.581286424217
113.565,11.8335866928101,6.81177282333374,4.99872589111328,5.01090254400909,25.5116769179883,-16.0828551933323,5.58542203903198,0.812222242355347,-14.8848152160645,-190.385703792933,61.6592731851016,-143.071344166853
113.57,13.085765838623,11.5993194580078,2.25727701187134,36.3708905190067,-45.6511880726135,-29.6031395232916,5.21756410598755,-0.433817028999329,-13.600133895874,-183.060885983606,48.8096963561646,-128.487797458609
113.575,9.35161209106445,10.3322515487671,2.72355532646179,108.291194460259,-45.9023853548137,-17.8788670959655,6.77166318893433,-1.47602701187134,-12.949987411499,-175.729224324731,50.0424328032306,-114.721346280773
113.58,2.10245013237,10.3327684402466,0.409101873636246,60.440951852279,60.713216852974,6.07323302835926,7.09484910964966,-3.61888861656189,-12.4674606323242,-165.230677155288,49.5755142413794,-95.1212305328295
113.585,-3.03878903388977,8.26751899719238,-3.52561354637146,-30.1152705223538,154.620360770266,16.7446595427715,7.28587341308594,-6.31496667861938,-12.7629375457764,-157.121152572596,39.8936186400487,-83.1889173735739
113.59,-5.04303646087646,3.38190650939941,-7.46752834320068,-129.414339940278,205.669262928833,9.61026143108918,7.522132396698,-9.41300010681152,-13.5928544998169,-152.0833279842,21.1881654658229,-81.9432069821795
113.595,-4.73089551925659,-4.51215887069702,-5.04948806762695,-156.026245927887,192.736231433522,-10.938831408626,7.53272390365601,-12.7545318603516,-13.210205078125,-147.747059446212,1.86776773561923,-91.970395966811
113.6,-5.81289529800415,-12.7641725540161,-2.76990222930908,-134.823426291199,168.027434714733,-26.5016240457224,7.55090713500977,-15.1617250442505,-12.4971036911011,-142.088643869829,-4.96830009283479,-102.389077734289
113.605,-7.60175371170044,-20.4357032775879,-1.72990751266479,-97.1493664144056,124.225991642953,-37.3013296235971,8.07273292541504,-15.4050970077515,-11.5157718658447,-134.724224623694,-5.20978057716694,-110.817503849328
113.61,-10.1487255096436,-27.339542388916,-2.16400933265686,-55.7796892532038,60.3724245643362,-42.653500008165,9.2183666229248,-13.2051181793213,-10.4165019989014,-125.892175309842,0.147694489828048,-115.987308183057
113.615,-15.5771617889404,-34.7038230895996,-2.61023116111755,-30.8424568576229,-6.31481340420803,-37.6595081587672,10.4590940475464,-10.247597694397,-10.2975645065308,-118.981594813299,17.6872136954022,-114.799019192015
113.62,-20.3671703338623,-34.0664100646973,-3.18185305595398,-49.6832024189284,-37.6651123289812,-17.9664898852803,10.9921436309814,-9.25575733184814,-10.4672088623047,-112.221087233198,38.8779558500895,-110.775539167068
113.625,-22.8070392608643,-29.3042907714844,-5.66221284866333,-96.6045495450704,-53.985401973336,-0.454623207489014,10.8842697143555,-9.39869594573975,-10.4808101654053,-105.350572626326,58.9725841241313,-105.368283306844
113.63,-21.9225158691406,-22.4300956726074,-10.7443342208862,-160.982668321755,-68.5788831917282,5.01838843133943,10.1761894226074,-10.2259225845337,-10.1324214935303,-98.2445326063038,74.9189926284142,-99.302658682333
113.635,-18.7884578704834,-16.9644832611084,-12.0521907806396,-172.632935649424,-143.017399332789,-16.4432467097934,9.60760307312012,-10.3874082565308,-10.0949630737305,-91.2243412339596,77.9753998291574,-93.2311396045686
113.64,-13.8576688766479,-15.1608800888062,-7.40127325057983,-123.741034551504,-207.089805672413,-39.1021670548789,8.74950504302979,-10.0186138153076,-10.0761432647705,-84.2948957549283,74.9353987428006,-87.6927236217128
113.645,-8.51792812347412,-15.343563079834,-0.207251712679863,-66.1214289396818,-249.523831211977,-53.6435544204714,7.56046915054321,-9.19988632202148,-9.84447956085205,-78.3796172544279,67.7435305656681,-82.8973229375278
113.65,-3.84875774383545,-16.300407409668,6.96697950363159,-40.479894757646,-260.022842834284,-52.156594917403,5.98725938796997,-7.96762800216675,-9.20270156860352,-74.2755409972748,57.6933101831554,-79.057486208795
113.655,0.559104084968567,-13.3464527130127,8.20112228393555,-50.6522559979914,-246.549994168111,-39.3186635610008,5.07960033416748,-7.05426645278931,-9.59046649932861,-68.3909505367153,29.5085311580032,-71.9597038874795
113.66,4.60598659515381,-9.83691024780273,6.27861547470093,-84.1777511804734,-234.001297417396,-33.1679518549047,5.42118167877197,-6.92341375350952,-10.4057178497314,-62.963757354304,2.31617157562127,-65.1098779236029
113.665,7.74968719482422,-6.98781967163086,3.64080023765564,-119.074949838874,-222.248727516339,-28.4906707546785,6.92128944396973,-7.44720268249512,-11.5545568466187,-58.1271979501805,-18.9698002781255,-59.1482907405299
113.67,9.23950099945068,-6.37782764434814,3.29998087882996,-127.831662166181,-211.192536382299,-18.8494984487268,9.55506706237793,-8.51533794403076,-12.9446725845337,-54.0940736981255,-27.7210860201365,-54.9477551368233
113.675,8.74453163146973,-6.38269233703613,3.80609607696533,-141.081546137089,-152.822532037314,-4.0061906817235,11.4660682678223,-9.47748470306396,-12.9477586746216,-48.4063087988782,-13.7410266524241,-50.6184397314107
113.68,8.03646087646484,-7.2297248840332,4.00260066986084,-157.679821065568,-86.1835523434635,8.13737980167376,12.1977863311768,-10.2067413330078,-12.8708028793335,-42.4338479546465,3.33215943989632,-45.7557719291847
113.685,7.07210159301758,-8.64003753662109,3.82162380218506,-175.341296900631,-19.1297940443385,15.9822260162905,11.8719425201416,-10.8769226074219,-12.6893434524536,-36.163560126751,20.9307954001604,-40.5083083445932
113.69,5.55615520477295,-10.1205749511719,3.21657514572144,-189.968556819563,37.6108225703633,16.8779626372553,10.6558961868286,-11.8245010375977,-12.2084493637085,-29.3950134139976,36.3122977412118,-35.1596042810291
113.695,4.5613489151001,-11.342077255249,2.43517208099365,-203.934203634353,87.4356216409752,11.7178426579963,9.68386173248291,-13.0146265029907,-11.5050039291382,-21.9466426052272,47.4091831423264,-31.2972996450216
113.7,3.56193208694458,-12.3083000183105,2.0044891834259,-217.013209932606,128.350182807212,6.20789020784607,9.04962348937988,-14.0078802108765,-10.6851539611816,-13.7950782081946,57.3905757085729,-28.1183025015078
113.705,2.27404761314392,-13.2012815475464,1.8609801530838,-228.661756052604,159.550418633938,1.1636099167453,8.64586925506592,-14.7055339813232,-9.76568222045898,-5.66162320397267,65.5260618402993,-25.4522423193781
113.71,0.0368859507143497,-14.5425615310669,1.65422558784485,-237.249544141358,178.539218790787,-3.07521113841502,8.14727210998535,-14.9533004760742,-8.74776363372803,0.345240769499874,68.3706170635562,-23.1421425684856
113.715,-2.19281077384949,-15.8497257232666,1.40660464763641,-243.045861237084,193.629907044905,-3.98462051743778,7.61931848526001,-15.1580457687378,-8.05235576629639,3.77437064619869,65.5337321427372,-20.3276196870093
113.72,-4.04366302490234,-16.9152584075928,1.32026314735413,-248.101239411647,212.403569903277,-1.36112105829549,6.7959041595459,-15.5594034194946,-7.21931219100952,5.69373235014772,60.4717560054357,-17.5596906485035
113.725,-5.28616857528687,-17.637845993042,1.47552132606506,-252.602252112416,234.532412927257,4.45819808684296,5.73905658721924,-16.2214317321777,-6.20152282714844,6.41403684294128,54.4263384955845,-15.2273654620517
113.73,-5.22069501876831,-17.7522258758545,2.04506063461304,-255.369216386701,250.905578481071,11.6967587178021,5.0043420791626,-17.203441619873,-5.23928594589233,6.3173085576892,49.7355182528761,-14.5949787373677
113.735,-4.64554834365845,-16.8654308319092,2.51597619056702,-249.448753772621,239.685080316357,10.794701610534,4.29193449020386,-18.4088306427002,-4.15380477905273,6.69548930184364,45.0290500467791,-13.81312783685
113.74,-4.84442329406738,-15.7824783325195,2.42695713043213,-238.488458494528,198.743396468927,3.2446341942206,3.68197870254517,-19.737979888916,-3.0295422077179,7.37234226557168,40.394384204332,-14.0943318476213
113.745,-6.07001447677612,-14.9252872467041,1.76289808750153,-224.331730307518,133.291551464149,-9.47181178906573,3.12531161308289,-21.1359024047852,-1.87551712989807,8.17492791286226,36.205200375026,-15.9353692110369
113.75,-6.62021350860596,-15.5044860839844,1.81153988838196,-212.955189641026,98.2985115913144,-17.9442473742481,1.9826283454895,-22.4056797027588,-0.541299998760223,8.12970352282032,35.1924267550856,-19.7102542558574
113.755,-6.38262176513672,-16.20751953125,1.83585917949677,-196.895434147467,58.7402893904591,-27.5772729720673,0.48845499753952,-23.2482852935791,1.04290497303009,7.65382119145708,36.3862925955851,-24.8303228595972
113.76,-5.49330425262451,-16.7333126068115,1.87113881111145,-180.580011012895,26.8606973356737,-34.8744336378974,-1.34949445724487,-23.7068996429443,2.66829085350037,6.87432670620302,38.7929643911524,-31.1188951039009
113.765,-4.01016044616699,-16.8585987091064,1.95703423023224,-165.836924746018,9.24264442825981,-37.9226514418257,-3.54273533821106,-23.7617473602295,4.21375703811646,5.79183947983849,41.603238894965,-38.4976133510628
113.77,-2.33447360992432,-15.6019506454468,2.46118927001953,-143.763638480748,0.383750149772773,-37.8387425678721,-6.02804946899414,-23.0305557250977,5.44197082519531,3.51417074778564,38.4800358592337,-46.0660435175163
113.775,-0.307308197021484,-13.9633178710938,2.84511828422546,-122.83279697681,-5.43959040264166,-37.1314354981822,-7.90296697616577,-21.9148578643799,6.36978960037231,0.987966693039952,31.6712627473635,-51.8460296309371
113.78,1.45814597606659,-12.4124574661255,3.18621301651001,-104.381232179318,-4.9486799475571,-35.3688812771983,-9.17348289489746,-20.560619354248,7.10590553283691,-2.29737831011998,23.3486123569059,-56.3310801796151
113.785,2.4578161239624,-11.3286294937134,3.54344820976257,-89.6247177605318,4.85264193829802,-32.1427472906749,-9.80736351013184,-19.069408416748,7.72509145736694,-6.7947426226545,15.1478996261532,-59.8347110917378
113.79,2.46087789535522,-10.2143564224243,4.25387620925903,-72.267342437886,21.3001822757584,-29.4004399992932,-10.4174365997314,-17.7119541168213,8.32857513427734,-14.060343118764,12.0058691739748,-64.3644857191011
113.795,2.72114729881287,-9.10836124420166,5.08448600769043,-54.3275261488619,39.1062856589484,-26.7084848624727,-10.8792953491211,-16.7846355438232,8.72225284576416,-21.9380451046095,13.1834663576449,-70.4123450215806
113.8,3.05743813514709,-8.22144985198975,5.8867883682251,-36.9120839729873,59.9204231356323,-23.5635789006537,-11.2744216918945,-15.9727916717529,8.93272876739502,-29.7872677629368,16.2205398541687,-77.759647813655
113.805,3.24795413017273,-7.83533477783203,6.47204065322876,-21.4519644470417,86.0463953147405,-19.2985167923107,-11.7000579833984,-14.8899574279785,8.97933578491211,-36.8009977763262,18.1691672111639,-86.2316300450312
113.81,3.05675077438354,-7.29519367218018,7.01491641998291,-3.06836237966821,111.969517705688,-15.5055266235478,-12.2079982757568,-13.9549217224121,8.64375019073486,-40.6394752974141,20.2832695611811,-92.1780815289035
113.815,2.38515090942383,-6.53715467453003,6.877281665802,17.4594490846971,133.321822862551,-12.9529585722144,-12.8239526748657,-13.1407432556152,8.20990085601807,-44.6825784558465,24.3495953627915,-100.539189299483
113.82,1.32979786396027,-5.66294956207275,6.14862966537476,39.2575060471725,150.225707775253,-11.1172359497467,-13.3567600250244,-12.3823232650757,7.53293466567993,-49.0073449552718,28.3501361974109,-110.59052300283
113.825,0.0437977910041809,-4.85982894897461,5.00349044799805,60.8856176578143,162.904560610791,-9.00089500522909,-13.432767868042,-11.5650186538696,6.2829122543335,-53.4336148959528,28.2662887951598,-120.61739779876
113.83,-1.18158853054047,-4.52367496490479,4.05259084701538,83.1009581974425,167.122584913868,-5.57203118574279,-13.1726713180542,-10.8320569992065,4.97310638427734,-58.7833878841219,25.1626303457385,-130.789776114578
113.835,-2.33054780960083,-4.44480133056641,3.33564901351929,104.816998248364,161.908227256183,-1.74895648828515,-12.7902383804321,-10.2035074234009,3.80856847763062,-64.8780066616593,20.1620695619065,-140.452922846637
113.84,-3.37232899665833,-4.54755973815918,2.78648614883423,123.939314943109,148.97389802493,1.78437987703325,-12.2865810394287,-9.74696350097656,2.77621459960938,-71.3381020314949,13.4555264526648,-149.259113064291
113.845,-4.21348190307617,-4.70464372634888,2.2133948802948,134.534290723255,132.952514534128,3.34589708475133,-11.5761728286743,-9.66740322113037,1.7754385471344,-77.1582974685596,5.03497597262563,-156.356936366742
113.85,-4.68422698974609,-4.74199199676514,1.35520875453949,148.847566846042,101.799850974971,4.41927966895223,-10.4105501174927,-9.98537349700928,1.57750916481018,-81.9308306794034,-3.30302996374668,-161.425305561107
113.855,-4.77037954330444,-4.68600606918335,0.365607559680939,161.510464359678,68.5668074172756,4.86772769174046,-9.00799465179443,-10.455846786499,1.62082922458649,-84.970018973249,-11.8749737211733,-165.164506282608
113.86,-4.49253845214844,-4.52794647216797,-0.584172308444977,171.227023171047,37.1538180280924,4.82867608516092,-7.51671028137207,-10.9864015579224,1.76941955089569,-85.6690341932864,-20.6461097004597,-167.497179808708
113.865,-3.96101474761963,-4.20063018798828,-0.848707914352417,177.318103910594,12.7119724228234,5.08028787446631,-6.41003370285034,-11.3907699584961,1.95030653476715,-81.8816942985144,-29.1378158106116,-167.361901082007
113.87,-3.41892766952515,-3.7225067615509,-0.676212012767792,182.180665844888,-4.93186359493371,5.61069944795517,-5.88588953018188,-11.4724655151367,2.25238442420959,-76.8188780479449,-30.0830730106063,-164.537057784694
113.875,-2.94375705718994,-3.10248875617981,-0.612197756767273,187.157032391133,-20.2397971146612,5.89725576571483,-5.48115158081055,-11.3182287216187,2.7738139629364,-73.6643961609096,-23.2066895636895,-160.630517428527
113.88,-2.5493950843811,-2.33773875236511,-0.888349294662476,192.741463358427,-35.3784811080768,5.64313345500262,-5.06316041946411,-10.9077920913696,3.44630360603333,-73.3417243641398,-8.97491894204188,-156.128166010682
113.885,-2.11717534065247,-1.41652536392212,-1.83085930347443,199.168193254167,-55.9943245327768,3.97200473115394,-4.81439018249512,-9.8994665145874,3.39874053001404,-74.0061515062203,6.16995448342217,-150.765893776331
113.89,-1.60628831386566,-0.58690482378006,-2.41732716560364,204.71922459642,-75.3470679044556,1.50238655252599,-4.13967609405518,-8.50578689575195,2.57969856262207,-77.4963235305835,10.4896679235222,-148.046057807319
113.895,-1.13443171977997,0.0642351657152176,-2.41829943656921,207.314833084808,-90.8745877371308,-1.16116396197049,-2.86123466491699,-7.05944061279297,1.31321156024933,-85.0514621489122,2.8285589202207,-147.058576377875
113.9,-0.774187684059143,0.475815802812576,-1.70955300331116,205.690873647367,-100.940654158518,-3.69636262880115,-0.874995529651642,-5.74961853027344,-0.307239770889282,-97.568323387905,-18.4878877434988,-147.628104871627
113.905,-0.674869775772095,0.552335917949677,-0.820371270179749,199.806105601889,-104.258097528961,-5.85144056430967,1.3996239900589,-4.87390422821045,-3.22989082336426,-115.351171684518,-60.6413222817705,-153.5127499737
113.91,-0.622007668018341,0.553671419620514,0.37719789147377,195.931093398931,-101.098493000048,-7.86208817340275,3.13137173652649,-4.94452476501465,-5.83351278305054,-131.137992818844,-97.4038524326911,-157.77189201558
113.915,-0.653071343898773,0.423840224742889,1.319580078125,194.154998327917,-92.423565357863,-9.52624668920344,3.86836171150208,-5.86175584793091,-7.63368701934814,-144.482215362568,-122.724210629385,-158.680962873352
113.92,-0.803022146224976,0.110254615545273,1.54259240627289,194.677248252235,-78.6611098406916,-10.6618834594812,3.19002628326416,-7.59805870056152,-8.19566440582275,-154.878869769973,-131.085536966018,-154.6622161695
113.925,-1.24737167358398,-0.719194829463959,1.21529686450958,197.690864317828,-64.360947681111,-11.649058384186,1.28949522972107,-10.6336755752563,-8.41960716247559,-148.801572352171,-96.3715171509679,-142.241503503454
113.93,-1.93312585353851,-1.91576361656189,0.768333554267883,198.859209156494,-59.0522856015562,-12.9005257712771,-1.54834759235382,-14.4572887420654,-8.79110431671143,-137.376564663329,-61.734856058457,-127.283840013611
113.935,-2.82854247093201,-3.81023073196411,0.652111768722534,198.172201409017,-63.5435584525681,-14.0949320504946,-5.02606391906738,-19.0324096679688,-9.22309398651123,-122.506819368482,-36.6911068627698,-110.169708217877
113.94,-3.90986824035645,-6.87187528610229,1.45797216892242,195.474426951024,-79.6043521348812,-14.824133291569,-8.81917095184326,-24.371000289917,-9.6108455657959,-106.318212356231,-33.9336024004848,-91.2112819122666
113.945,-5.09399938583374,-12.8388643264771,3.90444040298462,197.416782486814,-92.4082930548788,-15.2037210546924,-9.85970211029053,-26.4235363006592,-9.22255420684814,-85.0924569443106,-47.9466985394389,-82.1693955267337
113.95,-6.90360403060913,-20.4437007904053,4.74146127700806,200.867366734748,-108.193693509857,-15.8478266764448,-9.52854824066162,-25.3063220977783,-8.71064567565918,-58.7943503377398,-72.8240370061879,-82.8389248201241
113.955,-8.93736362457275,-28.1103096008301,3.18394637107849,201.277765481217,-123.694425340607,-15.609999489545,-8.10064125061035,-21.290376663208,-8.32730388641357,-32.7709949207219,-106.232807670849,-87.5342632329685
113.96,-10.4034605026245,-32.9923706054688,-2.16558599472046,190.039467843526,-132.035452355027,-12.1605336850878,-5.83609867095947,-14.5718288421631,-8.49520587921143,-17.1863951971529,-145.272741457105,-85.9280759477483
113.965,-8.28455448150635,-30.1449604034424,-5.37131834030151,175.88467943024,-118.426491679073,4.5770049585871,-4.16482782363892,-11.7598667144775,-10.2007293701172,-12.3470789579256,-168.885156210325,-81.7319424009618
113.97,-5.56810808181763,-25.5105628967285,-6.01100778579712,180.131513471236,-106.499444595668,26.3165873909176,-2.79921650886536,-10.6114559173584,-11.9328632354736,-7.51316795965265,-194.008176581519,-75.2571279734649
113.975,-3.0695698261261,-20.6545143127441,-4.43692398071289,201.319894088018,-104.196236505648,48.4837016723637,-1.62914264202118,-10.5456295013428,-13.2045631408691,-0.905317455379684,-217.263645648713,-66.6926854712942
113.98,-2.09461975097656,-17.9494705200195,-1.62614595890045,228.990342793195,-126.902182703169,60.8226433136668,-0.456613123416901,-10.7863645553589,-13.1065664291382,8.90859780520106,-222.49510610008,-56.2854032895407
113.985,-1.14182889461517,-16.1852054595947,0.948222577571869,246.415056950868,-147.945599385006,65.3447339782138,0.808857858181,-10.7764539718628,-11.7544403076172,20.2857420896606,-206.858303240684,-42.5330086410168
113.99,0.21652452647686,-14.9542655944824,3.02609419822693,256.505131487188,-153.434844836027,67.6451416906741,2.29214859008789,-10.5717515945435,-10.6220169067383,31.538743417087,-191.312956614275,-26.3928823114939
113.995,2.01267075538635,-14.2325592041016,4.56383371353149,259.835531726486,-141.00985647156,69.1691139888549,4.0536937713623,-10.2672548294067,-10.1104698181152,42.4970647705096,-180.905729074035,-8.32850983899188
114.0,3.96929669380188,-14.3150930404663,5.61789846420288,256.178375237294,-113.548794045579,71.0659599742049,6.25064086914063,-10.2504396438599,-10.6181135177612,54.0522285441754,-178.227980730688,10.45454709081
114.005,5.0380163192749,-14.6614723205566,6.25189208984375,247.792214332839,-87.3193035194099,72.9944980373039,8.82017993927002,-10.508189201355,-11.333399772644,69.3859588346244,-173.48848514486,27.5812549723534
114.01,5.76674318313599,-15.3009872436523,6.79122495651245,236.861971887094,-65.5382878789136,73.3195467399048,11.6295623779297,-10.6299114227295,-12.0640602111816,87.8719751062906,-159.627558790424,43.0972334928786
114.015,6.23619985580444,-16.1912097930908,7.25656509399414,224.222652186473,-49.8394908075166,71.3265658419868,14.5276098251343,-10.3837652206421,-12.7683744430542,108.518004552028,-133.710187418757,57.0228895500782
114.02,5.67039823532104,-16.8388919830322,6.94204187393188,211.182168155139,-43.3342273966997,66.1970596243614,16.6100177764893,-9.07814407348633,-13.6374750137329,124.319975045932,-93.9510483732771,69.7986661850333
114.025,4.51055669784546,-17.1490688323975,6.23444223403931,198.973355277903,-40.4590900014341,60.4144302277318,17.6320171356201,-7.40284490585327,-14.1623134613037,139.981926661852,-51.7145689799819,83.0045364169295
114.03,3.04031944274902,-17.2838478088379,5.4734148979187,189.160627403021,-39.4418187019253,54.008641691987,17.9685688018799,-5.94635438919067,-14.2868385314941,154.417913963267,-8.25633949890058,97.2960515570208
114.035,1.42564678192139,-17.3441715240479,4.84550905227661,182.758240301483,-39.4640475525791,47.0295031716492,17.7609405517578,-4.99634265899658,-13.9476652145386,166.920083465355,35.4718258883688,113.034009518024
114.04,0.269615650177002,-17.7824192047119,4.53539371490479,180.764002648757,-40.7738660995233,40.71180358563,16.675271987915,-3.92145299911499,-12.9366703033447,176.290078478237,73.0435046445987,129.399108618429
114.045,-0.159353226423264,-18.2594985961914,4.26960897445679,179.561042411378,-40.816701630903,36.1792729769366,15.1159896850586,-3.3335747718811,-12.2251348495483,183.260054299803,96.310257184302,141.967189446008
114.05,0.0597288087010384,-18.4898719787598,4.0472936630249,177.588360835673,-35.7685976078058,31.7673156976614,13.2607431411743,-3.11514973640442,-11.6243352890015,190.771568499903,114.803363192327,156.167521560679
114.055,0.903651714324951,-18.2311668395996,3.87042260169983,173.55645918748,-22.2743141004694,26.1584326531387,11.2328052520752,-3.19523048400879,-10.9908409118652,201.198999739708,135.816658739924,176.421259091436
114.06,0.737692356109619,-17.1161670684814,3.77824521064758,167.741413713049,3.25307652147815,26.4359620221365,9.69734859466553,-3.15579128265381,-10.8315839767456,209.678119518767,140.574677798782,196.77254538392
114.065,0.103459864854813,-15.4390592575073,3.62997126579285,164.628609640329,25.4085820426561,26.3364222602673,8.41984176635742,-2.90984177589417,-10.9356908798218,216.919745624003,139.543988592649,216.930646605919
114.07,-0.594751715660095,-13.5963563919067,3.54793620109558,162.297493397361,43.0758310951144,25.3736165967475,7.36024618148804,-2.48669147491455,-11.0117855072021,223.100137917138,134.176757640961,236.61512885049
114.075,-0.853904545307159,-12.0735006332397,3.6909384727478,158.395133116966,54.5069518032636,22.8702856715934,6.48501682281494,-1.90953409671783,-10.6916255950928,228.359110370481,125.963946937641,255.437190429321
114.08,-0.502873361110687,-11.2298145294189,3.51229071617126,150.079118255287,52.3867005754461,20.2553784837053,6.04984426498413,-1.37669324874878,-10.1465921401978,232.845656730587,114.562517061814,273.057931016173
114.085,-0.303009778261185,-10.8750143051147,3.3597571849823,140.209126074403,40.0338799897495,19.6482890721598,5.75703096389771,-0.89500367641449,-9.55515480041504,236.664716023864,102.982559701461,289.040054579626
114.09,-0.33039003610611,-10.8094310760498,3.38707852363586,130.332699855321,21.2876352182531,20.4645274138276,5.57961988449097,-0.598528742790222,-8.83926010131836,239.592954724832,90.3817622677577,303.312117340961
114.095,-0.672936677932739,-10.7052183151245,3.86787581443787,123.080364013467,2.3997818422421,21.523355291794,5.51002025604248,-0.760059833526611,-7.81912660598755,241.102371889892,74.7398231061064,315.604545394017
114.1,-0.918448150157928,-10.1808547973633,4.45098733901978,114.610546952057,-9.98630517980705,20.4399045818697,5.94257211685181,-1.21485579013824,-7.34187841415405,243.77928695016,62.0449876279106,325.684702495662
114.105,-1.00531876087189,-9.51519012451172,4.91213369369507,101.424149589485,-15.0515717607412,17.2048025569661,6.59519529342651,-1.79819762706757,-7.53720712661743,246.940790271662,45.9727875296836,334.326312475075
114.11,-1.05373847484589,-8.63505554199219,5.30538177490234,82.9457626391215,-13.5293496985353,12.5305497918631,7.30176639556885,-2.41420388221741,-8.19274234771729,250.592427968004,26.3464933741985,341.736603271676
114.115,-1.43225717544556,-7.20670175552368,5.86339950561523,58.2927480752832,-7.25194225220364,8.36244734143038,7.68649387359619,-2.84681296348572,-8.68535709381104,255.043307080265,4.62870479484904,348.124879202388
114.12,-1.7862583398819,-5.6356897354126,6.11469411849976,28.5224840682851,0.152578728755055,3.77720432093059,7.86586570739746,-3.418123960495,-8.70089435577393,261.888167496615,-4.26987909925513,353.20364394467
114.125,-1.97322881221771,-4.1398983001709,6.19639015197754,-3.38373142355473,3.92640211938671,-0.420382295240976,8.33066844940186,-3.4829249382019,-7.87785530090332,266.45767333438,-7.7915707390906,355.559594755461
114.13,-1.80784499645233,-2.72811913490295,6.09942197799683,-36.5002543018868,3.06391678029217,-3.99217897552805,9.08917236328125,-3.02873420715332,-6.65640115737915,268.21297730956,-10.0982844237021,355.484954448211
114.135,-0.5677769780159,-1.2235015630722,5.64436531066895,-69.4887258608764,-2.36991534599234,-6.63169191990113,9.68918228149414,-2.64251279830933,-7.45211601257324,269.308676256213,-23.1699772969007,355.7562768828
114.14,1.02714872360229,-0.223960861563683,5.33712291717529,-92.3361662572435,-5.54305709639677,-8.02743936924595,10.1832313537598,-2.56222772598267,-7.08140468597412,272.177055179295,-25.3813330029623,355.119457365345
114.145,1.72031497955322,0.421671122312546,5.29153680801392,-105.935407574008,-6.85849347393328,-8.30457258727192,10.7740488052368,-2.87628841400146,-6.98512983322144,273.911376813345,-24.4359374916369,353.056931481298
114.15,1.11142349243164,0.776660919189453,5.51334428787231,-111.242157200595,-6.5174262701814,-7.6745422778516,11.4750690460205,-3.63283681869507,-7.53234195709229,273.626475962685,-21.6733855195552,349.02028968182
114.155,-0.320773273706436,1.01990628242493,5.66997241973877,-115.758688091158,-5.48569460642607,-7.76441732204522,11.8120889663696,-4.87529134750366,-7.64446544647217,272.518100184932,-7.41476457050663,340.401547175748
114.16,-1.07331013679504,1.2922078371048,5.71828985214233,-121.183702443224,-2.82867802164435,-9.07785416170221,12.0479869842529,-6.11739635467529,-7.55570697784424,268.303354372658,9.42387410637599,328.235395660068
114.165,-0.703717827796936,1.76691234111786,5.70912981033325,-128.582040408777,2.52380527096484,-12.0233851941013,12.2402219772339,-7.25407600402832,-7.55164337158203,261.29981500151,27.3645928341441,313.794599905477
114.17,0.962675988674164,2.50991439819336,5.68884086608887,-138.492071158575,11.7080413365373,-16.7139988235873,12.4178428649902,-8.20046043395996,-7.78098917007446,251.650834081789,45.869135993934,297.687702446266
114.175,1.744384765625,2.85812544822693,6.06625556945801,-148.51470440703,32.3149875860697,-19.6703847341248,12.6015529632568,-8.53254413604736,-8.12291431427002,241.709247858026,68.1872469749088,281.052913326483
114.18,1.23468434810638,3.0289614200592,6.50877046585083,-155.135329712929,55.7953098958356,-20.5670161098709,12.3031988143921,-8.57010936737061,-8.53286647796631,229.445397316458,90.8952080782351,266.146353312011
114.185,0.268443644046783,3.0438711643219,6.79569959640503,-160.152253922465,81.681248736942,-19.6664761583722,11.5129451751709,-8.46089267730713,-8.72225761413574,215.578637980471,112.491139252602,253.869662014803
114.19,-0.517801403999329,2.91037964820862,6.74186897277832,-164.898620678598,109.747786942278,-17.0677240754185,10.1928482055664,-8.31349182128906,-8.44789123535156,200.583367469058,131.711578444963,245.101365686664
114.195,-0.529575169086456,2.22575640678406,5.7769136428833,-174.771167350231,138.021512105896,-10.713764722643,7.09075212478638,-8.06975841522217,-7.7270679473877,185.890865583174,137.582904678155,234.399743332818
114.2,-0.3733189702034,1.63300347328186,4.41405010223389,-182.652276746699,156.832536099028,-1.92633916907303,3.99390888214111,-7.82834339141846,-7.40618896484375,171.843106234182,134.941752488381,220.045841244848
114.205,-0.106975175440311,1.11267101764679,2.9429931640625,-183.777960223809,163.179899196613,8.02498220869203,0.987732470035553,-7.60225296020508,-7.36580610275269,159.042935578606,125.819980210315,204.730562710442
114.21,0.205125048756599,0.645892143249512,1.71942269802094,-171.643104634906,152.334351096576,17.6346280689823,-1.81348609924316,-7.40900754928589,-7.47741746902466,148.343826734375,112.271944821758,191.760784797396
114.215,0.574062764644623,-0.573666036128998,-0.631338655948639,-143.165163645293,127.671221022577,22.983931481646,-4.19531774520874,-7.48770093917847,-7.3121862411499,127.27463291861,82.0515679333618,166.858803008122
114.22,0.933216989040375,-1.82666873931885,-2.70773530006409,-113.936236526248,103.942160298713,25.4998026341162,-5.72261810302734,-7.224036693573,-6.97840595245361,105.449849425912,48.5085055043346,139.236875966808
114.225,1.28008091449738,-3.18392848968506,-4.33850955963135,-86.8384855225977,84.4578640685248,25.1437021840011,-6.10608816146851,-6.59583854675293,-6.47567558288574,83.8524156099273,13.1226187636502,109.988202770873
114.23,1.61562359333038,-4.86631011962891,-5.29979801177979,-65.9158812267994,74.3852065145885,21.3900965935398,-4.72298240661621,-5.58737659454346,-5.77405261993408,63.3566298353632,-22.9013579096751,80.0430551852711
114.235,1.73457336425781,-7.23514699935913,-5.1564474105835,-52.1795716737709,77.0391926298129,14.7202819727862,-0.623124539852142,-3.90013670921326,-7.13971853256226,47.5288617169634,-65.7114058536168,51.3473404441615
114.24,1.66423547267914,-9.92388534545898,-4.42724180221558,-40.2343938532136,84.1451643479432,7.40192210731972,3.21534252166748,-1.99254250526428,-7.86804008483887,29.2062406457168,-96.3339716011003,28.294579438702
114.245,1.38379073143005,-12.6112194061279,-3.32018613815308,-30.0094162505969,92.4136137722423,0.678004811098545,6.22323322296143,-0.135794058442116,-7.68217945098877,8.18482997961149,-109.567025985893,11.6344545859669
114.25,0.803642988204956,-14.4956083297729,-2.21738600730896,-23.4165607863165,95.3897252691027,-2.60607767428199,7.75219106674194,1.04324042797089,-6.67718648910522,-13.7693232723818,-95.5960243027938,2.53135604509229
114.255,0.140417754650116,-14.7775039672852,-1.4076474905014,-15.3490726028722,94.7108454467385,-5.86428985768576,8.85237884521484,1.55009400844574,-6.73661851882935,-31.448574674759,-84.1148383080284,-9.58087198086426
114.26,-0.608180820941925,-14.2012767791748,-0.641802072525024,-10.9137432700309,88.4877098297781,-7.37262059578036,9.41971492767334,1.82460165023804,-6.97529649734497,-48.0535500188146,-74.693726159398,-25.1839422434963
114.265,-1.43775308132172,-12.9921855926514,0.158149495720863,-10.454757119127,77.0839303688765,-6.64093188518769,9.47807884216309,1.94083511829376,-7.18269395828247,-64.4745405571975,-66.7721547222873,-43.8508082640061
114.27,-2.3254714012146,-11.4570665359497,1.10703504085541,-10.4714962052354,64.085711548127,-3.10592436467846,9.24298667907715,1.80462765693665,-7.26153516769409,-81.6656417546885,-58.1640741415094,-63.106856647605
114.275,-3.22461533546448,-9.67089176177979,2.33029866218567,-3.81093947901493,55.7038400024708,1.44723853795025,9.07727718353271,1.5729683637619,-7.01029777526855,-95.1571095165396,-50.8610890318646,-78.0243381345605
114.28,-4.07056427001953,-7.76065540313721,3.83405232429504,10.0316081170244,48.7598837865477,5.76700576578997,9.25350379943848,1.46374714374542,-6.93299436569214,-105.198204766321,-44.6734225872641,-88.0594296480617
114.285,-4.81244945526123,-5.75124835968018,5.58078527450562,30.8393935177802,41.457564620347,9.44190836710576,9.84078121185303,1.5821897983551,-7.17866468429565,-112.310330484894,-38.9105051165792,-93.4957821141499
114.29,-5.23433256149292,-3.52358031272888,7.18347644805908,53.6949686694487,27.8078089320282,12.6803093733785,10.5569887161255,2.14029717445374,-7.51010847091675,-120.84172853186,-28.2908074667329,-99.3187506080176
114.295,-5.22337341308594,-0.874533653259277,7.42058324813843,64.4340716863652,11.1102256143373,17.6294559082333,10.6825075149536,2.37466287612915,-8.0359582901001,-127.385118058624,-13.8660600953703,-100.734396105962
114.3,-4.87036895751953,1.74499154090881,6.71056795120239,60.4734430621607,0.563271186698965,25.6279164923781,9.42603206634521,2.14170479774475,-7.48796844482422,-131.463601596957,9.03673898421967,-97.3638821656682
114.305,-4.21853971481323,4.05672836303711,5.26991653442383,40.1644219802614,2.21789966761678,37.3757001383748,6.22095537185669,1.209841132164,-5.21910953521729,-132.67714862755,42.7046478797646,-88.6505688603479
114.31,-3.52536273002625,5.36494779586792,3.96710443496704,13.071785934526,31.4553331469428,49.7072822508472,-0.232332438230515,-2.75805616378784,-2.70500946044922,-130.820238758277,75.4331624389436,-72.9598006763202
114.315,-2.24996089935303,7.23605108261108,1.61993145942688,-6.30815354288045,71.7335358334928,60.1254585843269,-10.0996503829956,-10.3383769989014,4.28780364990234,-122.063922581942,121.612105568346,-51.0537925740127
114.32,-0.447713315486908,9.00109577178955,-1.37105238437653,-18.3502594317231,114.619562801762,66.8407025007975,-19.708927154541,-23.5637397766113,10.8069496154785,-115.15612880258,154.450193437285,-35.5687940840154
114.325,1.86955809593201,10.121166229248,-4.72645902633667,-22.9036357777633,153.561148694159,68.2020070137052,-26.1216983795166,-44.3975563049316,12.8817386627197,-117.172701173891,151.806951209625,-36.955363466663
114.33,6.03012084960938,7.13658571243286,-8.07553195953369,-28.9553541371239,180.066845240174,43.8754140204911,-23.867769241333,-57.5613555908203,4.97191619873047,-117.301272654827,64.254082541357,-88.3229588368083
114.335,8.79147720336914,-1.82703602313995,-8.26150989532471,-25.77423792742,158.679159703411,-5.80584606339207,-17.1243515014648,-44.4880409240723,2.00786018371582,-99.1206068201955,-33.3717749450216,-135.729833375195
114.34,9.36167621612549,-15.5818433761597,-5.32681035995483,-8.03541020000735,85.5528185245587,-67.8909943498487,-6.924485206604,-21.4664268493652,1.49322760105133,-89.66522078231,-122.099494207139,-167.305961832704
114.345,6.57715082168579,-33.0039520263672,0.915324091911316,32.071177153457,-48.1232862502404,-127.062692148664,5.69978904724121,-8.19670391082764,0.480005174875259,-123.572725029976,-177.409109351095,-166.92004248422
114.35,-0.432885855436325,-53.578498840332,9.40062618255615,75.8256797501659,-104.921261086045,-143.177075495205,10.7469310760498,-6.34005784988403,-0.399252474308014,-147.639456646028,-175.503759780229,-166.525803965327
114.355,-13.0759906768799,-64.4462890625,14.0372219085693,155.688711639483,-141.873328986433,-135.950052334415,16.324010848999,-5.04318714141846,-2.09328508377075,-166.197312847384,-154.240902780737,-172.153633954607
114.36,-26.4919185638428,-61.5554466247559,11.8980121612549,245.845173287279,-160.867279105917,-92.4306004527081,21.3697757720947,-2.87996435165405,-3.65865397453308,-178.290777489917,-121.083544549235,-180.607714260169
114.365,-31.404972076416,-37.1340789794922,-2.63507723808289,295.048927162323,-157.586247473939,17.8156314970822,22.96413230896,1.80048775672913,-3.19438028335571,-180.97292447509,-84.9350552348877,-185.495588875527
114.37,-17.4191875457764,-7.59790754318237,-12.2113885879517,191.469873380267,-68.7521514305931,110.489811863519,24.1626071929932,5.11419296264648,-5.70026350021362,-185.032461068665,-20.9253653997702,-184.44057053557
114.375,-3.45782065391541,9.5903902053833,-12.1401472091675,75.8683616022893,-2.17722247601476,119.236675058042,24.7122898101807,5.77565097808838,-9.18679428100586,-184.859561660015,41.9701771477456,-176.45241841443
114.38,6.67544031143188,13.1955108642578,-4.65051412582397,-17.3322214434799,28.1365920405578,66.6554062988042,23.7024784088135,4.0107593536377,-12.5531120300293,-181.043630593378,100.85406785041,-162.611354250101
114.385,8.44848918914795,4.73906564712524,2.74133586883545,-37.1402601025899,17.3643438231465,37.0430699257952,18.4340629577637,0.723550081253052,-13.3092412948608,-177.008122605302,157.469000446647,-145.88792293527
114.39,12.2518081665039,4.82219219207764,3.81527328491211,-39.831600522385,-35.137904770036,7.65690160677275,11.7293434143066,-1.47637009620667,-13.0934524536133,-174.627227943663,195.55444944734,-135.032498381694
114.395,16.5263748168945,7.34164953231812,2.50826120376587,-1.33889284797192,-109.486095074418,-24.1200327047874,5.48931646347046,-2.51999092102051,-12.0187673568726,-167.368198516421,218.902276332491,-124.632579143865
114.4,18.8998870849609,10.1911430358887,0.678277254104614,71.5797814450867,-171.363667935582,-49.0651864122581,0.443145662546158,-2.72349119186401,-10.6185340881348,-155.343500218452,223.77853962626,-113.139679374673
114.405,9.86060905456543,9.64454078674316,3.05891919136047,123.31939331366,-80.5107660490661,-21.5230889144164,-1.90740692615509,-3.63138222694397,-11.2686834335327,-145.610794839886,188.966117275837,-98.7399876985073
114.41,3.8655641078949,9.58747482299805,2.99862575531006,55.6909309449394,48.866721605545,-7.91519374797325,-3.00967621803284,-6.27056407928467,-12.3692531585693,-139.04224289622,143.184752627832,-83.8774550834246
114.415,-0.66438752412796,8.04414939880371,0.447534084320068,-36.4565752421445,148.562611353869,-9.503625956446,-2.98816847801208,-9.32278251647949,-13.419150352478,-134.423081583188,95.9670948200223,-75.1975345729565
114.42,-3.88371157646179,4.33768129348755,-3.79065108299255,-113.552707743973,194.457862576094,-25.4500856871477,-1.88544011116028,-12.1366748809814,-14.1192770004272,-130.774818000296,51.7262622638409,-76.0095416124335
114.425,-3.05177664756775,-1.14198529720306,-2.52647233009338,-113.739342663044,188.587779437332,-41.7782454169737,0.0195075981318951,-13.0232925415039,-13.4675264358521,-123.122629224051,19.9118011854335,-92.9673167176877
114.43,-2.40544748306274,-7.59975290298462,-0.300660490989685,-101.385538530107,159.520994178994,-54.5292865218495,1.45500564575195,-12.9471645355225,-12.5152750015259,-115.487160750893,-8.10710413440404,-108.067533085698
114.435,-2.89720559120178,-15.8015232086182,0.358870625495911,-83.7993928514005,116.232307068585,-63.7792614506361,3.38406729698181,-12.233642578125,-11.7479019165039,-109.4692040166,-32.000290035156,-117.896100169265
114.44,-5.15581035614014,-25.8516216278076,-1.77539300918579,-65.203164647287,65.140333737112,-68.7946488676089,6.2441349029541,-11.0793943405151,-11.428071975708,-105.826609490719,-50.3495727498277,-120.443951974977
114.445,-10.3122615814209,-30.6078071594238,-3.21723961830139,-57.403033973619,50.7413182496738,-59.1508179105228,8.26697254180908,-10.5709886550903,-11.4878120422363,-101.376433887943,-44.8898371311159,-117.253133481557
114.45,-15.6149311065674,-30.0011520385742,-2.01761102676392,-61.1143128817938,43.0714187929105,-45.9894736818259,10.212779045105,-10.2159633636475,-11.6032114028931,-95.4785655396371,-34.1406937361196,-111.435950157916
114.455,-19.4201049804688,-26.030101776123,-1.58045649528503,-74.0641261518954,29.9350628112922,-27.4137053093711,12.0439939498901,-9.91527271270752,-11.7308731079102,-89.5027647329012,-18.6425283489498,-104.481649620495
114.46,-20.3278388977051,-20.0792713165283,-4.66172409057617,-95.0090856568471,1.29089038520678,-1.58224384364131,13.7237100601196,-9.59340763092041,-11.8370046615601,-84.5345056212015,1.46531890245692,-97.5059091192694
114.465,-18.2936267852783,-15.2911291122437,-7.24117136001587,-123.897199996687,-61.6009638601573,7.98031960170932,13.3821563720703,-9.36004638671875,-11.0577173233032,-79.2900814707906,25.1193457294209,-91.8774507525854
114.47,-15.2547101974487,-14.1615772247314,-5.434739112854,-126.756576730443,-116.635411173021,-1.50665317960142,12.2218570709229,-8.94672107696533,-10.3002490997314,-73.0003105282876,43.1051735877887,-87.7391757382581
114.475,-11.4957475662231,-14.7534408569336,-0.735299050807953,-114.599140536143,-158.136323588935,-18.1712350509351,10.4962120056152,-8.46896839141846,-9.71498489379883,-66.3099831419092,54.3332396021027,-84.3320793047698
114.48,-7.31900262832642,-14.7652521133423,5.20402717590332,-100.105253721134,-177.931058747089,-27.6495414961279,8.48011112213135,-8.06699371337891,-9.50411796569824,-59.9984170657647,56.9147881460844,-80.7588111989643
114.485,-2.62539935112,-12.3073434829712,7.05991888046265,-110.29509683066,-178.910371270286,-24.1289478092015,7.67054414749146,-8.46576118469238,-9.97185230255127,-54.7425830843453,51.9552306953873,-75.6089510176122
114.49,1.17255520820618,-9.69540786743164,6.48171663284302,-126.439341764252,-181.332930085863,-22.3452439074527,7.69380140304565,-9.19271850585938,-10.5517826080322,-49.363942301649,48.1126960419323,-70.3261138833092
114.495,3.59796166419983,-7.58134317398071,4.57347679138184,-142.277116109786,-182.571420967304,-20.8118459482173,8.07147884368896,-10.0896978378296,-11.0254554748535,-43.8312500173178,47.0632306457707,-64.8419705835983
114.5,3.75142669677734,-7.00897741317749,3.11347675323486,-147.884906324042,-175.390651847573,-15.1872876195494,7.97377490997314,-10.9246511459351,-11.0273942947388,-38.193120102769,51.3651160114765,-58.8538754363565
114.505,3.50434303283691,-7.27579641342163,2.44073390960693,-159.830415408774,-140.359608802197,-8.22818802046273,7.80021953582764,-11.4236354827881,-11.1482744216919,-31.4498485050392,50.8094118206043,-53.4915519755874
114.51,3.28875136375427,-7.8276743888855,2.17845010757446,-174.372666793296,-97.1544685657156,-3.18007311175153,7.68642234802246,-12.1640396118164,-11.3651371002197,-24.772913412076,49.175138797517,-49.348915885475
114.515,2.99244666099548,-8.65309047698975,2.18089938163757,-189.328117301848,-51.7175093764195,-0.26442517082749,7.67582654953003,-13.07421875,-11.5707492828369,-18.1131118486456,47.939793218188,-46.4532469415644
114.52,2.12457180023193,-9.94489574432373,2.18523669242859,-199.742584842608,-13.9774399901657,0.860778005245442,7.85487985610962,-13.7512226104736,-11.4604787826538,-10.9028696088722,50.0636439556981,-44.7813122553936
114.525,1.18098926544189,-11.0376348495483,1.90087842941284,-210.297918204811,17.8361254796868,-0.559780212981148,7.85677909851074,-13.8985242843628,-11.1648588180542,-6.08230394646387,50.7852466113208,-43.8120025442367
114.53,0.392633557319641,-12.0297832489014,1.53412771224976,-221.669773361532,46.4240991092813,-3.12415819499804,7.79129838943481,-13.9103746414185,-10.7835779190063,-0.891723511301507,49.4998528208485,-42.9412592929922
114.535,-0.217466428875923,-12.9635829925537,1.20826292037964,-233.630445466221,71.9628457744977,-6.25460357912708,7.65126848220825,-13.9210777282715,-10.2608957290649,4.90290700794744,46.2685381358397,-41.9230659179455
114.54,-0.772775590419769,-13.9377069473267,1.29227960109711,-244.441569412841,92.5745125385202,-8.65688057485035,7.29345607757568,-14.1631317138672,-9.23699569702148,9.63406122525209,41.9811020353231,-40.2134285875562
114.545,-1.40768373012543,-14.6670007705688,1.46711850166321,-251.79435001663,109.556446022869,-9.05130180130378,7.03687000274658,-14.5595865249634,-8.11113834381104,12.8010961462083,35.2368400601636,-38.2920656381804
114.55,-2.12852025032043,-15.2406969070435,1.72406709194183,-256.58559111561,122.21395451725,-7.72152629537848,6.86795330047607,-15.1426763534546,-6.96961641311646,14.7901821287521,29.5640127846312,-36.1295799356302
114.555,-2.78968930244446,-15.7140016555786,2.08048701286316,-259.091177710738,130.968412882131,-4.68381076107271,6.71629047393799,-15.9755268096924,-5.795166015625,15.672171286465,26.5122808483749,-33.6264556236985
114.56,-2.18754005432129,-16.3220748901367,2.67870450019836,-259.692507565266,142.182354065241,0.280806339015134,6.03391456604004,-17.4278259277344,-4.21630096435547,15.2464148596469,28.5084002182166,-30.1277424477782
114.565,-2.10662245750427,-16.5246047973633,3.0195677280426,-253.829992276104,146.321189155081,2.20519017967526,5.14549732208252,-19.2187747955322,-2.60993981361389,14.76715756106,28.9334838714015,-28.1185979071894
114.57,-2.19553971290588,-16.5789756774902,3.18761730194092,-244.359634463558,140.191709092019,-0.102362651038699,3.93978643417358,-21.0006408691406,-1.05332982540131,14.388833382933,29.4634724000486,-28.0275719761206
114.575,-2.29974269866943,-16.5903987884521,3.22061157226563,-232.554144256811,122.084249224912,-7.26982197990344,2.35362982749939,-22.5555438995361,0.417394787073135,14.1912744300586,30.8080941759086,-30.2996719695658
114.58,-2.8057849407196,-16.1557483673096,3.16789841651917,-217.798476781482,101.828783656295,-15.0475214585634,0.624501049518585,-23.2741661071777,1.93543457984924,14.0434913345343,29.716165493677,-36.9556161836623
114.585,-2.56367444992065,-15.6638469696045,2.7623279094696,-202.167834752718,78.9320566148769,-20.6033834521066,-0.699617803096771,-23.5285549163818,2.78620028495789,13.4032934347608,25.1294117207102,-45.5785763315471
114.59,-1.59898769855499,-15.1719751358032,2.20744347572327,-184.893275473759,57.5042368865511,-24.0682376727639,-2.29032778739929,-23.4844264984131,3.43467140197754,12.3757486769667,19.0444679061321,-54.7478594054791
114.595,0.112157724797726,-14.7257223129272,1.65610778331757,-165.262137006605,40.9066483920829,-25.4181835810819,-4.69849014282227,-23.2554035186768,4.23854780197144,11.0207655041358,12.9587685018771,-63.3661579492553
114.6,1.18655753135681,-14.0522832870483,1.67975807189941,-142.523016580285,32.8606616441458,-25.9438212792277,-7.22125816345215,-22.4375686645508,5.27287006378174,9.15906425716001,7.67633434873509,-67.9900525833814
114.605,1.79073965549469,-13.1101379394531,1.79287767410278,-120.582522852858,25.3302653860855,-28.7613084628038,-9.46482467651367,-21.2897491455078,6.2601490020752,5.38248233721754,1.15431797798802,-74.1929571800202
114.61,2.01272654533386,-12.1536149978638,1.9216468334198,-100.505974089549,20.7196947434828,-32.7946683563852,-11.3556423187256,-19.9660148620605,7.28536510467529,0.68978859496411,-5.63163739285585,-81.0174772930218
114.615,1.93371105194092,-11.5011510848999,1.97452092170715,-83.7751934911712,22.2742560438614,-36.7855615488019,-12.7741670608521,-18.6464138031006,8.45820713043213,-3.73462278721062,-11.4760266406211,-87.3085254808996
114.62,1.33352267742157,-10.7131013870239,2.41945338249207,-66.1223305246523,37.42881851955,-37.1300933660103,-13.4581289291382,-17.4573554992676,9.29979610443115,-10.2796575357909,-17.8848725397932,-93.8862503686212
114.625,0.618735015392303,-10.0237731933594,3.23373579978943,-46.2852550238333,58.4181298578772,-34.7337044202384,-13.9572858810425,-16.3155784606934,9.94250392913818,-18.010983445081,-20.3029814871257,-101.389267813394
114.63,-0.118130333721638,-9.41191959381104,4.27288675308228,-24.9520914721202,82.7616343994763,-30.3145754423347,-14.3625802993774,-15.219614982605,10.3482341766357,-26.0538761173241,-17.9495868746318,-109.750840036837
114.635,-0.746890306472778,-8.82077980041504,5.28921413421631,-3.40202651213344,106.929828475649,-24.925248828682,-14.7785711288452,-14.1802644729614,10.4059181213379,-32.8821084381397,-9.32256874060636,-118.8676945787
114.64,-1.42266857624054,-8.05768775939941,5.45254373550415,18.6892280598525,120.171714295038,-21.075247070917,-14.6970853805542,-13.2639408111572,9.64211273193359,-38.2688942214211,-1.71266459829541,-128.067167088763
114.645,-2.10956048965454,-7.21696949005127,5.1968150138855,39.976871815842,125.148968765875,-18.0244252573676,-14.2627172470093,-12.4808416366577,8.64402484893799,-43.6079130767421,3.25220289759462,-136.739717825117
114.65,-2.78617572784424,-6.40780401229858,4.72150230407715,58.793674149012,123.846738559099,-15.6083551215023,-13.5659885406494,-11.8451089859009,7.49368286132813,-49.3697172265923,6.83291014662335,-144.827672670409
114.655,-3.40241003036499,-5.91637182235718,4.42913389205933,70.5538938619399,120.5012026206,-13.6755345297938,-12.7938041687012,-11.4075708389282,6.20234060287476,-56.4548363771866,13.1635998986703,-152.331823926583
114.66,-3.91763424873352,-5.78179121017456,4.51202344894409,89.3745142708559,113.921585770478,-9.33351497252495,-12.0355110168457,-11.1845989227295,4.79651260375977,-63.2435970347886,18.2197174412112,-159.988629910708
114.665,-4.2344536781311,-5.76435565948486,4.54663324356079,109.329547138641,103.778727532252,-4.16510954691584,-11.4122676849365,-11.0871334075928,3.62403345108032,-69.7645493901291,20.5086197000146,-168.063593736199
114.67,-4.30952882766724,-5.76262378692627,4.36305141448975,128.903564733766,89.3818772147812,1.22643196901866,-10.8717174530029,-11.1142072677612,2.62692189216614,-75.7955244649803,19.7243739644191,-176.366767842238
114.675,-4.03800010681152,-5.54290866851807,3.59189224243164,146.950495464449,67.8367353270821,5.6087673581937,-10.048360824585,-11.3503618240356,1.18676543235779,-80.2712518054413,15.9319404560735,-183.746240825303
114.68,-3.68921494483948,-5.17716550827026,2.47463989257813,165.080918427546,42.5171762625207,8.96407857805543,-9.21436023712158,-11.9185237884521,0.610930383205414,-81.652001866916,14.8279479522204,-188.2295769965
114.685,-3.21718072891235,-4.73118114471436,1.41617977619171,182.798265210019,17.1239621454971,11.4584824459643,-8.43411159515381,-12.5562076568604,0.560511708259583,-81.8826095438632,11.8767640845095,-192.833138157467
114.69,-2.63109993934631,-4.21828937530518,0.560081541538239,199.417563460764,-6.72145938861532,13.122807447626,-7.75464534759521,-13.1622714996338,1.01854109764099,-81.3326768628396,6.19005444948905,-198.152776351018
114.695,-2.16188859939575,-3.58430886268616,-0.0732292905449867,210.927743608556,-26.2061483546804,13.9620729183068,-7.36167144775391,-13.6320390701294,2.64990758895874,-77.8984304274005,3.59596397064384,-200.630304529035
114.7,-1.71076786518097,-3.00398087501526,-0.398576498031616,214.209799768909,-41.5573297784588,14.4866058333544,-6.84780788421631,-13.3202390670776,3.25666427612305,-72.0734401975385,0.0273264479485171,-198.826314965451
114.705,-1.34939098358154,-2.46108460426331,-0.536428689956665,213.854220120718,-51.4719674908522,14.7902675061167,-6.4238166809082,-12.4581804275513,2.94256949424744,-68.5350743583917,-7.37785678955282,-194.937533101126
114.71,-1.12124812602997,-1.95825040340424,-0.550660073757172,212.505489986072,-55.011378348942,14.8797105408453,-6.19482851028442,-11.1419677734375,1.77738332748413,-69.8353306404979,-20.0854399620608,-189.961371460556
114.715,-1.03871381282806,-1.65948212146759,-0.634049475193024,217.792179347067,-53.0945403998912,14.2038214875639,-5.96106243133545,-9.45430374145508,0.951940059661865,-75.188313817577,-33.4552432717738,-183.067292701047
114.72,-0.928777873516083,-1.27528500556946,-0.816051483154297,224.373230536915,-51.9918849055681,12.4930588835089,-4.86666917800903,-8.01418781280518,-0.112862393260002,-85.6616439286045,-51.3745211819636,-178.488538787146
114.725,-0.826988697052002,-0.951554417610168,-0.974605619907379,227.543708726986,-53.347551097316,9.92859264264138,-3.20089411735535,-6.8808913230896,-2.03593993186951,-98.2359470585171,-74.963901122207,-176.596917896511
114.73,-0.762138664722443,-0.808113217353821,-1.01112580299377,223.350068199247,-58.6206517969572,6.6023519885477,-1.15897071361542,-6.12037658691406,-5.36244630813599,-110.63668825143,-105.462471615498,-177.852907722606
114.735,-0.705788552761078,-1.1836918592453,-1.54093492031097,215.168894932162,-73.3904782544354,0.364735810257957,0.743640184402466,-7.18334245681763,-7.96585750579834,-128.679739434665,-141.315398153892,-180.482571534196
114.74,-0.75030118227005,-1.8910356760025,-2.31340599060059,213.673028862416,-87.8476937837913,-6.61465401301654,1.76405847072601,-8.85478496551514,-9.47572708129883,-144.165991264375,-168.848054622753,-180.03165610557
114.745,-0.99351555109024,-3.19885349273682,-2.67117238044739,215.512712994602,-101.062764280499,-12.9169959186869,1.9722204208374,-10.9490566253662,-10.3015241622925,-153.151747155308,-181.343749105508,-174.423865891315
114.75,-1.57364213466644,-5.49094438552856,-1.75641191005707,216.735835950411,-111.772302823594,-16.7075903985985,1.3935135602951,-13.2654342651367,-10.9050884246826,-150.182103847592,-169.206844459854,-160.653822033975
114.755,-2.79109740257263,-10.4024572372437,1.17595815658569,215.099254323385,-118.876847032187,-18.2509604340221,0.120742075145245,-18.1169891357422,-11.1956672668457,-134.37615818359,-134.875212785487,-143.668097794637
114.76,-4.82120180130005,-16.9307632446289,2.79812979698181,212.531198818108,-125.954125125614,-20.056298959967,-0.786931216716766,-22.29079246521,-10.4519128799438,-121.147639044406,-111.580627224915,-132.081911301761
114.765,-7.28280830383301,-23.7388782501221,2.2888445854187,207.61831205001,-130.514847340107,-21.5443205574514,-1.05762457847595,-24.4757957458496,-8.98742198944092,-107.623857657592,-97.690775019345,-124.66578752361
114.77,-9.48070812225342,-28.4285621643066,-1.78203296661377,197.23280451133,-127.200935177465,-21.319911277176,-0.220634073019028,-22.3167705535889,-7.39644765853882,-86.708213324558,-87.6047371248247,-118.622272221443
114.775,-8.21459007263184,-27.0380477905273,-4.7042498588562,189.250922503848,-114.319656025496,-9.17222261659604,-0.151302322745323,-17.5715789794922,-7.41514730453491,-69.3139959615292,-103.221500209195,-114.575917892965
114.78,-5.59865236282349,-23.4532527923584,-5.99764060974121,198.118324876844,-108.84493155665,9.58551309440528,-0.47030958533287,-13.9465246200562,-8.25225162506104,-55.8252807659136,-126.32645239765,-106.865938886152
114.785,-2.43739366531372,-19.092435836792,-5.76295328140259,221.119260114429,-116.366588587668,30.9458590914678,-0.92748898267746,-11.777587890625,-9.44732761383057,-46.1561917692767,-149.508565233159,-95.5597218473552
114.79,-0.252803564071655,-16.597843170166,-4.32896041870117,246.385304646843,-148.155053966094,45.4194943955883,-0.945578277111053,-10.8268003463745,-9.98121070861816,-40.2645047421696,-157.839073756256,-82.584814462243
114.795,1.5093857049942,-15.5971326828003,-2.54141736030579,258.489465365616,-186.118529448589,50.0634561254959,0.028888488188386,-10.3401317596436,-10.0297365188599,-34.0387941438921,-157.621108759463,-68.5259560558498
114.8,3.19585251808167,-15.2152585983276,-0.700456976890564,263.056129844687,-205.464944650002,50.9163964886688,1.39224064350128,-9.90388679504395,-10.2447710037231,-24.9658218598992,-157.559691698446,-52.9398468604742
114.805,4.74939680099487,-15.2228651046753,1.08452010154724,261.885653987,-199.552049885521,50.1188182238134,2.93961501121521,-9.44087314605713,-10.7082586288452,-12.5435066607187,-159.203035212751,-35.6846306772443
114.81,5.55640554428101,-15.4246740341187,2.60311055183411,257.754864860003,-162.174741237597,51.6210431996769,4.31865310668945,-9.00455093383789,-11.1507520675659,3.05800802632988,-161.07109195075,-16.5416646130914
114.815,5.84424829483032,-15.5404214859009,3.5637526512146,250.219991412942,-121.119088853676,53.2731874127275,5.44097661972046,-8.64213275909424,-11.4762001037598,18.6659132091206,-152.333435851228,2.91988794093388
114.82,5.98841142654419,-15.6561937332153,4.61119747161865,241.420494780674,-82.7881833447801,52.776086244934,6.30729866027832,-8.44059753417969,-11.7129487991333,34.3358049199501,-139.257284572048,21.2501101589531
114.825,6.06592607498169,-15.8217153549194,5.88091230392456,232.724188646387,-50.2963382554367,49.2406642173195,6.97806882858276,-8.41973495483398,-11.9150552749634,50.5423104429217,-124.701782620536,37.8291768879395
114.83,5.69638109207153,-16.198055267334,6.66186904907227,229.505912792504,-30.2683009107079,42.4144024060795,7.99891948699951,-8.45844650268555,-12.4591970443726,70.9140770576314,-115.389912517491,51.9686042057821
114.835,4.75797510147095,-16.6471576690674,6.75789546966553,228.887043012188,-21.986979994918,35.4660509634255,9.11562824249268,-8.3509578704834,-12.7680130004883,89.425057670714,-107.197237211844,64.2051169151972
114.84,3.37309193611145,-17.0926952362061,6.4845609664917,228.382906749549,-20.6534402009864,28.8898765286455,10.2583436965942,-8.07252502441406,-13.0129442214966,104.483459620625,-100.284744262332,74.1099157400912
114.845,1.61852812767029,-17.5006351470947,5.99869012832642,226.729796064731,-23.7969920778024,22.9983909921189,11.3807611465454,-7.59448337554932,-13.2482872009277,115.686383708604,-93.9938736593731,81.8603362969797
114.85,0.160439148545265,-17.9872188568115,5.49455833435059,224.670248143162,-25.5873707819177,18.3490146297468,12.2869558334351,-6.80691623687744,-12.8866062164307,134.356459918024,-73.6614523493773,97.0538940301872
114.855,-0.496733397245407,-18.6412563323975,4.97688293457031,223.006564325508,-25.0060414288268,15.4828879615438,13.0668563842773,-5.84627819061279,-12.309440612793,151.096584215187,-44.5032415939041,113.080161106246
114.86,-0.491567313671112,-19.2571868896484,4.4725079536438,220.589114491431,-20.7879010125345,13.0812619682258,13.7222299575806,-4.84495878219604,-11.9439392089844,166.764997190061,-13.3315969390432,129.474008472867
114.865,0.106192201375961,-19.6690673828125,4.00361490249634,216.45671343979,-11.7033677795977,10.1229533594369,14.2468576431274,-3.90583848953247,-12.1430377960205,181.979188924751,14.5546686684336,145.887745350352
114.87,0.311927556991577,-18.904296875,3.73662519454956,209.458023502953,2.67638764159811,9.60580729397668,14.1639928817749,-3.14859509468079,-12.3102102279663,196.946373698297,43.1172732679034,163.063307867481
114.875,0.0298714749515057,-17.7148590087891,3.69386100769043,201.525892593385,17.53859048661,9.51312418826055,13.6965465545654,-2.51551008224487,-12.1936960220337,210.131603098521,72.5555217793472,180.724988608218
114.88,-0.483312457799911,-16.281665802002,3.78190755844116,193.476419033877,30.1676922242336,9.57334425862526,12.9504852294922,-1.99486970901489,-11.7380714416504,222.414113716902,101.057224997083,198.888893158627
114.885,-0.92292857170105,-14.8132648468018,3.89346051216125,186.326003274817,36.9800785061747,9.45703894366464,12.0375165939331,-1.58060646057129,-10.8476209640503,234.829170986315,126.273463790069,217.613925070108
114.89,-0.792466640472412,-13.7144899368286,3.9009222984314,179.687141363835,39.3946289249497,9.69435557392402,11.3600234985352,-1.06695401668549,-9.80444622039795,241.75776952189,136.766328242123,236.552536996936
114.895,-0.560187101364136,-12.8835096359253,3.72127890586853,171.996894773534,37.6639375364439,11.0112894704361,10.6431407928467,-0.782128989696503,-9.14258670806885,245.700755767468,140.511006775339,255.731762827845
114.9,-0.271514296531677,-12.2273178100586,3.47750973701477,162.622528439583,33.0010527674408,13.3682648096024,9.95609855651855,-0.670191466808319,-8.81887149810791,248.466408645433,139.871455182216,274.88074458111
114.905,0.0427110865712166,-11.5988140106201,3.40461564064026,150.352435105114,27.3691434476787,16.7233527676556,9.46214389801025,-0.608799755573273,-8.73088073730469,253.093697883576,138.025746823182,293.480223955268
114.91,0.271021664142609,-10.8177719116211,3.60397529602051,136.743829598997,25.3763879460033,20.0101268811777,8.6244592666626,-0.600824952125549,-8.55315494537354,256.856940870957,132.767238822702,308.416290386955
114.915,0.320895493030548,-10.1430149078369,3.81590795516968,123.210547419047,23.996312365709,22.545286487864,7.82011985778809,-0.61071640253067,-8.3892240524292,259.540822724178,128.073163994854,319.106274098456
114.92,0.177316129207611,-9.47791862487793,4.02794694900513,109.826163363003,22.3072082915122,23.894689396143,7.01203298568726,-0.649511754512787,-8.11481189727783,261.178538162607,122.194502138494,327.523198174932
114.925,-0.187343150377274,-8.44816112518311,4.29826259613037,96.3041168442382,18.7001905134703,22.9360501480169,5.95483589172363,-0.764875531196594,-7.32069444656372,261.849645229696,108.489106021649,339.411770802743
114.93,-0.653820931911469,-7.50279808044434,4.38909244537354,81.2017421364504,15.1208025581685,20.2478960114696,5.36727952957153,-0.996531426906586,-6.72614669799805,262.792265976671,93.8720094242017,349.237407735157
114.935,-1.08386743068695,-6.61914348602295,4.29018974304199,65.3370363550192,11.6515975070099,17.0160656471784,5.10501956939697,-1.3228554725647,-6.75412702560425,265.226600038377,75.1768117790147,357.615509016391
114.94,-1.38420248031616,-5.7583155632019,3.9840099811554,48.7168706702495,8.44639975783994,13.456329853666,5.17953538894653,-1.76195442676544,-7.51191091537476,269.719580436681,52.1684692012751,364.532414268106
114.945,-1.25776791572571,-4.76154804229736,3.39892935752869,30.5552781388752,6.14049374309779,9.38979402373857,5.78874111175537,-2.41995072364807,-9.0771541595459,277.696776934393,26.9165904811993,369.308792875453
114.95,-0.9439417719841,-3.80425024032593,2.75670838356018,12.5273131359702,1.95977614671142,6.30420740108747,5.82646799087524,-3.1610791683197,-10.0538530349731,284.347168204694,3.94798893225853,373.03198363354
114.955,-0.40096914768219,-2.83789467811584,2.22120356559753,-2.43487748863174,-1.53845891596694,3.8851379584029,5.97957897186279,-3.80286383628845,-9.20158195495605,289.607206167547,-7.41266001846862,375.992542789661
114.96,0.345114886760712,-1.87922918796539,1.87411510944366,-14.3263832558043,-3.47060395927789,2.0582269202948,6.47360944747925,-4.27437782287598,-6.59071016311646,292.896160818962,-6.77178806440138,378.231041667484
114.965,0.913918137550354,-1.19795382022858,1.89176023006439,-31.9377767287774,-3.97097678768386,0.926652298304159,7.19512414932251,-4.53485059738159,-6.65260648727417,290.089827334301,-19.5257093746729,379.463754208888
114.97,1.06165289878845,-0.645325422286987,2.22555947303772,-48.0057762606649,1.40893110182511,1.09791096744918,7.79968357086182,-5.13159370422363,-6.55057573318481,289.804380068507,-21.0488979086464,380.057051760952
114.975,1.01741194725037,-0.133591055870056,2.6988365650177,-62.6415500103979,11.6906849720826,1.88269447372006,8.71092796325684,-6.09105110168457,-6.79537677764893,288.694009875517,-19.8080574421301,378.440783116517
114.98,0.914896726608276,0.384750515222549,3.22461819648743,-75.9437395699696,26.7680048384475,2.87109605771107,10.1182899475098,-7.40334224700928,-7.61290407180786,285.118542448799,-19.2662902522593,373.488759364474
114.985,1.17632985115051,0.971962690353394,3.7763295173645,-90.0638442826503,49.1211290766551,2.61969088162806,11.1002798080444,-8.276686668396,-7.87023735046387,282.165195972442,-4.0898280556576,362.055896958087
114.99,1.40554392337799,1.58158051967621,4.36852836608887,-106.083636339376,73.1285404997654,2.19257332617437,12.4573135375977,-9.13908958435059,-8.04354572296143,278.424082797972,12.7624628887154,348.032398441026
114.995,1.48706984519958,2.18951296806335,4.97585582733154,-123.091401599165,96.7559065370779,1.45303886265947,13.6110649108887,-9.65128421783447,-8.50324535369873,274.324794503427,28.1385505973023,334.65536366853
115.0,1.31996166706085,2.77648258209229,5.57905387878418,-140.421995750076,118.360812580015,0.273154072545487,14.0887832641602,-9.52180099487305,-9.56169414520264,270.187284470287,39.4392915319324,324.540864375738
115.005,1.09037804603577,3.16917872428894,5.99039268493652,-157.736060843194,132.806403127403,-1.41166061617218,12.8328638076782,-8.92373371124268,-9.83767700195313,262.141239665742,65.3956393780979,308.908337214763
115.01,0.864907026290894,3.32071113586426,6.23088598251343,-173.698650065621,141.50698496011,-2.6153351419283,10.9786767959595,-8.40628528594971,-9.43755340576172,250.669691067895,88.9797498273967,295.449422134496
115.015,0.613071739673615,3.25435829162598,6.34225940704346,-187.143973069439,144.233118363538,-2.98879430437555,8.63994598388672,-7.98207235336304,-8.44488525390625,235.660705536629,109.093898782086,283.532244674441
115.02,0.294553011655807,2.98260760307312,6.36700487136841,-196.413700905306,140.236924944325,-2.02959305974682,5.92228126525879,-7.67412042617798,-6.91908407211304,216.701507419643,124.091983331437,272.481490370981
115.025,0.144035592675209,2.494868516922,5.6978907585144,-198.192719297284,128.960801719011,0.498930271108916,3.58316159248352,-7.28044414520264,-6.49236488342285,194.724663425453,123.610058843979,255.233350263731
115.03,-0.0698603764176369,2.00422406196594,4.46251726150513,-195.138627530669,114.719829978777,3.88579109524228,1.07281970977783,-6.83042573928833,-6.48641967773438,171.773984719781,113.345015351691,234.176450788472
115.035,-0.325752645730972,1.50856900215149,2.71005606651306,-187.94837810837,98.6913772421844,7.67750572617774,-1.51858878135681,-6.29353380203247,-6.60919427871704,148.344728319345,92.9911609080802,209.66690434815
115.04,-0.563192307949066,0.980956733226776,0.465813785791397,-177.227412658795,82.4639269441229,11.1323007857348,-3.97090482711792,-5.59968185424805,-6.39227437973022,125.109722498904,60.307571918167,181.764516079137
115.045,-0.916647851467133,-0.136261090636253,-1.59641575813293,-163.992227254981,70.2393431600933,12.4008538910347,-3.9848620891571,-4.8554515838623,-5.63127088546753,103.307922592764,15.9153550492215,147.284915186591
115.05,-1.29875671863556,-1.71686208248138,-3.01633310317993,-147.4163416866,60.3169497678974,11.2936366841197,-1.02688336372375,-3.49617314338684,-6.68397188186646,85.4694492355495,-34.9596470779824,110.337669399757
115.055,-1.72056806087494,-3.7616183757782,-3.64976096153259,-128.720857173468,52.9112454433248,8.40607346720654,3.78636050224304,-1.603515625,-8.60174083709717,68.6713024813877,-82.5261977787859,74.3649686640778
115.06,-2.24960136413574,-6.36087036132813,-3.17315626144409,-111.565894506876,49.4934939147313,5.37738189345483,7.18100357055664,0.428092330694199,-7.84616756439209,43.5847177543207,-99.9002046120607,47.9747296357926
115.065,-2.70253109931946,-8.98580551147461,-1.67234206199646,-79.0958104002279,45.6616075261924,0.347974846199863,8.35345458984375,1.2434309720993,-6.39001417160034,22.1460670535186,-89.5494422456891,31.3186166654212
115.07,-2.92005705833435,-11.3373165130615,0.329524338245392,-42.2556483192009,44.5154573872346,-4.63084050962514,9.17221927642822,1.72955632209778,-5.95632982254028,3.79850554651775,-81.7452612698434,15.1797146473071
115.075,-2.90728640556335,-13.2816123962402,2.53730320930481,-3.8678379430089,46.7919423621269,-9.11171994715442,9.80969429016113,2.03645968437195,-6.54937362670898,-11.0238390892623,-82.2774832703491,-1.74389190301559
115.08,-2.84735202789307,-14.4934425354004,4.09683179855347,33.8412958089466,52.8300959657958,-13.0583714429961,9.20189571380615,1.97704637050629,-6.4659743309021,-19.7382050974884,-87.8939546550397,-16.310886181415
115.085,-2.87693309783936,-14.5606460571289,4.55692672729492,62.2679250024198,59.8003415798343,-14.3793035614935,8.84606266021729,1.72806417942047,-6.99243974685669,-36.2227642064766,-91.8531557697077,-41.1203479357397
115.09,-3.00503635406494,-13.4349842071533,4.22663116455078,80.5291665786901,68.2473594697941,-13.051403796269,9.0072135925293,1.43671429157257,-7.58755779266357,-54.7342775743145,-94.4328430871406,-66.7724484204216
115.095,-3.24008321762085,-11.1010408401489,3.27204346656799,87.8903346547797,78.2329594325694,-8.99790765124085,9.77458190917969,1.18307316303253,-8.13060092926025,-72.9549375816312,-95.3984610810512,-89.7238921072804
115.1,-3.60004544258118,-7.86638641357422,2.36967349052429,83.4431984861843,88.3844988412301,-2.33047548584716,11.0040149688721,1.21354126930237,-9.12691402435303,-87.6294009379177,-92.4546358883973,-107.267328613107
115.105,-3.83142042160034,-4.93319988250732,2.5996413230896,77.196280150534,92.0626923130653,2.90337873337972,11.7006015777588,1.41002297401428,-9.67751598358154,-100.791626261017,-84.3482463625352,-117.593918940005
115.11,-3.89363837242126,-2.5899019241333,3.25032830238342,72.1001394070041,84.5911620403667,6.30304968402315,11.330605506897,1.59643495082855,-9.17134761810303,-111.743458934729,-65.1351632839103,-119.602868820203
115.115,-3.76650357246399,-0.934358477592468,3.95989012718201,69.4900782383321,63.7425560140364,7.97423987957436,9.48928642272949,1.67336392402649,-7.46471929550171,-120.835581361607,-31.4415703157652,-112.428246870725
115.12,-3.64107275009155,1.60173583030701,4.55479621887207,64.2202252936412,44.9995777805105,15.4595031013729,5.0284423828125,1.53423643112183,-8.83304023742676,-143.222892404158,9.88503396498327,-99.2588839999424
115.125,-3.40987634658813,3.85591721534729,3.42847323417664,49.1043985282831,48.909587872776,25.3702254078246,-2.73758435249329,-4.29892063140869,-0.593429028987885,-153.359835698562,77.4993902855208,-76.5475282925987
115.13,-3.05980181694031,5.78099060058594,0.7959965467453,26.424371191115,67.8024136265028,36.0066980022725,-10.5347871780396,-16.0730495452881,9.45956325531006,-159.03714357819,150.34464868946,-55.9168394517376
115.135,-2.57313418388367,7.31924247741699,-3.26366519927979,-2.46686241074127,96.4905263670662,46.0605349699507,-15.7592325210571,-34.3484306335449,15.233136177063,-166.182532318021,211.981518854084,-46.7448926040293
115.14,-1.25741386413574,6.27032709121704,-8.55146217346191,-32.1150611188743,130.83765574066,47.924363820853,-15.5645208358765,-49.953742980957,13.0634775161743,-164.539803520741,194.580983566073,-86.0776229396258
115.145,0.274467200040817,-0.2908636033535,-11.763331413269,-55.5613349356276,140.346126008775,34.9656473991683,-17.0349998474121,-54.9110488891602,6.83061361312866,-139.138562223895,120.243158073757,-125.165115333073
115.15,1.68910181522369,-12.5631446838379,-10.8952026367188,-61.2815295730541,119.496864284284,12.4995808603927,-15.2619667053223,-46.061408996582,0.385517179965973,-114.093139631861,28.3250950163664,-153.928790456424
115.155,2.55857491493225,-31.2356224060059,-3.11529421806335,-33.4330417418766,59.0204432596456,-13.5270940285619,-3.82856774330139,-18.3738250732422,-1.44973504543304,-119.728462338661,-33.0768610370388,-158.911700323894
115.16,1.72460198402405,-46.7415771484375,6.75027656555176,51.2788473071647,-64.3415567740574,-57.9407815971633,4.904541015625,-9.55690574645996,-1.39789164066315,-127.938964438042,-32.2539837514978,-153.61141888645
115.165,-2.08013010025024,-57.0724868774414,13.4886598587036,147.823543904538,-161.860839403722,-106.110902454542,10.6299867630005,-6.02210092544556,-2.30298566818237,-137.850388546431,-23.0359416646283,-154.392095848204
115.17,-8.74321174621582,-58.3701858520508,14.5579433441162,237.619904318912,-225.155847272393,-133.085061185161,14.1621685028076,-4.75959300994873,-3.40255188941956,-149.697037473116,-7.40680227748169,-162.635000365008
115.175,-18.2191371917725,-42.5850067138672,5.09384775161743,289.491311517711,-244.082957160659,-90.8939171724819,16.845645904541,-1.73613154888153,-2.97301840782166,-164.218566063697,17.2152800671529,-180.0202223689
115.18,-15.2900123596191,-15.5665035247803,-6.32991409301758,218.880624632822,-184.387363361936,25.6981615728971,18.1328220367432,2.6328706741333,-4.49491930007935,-173.090257795491,55.9640599645645,-184.670884514383
115.185,-7.35840177536011,5.12885475158691,-10.4725618362427,132.428598043653,-93.4653399610192,98.0722888958144,18.6196823120117,5.06551074981689,-7.74744701385498,-179.95241225082,86.8614008072631,-182.809535022149
115.19,2.54085779190063,15.6352300643921,-8.04684162139893,55.010777292295,2.46366630909652,112.874135280122,17.86208152771,5.17447900772095,-11.7490606307983,-185.308455352647,108.818976837804,-176.79269843888
115.195,8.44986724853516,10.1644420623779,-3.88934993743896,21.0351777661511,44.8151046163123,69.1550437991646,14.2381162643433,2.8152334690094,-13.7927598953247,-189.162157365395,125.850115004933,-170.835270841012
115.2,13.5910911560059,5.92005109786987,-1.12922728061676,-34.8417409374351,39.5263764438501,32.5836086808426,10.2396097183228,0.949429035186768,-14.1266040802002,-188.366303723305,128.263603329293,-167.700091068571
115.205,19.0963535308838,6.99252557754517,-0.137974739074707,-38.5370781840871,-6.87497173219276,-11.0423967132372,6.93962335586548,0.070683054625988,-13.5717000961304,-184.060620772421,124.708093715329,-160.213862228778
115.21,23.7090930938721,12.1203546524048,-0.346246540546417,19.3962926578268,-68.8289159266749,-52.8765071012061,4.81955289840698,0.0365456752479076,-12.4989109039307,-177.071971213664,115.972595955585,-146.583960192829
115.215,20.4335327148438,11.3260231018066,1.27440524101257,108.962076131105,-33.5829131677396,-37.4329610292816,5.05283975601196,-0.311365872621536,-11.817831993103,-170.119316751832,97.0902921082742,-125.617984195801
115.22,9.75223922729492,9.24894523620605,3.7140429019928,80.5111690302271,76.125709469837,-16.424306595225,5.42656564712524,-1.44639480113983,-11.2490453720093,-162.261566602326,83.5702400047466,-104.291838663461
115.225,0.446598052978516,7.12168884277344,2.08324408531189,7.82128633084839,182.480169639993,-10.0473730474025,5.84040594100952,-3.64469790458679,-11.1174631118774,-155.702699866903,66.4747751160141,-88.5787972325494
115.23,-4.34889268875122,4.98278093338013,-4.25564622879028,-77.1163874278124,252.753581783666,-24.0075599797248,6.2374210357666,-6.92411231994629,-11.6297912597656,-151.179188523009,44.3430531672998,-81.0092947263961
115.235,-4.05099153518677,-0.236557453870773,-5.94034337997437,-110.201407125815,239.965664487462,-44.748844951174,6.42795705795288,-10.4020833969116,-13.4368667602539,-148.197073289868,30.9606430359263,-83.9968672806839
115.24,-2.77784371376038,-7.16659736633301,-2.50648832321167,-104.787068359421,220.758298277172,-63.6316474022937,6.83042573928833,-13.9735870361328,-13.1219301223755,-142.620756587308,17.7262499340561,-92.4708302669194
115.245,-2.50395965576172,-16.0331993103027,-0.0299247987568378,-80.7726559924119,189.921168967102,-78.9983777517177,7.95276784896851,-16.0782146453857,-12.2443494796753,-135.048112194136,6.59687759192793,-102.675925188862
115.25,-4.44125699996948,-26.6704444885254,-1.63458371162415,-49.228834329677,145.778120814173,-89.3292984185504,10.0003089904785,-15.755989074707,-11.5729084014893,-125.736173789199,-0.341395613120995,-112.346721732792
115.255,-10.6471347808838,-32.0095977783203,-4.87341451644897,-38.9847800087085,119.286303212551,-86.5320012741609,11.1235885620117,-12.0181407928467,-10.6943635940552,-115.628245138389,13.7644149276895,-114.649424388813
115.26,-16.3234901428223,-31.1976108551025,-4.25345659255981,-43.9587969698786,93.0467859686808,-71.9131766388533,11.4701614379883,-9.68739795684814,-10.6125230789185,-107.029863426233,32.6182684757858,-112.193705004816
115.265,-19.9847240447998,-26.7018566131592,-3.81312417984009,-60.7622507810255,66.5430633473359,-50.1612097928971,11.3229932785034,-8.79277324676514,-10.9792499542236,-99.4965540924913,54.0377553733241,-107.373695149051
115.27,-20.3250427246094,-20.2606201171875,-6.77766275405884,-87.4223096022829,39.3478660347972,-24.5709669164335,10.8770732879639,-9.44528102874756,-11.5449180603027,-92.7397484749212,76.4429444360274,-101.950197098981
115.275,-20.0167083740234,-14.9075269699097,-9.86320495605469,-126.552313093124,-34.0313902188319,-13.377690470657,9.30782032012939,-10.0139617919922,-11.1421451568604,-86.4505922494435,90.9814255561281,-98.8099288356083
115.28,-17.7045555114746,-13.6935567855835,-7.57533311843872,-128.575415125282,-105.820154961953,-17.7225855375664,7.56794500350952,-9.94127559661865,-10.5634765625,-79.4468001612965,92.4915872118071,-97.1616607549116
115.285,-13.9295167922974,-14.6068601608276,-2.07889795303345,-105.350934626352,-164.437528268109,-30.2915781953993,5.87080144882202,-9.37458324432373,-10.016773223877,-72.1706884309412,82.8733831244869,-96.0595346002492
115.29,-9.25869846343994,-15.2833633422852,4.15297269821167,-69.836942565142,-194.319988377508,-42.5278176972476,4.48773527145386,-8.46103191375732,-9.76564979553223,-65.1570198892543,63.65792997022,-94.3571714213261
115.295,-4.20074510574341,-13.3619604110718,7.06755018234253,-75.0126823332593,-193.176669351962,-34.6350969791909,4.12980127334595,-7.87800979614258,-10.3886089324951,-58.1970707853897,41.3579019150728,-88.5318806631406
115.3,0.126227274537086,-10.5368900299072,6.78587102890015,-98.7204533574811,-188.876218325981,-28.8678150176264,4.4455099105835,-7.72303533554077,-10.9016571044922,-51.805089477052,20.7977433151285,-81.4795395903732
115.305,3.35867381095886,-7.79602956771851,4.82829093933105,-128.270938952461,-187.244130963429,-25.5687807145442,5.54818058013916,-7.94353103637695,-11.4102697372437,-46.0540223845771,5.17579142142284,-74.1258505714248
115.31,4.81025552749634,-6.8416748046875,3.88633632659912,-142.568587602427,-196.665557300761,-23.3047830330019,7.77236175537109,-8.4691333770752,-12.2174034118652,-41.0954074999854,0.564027149901868,-67.8882827647482
115.315,4.5103964805603,-6.78472137451172,3.88989543914795,-152.472443861216,-172.084471459072,-14.8119806774882,9.69682025909424,-8.94282341003418,-12.7186441421509,-37.4774802022917,5.2204198774597,-63.5340781500001
115.32,3.57856726646423,-7.13643836975098,3.9380362033844,-166.763426246552,-132.873967358673,-7.10499457419222,10.8838586807251,-9.53469562530518,-12.888334274292,-33.1148915303374,14.1604856448275,-58.3106226803412
115.325,2.36030101776123,-7.88950681686401,3.90819501876831,-184.231252558266,-85.5579616570037,-2.12072058987948,11.2897033691406,-10.3258962631226,-12.8209934234619,-27.6053894457857,25.7268654428841,-52.4677578454213
115.33,1.42766380310059,-9.23684215545654,3.76434540748596,-198.450832146019,-41.3336274227625,-3.19052095330412,10.8751592636108,-11.5087518692017,-12.7793636322021,-20.432808015322,37.1494398768344,-47.6769163125072
115.335,0.639398574829102,-10.3308410644531,3.33661150932312,-210.760158087081,-0.862955928456177,-7.73797936731539,10.3110618591309,-12.735164642334,-12.1067667007446,-12.2857233686113,49.255909199547,-44.7316328744655
115.34,-0.0074917455203831,-11.2822561264038,2.78969740867615,-223.697342337407,34.6205930724884,-13.0450944090232,9.83415985107422,-13.6126670837402,-11.3278551101685,-4.60817409997763,56.8590025760383,-43.6457967209736
115.345,-0.451218158006668,-12.1623735427856,2.28479623794556,-237.644738886735,65.3636809229714,-18.3185571086904,9.3597240447998,-14.1020097732544,-10.513014793396,2.20489818908824,60.2525479142133,-43.8603500382766
115.35,-0.400435596704483,-13.1930980682373,2.40943813323975,-251.848691001666,93.7508350381365,-22.5742652729651,8.25559997558594,-14.4125099182129,-9.46605682373047,7.75448451944473,65.9950226287124,-42.7524523737655
115.355,-1.17365622520447,-14.4292306900024,2.70320248603821,-260.003745625365,107.257035518027,-22.2486855231562,7.40042066574097,-15.0048761367798,-8.10279655456543,12.8263934593467,63.0186515846634,-40.8380937833835
115.36,-1.88617181777954,-15.7539358139038,2.8902063369751,-266.854807853481,117.483679686801,-18.9746736180983,6.65778064727783,-15.7802324295044,-6.79844379425049,16.915853111676,55.453322324093,-38.631765096551
115.365,-2.14771270751953,-16.966480255127,2.88558793067932,-273.107955321655,129.966328508242,-13.1255608676352,5.90731716156006,-16.7026119232178,-5.63231945037842,19.8043230362014,45.5626107643622,-36.3592655370394
115.37,-1.28424680233002,-16.7601337432861,2.79582667350769,-271.689734842393,157.905463194989,-3.93475757517575,4.5331244468689,-17.7104625701904,-4.19244146347046,21.3772302246908,41.2451184164029,-34.4850650438824
115.375,-0.678515613079071,-15.4786396026611,2.84844732284546,-263.984953609539,177.686606276695,5.56885856287332,3.21294355392456,-18.6803932189941,-3.25784587860107,21.0064960942789,37.1851890869502,-34.0132799722476
115.38,-0.936313807964325,-14.1080942153931,2.68080806732178,-251.636982458153,181.585032368128,10.5846775624244,2.08732724189758,-19.5539703369141,-2.47116231918335,19.7865867424742,32.7632972975273,-35.0819142943148
115.385,-2.3266134262085,-13.2419548034668,2.10832142829895,-235.62909542115,164.094038054749,8.26228432479943,1.21226346492767,-20.334566116333,-1.63079476356506,18.251660528412,27.4560166237321,-37.9014163836961
115.39,-3.07233071327209,-14.2835388183594,1.47377276420593,-222.68972551029,115.360897873897,-2.61218471717363,0.0657331049442291,-21.7342720031738,-0.355131804943085,16.468328871973,18.0893325450502,-43.408584251099
115.395,-2.77260136604309,-15.6222171783447,1.29595541954041,-210.186176309989,80.8176122975289,-12.1992497586244,-0.964029312133789,-22.7906227111816,0.973062455654144,15.3798870013127,11.8008695837733,-48.2256844462772
115.4,-1.88923132419586,-16.6368026733398,1.46464920043945,-196.20233387125,55.986176117097,-19.717215926169,-2.00361299514771,-23.3654499053955,2.25063252449036,14.0106850821771,4.85199819296875,-54.1038067176928
115.405,-0.754047274589539,-16.8130340576172,1.91334307193756,-179.122503285528,37.8970928739515,-24.417239848784,-3.15437436103821,-23.3193054199219,3.39237594604492,11.5669902462137,-5.77335869549173,-62.501626755061
115.41,0.683322787284851,-15.5856685638428,2.42980575561523,-155.830383423247,25.0831218211577,-27.7532715790529,-4.52260398864746,-22.4773941040039,4.2387228012085,8.13588996666105,-12.9931064241557,-68.7726556584815
115.415,1.65841507911682,-14.4801902770996,2.73485064506531,-132.436712308387,14.5658172447064,-31.1551463329207,-5.81845474243164,-21.3873958587646,5.21527004241943,4.05108423447753,-15.5662999392352,-73.0623764572755
115.42,2.29387903213501,-13.2690448760986,2.89339661598206,-110.179168029877,7.45053683251093,-34.7625039128738,-6.95344161987305,-20.1601638793945,6.28438329696655,-0.792250503859292,-13.7285154534119,-75.8388483548857
115.425,2.71768689155579,-11.6582002639771,2.9757387638092,-90.7002266679987,5.38775396259632,-38.7665862005779,-7.80401659011841,-18.9244270324707,7.40589809417725,-6.58416319478795,-7.43643249187485,-77.5737573852039
115.43,2.93240690231323,-10.7888507843018,3.04923439025879,-73.6132380440262,22.0286629318753,-40.6157916164671,-8.52076148986816,-17.8866481781006,8.36605739593506,-13.7237010238207,-0.951103415037452,-80.0040616352995
115.435,2.72821307182312,-10.0479640960693,3.5805549621582,-56.0392740077047,46.0045171734729,-40.3167112930906,-9.32552433013916,-16.9487323760986,8.9825382232666,-21.8386368238818,8.89864792712764,-83.9497526357892
115.44,2.35262823104858,-9.34083843231201,4.48914957046509,-37.9984255604778,74.2711150346926,-38.2964164686817,-10.296028137207,-16.0854797363281,9.31082344055176,-30.4408007532912,23.0712674030157,-89.5695981339298
115.445,2.27868843078613,-8.55612277984619,5.61298513412476,-19.7826440157758,102.708846700662,-35.1822224524656,-11.5736265182495,-15.2673292160034,9.44489097595215,-38.6957024973715,43.5039883334258,-97.2543395917595
115.45,2.09688138961792,-7.90283346176147,6.19378232955933,-3.02911141694226,127.685072646214,-31.4171728800499,-12.6697635650635,-14.4350605010986,9.00057315826416,-45.6968683777826,57.9140345763735,-107.846699409453
115.455,1.51506900787354,-7.1838493347168,6.24003076553345,10.6314131318202,143.085100167842,-28.8311061659322,-13.4464750289917,-13.7997274398804,8.41243553161621,-51.6188268032912,66.8394662365577,-119.222154075866
115.46,0.520159602165222,-6.3966908454895,5.7761082649231,24.0252518772224,150.190614263298,-27.306915301698,-14.0294189453125,-13.2980184555054,7.67216682434082,-56.4553110753339,70.5281030676339,-130.754395734678
115.465,-0.857252717018127,-5.59962892532349,4.82346296310425,45.9431889049153,154.199511834367,-25.9350530238807,-14.8167057037354,-12.6811599731445,6.58373546600342,-60.0259358979307,69.0292043938963,-141.408165783199
115.47,-1.95212423801422,-5.24066162109375,3.95897841453552,68.2906287181862,157.130386988354,-23.1998610820668,-15.1778373718262,-12.1589765548706,5.48644542694092,-64.8824804355657,60.993275099512,-151.158916521552
115.475,-2.94217467308044,-5.07234477996826,3.42622065544128,90.2472143712976,157.780511714313,-18.9573181074173,-15.1495399475098,-11.7255697250366,4.3214282989502,-68.8606284949912,52.9109585753796,-158.789494579264
115.48,-3.85754060745239,-5.03031444549561,3.25144481658936,111.542740165589,154.328998560652,-13.3627468705267,-14.7330741882324,-11.3736658096313,3.05070614814758,-72.059759328631,44.4993757068338,-165.024241517813
115.485,-4.66113758087158,-5.06164598464966,3.31360721588135,131.736631578839,139.48094594661,-7.28500975929661,-13.8976011276245,-11.0752258300781,1.55592095851898,-77.1079453139982,27.9477373100069,-174.460489365644
115.49,-5.2367639541626,-4.9113335609436,2.97002553939819,152.04316647188,114.140527484323,-1.25621436856427,-13.0264892578125,-11.0100831985474,0.427443563938141,-80.8276321850413,10.0276483148531,-182.463667902958
115.495,-5.52854681015015,-4.62506723403931,2.21447587013245,170.055345200066,81.7110351919124,4.01189773166187,-12.1244220733643,-11.1557312011719,-0.0163736436516047,-82.4922653989893,-6.30578047903069,-188.834007756911
115.5,-5.45934295654297,-4.21365785598755,1.07248866558075,184.620846548523,44.0606453356872,8.15446893497714,-11.2070274353027,-11.4780492782593,0.291961044073105,-81.5577862375049,-19.9388709326615,-193.347123552888
115.505,-4.63662624359131,-3.67192649841309,-0.131584957242012,193.71405497548,8.54799711419659,10.4000865774629,-10.3941812515259,-11.71324634552,0.845746517181396,-76.183479209837,-30.4854257942334,-195.165442853351
115.51,-3.97805786132813,-3.17589855194092,-0.711046695709229,197.385418258145,-15.1484255507193,12.4967292564142,-9.60842800140381,-11.6925258636475,1.26244688034058,-71.38406237442,-39.4432667020294,-195.11278209485
115.515,-3.55169701576233,-2.75054955482483,-0.940273523330688,198.311141117114,-30.9757582445595,14.0985691262277,-8.81456089019775,-11.3805751800537,1.6419872045517,-69.6065261334916,-46.5246429089585,-194.310890565534
115.52,-3.40525388717651,-2.38878703117371,-0.975621044635773,197.948635657104,-40.7729815900258,14.9115511752087,-7.98147964477539,-10.7294626235962,1.98223471641541,-72.3274754233388,-51.6903013178608,-193.377094422966
115.525,-3.51874089241028,-1.65498876571655,-1.37514626979828,199.853589076999,-48.013149449874,13.4228516814491,-6.89190578460693,-9.50318050384521,1.33266794681549,-79.8573150209818,-58.8438623790332,-193.516157074468
115.53,-3.75168776512146,-0.98397022485733,-2.42922043800354,202.83463880063,-59.7484731232772,11.305807227447,-5.272376537323,-8.52613830566406,0.498486191034317,-89.2509083374462,-68.1739349362165,-192.786419663544
115.535,-3.90255665779114,-0.471857041120529,-3.93053269386292,204.67568897065,-75.3227456008212,8.70731298413443,-3.55749702453613,-7.87135601043701,-0.644807577133179,-99.0950072711863,-83.7426817907219,-192.497092850302
115.54,-3.80591535568237,-0.204886198043823,-5.74146318435669,203.543147983613,-94.4486959562042,5.71481074081321,-2.0873384475708,-7.61668252944946,-2.21522784233093,-108.292369252796,-109.16521278721,-193.71718320212
115.545,-3.92285943031311,-0.76516455411911,-5.48760557174683,201.313022917713,-114.247809265616,2.50891567201762,0.311529338359833,-7.95725202560425,-6.64777565002441,-120.533960207859,-143.202442817783,-194.506507183363
115.55,-4.25904893875122,-2.10072040557861,-3.38890743255615,200.144118003535,-126.74458291826,1.04540879740317,2.02512979507446,-9.33548736572266,-9.76785755157471,-126.767750919925,-167.335837080134,-193.957715143931
115.555,-4.84555101394653,-4.30546140670776,-0.2640760242939,199.227984730161,-133.179768588193,0.867582794649479,2.73791098594666,-11.7700338363647,-11.6055459976196,-129.15279833658,-188.090555326133,-190.165075022363
115.56,-5.7406530380249,-7.56423425674438,2.93718957901001,197.568330724118,-134.646032618076,1.50052447220351,1.97642457485199,-15.365571975708,-12.0999774932861,-130.105650706932,-213.404957597871,-180.484647911704
115.565,-7.38690948486328,-12.6404504776001,4.23157835006714,196.722193229358,-136.506958638581,1.76658936867948,0.627142786979675,-19.9596176147461,-10.7092695236206,-115.205620353305,-185.816539464626,-161.2764074372
115.57,-9.63938999176025,-18.0928077697754,3.48469543457031,195.394090266006,-143.413686908433,1.92269995890588,-0.347604781389236,-22.8888053894043,-9.26472759246826,-98.8677737076891,-148.261550275633,-145.454233243731
115.575,-11.5052709579468,-22.8890609741211,0.888779163360596,190.495533234786,-155.589455330464,3.09600821066407,-1.05170381069183,-23.4869155883789,-7.8628077507019,-82.5174756272158,-113.514130835541,-134.640281598795
115.58,-11.0779695510864,-25.1560249328613,-3.37241697311401,175.93529113199,-173.522280920873,7.50219952961926,-1.75479829311371,-20.5266170501709,-6.49798250198364,-67.3367381590805,-101.553827561067,-131.075906399289
115.585,-7.29897975921631,-22.9263935089111,-5.47887468338013,172.018123001474,-181.051867801517,17.6639415333527,-2.73444247245789,-16.7827758789063,-6.64681482315063,-54.7757675584278,-110.149484027744,-125.328930590127
115.59,-3.18952751159668,-19.9656600952148,-5.69757795333862,184.442045856431,-190.097251243905,29.774379195973,-3.65163445472717,-14.2809190750122,-7.66820859909058,-44.5896605623776,-124.893396747511,-116.53172890142
115.595,0.49413338303566,-17.3055953979492,-4.31972742080688,209.000851621047,-202.859172840128,42.2874667554494,-4.25544452667236,-13.0204133987427,-9.11880970001221,-35.258126344712,-141.608809420257,-105.071887247811
115.6,2.61191034317017,-16.6057834625244,-1.95022475719452,232.489503346506,-221.743334498893,52.1265455001495,-3.91067934036255,-12.3757238388062,-9.98100471496582,-22.5252450052919,-153.56352559999,-92.1505080552242
115.605,4.05336475372314,-16.2863311767578,-0.034076813608408,242.556601126458,-228.466972717853,57.212584393897,-2.59476971626282,-11.7737989425659,-10.6488819122314,-9.93645419037606,-163.546284204071,-77.6442381072493
115.61,5.0741138458252,-16.0554676055908,1.43137741088867,245.926315934618,-218.619178651772,59.6495173425821,-0.884180545806885,-11.2039747238159,-11.5149593353271,3.81823540170898,-170.270304913625,-62.3202101005163
115.615,5.6987190246582,-15.8923892974854,2.40978813171387,245.233106375375,-192.69469022299,60.2257257613427,0.911672592163086,-10.6963205337524,-12.5196266174316,18.5253923122314,-171.966732658159,-46.5908308571105
115.62,5.78618383407593,-15.9918127059937,2.72886180877686,246.047346886711,-157.413320744533,60.5164391029859,1.9253169298172,-10.4018325805664,-12.9921808242798,31.8790166113478,-161.667613352102,-31.6135339884986
115.625,5.7303638458252,-16.2441883087158,3.1119327545166,246.045161226177,-127.570516713455,60.4182278129103,3.37311005592346,-10.2054376602173,-13.627799987793,41.3010815713674,-152.342506342445,-17.9985593309808
115.63,5.49521112442017,-16.6030254364014,3.55262613296509,244.517821644735,-102.387199432267,59.2460990494444,4.88265752792358,-10.2286758422852,-13.9933290481567,49.1320471340434,-145.077548311005,-7.18707338433509
115.635,5.04001092910767,-17.0737266540527,4.03584957122803,241.363558323753,-81.8985785261426,56.8011064775387,6.32971143722534,-10.4523735046387,-13.9448862075806,56.9470129785885,-139.960903339586,1.15619318508031
115.64,4.18302297592163,-17.800708770752,4.44398641586304,238.09812684384,-67.3639496327338,53.6438856846462,7.72892618179321,-10.3340091705322,-13.5900907516479,71.3083497274704,-134.195964132907,14.377485023627
115.645,2.98791551589966,-18.5603084564209,4.58887958526611,234.730187884863,-59.0633641683899,51.2128710948769,9.27071475982666,-9.94656372070313,-13.2924041748047,86.5525396529951,-126.436746292368,27.6834738759245
115.65,1.51282751560211,-19.2816143035889,4.56936979293823,230.724473181948,-55.5435798588802,49.3720087550588,10.9667558670044,-9.33221054077148,-13.1445894241333,102.965839398373,-114.833279420891,41.5064687748043
115.655,-0.198287755250931,-19.9275302886963,4.42703008651733,225.96859880249,-56.1280152404961,48.1005724561555,12.8059606552124,-8.49790000915527,-13.2261867523193,120.702338031278,-97.9762632662732,56.0876932187309
115.66,-1.6266051530838,-20.5422859191895,4.135582447052,224.161945465129,-57.6630865960781,47.7277807312562,14.3235149383545,-7.39497137069702,-13.937801361084,138.647321358409,-71.9170493561127,71.1452038289554
115.665,-1.74486780166626,-20.9321918487549,3.75328254699707,222.11474652558,-59.4730457449965,46.3547146325978,15.3412399291992,-6.40426969528198,-14.1856117248535,158.003899881307,-35.4565604155738,86.9396406242056
115.67,-0.59926438331604,-21.0894584655762,3.42636013031006,219.073003740985,-55.6044675802363,43.2734796942216,15.978569984436,-5.48748445510864,-13.9421195983887,177.056111514411,5.48377660392976,103.410170524639
115.675,1.85082244873047,-20.9936389923096,3.27459263801575,214.375705063849,-40.9712619816313,37.8160663398276,16.3072776794434,-4.61864852905273,-13.1553592681885,194.419586195985,46.4652783197873,120.549778925977
115.68,2.46668124198914,-20.1111679077148,2.99822354316711,207.024823252649,-25.9764798287441,39.6233617149697,15.9313840866089,-3.90914726257324,-12.3530902862549,205.888976454054,76.6740848677298,139.882205899969
115.685,2.24422216415405,-18.5910549163818,2.68023228645325,200.152122985242,-20.9259818243428,38.8471790176894,15.1049003601074,-3.23128986358643,-11.7327098846436,216.131692057945,101.377437925751,160.869778955153
115.69,1.736656665802,-16.7372627258301,2.45564866065979,193.8570791367,-19.4741090030407,35.0540300470283,14.0544719696045,-2.59507489204407,-11.2212820053101,224.737402563081,121.216787879564,182.897603481308
115.695,1.61711490154266,-14.906023979187,2.501309633255,188.30914870033,-13.9249226656375,27.4672078886871,13.0476293563843,-2.0162672996521,-10.7355461120605,231.064616602614,136.623877816793,205.273111956973
115.7,1.06631767749786,-13.72789478302,2.52523326873779,184.923642494808,-8.99274488200197,22.4410304803729,12.3845682144165,-1.6558403968811,-10.320689201355,235.650050441524,148.981370251882,228.196292321046
115.705,0.522116482257843,-12.7576427459717,2.59066152572632,181.451160660396,-6.09926672126759,19.536673535838,11.4836511611938,-1.14008319377899,-9.74219131469727,239.234697642487,156.906192859038,249.83479606451
115.71,0.131721168756485,-11.9407320022583,2.77199912071228,176.927717618393,-3.74338421236845,18.5592990788186,10.441948890686,-0.536131680011749,-9.13868522644043,241.765883786624,160.518994099759,268.32859875183
115.715,0.144155561923981,-11.2368383407593,3.21576762199402,169.652992416439,1.01216135751425,19.3887709120033,9.48979473114014,-0.0012449668720364,-8.79490280151367,242.954855796583,159.740011024919,280.015462233072
115.72,0.248855635523796,-10.6962509155273,3.54505968093872,158.47484142458,10.4269386124111,21.1979753250184,8.35326194763184,0.384655147790909,-8.1154203414917,243.423024283052,153.070467904185,298.041178396193
115.725,0.345135420560837,-9.93979930877686,3.99783325195313,146.107841366166,19.6868096315314,22.5674367913424,7.17415237426758,0.64098447561264,-7.29805755615234,243.695576151692,143.957014796529,315.370707037592
115.73,0.340418457984924,-8.98422241210938,4.53342342376709,132.698103647923,27.7694574198385,23.0660166950912,6.10064077377319,0.779300212860107,-6.54282474517822,244.076973914946,132.224826179955,330.828845808678
115.735,-0.0071769752539694,-7.99800109863281,4.95452928543091,117.588755316993,33.344450773247,21.8764811945255,5.52181434631348,0.815434217453003,-6.36528158187866,245.271710604564,115.873899722078,343.384946484453
115.74,-0.541647851467133,-7.09422016143799,5.12837982177734,98.940323977053,33.669482400375,19.132365610561,5.27889442443848,0.573401629924774,-6.12092351913452,246.281950224323,92.6149472584067,353.635038692648
115.745,-1.06284666061401,-6.28033256530762,5.02536869049072,78.194696712839,30.8275670452323,15.8139335702359,5.4194164276123,0.0954421982169151,-6.09343004226685,247.931741437204,66.9311478657868,362.79880297373
115.75,-1.41484498977661,-5.49195098876953,4.64328336715698,55.9951987969906,26.076852873692,12.1406373440356,5.83558893203735,-0.610570907592773,-6.35522603988647,250.414870370341,39.2642952552075,371.218896257982
115.755,-1.07012546062469,-4.42115688323975,4.00140190124512,33.9021493793569,23.2056752805977,8.15634211435701,5.97684669494629,-1.55013644695282,-6.96061420440674,253.811468803075,7.19288502154512,379.274776534932
115.76,-0.190542593598366,-3.27400016784668,3.3617160320282,19.4570950018182,22.5824888207258,5.15127317673661,6.66645240783691,-1.76739072799683,-5.88261461257935,260.08319438579,-4.8305975027518,383.745873007136
115.765,0.540674269199371,-2.2540876865387,2.85637450218201,4.27249292727313,22.9030774097987,2.2292194255056,7.49487829208374,-1.77627217769623,-5.76250171661377,265.663704824501,-18.7378572991956,385.966613393117
115.77,0.896525025367737,-1.41183626651764,2.53483843803406,-13.4672120525611,23.5280994830101,-0.774460475753201,8.2619104385376,-1.77018666267395,-7.16490030288696,269.739934400408,-39.9826194200286,386.337301419752
115.775,0.976980268955231,-0.558847963809967,2.39580345153809,-25.0358278837972,22.6934281683197,-2.73308290746427,8.4573392868042,-1.93514347076416,-7.10383415222168,275.787301929267,-51.4115852034947,384.952466905153
115.78,1.23704087734222,0.221624538302422,2.6409125328064,-36.7273341861276,27.3215045857651,-5.69406831007752,8.68844699859619,-2.59337663650513,-6.9028844833374,277.597247417807,-55.931459471656,381.995705334212
115.785,1.51866590976715,0.932341635227203,3.05558633804321,-48.2071097468294,36.5492540789924,-9.27199375112336,8.91006183624268,-3.79770970344543,-6.93058443069458,278.375697737892,-56.573951461217,375.97724316592
115.79,1.73941922187805,1.57848453521729,3.53004193305969,-59.4077286459636,50.0730286356177,-13.2487800415831,9.12110710144043,-5.58527708053589,-7.3602147102356,279.66515549092,-54.9114731719522,366.156633252735
115.795,1.89526915550232,2.29684519767761,3.95711207389832,-72.5061463418372,66.0266600649479,-16.7436025709974,9.7408332824707,-7.5765905380249,-7.58112573623657,279.803808331072,-54.323632941035,356.420143949369
115.8,2.09269332885742,3.02847051620483,4.39784097671509,-87.6462100334651,82.6667016002023,-20.8505082340142,10.5001907348633,-9.19129085540771,-8.19035243988037,277.279452376105,-52.7469315824618,339.207001731426
115.805,2.23709225654602,3.67534351348877,4.81204271316528,-104.611443705293,99.0422099089021,-25.0062360892182,11.3192491531372,-10.2906675338745,-8.82583141326904,273.566370297989,-46.8020407968148,318.083986025001
115.81,2.2499258518219,4.15426254272461,5.16610813140869,-123.341304560518,114.380089539272,-28.7654680480083,12.1380453109741,-10.7327661514282,-9.20100021362305,269.765151458824,-33.53184725841,295.650502903661
115.815,1.99504053592682,4.35802745819092,5.3258113861084,-142.410455062763,126.452332784054,-30.5140579472341,12.4139585494995,-9.99650096893311,-9.2168083190918,263.032661314699,-14.0863644319545,273.316139487557
115.82,1.72624897956848,4.402503490448,5.29563283920288,-161.090271121939,136.476960447746,-30.3621921061335,12.0037527084351,-9.01853847503662,-8.99462699890137,253.084736675385,6.24540929073059,253.818135067705
115.825,1.40156984329224,4.31486558914185,5.05081701278687,-179.65401494636,143.480130988679,-28.4070214279134,10.9659194946289,-7.96634960174561,-8.77664184570313,239.804991117426,27.3590023243085,237.403687850547
115.83,0.963958561420441,4.11909532546997,4.54375028610229,-198.436133578925,146.005893962614,-24.6318802509989,9.3256721496582,-7.04463863372803,-8.86746025085449,222.790907932654,49.1832974584805,224.620538026382
115.835,0.470135360956192,3.53098702430725,3.71426630020142,-210.685586081722,136.081232947614,-18.5654120981258,7.66907596588135,-6.11968040466309,-8.77350902557373,202.691286790329,61.7010534522546,209.210893598403
115.84,0.0155696142464876,2.57275891304016,2.54730582237244,-213.447031563159,118.370730014689,-12.2418855069709,5.81087636947632,-5.20937633514404,-8.85197925567627,181.036923347613,67.4496616766283,191.388785374441
115.845,-0.423855125904083,1.27786290645599,1.10750246047974,-206.367076035577,94.5072170170129,-6.06053271848445,3.63528227806091,-4.41985702514648,-9.00191402435303,157.746934504353,64.5350423728655,171.215124981513
115.85,-0.902288734912872,-0.328096956014633,-0.509815871715546,-188.051158795001,66.4458287743116,-0.578629187212856,0.908989250659943,-3.96303963661194,-9.00194931030273,132.334669282187,48.1893819908386,148.535235955675
115.855,-1.17883455753326,-1.8949146270752,-1.85451757907867,-161.628093877564,44.8594257138365,1.13315890571297,-0.669146060943604,-3.7249071598053,-8.32225799560547,107.970257531538,18.6497990853213,120.684948369651
115.86,-1.47125399112701,-3.63310265541077,-2.64445328712463,-139.269114459691,30.8169734218296,1.97308242243166,-1.89533734321594,-3.25610733032227,-7.20055723190308,84.5589167172951,-12.2742571885422,91.0282191821319
115.865,-1.75971400737762,-5.55388116836548,-2.79153680801392,-117.746669290604,22.5992774257057,2.50322313623124,-2.28192687034607,-2.48242568969727,-6.15059757232666,63.7077288794585,-40.7874650061608,62.7318041300904
115.87,-1.90697240829468,-7.62994003295898,-2.08367514610291,-83.3217508925523,15.3458538762258,3.27665710925738,-0.0444139651954174,-1.3236495256424,-6.58700275421143,50.3590223165444,-59.9240567962707,43.9085233624927
115.875,-2.03335285186768,-9.87829399108887,-0.994419038295746,-47.0978050633493,15.4695861681352,1.8786102340398,4.09669589996338,0.158796921372414,-8.65199947357178,29.5210543098464,-85.2226471800803,16.2130437215546
115.88,-1.8698844909668,-12.2062377929688,0.25725731253624,-11.0905452780176,19.7428171827255,-1.12110607642713,7.9074330329895,1.5010529756546,-9.70685195922852,5.47935917908406,-99.5444610393298,-7.40649150387445
115.885,-1.47200036048889,-14.490119934082,1.48735094070435,23.870445639684,27.4238686308561,-5.3572827811616,10.8266630172729,2.52506136894226,-9.37761211395264,-20.0520557049451,-98.8571117823947,-24.219259985502
115.89,-1.36735653877258,-16.2455997467041,2.05615496635437,55.9294582262292,38.2792282976353,-9.69541937588725,12.4697313308716,2.86374759674072,-8.55792045593262,-43.3600147759111,-81.4815749867459,-34.4295970776328
115.895,-1.67722868919373,-15.9075813293457,1.57934129238129,75.9183517568246,50.8331774638213,-10.8657133797873,12.9076509475708,2.62378597259521,-8.85207176208496,-61.6961493764305,-64.4380536866513,-45.9004045999544
115.9,-2.18045377731323,-13.9687767028809,0.848966836929321,82.1969963211697,65.4960294985188,-9.36462563042072,12.457558631897,2.03519701957703,-9.56765365600586,-77.3498501238326,-48.9488717057874,-57.8551720061064
115.905,-2.79618787765503,-10.6831188201904,0.270727306604385,74.8506565857682,81.868300297552,-5.53313112398545,11.2867021560669,1.1840500831604,-10.3507795333862,-90.9883855188924,-35.0076701380368,-69.5536468089374
115.91,-3.43753981590271,-7.12729120254517,0.975421547889709,62.4992703397973,95.0985406444068,-1.4016172498845,10.0829277038574,0.213503181934357,-10.1691389083862,-102.324628069281,-18.8136006819965,-77.0882128974861
115.915,-3.78447723388672,-3.98258328437805,1.58021199703217,54.0137882395266,96.153053550365,0.742647962559367,8.86526203155518,0.45290020108223,-11.6149730682373,-117.78587457644,-1.1399137493587,-82.7083042824368
115.92,-3.84691143035889,-1.61252164840698,2.21351718902588,46.4808306605275,86.4924886298123,3.66084180313567,6.67894411087036,-0.192747384309769,-11.2189083099365,-134.423300149242,27.2451618538646,-85.2645435604491
115.925,-3.60456991195679,-0.178246840834618,2.95901012420654,38.6352553232169,67.5845784033036,8.85129422561195,2.96201348304749,-3.02428340911865,-6.99209451675415,-150.176626035878,71.7031619822538,-83.9926667143444
115.93,-2.88290095329285,1.64787817001343,4.07431268692017,34.4291872662826,62.6875718250254,16.2788406413766,-2.36193513870239,-10.6694612503052,2.06377267837524,-154.798601386847,130.328451477657,-79.1188417981092
115.935,-2.08713555335999,2.53264021873474,3.18560314178467,29.6678623958667,83.6300041599842,24.737881371823,-5.75475406646729,-19.3472423553467,7.50247430801392,-162.673700216845,178.031885999617,-83.6532472937297
115.94,-1.34196531772614,2.36833906173706,0.634199559688568,23.611648064485,116.055787659675,31.8090754742469,-8.78277206420898,-31.289722442627,10.4089088439941,-167.413742217807,196.284528367722,-98.0604248572261
115.945,-0.749732553958893,1.0050253868103,-3.41003441810608,15.5925842147087,149.241696081908,35.4818560211649,-12.6703262329102,-48.4733505249023,11.491530418396,-163.742255991737,168.535751053143,-123.314571200106
115.95,-0.451490819454193,-4.60175466537476,-6.38507509231567,9.03173501687899,143.087955186915,26.7945571988459,-12.2331762313843,-41.8171539306641,3.30440807342529,-147.657146835978,110.187610143691,-140.233291283686
115.955,-0.838452696800232,-14.1257171630859,-4.92521667480469,9.94417913432735,80.7187589696713,10.1547436211551,-7.0806450843811,-27.7461071014404,-0.55738240480423,-131.814523056134,36.5728865335207,-150.398812089578
115.96,-1.96190714836121,-25.8743305206299,0.514277219772339,17.0827983029167,-6.81399607215112,-9.18042482001558,-0.115377798676491,-13.2957887649536,-1.57670497894287,-121.885094569093,-24.5100057705438,-151.942025030651
115.965,-3.94294738769531,-37.8922080993652,9.66753387451172,29.3596364491915,-82.4320163003206,-24.8131329810036,5.15515470504761,-7.27659034729004,-1.39799416065216,-125.448417919467,-37.1708593500715,-141.851267475414
115.97,-6.80128479003906,-44.4538421630859,14.5341024398804,87.1286524491073,-160.185530604101,-55.2894080292965,9.08305168151855,-5.83753681182861,-3.77632999420166,-129.652249089448,-36.12674199203,-146.893763913203
115.975,-10.7480201721191,-41.3033256530762,9.35252952575684,141.726520900413,-166.867081197396,-64.4878047845657,12.1493616104126,-3.5762197971344,-4.24923801422119,-138.935965152734,-25.4302832611965,-158.585558791025
115.98,-13.3468408584595,-29.3998489379883,-2.28244280815125,160.571969046962,-118.652079166981,-41.8332147794139,14.473973274231,-0.192766651511192,-4.04386281967163,-152.463168464323,-5.50270775387492,-170.319728162459
115.985,-9.81747150421143,-10.0874519348145,-13.6325607299805,83.2910560224223,-48.1161589478415,32.2620946011372,16.1553363800049,4.43044567108154,-5.88365888595581,-168.628505022072,24.2561669126822,-170.475292550995
115.99,-1.88281965255737,1.76671028137207,-10.4093179702759,1.64310904671747,-0.86550337557318,64.1643406858522,16.5846481323242,5.91983366012573,-9.29591655731201,-178.672762649439,53.5937111150033,-159.828202427483
115.995,4.36263084411621,5.51225233078003,-5.52115774154663,-21.4353978232099,19.0632492188023,57.9137203876717,15.4767589569092,4.76359128952026,-11.2856225967407,-183.771266638422,80.1827462141762,-149.023143688846
116.0,8.31841850280762,3.37365293502808,-1.1571444272995,0.262362853904543,16.7438296747873,26.2741753312664,13.2509956359863,1.70452189445496,-11.9758138656616,-184.924079626915,100.03805148989,-140.993026885445
116.005,10.2457695007324,1.52370774745941,0.960865378379822,7.79537856955289,6.38150038305627,2.59987970449703,11.1292734146118,-1.44699776172638,-12.6953792572021,-184.254352258039,101.800397390104,-140.651449125053
116.01,12.6147003173828,4.66090726852417,0.203595265746117,31.3241832695948,-36.7373404132617,-29.5035177991524,9.58876514434814,-2.87663507461548,-12.4299592971802,-175.493965288959,109.49948907538,-135.014890154013
116.015,12.8627099990845,6.3667950630188,0.320220708847046,61.9864460765344,-58.9332285741337,-47.848777532403,7.94644451141357,-3.78594732284546,-12.3396844863892,-166.416425315958,111.695326591647,-123.914439394152
116.02,10.5444478988647,5.78176736831665,1.58721888065338,85.2126887642704,-41.3542853299072,-47.1127734229154,6.25820636749268,-4.56674766540527,-12.4353303909302,-158.506574483463,107.300912653255,-107.910595829138
116.025,6.14412641525269,5.31279945373535,1.54564094543457,41.8743530087849,50.2954844817904,-24.6415398460326,5.46791172027588,-5.84594297409058,-11.6070594787598,-150.920256051574,102.683547679976,-89.7881436968027
116.03,1.00164937973022,4.15053701400757,-1.33089601993561,-15.8637768757041,123.406696791631,-20.2516355400402,4.99608135223389,-7.68252420425415,-11.4515256881714,-147.995937879189,96.3416897148624,-78.5127717922973
116.035,-2.39099550247192,1.0564147233963,-4.15168809890747,-65.0607688634705,166.03597011881,-27.5058838348623,4.87796688079834,-9.79157829284668,-11.8605508804321,-144.569532500917,85.9381641371525,-70.2454903303463
116.04,-3.24284267425537,-4.34496927261353,-5.35370540618896,-95.4773429357757,174.622241905568,-43.4474411972872,5.1389422416687,-11.9393606185913,-12.6184720993042,-138.857103788577,70.9833898173287,-65.1706597770269
116.045,-2.51658892631531,-11.1678056716919,-0.396079570055008,-90.4220467234824,161.141606823741,-59.2127267451598,5.79663562774658,-12.9712953567505,-12.1563444137573,-130.913935293311,55.0034382540318,-74.5683443768041
116.05,-3.44953989982605,-18.4687347412109,0.661242365837097,-74.2920290739312,127.64536192638,-69.4151237423804,6.87041425704956,-12.6960401535034,-11.6261940002441,-123.128544167872,44.0484978442484,-86.0742351657974
116.055,-6.26610469818115,-24.3778514862061,-1.09099841117859,-61.6124522383412,90.4707391420754,-72.1981457914046,8.04578685760498,-11.5643253326416,-11.2809028625488,-115.774383865871,37.5541456606306,-95.9000018718052
116.06,-11.0605535507202,-27.6530380249023,-4.93308258056641,-60.2830105579116,59.1317958336843,-66.3724452218689,9.12844944000244,-9.86214351654053,-11.2384309768677,-108.957110583579,35.8436067452709,-101.812999089123
116.065,-15.514235496521,-25.092134475708,-5.46254444122314,-71.0586653321714,53.355624380915,-55.5858040883292,9.50700759887695,-9.31181526184082,-11.0348243713379,-101.549866051348,45.6362880149391,-101.294669693389
116.07,-16.9140434265137,-20.7162189483643,-4.79941654205322,-89.0896748918989,47.5557965679553,-39.0221479736576,9.52753067016602,-9.36297512054443,-10.7882556915283,-94.133557858089,58.3207723414478,-99.6853132003938
116.075,-16.2923431396484,-15.9215393066406,-4.38142204284668,-107.081526977115,30.1885003955401,-23.5174785388507,9.06388187408447,-9.54692268371582,-10.483434677124,-86.7395570626592,69.2865932425791,-97.4511378323151
116.08,-14.3470439910889,-11.7937545776367,-5.36788034439087,-119.225978981802,-8.64241081909368,-14.5775344342275,7.98602724075317,-9.49874114990234,-10.1046276092529,-79.3941735537416,74.75896812635,-94.9249377262725
116.085,-12.5482511520386,-12.0282506942749,-3.64548754692078,-107.529580556478,-59.5340803154197,-17.5616406675115,6.36384916305542,-9.12207698822021,-10.1443758010864,-72.9359633161169,67.3168623085958,-91.1783467400888
116.09,-10.3569011688232,-12.9339427947998,-0.918305635452271,-94.6274761577293,-103.380322597966,-26.0374512199175,5.26676416397095,-8.76563835144043,-10.0568161010742,-66.4372705472815,53.7871898836222,-86.811219407431
116.095,-7.52700757980347,-13.6696872711182,2.15312886238098,-87.8628841245054,-135.651491105415,-34.0083417454776,4.58166980743408,-8.39433479309082,-10.0270700454712,-60.3943221508153,35.5735888768128,-81.9544904546884
116.1,-3.70039081573486,-13.1655912399292,4.76539134979248,-96.9339900593076,-149.766077025247,-33.9012477943864,4.1981520652771,-7.96293449401855,-10.2921705245972,-55.4656234947882,14.0793071389946,-76.7349828343697
116.105,-0.148294821381569,-11.3785972595215,4.53214359283447,-115.665401367474,-150.308476007616,-30.6740312228796,5.27207946777344,-8.16304969787598,-10.8585615158081,-52.0673243449509,5.9579458384718,-73.1271676317422
116.11,2.11276054382324,-9.91728210449219,3.74189925193787,-129.232110493222,-149.275245971111,-26.32111409879,6.92270374298096,-8.6430139541626,-11.4146108627319,-47.5447077558378,0.192088638359868,-68.3142338519577
116.115,3.14057421684265,-8.93961620330811,2.77233195304871,-138.047985919119,-142.665385043345,-20.229422057312,8.74502182006836,-9.26276969909668,-11.8947734832764,-41.8855067076996,-2.02062011216812,-62.7368721304546
116.12,3.02184653282166,-8.62649631500244,2.0792601108551,-143.957643173933,-121.048218810848,-10.844383552783,10.0824422836304,-9.80867862701416,-12.1996803283691,-35.2262805877068,3.1227840463144,-57.446098316336
116.125,2.72753477096558,-8.85959053039551,2.1524875164032,-157.725173521657,-85.5106557668122,-2.90111388533963,10.0760021209717,-10.5008382797241,-12.035213470459,-28.64386677512,13.9966849019259,-52.3313282318448
116.13,2.15057134628296,-9.45673084259033,2.30736780166626,-170.817566990683,-46.9052039740387,3.0562289754945,9.87223052978516,-11.3740577697754,-11.6667127609253,-21.8491553152036,25.1506279958195,-48.2180756155419
116.135,1.34565937519073,-10.2825260162354,2.34613609313965,-181.893183182722,-8.67394580249162,6.60235796496322,9.65275764465332,-12.3154706954956,-11.1503953933716,-14.9212585815665,34.9029496776822,-45.3568991269398
116.14,0.490145236253738,-11.0301370620728,1.93188309669495,-189.968693423347,23.0821376490797,6.47874776268527,9.52761650085449,-12.9902744293213,-10.5398740768433,-8.18334441346701,40.2160957764271,-44.2903070314343
116.145,-0.197162315249443,-11.5386562347412,1.35536193847656,-199.128960647574,48.1457097612856,2.92754543676711,9.37064266204834,-13.2519178390503,-9.75075721740723,-2.10095637029899,44.4299229282586,-43.6608846088501
116.15,-0.455435872077942,-11.9053258895874,0.994219183921814,-208.980046864835,71.1921955304451,-0.98175730403247,9.08910369873047,-13.414421081543,-8.91517543792725,2.98703446344722,47.235433375125,-42.5353138298616
116.155,-0.349755078554153,-12.2103691101074,0.960593700408936,-218.880843198876,92.4380931702276,-4.41096476741138,8.64228439331055,-13.583062171936,-8.09951114654541,7.04273953434167,48.5192835428448,-40.5920771996688
116.16,-0.44465246796608,-12.7309284210205,1.40015387535095,-226.233596481908,108.218261700302,-6.51798933390111,7.93291711807251,-13.9351253509521,-7.48143100738525,10.2282219424724,48.0615242646706,-37.2640777718639
116.165,-0.540335655212402,-13.6061735153198,1.88135588169098,-231.046202412612,117.559098635617,-7.6772871601243,7.14260959625244,-14.4318809509277,-6.74731874465942,11.9842704082719,43.8589703400643,-33.4820859152119
116.17,-0.75484299659729,-14.5178918838501,2.2962532043457,-235.882632043141,130.915970689684,-8.33554920270522,6.49703311920166,-14.9539995193481,-6.1166467666626,12.5859784845251,38.4113583071292,-29.3070918039066
116.175,-1.10017848014832,-15.3127040863037,2.6337456703186,-241.56775365918,150.86605167032,-8.30209835124508,6.00709009170532,-15.5317258834839,-5.61526441574097,12.1559036706042,32.9764470109559,-24.8379948695824
116.18,-1.3180615901947,-15.6295509338379,3.11845684051514,-247.64350745423,168.270275260483,-4.9483734428181,5.10321760177612,-16.7288494110107,-4.82055473327637,11.2065739703168,31.0532501557879,-20.7965053433415
116.185,-2.07881236076355,-15.4508876800537,3.32316565513611,-248.64525031866,175.383698714998,-5.3182930731714,4.35447788238525,-18.249044418335,-3.93271470069885,10.4183556259454,29.0178845189753,-19.072324832662
116.19,-3.09188914299011,-15.3300380706787,3.19508457183838,-245.157018068022,162.435408577082,-9.82002763955767,3.81025099754333,-19.8679523468018,-2.98044013977051,9.60233414278373,26.5461893225095,-18.7658320464887
116.195,-4.19098424911499,-15.5792217254639,2.72171688079834,-237.35057629956,124.289075270127,-18.6653992373856,3.46646189689636,-21.4479961395264,-1.97918128967285,8.7080711351323,23.7072894958854,-19.6124288714699
116.2,-4.89039087295532,-16.5040454864502,2.51238656044006,-227.259204027298,81.3756865640431,-27.6577957797399,2.57613754272461,-22.5454864501953,-0.998879909515381,8.65023480078793,25.2614461075557,-23.9781457700641
116.205,-5.52009868621826,-17.1570663452148,2.33505821228027,-213.738612338826,45.7280857573841,-33.9766121016883,0.750062108039856,-23.1410808563232,0.0361824184656143,8.44047883760319,29.5747259363444,-30.5960509531256
116.21,-5.58533143997192,-17.2287483215332,2.22391819953918,-197.092567067292,18.0773455630569,-38.4643434996156,-1.90745067596436,-23.3828716278076,1.19131398200989,7.82005860434508,33.6352016809307,-38.758816860397
116.215,-4.65772771835327,-16.4371356964111,2.21022796630859,-177.371529650282,-0.505054923082008,-41.6794399004403,-5.36428022384644,-23.3670654296875,2.5258457660675,6.55789343346644,35.0301551207845,-47.998064977092
116.22,-2.48291182518005,-14.6721563339233,2.18615460395813,-152.333094341769,-12.4812631468123,-41.7708517371971,-9.22152328491211,-22.7398948669434,4.60563993453979,4.18239931702608,32.4438800858971,-57.3994208035481
116.225,-0.805514514446259,-13.4179792404175,2.12020397186279,-128.499681987765,-21.5449916235373,-40.1604160743132,-11.9938325881958,-21.4910106658936,6.78381061553955,0.493061911312259,23.2907589470886,-66.6486717322826
116.23,0.662743866443634,-12.3289079666138,2.10373401641846,-107.238061252513,-23.9847812988428,-37.3376354941303,-13.5917472839355,-19.7949504852295,8.75909042358398,-4.35611621394207,8.93276813712644,-75.1935184217245
116.235,2.26797366142273,-10.9833059310913,2.25533437728882,-90.4631917830426,-14.6279822114372,-33.8242544869675,-13.8125305175781,-17.836612701416,10.137354850769,-10.2608625627423,-9.31927744320006,-82.2858844030282
116.24,2.86224985122681,-10.1056795120239,3.27130484580994,-71.4035420739328,12.2572679467554,-28.7854873324657,-13.6385660171509,-16.2081165313721,10.6310977935791,-18.2490650565274,-16.7191248805594,-87.2757815540186
116.245,3.04608702659607,-9.51121139526367,4.68234205245972,-53.0710650397139,46.4543295265478,-21.8704928261707,-13.5770587921143,-14.8341836929321,10.7168302536011,-27.5244704871412,-17.4192482987897,-93.4001936167156
116.25,2.78585648536682,-9.11490058898926,6.13944864273071,-35.5226937222124,83.8973241037202,-14.5923286239698,-13.6076889038086,-13.7970933914185,10.5160284042358,-37.4325819537827,-12.334081107935,-101.072586092526
116.255,1.90788388252258,-8.79601001739502,7.03561735153198,-18.6317878764799,118.299600424673,-9.81653912043909,-13.6482629776001,-13.2961196899414,10.178542137146,-46.8837127838152,-2.15015550355106,-110.898564534398
116.26,0.84143602848053,-8.07346725463867,6.98337888717651,-0.534849915788896,139.759890872313,-9.16344753105987,-13.6689071655273,-12.835355758667,9.39079856872559,-54.2524213887485,6.78948380388041,-122.064810506534
116.265,-0.24169360101223,-7.29457473754883,6.3970799446106,14.7560994847938,151.270289586158,-9.17250094680472,-13.6595344543457,-12.7195587158203,8.49946784973145,-59.0731108483355,13.2630312312864,-130.804392719402
116.27,-1.28650438785553,-6.61026668548584,5.53127574920654,29.668477112892,154.397546339162,-9.17122114010899,-13.6306743621826,-12.930214881897,7.58282136917114,-62.2662652664515,17.69675717722,-138.264994689429
116.275,-2.19198083877563,-6.34192705154419,4.95040845870972,52.6883558801397,151.849421325884,-8.46075169283343,-13.614857673645,-13.3323154449463,6.74019145965576,-66.5310217238291,21.5895773908919,-149.038935086207
116.28,-2.80581140518188,-6.43596363067627,5.1219630241394,75.0878758858319,139.54661138529,-5.9775275639354,-13.2559490203857,-13.4300804138184,5.8394627571106,-70.7547492348625,22.8380044900287,-158.342226471655
116.285,-3.28138113021851,-6.59158182144165,5.35512161254883,98.9896379428605,122.303771504836,-2.55246004896716,-12.4777975082397,-13.1282777786255,4.74124336242676,-74.4664242940092,21.9315308116885,-166.643583747375
116.29,-3.62779951095581,-6.69715595245361,5.3056206703186,124.776122399462,100.420070800358,1.3143895443245,-11.3088054656982,-12.4451894760132,3.44728374481201,-77.6723238451164,18.5291250106128,-174.011185861662
116.295,-3.73418951034546,-6.53255844116211,4.05771541595459,152.10966519364,70.4769449507506,4.12030948237608,-9.95767021179199,-11.561372756958,2.10514211654663,-80.8727933958335,10.5498000552013,-180.294399822562
116.3,-3.43524599075317,-5.94259595870972,2.13602113723755,178.00684652612,34.5025434979685,3.62249626736157,-8.69515419006348,-11.0232162475586,1.48133385181427,-83.9814993550514,5.45126276904639,-185.171564701302
116.305,-3.00956988334656,-5.17313718795776,0.550373375415802,199.147716347035,1.65856405726191,1.56362453452044,-7.54162120819092,-10.7965106964111,1.44748103618622,-86.6438729425765,1.92160648830845,-189.185270725546
116.31,-2.6233446598053,-4.30696296691895,-0.312038213014603,213.613046141125,-24.0899679196083,-1.2985145838678,-6.53055620193481,-10.8958358764648,1.9985773563385,-88.4101325411851,-0.0756075927704627,-192.280999325341
116.315,-2.87156820297241,-3.37504148483276,-0.214750319719315,216.368262490038,-37.0000465642133,-3.30368267369924,-5.84657430648804,-11.4540586471558,3.30012631416321,-86.7686878194693,2.3836410380163,-192.746353773872
116.32,-3.05415749549866,-2.81314992904663,0.0518516451120377,211.756682686985,-46.0135842495961,-3.98232258566889,-5.28972196578979,-11.6711645126343,3.94926881790161,-81.8435613523782,5.79340530070572,-189.81181763849
116.325,-2.95545172691345,-2.33691382408142,0.481373816728592,205.986347630862,-49.7909486530853,-3.72350921565736,-4.8739857673645,-11.6807994842529,4.01368188858032,-78.4114937472843,8.03097484591507,-185.189623721467
116.33,-2.47600340843201,-1.80051636695862,1.02072191238403,202.35174442631,-47.6025492128241,-2.75936419473001,-4.61568737030029,-11.5273113250732,3.48761248588562,-79.0420909624058,7.80602171182706,-179.6638913999
116.335,-2.15582895278931,-1.19514882564545,0.612021148204803,202.336472123326,-44.2782517475492,-2.50933764964228,-4.53460597991943,-10.9467811584473,2.20931124687195,-83.1158480098331,3.23059367316458,-172.769853621526
116.34,-2.0608823299408,-0.715428531169891,-0.686208784580231,203.13903301118,-45.6005012387828,-3.48353201327285,-4.34920072555542,-10.1563520431519,0.857095777988434,-90.2410057293421,-6.66404012269714,-166.931298635972
116.345,-2.11713099479675,-0.465330183506012,-2.13759851455688,205.074653980449,-49.3643486979047,-5.54954705676875,-3.77279043197632,-9.42824172973633,-0.839452922344208,-96.806975861502,-19.6966775473347,-162.932728310928
116.35,-2.27490782737732,-0.541667699813843,-3.16543555259705,208.463629922069,-53.9643205944628,-8.6688487738235,-2.5532603263855,-8.98292922973633,-3.11664795875549,-99.9057780464235,-34.3233842209445,-161.511202020109
116.355,-2.57104325294495,-1.45038104057312,-2.32832622528076,208.772122246122,-60.7458036855041,-12.756403657148,-1.06655526161194,-9.11765098571777,-7.87361907958984,-106.898949190411,-73.91694923566,-162.914259479413
116.36,-3.0723659992218,-3.08854675292969,-0.709253430366516,206.880323770568,-67.0259440612774,-15.9783225631798,-0.0942352488636971,-10.5923385620117,-11.6246843338013,-115.618095477283,-116.073505170382,-164.51059763185
116.365,-3.84417200088501,-5.63303232192993,1.15192234516144,204.344383814769,-71.5789071808729,-18.0263291725987,0.0027766758576035,-13.3984327316284,-13.859299659729,-124.766587455381,-157.036171358943,-164.198649232077
116.37,-4.98930597305298,-9.37577342987061,2.59553837776184,203.069870515645,-72.7316586976635,-18.4228011633505,-1.2963182926178,-17.6275939941406,-13.8193607330322,-132.74841482135,-191.992942927285,-159.191164343974
116.375,-6.9497709274292,-15.0938320159912,2.2949001789093,202.659403467284,-76.6461220732678,-17.9886726321572,-2.70208811759949,-22.3988380432129,-11.4052104949951,-122.189857609859,-167.589510305908,-146.078649137653
116.38,-8.90361309051514,-20.7488040924072,0.257593095302582,201.030102821912,-88.5012882458481,-17.311223734424,-3.20827960968018,-24.3409576416016,-9.06431102752686,-105.651599553616,-131.163565047097,-138.351123374863
116.385,-10.0665760040283,-24.9998302459717,-3.0028920173645,197.19043001772,-104.330115043569,-15.4033077199766,-3.1100869178772,-23.2625789642334,-6.95196485519409,-86.5460236525269,-96.78411521835,-135.792671115559
116.39,-8.95597076416016,-25.3731269836426,-6.64317893981934,189.248313371585,-116.489231464404,-10.203202105769,-3.0091278553009,-18.8380088806152,-5.12885904312134,-69.7463401058018,-86.3406603547521,-137.118356191945
116.395,-5.6634202003479,-21.8813571929932,-7.36236238479614,196.132502017176,-122.660484964429,4.61400238577377,-3.76058101654053,-15.2107305526733,-5.60827207565308,-57.728847657407,-104.06093045819,-131.539976772256
116.4,-2.54743385314941,-18.6581268310547,-6.3751163482666,213.886731821167,-136.512327167269,22.3702492300041,-4.46672868728638,-13.0686073303223,-7.0102424621582,-46.3706153129855,-132.493320916228,-122.179981156319
116.405,-0.0981666073203087,-16.3351593017578,-4.20198631286621,237.878959733753,-158.996845462087,40.6828333382654,-4.88542032241821,-12.2025785446167,-8.72712421417236,-35.1711643761994,-164.695654777222,-109.877984008236
116.41,1.05550920963287,-15.3288955688477,-1.80778217315674,256.639877459134,-188.698223596211,55.0992077514791,-4.61252975463867,-11.8703536987305,-9.521653175354,-24.1882065304405,-187.161321749931,-95.6735811008193
116.415,1.80432796478271,-14.7463006973267,0.0560301765799522,261.529965055783,-200.728713894596,65.3275423920729,-3.35333061218262,-11.3356084823608,-10.2743644714355,-13.8821264078455,-197.664868617847,-81.4614464192618
116.42,2.34533429145813,-14.4284362792969,1.3302413225174,259.556887329106,-193.577096022243,72.792986966221,-1.41952681541443,-10.6792116165161,-10.8945407867432,-5.11396412216906,-203.760498263382,-70.5416063516231
116.425,2.76227283477783,-14.3465805053711,2.12725901603699,253.190850494331,-168.426959800043,77.4237664310304,1.02289485931396,-9.9525260925293,-11.4375915527344,2.76873841592244,-208.049911703663,-61.9230892417934
116.43,3.24890565872192,-14.5256299972534,3.03086185455322,246.951609291307,-132.313058563653,77.4598844713615,3.51103281974792,-9.31437301635742,-12.2528076171875,13.6718308597163,-215.12019568338,-47.6813012939543
116.435,3.77141618728638,-15.1500158309937,3.66054892539978,240.509101658585,-102.075817938196,73.0767813262351,5.61990404129028,-9.24060249328613,-13.0147514343262,23.8431880622538,-214.061065569543,-30.7146162069278
116.44,4.11800050735474,-15.8809041976929,4.24214696884155,233.617932559662,-77.8031219677221,66.2068950967662,7.34529399871826,-9.36583232879639,-13.5065250396729,35.6281415977137,-203.034531116879,-13.2043675902788
116.445,4.15101861953735,-16.5932426452637,4.82830095291138,226.541993183312,-60.0022419716999,57.5697520610699,8.67167282104492,-9.52727508544922,-13.6581916809082,49.7401627815117,-182.209639507347,3.98899354605388
116.45,3.39578938484192,-17.191764831543,5.23117017745972,222.179701624587,-50.9985158530598,48.2290756352002,9.58226108551025,-9.37766170501709,-13.5742702484131,65.0339467105999,-160.484884135044,19.8446621334395
116.455,2.09291195869446,-17.7827129364014,5.36860179901123,219.494289808991,-48.4982499752958,40.3221481236699,10.3932247161865,-8.88968467712402,-13.6358127593994,84.4057907062926,-142.969287480275,35.3347132558753
116.46,0.543506443500519,-18.417028427124,5.30881929397583,217.7978347437,-48.6962298385778,34.6253742049074,11.2362241744995,-8.20378494262695,-13.6297836303711,104.914642632739,-126.503313316019,50.8706922778376
116.465,-1.07610976696014,-19.120231628418,5.07620096206665,216.754468706467,-49.7907471625048,31.460022071808,12.1762018203735,-7.38669967651367,-13.4636754989624,124.904488974724,-109.069986289802,66.6702414696815
116.47,-2.20634841918945,-19.8245162963867,4.65866899490356,215.86551958599,-52.8023995487114,27.0228340737388,13.099328994751,-6.50338983535767,-13.5638208389282,141.370326535197,-83.3302066667448,82.6952313003654
116.475,-2.2648286819458,-20.2543163299561,4.18658447265625,215.677962591381,-54.6933920619428,23.4702546109292,13.7753343582153,-5.55777931213379,-13.8894348144531,156.705207712521,-52.3778008389576,97.869432277465
116.48,-1.10732758045197,-20.3310546875,3.83637833595276,214.689497614697,-50.8619120696596,20.3956944749195,14.1680240631104,-4.6534276008606,-14.2303142547607,171.913429861876,-18.6078326955134,112.62537979055
116.485,1.45539259910583,-19.9705753326416,3.75593733787537,211.655336340081,-37.294936566534,17.5048049558805,14.2312469482422,-3.87528514862061,-14.4200887680054,187.786611908068,16.2459191295771,127.28170899459
116.49,2.24400806427002,-19.0802574157715,3.61654806137085,206.949855096319,-11.993007073994,18.3910339535207,13.9317722320557,-3.46264052391052,-14.3274602890015,203.100401461235,51.3205182912909,143.156257078615
116.495,1.76450574398041,-17.6677093505859,3.39051580429077,201.289704651886,3.31720964990704,18.5645463716485,13.2265739440918,-2.91294741630554,-13.9655227661133,216.185773495794,83.339092742855,159.271582991262
116.5,0.721266508102417,-16.1644840240479,3.11562013626099,195.07427348831,10.1970882326882,17.589973999736,12.2822408676147,-2.35849714279175,-13.305944442749,226.571868430742,107.9145300181,173.828218754176
116.505,-0.044082548469305,-15.1058149337769,2.83556842803955,188.762604959327,9.95986893262451,14.8319999619455,11.2896814346313,-1.96513497829437,-12.2902297973633,233.459444850161,118.962265377948,184.445365328367
116.51,-0.12733693420887,-14.5184688568115,2.38890433311462,182.591091912114,5.49002708079397,13.2032500005758,10.815034866333,-1.60912346839905,-11.4361553192139,244.269475966513,130.189265882751,203.483069639674
116.515,0.0350917130708694,-13.993577003479,2.03854084014893,175.392755545838,0.546472816682995,13.1456347936058,10.2638635635376,-1.25033152103424,-10.9347743988037,252.628398076558,136.129549705803,223.81598272329
116.52,0.316657513380051,-13.5263662338257,1.85446810722351,166.683226165318,-2.87402620886501,14.4912435318009,9.61507797241211,-0.937188506126404,-10.6809139251709,259.155381488936,137.759929521063,244.547191458166
116.525,0.536068201065063,-13.1569023132324,1.95912861824036,155.508476607665,-1.22347556432511,17.0231195250437,8.88102054595947,-0.770484924316406,-10.4812412261963,265.501583454362,137.052936640075,264.769195930039
116.53,0.694680154323578,-12.3759803771973,2.40163207054138,142.423418761808,5.56703490236493,20.4041041453351,8.1147518157959,-0.603776097297668,-10.2303562164307,269.055057671952,133.444329135504,282.667570046274
116.535,0.605216503143311,-11.4091672897339,2.93040299415588,128.72158117352,11.5510818818631,23.1172789723594,7.34330415725708,-0.444710791110992,-10.180380821228,271.493872337754,126.605656870542,298.11740330733
116.54,0.265749514102936,-10.3118648529053,3.48954105377197,114.169139146756,15.2674484271959,24.8327253786378,6.52592039108276,-0.317616492509842,-10.1559963226318,272.964985801948,115.170485860215,311.084790654166
116.545,-0.283956080675125,-9.15136337280273,4.01067066192627,97.5380929706385,14.421507300375,25.0515697622868,5.53002548217773,-0.293389230966568,-9.55782508850098,273.197840611132,94.8653101748183,321.290951085619
116.55,-0.816805422306061,-8.03429317474365,4.4401650428772,78.2820480021342,10.6887986736793,23.6886225888837,4.92392301559448,-0.518799662590027,-9.19520282745361,275.20037011351,78.6242268191735,329.975263407724
116.555,-1.18311560153961,-6.95077514648438,4.69640874862671,58.5024553733701,7.06346531649125,21.6624264810319,4.66034746170044,-0.890351474285126,-9.47878265380859,278.503394954614,60.4698708732248,337.117319015239
116.56,-1.31365728378296,-5.88008737564087,4.7331166267395,39.7665873667703,4.43775575754394,19.3704847880479,4.59259653091431,-1.3843138217926,-10.2854776382446,282.556319925073,38.7219782351085,342.83369557692
116.565,-1.03504264354706,-4.73540925979614,4.41590738296509,27.286938705923,3.981342453523,17.749255718728,4.08332824707031,-1.99343872070313,-10.63023853302,285.258670609811,11.516653459578,347.689222416368
116.57,-0.633746683597565,-3.74143052101135,3.96736478805542,8.13265245699447,4.51166950342088,15.3585375375145,4.00778579711914,-2.29171228408813,-9.66441631317139,288.99410106689,-4.2441092224035,351.505085181114
116.575,-0.245415911078453,-2.86684441566467,3.43549942970276,-10.8337446793771,5.0441886171555,13.9223382928103,4.2932071685791,-2.33738446235657,-8.5472240447998,290.628346769221,-19.6975808398525,354.14902408807
116.58,0.0709753036499023,-2.09473943710327,2.86882758140564,-27.3701850515271,5.49427375091043,13.9746934003457,4.86841821670532,-2.22622561454773,-7.80898380279541,289.527074388205,-37.4284633497131,355.669424197314
116.585,0.219901964068413,-1.34606957435608,2.54428339004517,-42.4590445224947,7.89188487365693,14.8082189508028,5.27389144897461,-2.62735676765442,-8.54228973388672,289.759819914362,-47.5636786062575,357.10941931965
116.59,0.277501732110977,-0.763598024845123,2.51876211166382,-56.750880681477,14.450170189227,16.7401823537705,5.79345607757568,-3.27503275871277,-8.47518730163574,290.782026025546,-58.5658395288679,358.008408818207
116.595,0.334195196628571,-0.24555079638958,2.69624066352844,-70.1938199492752,25.4166348356876,18.8735697429092,6.47823476791382,-4.36633205413818,-8.37748622894287,290.382951732721,-66.4941455325002,357.287468690934
116.6,0.438388109207153,0.261076986789703,3.03530859947205,-82.7863596842717,41.2045266021655,20.7205860831695,7.39150667190552,-6.02870416641235,-8.60466289520264,287.380783064177,-69.0307275260812,354.024550720635
116.605,0.603294670581818,0.807944655418396,3.49979853630066,-95.8427785469389,62.4928431317883,21.8210627471473,9.02141761779785,-8.24039077758789,-8.27269172668457,282.926270291278,-64.9653374603871,343.491470114749
116.61,0.604226529598236,1.32949006557465,3.9844810962677,-109.489011565193,84.1164229119158,22.1216115611954,11.3226871490479,-10.0988912582397,-8.74269771575928,276.537311341648,-60.2395773849795,328.094229310302
116.615,0.486071050167084,1.829256772995,4.43541717529297,-123.35182305184,104.021335851571,21.7716770643536,13.6443605422974,-11.1859378814697,-9.49112415313721,269.60133620177,-48.3381503411507,309.653210324888
116.62,0.277263730764389,2.30873203277588,4.80760955810547,-137.147398156296,120.467584429505,20.8503835830618,15.4695816040039,-11.1213912963867,-10.1183090209961,263.189181929719,-23.6360745285042,289.430959966205
116.625,0.208686694502831,2.45488286018372,4.94178342819214,-150.668071807038,130.59571677988,19.5468351497757,15.3584976196289,-9.01767539978027,-10.1763029098511,253.690738379305,13.5695317014225,272.611236644455
116.63,0.0725102052092552,2.54525423049927,4.94489336013794,-163.757828823044,135.548204984786,18.2767785490848,14.3917798995972,-7.13669395446777,-9.58507919311523,240.498255318183,53.0559156801348,261.782080998426
116.635,-0.117310151457787,2.54970932006836,4.69870853424072,-176.624839709838,134.840324179206,17.0916211997771,12.8674449920654,-5.60342693328857,-8.77583885192871,224.576251079804,93.1085377089669,255.362823329638
116.64,-0.347366899251938,2.42377543449402,4.03550672531128,-189.513529617057,127.427670137153,16.0624790314908,11.1170320510864,-4.60165023803711,-8.27357769012451,206.926646113519,131.616775419284,251.706732349957
116.645,-0.546265661716461,2.08049273490906,3.03207397460938,-198.33799742093,112.236899121127,15.9182783701862,9.53382587432861,-4.29268312454224,-8.07882595062256,185.973565513644,154.440467247906,244.85493246141
116.65,-0.631599903106689,1.62830054759979,1.78299307823181,-200.508850105214,94.4700129766038,15.8355374585807,6.67424774169922,-4.09177875518799,-7.95377969741821,162.732876975814,160.336450464002,233.973102396503
116.655,-0.643545627593994,1.04845523834229,0.315967917442322,-197.041777780623,76.2365702702555,15.4200860796728,2.6798267364502,-3.97392845153809,-7.83762502670288,137.832233903617,150.93337001478,219.109996045529
116.66,-0.659174978733063,0.280590295791626,-1.34940731525421,-189.540262977468,60.9369738501836,13.9767398957758,-2.14877772331238,-3.96203875541687,-7.64110517501831,112.17919085283,127.83750880811,200.026857315864
116.665,-0.827937602996826,-0.859978497028351,-2.56404185295105,-181.506526173808,53.4314497259859,11.5835969974069,-5.3733868598938,-4.31682014465332,-6.4573073387146,99.186675240037,97.3854450728779,182.297243513642
116.67,-1.05723226070404,-2.26138067245483,-3.25135397911072,-167.146326651423,44.8394030142846,7.29502110907255,-5.01349973678589,-3.87881302833557,-7.30075120925903,87.3543560502304,44.3860457930304,154.921722376826
116.675,-1.34994864463806,-3.91467642784119,-3.36067485809326,-146.221386430928,34.7274923631883,1.47169146895254,-1.8768949508667,-2.57388997077942,-9.01166534423828,73.6626408022929,-18.8074022853247,121.373117249287
116.68,-1.7539324760437,-5.8574390411377,-2.71990656852722,-119.548787382355,24.9262323759225,-4.63279010174636,1.21877443790436,-0.529219746589661,-7.1988468170166,53.3401813232016,-51.6607061081871,95.1928314058988
116.685,-1.99400210380554,-7.47795820236206,-1.37444412708282,-89.1683381805699,15.6507842566264,-8.82920966270436,3.63894271850586,0.636533200740814,-5.40458488464355,35.299486555231,-50.9003523743084,79.6459479869266
116.69,-2.13873314857483,-8.7402458190918,0.308742433786392,-57.1169207643818,8.61178425085534,-11.5009961046794,5.73330211639404,1.15778315067291,-4.65591096878052,17.3303602169311,-51.630670351312,63.3294730032232
116.695,-2.18566942214966,-9.64400196075439,2.16500091552734,-24.0960980143883,4.28719021370653,-12.6782500713437,7.50789833068848,1.24014496803284,-4.88257217407227,-0.955614007932305,-59.8352506766822,43.1855102728064
116.7,-2.05477356910706,-10.2238149642944,3.79292488098145,8.65700010316082,3.19684720257943,-12.118009781089,8.64125823974609,1.6087394952774,-4.7296895980835,-19.1608696975148,-68.333249098607,16.3469034764558
116.705,-1.95732033252716,-10.4439153671265,4.4933876991272,36.9957093940903,7.60553431534603,-9.71835344357286,9.74877738952637,1.47278869152069,-4.75294399261475,-37.7829740732989,-64.7033314038254,-11.8626418146269
116.71,-1.85813617706299,-10.1352252960205,4.3122181892395,58.5718842462833,18.5104990847461,-6.14050398838154,10.6288461685181,1.15885627269745,-4.8327808380127,-55.3977382446275,-55.2008580418019,-37.6366167797639
116.715,-1.74887835979462,-9.20262336730957,3.29955077171326,71.7222113798489,36.4550862609055,-1.61020674482505,11.1847972869873,0.780233502388,-5.0069899559021,-71.3831198083145,-42.2691584333792,-59.3579365669142
116.72,-1.65996754169464,-7.48228931427002,1.95083725452423,71.2882348203647,61.4195745263692,3.59038584052605,11.2545652389526,0.389694273471832,-5.89252090454102,-84.9311142157366,-29.7207827015559,-75.1666962688539
116.725,-1.59050893783569,-6.16643857955933,1.58733093738556,66.5537321028194,81.822182860276,8.51716734783045,11.1229696273804,0.146833494305611,-6.40623140335083,-97.0563665586667,-19.0870865790057,-85.8808451896377
116.73,-1.43156468868256,-4.59672594070435,1.79732275009155,62.2279479052077,93.612612499903,12.4311278507572,10.4365644454956,-0.0448717139661312,-6.55826807022095,-106.692602345396,-4.50556801005794,-91.2753695772488
116.735,-1.1266450881958,-2.45199298858643,2.33652496337891,60.4850065724255,94.4453286729434,15.0317198159186,8.97110080718994,-0.170908465981483,-6.43276500701904,-113.337078671876,16.2888280854905,-91.3102923344751
116.74,-0.783331453800201,-0.459545999765396,2.1454975605011,55.3126443328529,89.1907343708584,18.9424726912563,6.60265827178955,0.895767092704773,-7.80943441390991,-120.559368511572,24.4254821795649,-92.7230623227788
116.745,-0.367812365293503,1.07690894603729,1.52290880680084,49.1431735122013,92.637213675101,24.0032159794126,3.49545001983643,-0.0207259207963943,-8.07175922393799,-136.308022548815,40.651482769975,-92.2429956467753
116.75,0.187111526727676,2.17951440811157,0.554011404514313,44.7586940839571,101.895637547891,29.4844649864627,-1.61362266540527,-4.0984992980957,-4.81694650650024,-149.635634072478,77.5376120241162,-85.3799805876115
116.755,0.94346034526825,2.83933234214783,-0.714542984962463,44.482809083002,115.022311736361,34.8313658800858,-9.85244655609131,-12.4687814712524,4.08276462554932,-151.680729313763,146.354083346123,-68.1694406717426
116.76,2.21171593666077,1.70228505134583,-1.92026472091675,47.3074201538824,111.218231047933,34.8349995407243,-15.5988578796387,-32.3261184692383,9.13202857971191,-153.973910686081,193.471706203349,-64.1918800085857
116.765,3.90696215629578,-2.39441275596619,-2.3342387676239,50.2376396097096,104.095416083309,30.5982844249842,-17.0619258880615,-48.909839630127,7.32779264450073,-153.50164408611,178.648706723183,-84.1497200841196
116.77,4.72580146789551,-10.2565860748291,-1.53891730308533,54.2561882380757,89.6358851198248,19.2996352357873,-15.3189334869385,-52.8807640075684,2.89718747138977,-143.758174329412,115.991993692827,-118.539107838109
116.775,2.96321654319763,-23.1863346099854,1.08333396911621,60.681476963901,62.227032659859,-3.14924633359314,-11.4767646789551,-31.5348300933838,0.949194431304932,-115.856455418938,19.5460513855685,-156.52943962442
116.78,0.0690733045339584,-36.5045471191406,2.73027467727661,95.7635551827559,-37.8442852663835,-42.0239478119865,-0.719049155712128,-14.8792858123779,0.0274090599268675,-127.078101055432,-44.0460697119984,-168.257762353924
116.785,-4.73243236541748,-47.1137504577637,6.60828971862793,129.078690784085,-117.186580118284,-72.3650892750981,7.63775825500488,-7.04200553894043,-1.06830322742462,-139.086816710743,-72.8321649313002,-171.14832573143
116.79,-10.8735618591309,-51.9314460754395,9.41632556915283,159.193063136563,-158.587484904371,-82.2916012713635,13.8058519363403,-5.03667593002319,-2.33077192306519,-150.090470029687,-74.3005531500154,-172.116450404766
116.795,-17.337947845459,-44.833553314209,4.4496111869812,186.255570364096,-135.270940285619,-49.7703692931161,18.9375743865967,-3.38439297676086,-3.63763380050659,-160.623140824224,-59.9695526863322,-182.228285923781
116.8,-15.0740671157837,-24.4464015960693,-4.02171087265015,146.924335839928,-88.0620456105138,41.4785503765719,21.0685138702393,0.398928076028824,-3.63242077827454,-165.127336393145,-20.1642620526301,-188.542071811406
116.805,-9.94167709350586,-5.2240777015686,-8.96787738800049,92.7850872706317,-24.7849772336975,107.024180708843,22.1835784912109,3.24444341659546,-4.92157030105591,-170.975699530347,26.9805688631548,-186.506333929284
116.81,-3.83004689216614,8.14551734924316,-10.6606483459473,42.849915758127,35.690986168267,130.306308004368,22.3801860809326,4.84065437316895,-7.33970212936401,-177.239870923841,77.48738281296,-177.488735696439
116.815,-0.0153908198699355,6.74882411956787,-12.1511087417603,34.0504191258595,41.0638998373441,90.0097901655588,21.1364479064941,5.28375244140625,-9.56054973602295,-178.576047170792,126.685187593238,-166.488319887162
116.82,3.95801782608032,4.25604152679443,-10.2989444732666,5.94125669812169,13.1989879625337,50.3993067722692,18.3404006958008,3.7162926197052,-12.0728750228882,-181.206721850379,144.913500827519,-162.388362234078
116.825,7.40038919448853,3.55991983413696,-6.2926287651062,-6.49613528987801,-17.9273375334105,18.6277051309036,14.3639287948608,1.33185744285583,-13.4125709533691,-182.799562945961,157.971811652586,-158.780806578639
116.83,10.1001386642456,4.79106998443604,-0.454980432987213,7.08560195959126,-45.0096557246309,-3.62867929610773,9.58115482330322,-1.3288836479187,-13.2525177001953,-181.075828105125,169.620467055611,-153.365518415952
116.835,11.7596645355225,5.66626262664795,6.89598035812378,59.9927070276185,-63.9324079522061,-15.6998079393942,5.36609077453613,-2.93638849258423,-11.5302572250366,-167.733845863449,171.608202368247,-141.816706718214
116.84,8.69329738616943,5.41931676864624,5.87748956680298,71.4273247926228,-10.3945857138601,-17.400581391788,2.82602906227112,-3.74897599220276,-11.8576717376709,-158.09135362344,146.240360696443,-122.882110942618
116.845,4.06616306304932,4.28289413452148,2.41052722930908,45.0549330486389,42.5004901103783,-17.8630671608679,1.32027566432953,-5.0811915397644,-12.5491580963135,-149.765380345951,111.577690243572,-101.163086099029
116.85,-0.535102427005768,2.29124665260315,-1.22090566158295,-11.5795535254183,67.9884748096831,-21.7299582689031,0.76066792011261,-7.31445264816284,-13.0373983383179,-142.434852498478,73.6623607645369,-79.900188118402
116.855,-0.731321096420288,-0.699063718318939,-2.41538524627686,-38.7451530669624,53.1495063472369,-41.3391667061794,1.94523322582245,-9.75518608093262,-13.3282403945923,-139.755246343677,33.4885711798288,-73.0602795892003
116.86,-0.321649342775345,-4.72407293319702,-2.18785071372986,-59.3999217397423,46.2523949837364,-64.3879952302243,4.33652591705322,-11.341402053833,-13.1577615737915,-136.063419814259,2.5224846965775,-80.1757930816012
116.865,-0.54322624206543,-10.3324613571167,-1.51019072532654,-72.3923007487514,44.8264085793886,-83.1068184997504,7.36890935897827,-12.2943000793457,-12.9486923217773,-131.449708992185,-22.6239309935148,-91.6705643226257
116.87,-2.14007472991943,-17.7513160705566,-0.912635743618011,-76.4592344371979,47.8200121907135,-93.3005548171034,10.6961212158203,-12.6709794998169,-12.916051864624,-125.776868056274,-42.1601998406445,-102.377637167429
116.875,-6.12053775787354,-24.2723045349121,-1.15651941299438,-67.4678504703881,54.3064959964075,-97.5992641448452,12.81787109375,-12.0311431884766,-12.9528665542603,-116.637583173177,-33.4910334630246,-105.886025306309
116.88,-10.9858293533325,-26.5106811523438,-1.8804544210434,-64.2907811477675,51.9075218240347,-87.1502426770737,13.6947212219238,-11.331748008728,-12.4754009246826,-106.98627315895,-9.59058280231672,-105.730536049854
116.885,-15.2225332260132,-25.348237991333,-2.52183842658997,-69.5159578250973,47.3532951194428,-65.625400111588,13.9024238586426,-10.7937107086182,-12.0293292999268,-97.5200681014189,23.1570528714437,-102.52213664951
116.89,-17.5876083374023,-21.2785930633545,-2.62783217430115,-85.7175626873394,45.8685588429492,-35.2691639304107,13.8582611083984,-10.6027402877808,-12.0508832931519,-88.8051360412653,60.2123112698128,-96.5602079569787
116.895,-15.0405321121216,-16.992525100708,-4.24007797241211,-110.143145612195,28.496756453229,-16.8076577925811,12.5046577453613,-10.8277597427368,-11.4665384292603,-80.3145005632658,90.1047093044545,-91.240788329481
116.9,-12.5106229782104,-15.3170070648193,-4.05614900588989,-124.456250980252,-7.93977559879612,-8.93531750523415,10.540958404541,-11.1196193695068,-10.8372669219971,-74.4801871251867,103.433475130087,-88.4777787347249
116.905,-10.3037919998169,-15.5052461624146,-2.54182100296021,-125.008376151999,-56.8072912138322,-8.65198503676274,8.35193157196045,-11.1484813690186,-10.2560586929321,-68.9126677062776,104.823152248807,-86.9970756849362
116.91,-8.8292407989502,-16.7623252868652,-0.179961204528809,-106.156965250305,-110.727304371149,-12.772002101665,6.4036660194397,-10.4797048568726,-9.84344577789307,-60.6302095639908,99.1656792385284,-85.2965293363323
116.915,-6.00290203094482,-15.7568998336792,2.15034317970276,-104.726177222971,-145.972344073411,-10.7979954692613,4.5260910987854,-9.36735153198242,-9.70779800415039,-53.655005232615,75.6427331332471,-82.5354321945438
116.92,-2.80187249183655,-13.9818725585938,3.83430409431458,-113.412265394259,-164.334610977695,-6.37206106162332,3.61026978492737,-8.56707954406738,-10.0374507904053,-48.1539947807488,44.8274843341829,-78.2700678503301
116.925,0.0547630079090595,-12.0129137039185,4.7265567779541,-127.346404546408,-168.651017325577,-0.980495106418192,3.83001804351807,-8.20514297485352,-10.6531009674072,-43.7228412548113,13.2266263230102,-72.9285389004891
116.93,1.27112865447998,-10.7632055282593,4.53305053710938,-138.624740753013,-162.62954987405,3.04558668699397,5.54040670394897,-8.48736000061035,-11.2252941131592,-39.6904614933759,-8.02701504374376,-67.2554247570115
116.935,2.09957695007324,-9.32524394989014,3.58900761604309,-146.722134919739,-141.449857257892,6.82898876426612,8.17176532745361,-9.25076770782471,-11.7384243011475,-35.3272137081667,-13.9851376133603,-61.869602030403
116.94,2.51111841201782,-8.3641529083252,2.87474465370178,-158.83725126194,-109.711648411379,9.51709594326291,10.1126670837402,-10.1357688903809,-11.7320833206177,-30.0374746677073,-10.1597100224553,-56.3152921973487
116.945,2.53039646148682,-7.97868585586548,2.53487086296082,-174.36070030187,-70.3725659998544,11.2215022025215,11.0127296447754,-11.0942945480347,-11.3580751419067,-24.1666555760619,0.328070127493712,-50.6873256042849
116.95,2.20398211479187,-8.26659297943115,2.66762280464172,-189.211922123688,-29.6729611320821,12.4874581283895,10.3440141677856,-12.1239576339722,-11.1920080184937,-18.8833796021046,11.0083746872078,-45.4205803956664
116.955,1.35902619361877,-8.97542381286621,2.56233334541321,-198.853731344779,3.80919393879517,11.4752616594341,9.11997127532959,-13.2733860015869,-10.5952310562134,-11.9911142578202,21.7555168367773,-40.7947562330998
116.96,0.486887276172638,-9.80489921569824,2.34201288223267,-206.641103225078,32.0034046014175,7.90987986079898,8.29195976257324,-14.119535446167,-10.0356245040894,-5.01434624001125,28.8183507876572,-37.554043207793
116.965,-0.217415049672127,-10.7133741378784,2.07474613189697,-213.09851433057,54.6692439281323,2.38769753005306,8.02937602996826,-14.6422023773193,-9.58542728424072,1.66054502556463,31.9871624115712,-35.8459870661966
116.97,-0.335147768259048,-11.8067836761475,1.95525312423706,-217.318437426235,68.7551976949629,-2.03312554820818,8.1713752746582,-15.1701469421387,-9.11388301849365,7.75494641098735,34.0344125775396,-35.6149525024264
116.975,-0.384173274040222,-12.9982471466064,2.11593580245972,-224.043072852815,91.2667498785162,-6.80697591834482,8.032470703125,-15.5332050323486,-8.48888778686523,12.7573453694798,35.4063038836608,-35.2056602466025
116.98,-0.652721881866455,-14.1578674316406,2.34011006355286,-231.120187021702,114.02246083433,-8.9538017046755,7.63230800628662,-15.9821605682373,-7.74272012710571,16.1265410832637,35.545697799337,-35.0420225744674
116.985,-1.208611369133,-15.224292755127,2.58119082450867,-237.686430361428,134.23618028674,-7.52197890368197,6.99167585372925,-16.6143550872803,-6.8521203994751,17.8896075684353,34.3857779990125,-35.2965427436987
116.99,-1.74686908721924,-16.0718898773193,3.04650640487671,-242.665501662584,152.056621944545,-3.75040351240111,6.28815269470215,-17.4974002838135,-5.5725474357605,20.1597404673995,33.2322307651837,-36.122141859624
116.995,-2.13047933578491,-16.6423015594482,3.76488780975342,-246.092562739017,171.579939045461,1.55393793889519,5.46963548660278,-18.2884559631348,-4.39424657821655,21.3394985521683,32.9360532722044,-36.9682622789106
117.0,-2.36134076118469,-16.7165279388428,4.17653608322144,-245.964619635484,186.528887213923,5.93623437464762,4.37976264953613,-18.9742965698242,-3.18553924560547,21.7008531253024,32.624002419594,-37.7195079555311
117.005,-2.45325899124146,-16.1670017242432,3.95027780532837,-240.865664854016,192.046764817945,7.65969515414329,2.91526484489441,-19.5577373504639,-1.87683296203613,21.2734318398741,31.7937758505061,-38.3454230759765
117.01,-2.78945803642273,-15.2742214202881,2.7497935295105,-227.890750638715,164.921010038698,-0.295150136478558,0.974076747894287,-20.3203506469727,-0.496834337711334,18.825191513018,29.7157147011918,-39.4890357996576
117.015,-3.1632125377655,-15.1464986801147,2.33377957344055,-213.792352267216,130.322167703621,-10.5955298792419,-0.790427684783936,-21.2113094329834,0.908913373947144,15.7422217065927,25.8007680897037,-41.7317933004284
117.02,-3.53184223175049,-15.5350275039673,2.19467735290527,-199.298677188071,93.3387697255096,-21.6281150257364,-2.50088429450989,-21.9748306274414,2.49190974235535,12.4217346331011,22.0139353364775,-45.3668404672767
117.025,-3.86106252670288,-16.2733879089355,1.94546544551849,-184.965088082692,57.8748566112943,-32.1536551027795,-4.2515926361084,-22.3995227813721,4.38358783721924,9.16533607836538,19.9270359223772,-50.7127407381865
117.03,-3.8827052116394,-16.3632164001465,1.77680623531342,-165.431074905536,24.7026580862732,-38.4915242374177,-6.32334423065186,-21.7612895965576,5.41100311279297,6.78327900390628,17.1285042212951,-58.1961213890951
117.035,-2.97975540161133,-15.8908014297485,1.58942043781281,-140.867788536824,0.68277313691286,-41.9941033004082,-8.61503219604492,-20.9603099822998,6.58915662765503,3.48085137746703,14.6373532309785,-64.8224225821938
117.04,-1.44955027103424,-14.953595161438,1.60442066192627,-113.339605841869,-12.1928985364699,-42.5234429610842,-10.6201725006104,-20.1405811309814,7.72082042694092,-0.637493144862201,10.8156421167556,-70.8604190915118
117.045,0.382583141326904,-13.6382846832275,2.11518335342407,-85.2122243114068,-10.5644661788966,-39.6775216999933,-11.6803703308105,-19.4815826416016,8.55461978912354,-5.50328063599156,3.50309773048058,-76.6025454663631
117.05,1.44085621833801,-12.1973285675049,2.6118528842926,-65.534005350304,3.87386345051732,-38.3239796970773,-12.2867450714111,-18.2051563262939,9.29088497161865,-12.8180085483669,-7.90212759609101,-83.5330769454725
117.055,2.01332664489746,-10.8761043548584,3.12548136711121,-48.6886483285991,24.4561241157289,-36.4001373890327,-12.1728763580322,-17.0248546600342,9.85781002044678,-19.1640679335936,-13.0589981128524,-89.2351032797068
117.06,2.13893961906433,-9.8100118637085,3.83368635177612,-32.8991702506863,48.300136923325,-33.4066567211129,-11.6531286239624,-16.0415191650391,10.2446231842041,-25.8587990844394,-11.4140034003155,-95.1860353676746
117.065,1.81412553787231,-9.25662708282471,5.09021902084351,-15.5009811326551,70.9899604593102,-28.5019730102076,-11.30846118927,-15.3918399810791,10.4195165634155,-35.7946718549623,-2.29093146531714,-104.465755770297
117.07,1.67502629756927,-8.87903881072998,6.10039043426514,-3.11261560218754,85.6678184196142,-24.9460962735762,-11.6933794021606,-15.1067295074463,10.2294578552246,-44.1088493957546,14.9334948654646,-114.820083495415
117.075,1.37669777870178,-8.28041458129883,6.47433662414551,13.2154017608829,103.353466294149,-20.7850050123265,-12.2727165222168,-14.8836517333984,9.90715980529785,-50.677087150719,30.8197259880651,-125.015301963818
117.08,0.855209589004517,-7.46736145019531,6.28337097167969,33.0610389038265,122.672478776612,-16.5469375191307,-12.8199472427368,-14.6107997894287,9.42074966430664,-55.543754028704,43.3236474336753,-134.700155037059
117.085,0.0297293271869421,-6.58390712738037,5.82536506652832,52.2620018117692,135.767795566602,-14.4721377851451,-12.8677740097046,-14.0684089660645,8.57796096801758,-58.7284116914925,49.6238036788113,-143.255062595148
117.09,-0.991332530975342,-5.99901962280273,5.45693492889404,73.2865979073487,142.556648431758,-13.0227656668528,-12.4421043395996,-13.3540840148926,7.19506549835205,-62.4168436168936,49.9584214764394,-150.671145392165
117.095,-2.01486086845398,-5.62063217163086,5.07873344421387,95.0222884125127,146.19116967404,-11.1508678012199,-11.8886051177979,-12.6040925979614,5.53156805038452,-65.8857874133164,48.5418982991867,-157.695667104443
117.1,-2.96727132797241,-5.41944599151611,4.63136339187622,116.888018889285,146.003489736027,-8.45511507922088,-11.3221273422241,-11.8889169692993,3.6616587638855,-69.079611189971,46.1431358626783,-164.489109856721
117.105,-3.69828414916992,-5.35079908370972,3.93697929382324,137.284780581262,135.724806355966,-4.11059908781043,-10.932957649231,-11.4012050628662,1.67204856872559,-72.4619208669613,42.1359287634289,-171.053044592508
117.11,-4.10711860656738,-5.31670141220093,3.10885334014893,155.632471861857,110.68845425515,-0.457118307609331,-10.5411539077759,-11.2886161804199,0.527491688728333,-75.5099679161604,37.3504557592024,-177.208725261226
117.115,-4.19649744033813,-5.23180341720581,2.31448173522949,171.301663478297,77.7115291309523,1.7914747360336,-10.1290407180786,-11.3805446624756,-0.0076595284044742,-78.2703820390319,29.2423518558586,-183.074696626108
117.12,-3.96022248268127,-5.04956769943237,1.59959352016449,184.353512944409,39.6116137895972,2.18188301290624,-9.69810581207275,-11.6072816848755,0.0005566378240473,-80.7738444453275,17.1246895606437,-188.5508417743
117.125,-3.42108035087585,-4.64511919021606,0.860963642597198,197.678023562188,2.16763779961853,-0.597952219261646,-9.31394863128662,-11.8292207717896,0.519514203071594,-83.209366959949,3.3297483831193,-192.582716101737
117.13,-3.03839659690857,-4.21485710144043,0.156398668885231,212.654729619437,-31.9955703744395,-4.71038019694406,-8.7299919128418,-12.2314081192017,1.98604226112366,-79.7099741802063,-5.53979440040762,-193.112178705818
117.135,-2.64306306838989,-3.63067746162415,-0.590682685375214,225.095482060508,-61.2527403257025,-9.02441561540967,-7.98856925964355,-12.3437643051147,3.25086236000061,-75.4825037255078,-11.5484112778976,-191.583623350704
117.14,-2.16419458389282,-2.82408928871155,-1.38916647434235,232.128541509249,-84.2639140168531,-12.87659620352,-7.1212363243103,-11.8938598632813,3.66280603408813,-73.2013776370744,-15.8413909306994,-188.54763158539
117.145,-1.94504392147064,-1.93318688869476,-1.62896406650543,224.386535745418,-97.2560812899979,-14.8673666814678,-6.4512186050415,-10.7335453033447,2.62068748474121,-72.2693231927453,-22.2823156670821,-182.250156189504
117.15,-1.85924553871155,-1.18017184734344,-1.8235445022583,213.160464146342,-103.263485382023,-16.2206269390806,-5.97572660446167,-9.41915702819824,1.73654055595398,-74.1392514025764,-30.7993754394331,-175.027558991295
117.155,-1.85476672649384,-0.600248992443085,-1.91585314273834,203.571575230939,-102.692952850463,-17.0679358112828,-5.2683629989624,-8.11288738250732,0.939115941524506,-77.8303197809971,-41.1616944858804,-167.969022936951
117.16,-1.89517271518707,-0.232036098837852,-1.85421741008759,199.796160846458,-95.4655335387007,-17.4830320203538,-3.97555327415466,-6.94432592391968,0.177014946937561,-82.6733542044539,-53.2984864334132,-161.951516995143
117.165,-2.01005721092224,-0.104333437979221,-1.58533036708832,202.085476331706,-83.1654146926399,-17.3864104568075,-1.64315330982208,-6.31152677536011,-1.40646076202393,-89.5659030015888,-72.8214415343033,-159.056035881434
117.17,-2.30252575874329,-0.175769284367561,-1.12296187877655,203.685311540998,-73.8012594914983,-17.4157051381577,0.688671827316284,-6.37746381759644,-4.00092840194702,-102.002803215968,-98.423155713478,-159.117972036828
117.175,-2.69099760055542,-0.504224240779877,-0.518154859542847,205.21610719816,-65.4797394973483,-18.0367878997653,2.67527365684509,-7.18289136886597,-7.2831768989563,-116.503602182418,-129.042627385268,-161.193816789757
117.18,-3.0803587436676,-1.18219089508057,0.175917074084282,207.452119887125,-55.9022433374813,-19.8805018435619,3.85707592964172,-8.83589649200439,-10.9000282287598,-128.854196126445,-163.73276202879,-164.253044858627
117.185,-3.501140832901,-2.63629269599915,1.12924146652222,210.155877590831,-52.0331085123037,-23.3608742540134,2.49381399154663,-12.8184938430786,-12.7084541320801,-131.037069943668,-182.399819294597,-159.879838657608
117.19,-4.33462476730347,-5.26455116271973,2.6318736076355,212.412408168063,-53.4439933683966,-25.9869061125121,0.0631550699472427,-18.0990009307861,-13.3087997436523,-121.03182635684,-170.908094317942,-149.090967467304
117.195,-5.75285387039185,-9.55404186248779,4.52330112457275,215.268342486478,-61.8935008623089,-27.2819560829235,-2.72520399093628,-23.6883850097656,-12.747278213501,-101.869464262991,-136.591926191856,-134.624121371219
117.2,-8.10322380065918,-16.5606174468994,6.50978946685791,220.866269907572,-81.4997296295598,-26.4650244770549,-4.71977043151855,-27.8538017272949,-10.9259586334229,-78.5417044736215,-92.4333461887544,-121.172364329202
117.205,-10.8908205032349,-25.1273097991943,4.67135572433472,225.238601844377,-108.413092846376,-24.3877573372316,-4.67092990875244,-26.8897094726563,-9.96767234802246,-54.1589946461865,-90.2912759216334,-119.549347457867
117.21,-12.0737619400024,-30.3373069763184,0.0671556442975998,212.327304011005,-129.059511612896,-18.4572765431861,-4.11004781723022,-22.7833023071289,-9.09417915344238,-34.7048776068464,-108.353034993004,-118.804706574174
117.215,-11.1375341415405,-31.339527130127,-5.60006332397461,186.471650228678,-139.152045017317,-7.2984959678128,-3.48972797393799,-16.9421253204346,-8.4985294342041,-21.5158045176666,-135.834458212901,-116.815195412354
117.22,-7.1352219581604,-27.0635013580322,-7.85863780975342,164.957428607352,-130.196109732299,12.6212803172503,-3.56437277793884,-12.5805311203003,-9.05057239532471,-16.8733420142818,-150.151695845407,-111.27281108959
117.225,-3.70531558990479,-23.1151695251465,-7.11404514312744,185.568822163808,-135.461898714434,33.6167123588475,-3.67139315605164,-10.7279005050659,-9.7524995803833,-11.7676637653496,-156.888898820059,-100.633691796839
117.23,-1.50330579280853,-20.4443378448486,-5.84028959274292,216.253897802575,-157.480734711641,49.5746297318818,-3.20380163192749,-9.92205715179443,-10.1419315338135,-7.03246052652762,-158.401293947597,-89.007241338806
117.235,-0.367998600006104,-18.8580055236816,-4.42069149017334,246.656791005973,-191.852787445516,59.3410181883401,-1.98490405082703,-9.80506801605225,-10.2631330490112,-2.15007268750738,-158.195500347904,-76.6632863386521
117.24,1.10833311080933,-16.5057029724121,-2.17007446289063,260.501994264939,-215.51421563622,63.6436821956113,0.202887177467346,-10.1687412261963,-10.7850570678711,6.1289327941539,-170.28046823511,-60.7515615349745
117.245,2.76778936386108,-14.5359754562378,-0.210165694355965,263.198580270017,-209.801691301231,65.6080514310961,2.87300205230713,-10.2266540527344,-11.1140823364258,17.5988054343328,-177.941631879925,-42.61280574109
117.25,4.6226053237915,-13.2539501190186,1.54991257190704,260.089887971177,-185.463705552481,66.4166023948531,5.59349155426025,-10.0443315505981,-11.433253288269,29.0952364113257,-176.675041600237,-24.2592234223358
117.255,6.57667779922485,-12.7612743377686,3.14652228355408,252.781558238507,-147.208499030157,66.4561355297691,8.14509391784668,-9.68114471435547,-11.8624143600464,39.7762315938783,-165.062312992247,-6.46819127843619
117.26,7.77870225906372,-12.8601036071777,4.67060375213623,240.875063194314,-107.79989895326,65.8581456377453,9.94897842407227,-9.49193096160889,-12.8593912124634,51.6011161227734,-146.37386357396,10.0210588898514
117.265,7.88937330245972,-13.3124446868896,5.68536424636841,229.952935013303,-77.7631107195642,62.7267839410504,10.9282321929932,-9.14496326446533,-13.6625022888184,67.2293470947604,-125.537538227757,24.6027785224928
117.27,7.19332265853882,-13.8931179046631,6.19815301895142,221.434200137058,-58.0498392276409,58.5180691858128,11.4752626419067,-8.689866065979,-13.9221000671387,84.2785101311094,-103.021150270271,37.7023231995794
117.275,5.78883457183838,-14.4734811782837,6.19276905059814,215.870778831651,-49.3220356759964,53.6899553105979,11.7766084671021,-8.15683269500732,-13.4668960571289,101.489815028165,-79.0843698333681,49.5116656330181
117.28,3.54772663116455,-14.7488899230957,5.80972671508789,207.3119370846,-44.1298351519795,43.7306891421677,11.8943586349487,-7.7260947227478,-13.0788488388062,117.417017040502,-55.6363304127144,60.9276096608315
117.285,1.27763819694519,-15.2378644943237,5.50052261352539,199.722107935476,-45.6388629962562,33.3691453221912,12.0540266036987,-6.97938585281372,-12.8631496429443,132.763127048822,-30.1654280165238,73.1535321619385
117.29,-0.251860797405243,-16.14723777771,5.21611022949219,194.198192444229,-48.4813828231404,23.2987553910594,12.2095584869385,-6.10159492492676,-12.7841129302979,147.12988355281,-4.3828495743535,85.6632626834378
117.295,-0.382912933826447,-17.6673736572266,4.91896963119507,191.739693173239,-48.4667525579383,14.0892612859362,12.3240451812744,-5.23185300827026,-12.821704864502,160.140301091417,20.3685222748539,98.0553773474295
117.3,0.899548768997192,-19.4826374053955,4.64750289916992,192.035563307706,-29.5451136511978,9.43078967291063,12.4032154083252,-4.54444408416748,-12.580283164978,167.582516192198,34.8273326533809,106.599711772684
117.305,1.51452505588531,-20.0778789520264,4.30582571029663,191.28181095166,-9.33401699142895,9.18803450452462,12.2771902084351,-3.90077543258667,-12.2179698944092,178.330761417319,54.7124858557676,120.86962302443
117.31,1.54541122913361,-19.5840625762939,4.00295495986938,189.187866197431,11.0853270134917,10.3330218037762,11.9199323654175,-3.27559924125671,-11.774806022644,190.456136703654,76.024950519201,138.952494210526
117.315,1.05205619335175,-18.0819549560547,3.87884497642517,185.285587879306,30.3704976161642,9.1681219417731,11.2809429168701,-2.63861680030823,-11.2948789596558,201.641090563927,93.850084516966,158.738596009569
117.32,0.48898521065712,-16.3504848480225,3.91818237304688,179.672155928796,46.9076389364778,4.87296516617339,10.4686040878296,-2.00426983833313,-10.8706922531128,210.867706245752,104.740609412687,179.40236345658
117.325,0.228533715009689,-14.8960971832275,3.78542566299438,174.125331983072,55.2745216320005,1.730453719267,9.78495216369629,-1.35066592693329,-10.5881929397583,219.75409654464,112.114543112335,200.343054093301
117.33,0.190786942839622,-13.8513307571411,3.52605104446411,169.217376611554,54.4978847271404,0.255352491814745,9.16912651062012,-0.705818831920624,-10.3277273178101,227.874535769625,116.447649272737,221.336364507387
117.335,0.208576768636703,-13.4571208953857,3.24821639060974,165.912753506183,42.3419306838911,1.14769162727605,8.4811544418335,-0.126033842563629,-9.85585403442383,234.17145109,117.961492400379,242.026113994001
117.34,0.638580977916718,-12.9354639053345,3.06991744041443,162.654165875819,31.7892781709376,4.37505035209499,8.02506828308105,0.20655557513237,-9.20797729492188,240.330587834437,115.775203488571,261.631106497012
117.345,1.13937926292419,-12.2764806747437,3.1722469329834,158.359288284201,28.2562911057622,8.31228984726039,7.76350355148315,0.418301612138748,-8.87475967407227,245.333646759958,111.342724905935,279.516393970797
117.35,1.55555486679077,-11.4569234848022,3.53306198120117,152.091428588556,31.6757228608916,12.470767707379,7.57418918609619,0.504231750965118,-8.70434093475342,248.930670263697,104.038506947145,295.417347566154
117.355,1.55144596099854,-10.3981494903564,4.04559230804443,141.33985023112,40.514407703522,16.0400486902565,7.12158346176147,0.392496645450592,-8.09131717681885,250.637070084419,91.2529733869603,308.614721042723
117.36,0.930412888526917,-9.30900859832764,4.49169731140137,125.419662823061,46.7060732238815,18.0438315323469,6.91829395294189,0.206807106733322,-7.61944055557251,253.687405246991,82.4437710558822,319.818690149645
117.365,0.0456999726593494,-8.26739025115967,4.83090257644653,106.89698209593,50.7865784982089,19.1145354017327,6.90787267684937,-0.0801049470901489,-7.51740694046021,259.219175455784,73.5277309058068,328.986634506499
117.37,-0.909952461719513,-7.26606893539429,5.02837896347046,87.561679612297,53.1568283100272,19.2429395430343,7.06286573410034,-0.44366517663002,-7.95260906219482,266.52515560338,63.9360757637904,335.940969194866
117.375,-1.39033448696136,-6.19343137741089,4.96206331253052,73.2004555615365,55.1518446043179,17.7535963039455,7.31160163879395,-0.741925179958344,-9.47751331329346,271.16719805013,55.0976641287267,339.895703365817
117.38,-1.59707736968994,-5.12802362442017,4.76875734329224,48.5183409767394,58.5878259078061,14.9514428950561,7.07173109054565,-1.3584657907486,-10.0057201385498,275.306538573968,36.7338228658391,346.526478332822
117.385,-1.66843748092651,-4.09377813339233,4.43229103088379,22.0632014909608,59.670042061038,11.7872126205278,6.59602880477905,-2.03036761283875,-9.24496841430664,279.051312729833,19.9099143456753,354.425455504158
117.39,-1.57063329219818,-3.07430863380432,3.94166564941406,-3.19479409040361,56.6535129197639,8.43755210154384,6.06480836868286,-2.55831980705261,-7.3790431022644,282.116264497228,8.45898865025392,362.358419696805
117.395,-0.68705415725708,-1.86491191387177,3.28914213180542,-26.5576145214436,46.6025138956858,3.79164803659106,6.2844033241272,-2.05702614784241,-7.00415325164795,282.020887735658,2.23067148103446,364.005697400072
117.4,-0.100183546543121,-1.06992101669312,2.97372317314148,-47.3386682693352,37.5162859220612,0.460382604424068,6.18751621246338,-1.81762957572937,-7.64753198623657,281.772159566842,-19.1218676098067,364.136126692462
117.405,0.173287943005562,-0.472724199295044,2.86813497543335,-64.5654093939154,30.1468396566976,-1.60716528293198,5.91681051254272,-1.95729279518127,-7.96695184707642,281.606295253038,-39.3909781888383,363.113018996308
117.41,0.132975742220879,0.0359493792057037,2.92506456375122,-77.5765919137095,25.4228861663254,-2.39668499178374,5.58771228790283,-2.58819246292114,-7.3455982208252,281.524251020728,-49.9263947194213,360.925691895746
117.415,0.243916094303131,0.562958776950836,3.2921679019928,-87.2634803833234,31.2005158644825,-2.43055440577395,6.0964093208313,-4.23740482330322,-7.75594711303711,279.216985798341,-50.0794216926808,355.084104306201
117.42,0.416789948940277,1.18088483810425,3.7015585899353,-97.6839516603642,43.5449660533513,-2.30284011357847,7.41668939590454,-6.31894588470459,-7.96983003616333,275.143433656588,-49.159330324683,342.946093169901
117.425,0.54651415348053,1.88031828403473,4.12910127639771,-108.685228073477,58.8840443819204,-2.42379209160881,9.40428829193115,-8.37905120849609,-8.40078735351563,269.184038964239,-48.6245879843735,325.684183401285
117.43,0.546809375286102,2.65876030921936,4.55669736862183,-120.181262899498,74.557935168509,-3.13516034909046,11.985237121582,-10.0552473068237,-9.39125442504883,261.128158687289,-49.6596075304406,303.917845837315
117.435,0.313885122537613,3.09987211227417,4.82341623306274,-133.976264268064,86.2939555212076,-4.8653324297759,13.8230648040771,-10.3502292633057,-10.1193723678589,253.541239198752,-30.3967357878608,280.090676276212
117.44,-0.163346230983734,3.60873007774353,5.2575945854187,-149.781089781042,94.1251567254099,-6.36713222636351,14.6444091796875,-9.8863353729248,-10.5325889587402,244.43935643155,-4.54847910040537,257.658477230436
117.445,-0.786734104156494,4.03622245788574,5.69620132446289,-167.042029662797,98.3456125758308,-7.34888568841457,14.619912147522,-8.760666847229,-10.6563005447388,233.535423874488,25.5634634122753,238.554410801154
117.45,-1.44420385360718,4.18874597549438,5.93474340438843,-185.175348626102,99.0470730035911,-7.40412740464798,13.8989086151123,-7.04431486129761,-10.5001449584961,220.330236661509,57.3500521962272,225.463356049205
117.455,-1.99459552764893,4.09258127212524,5.58119297027588,-203.391941255768,92.4734052482365,-5.05062009403272,12.2976236343384,-6.25097131729126,-9.91219711303711,210.268780617812,76.3597322413692,219.232201790159
117.46,-2.30283498764038,3.81336116790771,4.73861360549927,-216.949129097813,81.2233938361194,-1.14972627659678,10.3988590240479,-5.77854919433594,-9.5465669631958,193.962373332945,96.4736148186812,209.551993245554
117.465,-2.37292098999023,3.35414171218872,3.35660719871521,-223.75072709596,66.7290698890028,3.78733093014878,8.04400539398193,-5.5468544960022,-9.28232097625732,172.46789095832,112.997734383342,196.439204831667
117.47,-2.201580286026,2.6948549747467,1.27205336093903,-219.613135100549,51.0886880104823,8.99165888192394,4.82318210601807,-5.49266004562378,-8.83214282989502,148.230049443181,115.199227296242,180.648831998973
117.475,-2.1238865852356,1.29607033729553,-1.19995152950287,-211.239172913952,40.9226890913487,10.9698788872719,1.04068207740784,-5.44948863983154,-8.63010692596436,123.450505624968,99.4308271821083,160.445200735966
117.48,-2.00250816345215,-0.462842375040054,-3.22132921218872,-193.840932569502,29.2573168003301,12.2095522452137,-1.91450250148773,-5.01247596740723,-8.11435127258301,99.0232561339553,70.6170048098708,135.674180993838
117.485,-1.8679563999176,-2.50583553314209,-4.55738592147827,-167.706456804877,17.7757858810116,12.3141514697106,-3.54826736450195,-4.0676703453064,-7.34543180465698,74.8450421702705,31.8791088189016,106.799856805933
117.49,-1.85773229598999,-4.77545785903931,-4.76783132553101,-134.620556012472,13.9273465290192,9.12237845735423,-2.80817604064941,-2.38463306427002,-6.68080806732178,50.3129390302144,-10.3954633931684,74.8553557559172
117.495,-1.55063235759735,-7.4790506362915,-3.78022146224976,-98.7964801931325,15.1364180781584,5.31544146919292,-0.348579615354538,-0.80903959274292,-6.94033527374268,26.9864001371587,-43.9320021377646,44.2304131026025
117.5,-1.04757189750671,-10.2368421554565,-1.98404657840729,-62.4891889805824,16.5323567728,0.480201252074507,2.78214192390442,0.494891881942749,-8.04132080078125,3.92811564309473,-71.6283167693288,15.7761899448824
117.505,-0.41598242521286,-12.9815731048584,0.417327851057053,-26.2063310622407,16.9026315729901,-5.46656495410815,6.14383029937744,1.47914016246796,-9.5615348815918,-19.1796493026377,-92.5065043449544,-9.88530461122913
117.51,0.130369737744331,-15.7791357040405,2.8643536567688,9.93810965747614,15.4594279692921,-12.5000931245804,8.73079109191895,2.08382511138916,-9.61326885223389,-42.8823454963062,-99.1051637624821,-30.7025028664348
117.515,-0.304383486509323,-17.0711441040039,3.86426734924316,41.7607703779822,18.0598124674574,-17.3632458702374,10.4484176635742,2.35400032997131,-8.99840259552002,-62.1902930723135,-91.8701151294168,-46.3839546724346
117.52,-1.03977644443512,-16.5761432647705,3.79840874671936,63.1102512516225,26.1920935329158,-17.9675519796962,11.4604654312134,2.37445712089539,-8.61698627471924,-78.362787668313,-81.3568967136364,-59.0447109217666
117.525,-1.84643232822418,-14.2346601486206,2.92491841316223,71.298131764472,40.7001000564872,-13.6821529830995,11.8507766723633,2.17603588104248,-8.73307323455811,-91.7212716470239,-71.1420960928831,-69.0868102093562
117.53,-2.68545722961426,-10.7916383743286,2.5266809463501,64.3517747370557,62.8586407429775,-6.26822041501114,12.0161590576172,1.83471548557281,-8.92561054229736,-102.158217340343,-61.6301970698049,-74.6654150252883
117.535,-3.14688587188721,-8.20790863037109,2.01002049446106,51.9793071122116,83.8854532349427,0.105643296284741,11.8257780075073,1.57776832580566,-9.52970027923584,-108.018430855754,-53.3522810033163,-77.3926480891719
117.54,-3.48075175285339,-5.40663623809814,1.45535039901733,35.8521752175847,100.55698877246,6.12829715967426,11.3892965316772,1.30453729629517,-9.85256481170654,-112.782938594324,-41.5422862868118,-78.3097649097862
117.545,-3.78047180175781,-1.89997065067291,0.978562414646149,17.5542640632079,110.921404686982,12.1892110880918,10.6422834396362,1.00006067752838,-9.55198001861572,-118.388228959343,-22.9637431500067,-77.7840657399378
117.55,-3.47979164123535,0.645936965942383,1.93979287147522,13.4712674773808,114.82440017497,19.105891797338,7.62928438186646,1.36755001544952,-9.3304967880249,-127.717379440988,11.8304793075989,-74.3452635683223
117.555,-2.66598153114319,2.61724472045898,2.09911465644836,15.2234159051641,125.009264076592,26.4053200859725,2.06164765357971,-2.62501049041748,-3.06255459785461,-131.87446479629,67.940861560979,-65.3897585852225
117.56,-1.54320645332336,4.26236534118652,0.984093964099884,13.8088478695614,138.923807416012,34.8486667492535,-4.70717144012451,-11.0894145965576,5.76171875,-133.018781029455,130.651300859346,-56.4881813607146
117.565,-0.25504931807518,5.75904321670532,-1.85930824279785,1.86893612485413,154.765024176887,45.1117943734793,-11.6734743118286,-24.388427734375,14.5209741592407,-132.684484250718,188.653035064662,-52.0775832890843
117.57,1.46313154697418,6.22700929641724,-5.80949544906616,-24.30833760511,158.886278359803,51.9184057304771,-13.7017669677734,-45.7488098144531,11.7971181869507,-144.258089535143,185.749945120218,-81.3480038073371
117.575,3.47493290901184,3.6451518535614,-8.45469379425049,-46.0794887448975,148.336846281043,51.5263870230643,-15.3909635543823,-49.8537979125977,6.56737375259399,-134.696767263231,128.660123131368,-115.253035526524
117.58,4.86526584625244,-3.43976044654846,-7.63965511322021,-64.5438396565165,109.787955284786,40.7270861338979,-13.7812099456787,-39.3656311035156,1.94721210002899,-116.544555996681,43.9906358966946,-142.127507646206
117.585,4.43659734725952,-17.1999702453613,-0.390332490205765,-80.8282195813099,24.3394269186646,14.6885420837132,-4.89995098114014,-16.5065956115723,1.89783108234406,-104.901064216669,-36.9505789191495,-146.774426848024
117.59,3.41003584861755,-33.7120552062988,9.15529537200928,-27.9171551379982,-98.3706178983822,-25.6821157509895,2.04098749160767,-9.45475959777832,0.979239523410797,-118.398815752556,-53.046722245512,-136.891716854906
117.595,-0.208691492676735,-47.8685874938965,15.8188524246216,54.7637054443535,-171.425768015516,-67.202695696619,6.24988651275635,-6.69368648529053,-0.0535659529268742,-129.915757787627,-56.2433054185913,-136.105712345599
117.6,-6.78265762329102,-55.6860694885254,16.8655700683594,146.81931485125,-191.909532657141,-97.053443237702,8.99730682373047,-5.87906455993652,-1.12157738208771,-141.032013605228,-48.1843037451907,-143.745333573772
117.605,-17.100944519043,-49.4871635437012,7.06763124465942,214.7432921846,-157.911282516162,-91.1034878667854,12.6201248168945,-3.98618578910828,-2.15827465057373,-157.554241207489,-25.3318653578985,-156.939100710459
117.61,-18.1536846160889,-27.5224018096924,-7.52518224716187,172.834713097884,-103.786165608259,-1.04470699546595,15.1529169082642,0.656830132007599,-2.51870012283325,-171.997482169803,5.75067307593718,-158.967298063738
117.615,-12.1513862609863,-6.90863466262817,-13.7692604064941,101.172484439327,-38.9170108717636,67.9760028842587,17.0621585845947,4.43634414672852,-4.73599100112915,-181.549638327849,28.5375992769184,-156.995012639005
117.62,-1.98411762714386,7.79496002197266,-11.6571636199951,31.5908850812108,21.2289331574314,93.1727278267866,17.9803314208984,6.25402450561523,-8.22218990325928,-187.487914075285,47.0937547611715,-151.843301476387
117.625,5.1230993270874,9.01232814788818,-5.18708324432373,27.7681750518219,34.6385872058568,42.5103665639182,16.5785675048828,4.0504298210144,-10.4610919952393,-194.221865879892,78.8688705348651,-143.006252464063
117.63,7.38232707977295,5.66995811462402,-3.2170250415802,24.9620874539705,27.5313689782029,10.9965490684335,14.5829401016235,0.491539180278778,-12.851881980896,-194.591911868745,98.6114025571927,-140.771564831797
117.635,9.39639663696289,3.34953832626343,-1.22084856033325,29.8493132013572,3.68479186146032,-21.62065816671,12.4151258468628,-2.5279369354248,-14.2385454177856,-189.560193469466,119.444872884322,-139.867042880012
117.64,12.019926071167,3.62996006011963,1.34289276599884,44.2013574778732,-32.7257039363355,-53.2542882792941,10.1258058547974,-4.43994092941284,-14.3737926483154,-180.093988411936,142.370225248552,-137.078003434329
117.645,14.6382942199707,8.29769802093506,2.47481155395508,69.6085342091076,-65.992276892666,-53.9132376096602,7.52981090545654,-4.48824691772461,-13.2596225738525,-169.745227290991,158.935114212368,-122.674664437146
117.65,10.5971660614014,7.66430282592773,4.98059415817261,63.2716827726557,-16.2662560178309,-31.1765965420091,5.2500638961792,-4.35312509536743,-13.1375102996826,-161.768891397115,155.27760255334,-102.508353327765
117.655,4.87489318847656,6.63547706604004,3.6848418712616,34.2845716709859,64.2353336720853,-11.3032783499068,3.54206156730652,-4.88603496551514,-13.2731122970581,-155.606394199606,139.147332186789,-82.7295325103772
117.66,-0.502953588962555,6.35232162475586,-2.45721340179443,-14.8462016327773,150.760320341969,-4.29640798087828,2.56191444396973,-6.41661405563354,-13.4003820419312,-150.738450076246,113.365034636149,-66.7177317749806
117.665,-2.60198521614075,2.55182671546936,-6.62098503112793,-83.4130432009987,181.19420894382,-17.253121022702,2.71294593811035,-9.07344150543213,-13.345983505249,-144.093359032741,82.3032330835201,-64.4984598796709
117.67,-2.51420092582703,-3.10939741134644,-4.44394159317017,-108.285429780599,194.66692100621,-35.7676174756599,4.09845113754272,-10.9800109863281,-13.3688650131226,-135.496869282984,56.5354018735415,-77.913354390737
117.675,-2.2390410900116,-10.2342672348022,-1.27937138080597,-111.836124111198,195.61180937599,-51.6198445014775,5.62113618850708,-11.9637851715088,-13.5061855316162,-126.683425404432,37.9457613868824,-95.248640881607
117.68,-2.96204590797424,-18.5824737548828,0.0306823085993528,-104.727352015508,185.017420992113,-60.5512457469963,6.72246360778809,-11.9011278152466,-13.7180614471436,-118.439960812117,27.9911892659592,-109.930938464871
117.685,-7.2156343460083,-26.1371116638184,-1.80184853076935,-87.6594059589415,151.088019157967,-66.660617733141,7.63588571548462,-11.1284351348877,-12.8191871643066,-108.671007619625,27.817183366664,-110.999787937898
117.69,-12.5327520370483,-28.5555839538574,-2.86338210105896,-76.6711273958192,127.971667383788,-60.1026730732557,8.07268238067627,-10.3531370162964,-11.9815797805786,-102.188563870825,30.0586106880939,-109.224027546153
117.695,-16.913272857666,-27.1074848175049,-3.73434376716614,-78.7847567552364,112.314408107828,-45.3168468976468,8.0862512588501,-9.81522941589355,-11.1754312515259,-96.0758314316089,34.3635320728858,-105.031473018492
117.7,-18.7079219818115,-22.566577911377,-4.86503744125366,-100.39158208133,101.903512756004,-25.3328113390986,7.69318389892578,-9.72026348114014,-10.3789434432983,-88.0339257217008,40.5781709345187,-98.6146947083726
117.705,-17.4064426422119,-16.9548454284668,-8.32473468780518,-132.061502696521,65.700368267918,-9.30196376742773,7.20372772216797,-9.85901927947998,-10.1185817718506,-82.9465412806869,30.6256803137451,-94.1994350326338
117.71,-16.295747756958,-14.0676975250244,-8.65951442718506,-141.028106737022,-3.03874710631385,-4.61706017608782,6.8756365776062,-9.90894031524658,-9.68753814697266,-77.4316757900893,19.2964899336745,-90.0810426989804
117.715,-15.0546817779541,-13.5660028457642,-6.29915904998779,-127.511121388432,-85.2648235982051,-10.2987906032034,6.75841951370239,-9.81672954559326,-9.47876739501953,-71.8308182178413,7.42879548660913,-86.3040027294767
117.72,-13.2697038650513,-15.2071704864502,-1.57633423805237,-90.0571097161287,-158.081941622764,-25.9141748431353,6.93050146102905,-9.50449085235596,-10.0030794143677,-66.566408933919,-3.96571412692836,-82.9504686394596
117.725,-9.33064746856689,-15.2059078216553,2.76928329467773,-77.9675314512335,-188.48920614723,-29.9634866435232,7.78432989120483,-9.24805641174316,-10.5829982757568,-61.1423576385259,-8.12112480522278,-78.9611668811195
117.73,-5.89198160171509,-14.5232067108154,4.89563703536987,-87.1877609061846,-191.399399488411,-27.5413956959045,8.89950847625732,-9.14332485198975,-10.8984441757202,-55.7194264941567,-6.89763814184027,-73.7251506935769
117.735,-2.52221274375916,-13.0417146682739,5.10423040390015,-111.039273261489,-177.501426187917,-22.4774763697841,10.0721578598022,-9.17376041412354,-11.0158157348633,-50.4519299647295,-1.36486869771571,-67.647026822885
117.74,1.86839365959167,-10.3538360595703,3.95836305618286,-138.834987636045,-163.708924668587,-21.2133961846169,10.9662857055664,-9.31216907501221,-11.0737628936768,-45.6316673919656,7.09996456675533,-61.4690524167168
117.745,4.30172348022461,-9.00046062469482,3.42821097373962,-150.56337866744,-145.720023225093,-18.2605517271641,11.1448736190796,-9.76791000366211,-11.1252479553223,-40.6616495065546,16.0868884200372,-55.9244107164326
117.75,5.2390513420105,-8.5222635269165,3.35256719589233,-160.782393514912,-117.463394024967,-13.6520455092381,11.1590585708618,-10.4551153182983,-11.2476596832275,-34.8026415195313,26.8976093854958,-50.7800556675515
117.755,4.90787649154663,-8.752121925354,3.43147373199463,-171.611576481697,-81.0223267273325,-8.38057978612947,11.0956897735596,-11.2511577606201,-11.3453922271729,-28.1767877038233,39.4592356843089,-46.0723921783499
117.76,3.68695974349976,-9.43525409698486,2.86499738693237,-183.978685823137,-43.9210396841468,-5.26170452901102,10.9999494552612,-11.8404235839844,-11.1099328994751,-21.3384876841711,53.2455217314944,-42.0317547182079
117.765,3.11394929885864,-10.3964242935181,2.39826107025146,-190.859869185493,-3.71502270561362,-6.82030119052869,10.5713214874268,-12.6544952392578,-10.4633150100708,-15.6846705326462,63.7256512958406,-39.3939151701814
117.77,2.40846133232117,-11.2223806381226,2.02898073196411,-195.585704392982,28.8733543010433,-8.92122767875006,9.8080530166626,-13.3591203689575,-9.87485218048096,-11.3108572985646,71.7536780613552,-37.2297389958116
117.775,1.51673209667206,-11.8729438781738,1.76236832141876,-199.821432546387,54.8459819030955,-10.7990780542447,8.74105072021484,-13.9121046066284,-9.3598165512085,-7.83430125631185,77.587260669193,-35.1831889242332
117.78,0.968245685100555,-12.5738620758057,1.62502896785736,-208.007619172322,89.6007301361667,-13.0170923409735,7.51629066467285,-14.450798034668,-8.52015018463135,-3.37333694285503,81.5747797481599,-32.5218842613132
117.785,-0.193531677126884,-13.3658971786499,1.70492470264435,-216.704430740608,116.504353503227,-15.2439918500388,6.47362422943115,-15.0831079483032,-8.00390911102295,-0.378151529087478,78.2735102656717,-30.3124341780299
117.79,-1.28013503551483,-14.5407552719116,2.02944779396057,-226.21037383873,133.81311836955,-16.2498191675932,5.53643798828125,-15.8409605026245,-7.27542877197266,1.86530139699862,72.2661334944029,-28.3013720618316
117.795,-2.07504653930664,-16.0824203491211,2.59401750564575,-236.310475092751,142.667160892529,-15.215656810267,4.69814300537109,-16.7456169128418,-6.19555282592773,3.43745619746217,64.8353657906709,-26.5922589484612
117.8,-2.75819516181946,-16.9648933410645,3.22550106048584,-244.26193543767,159.381521716142,-9.27780111946516,4.09033966064453,-17.8479785919189,-5.17715692520142,3.20609506527222,54.3170520537697,-26.6610662741599
117.805,-2.27074956893921,-17.1195697784424,3.92432117462158,-247.405570984303,178.69720106629,-3.27191631764316,3.33772850036621,-19.0305576324463,-3.72782182693481,3.88099246046352,47.4952947522874,-27.3510878426077
117.81,-2.08153033256531,-16.5474987030029,4.30975389480591,-243.061925842012,189.784729108241,-0.103418375502822,2.66570711135864,-20.1105613708496,-2.24791193008423,5.16122732367826,38.2589938622192,-29.2768784621131
117.815,-2.96357774734497,-15.3005352020264,4.10756158828735,-229.656450161811,184.798158259377,-1.72847520556352,2.17273378372192,-20.9767742156982,-0.939165890216827,6.89029398093522,23.7712286042531,-32.7738192039437
117.82,-4.57959032058716,-15.0288219451904,2.3117299079895,-211.791352727212,133.618198431016,-12.9192763480961,1.40917813777924,-21.4664649963379,0.340008616447449,8.50448539408902,13.4371891022906,-36.8047133992347
117.825,-6.13247299194336,-15.6390466690063,1.33315634727478,-199.603467549593,77.4090610337474,-22.4161498087739,0.290012955665588,-21.7723941802979,1.43108415603638,8.96102377594914,5.01842130162481,-41.0764912910791
117.83,-7.02748155593872,-16.4787101745605,1.07869720458984,-188.640590459994,29.2379566291277,-29.6705808111563,-1.18254148960114,-21.9472179412842,2.38322854042053,8.52695074004284,-0.993981101490971,-45.4772197393587
117.835,-6.75096988677979,-17.0425205230713,1.51855087280273,-175.434146492208,-0.0025473403952974,-34.1087011300472,-3.02835392951965,-22.0248165130615,3.22706937789917,7.36028356659203,-4.06181915741867,-49.9257151155988
117.84,-5.15417766571045,-16.7089710235596,2.36280393600464,-157.52978913026,-5.96132720899778,-37.0460513033679,-4.57869672775269,-21.9358215332031,3.7815420627594,5.67244307739162,-7.383955294708,-55.1373543579937
117.845,-3.1394100189209,-15.4356260299683,2.82944297790527,-136.88559700541,-8.02483365207759,-38.1500045336333,-6.70206308364868,-21.600004196167,4.57724571228027,2.96743672972775,-13.7580543140249,-60.3579855444308
117.85,-0.973140060901642,-13.7135753631592,2.96760606765747,-114.754581981275,-6.81757722571032,-38.2185967083731,-8.62504768371582,-21.0265102386475,5.66153049468994,-0.0150631401135034,-20.8628589235808,-65.0124316147143
117.855,1.02148509025574,-12.1253175735474,2.8137640953064,-92.5966833325661,-2.8726029681967,-38.1748322712663,-9.36052227020264,-20.2085437774658,7.11608552932739,-2.36706907809915,-25.8381275169163,-68.3345126836035
117.86,2.29573726654053,-11.2655563354492,2.98633050918579,-76.1252859981085,12.4943241760527,-37.5991224563151,-9.20995903015137,-19.0548114776611,8.04757976531982,-7.85466546532224,-29.5885775599812,-74.0648296613799
117.865,3.04942774772644,-10.5758781433105,3.55513215065002,-59.4934133691014,32.190418595987,-35.9250601662179,-9.43208408355713,-17.934362411499,8.91408920288086,-14.2341654567253,-23.7680320757216,-79.5154094115093
117.87,3.42193675041199,-9.98881053924561,4.50741624832153,-44.1428910585779,52.4787817707417,-33.4440417615349,-10.0994319915771,-16.8578491210938,9.6479606628418,-21.1303496220461,-10.7115935762606,-85.1266420411066
117.875,3.61619544029236,-9.44609069824219,5.85203504562378,-33.5559168450452,67.0879280279953,-30.6828763178548,-11.2638053894043,-15.8112335205078,10.0588302612305,-28.1228343320221,5.03947621351502,-92.0328170656357
117.88,3.17954778671265,-8.78426837921143,6.84837579727173,-15.611657517966,91.8178505218879,-25.7956044666911,-12.7985954284668,-14.9122714996338,10.0336608886719,-34.1017992238909,20.6115455281648,-99.7422564875042
117.885,2.40211248397827,-7.95153427124023,7.24740314483643,4.73779017297014,113.305065575236,-21.4128855197055,-14.0427112579346,-14.0737905502319,9.57140731811523,-39.289546464569,31.5527453048855,-107.832014502737
117.89,1.40336632728577,-6.98391580581665,6.89606952667236,26.3237539669042,128.433155945249,-17.7165749710968,-14.8648338317871,-13.2810363769531,8.73444366455078,-44.1589590786004,37.8853961749978,-116.251554541666
117.895,0.405259907245636,-5.9927921295166,5.37148666381836,47.6596461791908,132.417519476819,-14.3415001719848,-15.0849771499634,-12.5269498825073,7.67054557800293,-49.975920421093,40.8743518425925,-125.037677663539
117.9,-0.268166959285736,-5.39792585372925,4.10182428359985,69.1950413869442,122.971190269773,-11.1389260692297,-14.6322298049927,-11.718279838562,6.68326234817505,-55.4493608143744,40.8878380511087,-134.113004655248
117.905,-0.860490381717682,-5.12944459915161,2.99229717254639,93.7264854137454,106.241762048851,-8.47154509926935,-13.8818969726563,-10.9804649353027,5.55134582519531,-61.5245545339123,37.9394878581297,-142.888950795257
117.91,-1.47176194190979,-5.13836431503296,2.03572392463684,120.901424385206,84.256878922008,-6.57552257860106,-12.9820861816406,-10.3858346939087,4.34440422058105,-68.1895897297942,32.1914328790788,-151.131008368604
117.915,-2.32531356811523,-5.26596784591675,1.29337358474731,146.278172623688,60.3313341462894,-6.19027386931613,-12.2486515045166,-10.1464977264404,3.6085307598114,-74.4435704810463,24.3866166956402,-158.333483829517
117.92,-3.10159850120544,-5.21917819976807,0.678102910518646,164.881217356593,37.1422681782059,-7.63629577982047,-11.1494579315186,-9.97958755493164,2.84345936775208,-79.4373266889177,14.0349587207137,-164.140783869429
117.925,-3.7108838558197,-5.02082538604736,0.275799691677094,178.319013491946,17.0361173750343,-10.0289383668326,-9.90908241271973,-10.0146064758301,2.45725584030151,-83.7850631145218,5.85813969922499,-168.877000964456
117.93,-4.10672760009766,-4.69558954238892,0.140991404652596,186.975649887534,1.35732005802238,-12.9309320659147,-8.61702632904053,-10.3069829940796,2.57383894920349,-87.2661646476672,1.17703038469072,-172.424259709902
117.935,-4.20611476898193,-4.41601371765137,0.42046383023262,190.791690237198,-6.36212697836236,-15.0402592599284,-7.40702056884766,-10.8935508728027,2.96765542030334,-86.5880224857333,-2.96974960253544,-173.216056219625
117.94,-4.22334909439087,-3.97737598419189,1.08940625190735,192.4689661313,-6.31170951011708,-15.1264852755579,-6.26869440078735,-11.3887281417847,3.03871011734009,-82.3243451982446,-7.48971138249554,-172.169288748185
117.945,-4.22639179229736,-3.49695515632629,1.83892893791199,193.795457170008,-0.382740348992669,-13.5004315313631,-5.44276332855225,-11.6664514541626,2.73233962059021,-77.1783509039627,-8.90087456879707,-169.550334673214
117.95,-4.25810480117798,-3.03314280509949,2.48367762565613,195.728523648527,10.4017958323027,-10.2105616345997,-5.07877969741821,-11.6376180648804,2.04101061820984,-72.7725920213594,-5.14122127271247,-165.422455206803
117.955,-4.45854139328003,-2.56461429595947,2.54114627838135,198.866134968312,19.7170827374802,-4.88864941494186,-5.26948261260986,-11.1134347915649,1.72586798667908,-73.5144598482495,4.71795999937548,-159.965038437315
117.96,-4.57926464080811,-2.15577030181885,2.13491821289063,201.185134455693,22.8308225461164,0.255785168290409,-4.94896936416626,-10.2559223175049,0.768881618976593,-78.1745681453549,11.4077665838297,-155.008684345338
117.965,-4.51342391967773,-1.81387317180634,1.4196445941925,203.895093971166,19.2074310970867,4.12168789992795,-3.92419457435608,-9.39330768585205,-0.8858402967453,-86.1570307189163,2.79815540034745,-152.630590061258
117.97,-4.16455316543579,-1.54880154132843,0.499493926763535,207.982648000717,8.00814835370889,5.75443266818845,-1.99839127063751,-8.78651809692383,-3.32550168037415,-97.1909759268293,-31.7020976363716,-154.641848545395
117.975,-3.43681120872498,-1.36895155906677,-0.396357208490372,210.15358264727,-3.86555794048659,4.7026151256314,0.0214822329580784,-8.91940593719482,-7.54066276550293,-110.847911851513,-91.2440668202826,-161.981091714249
117.98,-3.00657153129578,-1.97086644172668,-0.791456162929535,211.970303683467,-21.5026581110616,3.02489697678095,1.21929585933685,-10.1631641387939,-11.2229795455933,-125.258251792595,-146.430144332721,-168.590214981585
117.985,-3.04123139381409,-3.36061668395996,-0.900969445705414,213.448274657588,-41.2917754386233,1.50299700068306,1.09875643253326,-12.6973447799683,-13.6562309265137,-137.885222511198,-189.333595113562,-170.872085560638
117.99,-3.7868709564209,-5.60643243789673,-0.973266065120697,214.580924927651,-58.86108811612,1.1310606502556,-1.06509613990784,-16.8468017578125,-13.8444652557373,-145.40437286279,-209.050315851016,-163.974400461247
117.995,-5.04231023788452,-9.61070823669434,-1.03453636169434,214.423789595605,-83.3827239912731,1.03001632577831,-2.84973573684692,-20.2877407073975,-12.3302421569824,-131.872688947106,-156.493171319927,-148.260211558555
118.0,-6.76629543304443,-14.9627141952515,-1.13993692398071,219.763112394344,-113.36338173037,-1.08533285392748,-4.48979425430298,-23.936803817749,-9.958571434021,-113.695588471221,-99.8636084584878,-138.741058874579
118.005,-8.70024871826172,-20.8579139709473,-1.77536797523499,225.789156072615,-147.925463987333,-4.79568285637517,-5.54267311096191,-26.225191116333,-7.30227565765381,-95.1094757772679,-56.413974770477,-135.145934163429
118.01,-10.3806753158569,-25.8723373413086,-3.91146850585938,222.746661967211,-186.045637669766,-9.2339111776323,-5.0832576751709,-23.9407215118408,-5.32778882980347,-82.3712959185992,-53.0411556413384,-136.004748489288
118.015,-8.60715007781982,-25.6814460754395,-5.16870880126953,205.716964969997,-196.271264140354,-6.52368827298984,-4.86893272399902,-18.8381195068359,-4.65867805480957,-63.3888000263539,-72.4480282621895,-133.473835552718
118.02,-5.90529203414917,-23.1280193328857,-5.12215900421143,203.025870437012,-189.456675122406,4.6138700508586,-4.68963766098022,-14.9846458435059,-5.33388423919678,-48.1781258390865,-99.7312667131296,-126.221267484432
118.025,-3.15930080413818,-19.4686813354492,-4.02464866638184,215.762124182334,-175.322595842683,22.7467377947917,-4.3565149307251,-12.7874460220337,-7.05147933959961,-37.1161461197251,-130.954998390601,-115.113604044807
118.03,-2.01897788047791,-17.2247905731201,-2.67066097259521,238.195060888541,-177.535112680904,43.8799014547758,-3.38256120681763,-12.1025075912476,-9.01372718811035,-28.0341238350819,-160.446976585151,-102.805548518931
118.035,-1.62735390663147,-16.1802806854248,-1.81152629852295,248.051187785409,-191.178060378167,58.6948481419111,-1.46265888214111,-11.6809530258179,-10.1658010482788,-18.498571866908,-179.475296216538,-88.9110791054814
118.04,-1.01889336109161,-15.281307220459,-0.796828866004944,249.315947574399,-197.916765994437,68.2517444512413,0.849649131298065,-11.173755645752,-11.2185173034668,-9.07601854836277,-193.563367342011,-74.5416793182844
118.045,-0.0140901543200016,-14.4052438735962,0.408324390649796,244.125878069403,-192.527746739297,72.8713497265686,3.3128228187561,-10.53648853302,-12.1716289520264,0.121790237008621,-202.794381665662,-59.7901919187277
118.05,1.25921475887299,-14.0336761474609,1.31635355949402,238.466164757077,-168.969427084304,72.9903999238019,5.35321760177612,-9.91084671020508,-12.3131656646729,9.13991752936917,-202.033157082664,-43.9784269335532
118.055,2.43810725212097,-14.0801935195923,2.32395386695862,232.822160879842,-145.374798143684,70.4343177401405,6.84534215927124,-9.5235481262207,-12.2931098937988,19.5748884442442,-189.083022793671,-26.6961529559263
118.06,3.47004580497742,-14.5864343643188,3.43258333206177,226.882710339869,-124.868398255149,65.9341724733967,7.7641806602478,-9.32152843475342,-12.5231285095215,31.1464275964452,-170.756095288153,-8.79450547153152
118.065,4.28521347045898,-15.5534029006958,4.59035396575928,220.896937456945,-108.79424472282,59.802861919638,8.08487987518311,-9.283766746521,-13.0796995162964,44.1458485304886,-149.968892662461,9.24307558395117
118.07,4.50629711151123,-16.759708404541,5.35289239883423,217.78763044108,-98.5402319860412,53.0191829227785,7.82072591781616,-9.34167861938477,-13.3800210952759,61.3902525242624,-132.664758664395,25.7348601793076
118.075,4.19559764862061,-17.7932796478271,5.58251619338989,217.443989963558,-93.9386993912577,47.9761264094779,7.69789981842041,-9.2082347869873,-13.4599990844727,81.8280773135298,-118.783888157583,40.449824849825
118.08,3.37757086753845,-18.5462894439697,5.46331596374512,218.551423175206,-92.0308704617222,42.4551513146678,7.81920671463013,-8.89202308654785,-13.4016599655151,102.885181694464,-106.613939056725,53.8494914541365
118.085,2.04771089553833,-18.9448547363281,5.08750915527344,220.349962247832,-91.5321027277712,35.3923907883215,8.26198959350586,-8.38411331176758,-13.2814445495605,122.793127238111,-95.5014193526,65.9495335688401
118.09,0.399908125400543,-18.9639110565186,4.71496963500977,220.19872819923,-94.7338700144306,29.1924334183096,9.19766521453857,-7.62494039535522,-13.8343343734741,133.555032841571,-88.2399173968792,73.9628344465041
118.095,-0.20068684220314,-19.2981052398682,4.36151599884033,219.610457666395,-95.0317687150807,23.6013908278989,10.2043743133545,-6.79328775405884,-14.4882593154907,148.430665759482,-73.7891768868565,86.9291221328837
118.1,0.449305206537247,-19.8119869232178,4.02411222457886,218.696072921448,-87.4647592279745,18.1798018157016,11.1564311981201,-5.86547136306763,-14.8963794708252,164.663949039095,-53.2518157508145,101.844650185737
118.105,2.58832406997681,-20.4087524414063,3.70132493972778,217.523944157982,-67.6027193857391,12.5882657441234,11.9504566192627,-4.81675338745117,-14.7675867080688,180.144422528767,-27.132800119376,116.438046026764
118.11,3.9293851852417,-19.9214344024658,3.32564091682434,211.945810625103,-35.3143353864866,12.7694868845031,12.147424697876,-4.04023599624634,-14.108588218689,193.01719809522,1.79704667629245,131.617909230686
118.115,4.0160231590271,-18.6284160614014,3.07527351379395,204.554289188342,-5.09555035905353,14.0816806297312,11.8074035644531,-3.38746643066406,-13.4552869796753,205.853186262803,32.0814839089145,147.890452437648
118.12,3.21638464927673,-16.7601299285889,2.84360480308533,196.359373580647,19.8550798794711,14.9568182539329,11.1780290603638,-2.91307854652405,-12.7285203933716,218.52505864501,60.9870527971782,164.708058400755
118.125,1.9248378276825,-14.5618505477905,2.49811792373657,188.568176794414,35.113620032442,13.391198877288,10.5481748580933,-2.69943714141846,-11.8231830596924,230.860175380378,84.9733452753748,181.424645866038
118.13,0.878426373004913,-13.4857311248779,2.30538654327393,178.061365096075,40.872200333004,10.9019202125776,10.638355255127,-2.62019276618958,-10.9866542816162,242.062887732492,98.8206317420377,198.703357900012
118.135,0.150919258594513,-12.9917440414429,2.07906866073608,167.979759994326,37.8538338708432,10.8981473868348,10.8037366867065,-2.50860738754272,-10.5229301452637,251.789787450264,108.789313326239,217.115526166372
118.14,-0.365881890058517,-12.8806734085083,1.80264365673065,158.839204696043,28.1002468964368,13.0839812372891,10.920991897583,-2.34959292411804,-10.2994403839111,260.49144845286,115.976106672818,236.374760833219
118.145,-0.86257004737854,-12.8722124099731,1.45914995670319,151.3854875567,14.6948839143575,16.7703991106587,10.8192625045776,-2.1271185874939,-10.0582838058472,268.949790796464,121.507221183451,255.967404354211
118.15,-0.744566440582275,-12.6784143447876,1.4834178686142,144.788685950626,8.14096138211979,20.0504249972808,10.8272104263306,-1.90352761745453,-10.0199098587036,275.783094532738,129.166308450758,274.668844792299
118.155,-0.517409205436707,-12.1435241699219,1.73849546909332,136.478107919527,6.09283609816402,22.9373512990538,10.6739139556885,-1.64974749088287,-10.0993480682373,279.656385528026,133.619072695229,291.853327536485
118.16,-0.334965735673904,-11.2961940765381,2.18342471122742,125.965299315097,7.14878120941388,25.2122499625114,10.3024139404297,-1.36241793632507,-10.0865516662598,280.864700633715,134.288444894269,307.306603212882
118.165,-0.465083539485931,-10.2480020523071,2.76611351966858,112.563887597452,8.36619455396378,26.1777706262263,9.62569427490234,-1.03928482532501,-9.39298057556152,280.509776683684,131.091397268326,320.475645064773
118.17,-1.03190624713898,-9.23079967498779,3.3306713104248,96.9189909638903,7.04768928705581,26.392643254873,9.11962509155273,-0.771147310733795,-8.62166213989258,281.322514553402,129.495031795132,328.343886384844
118.175,-1.47839760780334,-8.1526403427124,3.79027342796326,82.9224443732951,5.71536825500421,25.8963907380838,8.72553443908691,-0.565658748149872,-8.7720193862915,282.774776695487,123.835072595996,337.323836614984
118.18,-1.65888726711273,-6.98483085632324,4.11263751983643,69.238139880607,4.95418123804672,24.5425533294862,8.21288681030273,-0.509416103363037,-9.76780605316162,284.363697262485,112.007800915986,348.356641181305
118.185,-1.45061790943146,-5.6854076385498,4.23393774032593,45.739007229867,4.97179586902936,21.6081333073195,6.56452465057373,-0.998886168003082,-10.2537717819214,284.270724727503,89.8602909850056,359.42233993867
118.19,-0.626205325126648,-4.19660091400146,4.16747999191284,20.5849453564422,7.94075146207379,17.8267271393889,5.5756688117981,-1.37594425678253,-7.76258563995361,286.251069775457,81.367927469146,369.525610400466
118.195,0.198554992675781,-2.89567828178406,3.99177956581116,-3.79429003913938,11.0234856269728,14.9458643380515,5.21833562850952,-1.35186171531677,-6.47773790359497,285.437594245308,67.7719714733721,375.905963311742
118.2,0.789247572422028,-1.89442658424377,3.72675037384033,-26.0862802422939,12.8035550143095,13.64577539558,5.40149259567261,-0.914400160312653,-7.45450305938721,281.137471068408,44.1864471749151,377.866309565805
118.205,0.963899433612823,-1.00268161296844,3.34309697151184,-42.6672286883967,9.72426070343128,14.337420841503,5.31595039367676,-0.859943091869354,-7.32889938354492,281.890758971591,24.3859900257839,378.352072619577
118.21,1.09305465221405,-0.245150327682495,3.19289231300354,-57.642876066324,6.92255040306425,15.7391651969391,5.66825532913208,-1.48051679134369,-7.93405485153198,279.351567845747,5.75796174155523,377.213999179312
118.215,1.19926106929779,0.447793871164322,3.18717885017395,-71.5309729132778,7.81856279291685,17.3638896155667,6.09035348892212,-2.67378616333008,-8.49709796905518,275.658238674711,-10.3738885331276,373.527363593663
118.22,1.28835141658783,1.11739671230316,3.28104400634766,-84.5386856969735,14.5040740421567,18.9118034343357,6.40466213226318,-4.39449119567871,-8.6106071472168,271.930867840851,-23.3096700333531,366.552975469893
118.225,1.27405571937561,1.90921664237976,3.36665892601013,-96.5637938062929,28.4420295625043,19.3913083272799,6.84141874313354,-6.22743654251099,-8.32541942596436,269.170706434979,-35.5232162316839,354.320325232454
118.23,1.39202547073364,2.73441696166992,3.45133209228516,-109.218467772169,45.9313146210432,17.8735378408656,7.38414716720581,-7.54089403152466,-8.32392978668213,263.135660567383,-46.3266118192577,337.505082514799
118.235,1.54030871391296,3.43129396438599,3.53384947776794,-123.525159592596,66.4642019831789,15.0959509148734,8.33643531799316,-8.78807258605957,-8.39339160919189,255.764657018888,-51.328639386214,317.143742183858
118.24,1.63961601257324,3.86328768730164,3.61311268806458,-140.398786767276,89.8229230200564,11.5683707981997,9.96498775482178,-10.325629234314,-8.368821144104,248.519083064312,-46.6790632408087,293.844136434246
118.245,1.60278010368347,4.34980773925781,3.84085845947266,-159.945230888722,113.305120216749,9.1200835137931,12.1121892929077,-10.343635559082,-8.61444187164307,237.188454929421,-32.6444554210636,270.406096410538
118.25,1.34899866580963,4.48978710174561,4.05268287658691,-176.158488053688,132.700876704726,7.81575131629974,13.319354057312,-9.4108829498291,-9.00058269500732,227.275009085038,-17.84739358427,254.975551603698
118.255,0.91411679983139,4.30484104156494,4.08810234069824,-187.538566758169,146.835939531689,7.41521707053915,13.5441999435425,-7.85962915420532,-9.32113170623779,215.663195722396,1.73632725506639,242.693286872128
118.26,0.3292396068573,3.79713273048401,3.73191213607788,-191.829073028718,153.830340109728,7.68626544378829,12.6580410003662,-6.05974817276001,-9.31208324432373,198.308012890474,31.5309638316223,227.696363454936
118.265,-0.131419688463211,3.15302443504333,2.67929410934448,-186.561644801183,153.11461824698,8.96485124320528,10.9574155807495,-4.75405406951904,-9.39656925201416,178.634814118411,57.8241561170853,214.695549162302
118.27,-0.488383203744888,2.30373001098633,1.1911495923996,-177.448478561471,147.327235038688,9.98342881639282,8.63023948669434,-3.76877355575562,-9.47781753540039,159.395223075617,75.4332648917811,199.798728997586
118.275,-0.705172657966614,1.2911285161972,-0.559835195541382,-167.0869313264,138.694859475033,10.5818865763748,5.68170928955078,-3.12427067756653,-9.31608104705811,140.164852788203,83.0764583088897,182.356310989584
118.28,-0.695755898952484,0.184619024395943,-2.30159592628479,-159.66561660448,130.859266459194,10.5460562577625,2.03649187088013,-2.91329336166382,-8.44171237945557,119.850968611615,77.821515667157,161.279276116652
118.285,-0.84859973192215,-1.41343092918396,-3.1575927734375,-143.369454603368,116.362299228869,8.72435601366091,-0.694260716438293,-2.85344338417053,-7.59561109542847,96.4259879095987,55.4437327384983,134.846744557026
118.29,-1.16537117958069,-3.0505211353302,-3.37641263008118,-122.181565760206,100.978192878196,5.48449761577402,-1.3773797750473,-2.53835916519165,-7.29571294784546,75.364361943434,21.2841466991345,104.425102484357
118.295,-1.61864006519318,-4.69630432128906,-3.02793741226196,-96.927419417326,84.4837914666141,1.19370586466249,0.146344348788261,-1.72837066650391,-7.96703767776489,56.9434032236122,-22.034376385116,71.5097993268507
118.3,-2.14041185379028,-6.42783451080322,-2.17349290847778,-68.1902317675761,64.0293419969069,-3.30898588870294,4.12862777709961,0.17096982896328,-10.7459592819214,40.2191659464591,-69.6565094578378,39.7275972318932
118.305,-2.46694850921631,-8.06515884399414,-0.674516797065735,-40.2690399877785,42.1864550878141,-7.76000928870962,6.04618406295776,1.67171704769135,-8.52692699432373,19.1701228962928,-77.7334881891339,20.9843526209897
118.31,-2.50872182846069,-9.33968734741211,1.12011897563934,-13.1836661406781,22.666442090909,-11.3103074683364,7.25838565826416,2.55797457695007,-6.57840204238892,-0.550726477071179,-73.7602920168566,7.55499859945075
118.315,-2.2909734249115,-10.1497068405151,2.97532987594604,12.753546076754,7.31442738405185,-13.7414518316999,8.1600170135498,2.86768174171448,-5.94658374786377,-17.8152182706374,-66.9875310773853,-3.68379934959655
118.32,-2.02102470397949,-10.289155960083,4.14292669296265,36.1048307451726,1.02971174203001,-14.8831597863762,9.23402309417725,2.99378681182861,-6.24526977539063,-33.0115917493302,-73.0897177045231,-19.5825245957363
118.325,-2.14960789680481,-9.95365715026855,4.11668014526367,50.4855891369594,3.36597079727859,-13.9066869143272,9.78589534759521,2.92479228973389,-6.38385581970215,-43.7447490865741,-77.5547762895005,-32.2254540513346
118.33,-2.57718229293823,-9.14694595336914,3.44641900062561,55.975189757817,13.3086312817327,-10.9156053503533,10.5079622268677,2.58989214897156,-6.78535079956055,-57.00444120913,-80.5454429194822,-48.1005143995476
118.335,-3.21486687660217,-7.92661046981812,2.43424654006958,52.6403908766933,30.466666679678,-5.88062425508584,11.575532913208,1.98261785507202,-7.53424024581909,-74.3893319488472,-80.8980172844383,-68.2010029758973
118.34,-3.55060863494873,-6.86088371276855,2.14596939086914,43.0197210910827,52.600342062495,1.21376538320287,12.4446382522583,1.31241118907928,-8.07740592956543,-88.835414269856,-69.2239877286467,-81.8234601056508
118.345,-3.79528093338013,-4.83965301513672,1.80640590190887,34.3348623538447,71.7035922841715,7.96455637887858,11.8659772872925,0.322811216115952,-7.69722747802734,-99.0988390073107,-45.697045962701,-86.4125890769015
118.35,-3.80245566368103,-2.61170816421509,1.51090502738953,26.5915537314294,88.9265153330056,14.6221970412102,10.020679473877,-0.0612661428749561,-8.2690258026123,-110.913058195817,-15.8219556274161,-85.9908453862208
118.355,-3.46839833259583,-0.599050760269165,1.2949093580246,20.071617366728,104.911398292883,21.1608908129198,6.83430242538452,0.348212987184525,-10.311505317688,-127.411277683145,18.9900978927915,-82.1906374150524
118.36,-2.55445384979248,0.509093761444092,0.846510112285614,18.8519214583349,122.174134514389,24.8302152841178,0.512783765792847,-4.45636653900146,-4.39385938644409,-148.972818855041,79.2849588289131,-71.1925848512278
118.365,-1.22034561634064,1.05919253826141,-0.543995141983032,18.5942747700109,139.624994636205,28.1347410592927,-7.99504327774048,-16.2846641540527,4.3890643119812,-158.148071514308,158.721260989455,-59.0436932235803
118.37,0.384078145027161,0.42285031080246,-2.74601483345032,16.9029764975432,155.418482035161,29.063247220348,-15.468692779541,-34.6954612731934,10.9201555252075,-161.887121971648,219.136223971942,-60.0322401625346
118.375,2.15610027313232,-1.97272324562073,-5.70529317855835,11.7834637004472,167.9842542588,25.8694985757742,-19.2816009521484,-59.7405891418457,10.9887447357178,-165.388864336465,228.99079358568,-86.3348546939576
118.38,3.23453688621521,-11.3577489852905,-4.32962083816528,14.3558811352823,154.728892476178,13.9751655371721,-20.4385051727295,-52.5645294189453,4.85772180557251,-135.675137220322,127.108194868915,-133.511770423369
118.385,3.13569688796997,-23.974739074707,-2.3920624256134,40.8701546913476,102.189465455796,-10.7919789263761,-11.9706401824951,-33.3401107788086,1.20521783828735,-117.315779976624,23.4908032350472,-157.008645696588
118.39,1.62287414073944,-38.0529823303223,0.216545179486275,78.2748011714249,18.3711393200158,-42.6439855546511,-0.738994419574738,-13.7715282440186,-0.308681458234787,-114.719351865536,-53.1627842349834,-161.38487084122
118.395,-1.71009945869446,-51.4801445007324,3.68497538566589,111.009514127276,-89.0744094191039,-74.8537984727864,4.84881114959717,-8.53759670257568,0.0534598231315613,-134.637330957073,-64.7212128390725,-150.898003295258
118.4,-9.07093143463135,-55.3911399841309,10.2314281463623,154.559039331898,-158.76870348343,-92.1663062827744,8.99107933044434,-6.57223558425903,-0.639378190040588,-148.50335263263,-60.2944989360956,-156.245399377596
118.405,-15.0196056365967,-46.285026550293,9.83426761627197,199.907875420522,-207.234236852602,-64.789972353447,12.9358339309692,-4.30223989486694,-1.85431635379791,-158.417167307228,-49.0536980340741,-166.093384688974
118.41,-17.0041160583496,-26.9962749481201,3.3904287815094,222.248823138987,-214.381565366156,1.88707283842145,16.50119972229,-1.05525434017181,-3.08935451507568,-166.299328552828,-28.2257960186654,-178.620771249477
118.415,-10.3444423675537,-2.19214844703674,-6.98221635818481,173.105830626799,-136.058010304436,98.6566730510115,19.1712608337402,4.16937017440796,-3.4515426158905,-175.35389176946,9.4178823229266,-191.852008803951
118.42,-2.55011487007141,10.8035135269165,-9.47803592681885,111.677212929969,-31.6522304252413,117.06300833582,21.7479782104492,7.06738328933716,-8.89071941375732,-185.588042316132,42.243599865505,-190.729480874238
118.425,3.91629314422607,12.4145755767822,-8.96506404876709,54.8835820944764,22.7882380241887,99.7546737714153,21.01247215271,7.27221441268921,-11.8381023406982,-190.321732241166,87.5064780234249,-181.254587816083
118.43,9.27143955230713,7.05629348754883,-6.8388729095459,8.41591918489511,23.882074036746,56.2963145167398,17.2753486633301,5.28018379211426,-12.5234365463257,-190.322538203488,135.741034885434,-167.238342959921
118.435,14.9400625228882,6.7853422164917,-5.24245595932007,-16.3844268282085,-15.403333333186,-3.3735412081999,12.3378162384033,2.46871471405029,-14.1617164611816,-189.822295148677,153.40684106043,-157.172092123426
118.44,18.3580360412598,9.68331623077393,-2.5240421295166,20.5521911842774,-36.5550324190303,-37.5497333584267,7.84345102310181,0.775297164916992,-13.3332185745239,-182.842716081137,158.198369027356,-146.882712667126
118.445,18.2253112792969,11.2429218292236,2.40430307388306,65.2816503510396,-24.9612268501351,-44.1482834929277,4.69522190093994,-0.115862265229225,-12.7540502548218,-173.46494831298,152.455819180776,-131.99724427681
118.45,13.9672470092773,10.5874280929565,7.95431852340698,94.8983341394553,25.3539371142014,-28.0832448480454,3.28116917610168,-0.710485279560089,-12.9194927215576,-163.588385490115,135.986826072906,-112.433396833359
118.455,4.20220994949341,8.13271713256836,5.62618684768677,56.4535010752039,127.66601641843,-14.3708460797538,4.50917863845825,-3.05281209945679,-13.4247617721558,-157.995867578843,105.553497546567,-92.1800759441412
118.46,-2.4968090057373,6.44068813323975,-1.0583153963089,-13.9622283051105,186.672444129898,-12.0501313611174,5.02452754974365,-6.2816309928894,-13.8246765136719,-151.631265083794,83.4570091286861,-74.8368049621314
118.465,-5.21249008178711,3.83411240577698,-5.06051445007324,-69.5304992978402,203.317055061708,-24.6314670245542,5.16988611221313,-9.96834754943848,-14.0684566497803,-146.066573363201,62.6446782370377,-67.0081582486787
118.47,-3.91184663772583,-0.615332424640656,-4.14268684387207,-94.9156964803255,180.735971552404,-51.8609467640844,5.11384582519531,-13.6911067962646,-14.089448928833,-141.477806391976,40.3194365385694,-71.7821736105725
118.475,-1.84945940971375,-9.49320697784424,-0.429971575737,-99.8951844230208,152.012963375371,-78.3283157035719,5.35528802871704,-15.1392230987549,-13.5331153869629,-134.75017934254,13.1785306921959,-93.3219264790164
118.48,-3.26782393455505,-21.5107936859131,0.647018671035767,-91.0191077097791,137.235384653184,-90.5679327339647,6.02444219589233,-15.5504751205444,-12.8048143386841,-125.794981717953,-2.39542268744775,-109.936785106801
118.485,-7.70601558685303,-31.2639408111572,0.165794402360916,-71.3877028652476,125.447434372226,-92.6705449982506,6.89016532897949,-14.5415134429932,-12.0809307098389,-117.594998109894,-8.49992197394981,-119.492602246242
118.49,-14.7966651916504,-35.5411033630371,-1.36534667015076,-44.9170144538234,110.752548750321,-85.7780849935749,7.8536958694458,-11.9834899902344,-11.4430313110352,-111.493173482783,-5.88311300526467,-120.593109646071
118.495,-19.2860908508301,-30.1383666992188,-3.47518134117126,-63.3989906685956,88.1037848965317,-61.7201370007956,9.136643409729,-10.6191749572754,-10.6792221069336,-102.570992992643,2.44520025234516,-115.438871313461
118.5,-19.4584808349609,-23.0406494140625,-7.0660252571106,-98.6306363698955,71.1086486565175,-35.7838494202225,10.3812122344971,-10.1929893493652,-10.7586002349854,-96.2239235931931,14.2549761893527,-108.042029159337
118.505,-17.7173805236816,-16.5029678344727,-9.97897720336914,-136.081506155181,33.39997338101,-16.7968438955777,11.0649824142456,-10.1898517608643,-10.8281545639038,-90.1570490440643,29.8986237520701,-100.44045891503
118.51,-15.8586664199829,-12.3544120788574,-10.4542264938354,-164.322439580594,-47.2765442837394,-12.210657028312,10.7378129959106,-10.2257022857666,-10.2083559036255,-82.5609702718505,49.8913524338845,-94.2435785452396
118.515,-14.5864067077637,-15.0290269851685,-4.51530170440674,-121.489708578419,-126.89353568368,-21.9226310752,9.46712875366211,-9.74006652832031,-10.2501192092896,-76.1536859246774,53.3567308715605,-92.8915016179005
118.52,-11.6543703079224,-16.1107997894287,1.07047152519226,-82.8198822527182,-181.868293973387,-27.6615797045401,7.97946166992188,-9.1354284286499,-10.2050266265869,-69.1468544023498,52.0814662516274,-91.6847642859102
118.525,-7.41455173492432,-15.4192581176758,5.3610577583313,-61.2891315736003,-208.547286079023,-26.4922239978772,6.65526151657104,-8.56310653686523,-10.2525539398193,-62.1643383534674,44.9105360193957,-89.7741076580583
118.53,-2.20859909057617,-12.5912523269653,7.07324409484863,-74.5192762978067,-200.163611363426,-14.1952419161927,5.98510408401489,-8.2157039642334,-10.6253175735474,-55.9918178533514,29.9392463021588,-86.038342521709
118.535,1.51468229293823,-9.63397026062012,5.84974050521851,-107.047519465237,-187.618903443187,-9.26651252431442,6.66352510452271,-8.43099594116211,-11.1375865936279,-50.395283790848,18.2545872644714,-80.3192270541714
118.54,3.66819071769714,-8.03785133361816,4.89280557632446,-129.334536010016,-179.058449771492,-6.27404955458092,7.75751495361328,-8.79435539245605,-11.7407751083374,-44.6372703959872,11.5754016241766,-74.8760034177781
118.545,4.59653949737549,-7.42873430252075,4.20489454269409,-142.993056538587,-166.723469639907,-3.7945487325542,8.91614246368408,-9.20957565307617,-12.2721376419067,-38.7752605408238,10.4482855148884,-69.7471460681239
118.55,4.83288383483887,-7.04468584060669,3.48189878463745,-153.279908824895,-134.65842258123,0.242993824800562,9.57949829101563,-9.54348182678223,-12.4208669662476,-32.9848618040133,16.312392238127,-64.800818693849
118.555,4.0876784324646,-7.4330792427063,3.27504301071167,-167.815070473059,-91.5784319009114,2.34059590520641,9.94009590148926,-10.2202072143555,-12.2317552566528,-26.6110078177329,21.4375544554403,-59.5414637499125
118.56,2.55269622802734,-8.27974987030029,3.35834550857544,-181.676570563384,-51.0247506096618,2.64230286320563,10.0237283706665,-11.0835294723511,-12.0075597763062,-20.3192509977287,26.5255997172565,-54.7344790648951
118.565,0.639542281627655,-9.42562961578369,3.51008629798889,-194.462233897163,-13.881910403113,0.289274332842922,9.89948081970215,-12.0493726730347,-11.7577505111694,-14.597823511157,31.3452953843193,-50.7589606283
118.57,-0.558501303195953,-10.5494136810303,3.17365908622742,-206.694050851524,21.8909065540526,-7.51065445003809,9.74005508422852,-12.9392738342285,-11.3974494934082,-10.676864625652,34.9443679448091,-48.5150454104648
118.575,-0.894678711891174,-11.6904211044312,2.45752453804016,-220.161995441873,54.9997704424475,-14.7044974056143,9.36185264587402,-13.5821008682251,-10.8907327651978,-4.58963312458881,43.5312305429304,-45.1614088676102
118.58,-1.36455309391022,-12.8523139953613,1.88605129718781,-230.887960589921,77.8573946508671,-18.7739907074523,8.75052642822266,-14.1113557815552,-10.094916343689,1.88120101016935,53.0599284162722,-41.7666682463305
118.585,-2.03055453300476,-14.0447759628296,1.57518327236176,-239.141451899938,91.2078668176816,-19.4625506154178,7.9211106300354,-14.5702018737793,-9.07463932037354,7.97580911553617,60.9282926797485,-38.688209779852
118.59,-2.18846106529236,-15.3093309402466,1.54162466526031,-250.158328465115,106.110827322462,-18.0910247244171,6.95811748504639,-15.0265741348267,-8.27422618865967,11.9309983478404,59.0388437892696,-36.5252288885869
118.595,-1.51645004749298,-16.1721515655518,1.89851379394531,-258.780677311069,128.885915524951,-14.276002072939,5.99756050109863,-15.6531400680542,-7.08528614044189,14.0493994481664,53.6141777768512,-33.7823615216932
118.6,-0.571999907493591,-16.5242156982422,2.45105671882629,-264.505004212943,155.416569582193,-5.9290421854516,5.3819375038147,-16.406566619873,-5.89349985122681,15.0980955942728,44.8922140369471,-31.1966363170339
118.605,0.246278420090675,-16.2599678039551,3.03172469139099,-265.81866815639,181.567232895151,6.42601870229277,5.16887903213501,-17.3068218231201,-4.78335428237915,15.3176964213724,34.0703188820063,-29.0682537490096
118.61,-0.785548746585846,-14.9625034332275,2.78706097602844,-252.729457555518,184.634916738214,11.7223070403925,4.79131984710693,-18.6010913848877,-3.37083148956299,14.7909966288106,30.8974023144011,-27.7326273322865
118.615,-2.41920137405396,-14.3512659072876,1.90351629257202,-237.985975137668,149.774314233386,6.55036144235921,4.12201309204102,-20.0915584564209,-1.73262882232666,14.78890317583,28.0711741962347,-28.3473716783444
118.62,-3.48101568222046,-14.6567478179932,1.40636610984802,-226.104341982054,107.651369659569,-2.87443324545086,3.20331835746765,-21.482494354248,-0.197202622890472,15.0825125176814,24.4713520224834,-30.9805837732081
118.625,-3.41811442375183,-15.9605054855347,1.81077146530151,-219.216424053177,74.786329864165,-13.161923087229,2.06436514854431,-22.5885200500488,1.05233418941498,15.5663682411269,19.4212365086756,-35.7738602685613
118.63,-4.00036716461182,-16.6241645812988,2.2631242275238,-209.931847386055,64.4800661802361,-18.0826731106095,1.07646954059601,-22.9816818237305,1.94306480884552,16.2211870145925,12.156526925366,-42.6104015145022
118.635,-3.84424114227295,-16.6504459381104,2.59674096107483,-198.355728592015,55.5106754225536,-21.8602697405305,-0.451669991016388,-23.2197856903076,3.02770161628723,15.8026825411256,1.65167132917231,-50.0800090889494
118.64,-3.21221280097961,-16.3212718963623,2.81743049621582,-183.140239121383,47.9379490671121,-25.3360146978193,-2.22569131851196,-23.2354373931885,4.07966232299805,14.8700167948658,-8.63308419578202,-56.5559026863353
118.645,-2.28405523300171,-15.8392705917358,2.92290186882019,-162.989815032011,41.8949870102675,-29.1610282085059,-4.02636051177979,-22.9613819122314,4.91660594940186,13.8367534611891,-15.9301885125514,-60.6824605111414
118.65,-0.785319149494171,-14.7684173583984,2.88377952575684,-139.764057287707,29.0069186502629,-33.2865649200311,-5.83791923522949,-22.2716407775879,5.99679517745972,10.6941595184041,-22.1604736300255,-66.1731061509421
118.655,0.560320258140564,-13.5534763336182,2.64660120010376,-117.514005726716,16.9928259285274,-37.7415045797532,-7.21924448013306,-21.2565135955811,7.01108980178833,6.78431249690507,-27.5343896293634,-70.9740939298683
118.66,1.64587342739105,-12.2734069824219,2.35868501663208,-97.6907408683992,9.87250312917723,-41.9475145800795,-8.21918678283691,-20.0174350738525,8.02760887145996,2.09172259487137,-30.9526653749757,-75.2699687291045
118.665,2.31691074371338,-11.0224027633667,2.20122075080872,-82.3040390458421,13.072903524229,-45.158827056104,-8.86978626251221,-18.664623260498,9.13211059570313,-3.46328391747834,-30.8837282756827,-79.2537107134603
118.67,2.83386540412903,-10.1186046600342,2.97015309333801,-67.0157739096033,30.5499779120792,-45.1922744924695,-9.53376770019531,-17.2503452301025,9.35421276092529,-10.1857859771591,-27.6058812194059,-84.1185880818827
118.675,3.07413792610168,-9.42369651794434,4.08710956573486,-50.3628130715338,53.3012014336083,-43.1404276091898,-10.579870223999,-15.9775218963623,9.39944553375244,-17.1687186675809,-19.8578239079702,-90.3168891310209
118.68,2.95967197418213,-8.87815093994141,5.23089075088501,-34.3535839023597,76.7113777005981,-40.0590355764627,-11.9238901138306,-14.8490304946899,9.44162559509277,-23.8032331631565,-7.94645210870981,-97.808445518366
118.685,2.31813406944275,-8.39945793151855,5.856614112854,-23.0153076631457,93.0529467993121,-37.7250950502722,-13.3988285064697,-13.8641500473022,9.73549938201904,-28.9945184418247,7.85223050288313,-106.605654037262
118.69,1.32126796245575,-7.65179491043091,5.77405786514282,-3.52962575833009,114.661486502887,-34.2269214592964,-14.0732936859131,-12.7935247421265,8.92040348052979,-33.8053655988178,12.2334698601398,-116.791890806906
118.695,0.293964385986328,-6.78674125671387,5.37820339202881,16.7444717125693,130.024781267159,-30.6724432038976,-14.3443183898926,-11.7595024108887,7.69331216812134,-39.185553419361,12.9519314825179,-126.735744653474
118.7,-0.727514505386353,-5.91998863220215,4.74423503875732,36.8703241964018,137.714536083839,-27.0948345128745,-14.30943775177,-10.8143377304077,6.32412195205688,-45.2218901927107,11.9748490160855,-136.166255142402
118.705,-1.75529229640961,-5.33282089233398,3.92559456825256,56.7856190235957,137.064343055989,-23.1856252602892,-14.0802145004272,-10.0736284255981,5.33162498474121,-51.8811880296897,12.0510636819391,-144.841729199721
118.71,-2.73436903953552,-5.1256422996521,3.21943831443787,77.0374782523312,129.370394503158,-19.0015572426715,-13.8401174545288,-9.73836612701416,4.56473922729492,-59.3998602680398,11.4801836645047,-153.069306772026
118.715,-3.58766388893127,-5.16542863845825,2.80445528030396,96.9623080236065,117.739470271218,-14.2646861570315,-13.4502487182617,-9.52689266204834,3.49148392677307,-66.8643349553258,7.84490170990371,-160.990823567624
118.72,-4.26658296585083,-5.37238931655884,2.66884207725525,116.623676908027,102.963681058595,-9.07469349166378,-12.8818740844727,-9.44307231903076,2.14259672164917,-73.5719973618177,1.25796588519955,-168.203530651914
118.725,-4.62143707275391,-5.50718641281128,2.57882285118103,136.981807050059,85.6327044170911,-4.17470809713382,-12.1398000717163,-9.78660202026367,1.1935008764267,-77.15747101567,-5.33716189764039,-172.686101841923
118.73,-4.4989070892334,-5.41341733932495,2.09727668762207,156.056449024396,62.3337407052621,0.168999917582368,-11.1155204772949,-10.5220375061035,1.29591584205627,-81.7204608529671,-14.595038501523,-178.706107632967
118.735,-4.03228235244751,-5.15563917160034,1.39153957366943,173.358315399658,34.2359509693791,3.54990437653244,-10.037091255188,-11.34401512146,1.70726931095123,-83.0882062342621,-22.5751036786857,-183.670412065138
118.74,-3.31261086463928,-4.77324295043945,0.585982084274292,188.31235888924,2.81771193948849,5.83718339819092,-8.98027229309082,-12.1087551116943,2.17914891242981,-80.0603492242496,-27.9973722947054,-186.491526079163
118.745,-2.78775453567505,-4.44481611251831,0.271441578865051,198.106891140174,-22.1094845603241,7.34291610307998,-7.9375376701355,-12.4841327667236,2.68909430503845,-75.3078967695656,-31.7779707927667,-185.864323468059
118.75,-2.16894435882568,-3.81502079963684,0.106691852211952,201.7813689891,-36.4371399388613,9.28015411963423,-7.39802026748657,-12.1222057342529,2.9933488368988,-73.8315308898998,-33.3536203022077,-184.251128408751
118.755,-1.66321086883545,-3.05613732337952,0.0943306684494019,200.771798727881,-43.2926896012623,11.0164530934486,-6.90500402450562,-11.2228031158447,3.15668869018555,-75.7169909499035,-29.7142837765607,-181.258658608828
118.76,-1.38435637950897,-2.2526707649231,0.189724296331406,195.838872184757,-44.43381955118,12.1151428091849,-6.20913171768188,-9.8786506652832,3.16118001937866,-81.3266731265591,-19.9233954315496,-176.862475651441
118.765,-1.30096423625946,-1.41812348365784,-0.587601780891418,191.717290152762,-49.2603078413724,10.9253306859578,-5.11429023742676,-8.39791870117188,2.20955634117126,-93.007102569603,-20.9331193720255,-175.738130891408
118.77,-1.1946929693222,-0.652982890605927,-2.19075679779053,195.238867386928,-61.626624880869,7.73754565030309,-3.19776344299316,-7.24002599716187,1.30933201313019,-105.405849347279,-34.4504086640338,-176.348872746613
118.775,-1.08075964450836,0.014271860010922,-3.8102548122406,201.462494777509,-78.0537899102616,3.36951459824076,-0.725291192531586,-6.52682161331177,-0.17706872522831,-118.689590565902,-55.8634956743198,-177.987872260606
118.78,-0.970806479454041,0.554980516433716,-4.80281162261963,206.620913185891,-96.0214494654372,-1.60017714563741,2.125657081604,-6.38251495361328,-2.79299211502075,-133.04515922003,-81.9852058153859,-180.155528416358
118.785,-0.927608788013458,0.37408435344696,-3.22076272964478,203.697879089071,-105.107977967385,-4.63907472955642,3.92147254943848,-7.19178915023804,-6.02651786804199,-145.294953232286,-111.769809804546,-179.299951600165
118.79,-1.21894001960754,-0.518591821193695,-0.950884521007538,199.537542563724,-112.380975131479,-8.8548006739771,4.35092782974243,-8.21178531646729,-8.17638492584229,-150.89238887976,-133.871994600195,-173.219088823616
118.795,-1.8978043794632,-2.12678718566895,1.44667029380798,196.998911513392,-113.606618427092,-13.1468275153896,3.509446144104,-9.9037561416626,-9.86532497406006,-148.140983776404,-140.816247929347,-161.681164447415
118.8,-3.06060719490051,-4.51024007797241,3.27794170379639,199.798865601369,-103.000331853681,-16.1383077916563,1.41915380954742,-12.8989133834839,-11.8402891159058,-134.267080062545,-122.044278957889,-143.9751967601
118.805,-4.91190576553345,-8.7938175201416,4.77088975906372,205.088287038032,-89.2448431294632,-17.5279695424506,-1.47097742557526,-17.5910816192627,-11.546178817749,-123.206503947058,-96.01179840814,-129.76900434312
118.81,-7.41162586212158,-14.9490203857422,5.3721342086792,207.33571980329,-84.1656275946966,-18.6835504651049,-3.84470582008362,-22.3350620269775,-10.6998567581177,-107.728769363243,-66.3533616733279,-111.770431351761
118.815,-10.2807950973511,-22.0660381317139,4.23289394378662,203.748463470064,-87.850296085865,-19.5869983696427,-5.34696960449219,-25.6886100769043,-9.52956676483154,-89.4901220527476,-44.3831976041465,-95.0785760014628
118.82,-13.0339412689209,-28.5252571105957,-0.380006402730942,189.003150561517,-100.142628516272,-20.0336005338077,-5.3518385887146,-24.9458618164063,-8.2529468536377,-72.0992309918445,-51.9655272055611,-90.2599799948564
118.825,-11.6731653213501,-28.0523433685303,-5.11737442016602,172.073420212995,-105.126931742332,-13.2430358524912,-4.85790967941284,-19.6726722717285,-7.12306070327759,-54.3093919966156,-73.1050446490206,-92.2809441778039
118.83,-8.584716796875,-24.4817943572998,-7.61159467697144,174.771618142717,-111.335143395956,0.475934731720776,-4.74553251266479,-15.3876295089722,-7.326828956604,-40.8413244628609,-96.36730292425,-90.1210334565708
118.835,-4.83274698257446,-19.6910877227783,-7.75612831115723,196.426118189217,-123.633527373968,19.0189588571294,-4.95074653625488,-12.8501386642456,-8.72967147827148,-30.7429444165104,-120.670236142179,-82.7267936045201
118.84,-2.5849232673645,-17.636697769165,-5.88839101791382,228.87468036979,-153.629573529264,36.8151055320568,-4.99623203277588,-12.4214820861816,-10.6174793243408,-19.834285368543,-147.118600080301,-70.5652319759621
118.845,-1.46326386928558,-16.9790992736816,-4.41624784469604,249.991999698447,-187.372839048148,48.0824656246658,-4.2251296043396,-12.3366498947144,-11.60728931427,-4.9356236140718,-162.60519341947,-57.4773600921671
118.85,-0.205673143267632,-16.4334201812744,-2.51770162582397,261.213016957537,-207.179622659998,56.331476330587,-2.937828540802,-12.0751218795776,-12.166576385498,11.2885294101678,-172.011456736844,-44.6300782067912
118.855,1.37304258346558,-15.7809829711914,-0.189779594540596,263.688140908966,-207.435071734957,62.6552513698729,-1.25085866451263,-11.5351505279541,-12.3074855804443,27.4485051231923,-174.578788242069,-32.2177256922888
118.86,2.87502503395081,-15.2861766815186,1.75939345359802,261.350877495745,-179.620260151482,68.6445759511654,0.592366576194763,-10.7624378204346,-11.6192150115967,39.7236937787826,-161.885441745112,-19.9803062752614
118.865,3.99474906921387,-15.2402744293213,3.38572883605957,256.353747174423,-144.080272390291,73.3884633486302,1.80437254905701,-10.4216327667236,-11.6513061523438,48.1162306648278,-152.537767790438,-6.48139616853594
118.87,4.80792999267578,-15.6746835708618,4.59596920013428,248.935096226279,-108.650858561573,76.601015503989,3.22820520401001,-10.4090337753296,-12.2994985580444,57.8693924599583,-149.119039544793,7.77619256817432
118.875,5.31075191497803,-16.5661869049072,5.33067750930786,239.221829566091,-76.7888730269211,77.8432015177718,5.10213422775269,-10.6920862197876,-13.4221420288086,71.1932405493881,-151.341651402607,22.4083275346269
118.88,5.34110975265503,-17.522611618042,5.47483539581299,228.179025602824,-54.5732285438748,74.7718020518004,6.96098327636719,-11.2134704589844,-14.018705368042,91.0090400109425,-148.318691638229,35.5350324589481
118.885,4.64014863967896,-18.1116008758545,5.2873682975769,221.715358044053,-44.5944075438508,71.2912879149237,8.9906005859375,-11.1753816604614,-14.1105794906616,104.076353025336,-139.234348796815,44.4744830824037
118.89,3.36836409568787,-18.4398040771484,4.95814418792725,216.242054254555,-40.1908616425385,66.3647202779177,11.1149644851685,-10.6083736419678,-14.208176612854,117.418273795309,-124.024063930331,54.0576517143764
118.895,1.58532989025116,-18.5688800811768,4.57809686660767,210.126821966102,-38.4858585955012,59.5267037111161,13.2689275741577,-9.50011348724365,-14.5799140930176,134.517884608868,-102.45136905952,66.7881373649451
118.9,-0.590512871742249,-18.8563842773438,4.12207937240601,207.090925823436,-45.4077498853105,53.6967308582546,14.9073171615601,-7.86722421646118,-15.2026462554932,151.077022553404,-76.9990447778715,81.1925760225843
118.905,-2.36826705932617,-19.3070850372314,3.59774661064148,206.009051179663,-54.6794379854685,48.3569948330707,15.9238481521606,-6.37494421005249,-15.1050996780396,166.856057272076,-43.4383468004074,96.1398303041319
118.91,-3.31456518173218,-19.8765068054199,3.02155089378357,206.191471872016,-64.4405467056984,43.5944200380367,16.2885189056396,-5.14541006088257,-14.6553468704224,180.737419552508,-5.75089420331156,111.89791000243
118.915,-3.03357625007629,-20.5365142822266,2.40341234207153,207.166617979818,-73.2403165455327,39.5135151976429,15.9375371932983,-4.29191780090332,-14.1247787475586,191.715432341307,33.1469217024502,128.729777400524
118.92,-0.721605598926544,-20.6891860961914,2.13265371322632,203.392952123765,-64.2733778257623,36.9477239000764,14.570273399353,-4.14050483703613,-13.4239330291748,203.216364412963,67.5746268176829,146.955399540273
118.925,0.65287584066391,-20.1284847259521,2.02432823181152,197.172220733392,-47.6508215747831,38.5900394709114,12.9836540222168,-4.16590023040771,-12.670654296875,214.37914747919,92.9668454346349,165.588087294176
118.93,0.990237236022949,-18.951265335083,1.98520910739899,190.353287715132,-29.8723070331981,42.0256826800357,11.3511180877686,-4.2224497795105,-12.022027015686,225.041892396281,110.366260571622,184.838388073588
118.935,0.0855229422450066,-17.2317962646484,1.90348899364471,185.213078591077,-19.0151476115725,44.3586567344586,9.88704490661621,-4.12954807281494,-11.6834592819214,234.962796807237,120.468048882369,205.018304919796
118.94,-0.0553421527147293,-16.0562362670898,1.84905529022217,180.12958735789,-13.8523869104256,41.6307065007122,8.84046840667725,-3.71070718765259,-11.5103406906128,243.274836498819,122.614080659208,225.684968367016
118.945,0.0726999863982201,-14.6774291992188,1.80053162574768,172.686894143867,-11.9587485526645,39.5576860310054,8.18993186950684,-3.31110596656799,-11.3437242507935,250.576226759293,120.606237269656,246.356426607032
118.95,0.26677405834198,-13.3303909301758,1.710608959198,163.226153237672,-15.7071196569007,38.8866575110921,7.78484535217285,-2.85801076889038,-11.1064224243164,256.446828992432,115.205797938224,266.523598320249
118.955,0.201534688472748,-12.5424070358276,1.48754107952118,152.435547179319,-30.4426893005967,40.5790008025028,7.3679780960083,-2.17164421081543,-10.661473274231,259.877004635126,107.097919431123,285.219574607001
118.96,0.24293427169323,-11.9308242797852,1.69023358821869,145.697961714074,-44.1244085666839,42.6517651401158,7.05060482025146,-1.62959229946136,-10.0844278335571,261.137393103047,99.7458081858726,296.271940835106
118.965,0.446822166442871,-11.1784963607788,2.1947557926178,139.949715489726,-49.1551263432488,43.7579620875235,6.93456506729126,-1.248251080513,-9.49947643280029,262.581021886021,89.739382976318,309.224848180901
118.97,0.621286749839783,-10.2863759994507,2.92911410331726,133.892758375272,-46.5631344400261,43.8779377753894,6.98727464675903,-1.03427684307098,-8.95745468139648,264.057981992144,77.0061481746084,323.552290116027
118.975,0.185056269168854,-9.3598518371582,3.7498300075531,124.836883762319,-41.4094527678334,43.3546769830747,7.09225034713745,-1.01628541946411,-8.56499195098877,264.279444045793,62.3273066670639,334.378495120334
118.98,-0.711930811405182,-8.27992248535156,4.17662382125854,109.091323800769,-37.6960838217726,41.257255662558,7.56027984619141,-1.52756345272064,-8.35015773773193,264.172701849444,48.3082033767348,343.691157525323
118.985,-1.35111606121063,-6.9529185295105,4.44453382492065,92.3163245577046,-33.7873031635577,38.6864714967082,7.80965137481689,-2.21871423721313,-8.63828754425049,264.124207506337,29.659580791498,352.602368731655
118.99,-1.48114502429962,-5.37209177017212,4.6021409034729,72.9114429369966,-28.3977938423447,35.411050865134,7.83899354934692,-2.87672686576843,-8.91537380218506,264.766081363778,9.23449003616446,360.94030850057
118.995,-0.647589206695557,-3.59962296485901,4.64111661911011,37.7476995613304,-17.1651225729829,29.2509134979832,8.22361660003662,-2.85694813728333,-6.45739126205444,268.661447530463,5.63647914320374,366.791267109656
119.0,0.623529195785522,-1.91995310783386,4.53365755081177,1.6610503528415,-3.76780341931172,22.5091650324384,8.83730220794678,-2.2106568813324,-6.76914167404175,269.984427851938,-8.65568785306654,368.796883857539
119.005,1.34577703475952,-0.608900427818298,4.48354434967041,-31.0275720596032,8.38731093755652,17.3433051329556,9.47799873352051,-1.603928565979,-7.43239116668701,271.543022379021,-21.2052033727075,369.386465786694
119.01,1.19980430603027,0.234762012958527,4.52038478851318,-58.0806228902301,17.2078197930319,14.5965172374783,10.0877542495728,-1.30276501178741,-7.70936632156372,273.769172274825,-28.2731924088634,369.24808615411
119.015,0.480720043182373,0.671501398086548,4.30630970001221,-74.3297590389064,15.6339171044711,14.6871504326698,10.7518548965454,-1.59358096122742,-8.26015377044678,272.337264096467,-34.5855542020463,367.559690712039
119.02,0.62068635225296,1.22722899913788,4.12561798095703,-87.6244695413369,15.55901895758,13.1849015511442,11.1413984298706,-2.35646605491638,-8.29348182678223,269.986121738852,-29.5848653521673,362.767165537495
119.025,1.18105721473694,1.83502089977264,3.98497843742371,-97.8333688786474,19.2542588740363,10.749228772361,11.4175395965576,-3.15814161300659,-8.16528511047363,266.609631383034,-20.329608979605,354.391222596038
119.03,1.91171669960022,2.46903824806213,3.89477801322937,-104.711068844527,28.2805229093901,7.64452445022305,11.6718349456787,-3.81266593933105,-8.0743989944458,261.964447049265,-10.4474863827555,342.024044952706
119.035,2.05731129646301,3.24789524078369,3.93859934806824,-108.17465777264,45.3878979404879,3.29838714265837,12.1347312927246,-5.05044221878052,-8.37997245788574,253.704535361429,-2.43596242149272,326.461021796725
119.04,2.0578784942627,3.73935341835022,3.96590256690979,-112.212549496736,65.9409821719992,-2.55044663726589,12.586145401001,-6.28434228897095,-8.88170051574707,247.799345050333,6.16072817851395,314.009122486929
119.045,1.93094789981842,4.05058288574219,4.00568962097168,-118.019439725297,88.7158313178674,-8.52499986726116,12.8937082290649,-7.26841974258423,-9.14945316314697,241.263127222197,20.2454217754427,299.911366153212
119.05,1.68266606330872,4.25584697723389,4.08180713653564,-126.654506383486,112.874299204662,-13.5370080481421,12.9432582855225,-7.79162502288818,-8.82655715942383,231.680672344993,44.0563730523614,280.280828742705
119.055,1.42270517349243,4.25187349319458,3.94290375709534,-137.684537893004,131.570152548009,-16.1345460649709,12.287013053894,-7.53498411178589,-9.40400886535645,218.096136425511,66.1171327506939,261.596682343595
119.06,1.12416899204254,4.0202374458313,3.60448789596558,-147.014767544539,143.758092367142,-15.5675601091371,10.7960777282715,-7.04289531707764,-9.56497001647949,203.202471808191,88.6378988594375,245.450524957035
119.065,0.840384900569916,3.58779263496399,3.12203288078308,-152.586808548678,150.520362136048,-12.3843342247534,8.71717739105225,-6.37854099273682,-9.51184749603271,186.879357880615,106.498454218238,231.220481519474
119.07,0.639488697052002,2.97283244132996,2.55415558815002,-151.525369830902,152.799309394136,-7.07249013081895,6.31507635116577,-5.60805559158325,-9.48247909545898,168.865703831568,112.907186565515,218.272601192908
119.075,0.61319500207901,2.06390380859375,1.68888831138611,-141.41506427426,150.074159537949,-1.39243459415395,4.11019992828369,-4.66220188140869,-9.26089382171631,150.236280908089,104.837618589469,200.52813855943
119.08,0.587404787540436,0.921367526054382,0.559228777885437,-132.199855008349,145.219766509903,3.02608585658335,2.03002977371216,-3.73900938034058,-9.04627990722656,129.877167218816,89.410434235701,178.868242663485
119.085,0.560730457305908,-0.384190380573273,-0.725027441978455,-121.786179769533,136.902481233038,6.66205936783783,0.277944922447205,-2.93505692481995,-8.62574863433838,108.085899464376,67.5683567040248,153.764906897479
119.09,0.548776209354401,-1.74254202842712,-1.97559368610382,-105.034409999835,121.928247704269,10.5122212081616,-0.718534529209137,-2.42504096031189,-7.55328941345215,85.3927735319269,39.6727747185201,125.657216802394
119.095,0.409526586532593,-3.04184627532959,-2.70810604095459,-87.224896644702,105.118831137976,12.3543223735404,-0.0067368545569479,-1.99825656414032,-6.74622249603271,63.7001610298581,8.36767755878732,95.2578684671756
119.1,-0.079573966562748,-4.55115985870361,-2.91893029212952,-71.0720525029446,88.2013541488253,11.7757609546107,1.53908717632294,-1.51347577571869,-6.33982467651367,42.6323127613596,-20.4544460546126,65.2140041574998
119.105,-0.742194592952728,-6.19539260864258,-2.6236732006073,-56.4180967896411,70.7302288557421,9.05976269813813,3.5468635559082,-0.991264760494232,-6.30085468292236,22.3730871736042,-45.0988887310425,36.3962680868679
119.11,-1.00021803379059,-7.67052555084229,-1.82304978370667,-41.9532348635094,50.7308236640141,4.9859770492936,5.2940993309021,-0.539405345916748,-6.51682424545288,3.66748245455622,-62.3985250495396,10.4863902864942
119.115,-1.47458255290985,-9.32366943359375,-0.693063378334045,-26.2513898201953,30.9641161871192,0.308592775858363,7.96212577819824,0.372240513563156,-7.23079824447632,-13.8924160878301,-66.0446371228434,-9.56826259788277
119.12,-1.89175462722778,-10.7064380645752,0.498137652873993,-9.69381769652688,14.5014580797046,-4.63373394851229,10.145824432373,1.31780385971069,-7.54125165939331,-27.4726173985098,-64.5830449423523,-23.7618575847119
119.125,-2.21715569496155,-11.6563472747803,1.6053352355957,7.13473748670669,3.06633488070177,-9.44296704642712,11.5242805480957,2.14281153678894,-7.32761526107788,-38.3415981700413,-59.6137613022771,-33.8526236776851
119.13,-2.56295275688171,-11.8635206222534,2.21899390220642,21.8867196480914,1.63032464013849,-12.6002552874377,12.0050029754639,2.55225729942322,-6.92876148223877,-55.2528938379936,-50.0577392571606,-48.0514838865907
119.135,-3.03648900985718,-11.1880912780762,2.52395415306091,32.9984572955562,8.9164917963343,-12.885197973006,12.0199794769287,2.69478392601013,-6.95865106582642,-70.4153639651937,-43.4683996327554,-59.984169291156
119.14,-3.46835684776306,-10.2061042785645,2.7390763759613,41.4147837304806,20.702007968627,-11.104523260154,11.6669769287109,2.63329768180847,-7.3391580581665,-83.9006162549001,-37.6196847408114,-70.143754662659
119.145,-3.81766176223755,-8.97500896453857,2.94155025482178,46.8270427042716,35.0652657082129,-7.47644459380643,10.9533576965332,2.35099387168884,-8.04073143005371,-95.3517152663716,-31.9967007707471,-78.5516833799988
119.15,-4.23353719711304,-6.44691705703735,3.16948246955872,44.8415408634948,47.1213179895671,-2.04457358558736,9.7611780166626,1.59144592285156,-8.95416069030762,-102.13552745192,-28.4167305418185,-84.4667979559591
119.155,-4.15403842926025,-3.80121231079102,3.17406558990479,36.592485761344,60.4492846830664,4.76489705935181,7.58532857894897,1.5196498632431,-9.34984111785889,-108.997299416655,-14.4309158859567,-86.13725049108
119.16,-3.66773271560669,-1.47017860412598,3.04509949684143,27.9611142354964,77.1064768233267,11.5210572240454,4.46216249465942,0.811160087585449,-9.11835098266602,-120.970860088308,7.68501893426476,-84.8073170370301
119.165,-2.79494452476501,0.303894191980362,2.79830479621887,22.3059805650089,98.1690316952185,17.5755110741685,0.15727336704731,-1.60486793518066,-7.68349409103394,-140.017716853102,39.4227693043302,-80.5222475970609
119.17,-1.46691918373108,1.58116829395294,1.9971067905426,24.5916197009363,120.133697462118,24.9040667045185,-8.94667434692383,-11.784707069397,3.65961360931396,-148.51165814266,121.122135118046,-65.2764730676487
119.175,0.178932696580887,2.51164674758911,0.360488384962082,25.4470821114602,145.045842572877,32.9256406488147,-14.7996759414673,-31.2293663024902,10.3458032608032,-159.371180809739,173.462079633528,-71.7038791521166
119.18,2.23210287094116,2.16208553314209,-1.78231799602509,25.4667137826821,168.976188971582,38.2381276343048,-17.7894287109375,-50.0160064697266,11.4895458221436,-161.733429054944,171.98276994233,-100.621486248792
119.185,4.78875732421875,-0.288671135902405,-4.20026111602783,25.0723915939716,188.737210315993,37.9678672941312,-18.0492038726807,-60.2065658569336,6.04669666290283,-146.432220710228,93.9210706730099,-154.056514993903
119.19,5.66833019256592,-9.30964660644531,-4.6103048324585,21.9984017787576,202.177246753394,22.4798140020276,-15.7568273544312,-49.8270835876465,1.38746106624603,-116.286689034757,-22.0517165278714,-174.477318951759
119.195,4.51784086227417,-21.186487197876,-1.80804932117462,33.6324798505464,141.027519340754,-7.74851920297837,-8.0472526550293,-29.445894241333,0.650115430355072,-114.862635573944,-82.5910504249552,-167.025801133329
119.2,1.53902471065521,-34.8073387145996,3.69904184341431,53.4845715222556,29.0123315751801,-42.956599897868,1.60888886451721,-10.0172901153564,1.19557118415833,-125.876356591725,-102.072252579449,-149.241941968718
119.205,-3.15529775619507,-48.9094047546387,11.4814500808716,74.0326663005783,-107.973590663853,-71.2642471959996,9.00079917907715,-5.3776330947876,-0.193272814154625,-129.825612950961,-95.3983108168894,-142.368381097476
119.21,-10.0166854858398,-52.180591583252,12.5212373733521,144.700754095252,-162.897484534811,-86.7261220805618,13.9010744094849,-4.42308950424194,-2.76053428649902,-141.237629620002,-87.5186289299584,-152.502496693564
119.215,-15.3923244476318,-42.654426574707,5.55844688415527,191.179481057515,-171.707813847102,-56.3080317062609,17.1247444152832,-1.40158224105835,-3.40871572494507,-151.332717515172,-58.5232259786361,-168.492338370779
119.22,-16.6246356964111,-23.5305709838867,-5.13358402252197,188.984121654489,-137.252337182704,13.4230574408979,19.2466011047363,3.22235918045044,-3.56678891181946,-160.861186577177,-13.4235936107477,-182.965399939009
119.225,-8.62657165527344,-0.0682473182678223,-11.7179317474365,94.4209039164714,-56.5884348773521,110.685387500213,21.1539459228516,8.13177108764648,-6.21674299240112,-172.109265045759,37.8842384579335,-182.966929901383
119.23,0.34534278512001,9.29257106781006,-8.15811157226563,30.5996402175344,11.192599403275,106.998266971132,20.8003482818604,8.26910400390625,-9.18004608154297,-179.083297999692,81.3157311635088,-166.567126609806
119.235,5.66243028640747,8.74357986450195,-4.26802539825439,-7.05533867203941,51.06784568823,75.405336248265,18.4647350311279,6.00569868087769,-11.6752662658691,-182.738992828401,119.66477765484,-148.520824256526
119.24,7.8109130859375,2.62249875068665,-1.38141560554504,-22.7062603862229,58.2302586745668,31.0660260246304,14.8521890640259,2.30349588394165,-13.3729639053345,-183.431833557429,149.178161662248,-133.220367232619
119.245,9.60035610198975,1.51734232902527,0.0992034375667572,-24.797181074197,21.1846718240625,-9.63956465017582,11.7963495254517,-1.03223872184753,-13.5264320373535,-181.579103763928,157.118215591253,-128.327834428247
119.25,12.7738542556763,5.22630214691162,0.0171702597290277,32.618859287149,-20.6484541628923,-42.0225373779229,9.1260986328125,-2.50348329544067,-12.70849609375,-173.153450705692,172.237153507778,-119.812186797507
119.255,13.2787733078003,7.64107179641724,0.311436414718628,72.6120347645399,-14.0279663145509,-46.9959806032027,7.55983209609985,-3.86449718475342,-12.382791519165,-165.142144243266,178.011395432107,-108.062594858928
119.26,9.96491718292236,7.60611438751221,1.10540926456451,75.4576623274964,46.8772275191983,-27.7349034928274,6.97576665878296,-5.43133783340454,-12.5785179138184,-158.609491773877,171.577780705684,-93.3870045214283
119.265,1.51733040809631,5.83723068237305,1.03603804111481,26.0370157953579,136.037738302979,-18.1429119639944,6.08718872070313,-6.92467784881592,-11.968297958374,-151.53501405801,156.098277102874,-76.8333785395529
119.27,-2.73672008514404,3.33320212364197,-2.55727005004883,-31.9670816554114,185.989589137437,-26.7437388838737,4.04567575454712,-9.69421291351318,-12.1583023071289,-147.631424343564,127.269947408839,-64.7782107676963
119.275,-4.15992641448975,-0.640420913696289,-3.47943615913391,-74.6826202718076,201.132391734922,-42.0543114179418,2.33364176750183,-12.4209108352661,-12.6550493240356,-143.746180517229,98.9915572260173,-61.687891677724
119.28,-3.36118793487549,-6.38561058044434,-0.213205948472023,-93.6263889914589,185.455782533044,-59.4992668412201,1.54308819770813,-14.4120311737061,-13.0341682434082,-138.382938396017,73.9724172019096,-69.7197023680388
119.285,-2.17200803756714,-13.9310073852539,1.67520546913147,-90.4029700051306,167.480309241458,-72.3767552382004,2.25101780891418,-13.7636957168579,-11.1810817718506,-128.235872761262,35.5280417603326,-91.6080339407743
119.29,-3.85365009307861,-22.2460746765137,-0.442019015550613,-79.0916234942667,130.266160152427,-86.6147421857664,4.04708337783813,-11.8754177093506,-10.5718851089478,-119.872702273554,0.941786503401026,-106.994257650089
119.295,-7.65778875350952,-28.0916843414307,-3.330486536026,-68.4726054482428,94.5611208699426,-92.5239896292297,6.23008871078491,-10.1535615921021,-10.5422077178955,-112.173275909008,-24.8374347940705,-114.740252244396
119.3,-13.1042613983154,-29.5724773406982,-5.13833427429199,-64.1504958924046,72.300407383658,-84.4392654634148,8.449462890625,-9.36031055450439,-10.7707242965698,-104.636469518412,-37.9628949164154,-113.94494501744
119.305,-16.5367259979248,-25.8132553100586,-2.48752021789551,-82.9027529379179,79.704339274141,-60.7630635735368,10.6693477630615,-9.68809795379639,-11.2055377960205,-98.2190423403213,-25.0151870521255,-106.84151412968
119.31,-17.2468376159668,-21.0606269836426,-3.10717082023621,-99.0935661012714,65.7763677828128,-39.1825857021667,12.0372562408447,-9.78644466400146,-11.2057123184204,-92.2311384383762,-4.36859795776344,-99.8044248693297
119.315,-16.6518859863281,-16.6357421875,-5.09731388092041,-113.323698331292,26.9604146824613,-21.3716653280645,12.3804063796997,-9.67498111724854,-11.0769968032837,-86.4823389687057,18.4560078355478,-93.2709049659164
119.32,-15.8000192642212,-13.6101942062378,-7.02963399887085,-125.951270106541,-41.0976238963711,-8.89332208712233,11.4985370635986,-9.35648441314697,-11.0548534393311,-80.8357532799645,39.197823854205,-87.6197840315663
119.325,-14.3757772445679,-14.6962728500366,-4.32243585586548,-111.943105364168,-107.499432101482,-17.5597589503952,9.71656227111816,-8.86005401611328,-10.715404510498,-73.498128865944,49.9866164973333,-83.6759235217742
119.33,-11.6132116317749,-15.0266275405884,-0.0867068693041801,-99.4678126564639,-155.674887336603,-25.4010517590962,8.33514881134033,-8.39763164520264,-10.9022960662842,-66.3102358589085,52.1110956122469,-79.6821958008518
119.335,-7.9167423248291,-14.4401731491089,4.1626410484314,-93.0215210989409,-183.562303830955,-29.046516671976,7.45146751403809,-8.10172462463379,-11.2865152359009,-59.3710710206882,48.8429866981792,-75.1691687973334
119.34,-3.72264862060547,-12.6639947891235,6.52330446243286,-98.7169767911936,-187.010716078733,-23.9384350502296,7.2258939743042,-8.15162658691406,-11.4698667526245,-52.8241673615963,43.8781119452132,-69.5070649187979
119.345,-1.51630938053131,-10.9310264587402,5.45451879501343,-116.559568752477,-181.876025747527,-22.9557911022655,7.70817470550537,-8.41645336151123,-11.7492589950562,-46.8212575340446,43.1163511923655,-64.4538450840124
119.35,0.702658891677856,-9.17849922180176,4.02473831176758,-130.352712309589,-178.82294484891,-22.0038147036748,8.42270469665527,-8.86849403381348,-12.0563774108887,-41.0594807049511,46.9047770872156,-60.265511613258
119.355,2.56902885437012,-7.87025737762451,3.03271293640137,-141.06038621104,-169.57579761844,-19.5959920212323,8.91292858123779,-9.45761585235596,-12.2661218643188,-36.0183059087669,52.304639267663,-57.0539942315585
119.36,3.14310836791992,-7.93854331970215,3.71494913101196,-151.889254989123,-136.679721443447,-13.1935502781808,8.34024524688721,-10.1061735153198,-12.1383962631226,-32.7139116147335,53.8808522677106,-55.1072468841323
119.365,2.6817741394043,-8.57043361663818,3.55131244659424,-169.236391858203,-93.9138511630572,-9.27893236954644,7.7746844291687,-10.9941549301147,-12.2349300384521,-26.9637068336413,54.1208446245774,-52.2188316011201
119.37,2.31136107444763,-9.36009788513184,3.1348397731781,-184.82052029872,-51.9111179186327,-8.26103098508674,7.46245622634888,-11.802001953125,-12.2035503387451,-20.4822158962306,53.1254879870206,-49.6547376055623
119.375,2.08586692810059,-10.1443424224854,2.63942551612854,-197.858586443087,-12.0094951506504,-9.79362127445275,7.43391895294189,-12.4452743530273,-12.0189590454102,-13.4644014297176,51.2984431198934,-47.4452943524683
119.38,1.76597547531128,-10.5954990386963,2.34811687469482,-208.852568214166,25.5742243753127,-12.952679388232,7.71364450454712,-12.7795763015747,-11.7216958999634,-5.80521555155432,49.7017088164845,-45.2506282136435
119.385,1.37353873252869,-11.1884088516235,2.11682748794556,-215.874248567749,48.5836990569072,-15.0165994846435,7.93553876876831,-12.9666700363159,-11.1269483566284,0.128195206882161,49.0114430687739,-43.1711805359277
119.39,0.84497594833374,-11.9675159454346,1.92524266242981,-223.983049150388,73.5202723392331,-17.106121691385,7.92024660110474,-13.2259340286255,-10.341869354248,5.05299273099565,47.7178359758247,-41.0964183679826
119.395,0.200651720166206,-12.9236927032471,1.78764259815216,-233.445074132147,101.645973643159,-18.8260094281711,7.64020156860352,-13.6403656005859,-9.39656162261963,9.10311390880021,45.7208389266747,-38.8665835851214
119.4,-0.400819659233093,-13.9698925018311,1.79098320007324,-240.442903465149,122.348932715628,-17.2110999913808,7.14611196517944,-14.3779106140137,-8.3243579864502,12.1864371775151,44.0633535056931,-35.846625688884
119.405,-0.329484909772873,-15.3551464080811,2.05118012428284,-245.383097329549,144.268047950953,-12.4144980476755,6.74605846405029,-15.3901748657227,-7.08864450454712,14.4878864938238,41.1785548078466,-32.8330847553719
119.41,-0.515261173248291,-16.4909000396729,2.41565823554993,-248.64508639412,166.712869186315,-5.27537472574798,6.26869201660156,-16.5736865997314,-5.81829833984375,15.9906783753884,39.173983078907,-29.8140250290104
119.415,-1.20682227611542,-17.1036968231201,2.83401346206665,-249.827446780963,188.2071876364,3.30177790469446,5.66041994094849,-17.8917655944824,-4.55606937408447,16.6971316714319,38.7235355182393,-26.9499474175583
119.42,-1.77200818061829,-16.6867733001709,3.29652309417725,-245.094808705061,198.708781070213,7.80311290501428,4.98304510116577,-19.2927322387695,-3.29818654060364,16.8716259292528,39.2025981564348,-25.5591091666794
119.425,-2.62340545654297,-16.013053894043,2.99042415618896,-235.17180059584,185.290614898535,5.26577105288812,4.39691209793091,-20.2185115814209,-2.32181262969971,17.1835162724177,36.7184378647336,-26.8163455022983
119.43,-3.86523079872131,-15.5043430328369,2.498051404953,-223.2617401929,154.977361097805,-1.40907720384033,3.47533845901489,-21.1067657470703,-1.24323129653931,18.0188005965861,32.7979434320922,-29.7837946117439
119.435,-5.51555395126343,-15.3793516159058,2.12924122810364,-211.039526484512,111.367252115244,-10.7170261379717,2.00803232192993,-22.1454296112061,0.122628383338451,19.4992458067337,28.0812589705442,-34.0101346701348
119.44,-6.51913642883301,-15.4027462005615,2.11513948440552,-200.208075894923,69.3887250612383,-19.0023563748044,0.598666429519653,-22.5970325469971,1.35952174663544,19.6263334290728,21.0219084161411,-38.5710378846404
119.445,-6.30117511749268,-15.4197120666504,2.3395528793335,-189.406992326383,40.3476452198416,-25.6795168640103,-1.12199437618256,-22.7023029327393,2.53244495391846,19.1784164534925,11.5013137084758,-45.7036917367634
119.45,-5.20835638046265,-15.2617082595825,2.79846119880676,-177.137431746669,20.2263570099219,-30.7105556594662,-3.09166598320007,-22.5211811065674,3.49676871299744,18.0235800214578,0.810870186506129,-53.783785034321
119.455,-3.46305203437805,-14.783878326416,3.50302243232727,-162.116548025869,6.37323329283962,-33.9644816857224,-5.27602052688599,-22.0838394165039,4.12460851669312,16.0135560940133,-10.0932002016387,-61.5765117829286
119.46,-1.53990769386292,-13.8574066162109,3.6432363986969,-143.377855736047,-4.04491187790195,-36.5876021760875,-7.27514886856079,-21.2778129577637,4.93228721618652,13.3338133354289,-21.8245256530565,-67.5689577606718
119.465,-0.0062146806158125,-12.8181428909302,3.33768463134766,-124.452275810155,-6.97863052501828,-37.6483066485283,-8.99758815765381,-20.3524513244629,5.93387842178345,9.62149879982114,-29.3117773136772,-72.5607195533056
119.47,1.00969326496124,-11.7464447021484,2.83136177062988,-106.372785567699,-3.43103411209507,-37.5245982622811,-10.3024320602417,-19.3197860717773,7.04235792160034,5.12450609226615,-34.2824850481944,-77.0507698004561
119.475,1.3067467212677,-10.7407741546631,2.41663837432861,-90.5023492575543,5.83611959622769,-36.600279007187,-10.9805221557617,-18.1866760253906,8.15660762786865,0.0939278476614096,-38.7135531967673,-81.6274609972282
119.48,1.41411018371582,-9.9500150680542,3.00106024742126,-74.5193036185634,20.417378617987,-34.2468826871458,-11.0912380218506,-17.0154914855957,8.78879070281982,-6.97805977733577,-43.6057103407348,-87.8246692160992
119.485,1.78605890274048,-9.30691051483154,4.01915979385376,-62.1197303879981,34.9920768161617,-31.8029897756964,-11.414662361145,-15.8998241424561,9.2951602935791,-14.1585509937451,-41.7655310198337,-94.8981224035911
119.49,2.06397294998169,-8.74143028259277,5.19481372833252,-50.1852179078297,52.9251482933803,-28.8236339389802,-12.0279312133789,-14.8428144454956,9.6266622543335,-20.8798797549925,-33.3794793984054,-102.77288655432
119.495,1.51064443588257,-8.13614273071289,6.08094787597656,-32.4671163894534,81.5058358186777,-24.2684595456409,-13.0255937576294,-13.8467445373535,9.63444995880127,-26.2216016576775,-18.8690088840909,-111.469670801849
119.5,0.339903712272644,-7.31192064285278,6.50110673904419,-11.8398059309106,104.321283608972,-21.3925298484316,-13.517858505249,-13.2246713638306,9.1470832824707,-30.8892778043834,-12.2497419320637,-120.934933293274
119.505,-0.832244396209717,-6.45862007141113,6.42604446411133,10.9025716418697,120.419773105315,-18.9773493447057,-13.8913946151733,-12.4599905014038,8.25955295562744,-35.6434958629679,-6.70306654295412,-129.924350165603
119.51,-1.85665369033813,-5.64285039901733,5.84275054931641,34.5877330323915,128.992794325083,-16.5192035360058,-14.1193618774414,-11.5979862213135,7.12950563430786,-40.6077490687194,-1.90209904115207,-138.329621939355
119.515,-2.5100154876709,-4.99275779724121,4.67781019210815,56.1798836970531,127.350325074992,-12.9919367542603,-13.9698352813721,-10.9494009017944,6.15896034240723,-45.8837867497037,0.556805718958461,-146.235101450782
119.52,-2.83617877960205,-4.86901140213013,3.38430595397949,77.4501856027401,110.213107239863,-9.37261012156046,-13.5729951858521,-10.45667552948,4.77479553222656,-50.3037319352132,0.333549566714075,-151.536530360006
119.525,-3.08632230758667,-5.02614879608154,2.48269534111023,98.4928373033904,84.3526108534149,-6.49150057963933,-13.0764961242676,-10.1562185287476,3.30620241165161,-56.0216931007811,-2.06007619401258,-158.403356664726
119.53,-3.32903599739075,-5.32980489730835,2.00829792022705,119.570684968834,52.3085461358683,-4.58377623737552,-12.5181665420532,-10.066351890564,1.97619307041168,-63.0661555503409,-6.72232981084767,-167.250391413617
119.535,-3.63322949409485,-5.39841079711914,1.60548174381256,141.816214944594,19.1613102447162,-3.91662000783478,-11.9268808364868,-10.2361726760864,1.49629735946655,-69.4158955537566,-14.6235391733821,-175.843930521652
119.54,-3.77967548370361,-5.17080974578857,0.931424736976624,159.413077190108,-11.1550137260461,-3.56478693184708,-10.9964189529419,-10.6052141189575,1.94893288612366,-74.2309262016163,-19.4198636406525,-182.772064604363
119.545,-3.76610040664673,-4.85832595825195,0.424674659967422,170.73274970157,-38.3146325831981,-3.41463568167152,-9.94742012023926,-10.9661598205566,2.75499129295349,-75.8411569588251,-23.5929043178552,-187.620597330101
119.55,-3.57667851448059,-4.50405502319336,0.231475785374641,175.318552370695,-61.4730070962462,-3.39490155761206,-8.83505535125732,-11.2357406616211,3.65793585777283,-73.8683729302828,-27.5888928313928,-189.862934774238
119.555,-3.13106465339661,-3.89284348487854,0.273948967456818,175.564903633679,-75.5589745234552,-3.19756138423452,-7.52356672286987,-11.3199520111084,4.10966062545776,-70.6806416823678,-28.3090713925735,-186.945378489132
119.56,-2.77857542037964,-3.30802249908447,0.579355239868164,176.045680649356,-79.6254984005516,-1.93475716378166,-6.58034372329712,-10.9374599456787,3.74962019920349,-70.3720469054775,-28.0064103425246,-183.250164185885
119.565,-2.53645086288452,-2.78551292419434,0.937313735485077,177.854410364224,-75.31864065713,0.124975439699161,-5.7080454826355,-10.2621850967407,2.93647003173828,-72.1584555621377,-30.1287430704916,-178.573984453663
119.57,-2.42331290245056,-2.34699273109436,1.229656457901,181.580182933817,-63.3063118317477,2.84232367238898,-4.73614168167114,-9.38738632202148,1.86290538311005,-75.9795161008421,-36.7964283797714,-172.878590233113
119.575,-2.50020718574524,-1.97910749912262,1.27542877197266,186.110988919745,-48.3468690776262,5.46382348693004,-3.34888315200806,-8.63229370117188,1.04333317279816,-86.1031405263649,-50.9966887774568,-168.387467646262
119.58,-2.52811622619629,-1.73491704463959,1.23654901981354,189.645789400145,-37.5781367000902,7.15553242452161,-2.09769010543823,-8.21462059020996,-0.325653374195099,-97.9042935629888,-73.1998681652678,-167.816381869379
119.585,-2.49502992630005,-1.65203630924225,1.07352304458618,192.04688776135,-31.5830440240437,7.91053982782753,-0.613544523715973,-8.11724662780762,-2.47624063491821,-111.319686677864,-99.854415023865,-169.539529313947
119.59,-2.38765549659729,-1.77027988433838,0.747315764427185,193.135237424456,-31.117815934012,7.66599514987898,1.4115241765976,-8.34615612030029,-5.64108324050903,-126.397773232963,-128.406135716892,-172.40337299142
119.595,-2.30852270126343,-2.53864002227783,0.0669977068901062,197.423093581607,-37.513728016217,5.28005169778215,2.78230810165405,-9.80494403839111,-7.97436285018921,-133.089705713797,-146.513035508488,-173.989943973344
119.6,-2.43208861351013,-3.96029329299927,-0.254168421030045,206.363278450398,-46.7943158528635,1.65866245467464,2.57009434700012,-12.2655982971191,-10.0284490585327,-142.421711214515,-164.211517308473,-172.429450653671
119.605,-2.89640235900879,-6.25450563430786,-0.185008481144905,216.874051658456,-58.4272618207975,-2.56027613325518,0.967860102653503,-15.9440984725952,-11.1839828491211,-147.313410735808,-168.125379627431,-166.393175352024
119.61,-3.90112090110779,-9.76388359069824,0.343670129776001,225.204286973987,-71.9246991679831,-6.62126990500134,-1.8888601064682,-21.2054843902588,-10.5936756134033,-138.527328595071,-140.388281936332,-153.867441697299
119.615,-6.04542207717896,-15.9751672744751,0.666108727455139,222.791877819517,-93.3056091570892,-11.4116691831667,-4.12385559082031,-25.3613719940186,-9.38369464874268,-120.419800426072,-96.6287898864347,-141.724881655012
119.62,-8.32954978942871,-22.1272029876709,-0.613728106021881,213.001047531113,-121.184262518736,-16.5468914153538,-5.01768684387207,-26.2782459259033,-7.77439594268799,-102.050382313727,-73.9084661407108,-134.198218095333
119.625,-9.84678077697754,-26.4794025421143,-3.09151458740234,199.009760186179,-147.814500734077,-19.9286956583455,-4.88653516769409,-24.0033206939697,-6.08847427368164,-84.1873817472031,-71.7974527437458,-130.893567669206
119.63,-8.90362358093262,-25.8350124359131,-5.98030853271484,186.043096839395,-158.533908900522,-17.4373756208469,-4.29731845855713,-18.514669418335,-4.90608549118042,-67.3861682381039,-87.7494688333373,-131.063434473864
119.635,-6.02611684799194,-21.7204074859619,-6.95558214187622,201.090877845147,-154.693730662331,-2.11022216223835,-4.28220319747925,-15.1840162277222,-5.89734935760498,-57.3965589542859,-105.392325572722,-124.189791640352
119.64,-3.53139662742615,-18.4513130187988,-7.00199460983276,224.780487396366,-159.134091283269,15.8675983665447,-4.1133337020874,-13.3372793197632,-7.29215335845947,-48.0106052044081,-121.518900806932,-114.294732665214
119.645,-1.76965045928955,-16.5143413543701,-6.44444847106934,249.226308171732,-175.695100699637,33.5609165435176,-3.50006794929504,-12.6260290145874,-8.65634346008301,-39.3007001634837,-135.978588864767,-102.218821608848
119.65,-0.983642280101776,-15.8768539428711,-5.81515407562256,258.601617071788,-208.344347498404,46.1088927092744,-1.821173787117,-12.3849954605103,-9.36781597137451,-33.7963292585459,-149.347960165015,-88.7465535087541
119.655,0.334311962127686,-15.3354625701904,-4.60839414596558,253.729315287738,-229.740242922549,53.9817546523192,0.502656042575836,-12.1187505722046,-9.81726551055908,-25.7129045362206,-160.373374466655,-72.8420277244617
119.66,1.81258058547974,-15.1473302841187,-2.86310791969299,248.452174531202,-229.911298180123,59.1337560979761,2.47200989723206,-11.8079843521118,-10.1444711685181,-15.6745020885193,-166.555624571243,-55.746293043257
119.665,3.30381417274475,-15.2940464019775,-0.651204824447632,246.034642734855,-207.284329459974,62.2146631872721,4.08452129364014,-11.4378271102905,-10.4295520782471,-4.35680478238777,-166.211601603128,-37.9121056297472
119.67,4.49201345443726,-15.4325380325317,1.73067963123322,247.867865508086,-164.489492347314,64.3024949221941,6.3285551071167,-10.958197593689,-10.906608581543,5.7110707853558,-153.986013781291,-20.2112827824237
119.675,5.3890061378479,-15.6771869659424,3.66840958595276,244.26950328727,-124.153974128344,62.5830972514809,7.92258167266846,-10.7132959365845,-11.4474020004272,14.3324245581252,-143.303884787336,-9.02863837986403
119.68,6.044358253479,-16.0296268463135,5.15576124191284,237.82508320158,-88.6309730476192,57.8074836253213,9.08558177947998,-10.4752779006958,-12.1185264587402,25.9298040235035,-132.186536139468,2.51236321000119
119.685,6.34833192825317,-16.5140686035156,6.12656879425049,230.15737623554,-60.5671669179516,50.7151927760985,9.88748168945313,-10.1606683731079,-12.8982591629028,42.0149319622821,-120.575815607093,16.3030058506601
119.69,5.34711885452271,-17.2927894592285,6.18122339248657,227.849728522559,-53.4615708602256,45.9213083939092,10.3932466506958,-9.726487159729,-13.3970899581909,61.7755571557211,-113.556416536693,28.4734962440105
119.695,3.51571989059448,-17.8502216339111,5.83044576644897,226.369011812392,-55.3834255832217,37.8570747956044,10.8378124237061,-9.07418155670166,-13.5387239456177,83.1587415978208,-99.311175928228,41.2073235646306
119.7,1.25548207759857,-18.2818508148193,5.32181549072266,224.35746646031,-66.395025827265,28.6787792870625,11.4159936904907,-8.30633544921875,-13.6400365829468,104.905722405683,-80.1375098713032,54.2785810132696
119.705,-1.15515458583832,-18.6723880767822,4.77937316894531,221.154462909411,-86.4115030768235,19.5216437045694,12.2185220718384,-7.4655122756958,-13.8682355880737,126.205899558799,-57.0538986089101,67.6147268583
119.71,-2.08821892738342,-19.7654647827148,4.2417106628418,218.298514930619,-104.223830469895,11.4491711905783,12.8942174911499,-6.45883798599243,-14.2630729675293,144.062951030556,-31.496099131004,81.7187806264312
119.715,-1.24093008041382,-20.9972915649414,3.50493025779724,219.765653224716,-107.885248997128,4.54208604334223,13.2189340591431,-5.52753305435181,-14.4773530960083,161.730696979276,-4.62121933440553,97.7576425713194
119.72,0.816895127296448,-21.9209060668945,2.92225408554077,222.172953397687,-92.2186665129517,-1.36774164603535,13.2077598571777,-4.60974884033203,-14.3584051132202,179.465228517701,23.332979761443,115.045807587106
119.725,3.70584344863892,-22.1616916656494,2.78425312042236,222.885492392281,-51.9201781645667,-6.35307185507021,12.8521404266357,-3.65708756446838,-13.7643156051636,197.47441562303,52.2433383198622,133.114157791025
119.73,2.82906723022461,-20.3243999481201,2.58673739433289,219.551540454614,-14.4204025172768,0.681268520943901,11.7512626647949,-2.78853678703308,-12.9786281585693,210.380017078634,80.7978798810168,154.330665126809
119.735,2.25876426696777,-17.6089782714844,2.59044170379639,211.446906287369,16.1421668485374,-0.968263411553463,10.8969116210938,-2.19406771659851,-12.6654872894287,223.672371165801,101.935054569591,175.379887469441
119.74,1.71658110618591,-14.9746618270874,2.67603898048401,200.40560496572,39.1472941147252,-6.19195025387055,10.0795660018921,-1.66348898410797,-12.5909051895142,236.772113918374,115.578630644258,195.985010912239
119.745,0.854955554008484,-13.6328783035278,2.69990515708923,188.506008412588,53.2343714476743,-8.8448251826943,9.03882503509521,-0.937627911567688,-12.4792470932007,248.936516905626,121.056442358608,215.764118597572
119.75,0.582562804222107,-13.28196144104,2.63188195228577,179.297765939631,50.3406730133392,-6.25102754820975,8.47612762451172,-0.602342009544373,-11.323112487793,259.064977105082,122.192576025148,234.024137569981
119.755,0.604972720146179,-13.089825630188,2.51226902008057,173.64977323192,45.1616206034745,-2.2722609297775,8.09414577484131,-0.480306327342987,-10.2032823562622,265.176165921545,121.158990818807,248.006928159588
119.76,0.915834426879883,-12.854832649231,2.47402787208557,169.60031799756,42.1879508992423,2.34819811919605,7.83621168136597,-0.552923858165741,-9.29532337188721,269.344193239897,117.191921326215,260.889484556932
119.765,1.56447076797485,-12.2780103683472,2.77340960502625,163.509223597634,48.6136767571744,6.67607833110928,7.63931655883789,-0.824113786220551,-8.84042549133301,275.503084097525,108.306767291567,278.865941395759
119.77,1.78158605098724,-11.3806304931641,3.14086270332336,155.010624119062,56.5771650652215,9.55353329493764,7.74403429031372,-0.962528645992279,-9.10552024841309,282.237240807807,96.8085604653895,293.47066169043
119.775,1.63829100131989,-10.3262071609497,3.51542592048645,142.609773643122,63.7204057105581,11.8902912741607,7.54623508453369,-1.08955407142639,-8.98162841796875,286.731641885459,83.8715811207384,306.497881494396
119.78,1.0937397480011,-9.29368495941162,3.88050651550293,127.066394111194,68.3551944964103,14.0323734941128,7.13557243347168,-1.22884738445282,-8.37839126586914,288.980659254604,70.5694257121125,318.25072460302
119.785,-0.033228412270546,-8.7461519241333,4.20913934707642,110.84851290816,66.1997985302185,16.6378814879294,6.97318601608276,-1.40620470046997,-7.39263677597046,289.787359237096,59.5650757138732,328.842654118795
119.79,-1.15532875061035,-8.13375854492188,4.07989740371704,98.31155042244,60.4290468325556,17.6571557404123,7.08968305587769,-1.52873313426971,-7.92469263076782,292.511593847934,46.4868343968079,338.115073049195
119.795,-1.8137629032135,-7.15557146072388,3.76607966423035,80.2343414631665,51.5261411362541,17.2487701922007,7.29109048843384,-1.67421746253967,-8.9613037109375,297.146287011138,29.4225561518257,346.36520390614
119.8,-1.92828011512756,-5.82606935501099,3.37042498588562,56.0433618759229,40.9229862045776,15.5614812407758,7.4265193939209,-1.88705098628998,-10.0242500305176,302.886132102806,9.25065880147718,353.872456068197
119.805,-1.58317494392395,-4.51375579833984,3.09908366203308,32.2834150366314,34.8186309923784,13.1308960991506,6.98579072952271,-2.29661846160889,-9.89509773254395,305.979825306228,-8.01746814683137,361.643353532218
119.81,-0.880593419075012,-3.1007251739502,2.89644598960876,11.842467143366,33.3196708469382,10.1610717914211,7.1215500831604,-2.35662150382996,-7.72663116455078,309.178129686979,-5.30720596860118,367.537178408535
119.815,-0.169270306825638,-1.89057672023773,2.83248925209045,-6.1778335335166,34.5247552731494,8.37485438005771,7.43573045730591,-2.29459166526794,-6.47251510620117,309.348392642609,-7.95114103357503,371.829897660375
119.82,0.372810453176498,-0.973277032375336,2.87766122817993,-21.8561425987245,37.1834781245631,8.36575827563054,7.81031656265259,-2.22948002815247,-6.97500801086426,306.099189692164,-22.2954040170791,374.559651064062
119.825,0.278610557317734,-0.182936877012253,2.56843256950378,-33.9564015719343,35.8452220850096,9.84819277837386,8.35126686096191,-2.51768946647644,-7.62100648880005,305.670417736827,-28.1058544817454,375.672616728937
119.83,0.387935549020767,0.603411495685577,2.27715992927551,-49.6867609474859,33.5743617708988,10.9454669374046,8.78611183166504,-3.24857902526855,-8.46605396270752,303.387850478479,-31.6417768207166,375.369383650545
119.835,0.594075083732605,1.32877469062805,2.18697762489319,-68.5784802105672,33.7495014815963,12.1116098938367,9.27606391906738,-4.58140277862549,-9.31559658050537,299.844758148426,-29.4950688551491,372.518216804172
119.84,0.837692201137543,1.96317398548126,2.3963303565979,-90.1890826312716,38.3959050041321,13.4913140825948,9.9193754196167,-6.58682918548584,-10.0410785675049,295.454831644319,-19.6361467033628,366.15248049772
119.845,0.967656314373016,2.56941318511963,2.73637461662292,-107.845483635781,49.4256257400434,13.3069408099131,10.8979845046997,-8.4220495223999,-10.1722345352173,293.289634356668,-3.5921514444265,352.172558587565
119.85,1.03271174430847,3.06058073043823,2.98295736312866,-123.860248673277,64.4787616141046,11.538734607391,11.859299659729,-9.42186069488525,-10.539493560791,288.275756411502,13.2472150744896,334.198041522462
119.855,1.07329118251801,3.62199091911316,3.18628478050232,-140.588174252582,81.6407457151638,8.63316188918383,12.6328029632568,-9.55269622802734,-10.8255758285522,280.929724034613,30.5905970470733,313.910576517584
119.86,1.12007749080658,4.4054388999939,3.38366889953613,-159.947170662446,99.5168465845154,4.8759409942174,13.0712795257568,-8.73464012145996,-10.7729825973511,271.519936339627,48.2369610885969,292.506949319298
119.865,0.985169291496277,4.75848293304443,3.32308149337769,-182.390229709002,113.932070110854,2.46326268760526,12.9183340072632,-7.27982664108276,-10.1800689697266,255.911396803017,72.3001956477938,277.183802406968
119.87,0.719893217086792,4.71242570877075,3.11655688285828,-200.18086442127,125.357248554425,1.10237364229813,12.4967947006226,-6.0800952911377,-9.87913227081299,237.449696004796,98.4184497131398,265.574038101077
119.875,0.349190443754196,4.37043285369873,2.68011045455933,-211.242902197239,132.498143029782,0.318950997858525,11.5785036087036,-5.1497950553894,-9.81467628479004,216.971627740939,125.192354127483,255.954672881598
119.88,-0.103712357580662,3.83935856819153,1.89053690433502,-212.450261076444,133.399140603955,-0.438529440855039,9.83858871459961,-4.52767944335938,-9.93516826629639,195.373435773956,150.914177183212,246.313888188882
119.885,-0.484634637832642,3.20191836357117,0.506070613861084,-204.320696718728,126.769922920081,-1.57266055462725,6.16766738891602,-4.3210563659668,-9.68546199798584,172.057997645849,161.289862909865,233.849639897065
119.89,-0.765897572040558,2.33279418945313,-1.07311308383942,-196.08877514611,119.645284294949,-2.36429239275813,1.68812680244446,-4.13086366653442,-8.87760639190674,147.266992770209,155.296891007556,218.247616360924
119.895,-0.975530743598938,1.21163022518158,-2.64120602607727,-186.208360096553,111.191579649792,-3.1165540600177,-2.63801717758179,-3.93994903564453,-7.69652557373047,121.642800438476,130.884456196853,197.883612256206
119.9,-1.16201651096344,-0.213483214378357,-3.84921264648438,-170.604437767822,98.9488207323805,-4.4753512531698,-5.08999681472778,-3.75774335861206,-6.47310161590576,96.2893294846851,82.3356286707534,169.212076384758
119.905,-1.53962659835815,-1.98330223560333,-3.85646629333496,-150.532834061472,89.3134592098652,-7.09245989640478,-5.77096366882324,-2.84329128265381,-5.88494491577148,82.167763111522,13.8146612143187,132.989015065052
119.91,-1.98223686218262,-3.91532778739929,-3.12545394897461,-125.694564276776,79.9096957417266,-10.7278588179953,-3.46725177764893,-1.03387236595154,-8.29145526885986,70.0702276762438,-37.9684717658727,104.985348751027
119.915,-2.39047145843506,-5.99618768692017,-1.73418974876404,-96.2716188041673,69.8428370183957,-15.2353158022456,0.740514874458313,1.14783120155334,-11.4117441177368,56.1422493547264,-70.1635553810629,83.5518189845551
119.92,-2.51797437667847,-8.26687431335449,0.318576395511627,-62.4854050557822,57.3137907219236,-20.3559854626323,3.44046497344971,2.15596270561218,-7.81742572784424,32.3526663246261,-86.0473993525485,58.7529730517479
119.925,-2.212886095047,-10.0226497650146,2.69437026977539,-25.9246472306802,43.102752285728,-24.1974085027998,6.78154754638672,2.15937972068787,-7.89290809631348,11.917157823261,-86.0417029747807,39.6747520582848
119.93,-1.82203352451324,-11.4413738250732,4.82494783401489,10.8801387393144,31.7431197525267,-27.0413968203556,9.51997184753418,1.89349663257599,-7.86588525772095,-5.90448978981951,-87.7040549055459,18.3867189815126
119.935,-1.48524522781372,-12.5230474472046,6.42290592193604,45.9792147376925,25.5465194204918,-28.6293475004919,11.349308013916,1.58566808700562,-7.27669286727905,-22.1153448626319,-91.7905570859645,-6.17363894359257
119.94,-1.50822782516479,-13.089804649353,6.71527242660522,72.8043250802432,30.7671574371181,-27.4726464268137,12.0833425521851,1.56146693229675,-7.7525429725647,-40.6561614495565,-84.2721375646138,-31.0342246638548
119.945,-1.71494901180267,-12.1989583969116,5.57842636108398,84.9820196156207,48.8338410748806,-22.6532854390203,12.3492050170898,1.1652889251709,-8.24944496154785,-58.3032938873617,-75.5782151663471,-52.6747706338806
119.95,-1.99051129817963,-10.7324199676514,4.1314001083374,83.9743481469904,75.990519535595,-14.8679916437769,12.2662506103516,0.776646554470062,-8.38643264770508,-74.5733850564116,-60.3267579195455,-68.9357674060505
119.955,-2.3443911075592,-8.87479496002197,2.73272323608398,70.4692951388801,109.571294854124,-4.49381752336458,11.8782014846802,0.601834118366241,-8.38025569915771,-90.6686643638441,-37.9448154056824,-79.3160635103933
119.96,-3.1511561870575,-5.82159805297852,1.25083386898041,49.246370840371,136.305686624119,6.62731206109586,11.2938194274902,1.24566376209259,-11.1025419235229,-117.880486356823,-20.2886978540239,-87.0899594274592
119.965,-3.53196978569031,-3.34322166442871,1.57499170303345,34.9841606269136,136.998308787093,13.7649707343332,7.70349931716919,-0.586093723773956,-8.79328536987305,-146.874762326932,32.1001234951595,-86.7517284597602
119.97,-3.45185518264771,-1.55741083621979,2.85311555862427,28.2478780202521,121.305908187854,19.9293342810329,1.75485277175903,-5.9310302734375,-2.41113352775574,-168.085682567975,106.466844102759,-82.2799421384503
119.975,-2.85597968101501,-0.636262059211731,4.55036592483521,29.8647186930302,96.152650569204,26.7185167028162,-6.01558399200439,-15.4052600860596,7.21232891082764,-176.410166864224,193.434167483671,-76.8477765783233
119.98,-1.55055642127991,-1.86637270450592,4.18043804168701,41.8288127224939,110.819921736294,35.2751984025424,-9.74416923522949,-26.7285270690918,10.1428060531616,-178.651616383769,223.403685184231,-93.9097872005011
119.985,-0.868001580238342,-5.90855693817139,1.13004446029663,54.7537470285437,132.358288076337,39.6372713952144,-16.2419910430908,-44.0970687866211,11.5164241790771,-169.298095787165,207.44533067909,-118.629812750286
119.99,-1.38760125637054,-13.0689926147461,-1.29757595062256,67.3852803135118,141.029404472965,39.3656996587201,-20.9496459960938,-53.5248832702637,10.018383026123,-153.831569543778,161.321705251776,-142.331839585416
119.995,-3.64402103424072,-23.7822875976563,-0.435184955596924,78.7071794666434,120.335338306795,33.8273588079452,-20.1286163330078,-43.3940849304199,4.42639255523682,-136.240950091166,95.7317333314128,-158.048118525994
120.0,-6.18007802963257,-34.5740242004395,-2.22348022460938,105.986599841837,39.9539770217441,15.2373272929562,-5.24533843994141,-20.2259960174561,0.884799957275391,-129.013981571888,-5.744895589673,-169.328490128972
