Fx_N,Fy_N,Fz_N,Fx_BW,Fy_BW,Fz_BW
12.36349,-103.6076,532.505,0.01680392796466191,-0.14081902820251443,0.7237580699966021
6.353503,-98.06676,482.2511,0.008635410125722052,-0.13328815494393476,0.6554551138294258
-0.7716854,-90.42748,436.2119,-0.0010488418620455318,-0.12290517159361196,0.5928805980292219
-7.537221,-82.1703,393.4404,-0.010244269113149847,-0.11168236493374108,0.5347474006116208
-12.64737,-74.64465,353.0138,-0.017189765545361876,-0.10145382262996942,0.47980129119945636
-15.35914,-68.65583,314.3835,-0.020875487597689434,-0.09331407407407406,0.42729663608562696
-15.66009,-64.30716,277.5351,-0.021284525993883793,-0.08740354740061161,0.3772138634046891
-14.21251,-61.12153,242.9149,-0.019317037037037035,-0.08307377505946313,0.3301595650696568
-12.09608,-58.35028,211.1743,-0.016440475705062862,-0.07930721032959565,0.28701909616038057
-10.44366,-55.31964,182.8533,-0.014194576962283384,-0.07518809378185524,0.24852640163098877
-10.09719,-51.67393,158.1373,-0.013723669724770642,-0.07023300033978933,0.2149334692490656
-11.39719,-47.43526,136.7714,-0.01549057424396874,-0.06447198097179749,0.18589384981311588
-14.15881,-42.884,118.1488,-0.01924405028882093,-0.058286102616377844,0.16058280665987087
-17.8067,-38.34272,101.5267,-0.024202106693849812,-0.05211378865103636,0.13799075773020728
-21.58614,-33.98377,86.29088,-0.02933896024464832,-0.04618928984029901,0.11728288141352362
-24.76787,-29.7619,72.17738,-0.03366343187223921,-0.0404511043153245,0.09810041454298335
-26.80584,-25.50473,59.36601,-0.03643335372069317,-0.03466494053686714,0.08068774719673803
0.0,0.0,0.0,0.0,0.0,0.0
0.0,0.0,0.0,0.0,0.0,0.0
0.0,0.0,0.0,0.0,0.0,0.0
0.0,0.0,0.0,0.0,0.0,0.0
0.0,0.0,0.0,0.0,0.0,0.0
0.0,0.0,0.0,0.0,0.0,0.0
0.0,0.0,0.0,0.0,0.0,0.0
0.0,0.0,0.0,0.0,0.0,0.0
0.0,0.0,0.0,0.0,0.0,0.0
0.0,0.0,0.0,0.0,0.0,0.0
0.0,0.0,0.0,0.0,0.0,0.0
0.0,0.0,0.0,0.0,0.0,0.0
0.0,0.0,0.0,0.0,0.0,0.0
7.73185,60.16547,95.43666,0.01050880054366293,0.08177433910975196,0.12971343527013252
24.46182,69.03839,198.5041,0.033247461773700304,0.09383403329935441,0.2697983010533469
33.36846,69.29409,334.6989,0.045352986748216105,0.09418156982670743,0.4549084607543323
30.83082,61.89673,494.6185,0.04190393476044852,0.08412739381583419,0.6722643560992184
16.89726,50.94182,663.5768,0.02296603465851172,0.06923794767244308,0.9019052667346246
-4.209371,42.37111,824.6247,-0.005721197417601087,0.0575890044172613,1.1207946992864424
-25.39945,41.77713,962.5228,-0.034521848453958545,0.05678169215086646,1.308219911654774
-39.41114,52.30686,1067.498,-0.053565939517499155,0.07109325178389399,1.450897723411485
-41.62798,73.66,1137.499,-0.05657897383622154,0.1001155283724091,1.5460400951410127
-31.61271,102.5208,1178.118,-0.04296664627930683,0.1393418960244648,1.6012477064220183
-12.67892,133.939,1200.257,-0.01723264695888549,0.18204417261297995,1.631338090383962
10.04106,162.8458,1216.513,0.013647380224260958,0.22133306150186885,1.6534325518178727
31.81267,185.168,1237.581,0.04323842337750595,0.25167244308528713,1.6820672782874617
49.66089,198.4217,1269.83,0.06749696228338431,0.2696863064899762,1.7258987427794765
62.49328,201.8644,1314.581,0.08493819911654774,0.2743654774040095,1.7867223921168873
70.42253,196.2984,1368.952,0.09571529731566428,0.2668004077471967,1.8606211348963642
74.04317,183.6226,1427.645,0.10063631668365614,0.24957200135915733,1.9403941556235134
74.12245,166.2562,1484.898,0.10074407067618077,0.22596833163438668,2.01820998980632
71.64583,146.5728,1536.046,0.09737795446822971,0.19921549439347605,2.087728168535508
67.86502,126.4717,1578.328,0.09223923887189943,0.17189493713897383,2.145196058443765
64.09994,107.1713,1610.899,0.08712190282025145,0.1456626571525654,2.189465171593612
61.36172,89.23905,1634.266,0.08340023105674482,0.12128990825688074,2.2212246007475365
60.06572,72.78825,1649.492,0.08163876316683656,0.09893068297655454,2.2419191301393138
60.03279,57.72458,1657.506,0.08159400611620794,0.07845678559293238,2.2528114169215088
60.74288,43.93512,1658.719,0.08255913013931362,0.05971474006116208,2.254460074753653
61.63786,31.37222,1653.016,0.08377554875976895,0.042639782534828405,2.246708800543663
62.29143,20.04414,1640.019,0.08466385321100917,0.02724313965341488,2.2290438328236495
62.40657,9.949828,1619.487,0.08482034658511722,0.013523381583418282,2.201137614678899
61.73144,1.000418,1591.626,0.08390273870200475,0.0013597254502208632,2.1632701325178387
60.02105,-7.037074,1557.191,0.08157804960924227,-0.009564490655793408,2.1164675501189265
57.10761,-14.55657,1517.351,0.07761822629969418,-0.01978466870540265,2.062318722392117
53.03377,-22.08367,1473.404,0.07208123683316343,-0.03001518178729188,2.002587835541964
48.13036,-30.18634,1426.495,0.06541673122663949,-0.04102798504926945,1.9388311247026841
42.9397,-39.32501,1377.427,0.058361807679238875,-0.053448875297315665,1.8721399932042133
37.98787,-49.68995,1326.624,0.0516314916751614,-0.067536459395175,1.8030907237512743
33.52633,-61.10274,1274.22,0.04556755691471288,-0.0830482364933741,1.7318654434250764
29.40352,-73.03367,1220.222,0.039964009514101256,-0.09926424736663268,1.6584736663268773
25.15978,-84.72813,1164.641,0.034196099218484544,-0.11515885830784912,1.582930343187224
20.30739,-95.38754,1107.557,0.0276009378185525,-0.1296466734624533,1.505344206591913
14.64741,-104.3395,1049.102,0.019908134556574926,-0.14181379544682296,1.4258946653075095
8.449181,-111.1534,989.4154,0.011483766224940536,-0.15107495752633368,1.3447711858647637
2.386713,-115.6874,928.6345,0.0032439184505606523,-0.15723737682636765,1.2621603805640502
-2.748909,-118.0622,866.9459,-0.0037361997961264013,-0.16046510363574584,1.1783158681617398
-6.415748,-118.5688,804.6754,-0.008720010873258579,-0.1611536527353041,1.0936804621134897
-8.564484,-117.548,742.3383,-0.01164048114169215,-0.15976622494053688,1.0089545361875638
-9.620397,-115.3069,680.6157,-0.013075633027522937,-0.1567202174651716,0.9250638124362894
-10.22269,-112.1058,620.2667,-0.013894243968739381,-0.15236941896024464,0.8430400271831465
-10.89336,-108.183,562.0211,-0.014805790010193678,-0.14703771661569828,0.7638750934420659
-11.84352,-103.7633,506.4899,-0.016097206931702343,-0.14103064899762147,0.688399456337071
-13.01085,-99.02348,454.1123,-0.017683792048929663,-0.13458848793747877,0.6172100577641862
-14.24973,-94.04258,405.1407,-0.019367624872579002,-0.12781866123003738,0.5506499490316004
-15.5022,-88.78336,359.6639,-0.021069928644240572,-0.12067055385660891,0.4888398233095481
-16.83006,-83.12784,317.6656,-0.022874699286442406,-0.11298381243628951,0.4317575263336731
-18.32277,-76.95457,279.0933,-0.024903527013251783,-0.1045933673122664,0.3793317023445464
-19.99095,-70.22656,243.901,-0.027170846075433235,-0.0954489432551818,0.3314998301053347
-21.74224,-63.05625,212.0458,-0.029551124702684336,-0.08570336391437308,0.2882036017669045
-23.44462,-55.71895,183.4517,-0.03186492694529392,-0.07573081889228678,0.24933972137274887
-25.00622,-48.59992,157.9699,-0.03398738702004757,-0.06605493713897383,0.21470594631328577
-26.40183,-42.08803,135.3559,-0.03588424057084608,-0.0572042541624193,0.1839699626231736
-27.63714,-36.45615,115.269,-0.03756322120285423,-0.04954964322120286,0.15666870540265038
-28.69737,-31.77603,97.29853,-0.039004240570846074,-0.043188623853211004,0.13224400951410126
-29.52893,-27.90122,81.03494,-0.04013446143391097,-0.037922147468569485,0.11013923207611281
-30.0644,-24.52651,66.1952,-0.04086224940536867,-0.03333538566089025,0.08996969079170913
-30.26452,-21.30175,52.76831,-0.04113424396873938,-0.028952429493713894,0.07172043493034319
0.0,0.0,0.0,0.0,0.0,0.0
0.0,0.0,0.0,0.0,0.0,0.0
0.0,0.0,0.0,0.0,0.0,0.0
0.0,0.0,0.0,0.0,0.0,0.0
0.0,0.0,0.0,0.0,0.0,0.0
0.0,0.0,0.0,0.0,0.0,0.0
0.0,0.0,0.0,0.0,0.0,0.0
0.0,0.0,0.0,0.0,0.0,0.0
0.0,0.0,0.0,0.0,0.0,0.0
0.0,0.0,0.0,0.0,0.0,0.0
0.0,0.0,0.0,0.0,0.0,0.0
0.0,0.0,0.0,0.0,0.0,0.0
0.0,0.0,0.0,0.0,0.0,0.0
0.0,0.0,0.0,0.0,0.0,0.0
-35.04519,23.98645,78.80014,-0.04763192660550458,0.032601359157322464,0.10710178729187904
-42.53846,30.94638,197.5856,-0.05781645939517499,0.04206099898063201,0.26854991505266734
-48.12689,34.19823,354.2558,-0.06541201495073055,0.0464807747196738,0.4814893645939518
-48.87998,33.59409,534.9195,-0.06643558273870201,0.045659653414882775,0.727039755351682
-42.7792,31.01924,719.8917,-0.058143662928984034,0.04216002718314645,0.9784460754332314
-29.75991,30.09832,888.5756,-0.040448399592252805,0.040908352021746516,1.2077140332993543
-12.09993,35.02991,1024.885,-0.016445708460754334,0.047611158681617395,1.3929799524294937
6.134605,48.93499,1121.312,0.008337893306150186,0.06651034998301053,1.5240394155623511
20.41666,72.42568,1180.235,0.02774945293917771,0.09843789330615019,1.6041250424736662
27.29556,103.0724,1212.152,0.037098960244648316,0.1400916072035338,1.6475052667346246
25.51213,136.0439,1231.681,0.03467499830105335,0.18490506286102618,1.6740482500849474
16.30068,165.6226,1252.861,0.02215518858307849,0.22510716955487597,1.7028352021746518
2.838497,186.9122,1285.357,0.0038579639823309547,0.254043085287122,1.7470023785253144
-10.90246,197.0696,1332.624,-0.014818158341828066,0.26784858987427795,1.8112456676860347
-21.46533,195.721,1392.235,-0.02917476044852192,0.2660156303092083,1.892266394835202
-26.90158,184.6086,1457.863,-0.036563479442745496,0.25091213047910293,1.981465171593612
-27.10412,166.7632,1521.955,-0.03683876316683656,0.22665742439687395,2.068576282704723
-23.43042,145.5545,1578.132,-0.031845626911314984,0.19783146449201494,2.1449296636085626
-17.88639,123.8868,1622.635,-0.024310417940876655,0.16838165137614677,2.205416241930003
-12.30692,103.6914,1654.592,-0.016727040434930344,0.1409329255861366,2.24885083248386
-7.876697,85.78656,1675.322,-0.010705670404349303,0.11659743119266054,2.2770261637784572
-5.069947,70.09529,1687.132,-0.0068908555895344885,0.09527052667346246,2.293077811756711
-3.849638,56.08772,1692.132,-0.0052322636765205575,0.07623203533809038,2.2998735983690115
-3.909821,43.23313,1691.49,-0.005314061841658172,0.058760625212368335,2.2990010193679917
-4.849668,31.27062,1685.271,-0.006591461773700306,0.042501692150866466,2.2905484199796127
-6.285394,20.23269,1672.761,-0.00854283927964662,0.02749940876656473,2.273545361875637
-7.925849,10.28223,1653.021,-0.010772475705062862,0.013975168195718654,2.246715596330275
-9.591511,1.485848,1625.427,-0.013036372409106356,0.002019501189262657,2.209211009174312
-11.1461,-6.354413,1590.01,-0.01514930343187224,-0.008636646958885491,2.1610737342847433
-12.37244,-13.72918,1547.518,-0.016816092422697927,-0.01866011552837241,2.10332042133877
-12.89352,-21.2995,1499.245,-0.017524322120285422,-0.02894937138973836,2.0377098199116546
-12.23431,-29.68446,1446.746,-0.016628352021746517,-0.04034585117227319,1.9663554196398234
-10.03299,-39.24634,1391.561,-0.013636411824668706,-0.053341950390757724,1.891350322799864
-6.304036,-49.94382,1335.037,-0.00856817669045192,-0.06788150866462793,1.814525314305131
-1.599129,-61.29458,1278.219,-0.002173467889908257,-0.08330897723411486,1.7373007135575944
3.063458,-72.46807,1221.797,0.0041637213727488956,-0.09849550798504926,1.660614339109752
6.528201,-82.50826,1166.061,0.008872852191641183,-0.1121417057424397,1.5848603465851172
7.975935,-90.63885,1110.902,0.010840550458715596,-0.12319245667686035,1.509890587835542
7.318818,-96.53989,1055.862,0.0099474250764526,-0.13121289840299014,1.4350825688073396
5.295932,-100.4583,1000.3,0.007198004757050628,-0.13653863404689093,1.3595650696568127
3.185669,-103.0771,943.6034,0.004329825348284064,-0.14009799524294939,1.2825054706082228
2.253547,-105.194,885.4317,0.0030629249065579345,-0.1429751953788651,1.203440978593272
3.19371,-107.3689,825.8789,0.004340754332313965,-0.14593122663948352,1.122499354400272
5.81729,-109.6992,765.5255,0.007906612300373768,-0.14909847094801223,1.0404695888549098
9.115888,-111.8008,705.336,0.012389925925925926,-0.15195487597689433,0.9586625891946993
11.6642,-112.9763,646.425,0.015853482840638804,-0.15355256540944615,0.8785932721712537
12.19209,-112.5013,589.7775,0.016570968399592254,-0.1529069656812776,0.8016004077471968
10.09275,-109.9241,536.0304,0.01371763506625892,-0.1494041454298335,0.7285496432212029
5.661662,-105.2628,485.3888,0.007695089364593952,-0.14306870540265035,0.6597197417601087
-0.02285541,-99.0202,437.6911,-3.1064097859327215e-05,-0.1345840299014611,0.5948910635406048
-5.51065,-92.00892,392.5939,-0.007489840299014611,-0.12505459734964322,0.5335968739381584
-9.49848,-85.06703,349.8061,-0.012909928644240572,-0.11561947672443086,0.4754415222562012
-11.25426,-78.7844,309.2776,-0.015296309887869522,-0.10708039415562352,0.420356914712878
-10.81429,-73.35432,271.2616,-0.014698321440706761,-0.09970006116207951,0.3686871899422358
-8.917366,-68.60076,236.2245,-0.012120103295956506,-0.09323922528032619,0.32106625891946994
-6.72105,-64.14553,204.6465,-0.009134964322120286,-0.08718386680258239,0.2781467889908257
-5.405176,-59.6196,176.8012,-0.007346484539585457,-0.08103241590214066,0.24030064559972816
-5.798557,-54.81728,152.6034,-0.007881151206252124,-0.0745053075093442,0.20741202854230376
-8.151266,-49.73283,131.5884,-0.011078852871219843,-0.06759474006116208,0.1788493374108053
-12.11418,-44.48428,113.0297,-0.016465076452599387,-0.06046113489636425,0.15362514441046551
-16.90426,-39.18815,96.15905,-0.022975548759768944,-0.05326286102616378,0.13069527692830443
-21.56877,-33.87102,80.41566,-0.02931535168195719,-0.04603604485219164,0.10929753312945974
-25.24642,-28.47761,65.64079,-0.03431385660890248,-0.03870555215766225,0.08921616038056404
-27.35846,-22.97151,52.14146,-0.03718445124023106,-0.03122189602446483,0.0708684471627591
0.0,0.0,0.0,0.0,0.0,0.0
0.0,0.0,0.0,0.0,0.0,0.0
0.0,0.0,0.0,0.0,0.0,0.0
0.0,0.0,0.0,0.0,0.0,0.0
0.0,0.0,0.0,0.0,0.0,0.0
0.0,0.0,0.0,0.0,0.0,0.0
0.0,0.0,0.0,0.0,0.0,0.0
0.0,0.0,0.0,0.0,0.0,0.0
0.0,0.0,0.0,0.0,0.0,0.0
0.0,0.0,0.0,0.0,0.0,0.0
0.0,0.0,0.0,0.0,0.0,0.0
0.0,0.0,0.0,0.0,0.0,0.0
-5.736218,30.40001,43.95238,-0.007796422697927285,0.0413183961943595,0.059738199116547736
13.45799,38.34693,121.7682,0.018291525654094462,0.05211951070336392,0.16550214067278288
29.76967,41.0731,237.0054,0.04046166496772002,0.05582480462113489,0.322127624872579
38.23936,37.93053,386.15,0.05197330615018688,0.05155355759429153,0.5248386000679578
35.9216,30.63376,558.7966,0.048823105674481816,0.04163609921848454,0.7594924906557934
23.28805,22.94854,739.1707,0.03165212368331634,0.031190676180767925,1.0046492694529392
4.362457,19.3954,909.4466,0.005929265375467211,0.02636139993204213,1.2360810057764187
-14.61159,23.48344,1054.005,-0.019859449541284404,0.03191768943255182,1.4325586136595312
-27.4303,36.32854,1163.255,-0.037282093102276585,0.04937620115528372,1.5810465511382945
-30.09338,56.33902,1235.66,-0.040901637784573563,0.0765735915732246,1.679456337071016
-21.92096,80.01509,1277.277,-0.0297940332993544,0.1087530954808019,1.736020387359837
-5.239712,103.2788,1299.105,-0.007121592932381923,0.14037213727488956,1.7656880733944955
16.01183,122.6137,1313.38,0.021762595990485897,0.16665130818892285,1.7850900441726132
37.92483,135.657,1330.191,0.051545810397553515,0.1843792048929664,1.8079388379204893
57.70799,141.3246,1355.404,0.07843423717295277,0.1920823649337411,1.842207271491675
73.89725,139.6972,1390.258,0.10043798844716276,0.18987047230716958,1.8895793408086987
85.93373,131.7939,1432.316,0.11679745837580699,0.17912864424057084,1.9467427794767245
93.65538,119.2448,1477.136,0.12729239551478083,0.16207244308528712,2.007660210669385
97.11353,103.8656,1519.984,0.13199256540944615,0.14116969079170913,2.065897383622154
96.72915,87.21252,1557.085,0.13147013251783896,0.11853553516819572,2.1163234794427455
93.48799,70.27554,1586.194,0.12706488617057424,0.09551551478083589,2.1558871899422356
88.86131,53.45801,1606.528,0.12077650016989466,0.0726578457356439,2.183524294937139
84.38538,36.85218,1618.268,0.11469300713557594,0.05008791029561671,2.1994808019028205
81.11327,20.62208,1621.94,0.11024569486918111,0.02802865103635746,2.2044716275908938
79.2644,5.230856,1617.928,0.10773278967040434,0.007109556235134217,2.199018688413184
78.28398,-8.628077,1606.262,0.10640024464831804,-0.011726914033299354,2.1831627590893645
77.27124,-20.31867,1586.715,0.10502377166156983,-0.02761626911314985,2.1565953109072376
75.51285,-29.56209,1559.127,0.10263384301732925,-0.04017953109072375,2.1190988786952087
72.80792,-36.58324,1523.769,0.09895741760108732,-0.04972237852531431,2.0710417940876655
69.42128,-42.06766,1481.569,0.09435444104655114,-0.057176568127760785,2.0136853550798506
65.75271,-46.97534,1434.105,0.08936827726809378,-0.06384687733605166,1.9491743119266056
61.98324,-52.27627,1383.349,0.08424497451580021,-0.07105167516139993,1.880188922867822
57.93964,-58.68715,1331.268,0.07874908596670065,-0.07976506965681278,1.8094026503567788
53.23709,-66.50099,1279.407,0.07235758069996602,-0.0903853075093442,1.7389153924566767
47.56341,-75.56555,1228.599,0.06464615698267075,-0.10270547060822291,1.6698593272171254
40.89733,-85.39385,1178.89,0.055585905538566086,-0.11606367652055725,1.6022969758749577
33.53417,-95.34,1129.7,0.04557821270812097,-0.12958205912334353,1.5354400271831465
25.93979,-104.762,1080.15,0.03525625552157662,-0.14238803941556236,1.46809378185525
18.55607,-113.1149,1029.436,0.025220618416581717,-0.15374094461433913,1.3991654774040094
11.68644,-119.9706,977.097,0.015883710499490316,-0.16305891946992865,1.3280285423037717
5.512278,-125.0132,923.0962,0.007492053007135576,-0.16991260618416582,1.2546329595650696
0.1872644,-128.0615,867.7638,0.0002545217804960924,-0.17405572545022086,1.1794275229357798
-4.103598,-129.113,811.6568,-0.005577435270132517,-0.17548487937478763,1.1031692830445123
-7.19981,-128.3578,755.4135,-0.009785674481821272,-0.17445844376486577,1.0267257900101936
-9.107265,-126.13,699.6381,-0.012378205912334352,-0.17143051308188922,0.950918246687054
-10.10378,-122.8137,644.8311,-0.013732626571525654,-0.16692313965341488,0.8764269113149847
-10.69434,-118.7513,591.3694,-0.014535290519877677,-0.16140169894665307,0.803764050288821
-11.41373,-114.1852,539.5221,-0.015513054706082227,-0.15519565069656813,0.7332954128440368
-12.59674,-109.2398,489.4864,-0.017120951410125724,-0.14847407407407406,0.6652890248046212
-14.26593,-103.9426,441.4305,-0.019389643221202856,-0.14127434590553856,0.599973496432212
-16.20017,-98.26877,395.533,-0.02201857968059803,-0.13356271831464492,0.5375915732246007
-18.119,-92.19233,352.0091,-0.024626571525654093,-0.12530388039415563,0.4784357458375807
-19.84932,-85.72583,311.1146,-0.026978348623853208,-0.11651488956846755,0.4228536867142372
-21.3767,-78.94317,273.1221,-0.02905429833503228,-0.1072961875637105,0.3712159021406728
-22.78136,-71.9814,238.2608,-0.030963452259599046,-0.09783404689092762,0.32383391097519537
-24.1341,-65.02023,206.632,-0.03280203873598369,-0.08837272171253822,0.2808453958545702
-25.43187,-58.24338,178.14,-0.0345659123343527,-0.07916191641182467,0.2421202854230377
-26.6038,-51.79527,152.4949,-0.036158749575263334,-0.07039792048929663,0.20726455997281684
-27.56534,-45.74945,129.3109,-0.0374656337071016,-0.06218069996602107,0.1757538566089025
-28.27603,-40.09739,108.2751,-0.038431573224600744,-0.054498661230037375,0.14716289500509683
-28.76622,-34.76074,89.31775,-0.03909781855249745,-0.04724531430513082,0.12139687393815835
-29.12347,-29.63146,72.70366,-0.039583377505946316,-0.04027381583418281,0.09881571185864764
-29.45188,-24.64198,58.97746,-0.040029738362215427,-0.03349232755691471,0.08015964661909616
0.0,0.0,0.0,0.0,0.0,0.0
0.0,0.0,0.0,0.0,0.0,0.0
0.0,0.0,0.0,0.0,0.0,0.0
0.0,0.0,0.0,0.0,0.0,0.0
0.0,0.0,0.0,0.0,0.0,0.0
0.0,0.0,0.0,0.0,0.0,0.0
0.0,0.0,0.0,0.0,0.0,0.0
0.0,0.0,0.0,0.0,0.0,0.0
0.0,0.0,0.0,0.0,0.0,0.0
0.0,0.0,0.0,0.0,0.0,0.0
0.0,0.0,0.0,0.0,0.0,0.0
0.0,0.0,0.0,0.0,0.0,0.0
-35.8136,25.93931,67.85281,-0.048676316683656136,0.03525560312606184,0.09222264356099219
-42.15287,32.87949,173.9327,-0.05729238192320761,0.0446883995922528,0.23640190282025145
-46.1287,35.49859,316.2174,-0.06269616038056405,0.048248168535507986,0.42978919469928645
-45.14403,33.60452,483.3322,-0.06135783893985729,0.045673829425756034,0.6569244988107373
-37.63768,29.09656,658.4598,-0.05115552837240911,0.03954680258239891,0.8949504587155963
-23.99985,25.69944,823.3817,-0.032619571865443425,0.034929582059123346,1.1191052667346246
-6.839082,27.82941,963.0871,-0.009295388379204893,0.03782454638124363,1.3089868841318382
9.653733,38.93072,1069.364,0.013120941896024465,0.05291297315664288,1.4534339109751955
21.06154,59.96176,1142.182,0.028625946313285765,0.0814974651715936,1.5524050288820932
24.2531,88.75098,1188.568,0.03296377845735644,0.12062654434250765,1.6154509004417261
18.42226,120.572,1219.569,0.02503874957526334,0.16387631668365613,1.6575861365953108
5.276939,149.6677,1246.526,0.007172190282025144,0.20342195039075772,1.6942249405368672
-11.63504,171.0074,1277.967,-0.015813849813115868,0.23242595990485898,1.7369582059123345
-28.16641,181.5726,1317.989,-0.038282582398912676,0.24678572884811417,1.7913544002718316
-40.89883,180.814,1366.303,-0.05558794427454977,0.24575467210329593,1.8570207271491677
-48.06649,170.309,1419.544,-0.06532992184845396,0.23147672443085288,1.9293836221542644
-49.76035,152.9143,1473.105,-0.06763214407067618,0.2078345905538566,2.0021814475025486
-47.42694,131.8047,1522.788,-0.06446067278287462,0.17914332313965342,2.0697084607543323
-42.99882,109.71,1565.768,-0.05844216106014272,0.14911314984709478,2.128125042473666
-38.11799,88.48793,1600.775,-0.0518083452259599,0.12026901800883454,2.1757050628610264
-33.76749,69.03866,1627.71,-0.04589533129459735,0.09383440027183146,2.2123139653414885
-30.32633,51.49848,1647.018,-0.04121825348284064,0.06999453618756371,2.2385565749235474
-27.8303,35.59186,1659.115,-0.03782575603126062,0.04837493713897383,2.2549983010533468
-26.19773,20.97696,1664.084,-0.03560683656133198,0.028510988786952088,2.261751953788651
-25.31921,7.452721,1661.666,-0.03441278967040435,0.010129420319401972,2.2584655113829424
-25.06047,-5.006189,1651.454,-0.034061121304791026,-0.006804198436969079,2.24458579680598
-25.26378,-16.33662,1633.154,-0.03433745158002039,-0.022204036697247707,2.219713217804961
-25.76573,-26.5218,1606.784,-0.03501968059802922,-0.03604729867482161,2.1838722392116887
-26.38672,-35.70685,1572.764,-0.0358637037037037,-0.048531226639483525,2.137633707101597
-26.86714,-44.2367,1531.888,-0.03651667006455997,-0.06012463472646959,2.082076792388719
-26.80009,-52.58689,1485.213,-0.03642553856608902,-0.07147385660890247,2.018638124362895
-25.65742,-61.21605,1433.929,-0.03487247026843357,-0.08320224260958206,1.9489351002378525
-22.96718,-70.40742,1379.24,-0.03121601087325858,-0.09569476044852192,1.8746041454298334
-18.59079,-80.15249,1322.286,-0.02526780835881753,-0.10893984369690791,1.7971946992864425
-12.94412,-90.09975,1264.073,-0.0175930954808019,-0.12245973496432212,1.7180740740740743
-6.992224,-99.59515,1205.391,-0.009503532449881074,-0.13536547740400953,1.638316004077472
-1.953861,-107.8465,1146.728,-0.002655604485219164,-0.14658036017669046,1.5585837580699966
1.179176,-114.1924,1088.207,0.001602685694869181,-0.15520543662928984,1.4790445124023106
2.07737,-118.3665,1029.595,0.002823472646958886,-0.16087869520897044,1.3993815834182808
1.231797,-120.6108,970.4075,0.0016742059123343528,-0.16392905198776758,1.3189364593951751
-0.261334,-121.5608,910.1254,-0.00035519401970778117,-0.16522025144410465,1.2370036017669046
-1.194087,-121.9539,848.4418,-0.0016229520897043832,-0.16575453618756372,1.153165885151206
-0.7840191,-122.3103,785.4609,-0.0010656053007135576,-0.16623893985728846,1.0675649337410806
0.9909028,-122.7328,721.7728,0.0013467927964661908,-0.16681318382602786,0.981002786272511
3.399215,-122.8902,658.3777,0.004620067957866123,-0.16702711518858307,0.8948388718994224
5.284534,-122.1665,596.4801,0.007182513081889229,-0.16604349303431873,0.8107102956167176
5.559106,-119.9117,537.221,0.0075556996262317365,-0.16297886510363574,0.7301678559293239
3.649427,-115.7074,481.4481,0.004960145429833504,-0.15726455997281685,0.6543637104994904
-0.2790859,-109.548,429.5949,-0.0003793216445803602,-0.14889296636085628,0.5838870540265035
-5.387856,-101.8684,381.7015,-0.007322943934760449,-0.13845518178729188,0.5187923887189942
-10.47447,-93.41378,337.5517,-0.01423645259938838,-0.12696402310567448,0.4587858647638464
-14.39384,-85.0107,296.8555,-0.019563493034318723,-0.11554291539245667,0.40347332653754675
-16.43483,-77.32759,259.3923,-0.022337519537886513,-0.10510036017669046,0.35255494393476045
-16.52838,-70.71408,225.0624,-0.02246466870540265,-0.09611155963302752,0.3058952089704383
-15.22961,-65.1677,193.8531,-0.020699435949711176,-0.08857315664288141,0.26347686034658513
-13.4943,-60.41692,165.7584,-0.01834087665647299,-0.08211609921848453,0.22529174311926606
-12.33791,-56.06311,140.7041,-0.016769160720353383,-0.07619858647638464,0.19123900781515463
-12.49886,-51.71368,118.5206,-0.01698791709140333,-0.07028702684335711,0.16108814135236155
-14.21338,-47.06538,98.98233,-0.01931821950390758,-0.06396925586136595,0.13453255861365954
-17.16306,-41.9404,81.89769,-0.02332729867482161,-0.05700360176690451,0.11131184505606524
-20.60301,-36.30833,67.19478,-0.028002731906218145,-0.049348732585796806,0.09132827726809377
-23.62757,-30.31808,54.94049,-0.03211358477743799,-0.04120704043493034,0.0746727692830445
0.0,0.0,0.0,0.0,0.0,0.0
0.0,0.0,0.0,0.0,0.0,0.0
0.0,0.0,0.0,0.0,0.0,0.0
0.0,0.0,0.0,0.0,0.0,0.0
0.0,0.0,0.0,0.0,0.0,0.0
0.0,0.0,0.0,0.0,0.0,0.0
0.0,0.0,0.0,0.0,0.0,0.0
0.0,0.0,0.0,0.0,0.0,0.0
0.0,0.0,0.0,0.0,0.0,0.0
0.0,0.0,0.0,0.0,0.0,0.0
0.0,0.0,0.0,0.0,0.0,0.0
0.0,0.0,0.0,0.0,0.0,0.0
-8.126064,42.5862,67.47684,-0.011044599388379204,0.05788134556574923,0.09171164118246687
7.542633,48.75685,150.163,0.010251624872579001,0.0662682296975875,0.20409514101257223
20.39445,48.43853,264.7299,0.02771926605504587,0.065835582738702,0.35980958205912333
26.08435,42.21017,406.0782,0.03545273530411145,0.057370261637784574,0.5519241590214067
22.24801,33.1022,563.883,0.030238545701664968,0.04499109751953789,0.7664057084607544
9.784756,25.76006,724.2788,0.013299022765885151,0.035011974176010874,0.9844088345225961
-7.141855,24.79138,872.7008,-0.009706904519198097,0.03369538566089025,1.1861376826367651
-22.54018,32.99395,997.1991,-0.030635650696568126,0.04484396873938158,1.3553504587155965
-30.85064,50.31191,1091.247,-0.04193087325857968,0.06838180088345226,1.4831763506625892
-28.96512,74.01962,1155.06,-0.03936815494393476,0.1006043085287122,1.5699082568807339
-17.09874,99.92586,1194.891,-0.02323987767584098,0.13581496432212029,1.6240448521916413
1.755477,123.8403,1220.587,0.0023859694189602445,0.1683184505606524,1.6589697587495753
23.33606,142.5854,1242.396,0.03171737682636765,0.19379599048589874,1.688611620795107
43.73813,154.3466,1268.209,0.059446999660210664,0.20978131158681618,1.723695548759769
60.42235,158.5973,1302.042,0.0821234794427455,0.2155586816173972,1.7696799184505605
72.35822,155.8808,1343.961,0.09834620455317704,0.21186653075093442,1.8266544342507645
79.56864,147.5356,1391.102,0.10814629969418961,0.20052409106354058,1.890726469588855
82.584,135.3327,1439.188,0.11224464831804282,0.18393843017329253,1.9560829085966702
82.1659,121.0382,1483.988,0.11167638464152224,0.16450995582738703,2.0169731566428815
79.29986,106.0125,1522.35,0.10778098538905878,0.1440876656472987,2.0691131498470945
75.20296,91.00135,1552.664,0.1022126537546721,0.12368515120625213,2.1103146449201495
71.12972,76.21339,1574.737,0.09667647978253484,0.10358598708800544,2.1403153244988107
68.00783,61.61959,1589.256,0.09243334012911994,0.0837507169554876,2.1600489296636085
66.14503,47.26948,1597.106,0.08990150186884133,0.06424665987088006,2.1707183146449203
65.23314,33.41867,1598.822,0.08866209989806322,0.045421230037376824,2.1730506286102615
64.66124,20.42517,1594.36,0.08788479782534829,0.027761019367991847,2.1669860686374447
63.92685,8.550922,1583.233,0.08688664627930683,0.011622048250084947,2.1518627251104316
62.88269,-2.161944,1564.884,0.0854674685694869,-0.002938422018348624,2.1269235474006116
61.69106,-11.88778,1539.121,0.08384785592932383,-0.016157363234794428,2.0919075773020728
60.56272,-20.94848,1506.39,0.08231426435609922,-0.028472279986408427,2.0474209989806322
59.48774,-29.73984,1467.801,0.0808531974176011,-0.04042112130479103,1.99497247706422
58.14557,-38.65655,1424.897,0.07902897723411485,-0.052540332993544006,1.936659191301393
56.04111,-48.00646,1379.275,0.07616868501529052,-0.06524833163438667,1.8746517159361198
52.75798,-57.93182,1332.227,0.07170639483520218,-0.07873845735643902,1.8107060822290182
48.15587,-68.36994,1284.504,0.06545140332993545,-0.09292550458715597,1.7458430173292558
42.39943,-79.07061,1236.266,0.05762749575263337,-0.10746939857288482,1.6802799864084268
35.83572,-89.66009,1187.211,0.04870638124362895,-0.12186216785592932,1.6136065239551478
28.83534,-99.71984,1136.821,0.03919176350662589,-0.13553495073054705,1.5451185864763846
21.709,-108.8435,1084.621,0.029505946313285764,-0.14793544002718315,1.4741705742439688
14.72609,-116.6563,1030.366,0.02001507305470608,-0.15855426435609923,1.4004294937138975
8.176113,-122.8191,974.117,0.01111262385321101,-0.16693047910295616,1.3239782534828406
2.390521,-127.0598,916.2114,0.0032490941216445804,-0.1726942575603126,1.2452754332313967
-2.315317,-129.2418,857.1813,-0.0031468800543662926,-0.1756599388379205,1.165044240570846
-5.752107,-129.4243,797.666,-0.007818018348623853,-0.17590798504926944,1.084153584777438
-7.947976,-127.8567,738.3361,-0.010802549779136935,-0.17377737003058105,1.003514916751614
-9.159038,-124.9011,679.8384,-0.012448573564390079,-0.16976024464831804,0.9240073394495413
-9.787314,-120.9264,622.7599,-0.013302499490316004,-0.164358002038736,0.846428678219504
-10.25037,-116.2277,567.6074,-0.013931865443425076,-0.15797172952769284,0.7714677539925247
-10.87159,-110.9997,514.7968,-0.014776201155283723,-0.15086605504587156,0.6996898402990146
-11.83875,-105.3613,464.6533,-0.016090723751274207,-0.14320258239891268,0.6315369351002379
-13.22803,-99.40104,417.4206,-0.017978973836221542,-0.13510165137614677,0.5673402650356778
-15.04853,-93.20908,373.2699,-0.02045331974176011,-0.1266858036017669,0.5073325178389398
-17.261,-86.88014,332.304,-0.023460414542983348,-0.11808377845735643,0.45165341488277266
-19.76187,-80.50087,294.5586,-0.026859490316004077,-0.10941334692490656,0.4003514780835882
-22.36522,-74.14519,260.0036,-0.030397852531430514,-0.10077497791369351,0.3533857968059803
-24.82362,-67.88206,228.5353,-0.033739204892966355,-0.09226239891267414,0.3106154264356099
-26.89657,-61.78276,199.9545,-0.036556670064559975,-0.08397249065579342,0.27176962283384304
-28.43223,-55.91741,173.9518,-0.03864387359836901,-0.07600055725450221,0.23642786272511043
-29.41325,-50.34292,150.1327,-0.0399772341148488,-0.06842394835202174,0.20405395854570166
-29.94448,-45.09231,128.0965,-0.040699259259259254,-0.06128754332313965,0.17410329595650695
-30.20208,-40.17158,107.5638,-0.041049378185524975,-0.054599497111790685,0.146196126401631
-30.37872,-35.56238,88.51651,-0.041289459734964326,-0.04833486918110771,0.12030786272511043
-30.64166,-31.22745,71.30166,-0.041646836561331974,-0.042443017329255865,0.0969101732925586
-31.0966,-27.12229,56.62762,-0.042265171593611955,-0.03686345905538566,0.07696584437648658
0.0,0.0,0.0,0.0,0.0,0.0
0.0,0.0,0.0,0.0,0.0,0.0
0.0,0.0,0.0,0.0,0.0,0.0
0.0,0.0,0.0,0.0,0.0,0.0
0.0,0.0,0.0,0.0,0.0,0.0
0.0,0.0,0.0,0.0,0.0,0.0
0.0,0.0,0.0,0.0,0.0,0.0
0.0,0.0,0.0,0.0,0.0,0.0
0.0,0.0,0.0,0.0,0.0,0.0
0.0,0.0,0.0,0.0,0.0,0.0
0.0,0.0,0.0,0.0,0.0,0.0
0.0,0.0,0.0,0.0,0.0,0.0
0.0,0.0,0.0,0.0,0.0,0.0
-33.89376,15.78566,140.7774,-0.046066952089704384,0.021455195378865102,0.19133863404689092
-37.31227,23.72239,292.8747,-0.05071324498810737,0.032242460074753655,0.39806279306829767
-37.39521,31.78352,480.9725,-0.05082597349643221,0.04319880394155624,0.6537172952769283
-32.39577,40.19807,685.5173,-0.04403094801223242,0.05463550118926266,0.9317258579680597
-21.70817,50.06901,882.5691,-0.02950481821270812,0.0680516615698267,1.199550254841998
-6.412321,63.1266,1049.938,-0.00871535304111451,0.08579898063200816,1.4270309208290861
10.77914,80.98556,1173.017,0.01465054706082229,0.11007211688752974,1.5943146449201495
26.23504,104.2021,1248.232,0.03565754672103296,0.14162704723071695,1.696543662928984
36.50173,131.631,1282.956,0.04961159361196059,0.1789072375127421,1.7437390417940875
39.34838,160.4703,1292.138,0.053480638803941556,0.21810438328236495,1.756218824328916
34.40909,187.0023,1293.134,0.04676736663268773,0.25416554536187563,1.7575725450220863
23.24634,207.6698,1300.646,0.03159543323139653,0.28225592932381927,1.7677825348284064
8.834721,220.005,1323.315,0.012007775739041795,0.29902140672782873,1.7985932721712539
-5.365687,223.0839,1362.697,-0.0072928127760788315,0.30320611620795107,1.8521196058443763
-16.42605,217.4591,1414.474,-0.02232558613659531,0.29556112810057766,1.9224926945293916
-22.68543,204.7551,1471.094,-0.030833068297655454,0.27829439347604484,1.9994481821270813
-23.96283,187.1665,1524.725,-0.032569255861365956,0.2543887189942236,2.0723411484879373
-21.25426,166.9998,1569.544,-0.028887883112470265,0.226979001019368,2.1332572205232756
-16.14889,146.2845,1602.806,-0.02194888209310228,0.1988236493374108,2.1784655113829428
-10.25964,126.4693,1624.669,-0.01394446483180428,0.17189167516139994,2.208180767923887
-4.858085,108.286,1637.16,-0.006602901800883452,0.14717770981991166,2.2251580020387363
-0.73923,91.84751,1642.814,-0.0010047298674821612,0.12483521576622494,2.2328426775399253
1.764323,76.92393,1643.547,0.0023979925246347266,0.10455172273190622,2.2338389398572884
2.700483,63.23546,1640.08,0.0036703812436289503,0.08594693849813116,2.2291267414203193
2.375617,50.61555,1631.972,0.0032288372409106357,0.06879449541284403,2.2181066938498133
1.201241,39.00518,1618.109,0.0016326755011892627,0.053014176010873264,2.199264695888549
-0.4469081,28.33854,1597.329,-0.0006074184165817193,0.038516534148827726,2.171021406727829
-2.286114,18.42244,1568.953,-0.003107188583078491,0.02503899422358138,2.1324539585457014
-4.067077,8.89831,1533.055,-0.005527797485558954,0.012094203194019708,2.08366292898403
-5.458387,-0.6854892,1490.457,-0.00741880665987088,-0.0009316876656472987,2.025765545361876
-6.003388,-10.73689,1442.516,-0.008159548759768943,-0.014593122663948353,1.9606061841658173
-5.239811,-21.48617,1390.823,-0.007121727488956848,-0.029203085287121986,1.8903472646958888
-2.945807,-32.891,1336.909,-0.0040038151546041454,-0.044704043493034314,1.8170696568127762
0.6385947,-44.59532,1282.02,0.0008679506625891946,-0.06061205572545022,1.742466870540265
4.776545,-55.96932,1226.978,0.006492076112810058,-0.07607111111111112,1.6676561331974178
8.446464,-66.25966,1172.122,0.011480073394495414,-0.09005730207271491,1.5930981991165478
10.72133,-74.83236,1117.317,0.014571974176010874,-0.10170895005096839,1.5186095820591234
11.14308,-81.41819,1062.049,0.01514519877675841,-0.11066012911994563,1.4434916751614
9.917146,-86.23372,1005.596,0.013478961603805642,-0.1172051919809718,1.3667631668365614
7.831599,-89.8922,947.2897,0.010644375127420998,-0.12217764186204554,1.2875157322460076
5.928501,-93.12905,886.7767,0.008057765545361875,-0.12657703024125044,1.205269045191981
5.065962,-96.47675,824.1993,0.006885439347604485,-0.13112708120965,1.120216513761468
5.557588,-100.0445,760.2489,0.007553636425416242,-0.13597621474685695,1.0332978593272173
7.039844,-103.4845,696.0748,0.009568255521576623,-0.1406517159361196,0.946075161399932
8.61796,-106.1289,633.0706,0.011713163438668026,-0.14424587155963303,0.860442541624193
9.225685,-107.2281,572.5888,0.012539157322460075,-0.14573985728848113,0.7782382602786272
8.051536,-106.2095,515.6669,0.010943304111450902,-0.14435541963982332,0.7008724430852872
4.862788,-102.8796,462.8521,0.006609293917770982,-0.1398295616717635,0.6290888209310228
0.1023081,-97.50981,414.1765,0.00013905280326197757,-0.1325311722731906,0.5629310227658851
-5.272253,-90.77075,369.2805,-0.007165821270812097,-0.12337172952769283,0.5019102956167176
-10.12932,-83.53199,327.6328,-0.013767339449541284,-0.11353311586816173,0.44530451919809716
-13.53911,-76.59619,288.7651,-0.018401780496092424,-0.10410627251104317,0.39247720013591575
-15.04421,-70.47053,252.4427,-0.02044744818212708,-0.09578053686714237,0.3431093442065919
-14.74926,-65.26398,218.722,-0.020046564729867482,-0.08870401630988788,0.29727760788311247
-13.23447,-60.74559,187.8891,-0.017987726809378185,-0.0825628134556575,0.25537084607543326
-11.3537,-56.52434,160.3093,-0.01543146449201495,-0.07682547060822291,0.21788555895344888
-9.992631,-52.25204,136.2409,-0.013581557594291539,-0.07101874277947673,0.1851728168535508
-9.847166,-47.75076,115.6783,-0.013383847774379884,-0.06490079510703364,0.15722500849473325
-11.26195,-43.02391,98.28764,-0.01530676180767924,-0.058476262317363234,0.13358836561331974
-14.15732,-38.17762,83.46154,-0.019242025144410466,-0.0518893917770982,0.11343736323479443
-18.05762,-33.3153,70.46822,-0.024543146449201494,-0.04528073394495413,0.0957773972137275
-22.20665,-28.46603,58.64808,-0.030182330954808018,-0.03868981311586816,0.07971196738022426
0.0,0.0,0.0,0.0,0.0,0.0
0.0,0.0,0.0,0.0,0.0,0.0
0.0,0.0,0.0,0.0,0.0,0.0
0.0,0.0,0.0,0.0,0.0,0.0
0.0,0.0,0.0,0.0,0.0,0.0
0.0,0.0,0.0,0.0,0.0,0.0
0.0,0.0,0.0,0.0,0.0,0.0
0.0,0.0,0.0,0.0,0.0,0.0
0.0,0.0,0.0,0.0,0.0,0.0
0.0,0.0,0.0,0.0,0.0,0.0
0.0,0.0,0.0,0.0,0.0,0.0
0.0,0.0,0.0,0.0,0.0,0.0
0.0,0.0,0.0,0.0,0.0,0.0
0.0,0.0,0.0,0.0,0.0,0.0
0.0,0.0,0.0,0.0,0.0,0.0
9.660409,24.06411,78.83542,0.013130015630309208,0.03270691131498471,0.10714973836221542
35.6566,31.90711,182.9675,0.048462928984029895,0.043366782195039075,0.24868161739721373
55.14501,36.68723,325.6244,0.07495074413863405,0.04986371729527693,0.44257478763166835
61.0736,38.47671,498.3844,0.08300863064899762,0.05229590214067278,0.6773828066598709
49.89806,39.13263,686.0208,0.06781931362555216,0.05318740061162079,0.9324101936799185
23.57601,41.79628,869.3703,0.03204350662589195,0.05680772001359158,1.181611009174312
-10.49721,49.67439,1029.661,-0.014267359836901122,0.06751531090723752,1.3994712878015632
-41.90984,64.6314,1153.082,-0.056962065919130146,0.08784424057084607,1.567219843696908
-61.08386,86.31321,1234.098,-0.08302257560312606,0.11731323139653414,1.6773333333333333
-62.77269,112.251,1276.309,-0.0853179612640163,0.15256676860346585,1.7347047230716954
-47.57151,138.7987,1290.607,-0.06465716615698268,0.18864926945293917,1.7541379544682296
-20.90988,162.3102,1291.448,-0.028419816513761468,0.22060509683995924,1.7552810057764188
9.679935,180.0047,1292.671,0.013156554536187564,0.24465470608222903,1.7569432551817874
37.49772,190.3391,1304.194,0.05096530071355759,0.25870078151546044,1.7726048250084947
58.4937,193.0018,1330.377,0.07950214067278287,0.26231980971797486,1.8081916411824668
71.5201,188.711,1370.18,0.09720706761807679,0.2564879374787632,1.8622901800883453
77.46935,178.9227,1418.694,0.1052930343187224,0.2431840978593272,1.9282283384301733
78.14246,165.4753,1469.306,0.10620789670404349,0.2249069656812776,1.9970180088345226
75.46735,150.1893,1515.822,0.10257200135915731,0.2041308868501529,2.060240570846075
71.18569,134.4952,1553.971,0.09675255181787291,0.18280013591573227,2.1120910635406047
66.77242,119.2085,1581.991,0.09075422358137954,0.16202310567448183,2.150174651715936
63.32861,104.5356,1600.329,0.08607354400271831,0.1420803261977574,2.175098878695209
61.39775,90.29485,1610.754,0.08344920149507305,0.12272490655793408,2.189268093781855
60.85897,76.23545,1615.293,0.08271691471287801,0.1036159700985389,2.1954373088685015
61.05951,62.28755,1615.356,0.08298948012232417,0.08465857968059803,2.1955229357798167
61.17746,48.63166,1611.322,0.08314979272850832,0.06609807679238872,2.1900400951410126
60.6253,35.59514,1602.622,0.08239932042133877,0.048379395174991506,2.17821542643561
59.26479,23.4692,1588.187,0.0805501732925586,0.031898335032279984,2.1585959904858987
57.33095,12.34935,1567.036,0.07792178049609243,0.016784709480122322,2.129848453958546
55.15948,2.075386,1538.773,0.07497041114509005,0.0028207760788311245,2.0914345905538565
52.92908,-7.703524,1503.822,0.0719389466530751,-0.010470301053346925,2.0439306829765544
50.58366,-17.38507,1463.34,0.0687511518858308,-0.02362904519198097,1.9889092762487257
47.93992,-27.27285,1418.912,0.06515789330615018,-0.03706809378185525,1.9285246347264697
44.85153,-37.48919,1372.143,0.06096028542303771,-0.05095370710159701,1.8649582059123344
41.28954,-47.95662,1324.271,0.05611898063200816,-0.06518059123343527,1.7998926265715256
37.29756,-58.45097,1275.95,0.05069325178389398,-0.07944406388039416,1.7342167855929325
32.89491,-68.70239,1227.231,0.04470935779816514,-0.09337735643900781,1.668
28.03714,-78.48206,1177.734,0.03810688413183826,-0.10666946653075093,1.6007257900101937
22.68365,-87.62181,1126.906,0.030830648997621474,-0.1190918246687054,1.531642541624193
16.92547,-95.97142,1074.272,0.023004376486578323,-0.13044025823989125,1.4601046551138293
11.06893,-103.3438,1019.596,0.015044417261297995,-0.14046048250084947,1.3857913693510024
5.593687,-109.4967,962.94,0.007602700645599729,-0.14882324159021407,1.3087869520897044
0.9848143,-114.1675,904.635,0.0013385175671083928,-0.1551715936119606,1.2295412844036697
-2.47169,-117.1401,845.2279,-0.0033594155623513423,-0.1592118246687054,1.1487976894325518
-4.809229,-118.3093,785.414,-0.0065364988107373435,-0.1608009514101257,1.0675011892626571
-6.34872,-117.7181,725.9549,-0.008628909276248726,-0.15999741760108732,0.9866869181107712
-7.538931,-115.5655,667.5786,-0.010246593272171254,-0.15707169554875977,0.9073443425076453
-8.7597,-112.1809,610.8769,-0.011905810397553517,-0.15247149167516139,0.8302778117567108
-10.18694,-107.97,556.2401,-0.013845654094461434,-0.14674821610601427,0.7560178049609242
-11.77481,-103.3356,503.8671,-0.016003819232076114,-0.14044933741080529,0.6848346585117228
-13.34475,-98.58779,453.8421,-0.018137614678899083,-0.13399631668365614,0.6168428134556575
-14.71891,-93.86692,406.2339,-0.020005314305130816,-0.12757991165477403,0.5521357798165137
-15.82285,-89.11491,361.1694,-0.021505742439687395,-0.12112118246687054,0.4908860346585117
-16.71367,-84.11835,318.863,-0.02271650696568128,-0.11433007135575944,0.4333849813115868
-17.53767,-78.62034,279.595,-0.023836452599388377,-0.10685741080530071,0.3800135915732246
-18.45735,-72.46131,243.6376,-0.025086442405708464,-0.09848632008154944,0.3311418280665987
-19.58888,-65.68886,211.1518,-0.026624369690791707,-0.08928149507305472,0.28698851512062523
-20.96475,-58.58187,182.099,-0.02849439347604485,-0.07962197757390418,0.24750118926265713
-22.51683,-51.56717,156.2189,-0.030603914373088684,-0.07008789670404349,0.21232606184165817
-24.07922,-45.06005,133.0962,-0.032727448182127084,-0.06124369690791709,0.18089867482161062
-25.42308,-39.30535,112.2996,-0.034553965341488274,-0.05342215426435609,0.15263282364933742
-26.33174,-34.29977,93.54354,-0.03578897723411485,-0.0466187835541964,0.1271403873598369
-26.69573,-29.83262,76.81258,-0.03628369690791709,-0.04054722392116887,0.10440038056405028
-26.57914,-25.62441,62.39297,-0.03612523275569147,-0.03482760448521917,0.08480186204553176
-26.2121,-21.49842,50.77416,-0.03562636765205573,-0.02921973496432212,0.06901007135575943
0.0,0.0,0.0,0.0,0.0,0.0
0.0,0.0,0.0,0.0,0.0,0.0
0.0,0.0,0.0,0.0,0.0,0.0
0.0,0.0,0.0,0.0,0.0,0.0
0.0,0.0,0.0,0.0,0.0,0.0
0.0,0.0,0.0,0.0,0.0,0.0
0.0,0.0,0.0,0.0,0.0,0.0
0.0,0.0,0.0,0.0,0.0,0.0
0.0,0.0,0.0,0.0,0.0,0.0
0.0,0.0,0.0,0.0,0.0,0.0
0.0,0.0,0.0,0.0,0.0,0.0
0.0,0.0,0.0,0.0,0.0,0.0
-22.92818,28.20516,67.8837,-0.03116300373768264,0.038335249745158,0.09226462793068298
-26.12442,37.20005,164.9146,-0.035507196738022426,0.0505607203533809,0.22414488617057426
-29.90628,41.78003,294.0846,-0.040647339449541284,0.056785633707101595,0.3997072375127421
-32.57098,41.50906,445.0686,-0.04426908596670064,0.05641734284743459,0.6049182466870541
-32.25221,38.03329,602.8423,-0.04383582738702004,0.05169322460074754,0.8193575263336732
-27.70891,34.85948,751.3523,-0.03766076792388719,0.04737951749915052,1.0212059802922189
-18.99761,36.28806,877.6845,-0.02582074074074074,0.04932118246687054,1.1929113149847095
-7.683697,45.8157,975.2889,-0.01044335304111451,0.062270744138634045,1.3255710499490316
3.562516,64.65781,1045.142,0.004842019707781176,0.08788013591573224,1.4205124023105675
11.84752,91.08072,1094.56,0.016102643560992183,0.12379302752293578,1.4876792388718993
15.05443,120.8827,1134.229,0.020461338769962624,0.16429860686374448,1.5415956506965682
12.56177,148.7865,1174.59,0.01707342167855929,0.2022242609582059,1.5964525993883791
5.410423,170.0685,1222.815,0.007353616038056405,0.23114984709480121,1.6619979612640163
-4.122327,181.7504,1281.276,-0.005602890927624873,0.2470273870200476,1.7414556574923548
-13.34712,183.0304,1347.769,-0.018140835881753314,0.24876710839279645,1.8318301053346926
-20.04952,175.0156,1417.095,-0.02725045191980972,0.23787373428474345,1.9260550458715597
-23.10418,160.0409,1483.229,-0.031402215426435606,0.21752076112810056,2.015941556235134
-22.61999,140.8915,1541.238,-0.030744125042473668,0.19149371389738362,2.094784913353721
-19.63641,120.158,1588.364,-0.026688970438328238,0.16331362555215767,2.158836561331974
-15.57332,99.81775,1624.137,-0.021166591913013934,0.13566802582398912,2.2074576962283383
-11.70169,81.04894,1649.725,-0.015904437648657833,0.11015826027862725,2.2422358137954466
-8.83015,64.26866,1666.958,-0.012001563030920828,0.0873512198436969,2.2656581719334015
-7.249739,49.36103,1677.406,-0.00985353584777438,0.06708940536867142,2.279858647638464
-6.855696,35.99343,1681.837,-0.009317969418960244,0.04892073394495412,2.2858810737342847
-7.333549,23.87988,1680.151,-0.009967446822969758,0.03245651376146789,2.283589534488617
-8.33468,12.89728,1671.698,-0.011328141352361537,0.017529432551817874,2.2721005776418624
-9.605608,3.050354,1655.75,-0.013055532449881073,0.0041459109751953785,2.250424736663269
-11.03418,-5.654547,1631.907,-0.014997186544342506,-0.007685418960244648,2.218018348623853
-12.58183,-13.34879,1600.301,-0.01710068637444784,-0.01814310567448182,2.17506082229018
-14.13223,-20.38662,1561.601,-0.01920792388718994,-0.02770862385321101,2.1224614339109755
-15.3596,-27.33333,1516.852,-0.020876112810057766,-0.037150295616717635,2.0616405028882094
-15.73011,-34.85267,1467.274,-0.021379694189602446,-0.04737026163778458,1.9942562011552836
-14.67244,-43.52619,1414.097,-0.0199421542643561,-0.059158939857288484,1.9219802922188243
-11.84639,-53.65206,1358.477,-0.016101107713217804,-0.07292159021406727,1.846383961943595
-7.376498,-65.08041,1301.478,-0.010025821270812096,-0.08845451580020387,1.7689133537206934
-1.928384,-77.15901,1244.043,-0.002620977234114849,-0.10487123343527012,1.6908501529051987
3.434654,-88.85207,1186.906,0.004668235134216786,-0.12076394155623513,1.6131919809717974
7.591705,-99.03103,1130.454,0.010318321440706763,-0.13459874957526333,1.5364648318042813
9.786235,-106.8415,1074.622,0.013301032959565069,-0.14521440706761807,1.4605803601766905
9.947372,-111.9873,1018.9,0.013520043493034319,-0.15220835881753314,1.3848453958545701
8.736019,-114.7935,962.4971,0.01187362419300034,-0.1560224260958206,1.308184981311587
7.259352,-116.0182,904.6057,0.009866601427115188,-0.15768698606863743,1.2295014610941215
6.575052,-116.5133,844.7065,0.00893653007135576,-0.15835990485898743,1.1480890248046212
7.22515,-116.8965,782.8053,0.009820115528372409,-0.15888073394495414,1.0639555555555555
9.01486,-117.3585,719.5432,0.01225261297995243,-0.1595086646279307,0.977972409106354
11.11408,-117.6434,656.1225,0.015105783214407066,-0.15989588854909956,0.8917737003058103
12.40983,-117.1812,594.0511,0.01686691131498471,-0.15926768603465852,0.8074089024804622
11.95131,-115.3236,534.7844,0.016243710499490315,-0.1567429153924567,0.7268561331974176
9.317113,-111.6067,479.3983,0.012663422358137956,-0.15169106354060483,0.6515777098199117
4.776526,-105.9445,428.4032,0.006492050288820931,-0.1439952429493714,0.5822673462453279
-0.8057558,-98.68138,381.7491,-0.0010951488956846755,-0.13412352021746518,0.5188570846075433
-6.275865,-90.4876,338.9957,-0.008529887869520896,-0.12298688413183827,0.46074848793747875
-10.58149,-82.14768,299.5686,-0.014381909616038057,-0.11165162079510703,0.40716085626911314
-13.09848,-74.33303,263.0007,-0.01780289500509684,-0.1010302820251444,0.35745932721712537
-13.78861,-67.45036,229.0763,-0.01874089024804621,-0.09167565069656813,0.3113507305470608
-13.15858,-61.6091,197.8357,-0.01788458036017669,-0.08373645939517499,0.26888984029901464
-12.05655,-56.68505,169.4541,-0.016386748216106015,-0.07704390078151546,0.23031478083588178
-11.38254,-52.42016,144.0593,-0.0154706625891947,-0.07124724430852872,0.19579925246347266
-11.8033,-48.50545,121.5839,-0.016042541624193,-0.06592653754672104,0.16525164797825348
-13.55454,-44.62784,101.7355,-0.018422752293577982,-0.06065625552157662,0.13827454977913695
-16.38647,-40.49612,84.10958,-0.02227179068977234,-0.05504059802922188,0.11431815154604144
-19.66401,-35.87221,68.39187,-0.026726483180428137,-0.04875597689432552,0.0929553109072375
-22.58399,-30.62335,54.54702,-0.030695195378865104,-0.04162195039075773,0.07413798165137615
0.0,0.0,0.0,0.0,0.0,0.0
0.0,0.0,0.0,0.0,0.0,0.0
0.0,0.0,0.0,0.0,0.0,0.0
0.0,0.0,0.0,0.0,0.0,0.0
0.0,0.0,0.0,0.0,0.0,0.0
0.0,0.0,0.0,0.0,0.0,0.0
0.0,0.0,0.0,0.0,0.0,0.0
0.0,0.0,0.0,0.0,0.0,0.0
0.0,0.0,0.0,0.0,0.0,0.0
0.0,0.0,0.0,0.0,0.0,0.0
0.0,0.0,0.0,0.0,0.0,0.0
0.0,0.0,0.0,0.0,0.0,0.0
0.0,0.0,0.0,0.0,0.0,0.0
-8.992718,31.03779,48.65503,-0.012222518518518518,0.042185239551478085,0.0661298402990146
6.520272,41.24526,142.5769,0.008862075433231397,0.056058797145769626,0.19378443764865783
18.45342,46.34296,274.3361,0.025081100917431196,0.06298737342847434,0.3728659191301393
22.47113,45.25615,435.3121,0.030541800883452257,0.06151022765885151,0.5916576282704723
16.53869,39.39068,610.3605,0.022478681617397214,0.05353813115868162,0.8295759429153925
2.231251,32.52579,781.0675,0.003032621134896364,0.04420766564729867,1.0615936119605844
-15.38517,29.62438,930.1831,-0.020910866462793068,0.04026419300033979,1.264265171593612
-29.51284,34.93677,1045.885,-0.040112592592592596,0.04748456676860347,1.4215222562011554
-34.32672,50.24404,1124.5,-0.0466554128440367,0.06828955487597689,1.528372409106354
-27.29337,74.11954,1170.791,-0.03709598369011213,0.1007401155283724,1.5912891607203532
-9.919622,102.5306,1195.766,-0.013482326877336052,0.13935521576622495,1.6252341148487939
13.34975,130.339,1212.912,0.018144410465511383,0.1771512062521237,1.6485382262996942
37.30923,152.8949,1234.224,0.05070911314984709,0.2078082229018009,1.6775045871559633
57.98035,167.1145,1267.277,0.078804417261298,0.22713489636425416,1.7224288141352362
73.48541,171.8572,1314.079,0.0998782330954808,0.23358097179748558,1.7860400951410125
83.71693,167.7369,1371.721,0.11378447842337751,0.2279808358817533,1.8643846415222562
89.4314,156.6182,1434.261,0.12155134216785593,0.2128687733605165,1.9493863404689091
91.53916,140.9849,1494.974,0.12441611960584437,0.19162065919130142,2.031904858987428
90.93604,123.2856,1548.242,0.12359638464152227,0.1675645259938838,2.104304451240231
88.66429,105.378,1590.684,0.12050871899422358,0.14322528032619775,2.1619898063200815
85.95868,88.24314,1621.372,0.11683136935100238,0.11993630988786952,2.2036996262317365
83.94602,72.07274,1641.289,0.1140958477743799,0.09795819232076113,2.2307699626231736
83.17086,56.64784,1652.364,0.11304228338430174,0.07699332653754673,2.245822629969419
83.34316,41.7723,1656.458,0.1132764661909616,0.05677512742099898,2.2513870200475705
83.5608,27.52257,1654.618,0.11357227319062181,0.037407502548419985,2.248886170574244
82.89402,14.22073,1646.824,0.11266601427115189,0.01932820931022766,2.23829289840299
80.94713,2.224559,1632.224,0.1100198844716276,0.0030235256540944618,2.2184492014950727
78.04126,-8.288007,1609.725,0.10607034998301053,-0.011264705402650357,2.187869520897044
74.93435,-17.42094,1578.656,0.1018475705062861,-0.023677798165137615,2.1456418620455318
72.29608,-25.53016,1539.273,0.09826174651715937,-0.0346995039075773,2.0921141692150864
70.28409,-33.10365,1492.896,0.09552713557594292,-0.04499306829765545,2.0290805300713557
68.4609,-40.62393,1441.658,0.09304913353720692,-0.05521431192660551,1.9594400271831462
66.05098,-48.47776,1387.961,0.08977367312266395,-0.06588890248046211,1.886457356439008
62.34184,-56.92079,1333.889,0.08473236833163439,-0.07736430852871219,1.8129650016989465
56.99208,-66.06072,1280.738,0.07746120285423037,-0.08978691131498472,1.7407244308528713
50.11276,-75.84251,1228.852,0.06811112470268434,-0.10308190282025145,1.670203194019708
42.14058,-86.04626,1177.776,0.057275677879714576,-0.11695040434930344,1.600782874617737
33.62317,-96.29981,1126.626,0.04569917770981991,-0.1308865919130139,1.5312619775739043
25.04661,-106.1036,1074.495,0.034042283384301736,-0.1442114848793748,1.4604077471967378
16.77929,-114.8824,1020.749,0.022805694869181107,-0.1561432551817873,1.3873584777437988
9.124258,-122.0776,965.152,0.012401302072714915,-0.16592266394835203,1.3117934080869862
2.397457,-127.2573,907.8367,0.0032585212368331637,-0.17296269113149848,1.23389289840299
-3.06964,-130.2005,849.2049,-0.004172123683316344,-0.17696296296296296,1.1542030581039755
-7.038805,-130.9202,789.8104,-0.009566843357118587,-0.17794114848793746,1.0734765885151205
-9.517626,-129.628,730.2597,-0.01293595107033639,-0.17618484539585455,0.9925378185524973
-10.83341,-126.6628,671.1444,-0.0147243085287122,-0.17215467210329596,0.9121908256880734
-11.54541,-122.41,613.003,-0.01569202854230377,-0.16637444784233774,0.8331675161399933
-12.22145,-117.2285,556.2997,-0.01661087325857968,-0.15933197417601086,0.7560988107373429
-13.20696,-111.4007,501.4215,-0.01795033639143731,-0.15141107713217805,0.6815107033639144
-14.52878,-105.1128,448.6988,-0.019746897723411483,-0.14286483180428133,0.6098522595990487
-15.98485,-98.46317,398.4431,-0.021725925925925926,-0.13382693849813115,0.5415468569486919
-17.34222,-91.49055,350.9805,-0.02357080530071356,-0.12435005096839959,0.47703771661569827
-18.50179,-84.21563,306.662,-0.025146843357118587,-0.11446229018008836,0.4168019028202514
-19.52875,-76.68379,265.8415,-0.026542643560992184,-0.10422533469249066,0.36132042133876996
-20.55501,-68.99136,228.813,-0.02793749235474006,-0.0937701121304791,0.31099286442405705
-21.65114,-61.28835,195.72,-0.029427305470608223,-0.08330050968399592,0.2660142711518858
-22.77232,-53.76914,166.4759,-0.03095116547740401,-0.07308072035338091,0.22626693849813115
-23.8082,-46.65717,140.7446,-0.03235908936459395,-0.06341443425076453,0.19129405368671423
-24.67923,-40.16786,118.0081,-0.03354295616717635,-0.05459444104655113,0.16039157322460074
-25.39294,-34.43904,97.71955,-0.03451300033978933,-0.046808073394495414,0.1328162419300034
-26.02098,-29.46084,79.50159,-0.03536660550458716,-0.04004191641182467,0.10805516819571864
-26.6324,-25.06609,63.31513,-0.03619762147468569,-0.03406875976894325,0.08605522256201156
0.0,0.0,0.0,0.0,0.0,0.0
0.0,0.0,0.0,0.0,0.0,0.0
0.0,0.0,0.0,0.0,0.0,0.0
0.0,0.0,0.0,0.0,0.0,0.0
0.0,0.0,0.0,0.0,0.0,0.0
0.0,0.0,0.0,0.0,0.0,0.0
0.0,0.0,0.0,0.0,0.0,0.0
0.0,0.0,0.0,0.0,0.0,0.0
0.0,0.0,0.0,0.0,0.0,0.0
0.0,0.0,0.0,0.0,0.0,0.0
0.0,0.0,0.0,0.0,0.0,0.0
0.0,0.0,0.0,0.0,0.0,0.0
0.0,0.0,0.0,0.0,0.0,0.0
0.0,0.0,0.0,0.0,0.0,0.0
-30.67944,36.59928,114.1355,-0.041698185524974514,0.04974417940876656,0.15512810057764184
-34.95266,42.95362,240.7818,-0.04750616377845736,0.05838072714916752,0.3272603465851172
-36.74598,43.33381,401.8855,-0.04994356778797146,0.05889746517159361,0.5462256201155283
-34.29846,38.56971,583.2879,-0.04661700305810398,0.05242230377166157,0.7927800203873598
-26.76529,32.14743,766.1648,-0.036378239891267414,0.04369341488277268,1.0413384981311586
-14.83081,29.2923,931.5516,-0.0201574040095141,0.03981284403669725,1.2661251783893985
-0.8234861,35.07812,1065.075,-0.0011192471627590893,0.047676683656133194,1.447604485219164
11.86627,52.32201,1160.274,0.01612812776078831,0.07111384301732926,1.5769949031600405
19.91238,80.22826,1219.439,0.027064057084607542,0.10904282704723073,1.6574094461433913
21.25332,114.4354,1251.866,0.028886605504587153,0.15553571185864765,1.7014828406388038
15.82898,148.448,1270.345,0.021514074074074074,0.2017641862045532,1.7265987088005437
5.532044,175.7771,1287.2,0.007518918110771322,0.23890873258579678,1.7495073054706083
-6.581159,191.8617,1311.197,-0.008944830445124024,0.26077023445463815,1.7821230037376825
-17.44905,195.0874,1346.084,-0.02371600407747197,0.26515446822969757,1.8295399252463473
-25.02098,186.7133,1390.88,-0.03400744818212708,0.2537727488956847,1.890424736663269
-28.71793,169.9727,1441.403,-0.039032184845395855,0.23101963982330956,1.9590934420659192
-29.21674,148.8264,1492.257,-0.03971014610941217,0.20227849133537207,2.028212028542304
-27.77971,126.8257,1538.549,-0.03775699626231736,0.1723760788311247,2.0911301393136257
-25.55238,106.3749,1576.916,-0.034729704383282364,0.1445802242609582,2.1432769283044513
-23.19181,88.49637,1605.774,-0.03152131838260279,0.12028048929663608,2.1824994903160038
-20.91423,73.05816,1624.971,-0.02842572884811417,0.09929753312945974,2.20859123343527
-18.77107,59.30231,1635.15,-0.02551283724091064,0.08060116887529731,2.2224260958205915
-16.87523,46.42539,1637.139,-0.022936092422697923,0.06309940876656472,2.2251294597349642
-15.43087,33.96937,1631.561,-0.020972979952429496,0.046169717974855584,2.217548080190282
-14.62119,21.90915,1618.733,-0.01987249745158002,0.029777981651376146,2.2001128100577643
-14.50076,10.49349,1598.783,-0.019708814135236154,0.014262303771661568,2.1729976214746856
-14.971,-0.00755014,1571.848,-0.02034794427454978,-1.026182806659871e-05,2.1363887189942234
-15.80357,-9.513793,1538.257,-0.021479537886510365,-0.012930741420319402,2.090733265375467
-16.64647,-18.23701,1498.616,-0.02262517159361196,-0.02478696568127761,2.0368549099558275
-17.01323,-26.6529,1453.812,-0.023123656133197418,-0.036225484199796126,1.975959225280326
-16.32506,-35.35574,1404.925,-0.02218832483860007,-0.048054012911994556,1.9095141012572205
-14.06456,-44.84619,1353.126,-0.01911594971117907,-0.06095302752293578,1.8391111111111111
-10.01698,-55.32387,1299.578,-0.01361465171593612,-0.07519384301732926,1.766330954808019
-4.485234,-66.55492,1245.353,-0.0060961386340468915,-0.09045860686374448,1.6926306489976215
1.665772,-77.87178,1191.318,0.0022640462113489635,-0.10584,1.6191885830784913
7.222688,-88.33568,1138.018,0.009816769283044513,-0.12006208630648997,1.5467454977913695
11.05457,-97.03356,1085.568,0.015024899762147468,-0.131883873598369,1.4754576962283383
12.58154,-103.4056,1033.63,0.01710029221882433,-0.14054447842337753,1.4048657832144071
12.03911,-107.4599,981.5186,0.016363044512402312,-0.1460549099558274,1.3340381923207612
10.37671,-109.7605,928.4198,0.01410358137954468,-0.14918178729187903,1.261868569486918
8.825405,-111.1782,873.677,0.011995113829425755,-0.15110866462793068,1.1874644920149509
8.351812,-112.5159,817.0481,0.011351426435609923,-0.15292680937818554,1.1104969079170914
9.258967,-114.185,758.8663,0.012584392796466191,-0.15519537886510365,1.031418688413184
11.09258,-116.0648,700.0408,0.015076561331974176,-0.1577503227998641,0.9514655793408087
12.85801,-117.5797,641.8702,0.017476058443764864,-0.15980931022765885,0.8724025823989127
13.43686,-117.9442,585.7206,0.01826280665987088,-0.16030472307169555,0.7960864424057085
12.03808,-116.4768,532.6936,0.016361644580360178,-0.15831029561671764,0.724014407067618
8.517805,-112.8625,483.4015,0.011577037037037037,-0.1533978933061502,0.6570186884131838
3.44878,-107.2683,437.9078,0.0046874345905538566,-0.14579449541284403,0.5951855929323819
-2.082771,-100.2835,395.8264,-0.0028308134556574924,-0.1363010533469249,0.5379903499830105
-6.860645,-92.72189,356.5404,-0.0093246958885491,-0.12602363574583758,0.484594495412844
-9.941423,-85.37005,319.461,-0.013511957866123005,-0.11603132857628272,0.43419775739041794
-10.93017,-78.77382,284.2382,-0.014855820591233436,-0.10706601427115188,0.3863244308528712
-10.05748,-73.13663,250.8458,-0.013669697587495753,-0.09940418620455317,0.3409389058783554
-8.065671,-68.35014,219.5218,-0.010962515800203874,-0.09289859327217125,0.2983646619096161
-5.963101,-64.11864,190.6014,-0.008104792388718994,-0.08714731906218144,0.25905728848114173
-4.728425,-60.10341,164.3289,-0.006426673462453279,-0.08168998980632007,0.2233488277268094
-5.046856,-56.0207,140.7309,-0.006859471287801563,-0.07614094461433911,0.19127543323139654
-7.141271,-51.66827,119.5997,-0.00970611077132178,-0.0702253075093442,0.1625548080190282
-10.72885,-46.90472,100.5933,-0.014582195039075773,-0.06375089364593951,0.13672212028542305
-15.0998,-41.63193,83.40501,-0.020523003737682635,-0.056584342507645255,0.11336053007135577
-19.29372,-35.81931,67.93064,-0.026223200815494393,-0.04868407747196738,0.09232842677539925
-22.34391,-29.57142,54.35083,-0.03036888888888889,-0.040192212028542305,0.0738713285762827
0.0,0.0,0.0,0.0,0.0,0.0
0.0,0.0,0.0,0.0,0.0,0.0
0.0,0.0,0.0,0.0,0.0,0.0
0.0,0.0,0.0,0.0,0.0,0.0
0.0,0.0,0.0,0.0,0.0,0.0
0.0,0.0,0.0,0.0,0.0,0.0
0.0,0.0,0.0,0.0,0.0,0.0
0.0,0.0,0.0,0.0,0.0,0.0
0.0,0.0,0.0,0.0,0.0,0.0
0.0,0.0,0.0,0.0,0.0,0.0
0.0,0.0,0.0,0.0,0.0,0.0
0.0,0.0,0.0,0.0,0.0,0.0
0.986588,31.50449,58.85841,0.0013409283044512402,0.0428195582738702,0.07999783893985729
22.2336,41.16572,153.9339,0.03021896024464832,0.05595068977234115,0.2092203873598369
39.0206,46.68751,290.5109,0.053035134216785594,0.06345567108392797,0.39485001698946653
45.40105,47.66863,462.5479,0.06170716955487597,0.06478916751614,0.6286753652735304
38.23044,45.73233,656.1542,0.051961182466870544,0.062157431192660546,0.8918167855929323
18.84574,44.14721,851.8789,0.02561432551817873,0.060003003737682636,1.157837444784234
-6.95113,46.64599,1028.996,-0.0094476792388719,0.06339923887189942,1.3985674481821273
-30.84376,55.94034,1170.605,-0.04192152225620115,0.07603172273190621,1.591036357458376
-45.12289,72.6585,1267.826,-0.06132910635406048,0.09875433231396534,1.7231749915052668
-45.52238,95.19756,1321.536,-0.06187207611281006,0.1293884607543323,1.7961753312945974
-32.43694,120.4109,1341.131,-0.0440869045191981,0.1636573564390078,1.8228080190282026
-10.1027,144.6312,1340.999,-0.013731158681617398,0.19657655453618758,1.8226286102616378
15.58584,164.5636,1336.162,0.02118360856269113,0.22366782195039075,1.8160543662928985
39.36849,177.868,1338.497,0.05350797145769623,0.24175059463132856,1.8192279986408428
57.97838,183.4254,1354.531,0.07880173972137275,0.2493039755351682,1.8410207271491674
70.28124,181.3303,1385.076,0.0955232619775739,0.24645640502888208,1.8825361875637106
76.63655,172.6662,1426.394,0.10416112810057764,0.23468053007135575,1.9386938498131159
78.15153,159.1442,1472.232,0.1062202242609582,0.21630200475705064,2.000994903160041
76.22471,142.6919,1516.011,0.10360137274889569,0.19394074074074075,2.0604974515800203
72.35957,125.0691,1552.553,0.09834803941556236,0.16998858307849135,2.110163778457357
68.02206,107.5794,1578.956,0.09245268093781854,0.14621732925586137,2.1460496092422696
64.40059,90.94431,1594.594,0.08753053346924906,0.12360762487257901,2.1673041114509006
62.13429,75.36669,1600.47,0.0844502752293578,0.1024351885830785,2.175290519877676
61.19245,60.74191,1598.299,0.083170166496772,0.08255781175671084,2.172339789330615
61.01786,46.89827,1589.664,0.08293287121984369,0.06374212708120965,2.1606034658511724
60.86893,33.74798,1575.515,0.08273045191980971,0.04586881413523615,2.1413727488956846
60.16921,21.30676,1556.074,0.08177942235813795,0.028959238871899422,2.1149493713897383
58.68384,9.614829,1531.091,0.07976057084607543,0.013068065239551478,2.0809935440027183
56.46808,-1.369766,1500.254,0.0767490044172613,-0.0018617274889568469,2.039081209650017
53.68231,-11.82564,1463.588,0.0729627047230717,-0.016072905198776757,1.9892463472646957
50.43346,-22.02766,1421.66,0.06854700645599728,-0.02993905538566089,1.93225959904859
46.74288,-32.2424,1375.542,0.06353092762487259,-0.04382249405368672,1.869577981651376
42.6176,-42.62442,1326.587,0.05792402310567449,-0.05793329255861366,1.8030404349303433
38.12413,-53.15294,1276.112,0.05181669045191981,-0.072243207611281,1.734436969079171
33.38798,-63.62833,1225.092,0.04537951749915053,-0.08648091063540604,1.665092762487258
28.52786,-73.73877,1173.995,0.038773849813115865,-0.10022258919469929,1.5956439007815153
23.59612,-83.16845,1122.791,0.032070839279646615,-0.11303900781515461,1.5260496092422697
18.58723,-91.67755,1071.119,0.025262969758749577,-0.12460421338769963,1.4558192320761127
13.51706,-99.10614,1018.501,0.018371811077132177,-0.1347008358817533,1.3843030920829085
8.518253,-105.3228,964.5506,0.0115776459395175,-0.14315025484199798,1.3109760108732587
3.880205,-110.1801,909.1149,0.005273809038396194,-0.14975208970438328,1.2356301732925588
-0.01171469,-113.5232,852.3228,-1.592210669384981e-05,-0.15429588854909956,1.1584407747196739
-2.826687,-115.2509,794.5643,-0.0038419123343527016,-0.15664410465511383,1.0799378865103635
-4.455595,-115.3794,736.4273,-0.006055854570166497,-0.15681875637104994,1.0009205572545021
-5.097506,-114.0605,678.614,-0.006928312606184166,-0.15502616377845738,0.9223431872239212
-5.209256,-111.5406,621.8556,-0.007080198436969079,-0.1516012232415902,0.8451995922528033
-5.34019,-108.0917,566.8355,-0.0072581583418280665,-0.14691362555215767,0.7704186204553177
-5.935865,-103.954,514.1213,-0.008067774379884471,-0.1412898402990146,0.6987717295276928
-7.205491,-99.31137,464.1216,-0.009793395854570166,-0.1349797757390418,0.6308142711518858
-9.106532,-94.29659,417.0894,-0.012377209650016988,-0.12816390078151546,0.5668901121304791
-11.43221,-89.00909,373.1611,-0.01553817193340129,-0.12097735643900781,0.5071846415222562
-13.93646,-83.52819,332.4013,-0.018941841658171935,-0.11352795107033639,0.451785660890248
-16.42565,-77.91759,294.8226,-0.022325042473666328,-0.1059022629969419,0.40071029561671767
-18.78213,-72.22571,260.3789,-0.025527869520897042,-0.09816610261637786,0.35389588854909954
-20.93451,-66.49154,228.9405,-0.02845329255861366,-0.09037246347264696,0.31116615698267075
-22.82216,-60.76043,200.2709,-0.03101890587835542,-0.0825829833503228,0.2721996602106694
-24.3913,-55.10138,174.0281,-0.03315161399932042,-0.0748914441046551,0.23653156642881412
-25.61943,-49.60604,149.8146,-0.03482083588175332,-0.06742241250424737,0.20362161060142714
-26.53632,-44.35631,127.2895,-0.03606703363914373,-0.060287203533809036,0.17300645599728168
-27.21662,-39.37819,106.3221,-0.036991668365613316,-0.05352115528372409,0.14450846075433232
-27.75097,-34.62437,87.13082,-0.03771793408086986,-0.047059966021066935,0.11842449201495073
-28.22083,-30.01389,70.32347,-0.038356547740400954,-0.04079359836901121,0.09558065919130139
-28.68876,-25.51664,56.76921,-0.038992538226299694,-0.03468112810057764,0.07715828746177371
0.0,0.0,0.0,0.0,0.0,0.0
0.0,0.0,0.0,0.0,0.0,0.0
0.0,0.0,0.0,0.0,0.0,0.0
0.0,0.0,0.0,0.0,0.0,0.0
0.0,0.0,0.0,0.0,0.0,0.0
0.0,0.0,0.0,0.0,0.0,0.0
0.0,0.0,0.0,0.0,0.0,0.0
0.0,0.0,0.0,0.0,0.0,0.0
0.0,0.0,0.0,0.0,0.0,0.0
0.0,0.0,0.0,0.0,0.0,0.0
0.0,0.0,0.0,0.0,0.0,0.0
0.0,0.0,0.0,0.0,0.0,0.0
-21.57637,28.08896,82.07412,-0.029325681277607884,0.03817731566428814,0.11155164118246687
-21.82797,37.26136,205.3052,-0.029667645259938837,0.050644050288820935,0.27904206591913017
-20.84167,42.93848,369.4216,-0.028327108392796466,0.05836014950730547,0.5021020727149168
-17.4022,45.20011,560.0803,-0.023652327556914713,0.06143406048250085,0.7612372409106354
-10.5957,46.06179,756.4874,-0.014401223241590214,0.06260521916411825,1.0281853890587835
-0.3309738,48.99963,936.4219,-0.00044984546381243625,0.06659820591233435,1.272744682296976
12.30564,57.66971,1081.98,0.016725300713557593,0.078382208630649,1.4705810397553518
25.11212,74.32149,1184.042,0.03413132178049609,0.10101459734964321,1.6092993544002716
35.32707,98.64715,1243.929,0.04801504587155963,0.13407699626231737,1.6906952089704383
40.50333,127.6448,1271.842,0.05505039755351682,0.17348936459395176,1.7286333673122665
39.35516,156.5808,1282.872,0.05348985389058783,0.21281794087665648,1.7436248725790011
32.23336,180.5854,1292.146,0.04381020727149167,0.24544396873938157,1.7562296975874956
21.02802,196.1299,1310.735,0.028580387359836902,0.2665713897383622,1.781495073054706
8.52974,201.7951,1343.486,0.011593258579680599,0.274271287801563,1.8260088345225962
-2.4903,198.1846,1389.095,-0.003384709480122324,0.26936405028882093,1.8879986408426777
-10.09924,187.2593,1441.951,-0.013726455997281685,0.25451484879374786,1.9598382602786273
-13.6017,171.5175,1494.803,-0.018486850152905198,0.23311926605504588,2.0316724430852875
-13.43279,153.3329,1541.251,-0.018257274889568468,0.2084035338090384,2.0948025823989127
-10.71384,134.5535,1577.317,-0.014561794087665647,0.1828793747876317,2.1438219503907576
-6.755369,116.3383,1601.844,-0.009181609242269793,0.1581220523275569,2.177158002038736
-2.712424,99.18245,1615.883,-0.003686610941216446,0.13480455317703025,2.196239211688753
0.5766505,83.10202,1621.553,0.0007837587495752633,0.11294871899422358,2.203945633707102
2.647086,67.91831,1620.888,0.003597806320081549,0.09231166836561333,2.2030417940876657
3.418267,53.52135,1615.084,0.0046459626231736325,0.07274393476044852,2.1951532449881075
3.139206,39.99216,1604.306,0.004266674821610601,0.0543556371049949,2.180504247366633
2.238549,27.54709,1587.967,0.0030425402650356777,0.0374408290859667,2.1582969758749577
1.127327,16.36977,1565.231,0.0015322147468569487,0.022249092762487255,2.127395174991505
0.0735788,6.440511,1535.524,0.00010000516479782534,0.008753667686034658,2.087018688413184
-0.7687063,-2.548074,1498.859,-0.0010447927964661909,-0.003463233435270133,2.037185185185185
-1.221532,-11.14762,1455.929,-0.0016602541624193001,-0.015151369351002378,1.9788365613319743
-0.98075,-19.99398,1407.986,-0.0013329935440027183,-0.027174964322120285,1.913674481821271
0.3280689,-29.58876,1356.591,0.000445897247706422,-0.04021577981651376,1.8438205912334351
2.937848,-40.10308,1303.333,0.003992997621474686,-0.05450639483520217,1.7714345905538567
6.700338,-51.27497,1249.584,0.009106813455657493,-0.06969075093442066,1.69838124362895
10.98791,-62.44417,1196.318,0.014934298335032278,-0.08487145090044172,1.6259843696907916
14.83983,-72.73237,1143.992,0.02016966360856269,-0.09885473326537547,1.5548651036357457
17.31966,-81.32635,1092.529,0.023540142711518858,-0.1105353041114509,1.484918790349983
17.91874,-87.76636,1041.415,0.02435438668025824,-0.11928829085966701,1.4154468229697588
16.79393,-92.11548,989.9093,0.022825592932381924,-0.12519942915392457,1.3454424736663269
14.70509,-94.9198,937.324,0.01998653075093442,-0.1290109412164458,1.273970778117567
12.68085,-96.96261,883.2781,0.017235270132517837,-0.13178744138634046,1.2005138973836222
11.58543,-98.92666,827.8592,0.015746422018348624,-0.1344568943255182,1.1251908936459396
11.78878,-101.1276,771.6419,0.016022806659870877,-0.13744831804281346,1.0487827387020048
13.0593,-103.4284,715.5606,0.017749643221202854,-0.1405754672103296,0.9725594291539246
14.68662,-105.3392,660.6662,0.01996142711518858,-0.14317254502208632,0.8979493034318723
15.76595,-106.2347,607.843,0.021428406388039417,-0.1443896704043493,0.8261542643560992
15.53923,-105.5972,557.5992,0.021120258239891266,-0.143523207611281,0.7578650356778797
13.6752,-103.2043,510.0108,0.018586748216106015,-0.1402708800543663,0.6931849133537207
10.38513,-99.20053,464.8193,0.014115025484199796,-0.1348291267414203,0.6317625552157662
6.331996,-94.04015,421.6253,0.008606178729187904,-0.1278153584777438,0.5730551138294258
2.381522,-88.33042,380.1031,0.003236863064899762,-0.12005493713897385,0.5166199116547741
-0.6935951,-82.6407,340.1691,-0.0009427048589874278,-0.11232171253822629,0.46234332313965343
-2.446116,-77.34802,302.0494,-0.0033246564729867483,-0.10512812776078832,0.41053265375467207
-2.86249,-72.57276,266.2146,-0.0038905742439687397,-0.09863779816513762,0.36182752293577986
-2.33835,-68.21752,233.205,-0.003178185524974516,-0.09271834182806658,0.31696228338430177
-1.54614,-64.07403,203.4167,-0.00210144750254842,-0.0870866870540265,0.2764752973156643
-1.238175,-59.93418,176.9351,-0.001682874617737003,-0.08145997961264016,0.2404826367652056
-2.037749,-55.65197,153.4805,-0.0027696214746856947,-0.0756397825348284,0.20860414542983352
-4.27064,-51.14237,132.4852,-0.005804471627590894,-0.06951052667346246,0.18006822969758748
-7.874533,-46.34283,113.2756,-0.0107027291879035,-0.06298719673802243,0.15395936119605844
-12.39984,-41.18058,95.30353,-0.01685333333333333,-0.055970886850152904,0.1295324906557934
-17.0974,-35.58351,78.35814,-0.023238056405028882,-0.04836358817533129,0.10650103975535169
-21.08222,-29.54618,62.68484,-0.028654053686714236,-0.04015790689772341,0.08519855929323819
0.0,0.0,0.0,0.0,0.0,0.0
0.0,0.0,0.0,0.0,0.0,0.0
0.0,0.0,0.0,0.0,0.0,0.0
0.0,0.0,0.0,0.0,0.0,0.0
0.0,0.0,0.0,0.0,0.0,0.0
0.0,0.0,0.0,0.0,0.0,0.0
0.0,0.0,0.0,0.0,0.0,0.0
0.0,0.0,0.0,0.0,0.0,0.0
0.0,0.0,0.0,0.0,0.0,0.0
0.0,0.0,0.0,0.0,0.0,0.0
0.0,0.0,0.0,0.0,0.0,0.0
0.0,0.0,0.0,0.0,0.0,0.0
0.0,0.0,0.0,0.0,0.0,0.0
6.749613,25.32241,88.53718,0.009173785932721713,0.03441713897383623,0.12033595650696569
24.68009,31.93935,206.6431,0.033544125042473664,0.04341060142711519,0.2808604825008495
36.26327,34.88239,365.0504,0.04928748895684675,0.047410655793408085,0.4961609242269793
36.86358,34.30802,551.9223,0.05010340468909276,0.04662999660210669,0.750149235474006
25.21052,32.23811,748.3253,0.03426506286102616,0.043816663268773356,1.017091811077132
4.409441,32.06045,932.3203,0.005993124023105674,0.04357519537886511,1.2671699626231736
-18.8513,37.30042,1084.398,-0.025621882432891607,0.05069713897383622,1.47386748216106
-36.74123,50.19405,1192.485,-0.04993711179068978,0.0682216106014271,1.620774719673802
-43.2928,70.7623,1254.704,-0.05884172612979952,0.09617709819911655,1.7053401291199455
-36.50013,96.78006,1278.929,-0.04960941896024464,0.13153932721712538,1.738265715256541
-18.54233,124.5034,1279.536,-0.02520194359497112,0.16921970778117568,1.7390907237512743
5.747315,149.7303,1272.766,0.007811505266734625,0.20350703363914374,1.7298892286782197
31.11702,168.825,1272.332,0.04229292558613659,0.2294597349643221,1.729299354400272
53.60977,179.4681,1286.529,0.07286411145090044,0.24392538226299693,1.7485953109072374
71.11852,180.9882,1317.388,0.09666125722052328,0.24599143730886852,1.790537546721033
83.00231,174.2491,1361.643,0.11281319741760108,0.23683194019707782,1.8506870540265037
89.45342,161.2047,1412.835,0.12158127081209649,0.21910254841997961,1.9202650356778799
91.14353,144.2912,1463.701,0.12387839619435949,0.19611444104655115,1.9893999320421338
89.18063,125.8259,1508.193,0.12121050628610261,0.17101719334012913,2.0498715596330275
85.06685,107.5501,1542.64,0.11561923207611281,0.1461775059463133,2.0966904519198097
80.40447,90.42057,1565.936,0.10928232415902141,0.12289577981651376,2.1283533809038393
76.41547,74.67087,1578.95,0.10386064559972817,0.10148945973496432,2.1460414542983353
73.58442,60.07549,1583.528,0.10001280326197756,0.081652042133877,2.1522636765205574
71.68142,46.27585,1581.496,0.09742632687733606,0.06289616038056405,2.1495018688413183
70.13467,33.02454,1573.984,0.09532405028882093,0.04488554536187564,2.139291879034998
68.47168,20.27361,1561.225,0.09306378525314306,0.0275550254841998,2.12195039075773
66.53717,8.120497,1542.772,0.09043448182127081,0.01103703295956507,2.0968698606863745
64.39815,-3.32391,1517.988,0.08752721712538226,-0.004517716615698267,2.063184505606524
62.08472,-14.06008,1486.575,0.08438290180088345,-0.019109860686374446,2.020489296636086
59.4146,-24.2449,1448.924,0.08075378865103636,-0.032952633367312266,1.9693156642881413
56.05289,-34.14363,1406.152,0.07618469588854909,-0.04640656472986748,1.911181787291879
51.75287,-44.0347,1359.866,0.07034029221882433,-0.059850084947332655,1.848271831464492
46.57595,-54.11253,1311.756,0.06330404349303431,-0.07354744138634046,1.782882772680938
40.90833,-64.41048,1263.178,0.05560085626911315,-0.08754397553516821,1.7168576282704724
35.25418,-74.77027,1214.879,0.047915976894325515,-0.10162455997281684,1.651211688752973
29.95433,-84.87691,1166.952,0.04071264695888549,-0.11536107373428474,1.5860713557594293
25.02593,-94.33716,1119.008,0.034014176010873254,-0.12821904179408766,1.5209079170914033
20.2216,-102.7566,1070.452,0.027484335711858647,-0.13966238532110092,1.454912674142032
15.25277,-109.7964,1020.751,0.020730914033299356,-0.14923058103975537,1.3873611960584438
10.02659,-115.2173,969.6023,0.013627713217804961,-0.15659843696907916,1.3178420659191301
4.75678,-118.9178,916.9702,0.006465212368331634,-0.16162799864084268,1.2463067618076793
-0.1072489,-120.9543,863.0505,-0.0001457681277607883,-0.16439592252803262,1.1730214067278288
-4.089053,-121.5167,808.2159,-0.005557666326877336,-0.16516031260618416,1.0984925586136596
-6.917447,-120.8526,752.9624,-0.009401898742779477,-0.1642576962283384,1.0233943594971118
-8.658744,-119.1769,697.8457,-0.011768595310907239,-0.1619801563030921,0.9484820931022765
-9.681056,-116.6313,643.4089,-0.013158078151546041,-0.1585202854230377,0.8744939177709821
-10.47524,-113.3088,590.1246,-0.014237499150526673,-0.15400448521916413,0.8020721712538226
-11.43817,-109.3014,538.3738,-0.015546272511043152,-0.14855779816513762,0.7317346924906557
-12.74307,-104.7178,488.4722,-0.017319836901121304,-0.1423279646619096,0.6639105674481821
-14.35598,-99.66148,440.7173,-0.019512035338090386,-0.1354556303092083,0.5990041454298335
-16.15074,-94.19778,395.4093,-0.021951396534148827,-0.12802960244648318,0.5374234454638124
-18.01431,-88.35042,352.8201,-0.024484281345565746,-0.12008212028542303,0.47953802242609583
-19.86856,-82.13872,313.132,-0.02700449881073734,-0.1116394427454978,0.42559565069656813
-21.62336,-75.6285,276.3817,-0.029389548080190283,-0.10279102956167177,0.3756462113489637
-23.13799,-68.9557,242.4319,-0.031448168535507984,-0.09372164458036017,0.3295030920829086
-24.25303,-62.30655,210.9922,-0.03296368331634387,-0.08468440366972477,0.2867715936119606
-24.88149,-55.87128,181.7177,-0.03381785932721713,-0.07593785932721712,0.24698294257560313
-25.08805,-49.79686,154.3837,-0.034098606863744475,-0.0676817669045192,0.20983173632347946
-25.09256,-44.15429,129.0756,-0.03410473666326877,-0.06001262657152566,0.17543404689092765
-25.19335,-38.92932,106.2881,-0.034241726129799525,-0.05291107033639143,0.14446224940536867
-25.65562,-34.04839,86.8396,-0.03487002378525314,-0.04627711858647638,0.11802867821950391
-26.61266,-29.44309,71.57655,-0.03617079170914034,-0.040017791369351005,0.09728379204892966
-28.00029,-25.13002,60.93066,-0.03805679918450561,-0.034155650696568125,0.08281435270132519
-29.52631,-21.25705,54.46641,-0.040130900441726125,-0.02889167516139993,0.07402841997961264
-30.68623,-18.06578,50.60251,-0.041707414203194015,-0.02455423717295277,0.06877677200135916
0.0,0.0,0.0,0.0,0.0,0.0
0.0,0.0,0.0,0.0,0.0,0.0
0.0,0.0,0.0,0.0,0.0,0.0
0.0,0.0,0.0,0.0,0.0,0.0
0.0,0.0,0.0,0.0,0.0,0.0
0.0,0.0,0.0,0.0,0.0,0.0
0.0,0.0,0.0,0.0,0.0,0.0
0.0,0.0,0.0,0.0,0.0,0.0
-19.39707,18.08534,58.04032,-0.026363669724770642,0.024580822290180087,0.07888592592592593
-25.74332,26.46715,161.1412,-0.03498922188243289,0.03597302072714917,0.2190162419300034
-30.79581,32.82214,302.4695,-0.04185635066258919,0.04461045191980972,0.4111036357458376
-31.86645,36.63713,470.9878,-0.04331151885830785,0.04979562351342168,0.6401465171593612
-27.06202,38.73558,649.5496,-0.03678154264356099,0.05264774719673802,0.8828400951410127
-16.09111,41.32336,818.9016,-0.021870349983010535,0.05616494733265376,1.1130161060142711
-0.623338,47.38787,962.4984,-0.000847214407067618,0.06440757050628611,1.308186748216106
16.02158,59.56498,1070.51,0.021775847774379884,0.0809581787291879,1.4549915052667346
29.8323,78.91667,1141.679,0.040546788990825686,0.1072601698946653,1.5517213727488959
37.38995,104.2063,1182.557,0.050818824328916073,0.1416327556914713,1.6072810057764186
36.98991,132.0701,1204.592,0.050275107033639146,0.1795040434930343,1.6372300373768265
29.17383,158.0346,1220.271,0.0396518246687054,0.21479388379204895,1.6585402650356778
16.4804,177.9031,1239.637,0.022399456337071015,0.24179830105334693,1.6848617057424395
2.521176,188.9147,1268.218,0.0034266748216106014,0.2567647978253483,1.7237077811756711
-9.257436,190.2828,1306.698,-0.012582311926605505,0.2586242609582059,1.7760081549439348
-16.6445,183.0545,1352.067,-0.022622494053686715,0.24879986408426774,1.837671763506626
-19.15541,169.4982,1399.531,-0.02603521576622494,0.23037471967380224,1.9021828066598707
-17.79849,152.324,1444.383,-0.024190948012232417,0.20703227998640844,1.9631437308868502
-14.32061,133.9885,1483.265,-0.01946396194359497,0.1821114509004417,2.015990485898743
-10.3639,116.2264,1514.597,-0.014086170574243967,0.15796996262317364,2.058575603126062
-6.934744,99.87487,1538.281,-0.009425408086986069,0.13574566089024806,2.0907658851512063
-4.328991,84.99816,1555.011,-0.0058837798165137616,0.11552587155963302,2.1135045871559632
-2.373617,71.23227,1565.542,-0.003226118926265715,0.0968158613659531,2.1278178729187904
-0.7352233,58.17614,1570.221,-0.0009992841318382604,0.07907052667346245,2.134177370030581
0.8664537,45.6531,1568.881,0.001177646890927625,0.06204974515800204,2.1323560992184847
2.555302,33.76059,1561.036,0.0034730574243968743,0.045885953109072376,2.1216935100237855
4.26101,22.74657,1546.209,0.005791382942575603,0.03091616717635066,2.1015412844036696
5.741757,12.81519,1524.216,0.007803951070336391,0.017417859327217126,2.0716493374108054
6.69795,3.956894,1495.32,0.009103567787971457,0.005378041454298335,2.0323751274209987
6.966244,-4.134829,1460.211,0.009468221542643561,-0.005619883112470268,1.9846564729867482
6.702639,-12.02841,1419.885,0.009109940876656472,-0.016348501529051988,1.9298470948012232
6.431731,-20.40505,1375.467,0.008741734284743459,-0.02773367312266395,1.8694760448521919
6.895631,-29.8395,1328.071,0.009372247366632688,-0.0405565749235474,1.8050574243968738
8.742996,-40.58003,1278.728,0.011883107033639144,-0.05515464492014951,1.7379925246347265
12.19295,-52.39912,1228.349,0.016572137274889567,-0.07121864763846415,1.6695195378865102
16.84359,-64.57839,1177.692,0.02289308868501529,-0.08777219164118247,1.6006687054026503
21.74738,-76.06984,1127.289,0.02955811077132178,-0.1033908800543663,1.5321630988786952
25.7549,-85.81442,1077.376,0.03500496092422698,-0.11663529731566429,1.4643234794427455
27.98286,-93.10588,1027.857,0.03803310907237513,-0.12654553856608902,1.397019367991845
28.17489,-97.83157,978.3569,0.03829410805300714,-0.13296849473326539,1.3297409446143391
26.76746,-100.4639,928.3535,0.036381189262657154,-0.1365462453278967,1.261778457356439
24.63453,-101.8107,877.3612,0.03348220183486239,-0.13837675840978592,1.1924718994223582
22.66241,-102.6677,825.104,0.030801780496092425,-0.1395415562351342,1.1214461433910976
21.38162,-103.5477,771.6294,0.029060985389058786,-0.1407376146788991,1.048765749235474
20.81744,-104.5789,717.3327,0.02829417601087326,-0.14213917770981993,0.9749679918450561
20.58218,-105.5532,662.8876,0.027974420659191302,-0.14346340468909277,0.9009685355079851
20.11799,-106.0588,609.1044,0.027343513421678557,-0.1441505946313286,0.8278687054026505
18.95933,-105.6447,556.7707,0.02576871219843697,-0.14358776758409786,0.7567389738362216
16.91,-103.9753,506.5295,0.022983350322799863,-0.14131879034998301,0.6884532789670404
14.08681,-100.936,458.8207,0.019146190961603804,-0.13718790349983012,0.6236095141012572
10.8422,-96.66142,413.8873,0.014736255521576622,-0.13137807679238872,0.5625379544682296
7.622148,-91.48211,371.8267,0.010359698267074413,-0.12433857968059804,0.5053709819911655
4.824865,-85.81497,332.6623,0.006557750594631329,-0.11663604485219164,0.45214040095141017
2.701112,-80.0442,296.3982,0.0036712361535847777,-0.10879266055045872,0.4028517838939857
1.303902,-74.43963,263.0362,0.0017722079510703362,-0.10117516819571865,0.3575075773020727
0.4818573,-69.13433,232.5507,0.000654919877675841,-0.09396443085287123,0.3160729867482161
-0.08494145,-64.15006,204.8454,-0.00011544879374787632,-0.08719002378525313,0.278417125382263
-0.8075401,-59.43964,179.7245,-0.001097574040095141,-0.08078782195039075,0.24427387020047572
-2.079395,-54.91661,156.8977,-0.002826224940536867,-0.07464031260618416,0.21324865783214406
-4.15768,-50.46138,136.0245,-0.005650941216445804,-0.06858495412844036,0.18487869520897043
-7.06473,-45.91961,116.7933,-0.009602079510703364,-0.062411974176010875,0.15874046890927626
-10.54339,-41.12175,99.02325,-0.014330125722052328,-0.05589092762487258,0.1345881753312946
-14.09459,-35.93935,82.75604,-0.019156765205572544,-0.048847230716955486,0.11247847774379885
-17.10671,-30.36482,68.28879,-0.023250710159700986,-0.04127056744818213,0.09281520897043834
-19.05376,-24.57731,56.09808,-0.025897057424396873,-0.033404430852871224,0.07624611620795108
0.0,0.0,0.0,0.0,0.0,0.0
0.0,0.0,0.0,0.0,0.0,0.0
0.0,0.0,0.0,0.0,0.0,0.0
0.0,0.0,0.0,0.0,0.0,0.0
0.0,0.0,0.0,0.0,0.0,0.0
0.0,0.0,0.0,0.0,0.0,0.0
0.0,0.0,0.0,0.0,0.0,0.0
0.0,0.0,0.0,0.0,0.0,0.0
0.0,0.0,0.0,0.0,0.0,0.0
0.0,0.0,0.0,0.0,0.0,0.0
0.0,0.0,0.0,0.0,0.0,0.0
0.0,0.0,0.0,0.0,0.0,0.0
16.38158,35.18319,123.6337,0.02226514441046551,0.04781949031600408,0.16803764865783216
28.32107,40.25566,248.553,0.03849278967040435,0.05471377505946313,0.337822629969419
31.69869,41.21203,410.5483,0.04308350662589194,0.05601363234794427,0.5579997281685355
24.22638,39.13907,596.2943,0.0329274617737003,0.05319615358477743,0.8104577641862046
7.214039,36.74637,786.0194,0.009805013931362554,0.04994409785932721,1.0683240231056745
-14.49497,37.44906,958.0504,-0.01970094461433911,0.050899164118246694,1.3021412164458035
-34.11911,44.04839,1094.474,-0.04637323819232076,0.05986869181107713,1.4875623513421679
-45.43091,57.64733,1185.88,-0.061747753992524634,0.07835179068977234,1.6117974855589536
-44.98088,77.28568,1233.377,-0.06113609242269793,0.10504339789330615,1.6763533809038396
-33.01326,100.322,1247.25,-0.04487021406727829,0.1363533809038396,1.6952089704383282
-12.78597,123.2456,1243.067,-0.017378144750254843,0.16751015970098537,1.6895236153584778
11.12083,142.5785,1236.837,0.015114957526333673,0.19378661230037375,1.6810560652395514
34.5009,155.6494,1240.893,0.0468921508664628,0.2115520217465172,1.6865688073394496
54.45813,161.0826,1261.569,0.07401716615698267,0.21893659531090726,1.714670744138634
69.46974,158.9048,1298.963,0.09442030581039755,0.21597662249405367,1.765495073054706
79.01053,150.2935,1348.389,0.10738774040095142,0.20427251104315325,1.8326727828746177
83.24431,137.1032,1402.71,0.11314211348963642,0.1863448182127081,1.9065035677879716
82.95843,121.344,1454.756,0.11275355759429155,0.1649255861365953,1.9772422697927285
79.55365,104.7453,1499.116,0.10812592592592593,0.14236534148827726,2.0375344886170574
74.81624,88.48818,1532.97,0.10168704043493033,0.12026935779816514,2.083547400611621
70.41956,73.14211,1555.947,0.09571126061841659,0.09941163438668026,2.1147767584097856
67.3945,58.78718,1569.317,0.0915997281685355,0.07990102616377846,2.132948691811077
65.89927,45.24937,1574.933,0.08956747536527353,0.06150101257220523,2.140581719334013
65.42911,32.34156,1574.316,0.08892845395854569,0.04395726809378186,2.139743119266055
65.30211,20.02476,1568.158,0.08875584097859326,0.02721679918450561,2.1313734284743457
65.0865,8.448789,1556.286,0.08846279306829766,0.011483233435270131,2.1152375127421
64.7131,-2.12553,1538.03,0.08795528372409106,-0.0028889296636085628,2.0904247366632687
64.26612,-11.47347,1512.772,0.08734776758409786,-0.015594250764525995,2.0560951410125723
63.67606,-19.54027,1480.446,0.08654578321440706,-0.026558301053346924,2.0121590214067275
62.58595,-26.50147,1441.777,0.08506415222562011,-0.036019667006456,1.9596017669045191
60.50348,-32.75139,1398.209,0.08223374787631668,-0.044514291539245666,1.9003860006795787
57.12076,-38.84571,1351.568,0.07763609921848454,-0.052797431192660546,1.8369935440027183
52.55652,-45.40127,1303.599,0.07143257900101936,-0.06170746856948691,1.7717961264016309
47.33589,-52.95228,1255.568,0.06433692150866463,-0.07197047910295618,1.7065144410465511
42.11109,-61.79284,1208.072,0.057235596330275224,-0.0839861909616038,1.6419599048589872
37.30071,-71.86026,1161.092,0.05069753312945974,-0.09766939857288481,1.5781066938498132
32.87282,-82.70906,1114.227,0.04467933401291199,-0.11241462453278966,1.514409785932722
28.40145,-93.59655,1066.958,0.03860203873598369,-0.1272124362895005,1.4501637784573564
23.35553,-103.6604,1018.841,0.03174383961943595,-0.14089079170914032,1.384765205572545
17.44439,-112.1311,969.5756,0.023709670404349303,-0.1524038056405029,1.3178057764186204
10.8249,-118.5111,918.9741,0.014712742099898063,-0.16107522935779817,1.249030377166157
4.064005,-122.6566,866.9191,0.005523622154264356,-0.1667096160380564,1.1782794427454977
-2.112408,-124.7229,813.3835,-0.002871094801223241,-0.16951804281345564,1.1055161399932043
-7.138933,-124.9934,758.493,-0.009702933061501868,-0.1698856948691811,1.0309113149847096
-10.82241,-123.7049,702.5698,-0.014709357798165137,-0.1681344206591913,0.9549028882093102
-13.34252,-120.9934,646.1174,-0.01813458375807,-0.1644490655793408,0.878175195378865
-15.07293,-116.9759,589.7605,-0.020486483180428134,-0.15898865103635745,0.8015773020727149
-16.36361,-111.8674,534.174,-0.022240720353380906,-0.15204539585457016,0.726026503567788
-17.42741,-106.0154,480.0288,-0.023686591913013928,-0.1440916072035338,0.6524346585117227
-18.36924,-99.82121,427.9468,-0.024966687054026507,-0.13567272850832482,0.5816470268433571
-19.27467,-93.60754,378.4447,-0.02619730886850153,-0.12722737342847434,0.5143658851512063
-20.24339,-87.52084,331.8754,-0.027513951749915055,-0.11895459055385661,0.4510708800543663
-21.33276,-81.52193,288.4036,-0.028994576962283386,-0.11080112810057764,0.3919858647638464
-22.48064,-75.45493,248.0379,-0.030554726469588855,-0.10255512062521237,0.3371225280326198
-23.50334,-69.14395,210.7119,-0.031944736663268775,-0.0939775059463133,0.28639062181447505
-24.19478,-62.47037,176.3975,-0.03288451240231057,-0.08490706082229019,0.23975195378865105
-24.46155,-55.41163,145.2367,-0.03324709480122324,-0.07531312266394835,0.19739952429493715
-24.39756,-48.04976,117.6356,-0.03316012232415902,-0.0653071831464492,0.15988528712198435
-24.25124,-40.56872,94.23388,-0.03296125042473666,-0.055139272850832484,0.128078668025824
-24.30993,-33.25222,75.67501,-0.03304101936799185,-0.04519499830105335,0.10285424396873938
-24.76204,-26.47349,62.20743,-0.033655507985049266,-0.03598163778457357,0.08454968399592253
-25.59047,-20.64911,53.25722,-0.03478147468569487,-0.028065389058783554,0.07238494053686714
0.0,0.0,0.0,0.0,0.0,0.0
0.0,0.0,0.0,0.0,0.0,0.0
0.0,0.0,0.0,0.0,0.0,0.0
0.0,0.0,0.0,0.0,0.0,0.0
0.0,0.0,0.0,0.0,0.0,0.0
0.0,0.0,0.0,0.0,0.0,0.0
0.0,0.0,0.0,0.0,0.0,0.0
0.0,0.0,0.0,0.0,0.0,0.0
0.0,0.0,0.0,0.0,0.0,0.0
-22.44657,22.15974,67.39963,-0.030508419979612643,0.030118572884811415,0.09160670064559973
-27.55514,26.32457,163.7558,-0.03745177030241251,0.03577923207611281,0.2225698946653075
-31.68117,26.44741,290.613,-0.04305969418960245,0.035946190961603806,0.3949887869520897
-32.32259,22.83316,436.9107,-0.04393148487937479,0.03103385660890248,0.593830377166157
-27.62009,17.61913,587.3742,-0.03754004757050629,0.023947169554875976,0.7983339449541283
-17.26167,14.42545,726.3041,-0.023461325178389395,0.019606455997281686,0.9871615358477743
-2.870666,17.29453,841.5714,-0.003901686714237173,0.02350598708800544,1.1438279306829766
12.38311,29.22096,927.4629,0.016830594631328577,0.03971588175331295,1.260567991845056
24.83673,50.84526,985.5004,0.03375702344546381,0.06910670744138635,1.3394500849473328
31.58616,79.9351,1023.133,0.04293056065239551,0.10864437648657833,1.3905987088005438
31.39804,111.9661,1050.889,0.04267487597689433,0.15217954468229697,1.4283234794427453
24.96919,141.5497,1079.024,0.03393705742439688,0.19238831124702685,1.4665633707101595
14.53922,164.0431,1114.781,0.01976108732585797,0.2229603805640503,1.5151627590893646
3.084706,176.6976,1161.024,0.004192600747536528,0.2401598369011213,1.5780142711518856
-6.594,179.0305,1216.403,-0.008962283384301733,0.2433306150186884,1.6532830445124023
-12.60094,172.4592,1276.686,-0.017126659870880055,0.23439918450560654,1.7352171253822628
-14.28545,159.4848,1336.627,-0.019416173972137275,0.21676493374108055,1.8166863744478423
-12.14829,142.8193,1391.649,-0.0165114373088685,0.19411389738362214,1.8914699286442405
-7.435828,124.7557,1438.842,-0.010106460074753652,0.16956262317363235,1.955612640163099
-1.64321,106.8661,1477.143,-0.0022333809038396196,0.1452478423377506,2.007669724770642
3.879196,89.96124,1506.895,0.005272437648657832,0.12227147808358818,2.0481073734284743
8.143027,74.2408,1529.129,0.011067654774040096,0.1009049269452939,2.0783268773360515
10.60666,59.56396,1544.868,0.014416119605844376,0.080956792388719,2.0997186544342505
11.19608,45.7262,1554.693,0.015217234114848793,0.06214909955827387,2.113072375127421
10.26889,32.62764,1558.669,0.013957037037037039,0.044346095820591236,2.1184763846415224
8.472801,20.30517,1556.531,0.011515869520897044,0.027597920489296636,2.1155705062861023
6.490088,8.877379,1547.98,0.008821050628610261,0.012065754672103295,2.1039483520217463
4.769577,-1.548714,1532.92,0.006482605504587156,-0.002104945973496432,2.0834794427454977
3.40353,-10.98094,1511.578,0.004625932721712538,-0.014924825008494734,2.0544723071695548
2.228252,-19.61824,1484.487,0.0030285450220863064,-0.026664274549779137,2.017651376146789
1.07599,-27.85629,1452.362,0.0014624396873938158,-0.03786108053007136,1.9739884471627591
0.008839112,-36.21284,1415.946,1.2013743798844715e-05,-0.049218946653075094,1.924493374108053
-0.6085381,-45.20106,1375.905,-0.0008270990146109411,-0.061435351681957184,1.870071355759429
-0.2339853,-55.18076,1332.81,-0.00031802283384301736,-0.07499933401291199,1.8114984709480122
1.594832,-66.21095,1287.189,0.002167627590893646,-0.08999109751953788,1.7494923547400614
4.990165,-77.94665,1239.593,0.006782419300033979,-0.10594176010873259,1.6848019028202514
9.55701,-89.64558,1190.613,0.012989480122324159,-0.12184244648318042,1.618230377166157
14.44181,-100.3281,1140.823,0.019628691811077133,-0.13636167176350664,1.55055793408087
18.60379,-109.0623,1090.673,0.025285477404009514,-0.1482328236493374,1.4823961943594972
21.21638,-115.271,1040.382,0.028836398233095483,-0.15667142371729528,1.4140428134556575
22.01414,-118.9307,989.8986,0.029920679578661232,-0.16164553177030241,1.3454279306829766
21.40028,-120.567,938.9491,0.029086347264695885,-0.16386952089704382,1.276179544682297
20.24355,-121.0417,887.1606,0.027514169215086644,-0.16451471287801564,1.2057908256880734
19.46189,-121.2227,834.2303,0.026451770302412504,-0.1647607203533809,1.133850220863065
19.60538,-121.685,780.0796,0.0266467957866123,-0.1653890587835542,1.0602509004417262
20.63712,-122.556,724.9477,0.02804909276248726,-0.1665728848114169,0.9853179748555896
21.99064,-123.5303,669.3903,0.02988873938158342,-0.16789711179068978,0.9098067278287462
22.84817,-124.0092,614.1768,0.031054257560312607,-0.16854801223241592,0.8347628950050968
22.50035,-123.3094,560.1288,0.030581515460414543,-0.16759687393815834,0.7613031600407747
20.63522,-120.8936,507.9707,0.028046510363574584,-0.1643134216785593,0.6904120965001699
17.44849,-116.5563,458.2411,0.023715242949371388,-0.1584183486238532,0.6228217465171594
13.54661,-110.5005,411.2699,0.018411974176010874,-0.1501875637104995,0.5589804960924227
9.699478,-103.2769,367.2093,0.0131831165477404,-0.14036955487597688,0.4990952089704383
6.553174,-95.61254,326.096,0.008906794427454979,-0.1299524838600068,0.4432157662249405
4.412045,-88.19614,287.9122,0.0059966632687733605,-0.11987242949371389,0.3913179748555895
3.157607,-81.49736,252.6071,0.004291684675501189,-0.1107677336051648,0.34333278967040437
2.318896,-75.67355,220.0749,0.0031517444784233775,-0.1028522595990486,0.29911641182466875
1.263303,-70.58053,190.1204,0.0017170275229357798,-0.09593004417261297,0.25840353380903835
-0.5596269,-65.86397,162.4641,-0.0007606209989806321,-0.08951949711179068,0.22081427115188584
-3.408069,-61.08881,136.8151,-0.004632101936799184,-0.08302930343187225,0.18595324498810736
-7.146068,-55.8661,113.0012,-0.009712630648997621,-0.07593081889228678,0.1535864084267754
-11.28387,-49.95291,91.10139,-0.015336554536187564,-0.0678938634046891,0.12382112130479102
-15.14333,-43.31445,71.51124,-0.020582167855929326,-0.05887115188583079,0.0971950254841998
-18.09209,-36.14405,54.87943,-0.024589996602106694,-0.049125450220863065,0.0745897791369351
0.0,0.0,0.0,0.0,0.0,0.0
0.0,0.0,0.0,0.0,0.0,0.0
0.0,0.0,0.0,0.0,0.0,0.0
0.0,0.0,0.0,0.0,0.0,0.0
0.0,0.0,0.0,0.0,0.0,0.0
0.0,0.0,0.0,0.0,0.0,0.0
0.0,0.0,0.0,0.0,0.0,0.0
0.0,0.0,0.0,0.0,0.0,0.0
0.0,0.0,0.0,0.0,0.0,0.0
0.0,0.0,0.0,0.0,0.0,0.0
0.0,0.0,0.0,0.0,0.0,0.0
0.0,0.0,0.0,0.0,0.0,0.0
9.160406,14.04919,85.85175,0.012450432891607204,0.019095059463132856,0.11668603465851171
27.31657,16.62865,196.5979,0.037127516139993204,0.022600951410125723,0.26720747536527356
39.47276,18.28002,345.7341,0.05364969079170914,0.024845423037716616,0.46990703363914377
40.80753,20.16124,523.0789,0.055463853211009176,0.027402296975874957,0.7109465171593612
29.41583,24.24684,712.0412,0.03998074074074074,0.03295527013251784,0.9677760108732586
7.574201,32.68493,893.1592,0.010294530750934422,0.04442396194359497,1.2139438668025824
-18.61957,46.89248,1048.776,-0.025306924906557934,0.0637342575603126,1.4254515800203875
-41.27452,66.80249,1167.349,-0.05609856608902481,0.09079509344206593,1.5866109412164457
-53.55309,90.66697,1245.894,-0.0727870744138634,0.12323067618076793,1.6933659531090723
-52.01949,115.5392,1289.77,-0.07070267074413863,0.15703594971117907,1.7530003397893306
-37.47342,138.1889,1310.129,-0.05093227319062181,0.187820455317703,1.7806714237172951
-14.09095,156.0148,1320.143,-0.01915181787291879,0.21204865783214408,1.7942820251444105
12.49226,167.5888,1331.348,0.016978946653075092,0.22777954468229697,1.8095113829425755
37.16616,172.6901,1351.131,0.05051465851172273,0.23471301393136257,1.8363995922528034
56.61308,171.951,1381.857,0.076946082229018,0.2337084607543323,1.8781610601427114
69.60063,166.4052,1421.488,0.09459820591233435,0.22617084607543325,1.9320258239891268
76.53842,157.182,1465.193,0.10402775399252463,0.21363506625891945,1.9914277947672443
78.74586,145.3849,1507.28,0.1070280122324159,0.1976009514101257,2.0486306489976216
77.80405,132.0424,1542.873,0.10574794427454978,0.17946639483520216,2.097007135575943
75.15661,118.0212,1568.943,0.10214965681277607,0.16040937818552498,2.132440366972477
71.9333,103.9104,1584.554,0.0977686714237173,0.14123058103975536,2.1536581719334014
68.88992,89.97047,1590.467,0.09363223921168876,0.12228402310567449,2.1616948691811078
66.39404,76.22384,1588.361,0.0902399456337071,0.10360019028202513,2.158832483860007
64.46036,62.64154,1579.982,0.0876117703024125,0.08513970778117567,2.1474441046551136
62.86586,49.29415,1566.518,0.08544459395174991,0.0669985049269453,2.1291444104655115
61.32897,36.36947,1548.379,0.08335571865443425,0.04943183146449202,2.1044906557934078
59.66709,24.07397,1525.353,0.08109696228338431,0.03272031260618417,2.0731946992864425
57.83412,12.50838,1497.018,0.07860566768603465,0.01700085626911315,2.0346829765545364
55.82551,1.601252,1463.167,0.07587565069656813,0.0021763533809038395,1.98867414203194
53.55335,-8.872669,1424.062,0.07278742779476724,-0.01205935304111451,1.9355242949371387
50.82067,-19.21807,1380.463,0.06907328576282705,-0.02612038056405029,1.876266394835202
47.42948,-29.72658,1333.454,0.06446412504247366,-0.040403098878695205,1.8123737682636765
43.3309,-40.58289,1284.158,0.058893510023785255,-0.055158532110091744,1.7453727488956845
38.68516,-51.78488,1233.483,0.05257921848453959,-0.07038379884471628,1.6764974515800204
33.77569,-63.10702,1181.967,0.04590647638464152,-0.08577236833163439,1.6064791029561674
28.84278,-74.12933,1129.781,0.039201875637105,-0.10075342167855929,1.5355501189262657
23.96362,-84.32499,1076.839,0.0325703295956507,-0.11461092762487257,1.4635936119605844
19.06865,-93.17723,1022.947,0.025917295276928307,-0.12664251444104654,1.390345905538566
14.08221,-100.2874,967.9273,0.01913993883792049,-0.1363063540604825,1.3155654774040095
9.084697,-105.4412,911.7044,0.012347532449881075,-0.14331117906897722,1.239149711179069
4.368667,-108.6202,854.3522,0.005937705742439688,-0.14763194019707782,1.1611990485898744
0.3245366,-109.968,796.1223,0.0004410962962962963,-0.1494638124362895,1.0820554536187563
-2.786538,-109.7296,737.4418,-0.003787343527013252,-0.14913978933061503,1.0022994223581378
-5.016532,-108.1869,678.8608,-0.006818256201155283,-0.14704301732925584,0.9226786272511044
-6.729698,-105.6151,620.9666,-0.00914671831464492,-0.14354753652735303,0.8439913013931362
-8.403522,-102.2707,564.3051,-0.011421708460754333,-0.13900197077811757,0.7669794087665648
-10.36338,-98.39008,509.3367,-0.014085463812436288,-0.13372759768943254,0.6922687054026504
-12.62916,-94.1728,456.4288,-0.017165015290519878,-0.12799565069656813,0.620358545701665
-14.96351,-89.74889,405.8826,-0.020337764186204553,-0.12198286102616378,0.5516583078491336
-17.06691,-85.15205,357.9871,-0.023196615698267073,-0.11573503227998641,0.48656078831124705
-18.77707,-80.31875,313.0737,-0.025520992184845395,-0.10916581719334012,0.42551641182466865
-20.1507,-75.12254,271.5279,-0.02738797145769623,-0.10210335032279987,0.3690491335372069
-21.40042,-69.43862,233.727,-0.029086537546721032,-0.0943780088345226,0.3176717635066259
-22.74728,-63.22031,199.9157,-0.03091713217804961,-0.08592634726469589,0.27171688752973155
-24.28265,-56.55872,170.0824,-0.033003941556235136,-0.07687219843696907,0.23116873938158342
-25.91174,-49.69406,143.914,-0.03521813115868162,-0.0675420455317703,0.1956017669045192
-27.3985,-42.95928,120.8705,-0.037238871899422356,-0.05838841997961264,0.16428202514441048
-28.48065,-36.66695,100.3554,-0.03870968399592253,-0.049836153584777436,0.13639877675840978
-28.99278,-30.9912,81.92426,-0.039405749235474005,-0.04212191641182467,0.111347957866123
-28.93586,-25.91391,65.45218,-0.03932838600067958,-0.03522108053007136,0.08895980971797485
-28.46305,-21.27625,51.19613,-0.03868576282704723,-0.028917770981991168,0.0695835949711179
0.0,0.0,0.0,0.0,0.0,0.0
0.0,0.0,0.0,0.0,0.0,0.0
0.0,0.0,0.0,0.0,0.0,0.0
0.0,0.0,0.0,0.0,0.0,0.0
0.0,0.0,0.0,0.0,0.0,0.0
0.0,0.0,0.0,0.0,0.0,0.0
0.0,0.0,0.0,0.0,0.0,0.0
0.0,0.0,0.0,0.0,0.0,0.0
0.0,0.0,0.0,0.0,0.0,0.0
0.0,0.0,0.0,0.0,0.0,0.0
0.0,0.0,0.0,0.0,0.0,0.0
0.0,0.0,0.0,0.0,0.0,0.0
0.0,0.0,0.0,0.0,0.0,0.0
-25.95498,26.85015,107.0463,-0.03527690112130479,0.03649357798165138,0.1454927624872579
-22.19288,35.00482,231.608,-0.030163615358477742,0.04757705742439688,0.314791709140333
-15.10479,40.72005,395.8204,-0.02052978593272171,0.055344954128440364,0.5379821950390757
-4.65589,44.69849,587.2005,-0.0063280869860686375,0.060752279986408426,0.7980978593272172
8.47875,49.36139,786.7865,0.011523955147808358,0.06708989466530751,1.0693666326877336
23.00507,58.10518,973.4625,0.03126750934420659,0.07897408086986069,1.3230886850152905
37.24393,73.87137,1129.247,0.05062036017669045,0.10040281345565749,1.5348243289160721
49.43277,97.6458,1243.698,0.0671869113149847,0.13271600407747197,1.6903812436289503
58.04216,127.6362,1315.941,0.07888842677539926,0.1734776758409786,1.7885708460754333
62.06548,159.5985,1353.841,0.08435675161399932,0.21691946992864425,1.84008290859667
61.22939,188.2217,1370.811,0.08322037376826368,0.25582290180088346,1.8631478083588173
56.05977,208.9241,1381.487,0.07619404689092762,0.28396072035338094,1.8776581719334013
47.76085,219.2188,1397.713,0.06491450900441725,0.2979528372409106,1.8997118586476385
37.93672,219.1092,1425.988,0.05156197077811757,0.297803873598369,1.9381420319401972
28.25783,210.5432,1466.887,0.038406836561331974,0.28616133197417604,1.9937302072714915
20.18913,196.3777,1516.242,0.027440203873598367,0.26690818892286783,2.0608114169215086
14.8255,179.3823,1567.391,0.020150186884131838,0.24380876656472986,2.130330954808019
12.77976,161.6246,1613.599,0.017369704383282364,0.2196732585796806,2.193134896364254
14.05453,144.3063,1649.878,0.019102317363234794,0.19613496432212027,2.2424437648657833
17.93179,127.9171,1673.801,0.024372123683316343,0.17385946313285763,2.2749588854909955
23.02308,112.5113,1685.323,0.0312919877675841,0.1529205572545022,2.2906190961603805
27.60056,97.96901,1685.943,0.037513503227998644,0.13315529731566428,2.2914617737003056
30.15946,84.17595,1677.627,0.04099145090044173,0.11440835881753313,2.2801590214067278
29.97387,71.08674,1661.936,0.04073920489296636,0.09661806320081551,2.2588324838600067
27.35947,58.66985,1639.613,0.037185823989126746,0.07974155623513421,2.2284920149507306
23.50161,46.79091,1610.646,0.03194238532110091,0.06359620795107034,2.1891213047910294
19.95291,35.13724,1574.674,0.02711914373088685,0.047757037037037035,2.140229697587496
18.06942,23.27032,1531.5,0.024559184505606527,0.03162802582398913,2.0815494393476044
18.62383,10.81198,1481.516,0.025312714916751616,0.014695181787291879,2.01361331974176
21.66516,-2.322465,1425.896,0.029446360856269112,-0.0031565953109072373,1.9380169894665307
26.55632,-15.77783,1366.475,0.03609421678559293,-0.02144455317703024,1.8572545022086304
32.11933,-28.80375,1305.358,0.04365522256201155,-0.03914882772680938,1.7741868841318382
36.89982,-40.4991,1244.4,0.050152660550458715,-0.05504464831804281,1.6913353720693172
39.58238,-50.15742,1184.746,0.05379868161739722,-0.0681718246687054,1.610256201155284
39.47904,-57.56022,1126.594,0.05365822629969419,-0.07823339449541285,1.5312184845395855
36.87093,-63.08625,1069.276,0.05011339449541285,-0.0857441386340469,1.453314305130819
32.96672,-67.58381,1011.614,0.044806958885491,-0.09185703024125043,1.3749425756031262
29.41864,-72.05217,952.4157,0.03998455997281685,-0.09793023445463812,1.2944827726809378
27.5963,-77.25374,890.9596,0.03750771321780496,-0.10499998640842677,1.2109542643560993
27.97079,-83.3993,827.2992,0.038016704043493034,-0.11335276928304451,1.124429765545362
29.90431,-90.01711,762.3117,0.040644661909616034,-0.12234741420319402,1.0361015290519877
31.93105,-96.06062,697.4736,0.04339932042133877,-0.1305614950730547,0.9479763506625892
32.384,-100.2421,634.4535,0.044014950730547064,-0.13624478423377506,0.862322120285423
30.08317,-101.4975,574.6787,0.040887760788311245,-0.13795107033639145,0.7810787631668367
24.7986,-99.40746,519.0242,0.03370519877675841,-0.13511037716615698,0.7054355419639823
17.31871,-94.38772,467.71,0.02353885151206252,-0.12828776078831125,0.6356914712878016
9.131115,-87.54979,420.4162,0.012410621814475024,-0.11899393815834183,0.5714117567108393
1.878635,-80.29204,376.5569,0.0025533605164797827,-0.10912951410125722,0.5118000679578661
-3.183868,-73.80633,335.5985,-0.004327377505946313,-0.10031441386340469,0.4561311586816174
-5.545921,-68.71426,297.293,-0.0075377791369351,-0.09339348963642541,0.40406795786612304
-5.521348,-64.96816,261.7377,-0.007504380564050289,-0.08830195039075772,0.35574271151885833
-4.061041,-62.0165,229.2572,-0.005519593611960585,-0.08429018008834523,0.3115966021066939
-2.387109,-59.12062,200.1771,-0.0032444566768603466,-0.08035422358137954,0.2720721712538226
-1.586627,-55.67143,174.5996,-0.002156475705062861,-0.07566623173632347,0.2373083248386001
-2.307038,-51.38767,152.2751,-0.003135627590893646,-0.0698439279646619,0.20696581719334015
-4.6444,-46.34456,132.6214,-0.006312470268433571,-0.06298954808019028,0.18025334692490655
-8.229173,-40.85471,114.8774,-0.01118474074074074,-0.05552797825348284,0.15613645939517498
-12.4333,-35.27969,98.34146,-0.016898810737342847,-0.04795064899762148,0.13366151546041455
-16.58969,-29.87367,82.61706,-0.022547998640842677,-0.040603017329255864,0.11228958205912333
-20.14508,-24.7354,67.7769,-0.027380332993544004,-0.03361930003397893,0.09211946992864424
-22.72969,-19.8761,54.36645,-0.03089322460074754,-0.027014746856948692,0.07389255861365954
0.0,0.0,0.0,0.0,0.0,0.0
0.0,0.0,0.0,0.0,0.0,0.0
0.0,0.0,0.0,0.0,0.0,0.0
0.0,0.0,0.0,0.0,0.0,0.0
0.0,0.0,0.0,0.0,0.0,0.0
0.0,0.0,0.0,0.0,0.0,0.0
0.0,0.0,0.0,0.0,0.0,0.0
0.0,0.0,0.0,0.0,0.0,0.0
0.0,0.0,0.0,0.0,0.0,0.0
0.0,0.0,0.0,0.0,0.0,0.0
0.0,0.0,0.0,0.0,0.0,0.0
0.0,0.0,0.0,0.0,0.0,0.0
0.9995975,20.88084,57.24476,0.0013586102616377847,0.028380346585117226,0.07780463472646959
16.53208,25.77213,151.2275,0.022469697587495754,0.03502837920489297,0.20554196398233093
28.42655,27.75757,284.4758,0.038636153584777434,0.0377269045191981,0.38664736663268773
32.38804,27.25383,449.3099,0.044020441726129796,0.03704224260958206,0.610682840638804
26.31997,26.23914,630.6249,0.03577297995242949,0.035663119266055046,0.8571184505606524
11.56285,27.74293,808.8278,0.015715732246007474,0.03770700645599728,1.099324226979273
-7.220802,34.76162,964.5765,-0.009814205912334353,0.047246510363574586,1.3110112130479104
-23.62559,49.06866,1083.86,-0.03211089364593952,0.06669202854230377,1.4731362555215766
-31.90105,70.4908,1161.576,-0.04335854570166497,0.09580808698606863,1.5787645259938838
-29.04773,96.94244,1202.252,-0.039480434930343186,0.13176002718314644,1.6340496092422698
-15.63422,125.0579,1217.772,-0.02124936459395175,0.1699733605164798,1.65514373088685
4.917746,151.0456,1223.171,0.006683990485898743,0.20529473326537548,1.6624818212708121
28.00432,171.4988,1232.172,0.03806227658851512,0.23309384981311584,1.6747155963302753
49.50549,184.0484,1253.872,0.06728574923547401,0.25015073054706083,1.704209310227659
66.72735,187.7466,1291.384,0.09069296636085628,0.25517716615698266,1.755194019707781
78.50794,183.0831,1342.382,0.10670464152225621,0.2488387359836901,1.8245083248386003
84.86121,171.6581,1400.964,0.11533973496432212,0.23331036357458373,1.904130479102956
86.58963,155.6612,1459.974,0.11768892966360857,0.2115680598029222,1.984334352701325
85.02609,137.3343,1513.064,0.11556383282364933,0.18665891946992866,2.056492014950731
81.80169,118.544,1556.015,0.11118136595310907,0.1611199456337071,2.1148691811077134
78.5031,100.5404,1587.123,0.1066980632008155,0.13665022086306491,2.1571498470948014
76.25287,83.92125,1606.782,0.10363964661909617,0.11406218144750255,2.183869520897044
75.41478,68.76085,1616.609,0.10250055045871559,0.09345681277607884,2.1972259599048587
75.61597,54.8278,1618.488,0.10277399932042135,0.07451960584437649,2.1997798165137614
76.08964,41.81541,1613.855,0.103417791369351,0.056833720693170234,2.193482840638804
76.13391,29.52092,1603.352,0.10347796126401632,0.04012357458375807,2.1792076112810057
75.42323,17.9245,1586.886,0.10251203533809039,0.02436221542643561,2.1568277268093783
74.02833,7.144489,1563.979,0.10061614678899082,0.009710484539585456,2.1256935100237855
72.19436,-2.693645,1534.243,0.09812349303431872,-0.003661087325857968,2.0852776078831123
70.06676,-11.58414,1497.799,0.09523174991505268,-0.01574466870540265,2.0357444784233776
67.5597,-19.69466,1455.47,0.09182426095820592,-0.026768141352361535,1.978212708120965
64.43922,-27.35148,1408.698,0.0875830377166157,-0.03717496432212029,1.9146422018348626
60.53399,-34.98682,1359.243,0.08227521576622494,-0.0475525925925926,1.8474250764525992
55.9017,-43.05091,1308.77,0.07597920489296636,-0.05851295956506966,1.7788243289160721
50.82303,-51.89126,1258.48,0.06907649337410805,-0.07052838600067958,1.710472307169555
45.6311,-61.63467,1208.917,0.062019843696907925,-0.0837712130479103,1.643108392796466
40.50571,-72.11742,1160.018,0.055053632347944276,-0.09801891946992863,1.576646958885491
35.38187,-82.8857,1111.325,0.048089527692830446,-0.11265470608222902,1.5104655113829426
30.03407,-93.26841,1062.274,0.04082102616377846,-0.12676644240570847,1.4437974855589533
24.27375,-102.5139,1012.418,0.03299184505606524,-0.13933251783893988,1.376035338090384
18.13228,-109.9657,961.5332,0.024644621134896367,-0.14946068637444784,1.3068748895684674
11.92396,-115.2308,909.6033,0.016206537546721033,-0.15661678559293238,1.2362939857288482
6.155474,-118.2733,856.77,0.008366257560312606,-0.16075202174651718,1.1644852191641182
1.327714,-119.3797,803.3054,0.0018045722052327559,-0.162255793408087,1.0918184165817193
-2.27039,-119.0028,749.5956,-0.003085817193340129,-0.1617435270132518,1.0188183486238531
-4.672028,-117.5816,696.1045,-0.006350021066938498,-0.15981189262657153,0.9461155283724092
-6.191763,-115.4376,643.3054,-0.008415580020387359,-0.15689785932721714,0.8743532449881073
-7.261399,-112.7761,591.6068,-0.009869383622154265,-0.15328046211348964,0.8040867142371729
-8.243195,-109.7358,541.3128,-0.011203798844716275,-0.14914821610601428,0.7357292558613661
-9.329322,-106.4166,492.6421,-0.01268001630988787,-0.14463690112130478,0.6695781175671084
-10.56417,-102.8585,445.7854,-0.014358369011213049,-0.1398008834522596,0.6058924906557934
-11.93231,-99.00383,400.9566,-0.016217886510363575,-0.1345617804960924,0.5449630988786952
-13.42296,-94.6973,358.4189,-0.018243914373088685,-0.12870852871219843,0.4871476724430853
-15.02865,-89.75184,318.481,-0.020426299694189604,-0.12198687054026504,0.43286578321440705
-16.70627,-84.0484,281.4468,-0.022706449201495074,-0.11423499830105335,0.3825304791029562
-18.35862,-77.61439,247.5168,-0.024952252803261975,-0.105490166496772,0.3364142711518858
-19.86528,-70.64472,216.6812,-0.027000040774719673,-0.0960172884811417,0.29450383961943594
-21.14084,-63.46122,188.6757,-0.028733727488956848,-0.08625378185524975,0.25643995922528035
-22.17693,-56.42512,163.0464,-0.030141936799184504,-0.07669061501868842,0.22160570846075434
-23.04487,-49.82984,139.3151,-0.0313216038056405,-0.06772659191301393,0.18935113829425756
-23.8659,-43.81482,117.1896,-0.0324375127420999,-0.05955123343527013,0.15927910295616718
-24.76556,-38.34096,96.7454,-0.03366029221882433,-0.052111396534148834,0.13149221882432893
-25.82082,-33.24651,78.49659,-0.03509455657492355,-0.045187237512742104,0.10668921508664628
-27.00428,-28.36665,63.2889,-0.03670306489976215,-0.03855474006116208,0.08601957186544343
-28.13808,-23.6625,51.98762,-0.038244077471967376,-0.03216106014271152,0.07065935440027184
0.0,0.0,0.0,0.0,0.0,0.0
0.0,0.0,0.0,0.0,0.0,0.0
0.0,0.0,0.0,0.0,0.0,0.0
0.0,0.0,0.0,0.0,0.0,0.0
0.0,0.0,0.0,0.0,0.0,0.0
0.0,0.0,0.0,0.0,0.0,0.0
0.0,0.0,0.0,0.0,0.0,0.0
0.0,0.0,0.0,0.0,0.0,0.0
0.0,0.0,0.0,0.0,0.0,0.0
0.0,0.0,0.0,0.0,0.0,0.0
0.0,0.0,0.0,0.0,0.0,0.0
-31.0256,26.88167,71.37128,-0.042168671423717295,0.03653641862045532,0.09700479782534828
-36.66329,33.88241,192.0576,-0.04983117906897724,0.04605152565409446,0.26103649337410806
-38.70151,37.43331,353.2699,-0.05260144070676181,0.05087775739041794,0.48014937138973834
-35.09058,37.60124,540.1627,-0.047693618756371056,0.051106000679578656,0.7341660890248046
-24.92462,36.20365,731.0901,-0.03387647978253483,0.04920645599728169,0.9936664627930684
-9.102729,36.48706,902.9035,-0.012372040774719675,0.049591654774040095,1.22718790349983
9.586479,42.09995,1037.136,0.013029533129459736,0.05722045531770303,1.409630988786952
27.14869,55.68731,1124.903,0.036899340808698604,0.07568781515460414,1.5289201495073055
39.61575,77.68779,1168.759,0.0538440366972477,0.10558992864424058,1.5885273530411146
44.29471,105.8982,1180.97,0.0602034794427455,0.14393231396534148,1.6051240231056745
40.52739,136.0455,1179.028,0.055083098878695204,0.1849072375127421,1.602484539585457
29.7438,163.1246,1180.152,0.04042650356778797,0.22171199456337068,1.6040122324159023
14.90446,182.9126,1196.687,0.020257505946313287,0.24860699966021066,1.6264858987427793
-0.4018313,193.0507,1233.656,-0.0005461519537886511,0.2623862725110432,1.6767325857968058
-12.90976,193.3503,1288.876,-0.017546394835202175,0.2627934760448522,1.7517852531430513
-20.42892,185.3678,1355.108,-0.027766116207951073,0.25194400271831463,1.8418049609242269
-22.22602,171.5791,1423.188,-0.03020865783214407,0.23320299014610943,1.934336391437309
-18.98143,154.5602,1484.97,-0.025798749575263336,0.21007162759089365,2.0183078491335373
-12.38889,136.4327,1535.2,-0.016838450560652394,0.18543350322799865,2.0865783214407068
-4.562475,118.6265,1572.042,-0.00620112130479103,0.16123207611281004,2.1366523955147807
2.555923,101.8882,1596.442,0.0034739014610941214,0.13848209310227658,2.1698158341828067
7.633145,86.44392,1610.83,0.010374644920149508,0.11749088685015291,2.189371389738362
10.14568,72.2264,1617.764,0.013789575263336733,0.09816704043493034,2.1987957866123002
10.33719,59.08499,1618.981,0.01404986748216106,0.0803057968059803,2.2004498810737343
8.970777,46.92183,1615.084,0.012192697247706422,0.0637741488277268,2.1951532449881075
6.954109,35.73561,1605.77,0.009451728168535508,0.04857031600407748,2.1824940536867143
4.967287,25.57635,1590.344,0.006751324498810737,0.034762283384301734,2.161527692830445
3.252425,16.43907,1568.236,0.004420557254502209,0.022343282364933742,2.1314794427454977
1.672283,8.157989,1539.331,0.0022728956846755012,0.011087990485898744,2.092193000339789
0.001292423,0.3708095,1504.051,1.7566061841658171e-06,0.0005039884471627591,2.044241930003398
-1.740362,-7.421426,1463.227,-0.0023654257560312606,-0.010086885490995583,1.9887556914712878
-3.134952,-15.72979,1417.904,-0.004260892966360856,-0.021379259259259258,1.92715460414543
-3.504072,-24.93507,1369.157,-0.004762585117227319,-0.03389068297655454,1.8608997621474686
-2.254932,-35.15761,1317.993,-0.0030648073394495415,-0.047784723071695547,1.7913598369011212
0.7644363,-46.16135,1265.334,0.0010389891946992864,-0.06274053686714237,1.7197879714576962
5.094364,-57.33285,1211.999,0.0069240421338769955,-0.0779243628950051,1.6472973156642883
9.767884,-67.79021,1158.636,0.013276091063540605,-0.09213756031260618,1.5747686034658512
13.65345,-76.63682,1105.615,0.01855718654434251,-0.10416149507305471,1.5027047230716957
15.8962,-83.28271,1052.937,0.02160543662928984,-0.11319430513081888,1.4311070336391436
16.26538,-87.68042,1000.262,0.02210721032959565,-0.11917148487937479,1.3595134216785592
15.23972,-90.33792,947.0599,0.02071317703024125,-0.12278344546381244,1.2872033978933062
13.77727,-92.08497,892.8377,0.018725477404009514,-0.12515796126401632,1.2135068977234116
12.87506,-93.70947,837.3589,0.01749923207611281,-0.12736591233435268,1.1381024804621134
13.13192,-95.64747,780.7775,0.017848345225959905,-0.12999995922528032,1.061199456337071
14.50969,-97.85503,723.6607,0.019720951410125722,-0.13300038056405028,0.9835687393815834
16.37227,-99.87644,666.8885,0.02225249065579341,-0.1357477947672443,0.9064063880394156
17.7561,-101.0455,611.4492,0.024133333333333333,-0.1373367312266395,0.8310556574923548
17.74974,-100.7399,558.1993,0.024124689092762486,-0.13692137274889568,0.7586806659870879
15.84114,-98.61023,507.6871,0.021530601427115187,-0.13402681617397214,0.6900266394835202
12.11098,-94.70836,460.1037,0.016460727149167517,-0.12872356099218485,0.6253533129459735
7.20363,-89.47294,415.3587,0.009790866462793068,-0.12160780156303092,0.5645378185524974
2.092041,-83.58257,373.2348,0.0028434128440366973,-0.11360186204553177,0.5072848114169215
-2.260739,-77.73673,333.5557,-0.003072699966021067,-0.10565644580360176,0.45335467210329594
-5.205362,-72.44809,296.3029,-0.00707490587835542,-0.0984683520217465,0.4027222562011553
-6.570606,-67.92189,261.6438,-0.008930487257900101,-0.09231653414882773,0.35561508664627933
-6.65815,-64.05946,229.8575,-0.009049473326537548,-0.08706688413183826,0.3124125042473666
-6.102309,-60.5673,201.1856,-0.008293997961264015,-0.08232048929663609,0.27344288141352363
-5.65723,-57.11035,175.6728,-0.007689065579340809,-0.07762195039075773,0.23876697247706422
-5.972612,-53.43852,153.0809,-0.008117719334012912,-0.07263135575942915,0.20806102616377847
-7.410045,-49.43962,132.932,-0.010071416921508664,-0.06719622154264356,0.18067550118926265
-9.946638,-45.11667,114.6772,-0.013519045871559634,-0.06132065239551478,0.15586435609921848
-13.19656,-40.52616,97.91653,-0.017936201155283722,-0.055081427115188576,0.13308396873938158
-16.5432,-35.72807,82.57443,-0.022484811416921508,-0.048560067957866125,0.11223164118246688
-19.3366,-30.78247,68.9519,-0.026281481481481482,-0.04183821950390758,0.09371647978253482
-21.09754,-25.79231,57.60741,-0.028674875976894325,-0.03505580699966021,0.07829753312945974
0.0,0.0,0.0,0.0,0.0,0.0
0.0,0.0,0.0,0.0,0.0,0.0
0.0,0.0,0.0,0.0,0.0,0.0
0.0,0.0,0.0,0.0,0.0,0.0
0.0,0.0,0.0,0.0,0.0,0.0
0.0,0.0,0.0,0.0,0.0,0.0
0.0,0.0,0.0,0.0,0.0,0.0
0.0,0.0,0.0,0.0,0.0,0.0
0.0,0.0,0.0,0.0,0.0,0.0
0.0,0.0,0.0,0.0,0.0,0.0
0.0,0.0,0.0,0.0,0.0,0.0
-6.635652,18.37779,50.89905,-0.00901889500509684,0.02497830784913354,0.06917981651376147
9.468745,23.01012,139.8418,0.01286951410125722,0.03127437308868502,0.19006700645599728
22.64316,24.59207,267.4574,0.030775616717635068,0.03342449201495073,0.3635166836561332
28.15268,22.88476,426.7301,0.038263921168875295,0.03110398912674142,0.57999334012912
23.24253,19.12523,603.5871,0.03159025484199796,0.025994196398233093,0.8203698267074413
8.692284,15.92133,779.5648,0.011814181447502549,0.02163959225280326,1.0595512062521237
-10.97926,16.49186,936.0173,-0.014922541624193,0.022415032279986407,1.2721947672443086
-29.00256,23.4838,1058.665,-0.039419041794087666,0.0319181787291879,1.438892286782195
-38.97717,37.89812,1141.02,-0.052976106014271156,0.0515095073054706,1.5508256880733944
-37.35175,58.66252,1185.504,-0.0507669045191981,0.07973159361196058,1.6112864424057083
-24.51872,83.00698,1201.932,-0.03332479782534828,0.11281954468229698,1.6336146788990826
-4.095008,107.3366,1204.072,-0.005565760108732586,0.14588732585796807,1.636523275569147
18.99108,128.1578,1205.599,0.025811865443425078,0.17418661230037377,1.6385987088005436
40.43826,142.7822,1216.747,0.05496195718654434,0.19406347264695886,1.6537505946313287
57.61133,149.7223,1242.508,0.07830286102616378,0.20349616038056403,1.6887638464152226
69.51108,148.7854,1282.594,0.09447649337410806,0.20222276588515123,1.743247026843357
76.18508,140.9261,1332.766,0.10354750934420659,0.19154074074074073,1.811438668025824
78.23457,127.9166,1386.81,0.1063330886850153,0.1738587835541964,1.8848929663608562
76.6879,111.8847,1438.517,0.10423092082908597,0.15206890927624872,1.9551709140332993
73.02576,94.81494,1483.153,0.09925349643221204,0.12886841997961265,2.015838260278627
68.98755,78.16732,1518.178,0.09376493374108053,0.10624168535507986,2.0634427454977917
66.04762,62.73754,1543.164,0.08976910635406048,0.08527018688413185,2.097402650356779
64.83983,48.75127,1559.158,0.08812752973156644,0.06626064559972816,2.119141012572205
64.95703,36.07921,1567.785,0.08828682296975876,0.04903732246007476,2.1308664627930685
65.31675,24.45472,1570.426,0.08877573904179409,0.03323781175671084,2.1344559972816852
64.86967,13.64276,1567.724,0.08816808698606864,0.018542657152565412,2.130783554196398
63.18724,3.553895,1559.49,0.08588139993204214,0.004830302412504247,2.119592252803262
60.57617,-5.723834,1544.973,0.0823325450220863,-0.00777959089364594,2.099861365953109
57.71587,-14.00929,1523.339,0.07844494733265375,-0.0190408290859667,2.070457356439008
55.13041,-21.19323,1494.171,0.07493090044172612,-0.028804933741080528,2.0308134556574924
52.87261,-27.37943,1457.805,0.07186219503907577,-0.03721295276928304,1.9813863404689094
50.59374,-32.92497,1415.408,0.06876485219164118,-0.04475021406727829,1.9237621474685693
47.87617,-38.37445,1368.792,0.06507124702684336,-0.05215691471287802,1.8604036697247706
44.54366,-44.31946,1320.017,0.06054184165817194,-0.06023711858647638,1.7941107713217805
40.72992,-51.23004,1270.922,0.05535836901121305,-0.06962968399592254,1.727382942575603
36.69639,-59.3187,1222.747,0.04987616717635066,-0.08062344546381243,1.661905538566089
32.57196,-68.48167,1175.97,0.044270417940876654,-0.09307736323479442,1.5983282364933742
28.2192,-78.32166,1130.372,0.038354332313965345,-0.10645145769622832,1.5363533809038397
23.3205,-88.23428,1085.267,0.03169622833843017,-0.11992426775399252,1.475048589874278
17.61999,-97.53854,1039.805,0.023948338430173296,-0.13257022086306489,1.413258579680598
11.15869,-105.6238,993.2249,0.015166415222562011,-0.14355936119605844,1.3499488956846755
4.354314,-112.0758,945.0164,0.005918197757390418,-0.15232864424057085,1.2844259599048589
-2.122354,-116.7456,894.9879,-0.0028846129799524295,-0.1586756371049949,1.216429357798165
-7.603053,-119.7274,843.2735,-0.010333745158002039,-0.16272837240910637,1.1461413523615358
-11.66923,-121.2461,790.2965,-0.015860319401970777,-0.16479252463472646,1.0741372748895686
-14.26817,-121.5197,736.684,-0.019392687733605165,-0.16516439007815154,1.0012694529391777
-15.65966,-120.6869,683.143,-0.021283941556235135,-0.1640324838600068,0.9284988107373429
-16.25028,-118.8336,630.3279,-0.022086687054026503,-0.16151355759429153,0.8567147808358817
-16.4223,-116.0614,578.7496,-0.022320489296636086,-0.15774570166496774,0.7866117567108393
-16.44166,-112.5206,528.7625,-0.022346802582398913,-0.15293319741760109,0.7186714237172953
-16.45909,-108.376,480.6197,-0.02237049269452939,-0.14730003397893307,0.6532377845735644
-16.55589,-103.7435,434.5415,-0.022502059123343528,-0.14100373768263677,0.5906102616377845
-16.77574,-98.65773,390.7465,-0.022800869860686374,-0.13409137614678898,0.5310859667006457
-17.1238,-93.09902,349.4356,-0.023273938158341827,-0.12653621474685695,0.47493795446822973
-17.55999,-87.05855,310.7463,-0.023866788990825685,-0.11832626571525653,0.42235310907237517
-18.02193,-80.59304,274.7041,-0.024494638124362898,-0.1095386204553177,0.3733660890248046
-18.47973,-73.83918,241.1976,-0.025116860346585116,-0.1003590621814475,0.3278254841997961
-18.98177,-66.98752,210.0079,-0.025799211688752974,-0.09104657832144071,0.28543377505946316
-19.64533,-60.23026,180.9079,-0.02670109412164458,-0.08186239891267415,0.24588229697587496
-20.58872,-53.70235,153.8081,-0.027983309548080187,-0.0729899422358138,0.20904940536867142
-21.85346,-47.44565,128.8899,-0.029702290180088343,-0.06448610261637784,0.1751816513761468
-23.37674,-41.42731,106.6481,-0.03177266734624533,-0.05630623173632348,0.1449515460414543
-25.02919,-35.61764,87.78395,-0.03401860686374448,-0.04840997621474686,0.11931219843696908
-26.67192,-30.08883,72.93542,-0.036251335372069315,-0.04089545361875637,0.09913071015970097
-28.16841,-25.06902,62.30185,-0.038285300713557596,-0.03407274209989806,0.08467801563030922
-29.3316,-20.89776,55.29095,-0.03986625891946993,-0.028403343527013254,0.07514909955827387
-29.86404,-17.8741,50.359,-0.04058992864424057,-0.02429371389738362,0.06844580360176691
0.0,0.0,0.0,0.0,0.0,0.0
0.0,0.0,0.0,0.0,0.0,0.0
0.0,0.0,0.0,0.0,0.0,0.0
0.0,0.0,0.0,0.0,0.0,0.0
0.0,0.0,0.0,0.0,0.0,0.0
0.0,0.0,0.0,0.0,0.0,0.0
0.0,0.0,0.0,0.0,0.0,0.0
0.0,0.0,0.0,0.0,0.0,0.0
-29.31531,29.40849,79.1201,-0.03984411824668706,0.039970764525993886,0.10753666326877336
-36.83606,35.8219,173.9067,-0.050066000679578664,0.04868759768943255,0.23636656472986747
-42.41782,37.67237,298.7874,-0.057652490655793406,0.051202677539925245,0.40609908256880733
-43.51403,35.21422,443.6705,-0.059142412504247364,0.04786166496772001,0.6030180088345226
-38.42307,30.60638,594.1146,-0.05222299694189603,0.04159888549099559,0.8074952089704384
-27.05461,27.4522,734.7776,-0.03677147128780156,0.03731185864763847,0.9986783554196398
-11.23503,29.65205,853.3457,-0.015270173292558614,0.04030180088345226,1.1598310567448182
5.674053,39.96814,943.5954,0.007711930682976554,0.05432299014610941,1.2824945973496433
19.77287,58.89057,1006.526,0.02687444104655114,0.0800415494393476,1.3680271831464492
27.85324,84.31665,1049.259,0.037856935100237854,0.11459959225280325,1.4261080530071355
28.36923,112.2026,1082.213,0.03855824668705403,0.1525009853890588,1.4708977234114848
21.80611,137.8809,1115.65,0.02963793408086986,0.18740183486238532,1.5163438668025826
10.38276,157.4411,1156.776,0.014111804281345565,0.2139872239211689,1.5722405708460756
-2.732366,168.6396,1208.242,-0.0037137152565409445,0.22920774719673803,1.6421909616038055
-14.3865,171.1138,1268.279,-0.019553516819571865,0.23257057424396874,1.7237906897723412
-22.27616,166.0016,1332.114,-0.03027680598029222,0.22562229018008834,1.81055249745158
-25.41146,155.2546,1393.999,-0.03453817193340129,0.21101542643560994,1.8946639483520218
-24.12222,140.9653,1449.093,-0.032785891946992864,0.1915940197077812,1.9695453618756371
-19.68987,124.9089,1494.605,-0.02676163098878695,0.16977084607543325,2.03140332993544
-13.80472,108.3375,1530.018,-0.01876278627251104,0.14724770642201834,2.0795351681957186
-8.058073,91.96909,1556.531,-0.010952188922867822,0.12500046211348964,2.1155705062861023
-3.594374,76.11491,1576.066,-0.004885319741760109,0.10345213727488956,2.14212164458036
-0.9521079,60.8933,1590.276,-0.0012940644240570845,0.08276357458375808,2.161435270132518
-0.07720155,46.43544,1599.909,-0.00010492905198776758,0.06311306829765545,2.174528032619776
-0.4864633,32.9843,1604.689,-0.000661180156303092,0.044830852871219844,2.181024804621135
-1.540289,20.85613,1603.655,-0.0020934950730547063,0.028346761807679238,2.179619435949711
-2.732097,10.31764,1595.716,-0.0037133496432212028,0.014023295956506967,2.1688290859667005
-3.861514,1.455579,1580.166,-0.005248405028882093,0.001978360856269113,2.147694189602446
-5.003676,-5.908335,1556.99,-0.006800782874617737,-0.008030356778797145,2.1161943594971118
-6.309963,-12.22779,1526.886,-0.00857623241590214,-0.016619490316004078,2.0752782874617735
-7.778558,-18.15743,1491.041,-0.010572284063880395,-0.02467880394155624,2.026559293238192
-9.135631,-24.41741,1450.793,-0.012416759768943256,-0.033187101597009855,1.9718559293238191
-9.881757,-31.64518,1407.339,-0.013430862385321101,-0.04301077811756711,1.912795107033639
-9.463375,-40.26432,1361.584,-0.012862215426435609,-0.054725545361875634,1.8506068637444786
-7.48752,-50.37665,1314.147,-0.010176717635066258,-0.06846979272850832,1.7861325178389398
-3.904474,-61.69577,1265.464,-0.005306794427454978,-0.08385425756031262,1.719964661909616
0.9004179,-73.56081,1215.897,0.0012238095820591233,-0.0999807135575943,1.6525953109072373
6.150988,-85.05674,1165.779,0.008360160380564051,-0.11560549099558275,1.5844770642201835
10.87689,-95.22666,1115.379,0.014783404689092762,-0.1294280122324159,1.5159755351681956
14.21935,-103.3181,1064.818,0.019326333673122663,-0.14042555215766225,1.4472551817872918
15.73377,-108.9782,1014.005,0.02138466870540265,-0.1481185185185185,1.3781923207611282
15.55003,-112.3183,962.6393,0.021134937138973835,-0.1526582398912674,1.3083782534828408
14.30099,-113.8175,910.3068,0.019437295276928303,-0.15469588854909955,1.2372501529051987
12.84125,-114.1094,856.634,0.017453278967040436,-0.15509262657152564,1.1643003737682638
11.89101,-113.7543,801.453,0.016161753312945972,-0.15460998980632007,1.0893007135575943
11.77381,-113.0898,744.9179,0.01600246007475365,-0.15370682976554537,1.0124606184165819
12.35012,-112.1925,687.5494,0.016785756031260618,-0.15248725790010192,0.9344878015630309
13.13783,-110.919,630.1872,0.017856377845735644,-0.15075637104994902,0.8565235474006115
13.533,-108.9909,573.8529,0.01839347604485219,-0.14813577981651377,0.779956371049949
13.03166,-106.11,519.5625,0.01771207611281006,-0.14422018348623852,0.7061671763506626
11.3875,-102.0773,468.1504,0.0154774040095141,-0.13873910975195378,0.6362900441726129
8.679482,-96.87721,420.1532,0.011796781515460415,-0.13167136935100238,0.5710542983350323
5.286027,-90.69902,375.7778,0.007184542303771661,-0.12327423717295277,0.5107411484879375
1.773125,-83.90054,334.9536,0.00240995582738702,-0.11403403329935441,0.4552546381243629
-1.280027,-76.93627,297.438,-0.0017397580699966022,-0.10456849473326536,0.4042650356778797
-3.469255,-70.26887,262.9267,-0.004715263336731227,-0.09550644920149508,0.3573587495752633
-4.702197,-64.27954,231.1407,-0.006391025484199796,-0.08736600747536527,0.3141565749235474
-5.228554,-59.19324,201.875,-0.007106427454977913,-0.0804529255861366,0.2743798844716276
-5.549018,-55.03148,175.0086,-0.007541988447162759,-0.07479643900781516,0.23786422018348624
-6.237155,-51.60192,150.475,-0.008477274889568467,-0.07013512742099898,0.20451919809717975
-7.737185,-48.53315,128.2158,-0.010516051647978255,-0.06596418620455317,0.17426544342507647
-10.20252,-45.35786,108.1528,-0.013866829765545362,-0.06164846755011893,0.14699667006455996
-13.42621,-41.6335,90.19688,-0.018248331634386678,-0.05658647638464152,0.12259174991505266
-16.89176,-37.07405,74.2851,-0.022958559293238194,-0.05038946653075094,0.1009651376146789
-19.9407,-31.6568,60.41391,-0.02710254841997961,-0.043026571525654096,0.08211200815494393
0.0,0.0,0.0,0.0,0.0,0.0
0.0,0.0,0.0,0.0,0.0,0.0
0.0,0.0,0.0,0.0,0.0,0.0
0.0,0.0,0.0,0.0,0.0,0.0
0.0,0.0,0.0,0.0,0.0,0.0
0.0,0.0,0.0,0.0,0.0,0.0
0.0,0.0,0.0,0.0,0.0,0.0
0.0,0.0,0.0,0.0,0.0,0.0
0.0,0.0,0.0,0.0,0.0,0.0
0.0,0.0,0.0,0.0,0.0,0.0
0.0,0.0,0.0,0.0,0.0,0.0
0.0,0.0,0.0,0.0,0.0,0.0
-10.46709,33.60844,53.20841,-0.014226422018348625,0.04567915732246008,0.07231860006795787
7.793359,41.41502,114.857,0.010592400951410126,0.056289527692830445,0.1561087325857968
24.95706,44.53052,207.1809,0.03392057084607543,0.06052398233095481,0.2815914373088685
36.23452,42.63656,330.4227,0.049248413183826036,0.05794979272850833,0.44909643221202855
38.02989,37.35751,479.4116,0.05168860346585118,0.05077473326537547,0.6515957866123004
29.47395,31.84594,643.5582,0.040059734964322115,0.043283642541624194,0.8746968399592253
13.03953,29.65873,808.48,0.017722772680937818,0.04031088005436629,1.0988515120625213
-6.140243,33.41317,959.0858,-0.008345556235134216,0.0454137546721033,1.3035484879374788
-22.0179,43.8749,1083.272,-0.02992579001019368,0.05963289160720353,1.47233707101597
-29.70528,59.89486,1174.926,-0.04037414882772681,0.08140653754672103,1.5969092762487258
-27.01287,79.0805,1235.068,-0.03671474006116208,0.10748284063880394,1.6786517159361196
-14.86579,98.66603,1270.754,-0.020204947332653756,0.13410265715256542,1.7271546041454298
3.456272,116.0953,1292.369,0.0046976173972137275,0.1577917770981991,1.7565327896704042
23.77338,129.2558,1310.425,0.032311763506625894,0.17567896704043492,1.7810737342847434
42.42727,136.6167,1332.919,0.057665334692490654,0.18568358817533132,1.8116466190961604
57.1022,137.429,1363.875,0.07761087325857968,0.18678763166836562,1.8537206931702344
66.91375,131.8881,1403.208,0.09094631328576282,0.1792566768603466,1.9071804281345568
72.04843,121.0851,1447.683,0.09792515120625211,0.1645737003058104,1.9676289500509685
73.34592,106.7038,1492.459,0.09968864424057086,0.14502725110431533,2.028486578321441
72.01665,90.56389,1532.714,0.09788195718654434,0.12309057424396874,2.083199456337071
69.43589,74.18443,1564.885,0.09437429833503228,0.10082831124702685,2.126924906557934
66.88852,58.52576,1587.23,0.09091202174651716,0.07954571525654094,2.1572952769283047
65.26878,43.9808,1599.706,0.08871054026503569,0.05977682636765206,2.174252123683316
64.87676,30.54843,1603.36,0.08817772341148489,0.04152012232415902,2.1792184845395854
65.44345,18.05551,1599.581,0.08894794427454977,0.024540278627251107,2.174082229018009
66.374,6.327571,1589.49,0.09021270812096499,0.008600164458036018,2.1603669724770644
67.05929,-4.72197,1573.643,0.09114412504247367,-0.006417900101936799,2.1388284063880394
67.08669,-15.08152,1552.101,0.09118136595310908,-0.020498158341828065,2.109549439347605
66.27486,-24.70875,1524.739,0.09007796126401632,-0.03358307849133537,2.072360176690452
64.57666,-33.65207,1491.608,0.08776984029901462,-0.04573845735643901,2.027329935440027
61.96498,-42.14904,1453.195,0.08422015630309208,-0.05728717635066259,1.9751206252123683
58.4041,-50.61631,1410.456,0.07938036017669045,-0.0687955283724091,1.917031600407747
53.92154,-59.52218,1364.659,0.07328785592932383,-0.08090000679578661,1.8547862725110433
48.69315,-69.21155,1317.109,0.06618165137614679,-0.0940693849813116,1.7901583418280664
43.0301,-79.76277,1268.873,0.05848467550118926,-0.10841015290519879,1.7245980292218825
37.24055,-90.93195,1220.587,0.05061576622494054,-0.12359082568807339,1.6589697587495753
31.46198,-102.2117,1172.402,0.04276178049609242,-0.1389217804960924,1.5934787631668366
25.60624,-112.9774,1124.07,0.03480290859667006,-0.15355406048250086,1.527787971457696
19.47889,-122.6415,1075.127,0.026474875976894324,-0.16668909276248725,1.4612667346245327
13.00008,-130.7451,1025.074,0.01766915392456677,-0.17770316004077474,1.3932368331634388
6.374472,-136.9847,973.523,0.008663910295616717,-0.1861837580699966,1.3231709140332995
0.09037337,-141.2087,920.2856,0.00012283162759089365,-0.19192483860006795,1.2508129119945635
-5.260264,-143.4092,865.407,-0.007149526333673123,-0.19491566428814136,1.1762242609582059
-9.237262,-143.7013,809.1599,-0.012554892286782195,-0.19531267414203193,1.099775603126062
-11.73563,-142.282,752.0062,-0.01595056744818213,-0.19338362215426438,1.0220947332653756
-12.99867,-139.3816,694.534,-0.0176672375127421,-0.18944152225620114,0.9439809717974855
-13.47233,-135.226,637.3843,-0.01831101597009854,-0.18379340808698608,0.866305538566089
-13.60468,-130.0212,581.1842,-0.01849090044172613,-0.17671926605504587,0.7899207611281006
-13.70779,-123.9546,526.4982,-0.018631043153244986,-0.16847380224260958,0.7155938837920489
-13.93615,-117.2047,473.8048,-0.01894142031940197,-0.15929962623173632,0.6439752633367313
-14.34994,-109.9524,423.5002,-0.019503826027862724,-0.14944260958205913,0.5756033978933062
-14.9826,-102.3812,375.9088,-0.020363710499490317,-0.13915215766224942,0.5109191980971798
-15.85248,-94.66377,331.2823,-0.021546014271151884,-0.12866295616717635,0.45026476384641523
-16.92481,-86.94314,289.7827,-0.0230034794427455,-0.11816940536867142,0.3938602786272511
-18.08044,-79.32514,251.458,-0.024574162419300032,-0.10781534488617057,0.34177098199116546
-19.13998,-71.88164,216.2264,-0.026014243968739383,-0.09769845735643902,0.29388569486918115
-19.94219,-64.65476,183.8964,-0.02710457356439008,-0.08787599048589874,0.24994413863404688
-20.43088,-57.65661,154.2521,-0.02776878015630309,-0.07836440366972477,0.20965287121984372
-20.69893,-50.87167,127.1968,-0.028133102276588516,-0.06914260278627252,0.17288046211348962
-20.96807,-44.27132,102.8945,-0.02849890587835542,-0.060171688752973164,0.13984981311586817
-21.51526,-37.84591,81.82289,-0.02924262317363235,-0.05143854570166497,0.11121018008834523
-22.56936,-31.65176,64.66963,-0.03067531090723751,-0.0430197213727489,0.08789620115528372
-24.20247,-25.85685,52.05772,-0.03289496432212029,-0.03514352701325178,0.07075463132857629
0.0,0.0,0.0,0.0,0.0,0.0
0.0,0.0,0.0,0.0,0.0,0.0
0.0,0.0,0.0,0.0,0.0,0.0
0.0,0.0,0.0,0.0,0.0,0.0
0.0,0.0,0.0,0.0,0.0,0.0
0.0,0.0,0.0,0.0,0.0,0.0
0.0,0.0,0.0,0.0,0.0,0.0
0.0,0.0,0.0,0.0,0.0,0.0
0.0,0.0,0.0,0.0,0.0,0.0
0.0,0.0,0.0,0.0,0.0,0.0
0.0,0.0,0.0,0.0,0.0,0.0
-24.46252,28.73015,70.0001,-0.03324841318382603,0.039048793747876315,0.09514114848793748
-32.34012,37.25936,179.0246,-0.04395531090723751,0.050641331974176015,0.2433225959904859
-37.65772,41.93232,323.6776,-0.0511827658851512,0.05699261977573904,0.43992878015630305
-37.27983,42.7234,491.3262,-0.050669153924566765,0.05806782195039076,0.6677896024464831
-29.35062,41.56837,664.1558,-0.03989211009174312,0.0564979544682297,0.9026922188243289
-14.27415,42.04207,823.6234,-0.019400815494393476,0.05714178729187904,1.119433775059463
5.039347,48.24399,955.2522,0.0068492653754672105,0.06557117227319062,1.2983380224260959
23.93409,63.22557,1052.118,0.032530193679918454,0.08593349643221203,1.429993883792049
37.56059,87.59446,1115.89,0.05105075093442066,0.11905465171593611,1.5166700645599729
42.56039,118.9633,1155.224,0.057846265715256535,0.16168984029901462,1.5701311586816173
38.16313,152.5548,1182.248,0.05186969758749575,0.20734597349643222,1.6068610261637786
26.30025,182.6965,1208.525,0.03574617737003058,0.24831328576282702,1.6425756031260619
10.78977,204.5338,1241.912,0.014664994903160042,0.2779936119605845,1.6879537886510365
-4.023757,215.2895,1285.165,-0.005468918790349983,0.2926123003737683,1.7467414203194018
-14.6555,214.6945,1336.401,-0.019919130139313627,0.2918036017669045,1.8163792048929666
-19.41429,204.5924,1390.846,-0.026387074413863405,0.27807325857968057,1.890378525314305
-18.59905,188.0216,1443.041,-0.025279034998301052,0.2555509344206592,1.9613197417601087
-13.97679,168.2052,1488.656,-0.018996656472986748,0.22861732925586134,2.023317703024125
-7.858845,147.7821,1525.409,-0.010681406727828746,0.20085912334352704,2.0732708120965
-2.226916,128.4081,1553.041,-0.0030267291879035,0.17452680937818552,2.1108270472307167
1.753373,110.7251,1572.641,0.0023831097519537887,0.15049283044512402,2.1374665307509346
3.768346,94.62527,1585.726,0.0051217750594631335,0.12861062861026165,2.1552511043153246
4.11095,79.67273,1593.48,0.005587427794767244,0.10828777437988447,2.16579001019368
3.372049,65.48318,1596.375,0.004583145090044173,0.08900194359497113,2.169724770642202
2.183649,51.91684,1594.196,0.00296792252803262,0.0705631532449881,2.166763166836561
1.026473,39.06486,1586.336,0.0013951382942575604,0.05309529051987768,2.156080190282025
0.1095053,27.10893,1572.154,0.00014883493034318723,0.03684530071355759,2.1368046211348966
-0.6278811,16.14717,1551.262,-0.0008533891946992864,0.021946544342507646,2.10840910635406
-1.356202,6.0601,1523.674,-0.0018432918790349982,0.0082366292898403,2.070912674142032
-2.101843,-3.523479,1489.808,-0.002856735304111451,-0.004788962283384302,2.024883452259599
-2.557137,-13.13334,1450.385,-0.0034755514780835882,-0.0178502752293578,1.9713013931362555
-2.103086,-23.26841,1406.312,-0.0028584247366632686,-0.03162542983350323,1.9113992524634724
-0.07294525,-34.19049,1358.588,-9.914407067618077e-05,-0.04647025484199796,1.846534828406388
3.862057,-45.78108,1308.247,0.005249143051308189,-0.062223690112130484,1.7781134896364255
9.388935,-57.5074,1256.288,0.012761039755351682,-0.0781616038056405,1.7074930343187225
15.51591,-68.52037,1203.558,0.021088562691131497,-0.09312996262317363,1.6358246687054026
20.86792,-77.89145,1150.605,0.028362786272511046,-0.1058667346245328,1.5638532110091743
24.21104,-84.94128,1097.547,0.03290661230037377,-0.1154485626911315,1.4917390417940877
24.96632,-89.52812,1044.056,0.033933156642881414,-0.12168279986408427,1.4190363574583758
23.45478,-92.13321,989.4896,0.031878735983690114,-0.1252235270132518,1.3448720353380903
20.74078,-93.66834,933.1542,0.02818998301053347,-0.1273100101936799,1.268303363914373
18.1476,-95.09125,874.6179,0.024665443425076452,-0.1292439687393816,1.1887433231396534
16.68223,-97.02245,813.9652,0.022673775059463133,-0.1318687733605165,1.1063067618076792
16.63272,-99.53324,751.8953,0.022606483180428134,-0.13528133197417602,1.0219440027183146
17.49843,-102.1618,689.6255,0.023783119266055044,-0.13885395854570168,0.9373095480801903
18.2569,-104.1134,628.6227,0.024813999320421342,-0.14150648997621473,0.8543971457696229
17.83322,-104.5584,570.2594,0.024238151546041455,-0.1421113149847095,0.7750722392116888
15.56774,-102.9328,515.517,0.021159007815154604,-0.1399018688413184,0.7006687054026505
11.4914,-99.1442,464.8356,0.015618620455317703,-0.13475256540944613,0.6317847094801223
6.307794,-93.61139,418.1399,0.008573284403669725,-0.12723260618416582,0.5683179068977234
1.109924,-87.12411,375.014,0.0015085613319741759,-0.11841537206931703,0.5097030241250425
-3.030995,-80.57886,334.9514,-0.004119599048589874,-0.10951934760448523,0.45525164797825346
-5.43288,-74.69689,297.5816,-0.007384138634046891,-0.10152482500849473,0.404460210669385
-6.000798,-69.83276,262.7866,-0.00815602854230377,-0.094913707101597,0.3571683316343867
-5.213516,-65.93661,230.6732,-0.00708598844716276,-0.0896182262996942,0.31352116887529735
-3.930407,-62.66212,201.4336,-0.0053420414542983356,-0.0851676792388719,0.2737799524294937
-3.100562,-59.55014,175.1732,-0.004214151546041454,-0.0809380088345226,0.23808793747876317
-3.474077,-56.19746,151.7835,-0.004721817193340129,-0.07638118926265715,0.20629765545361875
-5.399461,-52.348,130.9178,-0.007338716955487597,-0.07114916751613999,0.17793788651036357
-8.751837,-47.89895,112.0832,-0.011895123343527013,-0.065102208630649,0.15233870200475705
-12.99185,-42.8594,94.81891,-0.017657968059802923,-0.05825266734624533,0.1288738158341828
-17.32419,-37.31215,78.88666,-0.023546299694189605,-0.050713081889228684,0.10721938158341829
-20.91233,-31.40993,64.38735,-0.028423146449201495,-0.04269103635745838,0.08751253822629969
-23.10436,-25.40304,51.7367,-0.031402460074753655,-0.034526727828746176,0.07031831464492015
0.0,0.0,0.0,0.0,0.0,0.0
0.0,0.0,0.0,0.0,0.0,0.0
0.0,0.0,0.0,0.0,0.0,0.0
0.0,0.0,0.0,0.0,0.0,0.0
0.0,0.0,0.0,0.0,0.0,0.0
0.0,0.0,0.0,0.0,0.0,0.0
0.0,0.0,0.0,0.0,0.0,0.0
0.0,0.0,0.0,0.0,0.0,0.0
0.0,0.0,0.0,0.0,0.0,0.0
0.0,0.0,0.0,0.0,0.0,0.0
0.0,0.0,0.0,0.0,0.0,0.0
0.0,0.0,0.0,0.0,0.0,0.0
10.06724,38.93609,99.35161,0.013682962962962963,0.05292027183146449,0.13503446822969759
26.84157,44.91806,208.0194,0.03648191641182467,0.06105071015970098,0.28273109072375124
37.35957,46.36566,352.9252,0.050777533129459734,0.06301822629969418,0.4796808698606864
37.32212,44.45642,524.6269,0.0507266326877336,0.06042326877336052,0.7130504926945294
25.49088,42.25472,707.3947,0.03464611620795107,0.05743081209650017,0.9614606863744478
4.680907,43.68992,882.2925,0.0063620890248046215,0.05938147468569487,1.1991743119266056
-18.899,51.98957,1031.603,-0.025686714237172954,0.07066200475705063,1.4021107713217806
-37.83566,68.31661,1143.26,-0.05142461433910975,0.09285302072714917,1.553870200475705
-46.25335,91.30393,1213.708,-0.06286557934080869,0.12409640502888208,1.6496201155283725
-41.80032,117.648,1248.141,-0.05681321100917431,0.15990214067278288,1.6964199796126402
-26.02546,143.319,1258.145,-0.03537269452939178,0.19479306829765544,1.7100169894665307
-3.20633,164.7531,1257.811,-0.004357906897723411,0.22392538226299694,1.709563030920829
21.56048,179.6226,1259.746,0.02930408426775399,0.24413537206931704,1.7121930003397894
44.01886,187.0944,1272.218,0.05982855589534488,0.2542907237512742,1.7291444104655116
61.56467,187.6552,1298.073,0.08367607203533808,0.2550529391777098,1.7642854230377167
73.22167,182.6538,1335.344,0.09951976894325519,0.24825524974515797,1.814942575603126
79.19122,173.7458,1378.975,0.10763332653754672,0.23614787631668366,1.8742439687393815
80.38335,162.4192,1422.961,0.10925361875637105,0.22075324498810736,1.9340278627251104
78.09558,149.7194,1462.207,0.10614417940876657,0.2034922188243289,1.9873693510023787
73.79005,136.1953,1493.634,0.10029228678219503,0.1851108392796466,2.0300835881753314
68.8747,122.0141,1516.371,0.09361155283724092,0.1658363574583758,2.060986748216106
64.47347,107.165,1531.212,0.08762958885490997,0.14565409446143393,2.081158002038736
61.2521,91.67453,1539.704,0.08325124023105675,0.1246001087325858,2.092699966021067
59.37002,75.75732,1543.272,0.08069319741760109,0.10296611620795108,2.0975494393476044
58.56635,59.83922,1542.664,0.0796008834522596,0.08133091403329935,2.096723071695549
58.33133,44.45809,1537.829,0.07928145429833504,0.060425538566089024,2.0901515460414544
58.09705,30.1064,1528.155,0.07896303092082908,0.04091933401291199,2.0770030581039753
57.38505,17.08223,1512.89,0.0779953109072375,0.02321743798844716,2.0562555215766225
55.87424,5.399077,1491.547,0.07594188243289161,0.0073381950390757735,2.0272470268433573
53.39805,-5.209155,1464.152,0.07257635066258919,-0.007080061162079511,1.9900129119945635
49.9186,-15.18595,1431.27,0.06784723071695549,-0.020640095141012574,1.9453211009174312
45.5218,-25.00007,1393.847,0.06187128780156303,-0.033979028202514444,1.8944573564390077
40.43348,-35.00578,1352.973,0.05495546041454299,-0.04757836221542644,1.8389031600407746
35.00916,-45.35819,1309.644,0.04758295616717635,-0.06164891607203534,1.7800122324159022
29.65042,-55.99895,1264.59,0.04029958545701665,-0.0761113829425756,1.7187767584097857
24.65946,-66.69962,1218.229,0.033516085626911316,-0.09065527692830444,1.6557648657832145
20.11286,-77.13059,1170.728,0.02733654094461434,-0.10483260618416582,1.5912035338090385
15.8481,-86.92494,1122.11,0.021540061162079512,-0.11814466870540266,1.5251240231056744
11.59271,-95.72288,1072.375,0.015756316683656135,-0.13010245327896705,1.4575263336731226
7.170841,-103.2,1021.564,0.009746301053346925,-0.1402650356778797,1.3884661909616038
2.664151,-109.1008,969.7856,0.0036210003397893304,-0.14828515120625213,1.3180911994563371
-1.576345,-113.2942,917.2037,-0.0021425008494733266,-0.15398464152225622,1.2466241250424737
-5.086937,-115.8224,864.0368,-0.006913947672443085,-0.15742086306489977,1.174361943594971
-7.534533,-116.8856,810.5647,-0.010240615698267074,-0.1588659191301393,1.1016849473326538
-8.904805,-116.7454,757.1217,-0.012103030920829086,-0.1586753652735304,1.02904750254842
-9.519339,-115.6144,704.0627,-0.012938279306829767,-0.15713815834182807,0.9569319741760108
-9.87099,-113.612,651.712,-0.013416228338430175,-0.154416581719334,0.8857791369351002
-10.3837,-110.8017,600.3198,-0.014113081889228678,-0.15059694189602446,0.8159290519877676
-11.24647,-107.2542,550.0556,-0.015285722052327557,-0.14577533129459735,0.7476120965001699
-12.40577,-103.0795,501.0482,-0.016861393136255523,-0.14010125722052327,0.68100332993544
-13.68264,-98.40899,453.4581,-0.018596860346585115,-0.13375329935440028,0.6163208970438329
-14.90949,-93.3485,407.5496,-0.02026434250764526,-0.1268752973156643,0.5539240231056745
-16.0016,-87.9441,363.7276,-0.021748691811077133,-0.11952986748216107,0.49436303092082906
-16.95307,-82.19156,322.5118,-0.02304188922867822,-0.11171126061841657,0.43834427454977914
-17.80074,-76.09196,284.4318,-0.024194006116207954,-0.10342094461433911,0.3865875637104995
-18.59633,-69.72078,249.8681,-0.02527533809038396,-0.09476150866462794,0.3396100577641862
-19.38977,-63.26328,218.9028,-0.026353747876316683,-0.085984750254842,0.29752334352701326
-20.20904,-56.98495,191.2565,-0.02746726469588855,-0.07745151206252124,0.25994767244308525
-21.0398,-51.14802,166.3483,-0.02859639823309548,-0.06951820591233436,0.22609351002378525
-21.83027,-45.92093,143.4645,-0.029670771321780493,-0.06241376826367652,0.19499082568807338
-22.53279,-41.3297,121.9909,-0.030625606523955146,-0.05617356439007815,0.16580482500849472
-23.15388,-37.26955,101.6559,-0.03146976554536188,-0.050655181787291885,0.13816636085626913
-23.76531,-33.56014,82.711,-0.03230079510703364,-0.04561351002378525,0.11241726129799524
-24.45676,-30.01551,65.96262,-0.03324058443764866,-0.0407958002038736,0.08965357798165138
-25.26141,-26.50689,52.57365,-0.03433423037716616,-0.03602703363914373,0.07145586136595311
0.0,0.0,0.0,0.0,0.0,0.0
0.0,0.0,0.0,0.0,0.0,0.0
0.0,0.0,0.0,0.0,0.0,0.0
0.0,0.0,0.0,0.0,0.0,0.0
0.0,0.0,0.0,0.0,0.0,0.0
0.0,0.0,0.0,0.0,0.0,0.0
0.0,0.0,0.0,0.0,0.0,0.0
0.0,0.0,0.0,0.0,0.0,0.0
0.0,0.0,0.0,0.0,0.0,0.0
0.0,0.0,0.0,0.0,0.0,0.0
0.0,0.0,0.0,0.0,0.0,0.0
0.0,0.0,0.0,0.0,0.0,0.0
-21.41414,18.3429,115.9761,-0.029105185185185185,0.024930886850152906,0.15762976554536187
-18.77543,26.7864,265.7035,-0.025518763166836562,0.03640693170234455,0.3611328576282705
-14.62263,35.06605,457.7693,-0.019874454638124362,0.0476602786272511,0.6221804960924227
-8.381882,43.56831,673.1868,-0.011392296296296294,0.0592161875637105,0.9149667686034658
0.2766496,53.62878,886.9203,0.0003760103295956507,0.07288994903160041,1.2054642201834862
11.16316,67.14892,1074.18,0.015172490655793408,0.09126594631328577,1.4599796126401632
23.39467,85.68696,1216.884,0.03179703703703704,0.11646205912334352,1.6539367991845055
35.42032,109.4401,1307.999,0.04814178729187903,0.14874631328576282,1.7777764186204554
45.27564,136.7152,1352.326,0.06153671763506626,0.18581746517159362,1.8380237852531431
51.0309,164.2461,1363.752,0.06935902140672784,0.2232362895005097,1.8535535168195718
51.33942,188.2349,1360.252,0.06977834862385321,0.2558408426775399,1.8487964661909615
45.91707,205.59,1358.483,0.06240852191641183,0.2794291539245668,1.8463921168875297
35.74516,214.7556,1369.672,0.04858329595650696,0.2918866462793068,1.8615997281685355
22.86566,215.8108,1397.799,0.03107802922188243,0.2933208290859667,1.89982874617737
9.820777,209.9562,1440.2,0.013347980971797485,0.28536350662589194,1.9574583758069997
-1.033729,198.8197,1489.913,-0.0014050003397893306,0.27022725110431534,2.0250261637784575
-8.074517,183.9738,1538.714,-0.010974538905878356,0.2500493374108053,2.091354400271831
-10.66937,166.7812,1579.753,-0.014501352361535848,0.22668188922867824,2.14713285762827
-9.16142,148.4301,1609.095,-0.012451811077132178,0.20173985728848115,2.187013251783894
-4.672328,129.9667,1625.95,-0.006350428814135237,0.1766451919809718,2.2099218484539587
1.201348,112.2523,1631.85,0.001632820931022766,0.15256853550798505,2.2179408766564728
6.768387,95.89632,1629.336,0.009199302752293578,0.13033818552497453,2.214523955147808
10.66033,81.23482,1620.715,0.014489065579340809,0.11041090044172613,2.20280665987088
12.18166,68.35743,1607.305,0.016556792388718995,0.09290850152905197,2.1845803601766907
11.44677,57.13251,1589.276,0.015557961264016311,0.07765206931702345,2.160076112810058
9.227067,47.20633,1565.991,0.012541035677879715,0.06416082908596671,2.1284281345565748
6.592351,38.01453,1536.566,0.008960042133876996,0.05166772680937819,2.0884349303431873
4.542836,28.86908,1500.419,0.006174428814135237,0.039237621474685694,2.039305470608223
3.788809,19.14101,1457.639,0.005149587495752633,0.026015643900781517,1.9811607203533808
4.68451,8.485098,1409.103,0.006366986068637445,0.011532583078491336,1.9151926605504588
7.211637,-2.999086,1356.333,0.009801749235474005,-0.004076229697587496,1.8434699286442406
10.94173,-14.76257,1301.16,0.014871532449881073,-0.020064655113829426,1.7684811416921509
15.03437,-25.97799,1245.305,0.020434074074074073,-0.03530817533129459,1.6925654094461435
18.39612,-35.8248,1189.992,0.02500322120285423,-0.048691539245667693,1.6173863404689093
20.04109,-43.78182,1135.719,0.02723899422358138,-0.059506381243628954,1.5436207951070338
19.51944,-49.81972,1082.231,0.02652998980632008,-0.06771283724091064,1.4709221882432892
17.17083,-54.4207,1028.697,0.023337859327217124,-0.07396629289840298,1.3981610601427115
14.02353,-58.41025,974.0527,0.01906018348623853,-0.07938871899422358,1.3238908596670065
11.36039,-62.65599,917.3883,0.01544055725450221,-0.08515934760448522,1.2468750254841998
10.16461,-67.73841,858.2891,0.0138153041114509,-0.09206715596330275,1.1665499150526673
10.71349,-73.7092,797.0182,0.014561318382602786,-0.10018239891267414,1.0832731226639483
12.49318,-80.02367,734.4892,0.016980197077811756,-0.1087647570506286,0.9982863744478423
14.44235,-85.68149,672.0456,0.01962942575603126,-0.11645462453278967,0.9134156982670745
15.3923,-89.54499,611.1291,0.02092055725450221,-0.12170572884811416,0.8306205912334352
14.50996,-90.73344,552.9473,0.019721318382602784,-0.12332101936799185,0.7515423717295278
11.57799,-88.94555,498.2418,0.01573630988786952,-0.12089099558273869,0.6771889908256881
7.03289,-84.58085,447.2185,0.009558803941556235,-0.11495868161739721,0.6078402990146109
1.779991,-78.60973,399.6547,0.0024192878015630312,-0.10684299014610942,0.5431936119605845
-3.124805,-72.24528,355.1382,-0.0042471015970098535,-0.09819270132517838,0.4826886850152905
-6.81127,-66.54831,313.3359,-0.009257587495752635,-0.09044962283384302,0.4258727828746177
-8.848137,-62.11704,274.1751,-0.012026010193679918,-0.08442682976554537,0.3726470948012232
-9.345018,-58.97021,237.8692,-0.012701349643221203,-0.08014979272850832,0.32330166496772
-8.878024,-56.64632,204.7903,-0.012066631328576282,-0.07699126061841659,0.27834223581379547
-8.268883,-54.45301,175.263,-0.01123871287801563,-0.07401020727149167,0.23820998980632008
-8.297684,-51.74972,149.3788,-0.011277857968059803,-0.07033601087325858,0.20302928984029903
-9.45002,-48.14747,126.9154,-0.012844063880394156,-0.06543998640842677,0.17249799524294937
-11.77985,-43.56423,107.396,-0.016010669384981312,-0.05921064220183486,0.14596805980292218
-14.92339,-38.15741,90.27215,-0.020283234794427455,-0.05186192320761128,0.12269405368671424
-18.24906,-32.21201,75.14634,-0.02480334352701325,-0.04378118926265715,0.1021356982670744
-21.08639,-26.06064,61.918,-0.028659721372748897,-0.03542050968399592,0.08415630309208291
-22.95223,-20.06326,50.75778,-0.0311956914712878,-0.02726912674142032,0.06898780835881753
0.0,0.0,0.0,0.0,0.0,0.0
0.0,0.0,0.0,0.0,0.0,0.0
0.0,0.0,0.0,0.0,0.0,0.0
0.0,0.0,0.0,0.0,0.0,0.0
0.0,0.0,0.0,0.0,0.0,0.0
0.0,0.0,0.0,0.0,0.0,0.0
0.0,0.0,0.0,0.0,0.0,0.0
0.0,0.0,0.0,0.0,0.0,0.0
0.0,0.0,0.0,0.0,0.0,0.0
0.0,0.0,0.0,0.0,0.0,0.0
0.0,0.0,0.0,0.0,0.0,0.0
-8.896944,25.06365,51.72197,-0.012092346585117226,0.034065443425076454,0.07029829425756032
3.271264,32.52719,131.4417,0.004446162419300034,0.044209568467550114,0.1786499490316004
14.02953,36.11658,243.4269,0.01906833843017329,0.04908811416921509,0.33085545361875635
20.12846,35.35439,382.2026,0.027357743798844716,0.04805217804960925,0.519473462453279
19.47112,31.68826,536.877,0.02646431532449881,0.043069330615018685,0.7297003058103975
12.10034,28.20044,693.1836,0.01644626571525654,0.03832883452259599,0.9421455657492354
0.3737064,28.48534,836.7265,0.0005079257900101937,0.03871605844376487,1.1372429493713898
-11.8065,35.16779,956.4636,-0.016046890927624874,0.04779855929323819,1.299984505606524
-20.37102,48.81036,1047.252,-0.027687420998980635,0.06634095820591233,1.4233802242609581
-22.44653,67.75093,1110.589,-0.03050836561331974,0.09208417261297995,1.5094651715936118
-17.12972,88.84549,1153.361,-0.02328198436969079,0.12075499830105335,1.5675990485898743
-5.430232,108.6034,1185.148,-0.007380539585457017,0.14760910635406047,1.6108025823989125
10.43,124.1377,1215.141,0.01417601087325858,0.168722663948352,1.6515677879714579
27.89693,133.6595,1249.734,0.03791631668365614,0.18166428814135238,1.698585117227319
44.72324,136.5727,1291.426,0.06078591913013931,0.18562378525314305,1.7552511043153245
59.22639,133.3227,1339.075,0.08049798165137614,0.1812065239551478,1.8200135915732247
70.3051,125.0939,1389.123,0.0955556914712878,0.17002229018008835,1.8880366972477065
77.43412,113.4206,1437.215,0.10524515120625211,0.15415643900781514,1.9534012911994563
80.72178,99.79815,1479.619,0.1097135983690112,0.1356413863404689,2.0110349983010534
80.92748,85.38315,1514.098,0.10999317703024125,0.11604913353720693,2.057897383622154
79.28803,70.85296,1540.098,0.1077649065579341,0.09630031940197077,2.093235474006116
77.134,56.46851,1558.352,0.10483724091063541,0.07674958885490996,2.1180455317703024
75.45948,42.30167,1570.158,0.10256130479102957,0.057494624532789675,2.134091743119266
74.66994,28.47583,1576.626,0.10148819571865443,0.03870313285762827,2.1428827726809376
74.62533,15.25846,1578.191,0.10142756371049949,0.020738647638464152,2.145009853890588
74.90967,2.969442,1574.506,0.1018140265035678,0.004035938837920489,2.1400013591573224
75.13323,-8.1881,1564.702,0.10211787971457696,-0.011128916072035339,2.126676180767924
75.08764,-18.23508,1547.865,0.102055915732246,-0.02478434250764526,2.1037920489296638
74.70053,-27.4039,1523.527,0.10152977234114849,-0.037246211348963644,2.0707128780156303
73.87713,-36.04636,1491.962,0.10041064220183485,-0.04899267414203194,2.0278110771321782
72.37887,-44.53172,1454.215,0.09837427115188584,-0.06052561331974176,1.9765069656812775
69.84427,-53.16972,1411.868,0.09492935100237852,-0.07226601427115188,1.9189507305470608
65.94806,-62.15891,1366.648,0.08963378865103636,-0.08448373768263677,1.857489636425416
60.59616,-71.55703,1320.024,0.08235971457696228,-0.09725726129799524,1.7941202854230376
54.0265,-81.27322,1272.925,0.07343051308188922,-0.1104630920829086,1.7301053346924906
46.74233,-91.0773,1225.664,0.06353018008834523,-0.12378837920489295,1.665870200475705
39.30836,-100.6263,1178.064,0.05342624532789671,-0.1367669724770642,1.6011743119266055
32.12767,-109.5136,1129.688,0.04366655793408087,-0.14884621134896364,1.5354237172952772
25.33035,-117.3341,1080.103,0.03442793068297655,-0.15947550118926265,1.4680299014610942
18.83134,-123.7454,1029.045,0.025594753652735305,-0.16818946653075095,1.3986340468909277
12.50666,-128.5135,976.4821,0.016998518518518517,-0.1746700645599728,1.327192796466191
6.364537,-131.5466,922.5705,0.008650407067618077,-0.17879252463472647,1.2539184505606524
0.6002421,-132.9081,867.5839,0.0008158234454638125,-0.18064301732925586,1.1791830105334693
-4.490466,-132.7935,811.8526,-0.006103249745158001,-0.18048725790010192,1.10343540604825
-8.667786,-131.4701,755.738,-0.011780884811416922,-0.17868854909955828,1.027166836561332
-11.86396,-129.2019,699.6356,-0.01612498810737343,-0.17560570846075432,0.9509148487937478
-14.19036,-126.1879,643.9849,-0.019286931702344547,-0.17150920829085967,0.875276792388719
-15.85317,-122.5314,589.2691,-0.021546952089704384,-0.1665394495412844,0.800909412164458
-17.05602,-118.2472,536.001,-0.023181814475025483,-0.16071654774040095,0.7285096839959225
-17.95995,-113.3027,484.6978,-0.02441039755351682,-0.1539961943594971,0.6587805640502887
-18.70863,-107.6768,435.8433,-0.02542797145769623,-0.14634971117906898,0.5923796126401631
-19.46505,-101.4097,389.8408,-0.02645606523955148,-0.13783173632347945,0.5298549779136935
-20.39797,-94.62075,346.9662,-0.027724050288820933,-0.12860448521916412,0.4715816513761468
-21.60773,-87.49412,307.3358,-0.02936830445124023,-0.11891827387020047,0.41771770302412503
-23.04665,-80.24317,270.8946,-0.03132402310567448,-0.10906309208290861,0.368188379204893
-24.50785,-73.07029,237.4231,-0.03331002378525314,-0.09931401970778117,0.3226953448861706
-25.71049,-66.13175,206.5738,-0.034944600747536525,-0.08988345225959904,0.280766292898403
-26.43753,-59.51397,177.9584,-0.0359327624872579,-0.08088884811416922,0.24187346245327898
-26.6456,-53.22789,151.2926,-0.03621556235134217,-0.0723450764525994,0.2056304451240231
-26.48995,-47.2291,126.5547,-0.03600400951410126,-0.06419177709819912,0.17200774719673803
-26.26468,-41.46517,104.0818,-0.03569783214407067,-0.056357689432551816,0.14146354060482502
-26.29756,-35.94061,84.53287,-0.035742521236833164,-0.048848943255181784,0.11489346924906559
-26.8365,-30.77573,68.68793,-0.0364750254841998,-0.041829058783554196,0.09335770302412504
-27.94763,-26.22496,57.10425,-0.03798522595990486,-0.035643846415222565,0.07761365953109073
0.0,0.0,0.0,0.0,0.0,0.0
0.0,0.0,0.0,0.0,0.0,0.0
0.0,0.0,0.0,0.0,0.0,0.0
0.0,0.0,0.0,0.0,0.0,0.0
0.0,0.0,0.0,0.0,0.0,0.0
0.0,0.0,0.0,0.0,0.0,0.0
0.0,0.0,0.0,0.0,0.0,0.0
0.0,0.0,0.0,0.0,0.0,0.0
0.0,0.0,0.0,0.0,0.0,0.0
0.0,0.0,0.0,0.0,0.0,0.0
0.0,0.0,0.0,0.0,0.0,0.0
-32.48086,40.70322,125.8276,-0.04414659870880054,0.055322079510703365,0.1710195039075773
-38.29291,44.68077,247.3737,-0.05204608902480462,0.06072819571865444,0.3362197757390418
-40.28158,42.81997,400.3251,-0.0547490044172613,0.05819907577302073,0.5441047910295617
-36.27911,36.95483,571.2485,-0.049309018008834526,0.05022742779476724,0.776416581719334
-25.66941,31.0009,742.5768,-0.03488876656472987,0.04213510023785253,1.0092786952089705
-9.89271,29.79756,896.8034,-0.013445749235474005,0.04049957186544342,1.2188969079170915
7.752028,37.39852,1020.88,0.010536225620115528,0.050830472307169555,1.3875365273530411
23.03228,55.50212,1109.293,0.03130449201495073,0.07543611281005776,1.5077037037037035
32.12253,82.69115,1164.788,0.04365957186544342,0.1123902820251444,1.5831301393136257
32.83583,114.8034,1196.622,0.0446290587835542,0.15603588175331293,1.6263975535168196
25.27779,146.2555,1217.117,0.03435649337410805,0.19878423377505947,1.6542534828406388
11.71801,171.7398,1237.811,0.01592661909616038,0.23342140672782874,1.6823798844716276
-4.21785,187.6198,1266.522,-0.005732721712538227,0.25500482500849475,1.7214026503567788
-18.7112,192.5893,1306.072,-0.025431464492014954,0.2617591573224601,1.7751573224600745
-28.86099,187.532,1354.735,-0.039226625891946997,0.2548854909955828,1.8412979952429491
-33.37774,174.8222,1407.869,-0.04536559972816854,0.23761087325857969,1.9135154604145428
-32.66388,157.4215,1459.942,-0.044395351681957185,0.21396058443764868,1.9842908596670064
-28.3334,138.0818,1506.247,-0.03850954808019028,0.18767488956846753,2.04722663948352
-22.44399,118.8348,1543.859,-0.030504913353720693,0.1615151885830785,2.0983472646958883
-16.78789,100.8091,1571.784,-0.022817383622154266,0.13701542643560993,2.1363017329255864
-12.48083,84.32725,1590.475,-0.016963411484879374,0.11461399932042135,2.161705742439687
-9.891137,69.18541,1601.081,-0.013443611281005777,0.09403385660890248,2.1761209650016986
-8.806687,54.99174,1604.741,-0.011969673122663949,0.07474242609582059,2.1810954808019027
-8.704271,41.44318,1602.165,-0.011830473666326878,0.05632780156303092,2.1775942915392457
-9.020891,28.46496,1593.55,-0.012260810057764186,0.03868835881753313,2.1658851512062522
-9.360964,16.19796,1578.733,-0.012723022765885151,0.02201557594291539,2.145746517159361
-9.583716,4.866234,1557.462,-0.013025777777777778,0.00661397757390418,2.116835881753313
-9.740555,-5.410903,1529.644,-0.013238946653075094,-0.0073542684335711865,2.0790268433571186
-9.898991,-14.76744,1495.496,-0.013454286102616378,-0.020071274209989807,2.032614339109752
-9.957606,-23.60916,1455.593,-0.013533953109072376,-0.0320885626911315,1.9783798844716276
-9.570006,-32.48198,1410.803,-0.01300714373088685,-0.044148120965001696,1.917503227998641
-8.239884,-41.85942,1362.185,-0.01119929867482161,-0.0568935372069317,1.8514237172952768
-5.555794,-51.94391,1310.88,-0.007551198097179748,-0.07059994563370711,1.781692150866463
-1.452928,-62.54657,1257.99,-0.0019747577302072715,-0.08501062861026164,1.7098063200815494
3.64049,-73.08351,1204.447,0.004947998640842677,-0.0993319877675841,1.6370329595650694
8.874732,-82.71269,1150.887,0.012062156982670744,-0.1124195582738702,1.564236493374108
13.26742,-90.59395,1097.563,0.018032511043153246,-0.1231314305130819,1.4917607883112471
16.08717,-96.18872,1044.345,0.021864994903160042,-0.13073560312606183,1.4194291539245667
17.14187,-99.46805,990.807,0.023298498131158682,-0.13519272850832484,1.3466625891946993
16.82101,-100.9163,936.4276,0.022862398912674144,-0.13716112810057765,1.2727524294937138
15.87335,-101.3168,880.8112,0.02157437988447163,-0.1377054706082229,1.1971609921848454
15.04501,-101.4282,823.8835,0.02044853550798505,-0.13785688073394495,1.119787291879035
14.76448,-101.7157,765.9818,0.020067251104315325,-0.13824763846415222,1.0410897723411485
15.0106,-102.2428,707.8185,0.020401766904519197,-0.13896405028882095,0.9620366972477064
15.38828,-102.724,650.3307,0.020915093442065918,-0.13961807679238872,0.8839017329255862
15.34421,-102.6738,594.4666,0.020855195378865102,-0.13954984709480123,0.8079736323479443
14.41577,-101.5848,540.983,0.01959329935440027,-0.1380697247706422,0.7352810057764185
12.41515,-99.09155,490.3276,0.0168741420319402,-0.13468100577641862,0.6664323479442745
9.488974,-95.08514,442.6354,0.012897008494733266,-0.12923566428814134,0.6016111450900442
6.046971,-89.75116,397.8233,0.00821878491335372,-0.12198594631328576,0.540704451240231
2.604477,-83.52393,355.7333,0.0035398939857288485,-0.1135221610601427,0.4834975195378865
-0.3906429,-76.97089,316.2683,-0.0005309451580020388,-0.10461554875976894,0.42985837580699965
-2.684738,-70.64442,279.4636,-0.003648981311586816,-0.09601688073394495,0.37983499830105333
-4.269456,-64.94843,245.4662,-0.005802862385321101,-0.0882751342167856,0.3336271831464492
-5.356677,-60.0595,214.4388,-0.007280566768603466,-0.08163030920829085,0.2914560652395515
-6.29258,-55.91883,186.4399,-0.008552606184165817,-0.0760024872579001,0.2534011552837241
-7.437392,-52.28378,161.3471,-0.01010858579680598,-0.0710618824328916,0.21929609242269793
-9.044596,-48.8089,138.8617,-0.012293028882093103,-0.06633897383622155,0.18873489636425417
-11.17342,-45.12786,118.5986,-0.015186435609921849,-0.06133586136595311,0.16119415562351344
-13.66179,-40.92873,100.2281,-0.018568521916411826,-0.05562858307849134,0.1362257560312606
-16.17284,-36.03002,83.61715,-0.021981433910975196,-0.04897046551138294,0.11364886170574243
-18.3095,-30.4577,68.9007,-0.024885490995582737,-0.04139680598029222,0.09364689092762488
-19.76919,-24.49842,56.4278,-0.026869439347604482,-0.03329720693170234,0.0766942575603126
0.0,0.0,0.0,0.0,0.0,0.0
0.0,0.0,0.0,0.0,0.0,0.0
0.0,0.0,0.0,0.0,0.0,0.0
0.0,0.0,0.0,0.0,0.0,0.0
0.0,0.0,0.0,0.0,0.0,0.0
0.0,0.0,0.0,0.0,0.0,0.0
0.0,0.0,0.0,0.0,0.0,0.0
0.0,0.0,0.0,0.0,0.0,0.0
0.0,0.0,0.0,0.0,0.0,0.0
0.0,0.0,0.0,0.0,0.0,0.0
0.0,0.0,0.0,0.0,0.0,0.0
-7.916655,34.28398,46.34931,-0.010759979612640164,0.04659732246007475,0.06299600407747197
8.817274,43.62258,122.3672,0.011984062521236832,0.059289949031600404,0.16631627590893647
23.10052,47.95092,233.8587,0.03139724091063541,0.06517284403669725,0.31785076452599387
30.35604,46.65234,376.9013,0.04125863404689093,0.06340786952089705,0.5122681617397213
27.64389,41.39762,541.1012,0.03757239551478084,0.05626587835541964,0.7354416581719333
15.11417,35.84113,711.1815,0.020542534828406386,0.04871373428474346,0.9666075433231397
-3.652282,34.38688,870.2321,-0.0049640258239891264,0.046737179748555895,1.182782330954808
-22.75178,40.51781,1003.792,-0.03092324838600068,0.05507007815154604,1.3643112470268435
-36.11691,55.48498,1103.441,-0.049088562691131495,0.0754128168535508,1.4997499150526674
-39.73693,77.97317,1168.601,-0.05400873938158342,0.10597780496092422,1.588312606184166
-32.89499,104.7602,1205.892,-0.04470946653075093,0.14238559293238193,1.6389969418960246
-17.92914,131.849,1226.418,-0.024368521916411826,0.1792035338090384,1.6668950050968399
1.156388,155.4956,1242.127,0.0015717132178049609,0.21134298335032278,1.6882460074753651
20.36021,172.8808,1262.534,0.027672728508324838,0.2349722052327557,1.7159823309548081
36.81533,182.4495,1292.742,0.05003782534828407,0.2479775739041794,1.7570397553516819
49.08117,183.9831,1333.121,0.06670903160040775,0.2500619775739042,1.8119211688752974
56.84734,178.4297,1380.348,0.07726447842337751,0.2425140332993544,1.8761100917431193
60.50759,167.5322,1429.231,0.082239334012912,0.22770261637784572,1.942549779136935
60.88103,153.3406,1474.591,0.08274689772341148,0.20841399932042134,2.004201155283724
59.06245,137.7254,1512.677,0.08027516139993204,0.1871904858987428,2.055966021066938
56.25129,122.0185,1541.791,0.07645435270132518,0.16584233775059465,2.095536527353041
53.49865,106.8853,1562.111,0.07271308188922868,0.14527393815834183,2.12315460414543
51.4687,92.4403,1574.955,0.06995406048250084,0.12564091063540603,2.140611620795107
50.35516,78.50776,1581.871,0.06844058443764865,0.10670439687393816,2.150011552837241
49.99486,64.89239,1583.914,0.0679508800543663,0.08819896704043494,2.152788311247027
50.0824,51.55753,1581.313,0.06806986068637445,0.07007479442745498,2.1492531430513084
50.33879,38.67275,1573.567,0.06841833503228,0.05256235134216786,2.1387251104315324
50.55137,26.53706,1559.835,0.06870726469588855,0.03606803941556235,2.120061162079511
50.50983,15.42375,1539.434,0.06865080530071356,0.020963302752293578,2.0923329935440025
49.93158,5.430727,1512.238,0.06786487257900102,0.007381212368331634,2.0553693510023785
48.46837,-3.58506,1478.814,0.06587613999320421,-0.004872660550458715,2.009940876656473
45.82076,-11.97912,1440.299,0.06227762147468569,-0.01628150866462793,1.9575929323819232
41.89903,-20.24279,1398.084,0.05694737342847435,-0.027513136255521577,1.9002161060142713
36.92131,-28.90248,1353.459,0.05018186884131838,-0.03928301732925586,1.8395637104994904
31.36769,-38.38703,1307.35,0.04263362555215766,-0.05217401291199457,1.7768943255181786
25.79619,-48.88347,1260.214,0.035061080530071356,-0.06644032619775739,1.7128290859667006
20.61387,-60.24166,1212.126,0.028017492354740058,-0.0818778933061502,1.6474699286442405
15.92689,-71.97497,1162.964,0.02164714916751614,-0.0978253075093442,1.5806510363574584
11.54989,-83.3564,1112.586,0.015698117567108393,-0.11329446143391096,1.5121794087665648
7.167248,-93.57867,1060.934,0.009741417601087326,-0.12718813455657493,1.4419762147468569
2.556995,-101.9384,1008.037,0.003475358477743799,-0.1385503227998641,1.3700808698606863
-2.243277,-108.0022,953.9555,-0.003048966360856269,-0.1467919809717975,1.2965756031260618
-6.916417,-111.7064,898.7423,-0.009400498810737342,-0.1518265715256541,1.2215321780496093
-11.00077,-113.3393,842.4565,-0.014951777098199115,-0.15404593951749915,1.1450309208290859
-14.10191,-113.393,785.2428,-0.019166714237172953,-0.15411892626571524,1.067268501529052
-16.06146,-112.3475,727.4119,-0.021830050968399593,-0.15269792728508325,0.9886672103295956
-16.99592,-110.4977,669.4686,-0.023100129119945637,-0.1501837580699966,0.9099131498470948
-17.20098,-107.9102,612.0627,-0.0233788379204893,-0.14666693849813117,0.8318895005096839
-16.99722,-104.5046,555.8891,-0.02310189602446483,-0.14203819232076112,0.7555407407407407
-16.62265,-100.1903,501.591,-0.022592796466190963,-0.13617437988447162,0.6817410805300713
-16.22899,-94.97305,449.7085,-0.022057750594631328,-0.1290833163438668,0.6112246007475366
-15.94879,-88.98499,400.6638,-0.021676914712878016,-0.12094460074753652,0.5445651376146788
-15.94604,-82.44686,354.7668,-0.02167317703024125,-0.11205825348284064,0.4821838939857288
-16.38798,-75.6101,312.233,-0.022273843017329254,-0.1027660210669385,0.4243737682636765
-17.35408,-68.71686,273.2023,-0.023586924906557935,-0.09339702344546381,0.37132490655793404
-18.75738,-61.98297,237.7343,-0.02549423037716616,-0.08424460754332314,0.32311831464492013
-20.34738,-55.58986,205.7694,-0.027655290519877678,-0.07555536527353042,0.2796729867482161
-21.80044,-49.67552,177.0883,-0.02963022765885151,-0.06751684675501189,0.24069085966700646
-22.8449,-44.32292,151.321,-0.03104981311586816,-0.0602418212708121,0.20566904519198098
-23.35875,-39.54942,128.0316,-0.03174821610601427,-0.05375388379204893,0.1740150866462793
-23.40873,-35.30347,106.8625,-0.03181614678899082,-0.04798296975874957,0.14524294937138973
-23.22879,-31.47514,87.69062,-0.03157158002038736,-0.042779667006455996,0.11918534828406388
-23.14286,-27.92137,70.73102,-0.03145478763166836,-0.03794953448861706,0.09613458375806999
-23.44129,-24.50301,56.52201,-0.03186040095141012,-0.033303445463812434,0.07682230377166158
0.0,0.0,0.0,0.0,0.0,0.0
0.0,0.0,0.0,0.0,0.0,0.0
0.0,0.0,0.0,0.0,0.0,0.0
0.0,0.0,0.0,0.0,0.0,0.0
0.0,0.0,0.0,0.0,0.0,0.0
0.0,0.0,0.0,0.0,0.0,0.0
0.0,0.0,0.0,0.0,0.0,0.0
0.0,0.0,0.0,0.0,0.0,0.0
0.0,0.0,0.0,0.0,0.0,0.0
0.0,0.0,0.0,0.0,0.0,0.0
0.0,0.0,0.0,0.0,0.0,0.0
0.0,0.0,0.0,0.0,0.0,0.0
0.0,0.0,0.0,0.0,0.0,0.0
-37.32755,18.23099,136.8629,-0.050734012911994565,0.024778783554196396,0.18601821270812097
-47.54658,25.87963,276.0997,-0.06462328236493374,0.03517448861705742,0.37526292898402985
-53.7535,33.47191,449.6222,-0.07305946313285763,0.0454935915732246,0.6111073054706082
-53.14235,41.22384,641.413,-0.07222881413523616,0.05602968399592253,0.8717811756710839
-44.39316,50.17916,831.2258,-0.06033728848114169,0.06820137274889569,1.1297666326877336
-28.40626,61.95408,999.5039,-0.03860857628270472,0.08420534148827727,1.3584830445124023
-8.257893,78.04271,1132.256,-0.011223775739041793,0.1060723207611281,1.5389140332993545
11.69432,98.96547,1224.227,0.0158944206591913,0.13450964322120285,1.66391709140333
27.17933,123.7048,1279.332,0.03694098538905878,0.16813428474345907,1.7388134556574926
35.27092,149.7635,1308.382,0.0479387291879035,0.2035521576622494,1.7782969758749576
35.08805,173.8483,1325.093,0.04769018008834523,0.2362871899422358,1.8010098538905879
27.79469,192.843,1341.892,0.037777356439007814,0.2621039755351682,1.8238423377505948
16.02315,204.6314,1366.859,0.02177798165137615,0.27812626571525656,1.8577764186204553
2.986323,208.4745,1402.534,0.004058882772680938,0.2833496432212029,1.9062643560992187
-8.415801,204.911,1446.578,-0.01143839755351682,0.2785062861026164,1.96612708120965
-16.22893,195.3532,1493.698,-0.022057669045191977,0.26551573224600744,2.030170574243969
-19.6777,181.6012,1537.982,-0.026745090044172616,0.24682460074753654,2.0903594971117907
-19.03664,165.4308,1574.796,-0.025873788651036355,0.22484648318042813,2.140395514780836
-15.30287,148.3073,1601.779,-0.020799007815154605,0.20157295276928305,2.177069656812776
-9.838495,131.2334,1618.834,-0.013372062521236834,0.17836683656133195,2.2002500849473328
-4.060656,114.7504,1627.383,-0.005519070336391437,0.15596384641522257,2.211869520897044
0.8234774,99.07926,1629.335,0.001119235338090384,0.1346643017329256,2.214522595990486
4.03939,84.31916,1626.183,0.0054901664967720015,0.11460300373768263,2.210238532110092
5.372428,70.58517,1618.536,0.007301974855589535,0.0959363506625892,2.19984505606524
5.125987,58.02201,1606.11,0.006967022765885152,0.07886103975535168,2.1829561671763504
3.912346,46.7142,1588.071,0.0053174937138973834,0.06349194699286442,2.1584383282364934
2.390943,36.56195,1563.505,0.0032496676860346587,0.049693442065919136,2.1250492694529393
1.103984,27.20196,1531.846,0.0015004879374787632,0.03697174311926606,2.0820197077811757
0.4702761,18.04262,1493.129,0.0006391792048929663,0.024522759089364594,2.029397213727489
0.8550744,8.431754,1448.052,0.0011621806320081549,0.011460080190282025,1.9681304791029561
2.564696,-2.107425,1397.874,0.003485825348284064,-0.002864322120285423,1.8999306829765545
5.691087,-13.68011,1344.202,0.007735082568807339,-0.018593421678559294,1.8269819911654774
9.894899,-25.94378,1288.736,0.013448724430852871,-0.03526167855929324,1.751594971117907
14.32666,-38.17876,1232.98,0.019472184845395854,-0.0518909412164458,1.675813795446823
17.83728,-49.48977,1177.99,0.024243669724770642,-0.06726438328236493,1.6010737342847434
19.43895,-59.08852,1124.207,0.026420591233435268,-0.08031059463132859,1.5279741760108734
18.78157,-66.56853,1071.426,0.025527108392796465,-0.09047710499490315,1.4562364933741079
16.36075,-72.06055,1018.929,0.022236833163438666,-0.09794162419300034,1.3848848114169214
13.31604,-76.18215,965.7658,0.018098593272171254,-0.10354352701325177,1.312627658851512
10.91885,-79.77701,911.1083,0.01484043493034319,-0.10842950730547062,1.2383395174991505
10.02017,-83.54748,854.5688,0.013618987427794767,-0.11355416921508664,1.161493442065919
10.72288,-87.74662,796.369,0.014574080869860687,-0.11926146109412164,1.0823907577302072
12.39356,-92.0642,737.3187,0.016844797825348284,-0.12512973156642881,1.002132110091743
13.95941,-95.74496,678.603,0.018973034318722392,-0.13013246347264698,0.922328236493374
14.33616,-97.88678,621.4577,0.019485096839959224,-0.1330435338090384,0.8446587835541964
12.81884,-97.8033,566.858,0.017422820251444104,-0.13293007135575943,0.770449201495073
9.310633,-95.30524,515.3298,0.012654615018688413,-0.12953481481481482,0.7004142711518858
4.331621,-90.78423,466.9278,0.005887354400271831,-0.12339005096839958,0.6346283384301733
-1.177983,-85.07346,421.3664,-0.0016010642201834862,-0.11562821610601427,0.5727032279986408
-6.179436,-79.1559,378.2487,-0.008398825688073394,-0.10758532110091744,0.5140994903160041
-9.865193,-73.84113,337.2989,-0.013408349303431872,-0.1003617125382263,0.4584422697927285
-11.88603,-69.52992,298.5061,-0.01615498470948012,-0.09450209989806321,0.40571675161399934
-12.40704,-66.14552,262.1308,-0.016863119266055045,-0.08990216785592933,0.3562769962623174
-11.98768,-63.24421,228.5942,-0.016293143051308186,-0.08595883112470269,0.31069548080190285
-11.34686,-60.24672,198.3095,-0.015422167855929323,-0.08188477064220184,0.2695338090383962
-11.11471,-56.68697,171.5196,-0.015106639483520218,-0.07704651036357459,0.23312212028542303
-11.66434,-52.37549,148.1919,-0.015853673122663947,-0.07118653075093442,0.20141610601427115
-13.06575,-47.42156,128.0007,-0.01775840978593272,-0.06445336051647978,0.1739730886850153
-15.14572,-42.12638,110.4026,-0.020585416241930006,-0.05725637784573564,0.15005450220863065
-17.59916,-36.81269,94.77654,-0.02392002718314645,-0.05003423717295277,0.12881622833843018
-20.09346,-31.67793,80.57951,-0.027310173292558613,-0.04305529051987768,0.10952023105674481
-22.33013,-26.74145,67.47353,-0.03035015970098539,-0.036345837580699966,0.09170714237172953
-24.0624,-21.90846,55.38956,-0.032704587155963305,-0.02977704383282365,0.07528312606184166
0.0,0.0,0.0,0.0,0.0,0.0
0.0,0.0,0.0,0.0,0.0,0.0
0.0,0.0,0.0,0.0,0.0,0.0
0.0,0.0,0.0,0.0,0.0,0.0
0.0,0.0,0.0,0.0,0.0,0.0
0.0,0.0,0.0,0.0,0.0,0.0
0.0,0.0,0.0,0.0,0.0,0.0
0.0,0.0,0.0,0.0,0.0,0.0
0.0,0.0,0.0,0.0,0.0,0.0
0.0,0.0,0.0,0.0,0.0,0.0
0.0,0.0,0.0,0.0,0.0,0.0
0.0,0.0,0.0,0.0,0.0,0.0
0.0,0.0,0.0,0.0,0.0,0.0
-10.70556,39.28412,51.55449,-0.014550540265035678,0.05339329935440027,0.0700706625891947
3.926692,46.91738,115.4093,0.0053369921848453955,0.06376810057764186,0.1568593951749915
18.11472,48.04982,211.0225,0.024620754332313963,0.06530726469588854,0.28681277607883116
28.2104,42.64131,338.0664,0.038342371729527695,0.057956248725790006,0.4594854230377166
31.29066,33.221,490.4452,0.042528929663608564,0.045152565409446135,0.6665921848453958
26.25899,24.23386,656.5793,0.03569009853890588,0.03293762827047231,0.8923945633707101
14.40334,20.50065,821.448,0.019576405028882093,0.02786360856269113,1.1164770642201836
-0.8336505,25.42331,970.0166,-0.0011330621814475024,0.03455427794767244,1.3184051647978254
-14.81624,39.76383,1090.981,-0.02013760108732586,0.05404530071355759,1.4828148148148148
-23.10008,61.54359,1179.482,-0.03139664288141352,0.08364742099898063,1.6031015970098539
-22.78595,86.98484,1237.794,-0.03096969079170914,0.11822608222901802,1.6823567787971458
-13.3611,111.8857,1273.827,-0.018159836901121305,0.1520702684335712,1.7313312945973496
3.300583,132.7411,1298.139,0.004486011552837241,0.18041603805640502,1.764375127420999
23.75205,147.2804,1320.685,0.03228277268093782,0.20017723411484878,1.7950186884131838
44.19886,154.5235,1348.366,0.0600732042133877,0.21002174651715938,1.8326415222562011
61.59308,154.6078,1383.943,0.08371468569486919,0.21013632347944275,1.8809962623173633
74.21698,148.5257,1426.34,0.10087255181787293,0.20186979272850833,1.9386204553177029
81.70907,137.7929,1471.946,0.11105548080190282,0.18728222901800884,2.000606184165817
84.73907,124.0761,1516.304,0.11517372748895685,0.16863893985728848,2.060895684675501
84.57633,108.8441,1555.591,0.1149525382262997,0.14793625552157663,2.11429289840299
82.68728,93.12061,1587.496,0.11238502208630649,0.12656555895344887,2.157656812776079
80.39399,77.41791,1611.39,0.10926808019028203,0.10522311926605506,2.19013251783894
78.60493,61.88413,1627.89,0.1068364661909616,0.08411026843357118,2.212558613659531
77.65628,46.56905,1638.124,0.10554710159700985,0.06329466530750934,2.2264682296975877
77.31809,31.64128,1642.998,0.10508744818212708,0.043005477404009514,2.233092762487258
76.9882,17.44994,1642.744,0.10463907577302073,0.02371721372748896,2.232747536527353
76.0163,4.443985,1636.831,0.10331811077132179,0.006040074753652735,2.2247108392796466
74.01599,-6.976292,1624.248,0.10059937478763167,-0.009481878355419639,2.2076085626911315
71.01043,-16.60847,1603.989,0.09651434590553856,-0.022573523615358478,2.180073394495413
67.34678,-24.55429,1575.52,0.0915348691811077,-0.03337314305130819,2.1413795446822967
63.45478,-31.24428,1539.071,0.08624502888209311,-0.042465891946992865,2.0918396194359494
59.60964,-37.352,1495.681,0.08101887869520896,-0.050767244308528706,2.0328657832144073
55.82735,-43.6146,1447.015,0.07587815154604145,-0.05927910295616718,1.9667210329595652
51.9115,-50.63326,1395.005,0.07055589534488617,-0.0688185660890248,1.8960312606184166
47.58006,-58.73221,1341.451,0.0646687869520897,-0.07982631328576283,1.8232429493713898
42.58813,-67.90706,1287.673,0.057883968739381585,-0.09229637784573565,1.7501501868841318
36.80566,-77.85597,1234.34,0.05002468229697588,-0.1058185117227319,1.6776622494053686
30.25095,-88.07912,1181.495,0.0411158002038736,-0.11971338090383962,1.6058375806999658
23.09446,-98.01258,1128.735,0.0313890044172613,-0.13321451580020388,1.5341284403669724
15.64,-107.1399,1075.474,0.02125722052327557,-0.14561997961264017,1.4617383622154263
8.282415,-115.0435,1021.183,0.01125710499490316,-0.1563622154264356,1.3879483520217466
1.444318,-121.4099,965.553,0.0019630553856608904,-0.16501515460414543,1.3123384301732925
-4.498598,-126.0235,908.5571,-0.006114302412504248,-0.17128576282704722,1.2348720353380904
-9.287527,-128.7695,850.4253,-0.012623210329595652,-0.1750180088345226,1.1558617737003059
-12.82384,-129.6361,791.56,-0.017429616038056407,-0.17619585457016648,1.0758545701664968
-15.16905,-128.7074,732.4541,-0.020617125382263,-0.17493360516479783,0.9955203533809039
-16.5051,-126.1462,673.6355,-0.02243302752293578,-0.17145253143051306,0.9155766224940537
-17.07972,-122.1738,615.6369,-0.023214026503567787,-0.16605341488277267,0.8367474006116208
-17.16165,-117.0485,558.9737,-0.023325382262996946,-0.15908732585796806,0.7597331974176011
-17.00901,-111.0451,504.1316,-0.023117920489296635,-0.15092776078831124,0.6851941556235134
-16.83977,-104.4327,451.5689,-0.022887896704043495,-0.14194046890927625,0.6137531770302412
-16.80195,-97.44832,401.7276,-0.022836493374108056,-0.13244759768943254,0.5460110091743119
-16.95775,-90.27195,355.0275,-0.023048250084947333,-0.12269378185524975,0.4825382262996942
-17.29693,-83.01674,311.8243,-0.02350924906557934,-0.11283281005776419,0.4238182806659871
-17.77467,-75.74455,272.3463,-0.024158572884811418,-0.10294875976894326,0.3701614678899082
-18.34955,-68.5008,236.6337,-0.024939925246347267,-0.09310336391437309,0.3216224260958206
-18.99965,-61.34788,204.5132,-0.02582351342167856,-0.08338142031940197,0.2779656133197418
-19.71474,-54.37742,175.6252,-0.026795433231396534,-0.07390746856948692,0.23870227658851512
-20.48045,-47.69485,149.5153,-0.02783615358477744,-0.0648248046211349,0.20321481481481482
-21.27296,-41.38672,125.7772,-0.028913299354400273,-0.05625106354060482,0.1709510023785253
-22.07122,-35.4958,104.2175,-0.029998260278627252,-0.048244376486578325,0.14164797825348285
-22.87906,-30.02678,84.97477,-0.031096241930003397,-0.040811117906897725,0.1154940808698607
-23.73933,-24.98498,68.51511,-0.03226548419979613,-0.03395851851851852,0.0931228134556575
-24.72112,-20.42499,55.45125,-0.0335998912674142,-0.027760774719673805,0.07536697247706423
0.0,0.0,0.0,0.0,0.0,0.0
0.0,0.0,0.0,0.0,0.0,0.0
0.0,0.0,0.0,0.0,0.0,0.0
0.0,0.0,0.0,0.0,0.0,0.0
0.0,0.0,0.0,0.0,0.0,0.0
0.0,0.0,0.0,0.0,0.0,0.0
0.0,0.0,0.0,0.0,0.0,0.0
0.0,0.0,0.0,0.0,0.0,0.0
0.0,0.0,0.0,0.0,0.0,0.0
0.0,0.0,0.0,0.0,0.0,0.0
0.0,0.0,0.0,0.0,0.0,0.0
-27.80304,18.45752,49.83411,-0.037788705402650356,0.025086673462453277,0.06773239551478084
-34.10955,23.23724,133.0425,-0.04636024464831804,0.03158306489976215,0.18082568807339447
-40.15923,24.96053,249.9457,-0.05458271151885831,0.033925287121984365,0.3397155283724091
-43.55419,23.49092,393.2413,-0.059196996262317364,0.03192785592932382,0.534476792388719
-42.21605,20.09702,550.1368,-0.05737825348284064,0.027315011892626574,0.7477224600747536
-35.24964,17.34645,705.1859,-0.04790980632008155,0.023576554536187566,0.958458579680598
-23.4788,18.43735,844.07,-0.0319113829425756,0.025059259259259257,1.1472239211688753
-9.373271,26.12703,957.0898,-0.012739749915052669,0.035510744138634046,1.3008356099218483
3.657262,41.63593,1041.195,0.004970794427454977,0.0565897791369351,1.4151478083588174
12.33205,63.99549,1099.961,0.016761196058443766,0.08697993883792049,1.4950200475705062
14.51388,90.17487,1141.67,0.01972664627930683,0.12256183486238532,1.5517091403329937
9.821855,115.9706,1176.301,0.013349446143391097,0.15762229018008836,1.5987781175671083
-0.3211662,137.266,1212.484,-0.00043651539245667686,0.18656608902480462,1.6479565069656812
-13.18544,151.1281,1255.406,-0.017921087325857968,0.20540686374447842,1.7062942575603126
-25.60215,156.3756,1306.122,-0.034797349643221204,0.21253904179408764,1.7752252803261979
-34.91554,153.5291,1362.202,-0.04745571185864764,0.20867020047570506,1.8514468229697587
-39.68901,144.3094,1419.266,-0.053943608562691134,0.19613917770981992,1.9290057764186206
-39.92448,130.9666,1472.709,-0.05426364933741081,0.17800421338769962,2.0016432212028543
-36.7729,115.6887,1519.042,-0.049980156303092084,0.15723914373088685,2.064617057424397
-31.93806,100.2023,1556.495,-0.043408848114169216,0.13619068977234114,2.115521576622494
-27.0687,85.5669,1584.919,-0.036790621814475025,0.11629887869520898,2.1541542643560994
-23.35254,72.16263,1605.2,-0.0317397757390418,0.09808036697247706,2.181719334012912
-21.36114,59.86883,1618.524,-0.029033149847094798,0.0813711586816174,2.19982874617737
-21.08264,48.36218,1625.77,-0.028654624532789674,0.06573181107713218,2.2096772001359155
-22.06935,37.39322,1627.224,-0.02999571865443425,0.05082326877336051,2.2116534148827727
-23.66092,26.92554,1622.626,-0.03215891267414203,0.036596044852191645,2.205404009514101
-25.24405,17.11223,1611.437,-0.03431063540604825,0.023258212708120965,2.190196398233095
-26.46359,8.159508,1593.173,-0.03596818212708121,0.01109005504587156,2.1653727488956847
-27.28355,0.1555555,1567.689,-0.037082636765205575,0.0002114243968739382,2.130735983690112
-27.86899,-7.054866,1535.312,-0.0378783418280666,-0.009588672782874617,2.086730547060822
-28.36845,-13.89032,1496.815,-0.03855718654434251,-0.018879130139313624,2.0344070676180768
-28.73141,-20.93886,1453.242,-0.03905050628610262,-0.02845920489296636,1.9751845056065238
-28.6612,-28.79576,1405.703,-0.038955079850492694,-0.03913796805980292,1.9105715256540945
-27.72135,-37.8857,1355.223,-0.03767767584097859,-0.05149262657152565,1.8419612640163099
-25.54338,-48.30348,1302.666,-0.034717471967380224,-0.06565202854230377,1.7705280326197756
-22.04778,-59.71343,1248.728,-0.029966401630988786,-0.08115994563370711,1.6972178049609243
-17.57898,-71.36281,1193.951,-0.023892599388379208,-0.09699328576282704,1.6227672443085288
-12.87169,-82.24173,1138.705,-0.01749465171593612,-0.11177944954128441,1.5476792388718994
-8.825509,-91.35974,1083.158,-0.011995255181787292,-0.1241722595990486,1.4721821270812094
-6.160514,-98.04546,1027.263,-0.008373107713217805,-0.13325920489296636,1.3962120285423036
-5.108411,-102.146,970.8001,-0.006943134216785593,-0.1388324838600068,1.3194700645599728
-5.299311,-104.0323,913.4797,-0.007202597349643221,-0.14139626231736324,1.2415626231736323
-5.915056,-104.4079,855.0957,-0.0080394916751614,-0.14190676180767925,1.1622095820591234
-6.04353,-104.0216,795.6681,-0.008214108053007135,-0.14138171933401292,1.081438124362895
-5.065623,-103.4199,735.5301,-0.006884978593272172,-0.14056391437308868,0.9997011213047909
-2.899828,-102.8241,675.328,-0.003941322460074753,-0.13975412844036697,0.9178769962623173
-0.0140312,-102.131,615.9422,-1.90706082229018e-05,-0.1388120965001699,0.8371623513421678
2.774178,-100.9916,558.3444,0.0037705443425076453,-0.1372634726469589,0.7588778797145769
4.608064,-98.94405,503.425,0.006263083927964662,-0.13448053007135577,0.6842337750594631
4.889144,-95.58956,451.8394,0.00664511586816174,-0.12992125042473668,0.6141208290859668
3.463554,-90.76626,403.9203,0.0047075147808358815,-0.12336562691131499,0.5489912334352701
0.6507325,-84.64638,359.6719,0.0008844478423377507,-0.11504774719673802,0.48885069656812774
-2.879222,-77.71074,318.8468,-0.0039133156642881415,-0.10562112130479104,0.43336296296296295
-6.332792,-70.6145,281.0814,-0.008607260618416582,-0.09597621474685696,0.38203384301732923
-9.053206,-64.00313,246.0408,-0.012304731226639483,-0.08699032279986409,0.3344081549439347
-10.7292,-58.34324,213.5208,-0.014582670744138635,-0.07929764186204553,0.29020835881753315
-11.47486,-53.81499,183.4825,-0.015596139993204214,-0.0731430377166157,0.24938158341828065
-11.74508,-50.28518,156.0256,-0.015963411484879373,-0.0683454706082229,0.21206333673122663
-12.12283,-47.35734,131.318,-0.01647683316343867,-0.0643660754332314,0.1784818212708121
-13.07369,-44.4841,109.5038,-0.017769201495073054,-0.06046089024804621,0.14883289160720353
-14.77148,-41.1223,90.62865,-0.020076765205572545,-0.05589167516139994,0.12317859327217125
-17.05702,-36.90136,74.61278,-0.023183173632347946,-0.0501547536527353,0.10141050628610261
-19.52977,-31.75861,61.27282,-0.026544029901461094,-0.043164947332653754,0.08327940197077813
-21.72238,-25.98966,50.36387,-0.02952413183826028,-0.03532403669724771,0.06845242269792728
0.0,0.0,0.0,0.0,0.0,0.0
0.0,0.0,0.0,0.0,0.0,0.0
0.0,0.0,0.0,0.0,0.0,0.0
0.0,0.0,0.0,0.0,0.0,0.0
0.0,0.0,0.0,0.0,0.0,0.0
0.0,0.0,0.0,0.0,0.0,0.0
0.0,0.0,0.0,0.0,0.0,0.0
0.0,0.0,0.0,0.0,0.0,0.0
0.0,0.0,0.0,0.0,0.0,0.0
0.0,0.0,0.0,0.0,0.0,0.0
0.0,0.0,0.0,0.0,0.0,0.0
-17.8597,31.23801,49.62173,-0.024274142031940196,0.04245737003058104,0.06744373768263677
-8.582822,35.76186,100.2357,-0.011665405368671423,0.04860599388379205,0.1362360856269113
1.325837,35.03123,176.2922,0.001802021066938498,0.04761295276928305,0.23960883452259601
9.689821,28.89603,278.6427,0.013169991165477405,0.039274250764525995,0.37871926605504586
14.52002,19.12517,403.7753,0.019734991505266735,0.02599411484879375,0.5487941556235134
14.69211,9.091101,543.6101,0.019968888888888887,0.012356236493374109,0.7388516479782534
10.34582,2.75932,686.6866,0.01406159700985389,0.0037503499830105337,0.9333151206252124
2.894458,3.340526,820.62,0.003934023785253143,0.0045403003737682635,1.1153516819571865
-5.296127,12.17694,935.1008,-0.007198269792728509,0.016550377166156982,1.270949099558274
-11.43982,28.34145,1024.387,-0.015548515120625212,0.03852048929663608,1.3923030920829085
-12.98981,49.06015,1088.393,-0.017655195378865104,0.06668046211348963,1.4792973156642881
-8.344021,70.68607,1132.073,-0.011340837240910635,0.09607348963642542,1.5386653075093444
2.580971,89.77615,1163.444,0.0035079456337071013,0.12201991165477404,1.5813034318722392
18.18228,103.8901,1191.052,0.024712579001019367,0.14120299014610943,1.618827047230717
35.60918,111.9197,1221.716,0.048398477743798844,0.15211647978253484,1.6605042473666325
51.72057,113.9581,1259.144,0.07029639143730887,0.15488698606863743,1.7113747876316683
64.15727,110.8727,1303.634,0.08719982330954808,0.15069344206591911,1.7718436969079172
72.02382,103.8111,1352.751,0.09789170234454639,0.14109561671763507,1.8386014271151885
75.87981,93.83638,1402.607,0.10313259938837921,0.12753840299014613,1.906363574583758
77.12238,81.78264,1449.279,0.10482144750254843,0.11115547400611621,1.9697981651376146
77.15534,68.29941,1489.907,0.10486624532789669,0.09282964322120285,2.0250180088345227
76.8036,53.96948,1523.157,0.1043881753312946,0.07335301393136255,2.0702099898063198
76.2236,39.37394,1549.044,0.10359986408426776,0.05351537886510363,2.105394495412844
75.2347,25.05312,1568.3,0.10225579340808699,0.03405113149847095,2.131566428814135
73.76807,11.41102,1581.637,0.10026241250424736,0.015509371389738362,2.149693510023785
72.11855,-1.344739,1589.233,0.09802045531770302,-0.0018277118586476383,2.160017669045192
70.8581,-13.1713,1590.624,0.09630730547060821,-0.017901868841318384,2.161908256880734
70.49208,-24.08469,1584.993,0.09580982670744138,-0.03273488277268093,2.154254841997961
71.08789,-34.05195,1571.657,0.09661962623173632,-0.04628195718654434,2.136129119945634
72.11377,-42.9629,1550.494,0.09801395854570166,-0.058393340129119946,2.107365273530411
72.60298,-50.7175,1522.123,0.09867887189942236,-0.06893306150186884,2.0688046211348965
71.57073,-57.38673,1487.8,0.09727588175331295,-0.07799759429153924,2.0221542643560992
68.46299,-63.34428,1449.095,0.09305197417601088,-0.08609484199796126,1.969548080190282
63.3935,-69.26313,1407.521,0.08616173972137275,-0.09413949031600408,1.9130424736663267
57.04395,-75.9356,1364.253,0.07753170234454639,-0.10320842677539925,1.8542344546381242
50.29128,-83.97733,1320.017,0.0683537614678899,-0.1141384029901461,1.7941107713217805
43.77683,-93.55717,1275.134,0.05949959904858987,-0.12715891267414203,1.733107713217805
37.65914,-104.2987,1229.632,0.0511846958885491,-0.1417583418280666,1.6712633367312266
31.67939,-115.41,1183.354,0.04305727488956847,-0.15686034658511722,1.6083642541624195
25.47685,-125.9673,1136.025,0.034627047230716954,-0.17120937818552498,1.5440366972477066
18.93311,-135.1977,1087.322,0.025733075093442064,-0.18375494393476044,1.4778416581719334
12.31221,-142.6221,1036.956,0.01673423037716616,-0.193845871559633,1.409386340468909
6.119065,-148.0341,984.7496,0.008316772001359158,-0.20120163098878693,1.3384296296296296
0.8064978,-151.3965,930.6839,0.001096157390417941,-0.2057716615698267,1.2649458375807
-3.440574,-152.7605,874.9078,-0.004676281345565749,-0.20762555215766226,1.1891373428474346
-6.703589,-152.2456,817.7199,-0.00911123207611281,-0.20692572205232757,1.11140998980632
-9.162588,-150.0447,759.5476,-0.01245339857288481,-0.20393435270132518,1.032344682296976
-10.93677,-146.404,700.9297,-0.014864791029561671,-0.19898606863744478,0.9526737342847434
-12.0635,-141.5737,642.4918,-0.016396194359497112,-0.1924209310227659,0.8732474345905539
-12.59816,-135.7595,584.9107,-0.017122881413523614,-0.18451851851851853,0.794985660890248
-12.71373,-129.111,528.8782,-0.017279959225280327,-0.1754821610601427,0.7188286782195039
-12.70004,-121.7447,475.0665,-0.017261352361535847,-0.16547020047570504,0.6456901121304791
-12.8646,-113.7726,424.0823,-0.017485015290519875,-0.1546348623853211,0.5763945633707102
-13.41607,-105.3162,376.4003,-0.018234549779136935,-0.14314128440366972,0.5115872239211688
-14.40751,-96.51748,332.2959,-0.019582072714916753,-0.13118243968739382,0.45164240570846076
-15.75756,-87.55431,291.8125,-0.021417003058103977,-0.11900008154943935,0.39661909616038055
-17.31446,-78.64948,254.7735,-0.023533075093442067,-0.1068970166496772,0.3462772680937819
-18.91514,-70.04991,220.8352,-0.02570865103635746,-0.09520884811416921,0.3001497791369351
-20.41695,-61.97281,189.5742,-0.027749847094801224,-0.08423079850492694,0.2576611620795107
-21.71177,-54.54726,160.6085,-0.02950971117906898,-0.07413830784913354,0.2182922188243289
-22.74506,-47.79052,133.7394,-0.030914114848793747,-0.06495483520217465,0.1817728848114169
-23.54698,-41.63686,109.0725,-0.03200405028882093,-0.05659104315324499,0.14824668705402652
-24.25335,-35.99816,87.05998,-0.03296411824668705,-0.048927162759089364,0.11832820931022765
-25.07752,-30.81677,68.41332,-0.03408429493713897,-0.04188483860006796,0.09298446483180428
-26.21292,-26.08607,53.86664,-0.035627482161060146,-0.035455073054706084,0.07321323819232076
0.0,0.0,0.0,0.0,0.0,0.0
0.0,0.0,0.0,0.0,0.0,0.0
0.0,0.0,0.0,0.0,0.0,0.0
0.0,0.0,0.0,0.0,0.0,0.0
0.0,0.0,0.0,0.0,0.0,0.0
0.0,0.0,0.0,0.0,0.0,0.0
0.0,0.0,0.0,0.0,0.0,0.0
0.0,0.0,0.0,0.0,0.0,0.0
0.0,0.0,0.0,0.0,0.0,0.0
0.0,0.0,0.0,0.0,0.0,0.0
0.0,0.0,0.0,0.0,0.0,0.0
-34.12778,10.86111,57.10003,-0.046385022086306495,0.014761957186544343,0.07760792388718994
-44.02595,17.60354,155.2821,-0.05983819232076113,0.02392598029221882,0.2110528032619776
-52.25808,24.26376,292.3506,-0.07102695208970439,0.03297826707441386,0.3973504587155963
-55.45034,30.74265,459.2451,-0.07536573564390078,0.04178409785932722,0.6241863404689092
-50.99203,37.65312,640.2247,-0.0693061909616038,0.05117651376146789,0.8701660890248046
-38.10478,46.31356,816.3206,-0.051790390757730204,0.06294741420319402,1.1095081209650017
-18.42016,58.33775,970.0221,-0.02503589534488617,0.07929018008834522,1.318412640163099
4.255197,74.91133,1089.621,0.005783482161060142,0.10181628270472308,1.4809663608562693
24.98673,96.05388,1171.708,0.03396089704383282,0.13055233435270133,1.5925355079850494
39.20528,120.2538,1221.05,0.053286143391097524,0.16344383282364933,1.6595990485898742
44.08496,144.7327,1248.102,0.0599183961943595,0.19671450900441725,1.6963669724770642
39.31026,166.2669,1265.224,0.053428827726809375,0.225982874617737,1.7196384641522255
26.99456,182.1611,1283.003,0.036689853890587834,0.24758559293238194,1.7438029221882432
10.83121,190.9183,1307.834,0.014721318382602787,0.25948800543662925,1.7775521576622495
-5.169615,192.3865,1341.278,-0.00702632008154944,0.2614835202174652,1.823007815154604
-17.8673,187.4714,1381.002,-0.024284471627590894,0.25480312606184163,1.876998980632008
-25.67166,177.6612,1422.629,-0.0348918246687054,0.24146952089704385,1.9335766224940536
-28.55285,164.5845,1461.694,-0.038807815154604144,0.22369622833843017,1.9866721032959564
-27.54516,149.6981,1495.029,-0.03743820591233435,0.20346326877336054,2.0319796126401632
-24.10311,134.1033,1521.28,-0.03275991845056065,0.18226748216106012,2.0676588515120624
-19.61762,118.4703,1540.632,-0.02666343187223921,0.16101977573904178,2.09396126401631
-15.18565,103.0831,1554.08,-0.020639687393815834,0.14010615018688413,2.112239211688753
-11.54231,87.9984,1562.617,-0.015687815154604146,0.11960366972477064,2.1238423377505944
-9.041807,73.24099,1566.682,-0.012289238192320761,0.09954602786272511,2.1293673122663948
-7.668418,58.92678,1566.0,-0.010422586476384641,0.08009076452599388,2.128440366972477
-7.13118,45.26773,1559.789,-0.009692395514780835,0.0615259667006456,2.1199986408426774
-7.055784,32.49436,1547.15,-0.009589920489296636,0.044164947332653755,2.1028202514441046
-7.183461,20.75696,1527.451,-0.00976345361875637,0.028211974176010873,2.0760462113489635
-7.446061,10.04563,1500.579,-0.010120368331634388,0.0136535915732246,2.0395229357798166
-7.866529,0.1533975,1466.996,-0.010691850492694529,0.0002084913353720693,1.99387835541964
-8.366762,-9.297752,1427.63,-0.0113717458375807,-0.012637107713217804,1.9403737682636766
-8.636885,-18.76756,1383.656,-0.011738885490995582,-0.0255080665987088,1.880606184165817
-8.178162,-28.67026,1336.287,-0.01111540876656473,-0.03896739381583418,1.816224260958206
-6.515399,-39.24136,1286.623,-0.008855452259599049,-0.05333518178729188,1.7487230716955489
-3.466031,-50.42924,1235.578,-0.004710881413523616,-0.0685412708120965,1.6793448861705742
0.6875613,-61.85065,1183.858,0.0009345039755351682,-0.08406476384641523,1.609049269452939
5.232406,-72.85244,1131.945,0.00711166292898403,-0.09901792728508325,1.5384913353720693
9.27091,-82.69068,1080.089,0.012600625212368332,-0.11238964322120286,1.4680108732585797
12.06947,-90.77193,1028.3,0.0164043085287122,-0.12337333333333333,1.3976214746856948
13.33976,-96.84588,976.3923,0.018130832483860007,-0.13162878695208968,1.327070744138634
13.31221,-101.0476,924.0846,0.01809338769962623,-0.13733958545701666,1.2559763506625892
12.5714,-103.7713,871.1315,0.017086510363574583,-0.14104152225620115,1.1840047570506285
11.75124,-105.4577,817.4504,0.01597178389398573,-0.14333360516479782,1.111043696907917
11.25578,-106.4209,763.1904,0.01529837580699966,-0.14464274549779138,1.0372958205912333
11.13685,-106.7939,708.7385,0.015136731226639485,-0.14514971117906897,0.9632871219843697
11.1545,-106.5736,654.6737,0.015160720353380905,-0.144850288820931,0.8898045531770303
10.94846,-105.6974,601.6872,0.01488067957866123,-0.14365939517499152,0.8177875637104994
10.21673,-104.0998,550.4851,0.013886143391097519,-0.1414880054366293,0.7481958545701665
8.827173,-101.7471,501.7038,0.011997516819571865,-0.13829031600407748,0.6818943934760449
6.842301,-98.65785,455.8518,0.009299763506625891,-0.1340915392456677,0.6195743119266055
4.479122,-94.91248,413.2774,0.006087831464492015,-0.1290009921848454,0.5617090044172613
2.037784,-90.65109,374.156,0.0027696690451919806,-0.12320909276248725,0.5085368671423718
-0.1752042,-86.06359,338.4965,-0.00023813007135575943,-0.11697395854570167,0.46006999660210673
-1.917816,-81.37249,306.1572,-0.0026066136595310906,-0.1105980156303092,0.41611580020387356
-3.071668,-76.80582,276.8677,-0.0041748800543662925,-0.10439119266055046,0.37630676180767925
-3.676781,-72.55852,250.2582,-0.004997323819232076,-0.09861844376486578,0.34014026503567785
-3.926646,-68.74619,225.9048,-0.005336929663608563,-0.09343688752973156,0.30704016309887866
-4.120346,-65.36276,203.3841,-0.005600198436969079,-0.08883827387020046,0.27643098878695205
-4.585139,-62.26008,182.3251,-0.006231925246347265,-0.08462124362895006,0.24780849473326536
-5.588729,-59.16709,162.4489,-0.007595961943594971,-0.08041738362215427,0.22079361196058445
-7.257536,-55.75492,143.607,-0.0098641331974176,-0.07577970778117567,0.19518450560652395
-9.520114,-51.73682,125.8206,-0.012939332653754671,-0.07031847774379885,0.17100998980632007
-12.10281,-46.97504,109.3043,-0.016449622833843016,-0.06384646958885491,0.14856173972137274
-14.60045,-41.55951,94.44041,-0.0198443085287122,-0.056485912334352704,0.12835937478763168
-16.61842,-35.82475,81.67522,-0.022587047230716955,-0.04869147128780157,0.11100947332653754
-17.94499,-30.28611,71.33384,-0.024390064559972818,-0.0411635881753313,0.09695391097519537
-18.68613,-25.50124,63.3878,-0.025397390417940875,-0.034660197077811754,0.08615399252463472
-19.29134,-21.88649,57.25043,-0.02621996602106694,-0.0297471831464492,0.07781234114848794
-20.42289,-19.53256,51.71096,-0.027757920489296633,-0.02654782195039076,0.07028332993544002
0.0,0.0,0.0,0.0,0.0,0.0
0.0,0.0,0.0,0.0,0.0,0.0
0.0,0.0,0.0,0.0,0.0,0.0
0.0,0.0,0.0,0.0,0.0,0.0
0.0,0.0,0.0,0.0,0.0,0.0
0.0,0.0,0.0,0.0,0.0,0.0
0.0,0.0,0.0,0.0,0.0,0.0
0.0,0.0,0.0,0.0,0.0,0.0
1.642912,41.05201,108.5199,0.002232975874957526,0.055796139993204215,0.1474956167176351
12.31682,44.91053,211.6215,0.0167404960924227,0.061040475705062866,0.2876269113149847
15.89625,43.79739,345.5128,0.021605504587155964,0.059527543323139656,0.46960625212368334
9.828263,39.32493,500.2899,0.013358155623513421,0.05344876656472987,0.6799726809378185
-5.238742,34.72315,661.203,-0.007120274549779137,0.04719422358137954,0.8986788990825688
-25.1101,33.82824,811.7512,-0.03412857628270472,0.0459779001019368,1.1032975874957527
-43.29204,39.69671,937.652,-0.05884069317023446,0.05395407407407408,1.274416581719334
-53.42489,53.45801,1030.477,-0.07261283044512402,0.0726578457356439,1.4005803601766906
-51.75654,73.95076,1089.631,-0.07034528032619776,0.1005107169554876,1.4809799524294938
-38.42029,98.25223,1121.874,-0.05221921848453959,0.13354023785253144,1.524803261977574
-16.95708,122.7064,1138.628,-0.023047339449541286,0.1667773020727149,1.5475745837580699
7.481856,143.9076,1152.253,0.010169019367991845,0.19559306829765546,1.5660931022765885
30.17586,159.3395,1172.655,0.04101374108053007,0.21656744818212706,1.593822629969419
48.11816,167.656,1205.238,0.06540014950730548,0.2278708800543663,1.6381080530071357
60.17754,168.682,1250.542,0.08179074413863405,0.22926537546721032,1.6996833163438667
66.50383,163.215,1305.266,0.09038916751613998,0.2218348623853211,1.774061841658172
67.87261,152.7038,1364.014,0.09224955487597689,0.20754848793747877,1.8539096160380564
65.41363,138.8676,1421.113,0.08890741420319402,0.1887429153924567,1.9315161399932044
60.63741,123.3284,1472.04,0.08241577981651377,0.1676226979272851,2.0007339449541286
55.36311,107.3458,1514.175,0.07524717635066258,0.1458998301053347,2.0580020387359834
51.30257,91.7211,1546.822,0.06972826367652056,0.12466340468909277,2.1023744478423376
49.46819,76.85081,1570.665,0.06723505266734625,0.10445234114848793,2.1347808358817533
49.82772,62.84196,1586.978,0.06772371049949032,0.08541211009174313,2.156952769283045
51.48656,49.62609,1596.903,0.06997833503227999,0.0674496636085627,2.1704424057084606
53.2814,37.06916,1601.0,0.07241780496092422,0.0503828202514441,2.17601087325858
54.38459,25.09396,1599.159,0.07391721372748897,0.03410663948352022,2.173508664627931
54.56647,13.77965,1590.796,0.074164417261298,0.01872871219843697,2.162142031940197
54.04545,3.356453,1575.232,0.07345626911314986,0.004561947672443086,2.1409881073734285
53.12492,-5.931114,1552.091,0.07220512402310568,-0.008061317023445464,2.1095358477743797
51.90073,-14.00626,1521.585,0.07054125722052328,-0.019036710839279644,2.068073394495413
50.21274,-21.07196,1484.578,0.0682470132517839,-0.0286401087325858,2.017775059463133
47.8164,-27.60759,1442.457,0.06499001019367992,-0.037523058103975535,1.9605259938837922
44.60453,-34.26536,1396.854,0.06062457356439008,-0.04657201495073055,1.8985443425076454
40.70084,-41.70269,1349.316,0.055318844716275906,-0.05668051647978253,1.8339327217125383
36.36491,-50.40044,1301.01,0.049425633707101596,-0.06850212708120966,1.768277268093782
31.79801,-60.51937,1252.578,0.04321849813115868,-0.08225534488617058,1.7024505606523954
27.00819,-71.83047,1204.157,0.03670837920489296,-0.09762890927624873,1.636638803941556
21.83461,-83.73937,1155.528,0.029676670064559974,-0.11381497791369351,1.5705443425076453
16.10502,-95.41083,1106.309,0.021889255861365954,-0.1296783282364934,1.5036479782534828
9.809751,-105.9661,1056.127,0.01333299490316004,-0.14402460074753654,1.4354427454977914
3.182585,-114.6931,1004.703,0.004325633707101597,-0.1558859667006456,1.3655494393476044
-3.344051,-121.2012,951.8699,-0.004545091403329936,-0.164731498470948,1.293740944614339
-9.270493,-125.4637,897.5955,-0.012600058443764866,-0.1705249065579341,1.219973496432212
-14.18079,-127.7235,842.0069,-0.019273924566768602,-0.17359633027522936,1.144419843696908
-17.8524,-128.3065,785.414,-0.024264220183486236,-0.1743887189942236,1.0675011892626571
-20.28729,-127.4563,728.2905,-0.027573618756371047,-0.17323316343866801,0.989861365953109
-21.66275,-125.2871,671.2161,-0.029443085287121983,-0.17028487937478762,0.9122882772680938
-22.24126,-121.8552,614.8017,-0.030229371389738365,-0.1656203873598369,0.8356122324159021
-22.29842,-117.262,559.6287,-0.03030706082229018,-0.15937750594631328,0.7606234454638124
-22.09926,-111.6983,506.2182,-0.030036371049949034,-0.15181556235134216,0.6880301732925587
-21.89893,-105.4078,455.0255,-0.029764091063540606,-0.14326578321440706,0.6184512402310568
-21.9192,-98.62178,406.4413,-0.029791641182466872,-0.13404251444104656,0.552417669045192
-22.28647,-91.53216,360.7925,-0.030290818892286783,-0.12440660550458717,0.49037376826367657
-22.97383,-84.32114,318.3351,-0.031225049269452937,-0.11460569486918111,0.43266748216106016
-23.80809,-77.19825,279.2309,-0.03235893985728848,-0.10492456676860347,0.3795187223921169
-24.55646,-70.39037,243.51,-0.03337609242269793,-0.09567158681617398,0.33096839959225277
-25.04264,-64.08244,211.0486,-0.034036887529731566,-0.0870981175671084,0.2868482500849473
-25.21906,-58.35451,181.5967,-0.03427667006455997,-0.07931295956506966,0.24681848453958546
-25.16281,-53.15764,154.8653,-0.034200217465171594,-0.07224959565069657,0.2104863064899762
-25.02273,-48.33563,130.6426,-0.03400982670744138,-0.06569572545022087,0.17756384641522255
-24.96637,-43.67742,108.8941,-0.03393322460074754,-0.05936448521916411,0.14800421338769962
-25.14784,-38.98648,89.80407,-0.034179870880054364,-0.05298875976894325,0.12205785932721712
-25.67935,-34.15412,73.72644,-0.03490227658851512,-0.04642082229018009,0.10020583078491335
-26.58192,-29.21511,61.02157,-0.03612901121304791,-0.03970793068297655,0.08293791369351002
-27.71997,-24.36037,51.79435,-0.0376758002038736,-0.03310957526333673,0.07039667006455998
0.0,0.0,0.0,0.0,0.0,0.0
0.0,0.0,0.0,0.0,0.0,0.0
0.0,0.0,0.0,0.0,0.0,0.0
0.0,0.0,0.0,0.0,0.0,0.0
0.0,0.0,0.0,0.0,0.0,0.0
0.0,0.0,0.0,0.0,0.0,0.0
0.0,0.0,0.0,0.0,0.0,0.0
0.0,0.0,0.0,0.0,0.0,0.0
0.0,0.0,0.0,0.0,0.0,0.0
0.0,0.0,0.0,0.0,0.0,0.0
-30.83501,17.72803,55.60129,-0.04190962962962963,0.02409518178729188,0.07557090044172612
-37.96693,25.75186,141.7877,-0.05160303092082908,0.0350008290859667,0.19271179068977234
-42.96877,31.97846,261.7538,-0.05840131838260278,0.0434637580699966,0.3557645939517499
-43.25326,35.723,408.4671,-0.05878798504926945,0.04855317703024125,0.5551710499490317
-37.03336,37.59593,569.3886,-0.050334162419300034,0.0510987835541964,0.7738886850152905
-24.19221,39.63667,729.0888,-0.03288101936799184,0.05387247026843357,0.990946381243629
-6.691362,44.80004,872.9115,-0.00909461365953109,0.06089030241250425,1.1864240570846076
11.77733,55.88975,990.4894,0.01600724430852871,0.07596296296296297,1.3462309208290861
26.8717,74.33788,1077.922,0.03652286782195039,0.10103687393815834,1.4650655793408087
35.02429,99.37569,1137.968,0.047603520217465174,0.13506719673802242,1.5466775399252464
34.64117,128.0182,1178.355,0.04708279986408427,0.17399687393815835,1.6015698267074414
26.59805,155.9054,1208.918,0.03615093442065919,0.21189996602106692,1.6431097519537885
13.85098,178.6153,1238.616,0.018825660890248046,0.24276629289840299,1.683474006116208
0.3321476,192.8866,1273.359,0.0004514408426775399,0.26216323479442744,1.7306952089704382
-10.4216,197.3348,1315.131,-0.014164593951749915,0.26820903839619437,1.7874699286442406
-16.36022,192.5258,1362.423,-0.022236112810057766,0.26167285083248387,1.8517471967380223
-17.31614,180.5159,1411.553,-0.0235353584777438,0.2453495073054706,1.9185225959904861
-14.61958,164.0924,1458.275,-0.01987030920829086,0.22302738702004757,1.9820251444104657
-10.22315,145.9807,1499.113,-0.013894869181107715,0.19841073734284745,2.0375304111450903
-5.823593,128.2279,1532.071,-0.007915179068977233,0.17428188922867824,2.0823255181787292
-2.380791,111.8916,1556.711,-0.0032358695208970435,0.1520782874617737,2.1158151546041455
-0.1346337,97.08874,1573.731,-0.00018298837920489297,0.13195887189942235,2.138948012232416
1.075689,83.34626,1584.306,0.0014620305810397552,0.11328067957866123,2.1533211009174313
1.485905,70.07514,1589.453,0.0020195786612300375,0.09524313965341488,2.160316683656133
1.257465,56.94591,1589.639,0.001709092762487258,0.0773984505606524,2.1605694869181105
0.4928724,44.02538,1584.714,0.0006698911314984709,0.05983741760108732,2.1538756371049947
-0.7072495,31.67631,1574.111,-0.0009612633367312266,0.04305308868501529,2.139464492014951
-2.228013,20.32413,1557.183,-0.0030282201834862382,0.027623690112130478,2.1164566768603468
-3.946705,10.21704,1533.52,-0.00536419300033979,0.013886564729867483,2.084294937138974
-5.703771,1.276788,1503.144,-0.007752322120285423,0.001735355759429154,2.0430091743119267
-7.231914,-6.913479,1466.547,-0.00982930886850153,-0.009396505606523956,1.9932680937818552
-8.111921,-14.99303,1424.594,-0.011025376826367653,-0.020377886510363572,1.9362473666326878
-7.835863,-23.62486,1378.368,-0.010650170574243969,-0.032109901461094124,1.8734189602446483
-5.99445,-33.2714,1329.022,-0.008147400611620795,-0.04522106693849813,1.8063499830105334
-2.517094,-44.00477,1277.674,-0.0034211267414203197,-0.05980940536867142,1.7365599728168535
2.16132,-55.41784,1225.318,0.0029375739041794086,-0.07532156303092083,1.6653999320421338
7.124093,-66.69644,1172.731,0.009682763166836562,-0.09065095480801902,1.593925925925926
11.23249,-76.86255,1120.362,0.015266721032959566,-0.10446829765545362,1.5227482161060144
13.55067,-85.11273,1068.254,0.01841749235474006,-0.11568159021406728,1.4519252463472645
13.74969,-91.10967,1016.068,0.018687991845056064,-0.12383237512742098,1.3809962623173633
12.27277,-95.08482,963.2314,0.016680625212368332,-0.12923522935779816,1.3091830105334692
10.14684,-97.69545,909.1662,0.013791151885830783,-0.1327834862385321,1.2356998980632008
8.519299,-99.70783,853.5315,0.011579067618076793,-0.1355186272511043,1.1600835881753313
8.15633,-101.6692,796.3943,0.011085735643900783,-0.13818443764865784,1.0824251444104656
9.147104,-103.7166,738.2899,0.01243235338090384,-0.14096717635066258,1.0034521236833163
10.92446,-105.5741,680.1451,0.014848059802922187,-0.1434918110771322,0.9244241930003397
12.5487,-106.7003,623.0782,0.01705565749235474,-0.14502249405368672,0.846861297995243
13.1057,-106.5155,568.1429,0.017812708120965002,-0.1447713217804961,0.772195582738702
12.05905,-104.6285,516.1191,0.016390146109412165,-0.14220659191301394,0.7014870540265036
9.435477,-100.9881,467.4247,0.01282429765545362,-0.13725871559633027,0.6353037037037037
5.789096,-95.90792,422.1532,0.00786829221882433,-0.13035395174991507,0.5737726129799524
1.970416,-89.96132,380.1909,0.0026781053346924904,-0.12227158681617398,0.516739245667686
-1.199735,-83.79447,341.3505,-0.0016306286102616377,-0.11388986748216107,0.46394903160040774
-3.218646,-77.93556,305.4684,-0.00437464627930683,-0.1059266870540265,0.41517961264016306
-4.04888,-72.67072,272.4309,-0.005503064899762147,-0.0987709412164458,0.3702764525993884
-4.087204,-68.02354,242.1313,-0.005555153244988107,-0.09245469249065578,0.32909452939177714
-3.98476,-63.8272,214.3941,-0.005415915732246007,-0.08675120625212368,0.2913953109072375
-4.392296,-59.83887,188.9261,-0.005969821270812097,-0.0813304383282365,0.2567802922188243
-5.720909,-55.83706,165.3487,-0.007775615358477744,-0.07589134896364254,0.22473489636425417
-7.999715,-51.66873,143.322,-0.010872871219843696,-0.07022593272171253,0.19479714576962284
-10.88011,-47.25491,122.7164,-0.014787781175671083,-0.06422685694869182,0.16679089364593952
-13.78521,-42.58592,103.7371,-0.018736269113149847,-0.057880965001698946,0.14099503907577302
-16.14795,-37.7292,86.90811,-0.021947604485219166,-0.05127991845056065,0.11812179408766564
-17.64745,-32.8479,72.87525,-0.023985660890248044,-0.044645463812436295,0.09904892966360855
-18.35731,-28.20426,62.06664,-0.02495047230716955,-0.03833402650356779,0.08435832823649338
-18.75127,-24.11129,54.32156,-0.02548592592592593,-0.03277103635745838,0.0738315460414543
0.0,0.0,0.0,0.0,0.0,0.0
0.0,0.0,0.0,0.0,0.0,0.0
0.0,0.0,0.0,0.0,0.0,0.0
0.0,0.0,0.0,0.0,0.0,0.0
0.0,0.0,0.0,0.0,0.0,0.0
0.0,0.0,0.0,0.0,0.0,0.0
0.0,0.0,0.0,0.0,0.0,0.0
0.0,0.0,0.0,0.0,0.0,0.0
0.0,0.0,0.0,0.0,0.0,0.0
3.739631,37.01276,81.06929,0.005082746856948692,0.050306163778457355,0.11018591913013931
18.22814,40.85017,173.6208,0.024774909955827387,0.05552180767923887,0.23597798165137615
26.9857,39.07106,298.2421,0.036677811756710844,0.05310371729527693,0.40535793408086984
26.46566,32.70547,446.242,0.0359709955827387,0.044451879034998296,0.6065130818892287
15.94443,24.81238,603.6089,0.02167098878695209,0.033723927964661914,0.8203994563370709
-1.644864,19.67253,753.8744,-0.0022356289500509684,0.026738063200815492,1.0246339109751954
-20.44148,21.33453,881.9593,-0.027783187223921167,0.02899698267074414,1.1987214407067617
-33.83013,32.10545,977.9128,-0.04598046890927624,0.0436363574583758,1.3291373428474345
-37.0748,51.68949,1039.321,-0.05039048589874279,0.0702541488277268,1.4126007475365272
-29.07966,77.36035,1071.478,-0.03952383282364934,0.10514488617057424,1.4563071695548762
-12.41383,104.9643,1085.257,-0.01687234794427455,0.14266299694189602,1.4750349983010533
8.249527,130.1688,1093.548,0.011212405028882095,0.176919877675841,1.48630377166157
28.26682,149.4649,1107.597,0.038419055385660886,0.20314631328576283,1.5053985728848114
44.56766,160.7505,1134.383,0.06057446143391097,0.21848521916411823,1.541804960924227
56.01207,163.5166,1175.669,0.07612921508664629,0.22224478423377508,1.5979191301393139
62.79112,158.6966,1228.661,0.08534301053346925,0.21569364593951748,1.6699435949711179
65.61024,148.2483,1287.707,0.0891746381243629,0.2014927624872579,1.7501963982330957
65.27541,134.5621,1346.351,0.08871955147808358,0.1828910635406048,1.8299028202514442
62.74901,119.828,1399.113,0.08528577641862045,0.16286510363574583,1.9016146788990826
59.28378,105.5466,1442.619,0.08057598369011212,0.1434544342507645,1.9607461773700305
56.24741,92.34878,1475.876,0.07644907917091404,0.1255165205572545,2.005947672443085
54.64094,80.1539,1499.793,0.0742656337071016,0.10894176010873258,2.038454638124363
54.68173,68.52326,1516.256,0.07432107373428475,0.09313389058783553,2.060830445124023
55.81605,57.00448,1527.143,0.07586279306829766,0.07747805640502889,2.075627590893646
57.17214,45.34757,1533.621,0.07770593272171254,0.061634481821270806,2.0844322120285423
58.10799,33.59344,1535.878,0.0789779001019368,0.04565876996262318,2.0874998301053345
58.46909,22.07224,1533.294,0.07946869181107713,0.02999964661909616,2.083987767584098
58.44123,11.30257,1524.882,0.07943082568807339,0.015361970778117566,2.072554536187564
58.19867,1.778829,1509.806,0.07910114848793748,0.0024177084607543324,2.0520638803941558
57.65987,-6.277922,1487.794,0.07836883452259599,-0.008532683656133197,2.0221461094121644
56.52419,-13.06871,1459.302,0.07682526673462453,-0.017762432891607203,1.983420998980632
54.51909,-19.18694,1425.435,0.07410002038735984,-0.026078069996602105,1.9373904179408765
51.63392,-25.43816,1387.672,0.07017862045531771,-0.03457446143391098,1.886064559972817
48.15022,-32.59356,1347.515,0.06544372409106354,-0.04429977573904179,1.8314848793747878
44.44704,-41.16412,1306.166,0.060410519877675845,-0.05594851512062521,1.775285083248386
40.72804,-51.25864,1264.338,0.05535581379544682,-0.06966855589534489,1.718434250764526
36.86747,-62.55462,1222.233,0.050108691811077126,-0.08502156982670744,1.6612069317023446
32.4811,-74.38351,1179.654,0.04414692490655793,-0.10109889228678219,1.603335372069317
27.17277,-85.90883,1136.196,0.03693206931702345,-0.11676361535847773,1.544269113149847
20.80054,-96.34282,1091.422,0.028271206252123687,-0.13094504926945294,1.4834142031940198
13.60968,-105.1273,1044.988,0.018497696228338432,-0.14288453958545702,1.4203030920829087
6.173489,-112.0249,996.7066,0.008390742779476724,-0.15225946313285763,1.3546810737342847
-0.8088556,-117.1031,946.5739,-0.0010993620115528372,-0.15916153584777437,1.2865428474345906
-6.749907,-120.6216,894.7997,-0.009174185524974517,-0.16394373088685016,1.2161735643900782
-11.33972,-122.8613,841.809,-0.01541246347264696,-0.16698783554196397,1.144150866462793
-14.57884,-123.9826,788.1926,-0.019814937138973837,-0.16851185864763846,1.0712777437988448
-16.68657,-124.0,734.6047,-0.02267967380224261,-0.16853550798504927,0.9984433571185864
-17.9563,-122.8748,681.6413,-0.024405436629289838,-0.1670061841658172,0.9264577641862045
-18.65029,-120.6376,629.7462,-0.025348678219503904,-0.16396547740400952,0.8559241590214068
-18.98152,-117.4419,579.1833,-0.025798871899422357,-0.15962201834862386,0.7872012232415903
-19.15115,-113.5195,530.0815,-0.026029425756031264,-0.15429085966700645,0.7204641522256201
-19.36484,-109.0856,482.5231,-0.026319864084267754,-0.14826449201495073,0.6558248046211349
-19.78273,-104.2709,436.6333,-0.026887842337750597,-0.1417205572545022,0.5934533469249066
-20.43836,-99.11997,392.6364,-0.027778946653075093,-0.13471963302752293,0.5336546381243629
-21.21027,-93.63957,350.8547,-0.028828093781855253,-0.12727090723751275,0.4768667346245328
-21.89545,-87.84951,311.6406,-0.029759361196058445,-0.11940130479102956,0.4235686034658512
-22.34557,-81.80269,275.2628,-0.030371145090044172,-0.11118272511043154,0.3741254502208631
-22.5675,-75.58028,241.8007,-0.030672782874617735,-0.10272549099558274,0.3286451919809718
-22.71519,-69.27674,211.1011,-0.030873516819571865,-0.09415798844716276,0.2869196058443765
-22.98736,-62.97864,182.8283,-0.031243438668025824,-0.08559787971457695,0.2484924226979273
-23.51654,-56.74234,156.6017,-0.031962677539925245,-0.07712176690451919,0.21284634726469587
-24.32993,-50.58777,132.1904,-0.03306820251444105,-0.0687567380224261,0.17966755011892627
-25.39215,-44.52304,109.6984,-0.03451192660550459,-0.06051381583418281,0.14909738362215427
-26.66887,-38.58891,89.65233,-0.03624718994223581,-0.0524483995922528,0.12185162079510704
-28.13705,-32.89371,72.90518,-0.038242677539925246,-0.044707726809378186,0.0990896092422698
-29.72254,-27.61753,60.3189,-0.04039760788311247,-0.03753656812776079,0.081982874617737
-31.22142,-22.98338,52.27648,-0.04243482161060143,-0.031238029221882433,0.07105196058443765
0.0,0.0,0.0,0.0,0.0,0.0
0.0,0.0,0.0,0.0,0.0,0.0
0.0,0.0,0.0,0.0,0.0,0.0
0.0,0.0,0.0,0.0,0.0,0.0
0.0,0.0,0.0,0.0,0.0,0.0
0.0,0.0,0.0,0.0,0.0,0.0
0.0,0.0,0.0,0.0,0.0,0.0
0.0,0.0,0.0,0.0,0.0,0.0
0.0,0.0,0.0,0.0,0.0,0.0
0.0,0.0,0.0,0.0,0.0,0.0
-28.46489,23.77854,86.74296,-0.038688263676520555,0.03231877675840979,0.11789732925586136
-32.13894,30.6243,207.2221,-0.043681875637104996,0.04162324159021407,0.28164743459055386
-32.62454,35.10719,364.6141,-0.04434188243289161,0.047716194359497116,0.49556792388718995
-27.41984,37.57179,544.244,-0.03726787631668366,0.051065973496432215,0.7397132178049609
-15.2561,39.73558,726.1546,-0.020735440027183145,0.054006904519198096,0.9869583418280665
2.987551,44.4089,890.1327,0.004060551817872919,0.060358681617397214,1.209830377166157
24.12825,54.67234,1020.979,0.0327940876656473,0.07430831124702685,1.3876710839279647
43.51671,72.71673,1112.173,0.059146055045871566,0.0988334760448522,1.5116180767923888
56.57326,98.77904,1166.705,0.07689196058443765,0.1342562555215766,1.5857356439007815
60.33892,130.68,1195.002,0.08201008494733265,0.17761467889908258,1.6241957186544342
54.39254,164.2479,1210.9,0.07392801902820251,0.2232387359836901,1.6458036017669047
40.85129,194.4774,1227.249,0.05552332993544003,0.2643253822629969,1.6680244648318043
23.5667,216.9306,1252.621,0.032030852871219845,0.2948428134556575,1.7025090044172615
6.865743,228.8468,1289.935,0.009331624872579,0.31103880394155625,1.7532246007475365
-5.729682,229.6367,1337.024,-0.007787539245667686,0.3121124023105674,1.8172259599048588
-12.39419,220.7109,1388.56,-0.016845654094461433,0.29998083588175334,1.8872714916751614
-13.22613,204.8149,1438.451,-0.017976391437308867,0.27837567108392797,1.955081209650017
-9.792302,185.1622,1481.846,-0.013309278967040435,0.2516645599728169,2.014061841658172
-4.262033,164.6357,1516.2,-0.00579277336051648,0.22376581719334016,2.0607543323139654
1.442009,145.2274,1541.31,0.00195991709140333,0.19738688413183825,2.0948827726809376
6.13011,127.8176,1558.594,0.00833178389398573,0.17372422697927284,2.1183744478423376
9.380715,112.3246,1570.027,0.012749867482161061,0.15266680258239892,2.133913693510024
11.28697,98.13114,1577.181,0.01534076792388719,0.13337565749235475,2.143637104994903
12.15601,84.57025,1580.654,0.016521930003397894,0.11494427454977914,2.148357458375807
12.30577,71.26486,1580.036,0.016725477404009516,0.09686015630309208,2.147517499150527
11.96779,58.23412,1574.259,0.01626610941216446,0.07914933061501868,2.139665647298675
11.25075,45.79788,1562.128,0.015291539245667686,0.062246523955147806,2.1231777098199114
10.15229,34.35924,1542.802,0.013798559293238193,0.0466996126401631,2.096910635406048
8.639653,24.16118,1516.083,0.011742647638464151,0.03283884471627591,2.0605953109072375
6.789753,15.11747,1482.457,0.00922834250764526,0.020547020047570506,2.014892286782195
4.913099,6.787889,1442.927,0.006677674481821271,0.009225809038396194,1.9611647978253481
3.559021,-1.496224,1398.754,0.004837269452939177,-0.002033603805640503,1.9011267414203192
3.352427,-10.40867,1351.221,0.004556475705062861,-0.014147020047570508,1.8365219164118247
4.712817,-20.38486,1301.479,0.0064054597349643225,-0.02770623173632348,1.7689147128780156
7.590835,-31.43412,1250.483,0.010317138973836222,-0.04272391437308869,1.6996031260618416
11.3746,-43.07745,1198.957,0.015459870880054365,-0.058549031600407746,1.629571185864764
15.05048,-54.46217,1147.355,0.020455970098538907,-0.07402265715256541,1.5594359497111792
17.57855,-64.645,1095.819,0.023892014950730546,-0.08786272511043153,1.4893904179408766
18.32286,-72.94138,1044.178,0.024903649337410804,-0.09913881073734285,1.419202174651716
17.3296,-79.17484,992.0308,0.02355365273530411,-0.10761106354060483,1.348325925925926
15.30876,-83.69239,938.9072,0.02080701325178389,-0.11375112470268434,1.2761225959904858
13.32106,-87.13899,884.4783,0.018105416241930003,-0.11843559633027524,1.2021451580020388
12.31922,-90.1228,828.7236,0.016743758069996603,-0.12249106354060482,1.126365749235474
12.7527,-92.95107,772.0096,0.017332925586136597,-0.12633512742099898,1.0492825008494733
14.39641,-95.54355,715.0568,0.019566986068637444,-0.12985871559633028,0.9718746856948691
16.45525,-97.51031,658.8021,0.022365273530411144,-0.13253185185185185,0.8954156982670745
17.88808,-98.32021,604.1903,0.02431271491675161,-0.13363263336731226,0.8211896704043493
17.81754,-97.49679,551.9722,0.024216839959225283,-0.1325134760448522,0.7502170574243969
15.86434,-94.79388,502.5803,0.021562133876996264,-0.12883979612640165,0.6830856948691811
12.27714,-90.30355,456.1119,0.01668656472986748,-0.12273673122663949,0.6199278287461774
7.817164,-84.45972,412.4079,0.010624755691471288,-0.11479404689092763,0.5605272171253822
3.463054,-77.93121,371.1985,0.0047068352021746515,-0.10592077471967379,0.5045171593611961
0.06857868,-71.43792,332.2657,9.320921508664628e-05,-0.09709537206931704,0.4516013591573224
-1.898787,-65.55498,295.5599,-0.002580750254841998,-0.08909953109072376,0.4017124023105675
-2.466156,-60.57835,261.2232,-0.003351893985728848,-0.08233550798504927,0.35504342507645265
-2.102134,-56.50005,229.5137,-0.0028571308188922867,-0.07679245667686035,0.31194522595990487
-1.540419,-53.08819,200.6727,-0.002093671763506626,-0.07215520217465171,0.2727457696228338
-1.543423,-50.01922,174.7973,-0.002097754672103296,-0.06798398912674142,0.23757703024125043
-2.673121,-46.99292,151.7734,-0.0036331919809717977,-0.0638707713217805,0.2062839279646619
-5.125731,-43.78462,131.3043,-0.0069666748216106016,-0.05951018688413184,0.1784632008154944
-8.669974,-40.23973,113.0257,-0.011783858647638463,-0.05469212368331634,0.15361970778117567
-12.70795,-36.25477,96.66143,-0.017272103295956506,-0.049275936119605845,0.13137809038396195
-16.45063,-31.79055,82.14475,-0.02235899422358138,-0.04320835881753313,0.11164763846415222
-19.16647,-26.92633,69.63746,-0.02605024804621135,-0.036597118586476386,0.09464826367652056
-20.43269,-21.91693,59.41049,-0.027771240231056746,-0.029788555895344886,0.08074820251444105
-20.30958,-17.19283,51.6052,-0.027603914373088685,-0.023367760788311247,0.07013958545701665
0.0,0.0,0.0,0.0,0.0,0.0
0.0,0.0,0.0,0.0,0.0,0.0
0.0,0.0,0.0,0.0,0.0,0.0
0.0,0.0,0.0,0.0,0.0,0.0
0.0,0.0,0.0,0.0,0.0,0.0
0.0,0.0,0.0,0.0,0.0,0.0
0.0,0.0,0.0,0.0,0.0,0.0
0.0,0.0,0.0,0.0,0.0,0.0
0.0,0.0,0.0,0.0,0.0,0.0
0.0,0.0,0.0,0.0,0.0,0.0
-0.1962916,34.54575,79.02094,-0.000266791165477404,0.04695310907237513,0.10740188922867822
19.02644,41.42129,169.0122,0.025859925246347264,0.05629804960924227,0.22971416921508667
34.32981,43.77465,293.1668,0.0466596126401631,0.059496636085626914,0.3984598029221883
40.49638,41.87052,445.2959,0.05504095141012572,0.05690862385321101,0.6052271831464492
34.70398,37.88051,613.4189,0.04716816853550799,0.05148557254502209,0.8337327896704043
18.06215,35.29032,781.7614,0.024549303431872237,0.047965096839959226,1.0625367312266394
-4.362665,37.62436,934.0759,-0.005929548080190282,0.051137424396873944,1.2695560992184847
-25.25668,47.05576,1057.45,-0.03432780156303092,0.06395618076792389,1.437240910635406
-37.80656,63.60535,1145.389,-0.05138506286102616,0.08644967720013592,1.5567638464152225
-38.19429,85.30138,1199.052,-0.05191204892966361,0.11593799524294937,1.6297003058103974
-26.68363,109.0571,1226.173,-0.03626725110431533,0.14822575603126062,1.6665620115528372
-6.937299,131.6539,1238.205,-0.009428880733944954,0.17893836221542642,1.6829153924566767
15.85604,150.3837,1246.838,0.021550852871219845,0.20439510703363914,1.6946489976214747
36.97186,163.3243,1261.07,0.05025057424396874,0.22198341828066598,1.7139925246347263
53.36745,169.4347,1285.594,0.07253476044852192,0.230288413183826,1.7473244988107375
63.87697,168.5827,1320.693,0.08681885151206252,0.22913041114509003,1.7950295616717635
68.74745,161.4905,1363.285,0.09343860006795787,0.21949099558273868,1.852918790349983
69.06615,149.5457,1408.542,0.09387176350662588,0.20325613319741762,1.9144301732925586
66.37403,134.4735,1451.534,0.09021274889568469,0.18277064220183487,1.9728630648997623
62.40448,117.9505,1488.462,0.08481750594631328,0.16031328576282705,2.023054026503568
58.76605,101.2967,1517.259,0.07987230716955487,0.13767815154604146,2.0621936799184506
56.54611,85.35004,1537.505,0.07685505946313285,0.11600413183826029,2.0897111790689773
56.02534,70.51242,1549.886,0.07614725110431532,0.09583747196738024,2.1065389058783555
56.71587,56.87898,1555.49,0.07708579001019368,0.07730748216106013,2.1141556235134216
57.73833,44.37609,1555.212,0.07847547400611621,0.0603140876656473,2.113777777777778
58.31419,32.88337,1549.433,0.07925815834182807,0.044693673122663945,2.105923207611281
58.08446,22.32572,1538.023,0.07894591913013932,0.03034416581719334,2.0904152225620116
57.11128,12.69581,1520.578,0.07762321440706763,0.017255603126061843,2.0667047230716955
55.63694,3.982934,1496.772,0.07561935440027183,0.005413433910975196,2.034348623853211
53.80654,-3.940745,1466.672,0.0731315528372409,-0.005356092422697928,1.9934379884471627
51.54227,-11.37804,1430.888,0.07005405368671425,-0.01546454638124363,1.9448019028202512
48.62785,-18.76334,1390.512,0.06609289840299015,-0.025502330954808018,1.8899245667686033
44.91232,-26.55228,1346.898,0.06104290859667007,-0.03608872579001019,1.8306462793068297
40.46811,-35.0956,1301.361,0.05500252803261978,-0.0477004417261298,1.7687543323139654
35.58329,-44.53231,1254.913,0.04836328916072035,-0.06052641522256202,1.7056241930003397
30.59526,-54.73525,1208.115,0.041583771661569825,-0.07439381583418281,1.6420183486238533
25.69302,-65.33106,1161.095,0.03492085626911315,-0.08879518858307849,1.5781107713217806
20.83614,-75.78264,1113.676,0.028319592252803262,-0.10300053007135576,1.5136608902480462
15.84968,-85.49962,1065.563,0.021542208630648995,-0.11620743459055384,1.4482677539925248
10.62316,-93.9473,1016.485,0.014438545701664968,-0.12768916072035338,1.381563030920829
5.270128,-100.7377,966.2834,0.0071629330615018685,-0.13691838260278627,1.3133311586816174
0.1430786,-105.6941,914.9115,0.00019446632687733606,-0.1436549099558274,1.2435086646279307
-4.300867,-108.8775,862.4248,-0.0058455548759768945,-0.14798165137614677,1.1721709819911654
-7.700975,-110.5485,808.9986,-0.010466836561331974,-0.15025280326197757,1.099556371049949
-9.947852,-111.0537,754.9639,-0.013520695888549098,-0.1509394495412844,1.0261147128780155
-11.21376,-110.6835,700.8134,-0.015241264016309888,-0.1504362895005097,0.9525156642881414
-11.85312,-109.5896,647.1497,-0.016110254841997962,-0.1489495073054706,0.8795782534828407
-12.23788,-107.8002,594.5911,-0.016633204213387702,-0.14651743119266056,0.8081428474345905
-12.62288,-105.2969,543.6795,-0.017156479782534827,-0.14311505266734623,0.7389459734964322
-13.10744,-102.0834,494.8264,-0.017815073054706084,-0.1387474006116208,0.6725469249065579
-13.68792,-98.20702,448.3132,-0.018604036697247705,-0.133478790349983,0.609328168535508
-14.3336,-93.73923,404.3193,-0.019481617397213727,-0.12740636085626914,0.5495335372069317
-15.02106,-88.75349,362.9599,-0.02041598369011213,-0.12062995582738702,0.4933196058443765
-15.7218,-83.32917,324.3168,-0.021368399592252802,-0.11325745158002039,0.4407975535168196
-16.38838,-77.57739,288.4476,-0.022274386680258242,-0.10543987767584097,0.3920456676860347
-16.97671,-71.65974,255.3561,-0.023074019707781175,-0.09739686034658511,0.3470691131498471
-17.49153,-65.77658,224.9442,-0.023773741080530073,-0.0894007203533809,0.30573455657492354
-18.00559,-60.12292,196.994,-0.0244724294937139,-0.08171650696568128,0.2677458375807
-18.6221,-54.83196,171.2161,-0.025310363574583758,-0.07452525993883792,0.23270961603805643
-19.40694,-49.93542,147.3586,-0.02637708460754332,-0.06787009174311927,0.20028352021746518
-20.3494,-45.3625,125.3361,-0.027658036017669044,-0.06165477404009514,0.17035147808358816
-21.3838,-40.97857,105.3282,-0.029063948352021748,-0.05569632347944274,0.14315759429153924
-22.4502,-36.64649,87.79692,-0.03051335372069317,-0.04980834522595991,0.11932982670744138
-23.5409,-32.28895,73.38042,-0.031995786612300375,-0.04388576282704723,0.09973553516819572
-24.69102,-27.9324,62.64013,-0.033558980632008156,-0.037964525993883794,0.085137791369351
-25.91201,-23.71676,55.69108,-0.03521849813115868,-0.032234808019028206,0.07569293917770982
-27.11006,-19.86395,51.83186,-0.036846836561331975,-0.0269982330954808,0.07044765205572545
0.0,0.0,0.0,0.0,0.0,0.0
0.0,0.0,0.0,0.0,0.0,0.0
0.0,0.0,0.0,0.0,0.0,0.0
0.0,0.0,0.0,0.0,0.0,0.0
0.0,0.0,0.0,0.0,0.0,0.0
0.0,0.0,0.0,0.0,0.0,0.0
0.0,0.0,0.0,0.0,0.0,0.0
0.0,0.0,0.0,0.0,0.0,0.0
0.0,0.0,0.0,0.0,0.0,0.0
-27.44756,17.56287,95.57423,-0.03730555215766225,0.023870703363914374,0.12990041454298334
-33.14617,27.73754,207.3103,-0.045050859667006456,0.03769968059802922,0.28176731226639484
-38.38469,38.17185,353.8008,-0.05217083248386001,0.051881549439347606,0.4808709480122324
-40.86606,48.60735,522.9612,-0.05554340468909276,0.0660650356778797,0.7107865443425075
-38.49772,59.50435,697.6197,-0.05232445803601767,0.08087577302072715,0.9481749235474005
-30.26732,71.93502,859.5818,-0.04113804960924227,0.09777100917431192,1.1683068977234115
-16.86233,87.05317,994.1976,-0.022918559293238192,0.1183189534488617,1.3512709480122325
-0.696718,105.3612,1093.859,-0.0009469493713897383,0.14320244648318042,1.486726469588855
14.73869,126.1753,1159.262,0.02003219843696908,0.17149208290859666,1.575619435949711
25.96874,147.6234,1198.162,0.03529560312606184,0.2006434250764526,1.6284906557934082
30.64066,167.2211,1222.272,0.041645477404009514,0.22727978253482842,1.6612599388379203
28.2215,182.7225,1243.476,0.038357458375807,0.248348623853211,1.6900795107033642
20.04207,192.7867,1270.625,0.02724032619775739,0.2620274549779137,1.7269792728508324
8.713994,197.1621,1307.771,0.011843688752973156,0.26797431192660554,1.7774665307509343
-2.801606,196.4269,1354.105,-0.0038078233095480804,0.2669750594631328,1.8404417261297996
-12.07604,191.5552,1405.303,-0.016413238192320764,0.26035365273530414,1.9100278627251106
-17.72533,183.5726,1455.582,-0.024091512062521237,0.24950404349303432,1.9783649337410807
-19.46288,173.3954,1499.732,-0.026453115868161736,0.23567162759089363,2.0383717295276926
-17.83248,161.7932,1534.495,-0.024237145769622836,0.21990241250424739,2.0856201155283722
-13.84842,149.3696,1559.015,-0.01882218144750255,0.20301678559293238,2.1189466530750938
-8.694718,136.5217,1574.443,-0.011817489636425416,0.1855544682296976,2.1399157322460076
-3.505071,123.4306,1582.989,-0.0047639429153924565,0.1677616038056405,2.1515310907237515
0.8168584,110.1416,1586.876,0.0011102390757730207,0.14969976214746855,2.1568141352361536
3.7408,96.70974,1587.534,0.005084335711858648,0.13144375127420999,2.1577084607543324
5.159,83.31755,1585.284,0.007011892626571525,0.1132416581719334,2.1546503567787973
5.290265,70.28567,1579.491,0.007190302412504247,0.0955292830445124,2.146776758409786
4.481596,57.97426,1569.011,0.006091194019707781,0.07879613999320421,2.1325327896704045
3.03965,46.63576,1552.717,0.004131362555215766,0.06338533469249065,2.11038668025824
1.207856,36.29704,1529.906,0.0016416663268773361,0.04933338769962624,2.079382942575603
-0.7196432,26.72532,1500.494,-0.0009781083248386001,0.036323914373088684,2.039407407407407
-2.282184,17.48611,1464.988,-0.0031018470948012233,0.02376637444784234,1.9911491675161401
-2.882556,8.064159,1424.314,-0.003917847094801224,0.010960460754332314,1.935866802582399
-1.996484,-1.985861,1379.6,-0.0027135358477743798,-0.002699097519537887,1.875093442065919
0.548193,-12.88395,1332.0,0.0007450805300713558,-0.01751131498470948,1.8103975535168195
4.391987,-24.50068,1282.573,0.005969401291199457,-0.0333002786272511,1.7432184845395855
8.679392,-36.32173,1232.202,0.011796659191301392,-0.049366945293917774,1.6747563710499491
12.31349,-47.55346,1181.509,0.016735970098538906,-0.06463263336731227,1.6058566089024804
14.33408,-57.36695,1130.782,0.019482269792728508,-0.07797071015970099,1.5369106354060482
14.27429,-65.19343,1079.952,0.019401005776418623,-0.08860812776078832,1.4678246687054026
12.35235,-70.93303,1028.662,0.016788786952089702,-0.09640914712878015,1.3981134896364256
9.406461,-74.97172,976.434,0.012784860346585117,-0.10189836221542645,1.3271274209989805
6.581817,-78.00403,922.8797,0.008945724770642201,-0.10601974855589534,1.254338702004757
4.895172,-80.75799,867.8749,0.006653308868501529,-0.1097628134556575,1.1795785253143052
4.863233,-83.74582,811.66,0.006609898742779477,-0.11382374447842337,1.1031736323479442
6.341402,-87.11676,754.852,0.008618962962962964,-0.11840538226299695,1.0259626231736323
8.613708,-90.62668,698.3585,0.011707384301732926,-0.123175915732246,0.9491790689772341
10.67478,-93.7172,643.202,0.014508705402650358,-0.12737641862045532,0.874212708120965
11.5909,-95.69094,590.306,0.01575385660890248,-0.13005904179408767,0.802318722392117
10.8178,-95.94024,540.3175,0.014703092082908598,-0.13039787971457698,0.7343764865783214
8.373826,-94.15232,493.5231,0.011381346924906556,-0.12796781515460415,0.6707755351681958
4.813256,-90.41136,449.8697,0.0065419721372748894,-0.1228832619775739,0.6114436969079171
1.014629,-85.15841,409.0674,0.0013790404349303433,-0.11574367652055725,0.5559869520897044
-2.132287,-79.03564,370.7347,-0.002898113489636425,-0.10742186884131838,0.503886782195039
-4.025209,-72.69197,334.5455,-0.005470892286782195,-0.09879982330954808,0.45469996602106694
-4.533453,-66.63142,300.3305,-0.006161675840978593,-0.09056258239891268,0.40819639823309545
-4.014925,-61.14547,268.0995,-0.0054569147128780155,-0.08310631328576283,0.36438939857288477
-3.17168,-56.32111,237.9753,-0.00431081209650017,-0.07654924906557933,0.32344587155963306
-2.798782,-52.08977,210.074,-0.0038039850492694533,-0.07079819232076114,0.28552361535847776
-3.513133,-48.28586,184.3989,-0.00477490044172613,-0.06562808019028202,0.25062711518858305
-5.55618,-44.6979,160.8106,-0.007551722731906218,-0.06075147808358817,0.21856690451919808
-8.738133,-41.1087,139.0889,-0.01187649745158002,-0.05587319062181447,0.18904369690791709
-12.53364,-37.32662,119.0564,-0.01703518858307849,-0.05073274889568467,0.16181637784573563
-16.27437,-33.21392,100.701,-0.022119429153924567,-0.045142942575603126,0.13686850152905197
-19.35444,-28.72177,84.23613,-0.02630572884811417,-0.0390374040095141,0.11449015290519877
-21.38517,-23.93323,70.04573,-0.029065810397553515,-0.03252902480462113,0.09520316683656134
-22.27923,-19.09272,58.49844,-0.030280978593272168,-0.02595001019367992,0.07950858307849133
0.0,0.0,0.0,0.0,0.0,0.0
0.0,0.0,0.0,0.0,0.0,0.0
0.0,0.0,0.0,0.0,0.0,0.0
0.0,0.0,0.0,0.0,0.0,0.0
0.0,0.0,0.0,0.0,0.0,0.0
0.0,0.0,0.0,0.0,0.0,0.0
0.0,0.0,0.0,0.0,0.0,0.0
0.0,0.0,0.0,0.0,0.0,0.0
0.0,0.0,0.0,0.0,0.0,0.0
0.0,0.0,0.0,0.0,0.0,0.0
0.0,0.0,0.0,0.0,0.0,0.0
6.931776,31.96172,108.1839,0.009421374108053007,0.04344100577641862,0.14703893985728847
21.22436,35.61485,205.0602,0.028847244308528714,0.04840618416581719,0.27870907237512743
30.34218,35.49948,330.5996,0.04123979612640163,0.04824937818552497,0.44933686714237175
30.99804,32.67485,476.7079,0.042131213047910294,0.044410261637784575,0.647921032959565
22.31886,29.67284,630.9169,0.030334841997961264,0.0403300577641862,0.8575153244988108
6.462334,29.65806,778.7815,0.008783328576282706,0.04030996941896024,1.0584865783214408
-11.94582,35.18051,907.1022,-0.01623624872579001,0.04781584777437988,1.2328945973496432
-27.35284,47.13327,1007.031,-0.03717681277607883,0.06406152905198777,1.3687135575942915
-35.14013,64.46555,1076.021,-0.04776096500169895,0.08761882432891606,1.462481821270812
-33.03857,84.73829,1117.939,-0.04490461433910975,0.11517266734624533,1.5194549779136937
-21.57964,105.0869,1141.341,-0.02933012572205233,0.14282962962962964,1.551261977573904
-3.519703,123.0068,1156.638,-0.0047838301053346926,0.16718559293238192,1.5720530071355758
17.37259,136.6836,1173.2,0.02361208290859667,0.1857745158002039,1.5945633707101599
37.56048,145.001,1197.301,0.051050601427115185,0.19707917091403332,1.62732042133877
54.53356,147.4922,1231.323,0.07411968739381583,0.20046510363574582,1.6735616717635067
67.01391,144.3344,1274.145,0.09108244648318042,0.1961731566428814,1.7317635066258918
74.76018,136.3226,1322.329,0.10161084607543323,0.18528386000679578,1.7972531430513081
78.26691,124.7269,1371.569,0.10637704383282365,0.1695234794427455,1.8641780496092422
78.5318,111.0125,1417.941,0.1067370710159701,0.15088345225959907,1.927204892966361
76.86956,96.49188,1458.679,0.10447782534828408,0.13114764525993883,1.9825742439687395
74.66775,82.05764,1492.413,0.10148521916411825,0.11152924226979273,2.0284240570846075
73.05401,68.13144,1518.939,0.09929189262657154,0.09260134556574923,2.0644770642201835
72.57956,54.82271,1538.721,0.09864704043493035,0.07451268773360517,2.0913639143730887
73.09343,42.14958,1552.338,0.0993454706082229,0.057287910295616716,2.1098715596330275
73.91841,30.16837,1560.064,0.100466748216106,0.04100356099218484,2.1203724091063543
74.26695,18.97347,1561.686,0.10094046890927624,0.025787930682976554,2.122576962283384
73.6703,8.634567,1556.61,0.10012952769283044,0.011735734964322122,2.115677879714577
72.17329,-0.8498178,1544.171,0.09809485558953449,-0.0011550360856269113,2.098771321780496
70.19687,-9.557313,1524.003,0.09540858987427796,-0.012989891946992866,2.071359836901121
68.18763,-17.62189,1496.33,0.09267771661569826,-0.023950920829085967,2.0337478763166836
66.29815,-25.20762,1462.076,0.09010961603805641,-0.034261121304791024,1.9871913013931364
64.29009,-32.48728,1422.749,0.08738034658511723,-0.04415532449881074,1.933739721372749
61.68589,-39.63654,1380.125,0.0838408290859667,-0.05387229357798164,1.8758069996602107
58.04467,-46.8433,1335.831,0.07889183826027864,-0.06366741420319402,1.815604485219164
53.19017,-54.30724,1290.987,0.0722938090383962,-0.07381208290859667,1.7546544342507646
47.27569,-62.20358,1246.034,0.06425510023785252,-0.08454445124023106,1.6935562351342168
40.67691,-70.6147,1200.798,0.05528632008154944,-0.09597648657832145,1.6320733944954129
33.79933,-79.45762,1154.741,0.04593860686374448,-0.10799540604825009,1.5694746856948691
26.92518,-88.44179,1107.269,0.036595555555555555,-0.12020630648997621,1.5049527692830444
20.18666,-97.08982,1057.989,0.02743684675501189,-0.1319603397893306,1.4379734964322122
13.6595,-104.8377,1006.826,0.01856540944614339,-0.1424909276248726,1.3684349303431873
7.483432,-111.1839,954.016,0.010171161399932042,-0.1511164118246687,1.2966578321440707
1.900608,-115.812,899.9986,0.0025832252803261978,-0.15740672782874618,1.2232396873938158
-2.823717,-118.6274,845.2969,-0.0038378756371049948,-0.16123329935440026,1.1488914712878016
-6.533924,-119.7118,790.4202,-0.008880630648997622,-0.16270716955487596,1.074305402650357
-9.267045,-119.2516,735.8123,-0.012595372069317023,-0.16208168535507986,1.0000846755011894
-11.22996,-117.4859,681.8276,-0.01526328236493374,-0.1596818212708121,0.9267109751953788
-12.69651,-114.6815,628.7245,-0.017256554536187563,-0.15587020047570507,0.8545355079850493
-13.89828,-111.1091,576.6833,-0.018889949031600406,-0.15101474685694868,0.7838033299354401
-14.97088,-107.0068,525.8574,-0.020347781175671084,-0.14543907577302073,0.7147229357798165
-15.96747,-102.5376,476.4415,-0.02170230377166157,-0.13936472986748216,0.6475589534488617
-16.90502,-97.7708,428.7231,-0.022976581719334012,-0.13288589874277948,0.5827021406727828
-17.79921,-92.70222,383.0914,-0.024191926605504586,-0.1259969011213048,0.5206814814814815
-18.66939,-87.30405,339.9991,-0.025374638124362896,-0.11865993883792049,0.4621122663948352
-19.52665,-81.57617,299.8867,-0.02653978933061502,-0.11087484879374788,0.40759320421338774
-20.37029,-75.57488,263.0837,-0.027686428814135237,-0.10271815154604144,0.3575721372748896
-21.20278,-69.40904,229.7227,-0.028817913693510024,-0.09433780496092423,0.312229289840299
-22.047,-63.20787,199.7069,-0.02996534148827727,-0.08590943934760449,0.2714330954808019
-22.94133,-57.07661,172.7521,-0.031180876656472987,-0.07757609242269793,0.2347972816853551
-23.90827,-51.06488,148.4962,-0.032495100237852535,-0.06940520557254502,0.20182969758749575
-24.92104,-45.17035,126.6323,-0.03387161399932042,-0.06139361196058444,0.17211321780496092
-25.89866,-39.38208,107.0094,-0.03520035338090384,-0.05352644240570846,0.14544260958205912
-26.73691,-33.74517,89.65415,-0.036339667006456,-0.045864994903160046,0.12185409446143391
-27.35283,-28.41542,74.70375,-0.03717679918450561,-0.03862102616377846,0.10153414882772681
-27.71222,-23.66884,62.27284,-0.03766526673462453,-0.032169677200135915,0.08463858647638464
-27.82868,-19.83963,52.2978,-0.03782355419639823,-0.026965178389398572,0.0710809378185525
0.0,0.0,0.0,0.0,0.0,0.0
0.0,0.0,0.0,0.0,0.0,0.0
0.0,0.0,0.0,0.0,0.0,0.0
0.0,0.0,0.0,0.0,0.0,0.0
0.0,0.0,0.0,0.0,0.0,0.0
0.0,0.0,0.0,0.0,0.0,0.0
0.0,0.0,0.0,0.0,0.0,0.0
0.0,0.0,0.0,0.0,0.0,0.0
0.0,0.0,0.0,0.0,0.0,0.0
-30.02575,29.4044,81.86521,-0.04080971797485559,0.03996520557254502,0.11126769962623174
-30.33123,37.25402,148.9864,-0.041224913353720694,0.05063407407407407,0.2024959565069657
-30.16876,41.46757,244.6023,-0.0410040910635406,0.056360951410125724,0.33245300713557596
-29.35323,42.1113,367.1844,-0.03989565749235474,0.05723588175331295,0.49906136595310907
-27.5368,40.68976,510.2118,-0.037426843357118586,0.05530378525314305,0.6934581039755351
-24.10397,39.67794,662.7714,-0.03276108732585797,0.0539285626911315,0.9008106014271151
-18.27645,41.60463,811.6589,-0.024840570846075435,0.0565472375127421,1.1031721372748895
-9.554719,48.12658,944.4295,-0.012986366292898404,0.06541159361196058,1.2836282704723072
1.650734,59.52744,1052.36,0.002243607203533809,0.08090715596330275,1.4303227998640842
13.63521,74.78592,1132.3,0.018532395514780836,0.10164583078491336,1.5389738362215426
23.67807,92.05264,1186.855,0.03218222222222222,0.12511401970778116,1.613122663948352
28.99273,109.2641,1222.971,0.039405681277607886,0.14850710159700986,1.66220998980632
27.88417,124.6484,1249.485,0.037898973836221546,0.16941678559293238,1.6982466870540263
20.49339,136.9519,1274.503,0.027853741080530073,0.18613917770981991,1.7322500849473326
8.764103,145.3649,1303.475,0.01191179476724431,0.19757376826367654,1.7716275908936459
-4.291289,149.3313,1338.435,-0.005832536867142372,0.20296472986748215,1.81914373088685
-15.63419,148.479,1378.387,-0.021249323819232075,0.20180632008154945,1.873444784233775
-23.11003,142.7422,1420.453,-0.031410166496772,0.1940091063540605,1.9306190961603806
-25.93689,132.5377,1461.224,-0.03525231396534149,0.18013958545701664,1.9860332993544
-24.69357,118.8084,1497.833,-0.03356244648318043,0.16147930682976555,2.0357906897723415
-20.8967,102.8512,1528.496,-0.028401902820251443,0.13979096160380564,2.0774665307509346
-16.36212,86.00283,1552.531,-0.02223869520897044,0.11689137614678899,2.110133876996262
-12.59186,69.34365,1570.034,-0.017114318722392118,0.09424892966360855,2.1339232076112813
-10.39796,53.55691,1581.419,-0.014132463472646958,0.0727922663948352,2.149397213727489
-9.858746,38.96509,1587.012,-0.013399586816173972,0.05295968739381583,2.1569989806320082
-10.54757,25.65824,1586.837,-0.014335806999660212,0.03487358477743799,2.1567611281005776
-11.86272,13.61382,1580.628,-0.016123302752293577,0.018503323139653416,2.148322120285423
-13.28698,2.762672,1568.011,-0.018059096160380563,0.0037549058783554194,2.131173632347944
-14.49582,-6.991545,1548.731,-0.0197020998980632,-0.009502609582059124,2.104969079170914
-15.33511,-15.77873,1522.826,-0.020842827047230717,-0.021445776418620454,2.0697601087325856
-15.7405,-23.78637,1490.687,-0.021393815834182806,-0.03232941896024465,2.026078151546041
-15.65905,-31.29148,1453.002,-0.021283112470268435,-0.04253004417261298,1.9748583078491335
-15.00064,-38.66831,1410.634,-0.020388229697587495,-0.05255631668365613,1.917273530411145
-13.6299,-46.33485,1364.502,-0.018525178389398572,-0.06297635066258919,1.854572884811417
-11.40865,-54.63382,1315.49,-0.015506150186884131,-0.07425595650696568,1.7879578661230038
-8.289076,-63.69132,1264.404,-0.011266158341828066,-0.0865665239551478,1.7185239551478084
-4.424262,-73.31704,1211.964,-0.006013268093781855,-0.09964939177709821,1.647249745158002
-0.2256757,-82.99847,1158.786,-0.0003067287801563031,-0.11280797825348284,1.5749724770642202
3.702624,-92.01466,1105.343,0.005032448521916412,-0.12506239891267415,1.5023350322799864
6.76466,-99.64687,1051.927,0.00919423717295277,-0.13543577302072715,1.4297342847434589
8.626795,-105.4081,998.6191,0.01172517159361196,-0.1432661909616038,1.3572804621134897
9.380176,-109.1873,945.3229,0.012749134896364254,-0.1484027183146449,1.284842541624193
9.493685,-111.2345,891.858,0.012903411484879375,-0.15118518518518517,1.2121753312945973
9.562601,-111.9991,838.0852,0.012997079170914035,-0.15222439687393816,1.1390896364254162
9.99759,-111.917,784.0071,0.01358829765545362,-0.1521128100577642,1.0655889908256881
10.84316,-111.2648,729.8118,0.014737560312606183,-0.15122636765205572,0.9919290519877675
11.81979,-110.1326,675.8629,0.016064954128440365,-0.14968752973156643,0.9186040095141013
12.52676,-108.4853,622.6502,0.017025837580699966,-0.14744858987427795,0.84627957866123
12.65367,-106.2476,570.7148,0.017198328236493376,-0.14440720353380904,0.775691199456337
12.08507,-103.367,520.5744,0.016425511382942577,-0.14049201495073055,0.7075425076452599
10.88617,-99.84135,472.6724,0.014796017669045192,-0.13570010193679918,0.6424361535847775
9.230952,-95.71263,427.3596,0.012546316004077473,-0.13008852191641182,0.5808489296636086
7.332669,-91.04904,384.8897,0.009966250764525994,-0.12374996941896026,0.5231256540944614
5.395696,-85.94291,345.4099,0.0073335997281685356,-0.11680993544002718,0.46946639483520214
3.579747,-80.53088,308.9419,0.004865439347604485,-0.10945413523615358,0.4199006455997281
1.970648,-75.0137,275.3769,0.0026784206591913013,-0.10195541963982331,0.37428053007135575
0.5629428,-69.64367,244.504,0.0007651278287461774,-0.09465670404349304,0.3323194019707781
-0.7394438,-64.66693,216.0726,-0.001005020455317703,-0.08789253143051308,0.29367665647298674
-2.103515,-60.23984,189.8595,-0.0028590078151546038,-0.08187541963982331,0.25804892966360854
-3.726751,-56.35795,165.7151,-0.005065240910635406,-0.07659932042133877,0.22523289160720356
-5.7712,-52.83332,143.5784,-0.007843968739381584,-0.07180879374787631,0.19514563370710158
-8.279795,-49.33799,123.4667,-0.011253544002718314,-0.06705809038396195,0.16781066938498132
-11.11051,-45.50651,105.4496,-0.015100931022765884,-0.06185050628610261,0.1433225959904859
-13.93906,-41.06625,89.60816,-0.01894537546721033,-0.055815494393476044,0.12179158681617397
-16.35794,-35.94797,75.98758,-0.022233013931362556,-0.04885894665307509,0.10327907577302071
-18.04815,-30.33432,64.55189,-0.024530275229357797,-0.0412291131498471,0.08773617397213727
-18.95345,-24.62892,55.14874,-0.025760720353380905,-0.033474576962283384,0.07495581379544682
0.0,0.0,0.0,0.0,0.0,0.0
0.0,0.0,0.0,0.0,0.0,0.0
0.0,0.0,0.0,0.0,0.0,0.0
0.0,0.0,0.0,0.0,0.0,0.0
0.0,0.0,0.0,0.0,0.0,0.0
0.0,0.0,0.0,0.0,0.0,0.0
0.0,0.0,0.0,0.0,0.0,0.0
0.0,0.0,0.0,0.0,0.0,0.0
0.0,0.0,0.0,0.0,0.0,0.0
0.0,0.0,0.0,0.0,0.0,0.0
-3.386386,19.82365,52.8409,-0.004602631328576283,0.02694345905538566,0.07181909616038055
11.66758,24.57115,112.9986,0.01585807679238872,0.033396058443764864,0.153582874617737
23.67876,25.94149,203.0393,0.03218316004077472,0.035258566089024806,0.27596235134216784
28.7204,23.57403,322.6702,0.03903554196398233,0.03204081549439348,0.4385595650696568
24.41223,18.53696,466.2298,0.03318006116207951,0.025194644920149507,0.6336796466190961
11.04443,13.18734,622.8508,0.015011117906897724,0.017923669724770643,0.8465522256201156
-8.213179,10.44666,778.2468,-0.011163002378525315,0.014198654434250764,1.0577598369011214
-28.19827,12.78269,917.8677,-0.03832588515120625,0.017373686714237172,1.2475266055045873
-43.41276,21.37771,1030.514,-0.05900477064220183,0.029055671083927967,1.4006306489976212
-49.78957,35.85657,1111.105,-0.06767185864763846,0.04873471967380224,1.5101664967720014
-45.89026,54.58566,1161.525,-0.062372082908596665,0.074190499490316,1.5786952089704385
-33.10506,75.2278,1189.332,-0.04499498470948012,0.10224641522256202,1.6164892966360858
-14.84992,95.22731,1204.992,-0.02018337750594631,0.1294288956846755,1.6377737003058104
4.812759,112.1583,1218.779,0.006541296636085626,0.1524407747196738,1.6565124023105675
22.48485,124.0484,1238.278,0.030560448521916413,0.16860129119945633,1.6830146109412165
36.15674,129.7031,1267.09,0.04914269792728508,0.17628691811077132,1.722174651715936
45.22767,128.9105,1304.841,0.06147151885830785,0.1752096500169895,1.7734841997961261
50.09778,122.4089,1348.237,0.06809076452599389,0.16637295276928304,1.832466190961604
51.71379,111.608,1392.636,0.07028717635066259,0.15169283044512402,1.8928114169215087
51.26213,98.15522,1433.626,0.06967329935440027,0.13340838600067959,1.948523275569147
49.96533,83.5027,1468.148,0.06791074413863404,0.11349330615018689,1.9954441046551137
48.8702,68.64215,1494.916,0.06642229018008834,0.09329548080190282,2.031826027862725
48.62211,54.08195,1514.163,0.06608509683995922,0.07350587835541963,2.0579857288481143
49.33596,39.99863,1526.967,0.06705533129459736,0.054364430852871216,2.075388379204893
50.66978,26.42801,1534.465,0.06886820251444105,0.03591982330954808,2.0855793408086987
52.08605,13.4051,1537.26,0.07079313625552158,0.01821963982330955,2.0893781855249745
53.1541,1.038579,1535.204,0.07224478423377506,0.001411592252803262,2.0865837580699966
53.71655,-10.46949,1527.586,0.07300924226979273,-0.014229683995922528,2.076229697587496
53.83498,-20.8719,1513.551,0.07317020727149168,-0.028368195718654433,2.0571539245667685
53.58104,-29.99713,1492.571,0.07282506286102616,-0.04077081889228678,2.028638803941556
52.84874,-37.8823,1464.756,0.07182975195378866,-0.05148800543662929,1.9908338430173294
51.34548,-44.82853,1430.919,0.06978658511722732,-0.06092902480462114,1.944844036697248
48.77362,-51.34719,1392.405,0.06629102276588515,-0.06978890927624873,1.8924974515800204
45.05415,-58.03105,1350.782,0.061235677879714574,-0.07887332653754672,1.8359252463472646
40.40799,-65.39549,1307.491,0.054920815494393475,-0.08888275908936459,1.7770859667006456
35.22857,-73.73124,1263.565,0.047881168875297316,-0.10021235474006115,1.7173836221542644
29.84646,-83.01737,1219.51,0.040566034658511725,-0.11283366632687733,1.6575059463132857
24.36282,-92.92195,1175.364,0.03311290519877676,-0.12629554875976895,1.5975045871559634
18.66554,-102.8786,1130.864,0.025369405368671424,-0.13982820251444106,1.53702208630649
12.60527,-112.2125,1085.635,0.017132545022086308,-0.15251444104655115,1.4755487597689432
6.204605,-120.2931,1039.332,0.008433034318722391,-0.16349724770642202,1.4126156982670746
-0.2394955,-126.6745,991.7126,-0.00032551206252123685,-0.17217057424396873,1.347893442065919
-6.227732,-131.1709,942.656,-0.008464467550118926,-0.17828188922867821,1.2812178049609242
-11.26414,-133.8386,892.1573,-0.015309738362215426,-0.18190771321780497,1.2125821270812096
-15.07015,-134.8857,840.3203,-0.020482704723071697,-0.18333088685015292,1.1421274889568467
-17.67876,-134.5638,787.3484,-0.024028216106014272,-0.18289337410805298,1.0701303431872238
-19.36467,-133.091,733.5342,-0.026319633027522937,-0.1808916072035338,0.996988379204893
-20.47329,-130.6271,679.2517,-0.02782642201834862,-0.17754277947672445,0.923209921848454
-21.26378,-127.2797,624.9515,-0.028900822290180088,-0.1729931362555216,0.8494074074074074
-21.85081,-123.1121,571.1569,-0.029698688413183825,-0.16732871219843698,0.7762920829085966
-22.24845,-118.1429,518.452,-0.030239143730886847,-0.16057478763166835,0.7046578321440706
-22.45098,-112.3554,467.449,-0.030514413863404692,-0.15270866462793067,0.6353367312266395
-22.48029,-105.7392,418.7289,-0.030554250764525993,-0.14371620795107032,0.5691184505606524
-22.38205,-98.35596,372.7646,-0.030420727149167517,-0.1336812232415902,0.5066457356439007
-22.20148,-90.38806,329.8427,-0.0301753041114509,-0.12285159361196057,0.44830812096500167
-21.97454,-82.12737,290.013,-0.029866856948691813,-0.11162401630988787,0.3941732925586136
-21.74237,-73.90639,253.1088,-0.029551301393136258,-0.10045041114509004,0.34401467889908255
-21.5713,-66.01298,218.8619,-0.029318790349983012,-0.08972202514441047,0.2974677539925246
-21.55774,-58.63207,187.0802,-0.02930036017669045,-0.07969020727149168,0.2542714237172953
-21.81195,-51.83229,157.8171,-0.029645871559633028,-0.0704482364933741,0.21449826707441388
-22.42533,-45.59223,131.4517,-0.030479551478083587,-0.061967013251783894,0.178663540604825
-23.42885,-39.85074,108.6144,-0.03184349303431872,-0.0541634250764526,0.14762405708460755
-24.75114,-34.56568,89.93935,-0.03364069317023445,-0.04698019707781176,0.12224172612979953
-26.19021,-29.75984,75.69592,-0.035596615698267074,-0.04044830445124023,0.10288266394835202
-27.41617,-25.52218,65.42683,-0.03726288820931023,-0.03468865783214407,0.08892535507985048
-28.02185,-21.94206,57.76393,-0.03808610261637785,-0.02982271151885831,0.07851026843357119
-27.63329,-18.99256,50.58585,-0.03755798844716276,-0.02581387699626232,0.06875412844036698
0.0,0.0,0.0,0.0,0.0,0.0
0.0,0.0,0.0,0.0,0.0,0.0
0.0,0.0,0.0,0.0,0.0,0.0
0.0,0.0,0.0,0.0,0.0,0.0
0.0,0.0,0.0,0.0,0.0,0.0
0.0,0.0,0.0,0.0,0.0,0.0
0.0,0.0,0.0,0.0,0.0,0.0
-33.46801,20.0624,84.16462,-0.045488290859667005,0.027267957866123006,0.11439295956506966
-39.71484,23.96172,175.4903,-0.05397871559633028,0.03256774719673802,0.23851892626571525
-42.78927,25.59446,295.8344,-0.0581573496432212,0.03478689772341149,0.4020854909955828
-40.62061,25.81943,435.97,-0.05520979952429494,0.03509266734624533,0.5925518178729188
-32.44527,26.60117,582.5185,-0.04409822629969419,0.036155174991505265,0.7917342847434591
-19.25244,30.58919,721.0795,-0.026167094801223242,0.04157552157662249,0.9800604825008495
-3.614619,40.32592,839.8393,-0.004912835881753313,0.05480926945293918,1.1414737342847434
11.05271,57.30062,932.4302,0.015022371729527691,0.07788055725450221,1.267319334012912
21.50314,81.18396,999.0722,0.02922615018688413,0.1103417737003058,1.3578962962962962
25.55845,109.6023,1045.701,0.0347379544682297,0.14896676860346586,1.4212721712538228
22.63421,138.649,1081.519,0.030763452259599047,0.1884458036017669,1.4699544682296977
13.82149,163.985,1115.923,0.0187855793408087,0.22288141352361537,1.516714916751614
1.558356,182.071,1155.87,0.0021180509683995925,0.24746313285762828,1.5710091743119265
-11.03703,191.0314,1204.416,-0.015001060142711518,0.2596417261297995,1.6369908256880734
-21.02879,190.8798,1260.652,-0.028581433910975198,0.25943567787971455,1.7134243968739382
-26.46748,183.1421,1320.795,-0.035973469249065575,0.24891892626571527,1.7951681957186545
-26.84405,170.1486,1379.893,-0.03648528712198437,0.23125871559633027,1.8754916751614
-23.03256,154.3226,1433.482,-0.03130487257900102,0.20974869181107714,1.948327556914713
-16.80004,137.6861,1478.665,-0.022833897383622154,0.1871370710159701,2.0097383622154266
-10.14132,121.614,1514.414,-0.013783649337410806,0.16529255861365955,2.0583268773360515
-4.70911,106.7763,1541.198,-0.0064004213387699625,0.14512579001019368,2.0947305470608226
-1.486657,93.22975,1560.259,-0.002020600747536527,0.12671389738362215,2.1206374447842338
-0.711223,80.64363,1572.865,-0.0009666639483520218,0.10960738022426096,2.1377709819911654
-1.988215,68.59436,1579.818,-0.0027022969758749575,0.09323052667346245,2.1472212028542303
-4.529756,56.81602,1581.308,-0.006156651036357458,0.07722190961603806,2.149246347264696
-7.455321,45.3156,1577.066,-0.010132954128440367,0.06159102956167177,2.1434808019028204
-10.07568,34.33317,1566.667,-0.013694434250764526,0.04666417940876657,2.129346924906558
-12.06467,24.18976,1549.83,-0.01639778457356439,0.032877689432551815,2.1064627930682978
-13.4541,15.10204,1526.602,-0.018286238532110092,0.020526048250084947,2.074892286782195
-14.46629,7.049187,1497.391,-0.019661963982330957,0.009580954128440367,2.0351899422358137
-15.27733,-0.2599047,1462.852,-0.020764294937138973,-0.00035325137614678896,1.9882460074753654
-15.83652,-7.332885,1423.724,-0.021524322120285422,-0.009966544342507645,1.9350648997621474
-15.8346,-14.78919,1380.702,-0.0215217125382263,-0.020100835881753314,1.8765912334352701
-14.83325,-23.21099,1334.405,-0.020160720353380904,-0.03154738702004757,1.813666326877336
-12.49122,-32.95149,1285.429,-0.016977533129459734,-0.044786258919469926,1.7471002378525315
-8.784491,-43.95481,1234.431,-0.011939505266734624,-0.05974150186884132,1.6777859327217126
-4.123725,-55.68548,1182.172,-0.005604791029561672,-0.07568532789670404,1.6067577302072715
0.6949465,-67.23679,1129.452,0.0009445416241930004,-0.09138537546721033,1.5351029561671763
4.721213,-77.5987,1076.947,0.006416871219843696,-0.10546884131838259,1.46374040095141
7.204899,-85.98229,1025.041,0.009792591233435271,-0.11686345905538567,1.3931919809717974
7.927682,-92.06373,973.7314,0.01077496704043493,-0.12512909276248727,1.3234541624193001
7.330704,-96.0461,922.6856,0.00996358002038736,-0.13054176010873259,1.2540748895684677
6.333494,-98.52222,871.4118,0.008608214746856949,-0.13390719673802243,1.184385728848114
5.913751,-100.2107,819.4783,0.00803771797485559,-0.13620210669384983,1.113799932042134
6.669408,-101.6861,766.709,0.009064774719673803,-0.1382074074074074,1.0420781515460413
8.58692,-103.202,713.3075,0.011670975195378864,-0.14026775399252464,0.9694971117906898
11.09776,-104.6435,659.8696,0.015083601766904518,-0.14222697927285083,0.8968665987088005
13.34506,-105.5981,607.2628,0.018138036017669047,-0.14352443085287123,0.8253656812776078
14.51316,-105.5225,556.4074,0.01972566768603466,-0.14342167855929322,0.7562451919809718
14.09903,-103.957,508.0583,0.01916279986408427,-0.141293917770982,0.6905311586816174
12.0587,-100.7075,462.6655,0.016389670404349303,-0.13687733605164798,0.6288352021746517
8.803252,-95.91856,420.3416,0.011965004417261298,-0.13036841318382603,0.5713103635745838
5.053276,-90.02088,380.9248,0.006868197077811757,-0.1223525382262997,0.5177367312266394
1.598053,-83.59333,344.1012,0.00217200543662929,-0.11361648657832144,0.4676876656472987
-0.960934,-77.20115,309.5405,-0.0013060604825008493,-0.1049285083248386,0.42071423717295275
-2.395281,-71.263,276.9958,-0.003255563710499491,-0.09685762827047231,0.37648086986068635
-2.902266,-65.97977,246.3421,-0.0039446360856269114,-0.08967688752973157,0.33481766904519195
-3.009013,-61.3313,217.5552,-0.004089722052327557,-0.08335888549099559,0.29569174311926605
-3.36191,-57.1236,190.6596,-0.00456936459395175,-0.07763995922528033,0.2591363914373089
-4.474099,-53.0631,165.6878,-0.006081004417261298,-0.0721211009174312,0.22519578661230039
-6.523507,-48.84506,142.6891,-0.008866472307169556,-0.0663881209650017,0.19393693510023785
-9.284278,-44.2479,121.7806,-0.012618794427454979,-0.06013985728848115,0.16551899422358138
-12.22785,-39.21478,103.1881,-0.016619571865443425,-0.05329905538566089,0.14024886170574244
-14.75969,-33.89697,87.21592,-0.020060740740740744,-0.04607131498470948,0.11854015630309207
-16.49672,-28.63919,74.12011,-0.022421637784573564,-0.038925164797825346,0.10074089024804621
-17.46925,-23.89805,63.91094,-0.02374345905538566,-0.03248120965001699,0.08686502208630649
-18.15677,-20.09583,56.14972,-0.024677906897723412,-0.027313394495412844,0.07631630309208291
0.0,0.0,0.0,0.0,0.0,0.0
0.0,0.0,0.0,0.0,0.0,0.0
0.0,0.0,0.0,0.0,0.0,0.0
0.0,0.0,0.0,0.0,0.0,0.0
0.0,0.0,0.0,0.0,0.0,0.0
0.0,0.0,0.0,0.0,0.0,0.0
0.0,0.0,0.0,0.0,0.0,0.0
0.0,0.0,0.0,0.0,0.0,0.0
0.0,0.0,0.0,0.0,0.0,0.0
5.648472,41.86338,93.47151,0.007677162079510703,0.056898919469928644,0.1270424872579001
18.63584,43.42555,184.3177,0.02532903839619436,0.0590221542643561,0.25051675161399933
24.48201,38.55044,305.7758,0.033274903160040774,0.052396112810057766,0.4155974176010873
20.15921,28.84257,450.2383,0.027399537886510367,0.03920159021406728,0.6119446822969759
5.861389,17.92417,604.9776,0.007966549779136935,0.0243617669045192,0.8222597349643221
-14.53059,10.44266,754.5825,-0.019749357798165137,0.014193217804960924,1.0255963302752293
-34.5947,10.55354,884.487,-0.047019639823309554,0.014343921168875296,1.2021569826707441
-47.76347,20.48725,984.5994,-0.0649180699966021,0.027845395854570167,1.338225484199796
-49.85287,39.83499,1051.786,-0.06775789330615019,0.05414201834862385,1.4295426435609924
-40.47473,65.81865,1090.246,-0.055011525654094465,0.08945790010193681,1.4818158341828067
-22.70128,94.26774,1109.648,-0.030854610941216446,0.12812468909276248,1.5081862045531769
-1.335868,120.7618,1121.85,-0.0018156547740400951,0.16413428474345904,1.5247706422018348
19.15311,141.5607,1137.468,0.026032089704383286,0.1924032619775739,1.5459979612640165
35.97612,154.2227,1163.363,0.048897206931702346,0.2096129119945634,1.58119334012912
48.19625,157.9028,1201.659,0.06550628610261637,0.2146147468569487,1.6332436289500512
56.05674,153.3092,1250.253,0.07618992864424057,0.2083713217804961,1.6992905198776758
60.20098,142.3315,1304.316,0.08182260278627251,0.19345090044172614,1.772770642201835
61.33494,127.4311,1358.136,0.08336383282364934,0.17319891267414203,1.845920489296636
60.32722,110.9669,1406.763,0.08199418280665986,0.15082147468569487,1.9120122324159021
58.33765,94.67566,1447.047,0.07929004417261297,0.1286791165477404,1.9667645259938837
56.6273,79.47706,1477.906,0.07696540944614338,0.1080218280665987,2.0087067618076793
56.10106,65.61097,1499.904,0.07625016649677199,0.08917563030920829,2.038605504587156
56.954,52.93784,1514.44,0.0774094461433911,0.07195085287121984,2.0583622154264356
58.73337,41.19671,1522.915,0.07982788990825689,0.05599281005776419,2.0698810737342845
60.77048,30.13551,1526.158,0.08259664288141352,0.040958899082568806,2.074288820931023
62.63062,19.56856,1524.268,0.0851248657832144,0.026596751613999322,2.071720013591573
64.24757,9.430819,1516.817,0.08732255521576622,0.012817966700645599,2.0615929323819233
65.69689,-0.1959963,1503.258,0.08929240910635405,-0.00026638980632008157,2.043164118246687
66.85436,-9.149528,1483.332,0.09086559293238192,-0.012435647978253483,2.0160815494393476
67.25552,-17.32943,1457.322,0.09141083248386002,-0.02355342167855929,1.980729867482161
66.2914,-24.82273,1426.054,0.0901004417261298,-0.03373799524294937,1.9382317363234796
63.59856,-31.94056,1390.707,0.08644044852191642,-0.04341224600747537,1.8901896024464833
59.3435,-39.15586,1352.543,0.08065715256540945,-0.05321897383622154,1.8383187223921167
54.17338,-46.96628,1312.647,0.07363014610941217,-0.06383456337071015,1.7840937818552496
48.84828,-55.7266,1271.759,0.06639249745158002,-0.0757412164458036,1.7285205572545022
43.79835,-65.5097,1230.227,0.05952884811416921,-0.08903798844716275,1.6720720353380905
38.89982,-76.04569,1188.079,0.05287097519537886,-0.10335805640502888,1.6147862725110431
33.60965,-86.76476,1145.133,0.045680801902820256,-0.11792695888549098,1.556415902140673
27.36184,-96.93918,1101.107,0.03718904519198097,-0.13175559633027523,1.4965776418620456
19.97183,-105.8812,1055.702,0.027144858987427797,-0.14390920829085968,1.4348651036357458
11.81262,-113.1198,1008.664,0.01605520897043833,-0.15374760448521915,1.3709330615018689
3.680538,-118.4835,959.8239,0.005002430173292559,-0.16103771661569827,1.3045516819571865
-3.553158,-122.0575,909.1758,-0.004829300713557594,-0.16589534488617058,1.2357129459734963
-9.303403,-124.049,856.9268,-0.012644788311247025,-0.1686021066938498,1.16469833503228
-13.45364,-124.6506,803.4975,-0.01828561331974176,-0.1694197757390418,1.0920795107033638
-16.28362,-123.9938,749.4432,-0.02213200135915732,-0.16852708120965001,1.0186112130479104
-18.22214,-122.206,695.3406,-0.024766755011892627,-0.1660971797485559,0.9450772680937819
-19.60356,-119.487,641.7002,-0.026644322120285426,-0.16240163098878693,0.8721715256540945
-20.58128,-116.1065,588.9398,-0.027973197417601087,-0.15780699966021067,0.8004618416581719
-21.21433,-112.3097,537.414,-0.028833611960584437,-0.15264655113829426,0.7304301732925585
-21.60331,-108.2091,487.4644,-0.029362296975874957,-0.14707319062181448,0.6625408086986069
-21.92793,-103.7525,439.4529,-0.029803506625891946,-0.1410159700985389,0.597285626911315
-22.35079,-98.79779,393.7651,-0.030378239891267415,-0.13428173972137275,0.5351887189942236
-22.89029,-93.24161,350.7758,-0.031111505266734625,-0.1267300169894665,0.4767594971117907
-23.39781,-87.11497,310.775,-0.031801304791029564,-0.11840294937138973,0.4223921168875297
-23.67639,-80.59811,273.8814,-0.03217993883792049,-0.10954551138294258,0.3722479102956167
-23.64771,-73.96082,240.0054,-0.03214095820591233,-0.10052439007815155,0.32620509683995924
-23.43058,-67.46813,208.9017,-0.031845844376486576,-0.09169980292218824,0.2839302752293578
-23.27127,-61.29143,180.2982,-0.031629317023445465,-0.0833046958885491,0.24505361875637105
-23.38702,-55.45871,154.0482,-0.031786639483520215,-0.07537711179068977,0.2093757390417941
-23.84025,-49.86883,130.2391,-0.0324026503567788,-0.06777958545701665,0.17701542643560994
-24.52048,-44.37537,109.2065,-0.03332718994223581,-0.06031310907237512,0.14842881413523615
-25.2248,-38.91254,91.42126,-0.03428447162759089,-0.05288826367652056,0.12425587495752634
-25.76537,-33.60104,77.25315,-0.03501919130139314,-0.04566909955827387,0.10499918450560652
-26.03244,-28.7604,66.65963,-0.03538218144750255,-0.03908990825688073,0.09060092422697928
-25.9926,-24.78793,58.90784,-0.03532803261977574,-0.03369069656812776,0.08006502208630649
-25.65915,-21.93455,52.48408,-0.03487482161060143,-0.029812504247366634,0.07133412164458036
0.0,0.0,0.0,0.0,0.0,0.0
0.0,0.0,0.0,0.0,0.0,0.0
0.0,0.0,0.0,0.0,0.0,0.0
0.0,0.0,0.0,0.0,0.0,0.0
0.0,0.0,0.0,0.0,0.0,0.0
0.0,0.0,0.0,0.0,0.0,0.0
0.0,0.0,0.0,0.0,0.0,0.0
0.0,0.0,0.0,0.0,0.0,0.0
-22.16902,42.31388,112.3802,-0.030131185864763845,0.057511219843696906,0.1527423717295277
-20.86247,49.2033,222.5884,-0.028355378865103635,0.0668750254841998,0.3025326537546721
-18.74568,50.99009,364.614,-0.025478328236493375,0.06930355419639823,0.4955677879714577
-15.46538,48.84979,527.0143,-0.02101988447162759,0.06639454977913693,0.7162953448861706
-10.54562,45.88379,693.4549,-0.014333156642881413,0.06236328916072035,0.9425143051308188
-3.616396,46.14879,846.5192,-0.004915251104315324,0.06272346585117228,1.1505527692830444
5.189431,53.14422,972.1798,0.007053253143051308,0.07223135575942916,1.321345293917771
14.88147,68.40417,1063.311,0.020226258919469928,0.09297202854230377,1.4452069317023444
23.60613,90.81191,1121.003,0.03208444444444444,0.12342767244308528,1.523619435949711
29.14971,116.934,1153.356,0.039619041794087664,0.15893170234454637,1.567592252803262
29.77988,142.2259,1172.362,0.04047554196398233,0.19330737342847434,1.5934243968739383
24.99853,162.5579,1190.009,0.03397693510023785,0.22094176010873257,1.6174094461433912
15.80571,175.3673,1214.97,0.02148244648318043,0.23835174991505267,1.6513353720693171
4.356255,180.0154,1250.846,0.005920835881753313,0.24466924906557935,1.7000965001698947
-6.791404,177.4114,1296.277,-0.00923058647638464,0.24113000339789328,1.7618443764865783
-15.47593,169.2933,1346.517,-0.021034223581379543,0.23009622833843016,1.8301284403669726
-20.47783,157.5468,1395.661,-0.027832592592592593,0.21413088685015289,1.8969228678219505
-21.68094,143.7654,1438.678,-0.029467808358817533,0.19539979612640163,1.9553897383622156
-19.89461,129.0823,1472.636,-0.027039904858987426,0.1754431532449881,2.0015440027183145
-16.46719,114.1902,1496.909,-0.022381501868841316,0.15520244648318043,2.034534828406388
-12.82773,99.43933,1512.585,-0.017434903160040777,0.1351536935100238,2.055840978593272
-10.07289,84.95621,1521.484,-0.01369064220183486,0.11546885490995583,2.0679361196058443
-8.705991,70.78341,1525.232,-0.011832811416921508,0.09620579001019368,2.0730302412504247
-8.609865,57.01757,1524.686,-0.011702161060142711,0.07749584777437989,2.0722881413523613
-9.258432,43.87827,1519.832,-0.012583665647298676,0.05963747196738022,2.0656907917091405
-10.06394,31.66529,1510.076,-0.013678477743798845,0.04303811077132178,2.05243085287122
-10.68088,20.63905,1494.699,-0.014516996262317363,0.028051715936119607,2.0315310907237514
-11.10639,10.90067,1473.258,-0.015095331294597348,0.014815725450220862,2.002389398572885
-11.54136,2.325881,1445.812,-0.01568652395514781,0.003161238192320761,1.9650859667006455
-12.12668,-5.434243,1412.922,-0.01648206591913014,-0.007385991165477405,1.9203832823649338
-12.73986,-12.894,1375.494,-0.01731547400611621,-0.017524974515800203,1.869512742099898
-12.98142,-20.62798,1334.543,-0.017643792048929664,-0.028036670064559975,1.8138538905878354
-12.34741,-29.13249,1291.006,-0.016782072714916753,-0.039595637104994905,1.7546802582398915
-10.47603,-38.67475,1245.653,-0.014238572884811417,-0.052565069656812784,1.6930383961943596
-7.33876,-49.17336,1199.088,-0.009974529391777098,-0.06683433231396535,1.629749235474006
-3.29854,-60.165,1151.803,-0.004483234794427455,-0.0817737003058104,1.5654814814814817
0.9797227,-70.89623,1104.209,0.001331597281685355,-0.09635913013931363,1.5007937478763167
4.736494,-80.53399,1056.615,0.00643764050288821,-0.10945836221542644,1.436106014271152
7.378072,-88.42753,1009.189,0.01002796058443765,-0.12018692490655794,1.3716466190961603
8.691379,-94.31053,961.9421,0.011812951410125722,-0.12818284743459055,1.3074306489976215
8.907806,-98.34707,914.7534,0.01210710975195379,-0.13366914033299354,1.2432937818552499
8.569789,-101.0034,867.4405,0.011647691471287802,-0.13727951070336392,1.1789881073734285
8.264673,-102.8222,819.8248,0.011232990825688073,-0.1397515460414543,1.1142708800543664
8.373695,-104.2203,771.7795,0.011381168875297316,-0.14165178389398572,1.0489697587495752
8.962371,-105.3893,723.2643,0.012181272171253822,-0.14324063880394156,0.9830299694189603
9.829963,-106.2997,674.3559,0.013360466190961602,-0.1444780156303092,0.9165557594291539
10.6398,-106.7616,625.2685,0.014461162079510703,-0.14510581039755352,0.8498382602786273
11.04138,-106.5069,576.3573,0.01500697247706422,-0.14475963302752293,0.7833602446483181
10.7491,-105.2792,528.1069,0.01460971797485559,-0.14309099558273872,0.7177803601766904
9.589984,-102.914,481.1011,0.013034296975874956,-0.13987631668365613,0.6538920829085967
7.536887,-99.39006,435.9631,0.010243815154604145,-0.13508672782874617,0.5925424396873938
4.723558,-94.83966,393.2635,0.006420058443764865,-0.12890201834862386,0.5345069656812776
1.426979,-89.52173,353.4141,0.001939488956846755,-0.12167411484879376,0.48034536187563714
-1.989491,-83.77025,316.5863,-0.0027040312606184166,-0.11385694869181108,0.43029058783554197
-5.162212,-77.92859,282.6854,-0.0070162582398912675,-0.10591721372748895,0.3842139313625552
-7.817342,-72.27978,251.3977,-0.010624997621474687,-0.09823959225280327,0.3416890248046211
-9.831261,-66.98351,222.3024,-0.013362230377166157,-0.09104112810057764,0.30214393476044854
-11.23548,-62.03742,195.0233,-0.015270784913353722,-0.08431861365953108,0.2650673462453279
-12.16526,-57.28759,169.3829,-0.01653450220863065,-0.07786284743459056,0.2302180088345226
-12.78216,-52.50478,145.5108,-0.01737296636085627,-0.07136225620115529,0.19777206931702343
-13.21728,-47.51025,123.8492,-0.0179643628950051,-0.06457390417940877,0.1683305470608223
-13.5694,-42.29587,105.0172,-0.01844294937138974,-0.057486741420319405,0.14273489636425415
-13.95696,-37.07405,89.54462,-0.018969704383282365,-0.05038946653075094,0.12170522595990485
-14.58881,-32.22166,77.54899,-0.019828487937478764,-0.04379430513081889,0.10540127760788312
-15.80049,-28.12467,68.47453,-0.021475351681957185,-0.03822585117227319,0.09306765885151207
-18.00576,-24.96671,61.02142,-0.024472660550458714,-0.033933686714237174,0.08293770981991165
-21.53211,-22.53112,53.37145,-0.0292655249745158,-0.030623336731226643,0.07254019707781176
0.0,0.0,0.0,0.0,0.0,0.0
0.0,0.0,0.0,0.0,0.0,0.0
0.0,0.0,0.0,0.0,0.0,0.0
0.0,0.0,0.0,0.0,0.0,0.0
0.0,0.0,0.0,0.0,0.0,0.0
0.0,0.0,0.0,0.0,0.0,0.0
0.0,0.0,0.0,0.0,0.0,0.0
6.721163,43.10506,109.8307,0.009135117906897723,0.05858655793408087,0.14927720013591572
22.47699,45.63513,207.6053,0.030549765545361877,0.06202532110091743,0.28216826367652054
31.26565,42.15428,334.8769,0.042494937138973836,0.05729429833503228,0.45515039075773017
29.45827,34.59104,482.6303,0.04003842337750595,0.04701466530750934,0.6559705062861025
16.70432,26.72273,637.4179,0.022703798844716273,0.03632039415562351,0.8663512062521237
-3.392082,23.00955,784.1023,-0.004610373088685015,0.03127359836901122,1.0657183826027863
-24.28703,27.01794,909.3258,-0.03300989466530751,0.03672163098878695,1.2359168195718653
-38.91842,40.11727,1004.721,-0.05289625552157662,0.05452568127760788,1.3655739041794088
-42.42228,61.06433,1068.804,-0.05765855249745158,0.08299603126061841,1.4526727828746178
-33.81077,86.61508,1106.838,-0.04595415562351342,0.11772352021746518,1.504366972477064
-15.86038,112.722,1128.713,-0.02155675161399932,0.15320693170234453,1.5340985389058783
6.52104,135.6654,1145.698,0.008863119266055047,0.18439062181447502,1.5571838260278628
28.41051,152.7408,1167.256,0.038614352701325176,0.2075987767584098,1.5864845395854572
46.38307,162.515,1198.908,0.06304188922867822,0.22088345225959902,1.6295045871559632
58.92226,164.8057,1241.599,0.08008462113489637,0.22399687393815834,1.6875283724091064
65.9748,160.488,1292.466,0.08967013251783894,0.2181284403669725,1.7566646279306828
68.29219,151.1769,1346.445,0.0928198301053347,0.20547319062181446,1.8300305810397552
67.03882,138.8151,1398.058,0.0911163030920829,0.18867155963302754,1.9001807679238871
63.67822,125.2259,1442.89,0.08654871899422359,0.17020169894665307,1.9611145090044173
59.83955,111.743,1478.437,0.08133136255521577,0.15187631668365612,2.0094284743459054
56.9544,99.04163,1504.213,0.07740998980632008,0.1346131566428814,2.0444621134896366
55.78958,87.21115,1521.244,0.07582681617397213,0.11853367312266395,2.067609921848454
56.21798,75.97897,1531.236,0.07640907917091402,0.10326737342847435,2.0811906218144753
57.44372,64.95661,1535.753,0.07807505266734624,0.08828625212368331,2.087329935440027
58.55001,53.83636,1535.665,0.0795786748216106,0.07317208290859667,2.0872103295956506
58.99276,42.5327,1530.98,0.0801804417261298,0.05780863064899762,2.080842677539925
58.73703,31.2542,1521.035,0.07983286442405708,0.04247937478763167,2.06732585796806
58.02876,20.45397,1504.909,0.07887021406727829,0.027800163098878696,2.0454080869860687
57.04632,10.64436,1481.908,0.07753492354740062,0.014467359836901122,2.0141461094121644
55.7077,2.162429,1451.939,0.07571552837240911,0.002939081209650017,1.9734135236153585
53.74426,-4.98899,1415.656,0.0730469045191981,-0.006780822290180089,1.9240992184845396
50.94166,-11.16896,1374.362,0.06923773020727149,-0.015180373768263677,1.8679741760108735
47.34207,-17.01236,1329.72,0.06434532110091742,-0.02312247366632688,1.8072986748216107
43.25199,-23.26497,1283.379,0.058786258919469925,-0.03162075433231397,1.744313965341488
39.05077,-30.57935,1236.625,0.053076139993204215,-0.04156214746856949,1.68076792388719
34.93615,-39.32699,1190.183,0.04748372409106354,-0.053451566428814136,1.6176459395174991
30.78377,-49.47964,1144.208,0.041839986408426774,-0.06725061501868841,1.5551586816173972
26.21743,-60.59337,1098.433,0.03563361196058444,-0.08235592252803262,1.4929432551817874
20.84636,-71.90662,1052.402,0.028333482840638805,-0.09773240910635407,1.4303798844716276
14.52264,-82.52983,1005.686,0.019738552497451583,-0.11217102276588516,1.3668854909955828
7.472914,-91.66626,958.0076,0.010156865783214408,-0.12458886850152905,1.3020830445124023
0.2468848,-98.79322,909.2668,0.00033555528372409106,-0.1342755283724091,1.2358366292898404
-6.472294,-103.7457,859.5101,-0.008796865783214407,-0.14100672782874618,1.168209446143391
-12.09653,-106.6713,808.9133,-0.01644108732585797,-0.14498307849133538,1.0994404349303433
-16.30142,-107.8826,757.765,-0.022156194359497113,-0.14662942575603125,1.0299218484539585
-19.07529,-107.7003,706.4343,-0.025926320081549437,-0.14638165137614678,0.9601553516819572
-20.64865,-106.3824,655.3212,-0.028064763846415222,-0.14459041794087665,0.8906846075433231
-21.36029,-104.1503,604.8123,-0.02903199456337071,-0.14155664288141354,0.8220350662589195
-21.54206,-101.242,555.2674,-0.029279048589874276,-0.1376038056405029,0.7546957526333673
-21.47608,-97.91521,507.0421,-0.029189371389738362,-0.13308217465171593,0.6891499830105334
-21.4096,-94.38868,460.5204,-0.029099014610941217,-0.1282890655793408,0.6259196738022426
-21.56253,-90.76819,416.1192,-0.029306870540265033,-0.12336825008494734,0.5655714576962283
-22.08161,-87.02329,374.2589,-0.030012381923207612,-0.1182783418280666,0.5086767244308529
-22.9668,-83.0415,335.3066,-0.031215494393476043,-0.11286646279306829,0.4557344206591913
-24.04508,-78.72445,299.5006,-0.03268104655113829,-0.10699891267414204,0.4070684335711859
-25.04334,-74.06301,266.8625,-0.03403783893985729,-0.10066328236493374,0.3627081209650017
-25.73025,-69.15068,237.142,-0.03497145769622834,-0.09398665307509343,0.32231328576282703
-26.03404,-64.13505,209.8502,-0.035384356099218486,-0.08716962283384302,0.28521943594971116
-26.05949,-59.14008,184.4062,-0.035418946653075094,-0.08038067278287461,0.25063703703703705
-26.00948,-54.20604,160.3659,-0.035350975195378866,-0.07367453618756371,0.21796248725790013
-26.08326,-49.28432,137.6477,-0.035451253822629966,-0.06698514441046552,0.1870848793747876
-26.41855,-44.29449,116.6591,-0.03590696568127761,-0.06020318042813456,0.1585580699966021
-27.08431,-39.21604,98.24006,-0.036811838260278625,-0.05330076792388719,0.1335236969079171
-28.08043,-34.16715,83.38546,-0.03816572205232756,-0.04643853211009174,0.11333395854570166
-29.30443,-29.42374,72.77681,-0.03982933061501869,-0.039991491675161396,0.09891513421678559
-30.49826,-25.35246,66.25013,-0.0414519334012912,-0.034457981651376146,0.09004434930343187
-31.24275,-22.26605,62.41347,-0.0424638124362895,-0.030263064899762146,0.0848297247706422
-31.06642,-20.24853,58.66121,-0.042224152225620114,-0.027520937818552495,0.07972981311586816
-29.66751,-19.01779,51.77,-0.04032281345565749,-0.025848168535507986,0.07036357458375807
0.0,0.0,0.0,0.0,0.0,0.0
0.0,0.0,0.0,0.0,0.0,0.0
0.0,0.0,0.0,0.0,0.0,0.0
0.0,0.0,0.0,0.0,0.0,0.0
0.0,0.0,0.0,0.0,0.0,0.0
0.0,0.0,0.0,0.0,0.0,0.0
-32.51422,26.6473,67.91748,-0.04419194019707781,0.036217872918790354,0.09231054026503567
-37.05915,35.90774,177.8662,-0.05036921508664628,0.04880426775399252,0.24174814814814813
-37.91718,41.53575,329.9568,-0.0515354128440367,0.05645361875637105,0.4484632008154944
-32.59232,43.21861,512.0139,-0.044298090383961944,0.058740890248046206,0.6959074413863405
-19.8942,42.41431,704.4479,-0.02703934760448522,0.05764772001359157,0.9574555215766225
-0.7325058,42.16697,884.7659,-0.000995590621814475,0.057311546041454296,1.2025360516479782
21.77591,46.20637,1033.381,0.029596887529731566,0.06280172612979952,1.4045273530411146
43.07888,57.59106,1138.724,0.058550975195378864,0.07827531090723751,1.547705062861026
58.5902,77.42538,1199.826,0.07963329935440028,0.10523327217125383,1.6307522935779817
65.12882,104.228,1225.522,0.08852031260618418,0.14166224940536867,1.6656772001359157
61.81568,134.2729,1230.803,0.0840172341148488,0.18249799524294935,1.6728549099558276
50.16422,162.767,1231.815,0.06818106693849812,0.221225959904859,1.674230377166157
33.45826,185.3298,1241.312,0.04547503907577302,0.25189235474006116,1.6871382942575601
15.71643,199.1606,1265.917,0.021361100917431194,0.27069058783554195,1.7205803601766902
0.5896191,203.5029,1305.684,0.0008013851172273189,0.2765924566768604,1.7746299694189602
-9.499994,199.3881,1355.657,-0.012911986408426774,0.2709997961264016,1.8425511382942574
-13.7567,188.9324,1408.504,-0.018697519537886512,0.25678885490995584,1.914378525314305
-12.87958,174.5492,1457.213,-0.01750537546721033,0.2372398233095481,1.980581719334013
-8.528342,158.3483,1496.979,-0.011591358477743799,0.21522025144410464,2.0346299694189605
-2.647253,141.8156,1525.909,-0.0035980332993544003,0.19274971117906897,2.07395039075773
3.094178,125.7476,1544.632,0.004205474685694869,0.1709107713217805,2.09939789330615
7.604963,110.3776,1555.212,0.010336341148487938,0.15002052327556914,2.113777777777778
10.42906,95.62074,1559.899,0.014174733265375467,0.12996362895005095,2.120148148148148
11.64078,81.3463,1560.188,0.01582165137614679,0.11056241930003398,2.1205409446143393
11.65729,67.57884,1556.445,0.015844091063540604,0.09185027522935779,2.115453618756371
11.01132,54.557,1548.07,0.01496611620795107,0.0741515460414543,2.104070676180768
10.12724,42.642,1534.001,0.013764512402310568,0.05795718654434251,2.084948691811077
9.177008,32.13024,1513.279,0.012472997621474687,0.04367005096839959,2.0567842337750593
8.093306,23.06988,1485.465,0.011000076112810057,0.03135559633027523,2.0189806320081547
6.742785,15.17876,1450.813,0.009164505606523954,0.020630322799864084,1.9718831124702685
5.154825,7.899569,1410.199,0.007006218144750254,0.01073675705062861,1.916682296975875
3.65128,0.5518412,1364.885,0.004962663948352022,0.0007500390078151546,1.855093442065919
2.780246,-7.48774,1316.26,0.003778791709140333,-0.0101770166496772,1.789004417261298
3.08128,-16.61893,1265.622,0.0041879442745497795,-0.02258774040095141,1.7201794087665647
4.810478,-26.88473,1214.068,0.006538196398233095,-0.03654057764186205,1.650109412164458
7.771887,-37.90647,1162.438,0.010563217125382263,-0.051520856269113145,1.5799361196058446
11.34353,-48.941,1111.292,0.015417641862045531,-0.06651851851851852,1.5104206591913012
14.69452,-59.08318,1060.871,0.01997216445803602,-0.08030333673122664,1.4418905878355421
17.10541,-67.55925,1011.08,0.023248943255181787,-0.09182364933741081,1.3742167855929324
18.25233,-73.9848,961.5481,0.024807787971457697,-0.10055698267074414,1.3068951410125722
18.31841,-78.45573,911.7661,0.024897601087325857,-0.10663367991845056,1.2392335711858649
17.86913,-81.42632,861.2886,0.024286958885490994,-0.11067117906897724,1.1706267074413863
17.55304,-83.45601,809.902,0.023857342847434588,-0.11342984709480124,1.1007842337750595
17.78957,-84.97789,757.7132,0.024178824328916073,-0.11549832144070676,1.0298514441046551
18.60361,-86.19966,705.1467,0.025285232755691472,-0.1171588990825688,0.9584053007135576
19.66302,-87.13576,652.8688,0.026725137614678898,-0.1184312062521237,0.887351410125722
20.4575,-87.69477,601.6543,0.02780496092422698,-0.1191909887869521,0.8177428474345906
20.50859,-87.75789,552.2329,0.027874400271831468,-0.11927677879714578,0.7505713897383621
19.52695,-87.2314,505.1688,0.026540197077811755,-0.11856119605844376,0.6866038735983689
17.48425,-86.07403,460.8154,0.023763846415222563,-0.11698814814814813,0.6263206252123683
14.60154,-84.2992,419.3396,0.01984579001019368,-0.11457587495752633,0.5699484879374788
11.27142,-81.95704,380.7807,0.015319633027522936,-0.11139251104315326,0.517540876656473
7.944187,-79.10942,345.1058,0.010797399932042134,-0.10752214746856949,0.4690530750934421
5.012936,-75.81246,312.237,0.006813368671423717,-0.10304106014271153,0.4243792048929664
2.725081,-72.11754,282.0464,0.003703813795446823,-0.09801908256880734,0.3833454298335032
1.133112,-68.09089,254.3304,0.00154007747196738,-0.09254623173632348,0.3456750254841998
0.09034434,-63.8342,228.784,0.00012279217125382263,-0.08676072035338091,0.31095344886170573
-0.701599,-59.47972,205.0045,-0.000953583418280666,-0.08084229697587496,0.2786333673122664
-1.592529,-55.15,182.5494,-0.0021644974515800204,-0.07495752633367313,0.24811335372069315
-2.853253,-50.90212,161.0573,-0.0038780197077811756,-0.06918398912674141,0.218902208630649
-4.569116,-46.69539,140.4003,-0.006210147468569487,-0.06346638124362895,0.1908260958205912
-6.619153,-42.4142,120.7979,-0.008996470268433572,-0.057647570506286105,0.16418335032279988
-8.763955,-37.94372,102.8156,-0.011911593611960583,-0.05157148487937479,0.13974257560312606
-10.80161,-33.2628,87.20928,-0.014681087325857968,-0.04520937818552497,0.11853113149847096
-12.70789,-28.50383,74.63078,-0.01727202174651716,-0.038741189262657155,0.1014349711179069
-14.68266,-23.93909,65.26385,-0.019956044852191643,-0.032536989466530754,0.08870383961943595
-17.06997,-19.87967,58.50531,-0.023200774719673804,-0.027019599048589877,0.07951792048929664
-20.17298,-16.51226,52.85443,-0.02741825348284064,-0.022442759089364595,0.07183748555895345
0.0,0.0,0.0,0.0,0.0,0.0
0.0,0.0,0.0,0.0,0.0,0.0
0.0,0.0,0.0,0.0,0.0,0.0
0.0,0.0,0.0,0.0,0.0,0.0
0.0,0.0,0.0,0.0,0.0,0.0
0.0,0.0,0.0,0.0,0.0,0.0
0.0,0.0,0.0,0.0,0.0,0.0
-6.59726,27.33376,46.35156,-0.008966714237172954,0.03715088005436629,0.0629990621814475
3.015223,31.7886,125.3041,0.004098162419300035,0.04320570846075433,0.17030798504926947
7.729321,31.90847,240.1637,0.010505363234794427,0.043368630648997625,0.32642025144410464
4.670057,27.74767,384.4262,0.006347342167855929,0.037713448861705745,0.5224956846755012
-6.79605,21.12005,544.8586,-0.009236901121304791,0.0287054706082229,0.740548555895345
-24.19571,15.356,704.0623,-0.032885776418620456,0.020871219843696907,0.9569314305130819
-42.36198,14.36647,844.5824,-0.05757659531090724,0.019526292898402988,1.147920353380904
-55.21716,21.31055,953.3643,-0.07504880733944955,0.028964390078151544,1.2957720693170234
-58.18854,37.42543,1025.068,-0.07908738022426096,0.05086704723071695,1.3932286782195038
-50.02114,61.54297,1063.032,-0.06798659870880054,0.0836465783214407,1.444827726809378
-33.02601,90.44204,1077.588,-0.044887543323139656,0.12292496092422699,1.464611620795107
-11.7326,119.7827,1082.493,-0.015946449201495072,0.1628035338090384,1.4712782874617736
9.165718,145.2282,1090.852,0.012457652735304112,0.1973879714576962,1.4826394835202177
26.41485,163.4282,1111.852,0.035901936799184506,0.2221246347264696,1.5111817872918791
38.67478,172.6324,1149.175,0.05256511043153245,0.2346345905538566,1.5619096160380563
46.0068,172.8209,1201.246,0.06253047910295617,0.23489079170914032,1.6326822969758752
49.07273,165.3945,1262.808,0.06669756031260618,0.2247971457696228,1.716354740061162
48.68617,152.5837,1327.081,0.06617216445803602,0.2073852531430513,1.8037118586476384
45.83838,136.7808,1387.773,0.06230156982670744,0.18590662589194698,1.8862018348623852
41.84904,119.9927,1440.459,0.05687942915392457,0.163088956846755,1.9578103975535168
38.24205,103.5513,1483.066,0.051976962283384304,0.14074250764525995,2.015720013591573
36.28714,88.09628,1515.566,0.04931993204213388,0.11973670404349303,2.059892626571526
36.51663,73.74097,1539.178,0.04963184505606524,0.10022557934080871,2.091985049269453
38.58814,60.30992,1555.484,0.05244735304111451,0.0819706693849813,2.1141474685694868
41.59701,47.56773,1565.729,0.05653688073394495,0.06465202854230377,2.1280720353380906
44.60787,35.3849,1570.467,0.06062911314984709,0.0480936459395175,2.134511722731906
47.05632,23.80627,1569.564,0.06395694189602447,0.03235646619096161,2.133284403669725
48.81673,13.01488,1562.463,0.0663496160380564,0.017689269452939176,2.123633027522936
49.9818,3.222115,1548.596,0.06793312945973497,0.004379361196058444,2.104785592932382
50.57366,-5.453674,1527.757,0.06873756031260618,-0.0074124009514101264,2.0764621134896366
50.4101,-13.06903,1500.298,0.06851525654094462,-0.01776286782195039,2.0391410125722054
49.20486,-19.88736,1467.106,0.06687714576962282,-0.027030050968399593,1.9940278627251105
46.80173,-26.36359,1429.408,0.06361091403329935,-0.0358322663948352,1.9427903499830104
43.34759,-33.07167,1388.488,0.05891619435949711,-0.044949602446483175,1.8871736323479444
39.26044,-40.57493,1345.423,0.05336111450900442,-0.05514771321780496,1.8286415222562011
35.0059,-49.26685,1300.925,0.04757852531430513,-0.06696139993204213,1.7681617397213727
30.83831,-59.23,1255.331,0.041914114848793746,-0.08050288820931022,1.706192320761128
26.68057,-70.16657,1208.706,0.03626309208290859,-0.0953674074074074,1.642821610601427
22.20995,-81.43759,1161.005,0.030186816173972137,-0.11068649677200136,1.5779884471627592
17.08036,-92.2101,1112.19,0.02321489636425416,-0.12532803261977574,1.5116411824668705
11.14741,-101.6715,1062.267,0.015151083927964663,-0.13818756371049948,1.4437879714576962
4.588797,-109.2464,1011.253,0.006236897043832823,-0.1484830445124023,1.374451919809718
-2.122591,-114.7332,959.1588,-0.0028849351002378522,-0.15594046890927624,1.3036477064220184
-8.370886,-118.2908,906.012,-0.011377351002378525,-0.1607758069996602,1.2314128440366972
-13.60445,-120.2763,851.916,-0.018490587835541965,-0.1634744138634047,1.1578878695208972
-17.50616,-121.0359,797.0947,-0.023793625552157666,-0.16450682976554537,1.0833770981991164
-20.05353,-120.776,741.8925,-0.02725590214067278,-0.164153584777438,1.0083486238532111
-21.45648,-119.5728,686.7243,-0.029162731906218143,-0.16251824668705403,0.9333663608562691
-22.03175,-117.4692,632.0158,-0.029944614339109752,-0.15965912334352703,0.8590089024804621
-22.09835,-114.5571,578.1774,-0.030035134216785594,-0.15570112130479102,0.7858340468909276
-21.93622,-110.9745,525.6247,-0.029814774040095138,-0.15083180428134557,0.71440665987088
-21.78414,-106.8328,474.8155,-0.029608073394495414,-0.14520258239891268,0.6453489636425416
-21.82564,-102.1558,426.267,-0.029664478423377504,-0.1388458036017669,0.5793639143730887
-22.14519,-96.8971,380.5329,-0.030098797145769622,-0.1316984029901461,0.5172040774719674
-22.69234,-91.02258,338.1338,-0.030842460074753653,-0.12371400611620796,0.45957703024125046
-23.30544,-84.59344,299.4479,-0.031675759429153925,-0.11497579340808699,0.4069968059802922
-23.80137,-77.79306,264.5947,-0.032349806320081546,-0.10573300713557594,0.35962582398912674
-24.07725,-70.89122,233.3678,-0.032724770642201834,-0.09635232076112811,0.3171835541963982
-24.15569,-64.16928,205.2632,-0.0328313829425756,-0.08721614678899083,0.27898498131158683
-24.14977,-57.83499,179.6113,-0.032823336731226636,-0.0786068501529052,0.24412001359157323
-24.18685,-51.95947,155.781,-0.03287373428474346,-0.07062109412164458,0.2117308868501529
-24.35473,-46.47274,133.4006,-0.03310190961603806,-0.06316376486578322,0.18131240231056744
-24.70287,-41.23207,112.5209,-0.033575086646279305,-0.056040869860686376,0.15293360516479781
-25.27448,-36.13385,93.64297,-0.03435199456337071,-0.049111586816173974,0.1272755283724091
-26.11397,-31.21112,77.559,-0.03549299354400272,-0.04242082229018009,0.10541488277268093
-27.21808,-26.66752,65.01699,-0.03699365273530411,-0.036245355079850494,0.08836831804281346
-28.45717,-22.82778,56.28878,-0.03867777098199117,-0.031026544342507647,0.07650530750934421
-29.53653,-20.01364,50.78655,-0.04014479102956167,-0.027201685355079847,0.0690269113149847
0.0,0.0,0.0,0.0,0.0,0.0
0.0,0.0,0.0,0.0,0.0,0.0
0.0,0.0,0.0,0.0,0.0,0.0
0.0,0.0,0.0,0.0,0.0,0.0
0.0,0.0,0.0,0.0,0.0,0.0
0.0,0.0,0.0,0.0,0.0,0.0
0.0,0.0,0.0,0.0,0.0,0.0
0.0,0.0,0.0,0.0,0.0,0.0
-29.64161,26.84124,47.11703,-0.040287611281005775,0.036481467889908255,0.06403945633707102
-35.31111,37.96957,128.2821,-0.04799335372069317,0.05160661909616038,0.17435555555555557
-39.69979,45.36148,248.5178,-0.053958260278627254,0.06165338769962623,0.33777478763166835
-40.15936,48.12361,402.3393,-0.054582888209310225,0.06540755691471288,0.5468424057084608
-34.58207,47.24534,576.9299,-0.04700247366632688,0.06421384981311587,0.7841384981311587
-22.39802,45.58481,754.4709,-0.030442432891607203,0.061956928304451236,1.0254446483180428
-5.123965,47.06669,916.2743,-0.0069642745497791375,0.06397103635745838,1.2453609242269794
13.87504,55.32363,1047.441,0.018858362215426437,0.07519351681957187,1.4236371049949033
30.40128,72.29724,1140.426,0.04132012232415902,0.09826332313965341,1.550018348623853
40.81612,97.36737,1196.308,0.05547552837240911,0.1323375739041794,1.6259707781175672
43.20806,127.3828,1223.485,0.05872655113829426,0.17313326537546722,1.6629085966700645
37.86661,157.6032,1234.446,0.051466680258239896,0.21420754332313963,1.6778063200815494
26.9488,183.1657,1241.852,0.03662765885151206,0.2489510023785253,1.687872239211689
13.58236,200.4736,1255.257,0.01846056405028882,0.27247516139993205,1.7060917431192661
0.8270599,208.0051,1279.376,0.0011241045191980972,0.2827116547740401,1.7388732585796807
-9.124235,206.3542,1314.098,-0.0124012708120965,0.28046782195039077,1.7860659191301393
-15.2925,197.6381,1355.835,-0.020784913353720694,0.2686212708120965,1.8427930682976554
-17.80031,184.5912,1399.47,-0.024193421678559292,0.25088848114169215,1.902099898063201
-17.46352,169.6993,1440.183,-0.02373567108392796,0.23064804621134896,1.9574352701325177
-15.32464,154.6343,1474.645,-0.02082859667006456,0.21017234114848793,2.004274549779137
-12.32059,140.0941,1501.402,-0.01674562011552837,0.19040992184845396,2.0406415222562013
-9.149132,125.9987,1520.578,-0.012435109751953789,0.17125205572545021,2.0667047230716955
-6.274696,111.8949,1533.173,-0.00852829901461094,0.15208277268093784,2.0838233095480803
-3.971843,97.38301,1540.306,-0.00539835949711179,0.13235883112470267,2.093518178729188
-2.348005,82.39606,1542.664,-0.003191308188922868,0.11198920829085968,2.096723071695549
-1.358952,67.25819,1540.324,-0.0018470295616717634,0.09141446143391098,2.0935426435609923
-0.8601312,52.55352,1532.875,-0.001169053618756371,0.07142850152905199,2.083418280665987
-0.6945446,38.90257,1519.724,-0.0009439953788651036,0.05287471287801563,2.0655440027183145
-0.7594316,26.74161,1500.405,-0.0010321870200475705,0.03634605504587156,2.039286442405708
-0.9931934,16.17365,1474.812,-0.001349906082229018,0.021982534828406387,2.0045015290519874
-1.286529,6.930815,1443.267,-0.0017485953109072376,0.009420067957866122,1.9616269113149847
-1.390323,-1.549058,1406.451,-0.0018896676860346584,-0.0021054135236153585,1.9115881753312947
-0.9069909,-9.960775,1365.253,-0.0012327433231396534,-0.013538260278627251,1.8555936119605843
0.5954394,-18.92209,1320.632,0.0008092958205912333,-0.02571809717974856,1.7949466530750935
3.379086,-28.75824,1273.53,0.004592709480122324,-0.03908697247706422,1.730927624872579
7.332131,-39.34608,1224.817,0.00996551953788651,-0.0534775127420999,1.6647189942235814
11.87867,-50.09656,1175.24,0.016144981311586815,-0.06808910635406047,1.5973360516479782
16.08984,-60.11919,1125.341,0.02186862385321101,-0.08171143730886851,1.529515460414543
18.99594,-68.53299,1075.378,0.025818470948012234,-0.09314711518858308,1.4616078831124701
19.97837,-74.80678,1025.285,0.027153747876316685,-0.10167418280665988,1.3935236153584778
19.04364,-78.97061,974.7319,0.02588330275229358,-0.10733348284063879,1.3248139993204213
16.82154,-81.58256,923.2615,0.022863119266055044,-0.1108835338090384,1.2548576282704722
14.27856,-83.45965,870.4772,0.019406809378185525,-0.11343479442745498,1.183115460414543
12.30113,-85.31378,816.218,0.0167191709140333,-0.11595484879374787,1.1093686714237172
11.36151,-87.47706,760.6712,0.015442079510703366,-0.1188950866462793,1.033871831464492
11.40211,-89.82413,704.3951,0.015497261297995243,-0.12208512402310567,0.9573837580699965
11.94093,-91.87732,648.2395,0.01622960244648318,-0.12487573224600747,0.8810594631328577
12.30967,-93.01509,593.1856,0.01673077811756711,-0.12642214067278287,0.8062325518178729
11.91497,-92.7035,540.1626,0.016194318722392118,-0.12599864084267753,0.7341659531090724
10.43424,-90.68461,489.9061,0.014181773700305812,-0.12325465171593612,0.6658594631328576
7.895288,-87.06617,442.8856,0.010730938498131158,-0.11833662249405369,0.6019512062521237
4.633491,-82.28692,399.2982,0.006297643221202855,-0.11184086986068636,0.5427090723751274
1.16033,-76.9802,359.1159,0.0015770710159700987,-0.10462820251444103,0.48809500509683995
-2.000712,-71.79166,322.1706,-0.002719282364933741,-0.09757616038056405,0.43788053007135574
-4.459161,-67.21286,288.2409,-0.006060701325178389,-0.09135285083248387,0.3917647298674822
-6.051824,-63.47805,257.1074,-0.008225380903839619,-0.08627665647298675,0.3494494053686714
-6.870169,-60.54542,228.5663,-0.00933764050288821,-0.08229075093442066,0.3106575603126062
-7.21594,-58.15314,202.421,-0.009807597689432552,-0.07903926605504587,0.27512198436969076
-7.495734,-55.91604,178.4776,-0.010187881753312946,-0.07599869520897044,0.24257913693510022
-8.084177,-53.427,156.5616,-0.01098766836561332,-0.07261569826707441,0.21279184505606524
-9.199978,-50.34309,136.5563,-0.012504217465171594,-0.06842417940876656,0.1856014950730547
-10.83864,-46.45274,118.4475,-0.014731416921508665,-0.063136581719334,0.1609887869520897
-12.788,-41.72363,102.3473,-0.017380903839619436,-0.056708977234114846,0.13910608222901802
-14.72549,-36.32717,88.46051,-0.020014257560312606,-0.049374339109751954,0.12023174991505267
-16.36652,-30.62744,76.97204,-0.022244675501189266,-0.041627509344206594,0.10461711179068978
-17.60949,-25.11816,67.86204,-0.023934067278287462,-0.03413953109072375,0.09223518858307848
-18.61508,-20.29844,60.70029,-0.025300822290180085,-0.027588773360516478,0.08250124362895006
-19.77056,-16.50575,54.52601,-0.026871301393136256,-0.022433910975195377,0.07410942575603126
0.0,0.0,0.0,0.0,0.0,0.0
0.0,0.0,0.0,0.0,0.0,0.0
0.0,0.0,0.0,0.0,0.0,0.0
0.0,0.0,0.0,0.0,0.0,0.0
0.0,0.0,0.0,0.0,0.0,0.0
0.0,0.0,0.0,0.0,0.0,0.0
0.0,0.0,0.0,0.0,0.0,0.0
0.0,0.0,0.0,0.0,0.0,0.0
-2.434105,29.95864,84.94766,-0.0033083316343866806,0.040718504926945294,0.11545723411484879
10.28673,34.24528,173.2028,0.013981284403669724,0.04654472307169555,0.23540985389058783
19.25098,34.76719,292.9476,0.026165110431532447,0.04725408086986069,0.39816187563710503
21.44458,32.25503,437.484,0.029146557934080868,0.04383966021066938,0.5946095820591233
15.83387,28.93995,594.9648,0.0215207203533809,0.03933394495412844,0.8086507645259938
4.070527,27.94091,750.5592,0.005532486578321441,0.03797609242269793,1.0201280326197757
-9.888093,32.14853,889.7348,-0.013439474006116208,0.043694909955827387,1.20928956846755
-21.16321,43.09648,1001.734,-0.02876413183826028,0.05857489636425416,1.3615141012572205
-25.73104,60.39757,1082.084,-0.034972531430513085,0.08208979952429495,1.4707223921168877
-21.77779,81.99818,1133.236,-0.029599442745497792,0.11144842677539926,1.5402460074753654
-10.059,104.9805,1163.15,-0.01367176350662589,0.14268501529051988,1.5809038396194361
6.774532,126.3815,1182.462,0.009207654774040095,0.17177234114848794,1.607151885830785
25.4016,143.6993,1201.355,0.03452477064220183,0.195309955827387,1.6328304451240232
42.93445,155.1253,1227.131,0.05835467210329595,0.21083968739381584,1.6678640842677541
57.46041,159.6747,1263.045,0.07809773700305811,0.2170230377166157,1.7166768603465852
68.02141,157.2647,1308.441,0.09245179748555896,0.21374746856948693,1.7783771661569827
74.35687,148.6738,1359.843,0.10106268433571186,0.20207108392796466,1.8482405708460756
76.73111,135.3388,1412.467,0.10428965001698946,0.18394672103295956,1.9197648657832145
75.9078,119.0311,1461.677,0.10317064220183486,0.1617819911654774,1.9866489976214745
73.10181,101.503,1504.01,0.09935686034658511,0.13795854570166496,2.044186204553177
69.73624,84.20707,1537.602,0.09478252123683316,0.11445065579340809,2.089843017329256
67.02859,68.15611,1562.034,0.09110239891267413,0.09263487597689432,2.1230499490316004
65.61879,53.90809,1577.8,0.08918625891946994,0.07326957526333673,2.144478423377506
65.46016,41.61221,1585.684,0.08897065579340808,0.05655753992524634,2.155194019707781
66.02282,31.0785,1586.289,0.08973539925246346,0.04224057084607543,2.1560163098878693
66.65471,21.8912,1579.849,0.09059423717295276,0.02975358477743799,2.1472633367312266
66.86882,13.57519,1566.318,0.09088524634726469,0.01845081889228678,2.1288725790010194
66.42151,5.751343,1545.622,0.09027728168535508,0.007816979952429495,2.1007434590553857
65.21886,-1.811125,1517.929,0.08864269113149847,-0.002461603805640503,2.063104315324499
63.1972,-9.260269,1483.811,0.08589493713897384,-0.012586162419300034,2.016732585796806
60.29825,-16.76146,1444.27,0.0819548080190282,-0.022781461094121644,1.9629901461094121
56.54033,-24.54208,1400.622,0.07684720353380904,-0.03335654774040095,1.9036656472986748
52.08719,-32.85837,1354.274,0.07079468569486919,-0.044659694189602445,1.8406714237172952
47.21739,-41.91028,1306.488,0.06417586136595312,-0.05696266394835202,1.7757227319062183
42.19183,-51.74255,1258.17,0.05734533469249066,-0.07032626571525655,1.7100509683995924
37.11261,-62.17921,1209.772,0.05044187563710499,-0.0845113285762827,1.6442704723071695
31.8813,-72.83453,1161.324,0.04333170234454638,-0.09899358477743798,1.578422018348624
26.29453,-83.19943,1112.568,0.03573840299014611,-0.11308111450900443,1.5121549439347604
20.22088,-92.75567,1063.119,0.027483357118586477,-0.12606954808019027,1.444945973496432
13.75294,-101.0682,1012.618,0.01869240910635406,-0.13736758409785935,1.376307169554876
7.24278,-107.8353,960.8485,0.00984407747196738,-0.1465651376146789,1.3059442745497791
1.195001,-112.898,907.7983,0.0016241943594971118,-0.15344614339109752,1.2338407067618078
-3.928797,-116.2184,853.6742,-0.005339853211009174,-0.15795908936459396,1.1602775399252463
-7.88454,-117.8477,798.8671,-0.010716330275229358,-0.16017356439007815,1.0857860686374448
-10.6999,-117.9049,743.8919,-0.014542847434590554,-0.16025130818892286,1.0110661230037377
-12.5901,-116.5735,689.3178,-0.017111926605504587,-0.1584417261297995,0.9368913353720694
-13.81318,-114.0978,635.6997,-0.018774284743459053,-0.15507686034658513,0.8640159021406728
-14.57297,-110.755,583.5234,-0.019806958885490996,-0.15053346924906558,0.7931001019367993
-15.01995,-106.8011,533.1755,-0.0204144750254842,-0.1451594971117907,0.7246693849813116
-15.31124,-102.4186,484.9472,-0.020810383961943596,-0.1392029901461094,0.6591195378865103
-15.64778,-97.69849,439.0644,-0.021267794767244306,-0.1327876180767924,0.5967575942915392
-16.23827,-92.66321,395.7202,-0.022070363574583758,-0.12594388039415563,0.5378460074753653
-17.21031,-87.31174,355.0829,-0.02339151885830785,-0.11867039075773021,0.4826135236153585
-18.53836,-81.65931,317.2761,-0.025196547740400952,-0.11098784913353721,0.4312281345565749
-20.04597,-75.76128,282.3362,-0.027245626911314984,-0.10297149847094801,0.3837393136255522
-21.4864,-69.72538,250.1748,-0.02920339789330615,-0.09476776078831124,0.3400269113149847
-22.65421,-63.71033,220.574,-0.030790635406048247,-0.08659236153584778,0.29979476724430854
-23.46404,-57.89603,193.2344,-0.03189132178049609,-0.07868981311586816,0.26263594971117904
-23.95977,-52.42288,167.8744,-0.03256509683995922,-0.0712509412164458,0.2281677200135916
-24.26664,-47.33408,144.3568,-0.03298218144750255,-0.06433446143391097,0.19620360176690452
-24.53104,-42.57121,122.7951,-0.03334154264356099,-0.05786097179748556,0.16689785932721712
-24.88407,-38.03955,103.5748,-0.03382136595310908,-0.051701732925586136,0.14077444784233775
-25.42692,-33.70388,87.24048,-0.03455918450560652,-0.045808875297315664,0.11857353720693171
-26.20909,-29.64979,74.25035,-0.03562227658851512,-0.0402987291879035,0.10091790689772341
-27.18252,-26.06599,64.66031,-0.03694532110091743,-0.03542778117567108,0.08788353380903839
-28.15602,-23.14723,57.85227,-0.038268460754332316,-0.03146072714916752,0.07863033639143731
-28.80497,-20.95538,52.44848,-0.03915048589874278,-0.028481658171933405,0.07128573564390078
0.0,0.0,0.0,0.0,0.0,0.0
0.0,0.0,0.0,0.0,0.0,0.0
0.0,0.0,0.0,0.0,0.0,0.0
0.0,0.0,0.0,0.0,0.0,0.0
0.0,0.0,0.0,0.0,0.0,0.0
0.0,0.0,0.0,0.0,0.0,0.0
0.0,0.0,0.0,0.0,0.0,0.0
-27.74003,20.44242,49.08148,-0.03770306489976215,0.02778446483180428,0.06670945293917771
-32.67144,27.6269,118.7451,-0.04440562691131498,0.03754930343187224,0.16139327217125382
-37.50229,31.68638,222.038,-0.05097151206252124,0.043066775399252466,0.3017845735643901
-40.44602,32.33027,355.0227,-0.054972504247366626,0.043941923207611276,0.48253170234454634
-39.77119,30.6543,507.6535,-0.054055304111450896,0.04166401630988787,0.6899809717974855
-34.33916,29.00171,665.4763,-0.0466723207611281,0.03941788651036357,0.9044869860686375
-24.05626,30.28256,812.902,-0.0326962419300034,0.04115876316683656,1.1048617057424397
-10.10593,36.98745,937.0824,-0.013735548759768944,0.0502717635066259,1.2736424057084608
5.150327,50.28734,1031.034,0.0070001046551138296,0.06834840638803942,1.401337410805301
18.66532,69.56518,1094.934,0.025369106354060485,0.09455002378525314,1.4881875637104995
27.52264,92.54668,1135.252,0.037407597689432553,0.12578549779136936,1.5429860686374448
29.8322,115.9811,1162.174,0.04054665307509344,0.15763656133197418,1.5795773020727149
25.35854,136.5985,1186.26,0.03446624532789671,0.18565885151206252,1.6123139653414882
15.60725,151.9372,1215.508,0.021212708120965002,0.20650655793408085,1.6520665987088006
3.319662,160.7397,1253.683,0.004511942915392457,0.21847054026503568,1.7039524294937138
-8.422132,162.8902,1300.216,-0.011447002378525313,0.22139340808698607,1.7671980971797485
-17.12407,159.0883,1351.405,-0.023274305130818893,0.21622602786272513,1.8367720013591573
-21.50064,150.4809,1402.249,-0.029222752293577983,0.20452721712538224,1.9058769962623174
-21.61436,138.3704,1448.237,-0.029377315664288143,0.1880671423717295,1.9683819232076114
-18.58031,124.0156,1486.506,-0.025253564390078153,0.16855671083927964,2.020395514780836
-14.03226,108.4877,1516.171,-0.01907204892966361,0.14745185185185186,2.060714916751614
-9.57111,92.56027,1537.909,-0.013008644240570844,0.1258039687393816,2.0902602786272513
-6.347003,76.67374,1553.147,-0.008626575603126062,0.10421167516139992,2.1109711179068977
-4.846375,61.02144,1563.219,-0.006586986068637445,0.0829377370030581,2.1246605504587155
-4.904309,45.72654,1568.803,-0.006665727488956846,0.062149561671763505,2.1322500849473327
-5.918982,30.9997,1569.759,-0.008044827726809377,0.04213346924906558,2.1335494393476044
-7.185847,17.18391,1565.344,-0.00976669656812776,0.023355637104994904,2.1275487597689433
-8.210069,4.67872,1554.616,-0.011158775399252464,0.006359116547740401,2.1129677200135917
-8.854658,-6.197255,1536.859,-0.012034873258579682,-0.008423044512402311,2.088833163438668
-9.269969,-15.3381,1511.879,-0.012599346245327896,-0.020846890927624873,2.0548814135236153
-9.673466,-22.92955,1480.089,-0.013147762147468569,-0.031164865783214406,2.0116738022426097
-10.12074,-29.45027,1442.4,-0.013755677879714576,-0.04002755011892627,1.960448521916412
-10.39136,-35.59244,1399.992,-0.014123493034318724,-0.04837572545022087,1.9028093781855249
-10.03614,-42.11364,1354.084,-0.013640693170234454,-0.057239062181447496,1.840413183826028
-8.554839,-49.64311,1305.788,-0.011627372069317023,-0.06747279646619096,1.7747713217804961
-5.628692,-58.48509,1256.043,-0.007650277947672443,-0.07949043832823649,1.7071600407747196
-1.314143,-68.48487,1205.609,-0.00178612708120965,-0.0930817125382263,1.6386123003737683
3.890849,-79.02393,1155.064,0.005288275908936459,-0.10740595310907236,1.569913693510024
9.158764,-89.17545,1104.786,0.012448201155283724,-0.12120346585117227,1.5015779816513761
13.60069,-97.98423,1054.915,0.018485477404009514,-0.13317598369011213,1.4337954468229697
16.58616,-104.7638,1005.343,0.022543200815494394,-0.14239048589874279,1.3664193000339788
17.96587,-109.2795,955.7645,0.024418443764865783,-0.14852803261977574,1.299034318722392
18.08093,-111.7399,905.7858,0.024574828406388038,-0.15187210329595652,1.2311054026503567
17.55073,-112.6273,855.0671,0.02385420319401971,-0.1530782195039076,1.162170710159701
16.95823,-112.4797,803.4361,0.023048902480462114,-0.15287760788311247,1.091996058443765
16.60875,-111.7342,750.9421,0.022573904179408768,-0.15186435609921847,1.0206484539585456
16.47614,-110.6671,697.8581,0.022393666326877337,-0.15041399932042135,0.9484989466530751
16.31905,-109.3921,644.6477,0.022180156303092082,-0.14868107373428474,0.8761776418620455
15.85643,-107.8794,591.9032,0.021551382942575602,-0.1466250764525994,0.80448956846755
14.89344,-105.9921,540.2719,0.020242528032619774,-0.14405993883792048,0.7343145090044172
13.36099,-103.5465,490.3935,0.018159687393815835,-0.14073598369011212,0.6665219164118247
11.29768,-100.3785,442.8522,0.015355324498810738,-0.1364301732925586,0.6019058103975535
8.818274,-96.3958,398.1354,0.011985421678559293,-0.13101705742439687,0.5411286442405708
6.0889,-91.61154,356.5882,0.00827577302072715,-0.12451449541284404,0.48465946313285757
3.302522,-86.16202,318.366,0.004488646958885492,-0.11710774040095141,0.43270948012232413
0.6431035,-80.29949,283.3973,0.0008740788311247027,-0.10913963982330956,0.3851815154604145
-1.758412,-74.34998,251.3873,-0.002389958545701665,-0.10105331974176011,0.3416748895684676
-3.858018,-68.6353,221.8835,-0.005243653414882772,-0.09328617057424397,0.30157458375807
-5.704358,-63.37596,194.3959,-0.007753119945633707,-0.0861379001019368,0.26421461094121645
-7.410848,-58.60988,168.5347,-0.0100725083248386,-0.07966004757050628,0.22906517159361195
-9.101844,-54.16986,144.1263,-0.012370837920489297,-0.0736253618756371,0.19589031600407744
-10.84995,-49.74415,121.2785,-0.014746788990825687,-0.06761012572205233,0.16483656133197416
-12.63166,-45.00482,100.3681,-0.017168413183826028,-0.06116863064899762,0.13641603805640504
-14.33399,-39.75444,81.93452,-0.019482147468569487,-0.0540325382262997,0.11136190282025145
-15.82969,-34.03215,66.49018,-0.02151503907577302,-0.04625504587155963,0.09037061501868841
-17.10046,-28.1327,54.28725,-0.023242215426435613,-0.038236765205572544,0.0737849133537207
0.0,0.0,0.0,0.0,0.0,0.0
0.0,0.0,0.0,0.0,0.0,0.0
0.0,0.0,0.0,0.0,0.0,0.0
0.0,0.0,0.0,0.0,0.0,0.0
0.0,0.0,0.0,0.0,0.0,0.0
0.0,0.0,0.0,0.0,0.0,0.0
0.0,0.0,0.0,0.0,0.0,0.0
0.0,0.0,0.0,0.0,0.0,0.0
0.0,0.0,0.0,0.0,0.0,0.0
0.0,0.0,0.0,0.0,0.0,0.0
6.305416,25.7561,72.72552,0.008570052327556915,0.03500659191301393,0.09884542303771662
20.87145,28.83295,150.3163,0.028367584097859326,0.03918851512062521,0.20430349983010535
28.81604,28.82398,258.3316,0.039165531770302416,0.03917632347944274,0.351113285762827
26.50988,26.6054,392.2647,0.03603109751953788,0.03616092422697927,0.5331494393476045
13.33251,24.32711,542.2281,0.01812097859327217,0.03306436969079171,0.7369732925586138
-7.576581,24.83148,694.4715,-0.010297765545361876,0.0337498878695209,0.9438960244648318
-30.11653,30.67454,834.2858,-0.040933102276588515,0.04169152565409446,1.1339256540944613
-47.39074,43.16327,949.573,-0.06441147128780156,0.058665674481821264,1.2906190961603805
-54.28474,61.87404,1033.914,-0.07378150186884132,0.08409655453618757,1.4052517838939858
-49.21966,84.85601,1087.953,-0.06689726129799524,0.11533266734624532,1.4786992864424058
-34.2889,109.2983,1118.554,-0.046604009514101256,0.148553584777438,1.5202908596670066
-13.9,132.2317,1136.2,-0.01889228678219504,0.17972368331634386,1.544274549779137
7.186997,151.0211,1151.726,0.00976825959904859,0.20526143391097518,1.5653768263676522
25.39808,163.6994,1173.54,0.034519986408426774,0.22249323819232075,1.5950254841997962
38.90983,169.2274,1206.033,0.05288458036017669,0.23000665987088004,1.6391885830784911
47.36648,167.6297,1249.394,0.06437849813115869,0.2278351342167856,1.6981230037376827
51.29178,159.9027,1300.515,0.06971359836901121,0.21733292558613662,1.7676044852191644
51.66732,147.6891,1354.506,0.07022401630988787,0.20073272171253823,1.8409867482161062
49.76501,132.8289,1406.282,0.06763847774379884,0.18053537206931702,1.9113584777437986
47.01934,116.9439,1451.837,0.0639066802582399,0.15894515800203873,1.9732748895684675
44.74396,101.1842,1488.901,0.06081408086986069,0.1375252463472647,2.023650696568128
43.75077,86.17281,1516.932,0.05946417940876657,0.11712240570846075,2.0617492354740063
44.12951,72.08809,1536.609,0.0599789466530751,0.09797905538566089,2.0884933741080527
45.38306,58.80307,1549.119,0.06168271831464492,0.07992262317363234,2.1054964322120284
46.84687,46.04451,1555.504,0.06367226639483521,0.06258173292558614,2.114174651715936
48.09967,33.56559,1556.28,0.0653750186884132,0.04562091743119266,2.115229357798165
49.09593,21.2975,1551.369,0.06672909276248726,0.02894665307509344,2.1085545361875635
49.98377,9.402828,1540.301,0.06793580699966022,0.012779922528032618,2.0935113829425753
50.80086,-1.813184,1522.57,0.06904636085626911,-0.002464402310567448,2.069412164458036
51.29808,-12.07514,1497.996,0.06972216106014271,-0.016412014950730545,2.0360122324159025
51.01444,-21.28402,1466.933,0.06933664967720014,-0.028928331634386684,1.9937927285083248
49.53256,-29.5797,1430.286,0.067322541624193,-0.04020346585117227,1.9439836901121306
46.72588,-37.32393,1389.333,0.06350782195039076,-0.05072909276248726,1.8883221202854232
42.83305,-45.01333,1345.439,0.0582168535507985,-0.06118019707781176,1.8286632687733606
38.32228,-53.1346,1299.755,0.05208600747536527,-0.07221828066598708,1.7665715256540946
33.64065,-62.00455,1253.033,0.045722935779816516,-0.08427393815834183,1.7030689772341148
29.00208,-71.65284,1205.592,0.03941838939857288,-0.09738748216106013,1.6385891946992865
24.33072,-81.78831,1157.42,0.03306927624872579,-0.11116318042813456,1.5731158681617399
19.37872,-91.86011,1108.328,0.0263387291879035,-0.12485234114848795,1.5063921168875296
13.93841,-101.1935,1058.111,0.01894449201495073,-0.13753788651036358,1.4381393136255523
8.022534,-109.1557,1006.644,0.010903885830784913,-0.14835976894325517,1.3681875637104994
1.917882,-115.3012,953.9188,0.002606703363914373,-0.15671247026843357,1.2965257220523276
-3.905549,-119.4535,900.0554,-0.005308255521576623,-0.16235609921848454,1.2233168875297316
-8.970138,-121.6893,845.3073,-0.01219182874617737,-0.16539490316004077,1.1489056065239551
-12.95413,-122.232,790.0567,-0.017606700645599726,-0.16613251783893987,1.0738113489636425
-15.76673,-121.3307,734.7723,-0.021429466530750934,-0.1649075093442066,0.9986711518858308
-17.51836,-119.2062,679.938,-0.023810207271491676,-0.16201997961264017,0.9241427115188583
-18.42943,-116.0736,625.9868,-0.025048494733265377,-0.15776228338430173,0.8508145429833504
